timestamp,can_msg.data,can_msg.dlc,can_msg.id,header.frame_id,header.stamp.nanosec,header.stamp.sec,pump_rpm
1763322600112546861,[0 0 0 0 0 0 0 0],2,262,Pump RPM,112311758,1763322600,0
1763322600229504200,[0 0 0 0 0 0 0 0],2,262,Pump RPM,228737035,1763322600,0
1763322600313367541,[0 0 0 0 0 0 0 0],2,262,Pump RPM,312636728,1763322600,0
1763322600428087098,[0 0 0 0 0 0 0 0],2,262,Pump RPM,426217826,1763322600,0
1763322600519744132,[0 0 0 0 0 0 0 0],2,262,Pump RPM,519124679,1763322600,0
1763322600657576707,[0 0 0 0 0 0 0 0],2,262,Pump RPM,656842950,1763322600,0
1763322600740240213,[0 0 0 0 0 0 0 0],2,262,Pump RPM,739404793,1763322600,0
1763322600822665961,[0 0 0 0 0 0 0 0],2,262,Pump RPM,822253579,1763322600,0
1763322600916160267,[0 0 0 0 0 0 0 0],2,262,Pump RPM,914622450,1763322600,0
1763322601029474488,[0 0 0 0 0 0 0 0],2,262,Pump RPM,28505852,1763322601,0
1763322601121390629,[0 0 0 0 0 0 0 0],2,262,Pump RPM,121119911,1763322601,0
1763322601227402518,[0 0 0 0 0 0 0 0],2,262,Pump RPM,226767096,1763322601,0
1763322601319397315,[0 0 0 0 0 0 0 0],2,262,Pump RPM,319092260,1763322601,0
1763322601423925370,[0 0 0 0 0 0 0 0],2,262,Pump RPM,423137277,1763322601,0
1763322601518403164,[0 0 0 0 0 0 0 0],2,262,Pump RPM,516547588,1763322601,0
1763322601663224706,[0 0 0 0 0 0 0 0],2,262,Pump RPM,661268363,1763322601,0
1763322601746993620,[0 0 0 0 0 0 0 0],2,262,Pump RPM,746507286,1763322601,0
1763322601830067560,[0 0 0 0 0 0 0 0],2,262,Pump RPM,829728234,1763322601,0
1763322601922527764,[0 0 0 0 0 0 0 0],2,262,Pump RPM,921884759,1763322601,0
1763322602035302856,[0 0 0 0 0 0 0 0],2,262,Pump RPM,34853194,1763322602,0
1763322602118045730,[0 0 0 0 0 0 0 0],2,262,Pump RPM,116923526,1763322602,0
1763322602230221276,[0 0 0 0 0 0 0 0],2,262,Pump RPM,229863773,1763322602,0
1763322602322041710,[0 0 0 0 0 0 0 0],2,262,Pump RPM,321794671,1763322602,0
1763322602435381188,[0 0 0 0 0 0 0 0],2,262,Pump RPM,434836358,1763322602,0
1763322602517875838,[0 0 0 0 0 0 0 0],2,262,Pump RPM,517346401,1763322602,0
1763322602663584199,[0 0 0 0 0 0 0 0],2,262,Pump RPM,662440556,1763322602,0
1763322602745913443,[0 0 0 0 0 0 0 0],2,262,Pump RPM,745330821,1763322602,0
1763322602828386878,[0 0 0 0 0 0 0 0],2,262,Pump RPM,827847712,1763322602,0
1763322602923139396,[0 0 0 0 0 0 0 0],2,262,Pump RPM,920084881,1763322602,0
1763322603034440771,[0 0 0 0 0 0 0 0],2,262,Pump RPM,33992677,1763322603,0
1763322603126586488,[0 0 0 0 0 0 0 0],2,262,Pump RPM,125673916,1763322603,0
1763322603239226326,[0 0 0 0 0 0 0 0],2,262,Pump RPM,238291674,1763322603,0
1763322603321947635,[0 0 0 0 0 0 0 0],2,262,Pump RPM,320920088,1763322603,0
1763322603434443921,[0 0 0 0 0 0 0 0],2,262,Pump RPM,433490453,1763322603,0
1763322603531660497,[0 0 0 0 0 0 0 0],2,262,Pump RPM,531105843,1763322603,0
1763322603666663375,[0 0 0 0 0 0 0 0],2,262,Pump RPM,665133333,1763322603,0
1763322603748468208,[0 0 0 0 0 0 0 0],2,262,Pump RPM,747764275,1763322603,0
1763322603841364322,[0 0 0 0 0 0 0 0],2,262,Pump RPM,840950116,1763322603,0
1763322603924716637,[0 0 0 0 0 0 0 0],2,262,Pump RPM,924103968,1763322603,0
1763322604038315896,[0 0 0 0 0 0 0 0],2,262,Pump RPM,37498267,1763322604,0
1763322604131859979,[0 0 0 0 0 0 0 0],2,262,Pump RPM,131449261,1763322604,0
1763322604234854743,[0 0 0 0 0 0 0 0],2,262,Pump RPM,234648888,1763322604,0
1763322604327921484,[0 0 0 0 0 0 0 0],2,262,Pump RPM,327108464,1763322604,0
1763322604440927501,[0 0 0 0 0 0 0 0],2,262,Pump RPM,440447088,1763322604,0
1763322604533276518,[0 0 0 0 0 0 0 0],2,262,Pump RPM,532762792,1763322604,0
1763322604667670188,[0 0 0 0 0 0 0 0],2,262,Pump RPM,666961135,1763322604,0
1763322604751350218,[0 0 0 0 0 0 0 0],2,262,Pump RPM,750992427,1763322604,0
1763322604835705252,[0 0 0 0 0 0 0 0],2,262,Pump RPM,834928392,1763322604,0
1763322604928884153,[0 0 0 0 0 0 0 0],2,262,Pump RPM,928595899,1763322604,0
1763322605042133307,[0 0 0 0 0 0 0 0],2,262,Pump RPM,41626205,1763322605,0
1763322605125154655,[0 0 0 0 0 0 0 0],2,262,Pump RPM,124841632,1763322605,0
1763322605238723011,[0 0 0 0 0 0 0 0],2,262,Pump RPM,238149253,1763322605,0
1763322605332945208,[0 0 0 0 0 0 0 0],2,262,Pump RPM,332549177,1763322605,0
1763322605446337852,[0 0 0 0 0 0 0 0],2,262,Pump RPM,446087645,1763322605,0
1763322605528699299,[0 0 0 0 0 0 0 0],2,262,Pump RPM,528342085,1763322605,0
1763322605673234469,[0 0 0 0 0 0 0 0],2,262,Pump RPM,672785799,1763322605,0
1763322605755505260,[0 0 0 0 0 0 0 0],2,262,Pump RPM,755310637,1763322605,0
1763322605838999086,[0 0 0 0 0 0 0 0],2,262,Pump RPM,838506288,1763322605,0
1763322605932136359,[0 0 0 0 0 0 0 0],2,262,Pump RPM,930555822,1763322605,0
1763322606044272627,[0 0 0 0 0 0 0 0],2,262,Pump RPM,43761045,1763322606,0
1763322606138358349,[0 0 0 0 0 0 0 0],2,262,Pump RPM,137854991,1763322606,0
1763322606239723785,[0 0 0 0 0 0 0 0],2,262,Pump RPM,239433034,1763322606,0
1763322606333686019,[0 0 0 0 0 0 0 0],2,262,Pump RPM,332962214,1763322606,0
1763322606445786258,[0 0 0 0 0 0 0 0],2,262,Pump RPM,445613907,1763322606,0
1763322606530585842,[0 0 0 0 0 0 0 0],2,262,Pump RPM,530343475,1763322606,0
1763322606675635673,[0 0 0 0 0 0 0 0],2,262,Pump RPM,674665981,1763322606,0
1763322606758503105,[0 0 0 0 0 0 0 0],2,262,Pump RPM,757814564,1763322606,0
1763322606851404128,[0 0 0 0 0 0 0 0],2,262,Pump RPM,850963138,1763322606,0
1763322606933246124,[0 0 0 0 0 0 0 0],2,262,Pump RPM,932645167,1763322606,0
1763322607046368537,[0 0 0 0 0 0 0 0],2,262,Pump RPM,45638620,1763322607,0
1763322607139650458,[0 0 0 0 0 0 0 0],2,262,Pump RPM,138661087,1763322607,0
1763322607252001486,[0 0 0 0 0 0 0 0],2,262,Pump RPM,251629039,1763322607,0
1763322607334717914,[0 0 0 0 0 0 0 0],2,262,Pump RPM,333989693,1763322607,0
1763322607447775531,[0 0 0 0 0 0 0 0],2,262,Pump RPM,447203565,1763322607,0
1763322607540708717,[0 0 0 0 0 0 0 0],2,262,Pump RPM,539193652,1763322607,0
1763322607684728639,[0 0 0 0 0 0 0 0],2,262,Pump RPM,684131457,1763322607,0
1763322607767136685,[0 0 0 0 0 0 0 0],2,262,Pump RPM,766843694,1763322607,0
1763322607850367543,[0 0 0 0 0 0 0 0],2,262,Pump RPM,849831353,1763322607,0
1763322607944969235,[0 0 0 0 0 0 0 0],2,262,Pump RPM,944312182,1763322607,0
1763322608047995055,[0 0 0 0 0 0 0 0],2,262,Pump RPM,46837171,1763322608,0
1763322608139648827,[0 0 0 0 0 0 0 0],2,262,Pump RPM,138930014,1763322608,0
1763322608253376397,[0 0 0 0 0 0 0 0],2,262,Pump RPM,251625461,1763322608,0
1763322608338798259,[0 0 0 0 0 0 0 0],2,262,Pump RPM,336825723,1763322608,0
1763322608452041448,[0 0 0 0 0 0 0 0],2,262,Pump RPM,451485802,1763322608,0
1763322608545495340,[0 0 0 0 0 0 0 0],2,262,Pump RPM,544656048,1763322608,0
1763322608679889451,[0 0 0 0 0 0 0 0],2,262,Pump RPM,678756336,1763322608,0
1763322608761668800,[0 0 0 0 0 0 0 0],2,262,Pump RPM,761384737,1763322608,0
1763322608854076937,[0 0 0 0 0 0 0 0],2,262,Pump RPM,853694378,1763322608,0
1763322608949469574,[0 0 0 0 0 0 0 0],2,262,Pump RPM,946997200,1763322608,0
1763322609051926536,[0 0 0 0 0 0 0 0],2,262,Pump RPM,51218795,1763322609,0
1763322609143052443,[0 0 0 0 0 0 0 0],2,262,Pump RPM,142511997,1763322609,0
1763322609257837966,[0 0 0 0 0 0 0 0],2,262,Pump RPM,257593327,1763322609,0
1763322609342958137,[0 0 0 0 0 0 0 0],2,262,Pump RPM,340284260,1763322609,0
1763322609453798844,[0 0 0 0 0 0 0 0],2,262,Pump RPM,453262014,1763322609,0
1763322609548633312,[0 0 0 0 0 0 0 0],2,262,Pump RPM,547903875,1763322609,0
1763322609683024613,[0 0 0 0 0 0 0 0],2,262,Pump RPM,682529863,1763322609,0
1763322609766083992,[0 0 0 0 0 0 0 0],2,262,Pump RPM,765567162,1763322609,0
1763322609859421249,[0 0 0 0 0 0 0 0],2,262,Pump RPM,859196418,1763322609,0
1763322609942533268,[0 0 0 0 0 0 0 0],2,262,Pump RPM,941922070,1763322609,0
1763322610054335030,[0 0 0 0 0 0 0 0],2,262,Pump RPM,53928855,1763322610,0
1763322610147876579,[0 0 0 0 0 0 0 0],2,262,Pump RPM,147385093,1763322610,0
1763322610261011746,[0 0 0 0 0 0 0 0],2,262,Pump RPM,260369572,1763322610,0
1763322610342230240,[0 0 0 0 0 0 0 0],2,262,Pump RPM,341947521,1763322610,0
1763322610455976669,[0 0 0 0 0 0 0 0],2,262,Pump RPM,455380447,1763322610,0
1763322610551886656,[0 0 0 0 0 0 0 0],2,262,Pump RPM,549598345,1763322610,0
1763322610687130632,[0 0 0 0 0 0 0 0],2,262,Pump RPM,686693162,1763322610,0
1763322610772705908,[0 0 0 0 0 0 0 0],2,262,Pump RPM,771054395,1763322610,0
1763322610866353633,[0 0 0 0 0 0 0 0],2,262,Pump RPM,863467948,1763322610,0
1763322610945403912,[0 0 0 0 0 0 0 0],2,262,Pump RPM,945185736,1763322610,0
1763322611059644645,[0 0 0 0 0 0 0 0],2,262,Pump RPM,58991143,1763322611,0
1763322611151651004,[0 0 0 0 0 0 0 0],2,262,Pump RPM,151029663,1763322611,0
1763322611264995872,[0 0 0 0 0 0 0 0],2,262,Pump RPM,263670757,1763322611,0
1763322611345632836,[0 0 0 0 0 0 0 0],2,262,Pump RPM,345443748,1763322611,0
1763322611459487813,[0 0 0 0 0 0 0 0],2,262,Pump RPM,458868008,1763322611,0
1763322611551695772,[0 0 0 0 0 0 0 0],2,262,Pump RPM,550670496,1763322611,0
1763322611694931946,[0 0 0 0 0 0 0 0],2,262,Pump RPM,694695307,1763322611,0
1763322611778348547,[0 0 0 0 0 0 0 0],2,262,Pump RPM,777655974,1763322611,0
1763322611861411933,[0 0 0 0 0 0 0 0],2,262,Pump RPM,860808288,1763322611,0
1763322611954149682,[0 0 0 0 0 0 0 0],2,262,Pump RPM,952424920,1763322611,0
1763322612066907930,[0 0 0 0 0 0 0 0],2,262,Pump RPM,66294333,1763322612,0
1763322612149748569,[0 0 0 0 0 0 0 0],2,262,Pump RPM,149025532,1763322612,0
1763322612261379656,[0 0 0 0 0 0 0 0],2,262,Pump RPM,261137737,1763322612,0
1763322612354647647,[0 0 0 0 0 0 0 0],2,262,Pump RPM,354084161,1763322612,0
1763322612466585229,[0 0 0 0 0 0 0 0],2,262,Pump RPM,466252878,1763322612,0
1763322612549928618,[0 0 0 0 0 0 0 0],2,262,Pump RPM,549172685,1763322612,0
1763322612697798509,[0 0 0 0 0 0 0 0],2,262,Pump RPM,697092112,1763322612,0
1763322612782132166,[0 0 0 0 0 0 0 0],2,262,Pump RPM,781344233,1763322612,0
1763322612868527159,[0 0 0 0 0 0 0 0],2,262,Pump RPM,867590427,1763322612,0
1763322612959750838,[0 0 0 0 0 0 0 0],2,262,Pump RPM,959181048,1763322612,0
1763322613064096484,[0 0 0 0 0 0 0 0],2,262,Pump RPM,63450758,1763322613,0
1763322613159863989,[0 0 0 0 0 0 0 0],2,262,Pump RPM,159610934,1763322613,0
1763322613264572036,[0 0 0 0 0 0 0 0],2,262,Pump RPM,264045734,1763322613,0
1763322613356843106,[0 0 0 0 0 0 0 0],2,262,Pump RPM,356365220,1763322613,0
1763322613469445235,[0 0 0 0 0 0 0 0],2,262,Pump RPM,469198452,1763322613,0
1763322613553896239,[0 0 0 0 0 0 0 0],2,262,Pump RPM,553611312,1763322613,0
1763322613698136615,[0 0 0 0 0 0 0 0],2,262,Pump RPM,697613833,1763322613,0
1763322613780585163,[0 0 0 0 0 0 0 0],2,262,Pump RPM,780164748,1763322613,0
1763322613873309032,[0 0 0 0 0 0 0 0],2,262,Pump RPM,872807817,1763322613,0
1763322613957310854,[0 0 0 0 0 0 0 0],2,262,Pump RPM,956405449,1763322613,0
1763322614071608947,[0 0 0 0 0 0 0 0],2,262,Pump RPM,69889721,1763322614,0
1763322614162255964,[0 0 0 0 0 0 0 0],2,262,Pump RPM,162072604,1763322614,0
1763322614266508177,[0 0 0 0 0 0 0 0],2,262,Pump RPM,265530741,1763322614,0
1763322614358059542,[0 0 0 0 0 0 0 0],2,262,Pump RPM,357528216,1763322614,0
1763322614470767371,[0 0 0 0 0 0 0 0],2,262,Pump RPM,470223886,1763322614,0
1763322614562831631,[0 0 0 0 0 0 0 0],2,262,Pump RPM,562432272,1763322614,0
1763322614706223504,[0 0 0 0 0 0 0 0],2,262,Pump RPM,705748850,1763322614,0
1763322614791080367,[0 0 0 0 0 0 0 0],2,262,Pump RPM,790641392,1763322614,0
1763322614874129204,[0 0 0 0 0 0 0 0],2,262,Pump RPM,873160888,1763322614,0
1763322614968452495,[0 0 0 0 0 0 0 0],2,262,Pump RPM,966122072,1763322614,0
1763322615068128793,[0 0 0 0 0 0 0 0],2,262,Pump RPM,67541339,1763322615,0
1763322615161314908,[0 0 0 0 0 0 0 0],2,262,Pump RPM,159710850,1763322615,0
1763322615273782679,[0 0 0 0 0 0 0 0],2,262,Pump RPM,272379292,1763322615,0
1763322615365055490,[0 0 0 0 0 0 0 0],2,262,Pump RPM,364630115,1763322615,0
1763322615468834493,[0 0 0 0 0 0 0 0],2,262,Pump RPM,468644030,1763322615,0
1763322615561632898,[0 0 0 0 0 0 0 0],2,262,Pump RPM,561134724,1763322615,0
1763322615710336342,[0 0 0 0 0 0 0 0],2,262,Pump RPM,708388093,1763322615,0
1763322615792288099,[0 0 0 0 0 0 0 0],2,262,Pump RPM,791966372,1763322615,0
1763322615874242352,[0 0 0 0 0 0 0 0],2,262,Pump RPM,873880082,1763322615,0
1763322615966985493,[0 0 0 0 0 0 0 0],2,262,Pump RPM,966101625,1763322615,0
1763322616080733135,[0 0 0 0 0 0 0 0],2,262,Pump RPM,79785651,1763322616,0
1763322616162492449,[0 0 0 0 0 0 0 0],2,262,Pump RPM,162185506,1763322616,0
1763322616275078241,[0 0 0 0 0 0 0 0],2,262,Pump RPM,274857281,1763322616,0
1763322616368120233,[0 0 0 0 0 0 0 0],2,262,Pump RPM,367604299,1763322616,0
1763322616481114759,[0 0 0 0 0 0 0 0],2,262,Pump RPM,480723240,1763322616,0
1763322616563731862,[0 0 0 0 0 0 0 0],2,262,Pump RPM,562824889,1763322616,0
1763322616707769089,[0 0 0 0 0 0 0 0],2,262,Pump RPM,707083076,1763322616,0
1763322616790142864,[0 0 0 0 0 0 0 0],2,262,Pump RPM,789764562,1763322616,0
1763322616882408475,[0 0 0 0 0 0 0 0],2,262,Pump RPM,881860317,1763322616,0
1763322616967232674,[0 0 0 0 0 0 0 0],2,262,Pump RPM,966421477,1763322616,0
1763322617082544923,[0 0 0 0 0 0 0 0],2,262,Pump RPM,81813406,1763322617,0
1763322617167750884,[0 0 0 0 0 0 0 0],2,262,Pump RPM,167083814,1763322617,0
1763322617280525128,[0 0 0 0 0 0 0 0],2,262,Pump RPM,278986253,1763322617,0
1763322617371303260,[0 0 0 0 0 0 0 0],2,262,Pump RPM,371007325,1763322617,0
1763322617475430272,[0 0 0 0 0 0 0 0],2,262,Pump RPM,475128001,1763322617,0
1763322617568667211,[0 0 0 0 0 0 0 0],2,262,Pump RPM,567671919,1763322617,0
1763322617713325755,[0 0 0 0 0 0 0 0],2,262,Pump RPM,712339231,1763322617,0
1763322617795341200,[0 0 0 0 0 0 0 0],2,262,Pump RPM,794591378,1763322617,0
1763322617878219041,[0 0 0 0 0 0 0 0],2,262,Pump RPM,877279716,1763322617,0
1763322617972425833,[0 0 0 0 0 0 0 0],2,262,Pump RPM,970209233,1763322617,0
1763322618087180777,[0 0 0 0 0 0 0 0],2,262,Pump RPM,84930385,1763322618,0
1763322618168168197,[0 0 0 0 0 0 0 0],2,262,Pump RPM,167766823,1763322618,0
1763322618281768651,[0 0 0 0 0 0 0 0],2,262,Pump RPM,281179533,1763322618,0
1763322618374869019,[0 0 0 0 0 0 0 0],2,262,Pump RPM,374341821,1763322618,0
1763322618487694052,[0 0 0 0 0 0 0 0],2,262,Pump RPM,487325094,1763322618,0
1763322618572212531,[0 0 0 0 0 0 0 0],2,262,Pump RPM,571596598,1763322618,0
1763322618716631402,[0 0 0 0 0 0 0 0],2,262,Pump RPM,715786669,1763322618,0
1763322618799606879,[0 0 0 0 0 0 0 0],2,262,Pump RPM,799293088,1763322618,0
1763322618883110642,[0 0 0 0 0 0 0 0],2,262,Pump RPM,882532724,1763322618,0
1763322618977040415,[0 0 0 0 0 0 0 0],2,262,Pump RPM,976416833,1763322618,0
1763322619089587148,[0 0 0 0 0 0 0 0],2,262,Pump RPM,89034414,1763322619,0
1763322619171549928,[0 0 0 0 0 0 0 0],2,262,Pump RPM,170857515,1763322619,0
1763322619289629508,[0 0 0 0 0 0 0 0],2,262,Pump RPM,289044134,1763322619,0
1763322619381300445,[0 0 0 0 0 0 0 0],2,262,Pump RPM,380554624,1763322619,0
1763322619484116622,[0 0 0 0 0 0 0 0],2,262,Pump RPM,483436913,1763322619,0
1763322619580084888,[0 0 0 0 0 0 0 0],2,262,Pump RPM,579787386,1763322619,0
1763322619713836604,[0 0 0 0 0 0 0 0],2,262,Pump RPM,713456477,1763322619,0
1763322619796195126,[0 0 0 0 0 0 0 0],2,262,Pump RPM,795774904,1763322619,0
1763322619891659842,[0 0 0 0 0 0 0 0],2,262,Pump RPM,888987340,1763322619,0
1763322619982997245,[0 0 0 0 0 0 0 0],2,262,Pump RPM,982750206,1763322619,0
1763322620085892306,[0 0 0 0 0 0 0 0],2,262,Pump RPM,85158804,1763322620,0
1763322620180671684,[0 0 0 0 0 0 0 0],2,262,Pump RPM,180122470,1763322620,0
1763322620291990556,[0 0 0 0 0 0 0 0],2,262,Pump RPM,291376990,1763322620,0
1763322620375416375,[ 0 47  0  0  0  0  0  0],2,262,Pump RPM,374792921,1763322620,47
1763322620488217546,[ 0 47  0  0  0  0  0  0],2,262,Pump RPM,487800619,1763322620,47
1763322620584008889,[ 0 47  0  0  0  0  0  0],2,262,Pump RPM,583469274,1763322620,47
1763322620720686104,[ 0 84  0  0  0  0  0  0],2,262,Pump RPM,719517948,1763322620,84
1763322620804249585,[ 0 84  0  0  0  0  0  0],2,262,Pump RPM,803409300,1763322620,84
1763322620894516724,[ 0 84  0  0  0  0  0  0],2,262,Pump RPM,893735447,1763322620,84
1763322620976823602,[  0 112   0   0   0   0   0   0],2,262,Pump RPM,976253460,1763322620,112
1763322621094782231,[  0 112   0   0   0   0   0   0],2,262,Pump RPM,94289049,1763322621,112
1763322621177988534,[  0 112   0   0   0   0   0   0],2,262,Pump RPM,177418296,1763322621,112
1763322621291509483,[  0 134   0   0   0   0   0   0],2,262,Pump RPM,291004621,1763322621,134
1763322621386249826,[  0 134   0   0   0   0   0   0],2,262,Pump RPM,385484869,1763322621,134
1763322621489456667,[  0 151   0   0   0   0   0   0],2,262,Pump RPM,488779710,1763322621,151
1763322621580953597,[  0 151   0   0   0   0   0   0],2,262,Pump RPM,580741470,1763322621,151
1763322621727210785,[  0 151   0   0   0   0   0   0],2,262,Pump RPM,724772650,1763322621,151
1763322621808203112,[  0 164   0   0   0   0   0   0],2,262,Pump RPM,807281387,1763322621,164
1763322621893602943,[  0 164   0   0   0   0   0   0],2,262,Pump RPM,891912517,1763322621,164
1763322621985153569,[  0 164   0   0   0   0   0   0],2,262,Pump RPM,984295748,1763322621,164
1763322622097662558,[  0 175   0   0   0   0   0   0],2,262,Pump RPM,97155360,1763322622,175
1763322622190168961,[  0 175   0   0   0   0   0   0],2,262,Pump RPM,189855010,1763322622,175
1763322622294966361,[  0 175   0   0   0   0   0   0],2,262,Pump RPM,293879165,1763322622,175
1763322622386942397,[  0 188   0   0   0   0   0   0],2,262,Pump RPM,386050624,1763322622,188
1763322622502311858,[  0 188   0   0   0   0   0   0],2,262,Pump RPM,499873178,1763322622,188
1763322622585333141,[  0 197   0   0   0   0   0   0],2,262,Pump RPM,584797303,1763322622,197
1763322622728855112,[  0 197   0   0   0   0   0   0],2,262,Pump RPM,728527241,1763322622,197
1763322622815289888,[  0 197   0   0   0   0   0   0],2,262,Pump RPM,814670626,1763322622,197
1763322622898028996,[  0 201   0   0   0   0   0   0],2,262,Pump RPM,897818821,1763322622,201
1763322622994023067,[  0 201   0   0   0   0   0   0],2,262,Pump RPM,991417411,1763322622,201
1763322623095690242,[  0 201   0   0   0   0   0   0],2,262,Pump RPM,95293283,1763322623,201
1763322623189681539,[  0 205   0   0   0   0   0   0],2,262,Pump RPM,188992422,1763322623,205
1763322623304266015,[  0 205   0   0   0   0   0   0],2,262,Pump RPM,303649089,1763322623,205
1763322623385257229,[  0 205   0   0   0   0   0   0],2,262,Pump RPM,384835630,1763322623,205
1763322623497922447,[  0 207   0   0   0   0   0   0],2,262,Pump RPM,497360721,1763322623,207
1763322623590155447,[  0 207   0   0   0   0   0   0],2,262,Pump RPM,589960984,1763322623,207
1763322623734427758,[  0 210   0   0   0   0   0   0],2,262,Pump RPM,733885776,1763322623,210
1763322623829463372,[  0 210   0   0   0   0   0   0],2,262,Pump RPM,828632815,1763322623,210
1763322623901334393,[  0 210   0   0   0   0   0   0],2,262,Pump RPM,900407516,1763322623,210
1763322623993192098,[  0 213   0   0   0   0   0   0],2,262,Pump RPM,992463044,1763322623,213
1763322624105900617,[  0 213   0   0   0   0   0   0],2,262,Pump RPM,105165771,1763322624,213
1763322624188136022,[  0 213   0   0   0   0   0   0],2,262,Pump RPM,187122745,1763322624,213
1763322624300861565,[  0 215   0   0   0   0   0   0],2,262,Pump RPM,300203775,1763322624,215
1763322624393858214,[  0 215   0   0   0   0   0   0],2,262,Pump RPM,392979625,1763322624,215
1763322624506069199,[  0 218   0   0   0   0   0   0],2,262,Pump RPM,505436913,1763322624,218
1763322624597791996,[  0 218   0   0   0   0   0   0],2,262,Pump RPM,597569725,1763322624,218
1763322624731126270,[  0 218   0   0   0   0   0   0],2,262,Pump RPM,730724992,1763322624,218
1763322624815148070,[  0 222   0   0   0   0   0   0],2,262,Pump RPM,814092905,1763322624,222
1763322624908084687,[  0 222   0   0   0   0   0   0],2,262,Pump RPM,907301553,1763322624,222
1763322624991007770,[  0 222   0   0   0   0   0   0],2,262,Pump RPM,988854529,1763322624,222
1763322625106652380,[  0 225   0   0   0   0   0   0],2,262,Pump RPM,106101757,1763322625,225
1763322625200889541,[  0 225   0   0   0   0   0   0],2,262,Pump RPM,200394150,1763322625,225
1763322625302309494,[  0 230   0   0   0   0   0   0],2,262,Pump RPM,301870007,1763322625,230
1763322625394999908,[  0 230   0   0   0   0   0   0],2,262,Pump RPM,394812421,1763322625,230
1763322625510563239,[  0 234   0   0   0   0   0   0],2,262,Pump RPM,510095081,1763322625,234
1763322625594046516,[  0 234   0   0   0   0   0   0],2,262,Pump RPM,593678261,1763322625,234
1763322625735277282,[  0 234   0   0   0   0   0   0],2,262,Pump RPM,735053154,1763322625,234
1763322625820535624,[  0 240   0   0   0   0   0   0],2,262,Pump RPM,820131786,1763322625,240
1763322625902637049,[  0 240   0   0   0   0   0   0],2,262,Pump RPM,902216379,1763322625,240
1763322625998056607,[  0 244   0   0   0   0   0   0],2,262,Pump RPM,996564420,1763322625,244
1763322626112148075,[  0 244   0   0   0   0   0   0],2,262,Pump RPM,110661040,1763322626,244
1763322626194346047,[  0 251   0   0   0   0   0   0],2,262,Pump RPM,194000512,1763322626,251
1763322626308105773,[  0 251   0   0   0   0   0   0],2,262,Pump RPM,307288784,1763322626,251
1763322626401518493,[1 1 0 0 0 0 0 0],2,262,Pump RPM,400844639,1763322626,257
1763322626516991941,[1 1 0 0 0 0 0 0],2,262,Pump RPM,516251399,1763322626,257
1763322626600351222,[1 1 0 0 0 0 0 0],2,262,Pump RPM,596137155,1763322626,257
1763322626740472334,[1 7 0 0 0 0 0 0],2,262,Pump RPM,740239694,1763322626,263
1763322626825436249,[1 7 0 0 0 0 0 0],2,262,Pump RPM,824850651,1763322626,263
1763322626908065772,[ 1 15  0  0  0  0  0  0],2,262,Pump RPM,907300302,1763322626,271
1763322627001303132,[ 1 15  0  0  0  0  0  0],2,262,Pump RPM,503935,1763322627,271
1763322627114719632,[ 1 21  0  0  0  0  0  0],2,262,Pump RPM,114281297,1763322627,277
1763322627198982465,[ 1 30  0  0  0  0  0  0],2,262,Pump RPM,197767077,1763322627,286
1763322627310171548,[ 1 30  0  0  0  0  0  0],2,262,Pump RPM,309368191,1763322627,286
1763322627402693331,[ 1 38  0  0  0  0  0  0],2,262,Pump RPM,401982741,1763322627,294
1763322627515717768,[ 1 38  0  0  0  0  0  0],2,262,Pump RPM,515239626,1763322627,294
1763322627598000672,[ 1 45  0  0  0  0  0  0],2,262,Pump RPM,597578881,1763322627,301
1763322627742416880,[ 1 45  0  0  0  0  0  0],2,262,Pump RPM,741668722,1763322627,301
1763322627825469701,[ 1 53  0  0  0  0  0  0],2,262,Pump RPM,824972935,1763322627,309
1763322627917640765,[ 1 53  0  0  0  0  0  0],2,262,Pump RPM,917438846,1763322627,309
1763322628000506899,[ 1 61  0  0  0  0  0  0],2,262,Pump RPM,999732150,1763322627,317
1763322628113710028,[ 1 70  0  0  0  0  0  0],2,262,Pump RPM,113541165,1763322628,326
1763322628206665702,[ 1 70  0  0  0  0  0  0],2,262,Pump RPM,206277831,1763322628,326
1763322628320251710,[ 1 77  0  0  0  0  0  0],2,262,Pump RPM,319034306,1763322628,333
1763322628404177236,[ 1 77  0  0  0  0  0  0],2,262,Pump RPM,403368822,1763322628,333
1763322628517700492,[ 1 83  0  0  0  0  0  0],2,262,Pump RPM,516245233,1763322628,339
1763322628603413085,[ 1 89  0  0  0  0  0  0],2,262,Pump RPM,602673311,1763322628,345
1763322628746335288,[ 1 89  0  0  0  0  0  0],2,262,Pump RPM,745888921,1763322628,345
1763322628829364273,[ 1 96  0  0  0  0  0  0],2,262,Pump RPM,828899314,1763322628,352
1763322628921493741,[ 1 96  0  0  0  0  0  0],2,262,Pump RPM,920788111,1763322628,352
1763322629003768296,[  1 100   0   0   0   0   0   0],2,262,Pump RPM,3346634,1763322629,356
1763322629119083488,[  1 106   0   0   0   0   0   0],2,262,Pump RPM,118766849,1763322629,362
1763322629212500764,[  1 106   0   0   0   0   0   0],2,262,Pump RPM,212104093,1763322629,362
1763322629316091224,[  1 125   0   0   0   0   0   0],2,262,Pump RPM,315279675,1763322629,381
1763322629408412664,[  1 143   0   0   0   0   0   0],2,262,Pump RPM,408192024,1763322629,399
1763322629521671062,[  1 157   0   0   0   0   0   0],2,262,Pump RPM,521481494,1763322629,413
1763322629606790924,[  1 170   0   0   0   0   0   0],2,262,Pump RPM,606568845,1763322629,426
1763322629751137449,[  1 170   0   0   0   0   0   0],2,262,Pump RPM,750795082,1763322629,426
1763322629835727904,[  1 180   0   0   0   0   0   0],2,262,Pump RPM,834928995,1763322629,436
1763322629919562555,[  1 188   0   0   0   0   0   0],2,262,Pump RPM,918462110,1763322629,444
1763322630010612094,[  1 195   0   0   0   0   0   0],2,262,Pump RPM,10423199,1763322630,451
1763322630124832894,[  1 201   0   0   0   0   0   0],2,262,Pump RPM,123789441,1763322630,457
1763322630206246371,[  1 201   0   0   0   0   0   0],2,262,Pump RPM,205496166,1763322630,457
1763322630320664131,[  1 206   0   0   0   0   0   0],2,262,Pump RPM,319592582,1763322630,462
1763322630412990310,[  1 212   0   0   0   0   0   0],2,262,Pump RPM,412464776,1763322630,468
1763322630525001037,[  1 216   0   0   0   0   0   0],2,262,Pump RPM,524435951,1763322630,472
1763322630608097421,[  1 221   0   0   0   0   0   0],2,262,Pump RPM,607822894,1763322630,477
1763322630753519341,[  1 221   0   0   0   0   0   0],2,262,Pump RPM,752850575,1763322630,477
1763322630836470317,[  1 224   0   0   0   0   0   0],2,262,Pump RPM,835409489,1763322630,480
1763322630920606026,[  1 229   0   0   0   0   0   0],2,262,Pump RPM,919489838,1763322630,485
1763322631013016942,[  1 234   0   0   0   0   0   0],2,262,Pump RPM,12249808,1763322631,490
1763322631126289526,[  1 238   0   0   0   0   0   0],2,262,Pump RPM,125518392,1763322631,494
1763322631218638685,[  1 238   0   0   0   0   0   0],2,262,Pump RPM,217839488,1763322631,494
1763322631323033056,[  1 238   0   0   0   0   0   0],2,262,Pump RPM,321754212,1763322631,494
1763322631417350977,[  1 241   0   0   0   0   0   0],2,262,Pump RPM,416618756,1763322631,497
1763322631528995374,[  1 247   0   0   0   0   0   0],2,262,Pump RPM,528721935,1763322631,503
1763322631615421544,[  1 248   0   0   0   0   0   0],2,262,Pump RPM,614606506,1763322631,504
1763322631756200092,[  1 253   0   0   0   0   0   0],2,262,Pump RPM,755459582,1763322631,509
1763322631839982078,[2 3 0 0 0 0 0 0],2,262,Pump RPM,839185056,1763322631,515
1763322631924221406,[2 7 0 0 0 0 0 0],2,262,Pump RPM,923603327,1763322631,519
1763322632016573189,[ 2 10  0  0  0  0  0  0],2,262,Pump RPM,15965831,1763322632,522
1763322632133737607,[ 2 10  0  0  0  0  0  0],2,262,Pump RPM,131450605,1763322632,522
1763322632215262002,[ 2 13  0  0  0  0  0  0],2,262,Pump RPM,214296117,1763322632,525
1763322632327528418,[ 2 15  0  0  0  0  0  0],2,262,Pump RPM,327273091,1763322632,527
1763322632419761998,[ 2 21  0  0  0  0  0  0],2,262,Pump RPM,419368399,1763322632,533
1763322632532926139,[ 2 25  0  0  0  0  0  0],2,262,Pump RPM,532399581,1763322632,537
1763322632614516583,[ 2 28  0  0  0  0  0  0],2,262,Pump RPM,613952137,1763322632,540
1763322632758621975,[ 2 33  0  0  0  0  0  0],2,262,Pump RPM,758447512,1763322632,545
1763322632841796446,[ 2 36  0  0  0  0  0  0],2,262,Pump RPM,841455071,1763322632,548
1763322632926154658,[ 2 42  0  0  0  0  0  0],2,262,Pump RPM,925838403,1763322632,554
1763322633019913865,[ 2 48  0  0  0  0  0  0],2,262,Pump RPM,19086540,1763322633,560
1763322633137052624,[ 2 54  0  0  0  0  0  0],2,262,Pump RPM,136230290,1763322633,566
1763322633221390231,[ 2 61  0  0  0  0  0  0],2,262,Pump RPM,220639641,1763322633,573
1763322633334104618,[ 2 65  0  0  0  0  0  0],2,262,Pump RPM,333229933,1763322633,577
1763322633425459580,[ 2 69  0  0  0  0  0  0],2,262,Pump RPM,425074750,1763322633,581
1763322633528271501,[ 2 72  0  0  0  0  0  0],2,262,Pump RPM,527522319,1763322633,584
1763322633620895772,[ 2 75  0  0  0  0  0  0],2,262,Pump RPM,620399613,1763322633,587
1763322633766391470,[ 2 81  0  0  0  0  0  0],2,262,Pump RPM,765438481,1763322633,593
1763322633851605843,[ 2 87  0  0  0  0  0  0],2,262,Pump RPM,850272855,1763322633,599
1763322633933125506,[ 2 95  0  0  0  0  0  0],2,262,Pump RPM,932586052,1763322633,607
1763322634025509842,[  2 101   0   0   0   0   0   0],2,262,Pump RPM,25109491,1763322634,613
1763322634137895819,[  2 100   0   0   0   0   0   0],2,262,Pump RPM,137709388,1763322634,612
1763322634221816119,[  2 101   0   0   0   0   0   0],2,262,Pump RPM,221234233,1763322634,613
1763322634334971694,[  2 104   0   0   0   0   0   0],2,262,Pump RPM,333502898,1763322634,616
1763322634426917283,[  2 108   0   0   0   0   0   0],2,262,Pump RPM,426349828,1763322634,620
1763322634539422395,[  2 114   0   0   0   0   0   0],2,262,Pump RPM,539103676,1763322634,626
1763322634624242533,[  2 120   0   0   0   0   0   0],2,262,Pump RPM,623503911,1763322634,632
1763322634769573342,[  2 126   0   0   0   0   0   0],2,262,Pump RPM,768834176,1763322634,638
1763322634853080139,[  2 124   0   0   0   0   0   0],2,262,Pump RPM,851600144,1763322634,636
1763322634934039456,[  2 122   0   0   0   0   0   0],2,262,Pump RPM,933792961,1763322634,634
1763322635027394129,[  2 135   0   0   0   0   0   0],2,262,Pump RPM,27020530,1763322635,647
1763322635135259388,[  2 145   0   0   0   0   0   0],2,262,Pump RPM,132618372,1763322635,657
1763322635226773334,[  2 149   0   0   0   0   0   0],2,262,Pump RPM,226063000,1763322635,661
1763322635341628429,[  2 152   0   0   0   0   0   0],2,262,Pump RPM,340808079,1763322635,664
1763322635424324128,[  2 156   0   0   0   0   0   0],2,262,Pump RPM,423061379,1763322635,668
1763322635536894301,[  2 158   0   0   0   0   0   0],2,262,Pump RPM,535678945,1763322635,670
1763322635629282805,[  2 191   0   0   0   0   0   0],2,262,Pump RPM,627760825,1763322635,703
1763322635771904124,[  2 195   0   0   0   0   0   0],2,262,Pump RPM,771159966,1763322635,707
1763322635858156901,[  2 198   0   0   0   0   0   0],2,262,Pump RPM,857262311,1763322635,710
1763322635943905583,[  2 201   0   0   0   0   0   0],2,262,Pump RPM,941247255,1763322635,713
1763322636034179821,[  2 202   0   0   0   0   0   0],2,262,Pump RPM,33647887,1763322636,714
1763322636136292173,[  2 207   0   0   0   0   0   0],2,262,Pump RPM,136018798,1763322636,719
1763322636230011493,[  2 213   0   0   0   0   0   0],2,262,Pump RPM,229734982,1763322636,725
1763322636348032952,[  2 217   0   0   0   0   0   0],2,262,Pump RPM,347209914,1763322636,729
1763322636430033808,[  2 221   0   0   0   0   0   0],2,262,Pump RPM,429338386,1763322636,733
1763322636543459696,[  2 237   0   0   0   0   0   0],2,262,Pump RPM,541550869,1763322636,749
1763322636634639983,[  2 245   0   0   0   0   0   0],2,262,Pump RPM,633995249,1763322636,757
1763322636777818299,[  2 248   0   0   0   0   0   0],2,262,Pump RPM,777609659,1763322636,760
1763322636861874893,[  2 250   0   0   0   0   0   0],2,262,Pump RPM,861296335,1763322636,762
1763322636943727878,[3 4 0 0 0 0 0 0],2,262,Pump RPM,943490023,1763322636,772
1763322637040118008,[3 7 0 0 0 0 0 0],2,262,Pump RPM,38998299,1763322637,775
1763322637141922909,[ 3 10  0  0  0  0  0  0],2,262,Pump RPM,141164703,1763322637,778
1763322637233706910,[ 3 22  0  0  0  0  0  0],2,262,Pump RPM,233180191,1763322637,790
1763322637347294498,[ 3 26  0  0  0  0  0  0],2,262,Pump RPM,346895267,1763322637,794
1763322637430032732,[ 3 43  0  0  0  0  0  0],2,262,Pump RPM,429612317,1763322637,811
1763322637544492446,[ 3 51  0  0  0  0  0  0],2,262,Pump RPM,544100959,1763322637,819
1763322637637096060,[ 3 53  0  0  0  0  0  0],2,262,Pump RPM,636298207,1763322637,821
1763322637780406542,[ 3 68  0  0  0  0  0  0],2,262,Pump RPM,779821424,1763322637,836
1763322637863612039,[ 3 75  0  0  0  0  0  0],2,262,Pump RPM,862064267,1763322637,843
1763322637944639301,[ 3 78  0  0  0  0  0  0],2,262,Pump RPM,943910888,1763322637,846
1763322638038807137,[ 3 84  0  0  0  0  0  0],2,262,Pump RPM,37923939,1763322638,852
1763322638152223147,[ 3 87  0  0  0  0  0  0],2,262,Pump RPM,150903758,1763322638,855
1763322638236233285,[ 3 92  0  0  0  0  0  0],2,262,Pump RPM,234099691,1763322638,860
1763322638348448978,[ 3 95  0  0  0  0  0  0],2,262,Pump RPM,347498356,1763322638,863
1763322638441078740,[  3 109   0   0   0   0   0   0],2,262,Pump RPM,440747317,1763322638,877
1763322638545612150,[  3 116   0   0   0   0   0   0],2,262,Pump RPM,545233719,1763322638,884
1763322638638741783,[  3 127   0   0   0   0   0   0],2,262,Pump RPM,638334136,1763322638,895
1763322638784697288,[  3 131   0   0   0   0   0   0],2,262,Pump RPM,784196681,1763322638,899
1763322638867416901,[  3 135   0   0   0   0   0   0],2,262,Pump RPM,866589480,1763322638,903
1763322638950144771,[  3 149   0   0   0   0   0   0],2,262,Pump RPM,949755364,1763322638,917
1763322639043705060,[  3 157   0   0   0   0   0   0],2,262,Pump RPM,43197670,1763322639,925
1763322639146707727,[  3 168   0   0   0   0   0   0],2,262,Pump RPM,146181232,1763322639,936
1763322639241336592,[  3 177   0   0   0   0   0   0],2,262,Pump RPM,238314904,1763322639,945
1763322639356432282,[  3 188   0   0   0   0   0   0],2,262,Pump RPM,355997499,1763322639,956
1763322639444456781,[  3 194   0   0   0   0   0   0],2,262,Pump RPM,444091694,1763322639,962
1763322639548634100,[  3 198   0   0   0   0   0   0],2,262,Pump RPM,547528567,1763322639,966
1763322639642049560,[  3 210   0   0   0   0   0   0],2,262,Pump RPM,641202971,1763322639,978
1763322639787617232,[  3 224   0   0   0   0   0   0],2,262,Pump RPM,787323217,1763322639,992
1763322639874461798,[  3 230   0   0   0   0   0   0],2,262,Pump RPM,873752776,1763322639,998
1763322639956160970,[  3 248   0   0   0   0   0   0],2,262,Pump RPM,955216269,1763322639,1016
1763322640038299886,[4 9 0 0 0 0 0 0],2,262,Pump RPM,37363185,1763322640,1033
1763322640150724740,[ 4 19  0  0  0  0  0  0],2,262,Pump RPM,149798310,1763322640,1043
1763322640245232713,[ 4 22  0  0  0  0  0  0],2,262,Pump RPM,244380332,1763322640,1046
1763322640357489184,[ 4 27  0  0  0  0  0  0],2,262,Pump RPM,357287552,1763322640,1051
1763322640440105701,[ 4 39  0  0  0  0  0  0],2,262,Pump RPM,439810021,1763322640,1063
1763322640553644056,[ 4 47  0  0  0  0  0  0],2,262,Pump RPM,552745850,1763322640,1071
1763322640651164469,[ 4 69  0  0  0  0  0  0],2,262,Pump RPM,650732342,1763322640,1093
1763322640785478769,[ 4 89  0  0  0  0  0  0],2,262,Pump RPM,785308977,1763322640,1113
1763322640870411920,[ 4 92  0  0  0  0  0  0],2,262,Pump RPM,869262867,1763322640,1116
1763322640952956885,[  4 101   0   0   0   0   0   0],2,262,Pump RPM,952577782,1763322640,1125
1763322641044478564,[  4 109   0   0   0   0   0   0],2,262,Pump RPM,44354820,1763322641,1133
1763322641158358939,[  4 125   0   0   0   0   0   0],2,262,Pump RPM,157367389,1763322641,1149
1763322641249621580,[  4 141   0   0   0   0   0   0],2,262,Pump RPM,249381709,1763322641,1165
1763322641354144380,[  4 155   0   0   0   0   0   0],2,262,Pump RPM,352356416,1763322641,1179
1763322641445372366,[  4 191   0   0   0   0   0   0],2,262,Pump RPM,444908271,1763322641,1215
1763322641561474623,[  4 198   0   0   0   0   0   0],2,262,Pump RPM,561199007,1763322641,1222
1763322641644539334,[  4 148   0   0   0   0   0   0],2,262,Pump RPM,644316903,1763322641,1172
1763322641789863755,[  4 181   0   0   0   0   0   0],2,262,Pump RPM,789581292,1763322641,1205
1763322641872279956,[  4 203   0   0   0   0   0   0],2,262,Pump RPM,871946453,1763322641,1227
1763322641954946204,[  4 211   0   0   0   0   0   0],2,262,Pump RPM,954241886,1763322641,1235
1763322642046607983,[  4 237   0   0   0   0   0   0],2,262,Pump RPM,45924560,1763322642,1261
1763322642161648775,[5 1 0 0 0 0 0 0],2,262,Pump RPM,161326184,1763322642,1281
1763322642253790843,[ 5 11  0  0  0  0  0  0],2,262,Pump RPM,253393244,1763322642,1291
1763322642357429841,[ 5 19  0  0  0  0  0  0],2,262,Pump RPM,355967445,1763322642,1299
1763322642448649447,[ 5 41  0  0  0  0  0  0],2,262,Pump RPM,448290152,1763322642,1321
1763322642561381157,[ 5 80  0  0  0  0  0  0],2,262,Pump RPM,560845639,1763322642,1360
1763322642654203223,[  5 102   0   0   0   0   0   0],2,262,Pump RPM,653398649,1763322642,1382
1763322642799757410,[  5 119   0   0   0   0   0   0],2,262,Pump RPM,798880644,1763322642,1399
1763322642884615848,[  5 124   0   0   0   0   0   0],2,262,Pump RPM,884149449,1763322642,1404
1763322642957858444,[  5 143   0   0   0   0   0   0],2,262,Pump RPM,957406797,1763322642,1423
1763322643052188060,[  5 166   0   0   0   0   0   0],2,262,Pump RPM,50437760,1763322643,1446
1763322643163383139,[  5 179   0   0   0   0   0   0],2,262,Pump RPM,162964324,1763322643,1459
1763322643256182137,[  5 204   0   0   0   0   0   0],2,262,Pump RPM,255319195,1763322643,1484
1763322643360056402,[  5 230   0   0   0   0   0   0],2,262,Pump RPM,358886741,1763322643,1510
1763322643452835048,[  5 249   0   0   0   0   0   0],2,262,Pump RPM,451425836,1763322643,1529
1763322643566128394,[ 6 18  0  0  0  0  0  0],2,262,Pump RPM,565504108,1763322643,1554
1763322643659728446,[ 6 32  0  0  0  0  0  0],2,262,Pump RPM,659342943,1763322643,1568
1763322643793178125,[ 6 57  0  0  0  0  0  0],2,262,Pump RPM,791904144,1763322643,1593
1763322643876215675,[ 6 83  0  0  0  0  0  0],2,262,Pump RPM,875438045,1763322643,1619
1763322643963904318,[ 6 85  0  0  0  0  0  0],2,262,Pump RPM,962978368,1763322643,1621
1763322644057550324,[  6 103   0   0   0   0   0   0],2,262,Pump RPM,56971573,1763322644,1639
1763322644171279418,[  6 120   0   0   0   0   0   0],2,262,Pump RPM,170202876,1763322644,1656
1763322644253662669,[  6 132   0   0   0   0   0   0],2,262,Pump RPM,253161710,1763322644,1668
1763322644369357070,[  6 145   0   0   0   0   0   0],2,262,Pump RPM,367349971,1763322644,1681
1763322644461210058,[  6 145   0   0   0   0   0   0],2,262,Pump RPM,460773035,1763322644,1681
1763322644567103907,[  6 145   0   0   0   0   0   0],2,262,Pump RPM,566622916,1763322644,1681
1763322644661025178,[  6 137   0   0   0   0   0   0],2,262,Pump RPM,660521051,1763322644,1673
1763322644795991499,[  6 117   0   0   0   0   0   0],2,262,Pump RPM,795601292,1763322644,1653
1763322644879744251,[ 6 95  0  0  0  0  0  0],2,262,Pump RPM,879007453,1763322644,1631
1763322644976385099,[ 6 69  0  0  0  0  0  0],2,262,Pump RPM,972843700,1763322644,1605
1763322645055427145,[ 6 47  0  0  0  0  0  0],2,262,Pump RPM,54874410,1763322645,1583
1763322645175787811,[ 6 26  0  0  0  0  0  0],2,262,Pump RPM,169527699,1763322645,1562
1763322645263273582,[6 9 0 0 0 0 0 0],2,262,Pump RPM,262570512,1763322645,1545
1763322645365376341,[6 7 0 0 0 0 0 0],2,262,Pump RPM,364975222,1763322645,1543
1763322645460362989,[  5 242   0   0   0   0   0   0],2,262,Pump RPM,457291765,1763322645,1522
1763322645573039002,[  5 234   0   0   0   0   0   0],2,262,Pump RPM,572792699,1763322645,1514
1763322645658267818,[  5 217   0   0   0   0   0   0],2,262,Pump RPM,656967405,1763322645,1497
1763322645802870921,[  5 223   0   0   0   0   0   0],2,262,Pump RPM,802057995,1763322645,1503
1763322645888679192,[  5 210   0   0   0   0   0   0],2,262,Pump RPM,884802337,1763322645,1490
1763322645971565326,[  5 196   0   0   0   0   0   0],2,262,Pump RPM,968597877,1763322645,1476
1763322646063510032,[  5 185   0   0   0   0   0   0],2,262,Pump RPM,60819734,1763322646,1465
1763322646177222655,[  5 178   0   0   0   0   0   0],2,262,Pump RPM,176285569,1763322646,1458
1763322646260654359,[  5 186   0   0   0   0   0   0],2,262,Pump RPM,260048185,1763322646,1466
1763322646373292329,[  5 194   0   0   0   0   0   0],2,262,Pump RPM,372612139,1763322646,1474
1763322646467690503,[  5 190   0   0   0   0   0   0],2,262,Pump RPM,466784745,1763322646,1470
1763322646570866127,[  5 193   0   0   0   0   0   0],2,262,Pump RPM,570177425,1763322646,1473
1763322646663156786,[  5 186   0   0   0   0   0   0],2,262,Pump RPM,662764403,1763322646,1466
1763322646807752343,[  5 190   0   0   0   0   0   0],2,262,Pump RPM,806803194,1763322646,1470
1763322646890079922,[  5 187   0   0   0   0   0   0],2,262,Pump RPM,889747347,1763322646,1467
1763322646973164619,[  5 184   0   0   0   0   0   0],2,262,Pump RPM,972243213,1763322646,1464
1763322647065475216,[  5 198   0   0   0   0   0   0],2,262,Pump RPM,65252944,1763322647,1478
1763322647178909093,[  5 190   0   0   0   0   0   0],2,262,Pump RPM,178170566,1763322647,1470
1763322647270637580,[  5 190   0   0   0   0   0   0],2,262,Pump RPM,270241581,1763322647,1470
1763322647374004441,[  5 190   0   0   0   0   0   0],2,262,Pump RPM,373470202,1763322647,1470
1763322647469909911,[  5 187   0   0   0   0   0   0],2,262,Pump RPM,466726367,1763322647,1467
1763322647582983661,[  5 183   0   0   0   0   0   0],2,262,Pump RPM,580484019,1763322647,1463
1763322647662792017,[  5 181   0   0   0   0   0   0],2,262,Pump RPM,662483249,1763322647,1461
1763322647806296639,[  5 185   0   0   0   0   0   0],2,262,Pump RPM,805924927,1763322647,1465
1763322647889355003,[  5 191   0   0   0   0   0   0],2,262,Pump RPM,888835228,1763322647,1471
1763322647981779201,[  5 195   0   0   0   0   0   0],2,262,Pump RPM,981114211,1763322647,1475
1763322648065479390,[  5 198   0   0   0   0   0   0],2,262,Pump RPM,65159807,1763322648,1478
1763322648181671602,[  5 200   0   0   0   0   0   0],2,262,Pump RPM,180259061,1763322648,1480
1763322648264030419,[  5 200   0   0   0   0   0   0],2,262,Pump RPM,263556244,1763322648,1480
1763322648377130573,[  5 203   0   0   0   0   0   0],2,262,Pump RPM,376793710,1763322648,1483
1763322648470411957,[  5 211   0   0   0   0   0   0],2,262,Pump RPM,469610743,1763322648,1491
1763322648583961807,[  5 201   0   0   0   0   0   0],2,262,Pump RPM,583387728,1763322648,1481
1763322648669175594,[  5 201   0   0   0   0   0   0],2,262,Pump RPM,668405771,1763322648,1481
1763322648810900674,[  5 201   0   0   0   0   0   0],2,262,Pump RPM,810592738,1763322648,1481
1763322648893642370,[  5 203   0   0   0   0   0   0],2,262,Pump RPM,893423779,1763322648,1483
1763322648990538786,[  5 230   0   0   0   0   0   0],2,262,Pump RPM,990100195,1763322648,1510
1763322649070799243,[6 0 0 0 0 0 0 0],2,262,Pump RPM,70561291,1763322649,1536
1763322649183597355,[ 6 30  0  0  0  0  0  0],2,262,Pump RPM,183281163,1763322649,1566
1763322649276343960,[ 6 77  0  0  0  0  0  0],2,262,Pump RPM,275746905,1763322649,1613
1763322649380382027,[  6 139   0   0   0   0   0   0],2,262,Pump RPM,380058892,1763322649,1675
1763322649475805555,[  6 221   0   0   0   0   0   0],2,262,Pump RPM,473246232,1763322649,1757
1763322649588778034,[ 7 50  0  0  0  0  0  0],2,262,Pump RPM,588231667,1763322649,1842
1763322649669100155,[  7 131   0   0   0   0   0   0],2,262,Pump RPM,668257085,1763322649,1923
1763322649814314578,[  7 232   0   0   0   0   0   0],2,262,Pump RPM,812836885,1763322649,2024
1763322649896289591,[ 8 50  0  0  0  0  0  0],2,262,Pump RPM,896043736,1763322649,2098
1763322649989884611,[  8 155   0   0   0   0   0   0],2,262,Pump RPM,989142436,1763322649,2203
1763322650073099496,[9 7 0 0 0 0 0 0],2,262,Pump RPM,71848363,1763322650,2311
1763322650187189482,[ 9 80  0  0  0  0  0  0],2,262,Pump RPM,186558667,1763322650,2384
1763322650280600730,[  9 101   0   0   0   0   0   0],2,262,Pump RPM,280089851,1763322650,2405
1763322650386944556,[  9 115   0   0   0   0   0   0],2,262,Pump RPM,386118862,1763322650,2419
1763322650479242527,[  9 122   0   0   0   0   0   0],2,262,Pump RPM,478531840,1763322650,2426
1763322650584864435,[  9 104   0   0   0   0   0   0],2,262,Pump RPM,584234548,1763322650,2408
1763322650678617154,[  9 100   0   0   0   0   0   0],2,262,Pump RPM,678131363,1763322650,2404
1763322650826348216,[  9 113   0   0   0   0   0   0],2,262,Pump RPM,823894750,1763322650,2417
1763322650908097794,[  9 120   0   0   0   0   0   0],2,262,Pump RPM,907288420,1763322650,2424
1763322650989885548,[  9 163   0   0   0   0   0   0],2,262,Pump RPM,989642924,1763322650,2467
1763322651082238945,[  9 198   0   0   0   0   0   0],2,262,Pump RPM,81745122,1763322651,2502
1763322651186879612,[  9 247   0   0   0   0   0   0],2,262,Pump RPM,185622719,1763322651,2551
1763322651278069076,[10 25  0  0  0  0  0  0],2,262,Pump RPM,277843221,1763322651,2585
1763322651393538168,[10 33  0  0  0  0  0  0],2,262,Pump RPM,392454298,1763322651,2593
1763322651474907141,[10 57  0  0  0  0  0  0],2,262,Pump RPM,474399335,1763322651,2617
1763322651588018990,[10 63  0  0  0  0  0  0],2,262,Pump RPM,587795534,1763322651,2623
1763322651680735331,[10 60  0  0  0  0  0  0],2,262,Pump RPM,680561507,1763322651,2620
1763322651827306146,[10 63  0  0  0  0  0  0],2,262,Pump RPM,826771651,1763322651,2623
1763322651909493262,[10 50  0  0  0  0  0  0],2,262,Pump RPM,909243183,1763322651,2610
1763322651994270837,[10 83  0  0  0  0  0  0],2,262,Pump RPM,991478587,1763322651,2643
1763322652087196045,[10 68  0  0  0  0  0  0],2,262,Pump RPM,86845037,1763322652,2628
1763322652189167250,[10 63  0  0  0  0  0  0],2,262,Pump RPM,188871506,1763322652,2623
1763322652282396106,[10 38  0  0  0  0  0  0],2,262,Pump RPM,281939275,1763322652,2598
1763322652395712726,[10 27  0  0  0  0  0  0],2,262,Pump RPM,395247319,1763322652,2587
1763322652479171811,[10 21  0  0  0  0  0  0],2,262,Pump RPM,478194469,1763322652,2581
1763322652593098350,[10 21  0  0  0  0  0  0],2,262,Pump RPM,591835825,1763322652,2581
1763322652684625866,[10 18  0  0  0  0  0  0],2,262,Pump RPM,684394026,1763322652,2578
1763322652829192372,[10 13  0  0  0  0  0  0],2,262,Pump RPM,828910164,1763322652,2573
1763322652911694434,[10 20  0  0  0  0  0  0],2,262,Pump RPM,911496131,1763322652,2580
1763322652994754416,[10 22  0  0  0  0  0  0],2,262,Pump RPM,994401105,1763322652,2582
1763322653086924813,[10 25  0  0  0  0  0  0],2,262,Pump RPM,86716846,1763322653,2585
1763322653200278527,[10 27  0  0  0  0  0  0],2,262,Pump RPM,199880032,1763322653,2587
1763322653283317648,[10 42  0  0  0  0  0  0],2,262,Pump RPM,282767953,1763322653,2602
1763322653395423268,[10 32  0  0  0  0  0  0],2,262,Pump RPM,394927237,1763322653,2592
1763322653488785439,[10 43  0  0  0  0  0  0],2,262,Pump RPM,488141185,1763322653,2603
1763322653603241582,[10 26  0  0  0  0  0  0],2,262,Pump RPM,601486130,1763322653,2586
1763322653685469441,[10 19  0  0  0  0  0  0],2,262,Pump RPM,684610499,1763322653,2579
1763322653829893297,[10 21  0  0  0  0  0  0],2,262,Pump RPM,828955859,1763322653,2581
1763322653911665317,[10 48  0  0  0  0  0  0],2,262,Pump RPM,911447686,1763322653,2608
1763322653993919032,[10 48  0  0  0  0  0  0],2,262,Pump RPM,993682232,1763322653,2608
1763322654087729878,[10 32  0  0  0  0  0  0],2,262,Pump RPM,86790360,1763322654,2592
1763322654201408779,[10 50  0  0  0  0  0  0],2,262,Pump RPM,200311438,1763322654,2610
1763322654293815181,[10 56  0  0  0  0  0  0],2,262,Pump RPM,293398765,1763322654,2616
1763322654397213303,[10 58  0  0  0  0  0  0],2,262,Pump RPM,396595384,1763322654,2618
1763322654490362295,[10 52  0  0  0  0  0  0],2,262,Pump RPM,490042584,1763322654,2612
1763322654607454981,[10 52  0  0  0  0  0  0],2,262,Pump RPM,606953222,1763322654,2612
1763322654687172257,[10 50  0  0  0  0  0  0],2,262,Pump RPM,685446276,1763322654,2610
1763322654829667739,[10 64  0  0  0  0  0  0],2,262,Pump RPM,828737308,1763322654,2624
1763322654912322416,[10 52  0  0  0  0  0  0],2,262,Pump RPM,911389266,1763322654,2612
1763322655011630755,[10 51  0  0  0  0  0  0],2,262,Pump RPM,11117060,1763322655,2611
1763322655093343550,[10 45  0  0  0  0  0  0],2,262,Pump RPM,93031839,1763322655,2605
1763322655206617113,[10 45  0  0  0  0  0  0],2,262,Pump RPM,205723931,1763322655,2605
1763322655288442963,[10 47  0  0  0  0  0  0],2,262,Pump RPM,288094388,1763322655,2607
1763322655402175277,[10 49  0  0  0  0  0  0],2,262,Pump RPM,400811088,1763322655,2609
1763322655493202645,[10 69  0  0  0  0  0  0],2,262,Pump RPM,492752726,1763322655,2629
1763322655606372816,[10 98  0  0  0  0  0  0],2,262,Pump RPM,605773522,1763322655,2658
1763322655690740070,[ 10 132   0   0   0   0   0   0],2,262,Pump RPM,689413448,1763322655,2692
1763322655834396035,[ 10 189   0   0   0   0   0   0],2,262,Pump RPM,833837476,1763322655,2749
1763322655916959548,[ 10 239   0   0   0   0   0   0],2,262,Pump RPM,916693341,1763322655,2799
1763322656009534049,[11 37  0  0  0  0  0  0],2,262,Pump RPM,8934050,1763322656,2853
1763322656093794266,[11 91  0  0  0  0  0  0],2,262,Pump RPM,93303675,1763322656,2907
1763322656208969270,[ 11 123   0   0   0   0   0   0],2,262,Pump RPM,208366231,1763322656,2939
1763322656293844014,[ 11 154   0   0   0   0   0   0],2,262,Pump RPM,292494032,1763322656,2970
1763322656404981010,[ 11 189   0   0   0   0   0   0],2,262,Pump RPM,404404307,1763322656,3005
1763322656498710008,[ 11 242   0   0   0   0   0   0],2,262,Pump RPM,497648730,1763322656,3058
1763322656612410903,[12 31  0  0  0  0  0  0],2,262,Pump RPM,611702616,1763322656,3103
1763322656695041491,[12 48  0  0  0  0  0  0],2,262,Pump RPM,694841107,1763322656,3120
1763322656839266101,[12 82  0  0  0  0  0  0],2,262,Pump RPM,838627926,1763322656,3154
1763322656921512434,[12 94  0  0  0  0  0  0],2,262,Pump RPM,921316883,1763322656,3166
1763322657006513802,[ 12 102   0   0   0   0   0   0],2,262,Pump RPM,5933195,1763322657,3174
1763322657099068214,[12 92  0  0  0  0  0  0],2,262,Pump RPM,98762839,1763322657,3164
1763322657212869465,[ 12 105   0   0   0   0   0   0],2,262,Pump RPM,212622298,1763322657,3177
1763322657295742489,[ 12 119   0   0   0   0   0   0],2,262,Pump RPM,294726811,1763322657,3191
1763322657410049851,[ 12 116   0   0   0   0   0   0],2,262,Pump RPM,407974751,1763322657,3188
1763322657501152042,[ 12 135   0   0   0   0   0   0],2,262,Pump RPM,500478507,1763322657,3207
1763322657614400590,[ 12 151   0   0   0   0   0   0],2,262,Pump RPM,613766768,1763322657,3223
1763322657697747245,[ 12 197   0   0   0   0   0   0],2,262,Pump RPM,696875278,1763322657,3269
1763322657843097715,[ 12 248   0   0   0   0   0   0],2,262,Pump RPM,842534804,1763322657,3320
1763322657926378769,[13  5  0  0  0  0  0  0],2,262,Pump RPM,925655059,1763322657,3333
1763322658009045809,[13 54  0  0  0  0  0  0],2,262,Pump RPM,8268434,1763322658,3382
1763322658102187840,[13 97  0  0  0  0  0  0],2,262,Pump RPM,101389890,1763322658,3425
1763322658216028904,[ 13 105   0   0   0   0   0   0],2,262,Pump RPM,215503593,1763322658,3433
1763322658299353802,[ 13 101   0   0   0   0   0   0],2,262,Pump RPM,298599403,1763322658,3429
1763322658412171059,[13 82  0  0  0  0  0  0],2,262,Pump RPM,411281781,1763322658,3410
1763322658504453316,[ 13 107   0   0   0   0   0   0],2,262,Pump RPM,503484006,1763322658,3435
1763322658617773261,[ 13 149   0   0   0   0   0   0],2,262,Pump RPM,616903983,1763322658,3477
1763322658701308526,[ 13 153   0   0   0   0   0   0],2,262,Pump RPM,700753007,1763322658,3481
1763322658843661248,[ 13 148   0   0   0   0   0   0],2,262,Pump RPM,842822882,1763322658,3476
1763322658926187395,[ 13 122   0   0   0   0   0   0],2,262,Pump RPM,925589060,1763322658,3450
1763322659019272371,[ 13 158   0   0   0   0   0   0],2,262,Pump RPM,19043988,1763322659,3486
1763322659101379387,[ 13 157   0   0   0   0   0   0],2,262,Pump RPM,101136763,1763322659,3485
1763322659215095399,[ 13 186   0   0   0   0   0   0],2,262,Pump RPM,214610312,1763322659,3514
1763322659307643515,[ 13 199   0   0   0   0   0   0],2,262,Pump RPM,307155228,1763322659,3527
1763322659421559016,[ 13 201   0   0   0   0   0   0],2,262,Pump RPM,420495562,1763322659,3529
1763322659504398638,[ 13 219   0   0   0   0   0   0],2,262,Pump RPM,503429040,1763322659,3547
1763322659619457944,[ 13 207   0   0   0   0   0   0],2,262,Pump RPM,616633693,1763322659,3535
1763322659700607137,[ 13 213   0   0   0   0   0   0],2,262,Pump RPM,700411394,1763322659,3541
1763322659847824912,[ 13 199   0   0   0   0   0   0],2,262,Pump RPM,847444912,1763322659,3527
1763322659929286488,[ 13 167   0   0   0   0   0   0],2,262,Pump RPM,928393626,1763322659,3495
1763322660021148462,[ 13 224   0   0   0   0   0   0],2,262,Pump RPM,20921583,1763322660,3552
1763322660104420887,[14 27  0  0  0  0  0  0],2,262,Pump RPM,103690520,1763322660,3611
1763322660217890825,[ 14 126   0   0   0   0   0   0],2,262,Pump RPM,216152236,1763322660,3710
1763322660309583298,[ 14 230   0   0   0   0   0   0],2,262,Pump RPM,309004035,1763322660,3814
1763322660422285205,[15  5  0  0  0  0  0  0],2,262,Pump RPM,421904662,1763322660,3845
1763322660505089759,[15 76  0  0  0  0  0  0],2,262,Pump RPM,504797631,1763322660,3916
1763322660618976688,[ 15 136   0   0   0   0   0   0],2,262,Pump RPM,618246001,1763322660,3976
1763322660711213064,[ 15 178   0   0   0   0   0   0],2,262,Pump RPM,710652361,1763322660,4018
1763322660846359251,[ 15 206   0   0   0   0   0   0],2,262,Pump RPM,846075347,1763322660,4046
1763322660929514076,[ 15 219   0   0   0   0   0   0],2,262,Pump RPM,928958621,1763322660,4059
1763322661022699155,[ 15 162   0   0   0   0   0   0],2,262,Pump RPM,22495859,1763322661,4002
1763322661105506624,[ 15 184   0   0   0   0   0   0],2,262,Pump RPM,105264032,1763322661,4024
1763322661219040118,[ 15 171   0   0   0   0   0   0],2,262,Pump RPM,218521047,1763322661,4011
1763322661311085619,[ 15 160   0   0   0   0   0   0],2,262,Pump RPM,310650964,1763322661,4000
1763322661424480745,[ 15 129   0   0   0   0   0   0],2,262,Pump RPM,423665643,1763322661,3969
1763322661517525476,[ 15 137   0   0   0   0   0   0],2,262,Pump RPM,517153413,1763322661,3977
1763322661620914445,[ 15 173   0   0   0   0   0   0],2,262,Pump RPM,620614573,1763322661,4013
1763322661713953511,[ 15 214   0   0   0   0   0   0],2,262,Pump RPM,713260169,1763322661,4054
1763322661860182916,[ 15 235   0   0   0   0   0   0],2,262,Pump RPM,856783690,1763322661,4075
1763322661940381365,[ 15 216   0   0   0   0   0   0],2,262,Pump RPM,939500151,1763322661,4056
1763322662022444772,[ 15 211   0   0   0   0   0   0],2,262,Pump RPM,21520134,1763322662,4051
1763322662118306174,[ 15 186   0   0   0   0   0   0],2,262,Pump RPM,117773759,1763322662,4026
1763322662221096843,[ 15 170   0   0   0   0   0   0],2,262,Pump RPM,220481324,1763322662,4010
1763322662314899081,[ 15 165   0   0   0   0   0   0],2,262,Pump RPM,313945898,1763322662,4005
1763322662428898691,[ 15 175   0   0   0   0   0   0],2,262,Pump RPM,428227812,1763322662,4015
1763322662511875891,[ 15 221   0   0   0   0   0   0],2,262,Pump RPM,511300788,1763322662,4061
1763322662626670668,[16 12  0  0  0  0  0  0],2,262,Pump RPM,623912656,1763322662,4108
1763322662717647566,[16 55  0  0  0  0  0  0],2,262,Pump RPM,716993775,1763322662,4151
1763322662861689620,[ 16 119   0   0   0   0   0   0],2,262,Pump RPM,860731957,1763322662,4215
1763322662944081157,[ 16 118   0   0   0   0   0   0],2,262,Pump RPM,943694437,1763322662,4214
1763322663029273554,[ 16 115   0   0   0   0   0   0],2,262,Pump RPM,28497043,1763322663,4211
1763322663121976053,[16 82  0  0  0  0  0  0],2,262,Pump RPM,121411606,1763322663,4178
1763322663228082433,[16 69  0  0  0  0  0  0],2,262,Pump RPM,227024931,1763322663,4165
1763322663318742215,[16 65  0  0  0  0  0  0],2,262,Pump RPM,318369320,1763322663,4161
1763322663432266887,[16 53  0  0  0  0  0  0],2,262,Pump RPM,431943816,1763322663,4149
1763322663514941979,[16 76  0  0  0  0  0  0],2,262,Pump RPM,514210908,1763322663,4172
1763322663628909370,[16 81  0  0  0  0  0  0],2,262,Pump RPM,628674810,1763322663,4177
1763322663722380507,[16 68  0  0  0  0  0  0],2,262,Pump RPM,721622845,1763322663,4164
1763322663866075912,[16 58  0  0  0  0  0  0],2,262,Pump RPM,865748040,1763322663,4154
1763322663949316763,[16 72  0  0  0  0  0  0],2,262,Pump RPM,948873403,1763322663,4168
1763322664032418735,[16 55  0  0  0  0  0  0],2,262,Pump RPM,31790256,1763322664,4151
1763322664125145462,[ 16 109   0   0   0   0   0   0],2,262,Pump RPM,124479671,1763322664,4205
1763322664227650028,[ 16 131   0   0   0   0   0   0],2,262,Pump RPM,227029709,1763322664,4227
1763322664320353939,[ 16 117   0   0   0   0   0   0],2,262,Pump RPM,319523796,1763322664,4213
1763322664433112696,[ 16 149   0   0   0   0   0   0],2,262,Pump RPM,432319866,1763322664,4245
1763322664524862240,[ 16 174   0   0   0   0   0   0],2,262,Pump RPM,524543265,1763322664,4270
1763322664627486423,[ 16 208   0   0   0   0   0   0],2,262,Pump RPM,627145783,1763322664,4304
1763322664722372538,[ 16 227   0   0   0   0   0   0],2,262,Pump RPM,721593083,1763322664,4323
1763322664867583114,[ 16 234   0   0   0   0   0   0],2,262,Pump RPM,866382412,1763322664,4330
1763322664951641279,[ 16 225   0   0   0   0   0   0],2,262,Pump RPM,949705090,1763322664,4321
1763322665033270681,[17 17  0  0  0  0  0  0],2,262,Pump RPM,32441690,1763322665,4369
1763322665125556836,[17 66  0  0  0  0  0  0],2,262,Pump RPM,124870245,1763322665,4418
1763322665238127406,[17 94  0  0  0  0  0  0],2,262,Pump RPM,237352559,1763322665,4446
1763322665320567721,[ 17 144   0   0   0   0   0   0],2,262,Pump RPM,319557355,1763322665,4496
1763322665433144436,[ 17 168   0   0   0   0   0   0],2,262,Pump RPM,432304821,1763322665,4520
1763322665525063007,[ 17 244   0   0   0   0   0   0],2,262,Pump RPM,524670304,1763322665,4596
1763322665639839302,[18 34  0  0  0  0  0  0],2,262,Pump RPM,638880200,1763322665,4642
1763322665721318755,[18 89  0  0  0  0  0  0],2,262,Pump RPM,720909155,1763322665,4697
1763322665866579640,[18 51  0  0  0  0  0  0],2,262,Pump RPM,864757947,1763322665,4659
1763322665948465300,[18 97  0  0  0  0  0  0],2,262,Pump RPM,947529238,1763322665,4705
1763322666041122464,[ 18 102   0   0   0   0   0   0],2,262,Pump RPM,40663233,1763322666,4710
1763322666125959899,[18 99  0  0  0  0  0  0],2,262,Pump RPM,124984348,1763322666,4707
1763322666238677833,[18 85  0  0  0  0  0  0],2,262,Pump RPM,237972746,1763322666,4693
1763322666332981301,[ 18 150   0   0   0   0   0   0],2,262,Pump RPM,332554326,1763322666,4758
1763322666436621554,[19 10  0  0  0  0  0  0],2,262,Pump RPM,436111411,1763322666,4874
1763322666528967937,[19 12  0  0  0  0  0  0],2,262,Pump RPM,528584897,1763322666,4876
1763322666643652556,[19 34  0  0  0  0  0  0],2,262,Pump RPM,642687758,1763322666,4898
1763322666726249066,[19 75  0  0  0  0  0  0],2,262,Pump RPM,725632427,1763322666,4939
1763322666871409254,[19 65  0  0  0  0  0  0],2,262,Pump RPM,870475527,1763322666,4929
1763322666955041506,[ 19 110   0   0   0   0   0   0],2,262,Pump RPM,954204548,1763322666,4974
1763322667038630624,[ 19 155   0   0   0   0   0   0],2,262,Pump RPM,37524546,1763322667,5019
1763322667130800435,[ 19 142   0   0   0   0   0   0],2,262,Pump RPM,130460628,1763322667,5006
1763322667244416933,[ 19 103   0   0   0   0   0   0],2,262,Pump RPM,243915302,1763322667,4967
1763322667329068163,[ 19 111   0   0   0   0   0   0],2,262,Pump RPM,326224488,1763322667,4975
1763322667438874203,[ 19 165   0   0   0   0   0   0],2,262,Pump RPM,438455612,1763322667,5029
1763322667532040940,[ 19 204   0   0   0   0   0   0],2,262,Pump RPM,530623822,1763322667,5068
1763322667647051516,[ 19 208   0   0   0   0   0   0],2,262,Pump RPM,646558205,1763322667,5072
1763322667727876320,[ 19 219   0   0   0   0   0   0],2,262,Pump RPM,727583808,1763322667,5083
1763322667872197379,[20 39  0  0  0  0  0  0],2,262,Pump RPM,871716932,1763322667,5159
1763322667956658657,[ 20 145   0   0   0   0   0   0],2,262,Pump RPM,956419490,1763322667,5265
1763322668039910275,[ 20 236   0   0   0   0   0   0],2,262,Pump RPM,38644037,1763322668,5356
1763322668132727769,[ 20 239   0   0   0   0   0   0],2,262,Pump RPM,132314457,1763322668,5359
1763322668244870513,[ 20 206   0   0   0   0   0   0],2,262,Pump RPM,244595826,1763322668,5326
1763322668337387879,[ 20 189   0   0   0   0   0   0],2,262,Pump RPM,336932264,1763322668,5309
1763322668441497004,[ 20 208   0   0   0   0   0   0],2,262,Pump RPM,440452110,1763322668,5328
1763322668533271011,[21 36  0  0  0  0  0  0],2,262,Pump RPM,532753220,1763322668,5412
1763322668645903099,[ 21 127   0   0   0   0   0   0],2,262,Pump RPM,645323900,1763322668,5503
1763322668739769935,[ 21 147   0   0   0   0   0   0],2,262,Pump RPM,738766288,1763322668,5523
1763322668873018952,[ 21 152   0   0   0   0   0   0],2,262,Pump RPM,872800552,1763322668,5528
1763322668956236268,[ 21 171   0   0   0   0   0   0],2,262,Pump RPM,955754765,1763322668,5547
1763322669049542466,[ 21 150   0   0   0   0   0   0],2,262,Pump RPM,48335972,1763322669,5526
1763322669142125532,[ 21 186   0   0   0   0   0   0],2,262,Pump RPM,140747326,1763322669,5562
1763322669244010728,[ 21 239   0   0   0   0   0   0],2,262,Pump RPM,243479945,1763322669,5615
1763322669337721504,[22 14  0  0  0  0  0  0],2,262,Pump RPM,336882625,1763322669,5646
1763322669450468924,[ 21 253   0   0   0   0   0   0],2,262,Pump RPM,450287356,1763322669,5629
1763322669533958499,[ 21 253   0   0   0   0   0   0],2,262,Pump RPM,533067236,1763322669,5629
1763322669647828670,[22 86  0  0  0  0  0  0],2,262,Pump RPM,646905247,1763322669,5718
1763322669738613594,[ 22 252   0   0   0   0   0   0],2,262,Pump RPM,738365018,1763322669,5884
1763322669883657031,[23 62  0  0  0  0  0  0],2,262,Pump RPM,882403305,1763322669,5950
1763322669965650928,[ 23 145   0   0   0   0   0   0],2,262,Pump RPM,965002833,1763322669,6033
1763322670048891065,[ 23 120   0   0   0   0   0   0],2,262,Pump RPM,48138874,1763322670,6008
1763322670145097393,[ 23 112   0   0   0   0   0   0],2,262,Pump RPM,143859091,1763322670,6000
1763322670255766773,[23 51  0  0  0  0  0  0],2,262,Pump RPM,255469589,1763322670,5939
1763322670339177759,[23 59  0  0  0  0  0  0],2,262,Pump RPM,338768576,1763322670,5947
1763322670452352799,[ 23 145   0   0   0   0   0   0],2,262,Pump RPM,451172865,1763322670,6033
1763322670544515485,[ 23 189   0   0   0   0   0   0],2,262,Pump RPM,543728702,1763322670,6077
1763322670651331206,[ 23 194   0   0   0   0   0   0],2,262,Pump RPM,647861291,1763322670,6082
1763322670742652198,[ 23 222   0   0   0   0   0   0],2,262,Pump RPM,742251046,1763322670,6110
1763322670888716951,[24 69  0  0  0  0  0  0],2,262,Pump RPM,887804985,1763322670,6213
1763322670973344928,[24 69  0  0  0  0  0  0],2,262,Pump RPM,972941792,1763322670,6213
1763322671056849708,[24 28  0  0  0  0  0  0],2,262,Pump RPM,56285485,1763322671,6172
1763322671142064439,[24 58  0  0  0  0  0  0],2,262,Pump RPM,139442299,1763322671,6202
1763322671254293437,[24 83  0  0  0  0  0  0],2,262,Pump RPM,253893598,1763322671,6227
1763322671345800672,[24 74  0  0  0  0  0  0],2,262,Pump RPM,345613888,1763322671,6218
1763322671460007267,[ 24 145   0   0   0   0   0   0],2,262,Pump RPM,459140580,1763322671,6289
1763322671542501362,[ 24 190   0   0   0   0   0   0],2,262,Pump RPM,541970515,1763322671,6334
1763322671655401111,[25 53  0  0  0  0  0  0],2,262,Pump RPM,654814040,1763322671,6453
1763322671748515575,[ 25 133   0   0   0   0   0   0],2,262,Pump RPM,747446521,1763322671,6533
1763322671882170272,[25 77  0  0  0  0  0  0],2,262,Pump RPM,881972928,1763322671,6477
1763322671965735501,[25 93  0  0  0  0  0  0],2,262,Pump RPM,965157742,1763322671,6493
1763322672058378000,[ 25 137   0   0   0   0   0   0],2,262,Pump RPM,58152913,1763322672,6537
1763322672151690932,[ 25 133   0   0   0   0   0   0],2,262,Pump RPM,150762261,1763322672,6533
1763322672253419629,[ 25 150   0   0   0   0   0   0],2,262,Pump RPM,253184813,1763322672,6550
1763322672347918543,[ 25 152   0   0   0   0   0   0],2,262,Pump RPM,346468305,1763322672,6552
1763322672459157339,[ 25 187   0   0   0   0   0   0],2,262,Pump RPM,458915643,1763322672,6587
1763322672541940908,[26  3  0  0  0  0  0  0],2,262,Pump RPM,541682637,1763322672,6659
1763322672655578517,[ 26 110   0   0   0   0   0   0],2,262,Pump RPM,654491158,1763322672,6766
1763322672750659894,[ 26 133   0   0   0   0   0   0],2,262,Pump RPM,750323063,1763322672,6789
1763322672894391671,[ 26 209   0   0   0   0   0   0],2,262,Pump RPM,894021175,1763322672,6865
1763322672979419430,[ 26 228   0   0   0   0   0   0],2,262,Pump RPM,976746953,1763322672,6884
1763322673060179580,[ 26 210   0   0   0   0   0   0],2,262,Pump RPM,59430237,1763322673,6866
1763322673154340323,[ 26 197   0   0   0   0   0   0],2,262,Pump RPM,153529284,1763322673,6853
1763322673257010206,[ 26 223   0   0   0   0   0   0],2,262,Pump RPM,256345695,1763322673,6879
1763322673348116584,[ 26 228   0   0   0   0   0   0],2,262,Pump RPM,347483721,1763322673,6884
1763322673461326678,[27  4  0  0  0  0  0  0],2,262,Pump RPM,460284215,1763322673,6916
1763322673552912640,[27 70  0  0  0  0  0  0],2,262,Pump RPM,552668192,1763322673,6982
1763322673656956281,[ 27 103   0   0   0   0   0   0],2,262,Pump RPM,656361402,1763322673,7015
1763322673750755584,[ 27 208   0   0   0   0   0   0],2,262,Pump RPM,749967233,1763322673,7120
1763322673896753444,[ 27 210   0   0   0   0   0   0],2,262,Pump RPM,895710245,1763322673,7122
1763322673979729688,[28 19  0  0  0  0  0  0],2,262,Pump RPM,979297401,1763322673,7187
1763322674064189582,[28 64  0  0  0  0  0  0],2,262,Pump RPM,63569166,1763322674,7232
1763322674157496249,[28 43  0  0  0  0  0  0],2,262,Pump RPM,156589818,1763322674,7211
1763322674260324600,[ 28 195   0   0   0   0   0   0],2,262,Pump RPM,259170617,1763322674,7363
1763322674352532101,[29 12  0  0  0  0  0  0],2,262,Pump RPM,351730726,1763322674,7436
1763322674465603255,[ 28 249   0   0   0   0   0   0],2,262,Pump RPM,464579448,1763322674,7417
1763322674558288611,[29 74  0  0  0  0  0  0],2,262,Pump RPM,557288996,1763322674,7498
1763322674661739873,[ 29 248   0   0   0   0   0   0],2,262,Pump RPM,660709827,1763322674,7672
1763322674753195087,[ 30 145   0   0   0   0   0   0],2,262,Pump RPM,752400240,1763322674,7825
1763322674896667035,[ 30 101   0   0   0   0   0   0],2,262,Pump RPM,895827996,1763322674,7781
1763322674982079600,[ 30 160   0   0   0   0   0   0],2,262,Pump RPM,981769041,1763322674,7840
1763322675064680651,[31 39  0  0  0  0  0  0],2,262,Pump RPM,64096012,1763322675,7975
1763322675161232502,[ 31 120   0   0   0   0   0   0],2,262,Pump RPM,160415063,1763322675,8056
1763322675263432538,[ 31 140   0   0   0   0   0   0],2,262,Pump RPM,262943259,1763322675,8076
1763322675356453354,[32 78  0  0  0  0  0  0],2,262,Pump RPM,355796970,1763322675,8270
1763322675469388353,[ 32 146   0   0   0   0   0   0],2,262,Pump RPM,468644962,1763322675,8338
1763322675561523217,[32 88  0  0  0  0  0  0],2,262,Pump RPM,560966002,1763322675,8280
1763322675664885812,[ 32 244   0   0   0   0   0   0],2,262,Pump RPM,664392660,1763322675,8436
1763322675758886466,[ 34 125   0   0   0   0   0   0],2,262,Pump RPM,757641635,1763322675,8829
1763322675903457523,[ 35 105   0   0   0   0   0   0],2,262,Pump RPM,902459764,1763322675,9065
1763322675986329678,[ 34 251   0   0   0   0   0   0],2,262,Pump RPM,985668367,1763322675,8955
1763322676070454283,[34 72  0  0  0  0  0  0],2,262,Pump RPM,69376716,1763322676,8776
1763322676162786462,[34 71  0  0  0  0  0  0],2,262,Pump RPM,161817408,1763322676,8775
1763322676265116550,[ 34 253   0   0   0   0   0   0],2,262,Pump RPM,264393223,1763322676,8957
1763322676358216441,[36 78  0  0  0  0  0  0],2,262,Pump RPM,357792794,1763322676,9294
1763322676471166261,[37 77  0  0  0  0  0  0],2,262,Pump RPM,470065558,1763322676,9549
1763322676564204008,[ 37 197   0   0   0   0   0   0],2,262,Pump RPM,563382729,1763322676,9669
1763322676666515920,[37 74  0  0  0  0  0  0],2,262,Pump RPM,666132112,1763322676,9546
1763322676759268003,[37 68  0  0  0  0  0  0],2,262,Pump RPM,759066883,1763322676,9540
1763322676905602999,[38 13  0  0  0  0  0  0],2,262,Pump RPM,904304857,1763322676,9741
1763322676987195576,[39 37  0  0  0  0  0  0],2,262,Pump RPM,987020184,1763322676,10021
1763322677072385335,[40 28  0  0  0  0  0  0],2,262,Pump RPM,69265658,1763322677,10268
1763322677162353649,[ 39 226   0   0   0   0   0   0],2,262,Pump RPM,162124849,1763322677,10210
1763322677275605200,[39 69  0  0  0  0  0  0],2,262,Pump RPM,275363473,1763322677,10053
1763322677368550375,[39 45  0  0  0  0  0  0],2,262,Pump RPM,368341415,1763322677,10029
1763322677473096945,[ 39 232   0   0   0   0   0   0],2,262,Pump RPM,471279251,1763322677,10216
1763322677565112520,[ 40 162   0   0   0   0   0   0],2,262,Pump RPM,564460937,1763322677,10402
1763322677678215336,[ 40 115   0   0   0   0   0   0],2,262,Pump RPM,677988936,1763322677,10355
1763322677760727339,[ 39 118   0   0   0   0   0   0],2,262,Pump RPM,760120555,1763322677,10102
1763322677906099238,[39 15  0  0  0  0  0  0],2,262,Pump RPM,905583495,1763322677,9999
1763322677991154310,[39 76  0  0  0  0  0  0],2,262,Pump RPM,989775303,1763322677,10060
1763322678074256554,[40 94  0  0  0  0  0  0],2,262,Pump RPM,72863244,1763322678,10334
1763322678165622438,[41 37  0  0  0  0  0  0],2,262,Pump RPM,164802343,1763322678,10533
1763322678278125675,[ 40 173   0   0   0   0   0   0],2,262,Pump RPM,277742092,1763322678,10413
1763322678370529702,[ 39 162   0   0   0   0   0   0],2,262,Pump RPM,369746727,1763322678,10146
1763322678475875283,[ 39 143   0   0   0   0   0   0],2,262,Pump RPM,475256980,1763322678,10127
1763322678570362092,[ 39 161   0   0   0   0   0   0],2,262,Pump RPM,567605903,1763322678,10145
1763322678684813775,[ 39 216   0   0   0   0   0   0],2,262,Pump RPM,683657712,1763322678,10200
1763322678766280054,[40 22  0  0  0  0  0  0],2,262,Pump RPM,765220407,1763322678,10262
1763322678910051928,[40 20  0  0  0  0  0  0],2,262,Pump RPM,909525785,1763322678,10260
1763322678993883133,[ 39 227   0   0   0   0   0   0],2,262,Pump RPM,993332253,1763322678,10211
1763322679076314629,[ 39 251   0   0   0   0   0   0],2,262,Pump RPM,75855174,1763322679,10235
1763322679169036836,[ 39 205   0   0   0   0   0   0],2,262,Pump RPM,167896805,1763322679,10189
1763322679283019788,[40 20  0  0  0  0  0  0],2,262,Pump RPM,282256748,1763322679,10260
1763322679365030837,[ 40 113   0   0   0   0   0   0],2,262,Pump RPM,364669718,1763322679,10353
1763322679478728701,[ 39 211   0   0   0   0   0   0],2,262,Pump RPM,478043166,1763322679,10195
1763322679571076636,[39 67  0  0  0  0  0  0],2,262,Pump RPM,570350173,1763322679,10051
1763322679686083715,[ 39 183   0   0   0   0   0   0],2,262,Pump RPM,683785733,1763322679,10167
1763322679766496846,[40 18  0  0  0  0  0  0],2,262,Pump RPM,766155086,1763322679,10258
1763322679909989847,[ 39 219   0   0   0   0   0   0],2,262,Pump RPM,909756887,1763322679,10203
1763322679993291999,[40 54  0  0  0  0  0  0],2,262,Pump RPM,993155615,1763322679,10294
1763322680086472256,[40 91  0  0  0  0  0  0],2,262,Pump RPM,86176736,1763322680,10331
1763322680169501996,[ 39 170   0   0   0   0   0   0],2,262,Pump RPM,168938860,1763322680,10154
1763322680284434199,[ 39 110   0   0   0   0   0   0],2,262,Pump RPM,283650744,1763322680,10094
1763322680370862815,[40 45  0  0  0  0  0  0],2,262,Pump RPM,368644642,1763322680,10285
1763322680483971821,[ 40 147   0   0   0   0   0   0],2,262,Pump RPM,482983854,1763322680,10387
1763322680576024655,[40 81  0  0  0  0  0  0],2,262,Pump RPM,575602224,1763322680,10321
1763322680689797628,[40  8  0  0  0  0  0  0],2,262,Pump RPM,688176510,1763322680,10248
1763322680770939722,[40 67  0  0  0  0  0  0],2,262,Pump RPM,770687082,1763322680,10307
1763322680921898192,[40 78  0  0  0  0  0  0],2,262,Pump RPM,921573457,1763322680,10318
1763322681005257756,[40 88  0  0  0  0  0  0],2,262,Pump RPM,4947900,1763322681,10328
1763322681088254763,[40 83  0  0  0  0  0  0],2,262,Pump RPM,87163148,1763322681,10323
1763322681171369402,[40 15  0  0  0  0  0  0],2,262,Pump RPM,170139323,1763322681,10255
1763322681285825066,[ 39 239   0   0   0   0   0   0],2,262,Pump RPM,285579370,1763322681,10223
1763322681377814161,[ 40 117   0   0   0   0   0   0],2,262,Pump RPM,377277329,1763322681,10357
1763322681482527626,[ 40 123   0   0   0   0   0   0],2,262,Pump RPM,482024171,1763322681,10363
1763322681575114096,[40 55  0  0  0  0  0  0],2,262,Pump RPM,574895312,1763322681,10295
1763322681689215041,[ 39 188   0   0   0   0   0   0],2,262,Pump RPM,688492258,1763322681,10172
1763322681781610727,[ 39 207   0   0   0   0   0   0],2,262,Pump RPM,780729256,1763322681,10191
1763322681915883076,[40 91  0  0  0  0  0  0],2,262,Pump RPM,915690500,1763322681,10331
1763322682000376753,[41 10  0  0  0  0  0  0],2,262,Pump RPM,74930,1763322682,10506
1763322682084008579,[ 40 151   0   0   0   0   0   0],2,262,Pump RPM,83582563,1763322682,10391
1763322682179474314,[ 40 104   0   0   0   0   0   0],2,262,Pump RPM,178110955,1763322682,10344
1763322682293048127,[40 85  0  0  0  0  0  0],2,262,Pump RPM,292074976,1763322682,10325
1763322682384524426,[40 31  0  0  0  0  0  0],2,262,Pump RPM,383839114,1763322682,10271
1763322682487387049,[ 40 169   0   0   0   0   0   0],2,262,Pump RPM,486947146,1763322682,10409
1763322682581402993,[ 40 242   0   0   0   0   0   0],2,262,Pump RPM,581088466,1763322682,10482
1763322682693980904,[40 88  0  0  0  0  0  0],2,262,Pump RPM,693776328,1763322682,10328
1763322682779827256,[40 23  0  0  0  0  0  0],2,262,Pump RPM,776429979,1763322682,10263
1763322682922784114,[40 21  0  0  0  0  0  0],2,262,Pump RPM,921792243,1763322682,10261
1763322683005280101,[40 86  0  0  0  0  0  0],2,262,Pump RPM,4525445,1763322683,10326
1763322683089122489,[ 40 185   0   0   0   0   0   0],2,262,Pump RPM,88754970,1763322683,10425
1763322683183893220,[40 32  0  0  0  0  0  0],2,262,Pump RPM,182972549,1763322683,10272
1763322683296263840,[ 39 184   0   0   0   0   0   0],2,262,Pump RPM,295428000,1763322683,10168
1763322683378406966,[40 57  0  0  0  0  0  0],2,262,Pump RPM,377546807,1763322683,10297
1763322683492370704,[41  0  0  0  0  0  0  0],2,262,Pump RPM,490732433,1763322683,10496
1763322683584881885,[ 40 204   0   0   0   0   0   0],2,262,Pump RPM,584206173,1763322683,10444
1763322683700723253,[40 12  0  0  0  0  0  0],2,262,Pump RPM,699597366,1763322683,10252
1763322683781341677,[ 39 154   0   0   0   0   0   0],2,262,Pump RPM,781098157,1763322683,10138
1763322683925980939,[ 39 170   0   0   0   0   0   0],2,262,Pump RPM,925296491,1763322683,10154
1763322684008675297,[40 32  0  0  0  0  0  0],2,262,Pump RPM,8400353,1763322684,10272
1763322684092037049,[ 40 101   0   0   0   0   0   0],2,262,Pump RPM,91438042,1763322684,10341
1763322684185295977,[40 58  0  0  0  0  0  0],2,262,Pump RPM,184901450,1763322684,10298
1763322684300264199,[40 13  0  0  0  0  0  0],2,262,Pump RPM,299741575,1763322684,10253
1763322684383655711,[40 41  0  0  0  0  0  0],2,262,Pump RPM,382403680,1763322684,10281
1763322684496273503,[40 67  0  0  0  0  0  0],2,262,Pump RPM,495557855,1763322684,10307
1763322684589554671,[40 88  0  0  0  0  0  0],2,262,Pump RPM,588682863,1763322684,10328
1763322684695071892,[40 79  0  0  0  0  0  0],2,262,Pump RPM,692187575,1763322684,10319
1763322684785548742,[40  9  0  0  0  0  0  0],2,262,Pump RPM,784404423,1763322684,10249
1763322684933721767,[ 39 167   0   0   0   0   0   0],2,262,Pump RPM,932670632,1763322684,10151
1763322685016487489,[ 39 240   0   0   0   0   0   0],2,262,Pump RPM,15656514,1763322685,10224
1763322685100028604,[40 93  0  0  0  0  0  0],2,262,Pump RPM,99560093,1763322685,10333
1763322685184161240,[40 87  0  0  0  0  0  0],2,262,Pump RPM,183771192,1763322685,10327
1763322685299062489,[40 44  0  0  0  0  0  0],2,262,Pump RPM,298054938,1763322685,10284
1763322685391619694,[ 39 199   0   0   0   0   0   0],2,262,Pump RPM,390586031,1763322685,10183
1763322685504484913,[ 39 200   0   0   0   0   0   0],2,262,Pump RPM,503841426,1763322685,10184
1763322685587386605,[ 40 128   0   0   0   0   0   0],2,262,Pump RPM,586850286,1763322685,10368
1763322685699561522,[ 40 162   0   0   0   0   0   0],2,262,Pump RPM,699396530,1763322685,10402
1763322685794262980,[ 39 211   0   0   0   0   0   0],2,262,Pump RPM,793717188,1763322685,10195
1763322685931548308,[ 38 247   0   0   0   0   0   0],2,262,Pump RPM,930684404,1763322685,9975
1763322686014257232,[ 38 226   0   0   0   0   0   0],2,262,Pump RPM,13464753,1763322686,9954
1763322686106180265,[ 39 100   0   0   0   0   0   0],2,262,Pump RPM,105914409,1763322686,10084
1763322686191868294,[40  4  0  0  0  0  0  0],2,262,Pump RPM,190618695,1763322686,10244
1763322686304885422,[ 39 235   0   0   0   0   0   0],2,262,Pump RPM,304392750,1763322686,10219
1763322686396567942,[ 39 176   0   0   0   0   0   0],2,262,Pump RPM,396347110,1763322686,10160
1763322686501618260,[ 39 198   0   0   0   0   0   0],2,262,Pump RPM,500799669,1763322686,10182
1763322686593968332,[ 39 186   0   0   0   0   0   0],2,262,Pump RPM,593395245,1763322686,10170
1763322686711896720,[ 39 220   0   0   0   0   0   0],2,262,Pump RPM,711038929,1763322686,10204
1763322686793531568,[40 13  0  0  0  0  0  0],2,262,Pump RPM,793250833,1763322686,10253
1763322686939682015,[ 39 212   0   0   0   0   0   0],2,262,Pump RPM,936864641,1763322686,10196
1763322687020985440,[ 39 208   0   0   0   0   0   0],2,262,Pump RPM,19433857,1763322687,10192
1763322687104415906,[40 76  0  0  0  0  0  0],2,262,Pump RPM,103372739,1763322687,10316
1763322687193972480,[ 40 114   0   0   0   0   0   0],2,262,Pump RPM,193800288,1763322687,10354
1763322687307505067,[40 52  0  0  0  0  0  0],2,262,Pump RPM,306741516,1763322687,10292
1763322687391996045,[ 40 110   0   0   0   0   0   0],2,262,Pump RPM,390101486,1763322687,10350
1763322687504598489,[40 62  0  0  0  0  0  0],2,262,Pump RPM,503442106,1763322687,10302
1763322687598004180,[ 39 160   0   0   0   0   0   0],2,262,Pump RPM,597566100,1763322687,10144
1763322687712165408,[39 96  0  0  0  0  0  0],2,262,Pump RPM,710434113,1763322687,10080
1763322687793699747,[ 39 191   0   0   0   0   0   0],2,262,Pump RPM,793362723,1763322687,10175
1763322687938339384,[40 28  0  0  0  0  0  0],2,262,Pump RPM,937779928,1763322687,10268
1763322688020259644,[39 95  0  0  0  0  0  0],2,262,Pump RPM,20062940,1763322688,10079
1763322688106657759,[ 38 196   0   0   0   0   0   0],2,262,Pump RPM,104787041,1763322688,9924
1763322688199124574,[ 38 169   0   0   0   0   0   0],2,262,Pump RPM,198944190,1763322688,9897
1763322688313409230,[ 38 240   0   0   0   0   0   0],2,262,Pump RPM,312681455,1763322688,9968
1763322688396268500,[ 38 109   0   0   0   0   0   0],2,262,Pump RPM,394785013,1763322688,9837
1763322688509589444,[38 61  0  0  0  0  0  0],2,262,Pump RPM,509053349,1763322688,9789
1763322688603205379,[38 33  0  0  0  0  0  0],2,262,Pump RPM,602262339,1763322688,9761
1763322688707435577,[ 36 207   0   0   0   0   0   0],2,262,Pump RPM,706080954,1763322688,9423
1763322688799887896,[ 35 255   0   0   0   0   0   0],2,262,Pump RPM,798898969,1763322688,9215
1763322688945365842,[36 64  0  0  0  0  0  0],2,262,Pump RPM,945112530,1763322688,9280
1763322689028489753,[36 11  0  0  0  0  0  0],2,262,Pump RPM,28285689,1763322689,9227
1763322689111293890,[35 12  0  0  0  0  0  0],2,262,Pump RPM,111096514,1763322689,8972
1763322689203317861,[ 33 231   0   0   0   0   0   0],2,262,Pump RPM,203080005,1763322689,8679
1763322689317865017,[ 33 251   0   0   0   0   0   0],2,262,Pump RPM,317497593,1763322689,8699
1763322689400181250,[ 33 226   0   0   0   0   0   0],2,262,Pump RPM,399495459,1763322689,8674
1763322689513712759,[ 32 180   0   0   0   0   0   0],2,262,Pump RPM,512925175,1763322689,8372
1763322689606140505,[ 32 172   0   0   0   0   0   0],2,262,Pump RPM,605254298,1763322689,8364
1763322689708409366,[33 79  0  0  0  0  0  0],2,262,Pump RPM,707650230,1763322689,8527
1763322689801284280,[33 72  0  0  0  0  0  0],2,262,Pump RPM,800930712,1763322689,8520
1763322689944621849,[ 32 220   0   0   0   0   0   0],2,262,Pump RPM,944384665,1763322689,8412
1763322690027518083,[ 32 139   0   0   0   0   0   0],2,262,Pump RPM,27173795,1763322690,8331
1763322690111109423,[32 16  0  0  0  0  0  0],2,262,Pump RPM,110531631,1763322690,8208
1763322690202494165,[ 31 212   0   0   0   0   0   0],2,262,Pump RPM,202144662,1763322690,8148
1763322690316790670,[31  6  0  0  0  0  0  0],2,262,Pump RPM,316121710,1763322690,7942
1763322690410980947,[30 33  0  0  0  0  0  0],2,262,Pump RPM,408257973,1763322690,7713
1763322690511663540,[ 29 227   0   0   0   0   0   0],2,262,Pump RPM,511034005,1763322690,7651
1763322690606027001,[ 29 216   0   0   0   0   0   0],2,262,Pump RPM,605247418,1763322690,7640
1763322690717541940,[ 29 222   0   0   0   0   0   0],2,262,Pump RPM,716778292,1763322690,7646
1763322690809810650,[30 13  0  0  0  0  0  0],2,262,Pump RPM,809366042,1763322690,7693
1763322690944056230,[30 16  0  0  0  0  0  0],2,262,Pump RPM,943547494,1763322690,7696
1763322691026748723,[30  7  0  0  0  0  0  0],2,262,Pump RPM,26526451,1763322691,7687
1763322691120744732,[ 29 201   0   0   0   0   0   0],2,262,Pump RPM,119803837,1763322691,7625
1763322691205565610,[ 29 190   0   0   0   0   0   0],2,262,Pump RPM,203111660,1763322691,7614
1763322691322227814,[29 43  0  0  0  0  0  0],2,262,Pump RPM,321325446,1763322691,7467
1763322691404541654,[ 28 205   0   0   0   0   0   0],2,262,Pump RPM,403693238,1763322691,7373
1763322691519001266,[ 28 172   0   0   0   0   0   0],2,262,Pump RPM,518025235,1763322691,7340
1763322691610266941,[28 35  0  0  0  0  0  0],2,262,Pump RPM,609463613,1763322691,7203
1763322691722548059,[27 43  0  0  0  0  0  0],2,262,Pump RPM,722311035,1763322691,6955
1763322691805021739,[27  0  0  0  0  0  0  0],2,262,Pump RPM,804223659,1763322691,6912
1763322691948972598,[27  1  0  0  0  0  0  0],2,262,Pump RPM,948528439,1763322691,6913
1763322692032625446,[ 26 131   0   0   0   0   0   0],2,262,Pump RPM,31623143,1763322692,6787
1763322692124595156,[26 66  0  0  0  0  0  0],2,262,Pump RPM,124359124,1763322692,6722
1763322692207601543,[26 86  0  0  0  0  0  0],2,262,Pump RPM,206888071,1763322692,6742
1763322692320087689,[ 26 102   0   0   0   0   0   0],2,262,Pump RPM,319764457,1763322692,6758
1763322692414346677,[26 69  0  0  0  0  0  0],2,262,Pump RPM,413777206,1763322692,6725
1763322692520753819,[ 25 209   0   0   0   0   0   0],2,262,Pump RPM,520121051,1763322692,6609
1763322692613839336,[25 37  0  0  0  0  0  0],2,262,Pump RPM,613461640,1763322692,6437
1763322692727780585,[ 24 176   0   0   0   0   0   0],2,262,Pump RPM,727307914,1763322692,6320
1763322692809601245,[ 24 183   0   0   0   0   0   0],2,262,Pump RPM,809370365,1763322692,6327
1763322692954398797,[ 24 233   0   0   0   0   0   0],2,262,Pump RPM,953755694,1763322692,6377
1763322693037534017,[25 14  0  0  0  0  0  0],2,262,Pump RPM,37175457,1763322693,6414
1763322693119350007,[ 24 242   0   0   0   0   0   0],2,262,Pump RPM,119124695,1763322693,6386
1763322693213999239,[24 50  0  0  0  0  0  0],2,262,Pump RPM,213702919,1763322693,6194
1763322693327794381,[ 23 200   0   0   0   0   0   0],2,262,Pump RPM,327029070,1763322693,6088
1763322693409485476,[ 23 176   0   0   0   0   0   0],2,262,Pump RPM,409115204,1763322693,6064
1763322693522650890,[ 23 207   0   0   0   0   0   0],2,262,Pump RPM,522399658,1763322693,6095
1763322693615536635,[ 23 132   0   0   0   0   0   0],2,262,Pump RPM,615225147,1763322693,6020
1763322693728850721,[23 98  0  0  0  0  0  0],2,262,Pump RPM,727925953,1763322693,5986
1763322693820388210,[ 23 108   0   0   0   0   0   0],2,262,Pump RPM,819581331,1763322693,5996
1763322693954881678,[23 98  0  0  0  0  0  0],2,262,Pump RPM,953622126,1763322693,5986
1763322694036582757,[23 23  0  0  0  0  0  0],2,262,Pump RPM,36379493,1763322694,5911
1763322694130567033,[22  9  0  0  0  0  0  0],2,262,Pump RPM,130022265,1763322694,5641
1763322694215823185,[ 21 155   0   0   0   0   0   0],2,262,Pump RPM,214225714,1763322694,5531
1763322694330241371,[ 21 146   0   0   0   0   0   0],2,262,Pump RPM,328725820,1763322694,5522
1763322694424406446,[21 79  0  0  0  0  0  0],2,262,Pump RPM,423409199,1763322694,5455
1763322694526828318,[ 20 244   0   0   0   0   0   0],2,262,Pump RPM,526320958,1763322694,5364
1763322694620751922,[ 20 162   0   0   0   0   0   0],2,262,Pump RPM,618386259,1763322694,5282
1763322694731909278,[ 20 134   0   0   0   0   0   0],2,262,Pump RPM,731493054,1763322694,5254
1763322694815354934,[ 20 196   0   0   0   0   0   0],2,262,Pump RPM,814521847,1763322694,5316
1763322694960190930,[ 20 211   0   0   0   0   0   0],2,262,Pump RPM,959355058,1763322694,5331
1763322695042700973,[ 20 204   0   0   0   0   0   0],2,262,Pump RPM,42217645,1763322695,5324
1763322695127086280,[ 20 197   0   0   0   0   0   0],2,262,Pump RPM,126019017,1763322695,5317
1763322695219794080,[ 20 134   0   0   0   0   0   0],2,262,Pump RPM,219583744,1763322695,5254
1763322695332969391,[20 65  0  0  0  0  0  0],2,262,Pump RPM,332395759,1763322695,5185
1763322695419313194,[20 19  0  0  0  0  0  0],2,262,Pump RPM,417145706,1763322695,5139
1763322695532470521,[ 19 229   0   0   0   0   0   0],2,262,Pump RPM,530632249,1763322695,5093
1763322695625795728,[ 19 207   0   0   0   0   0   0],2,262,Pump RPM,624157745,1763322695,5071
1763322695739236799,[ 19 172   0   0   0   0   0   0],2,262,Pump RPM,737921344,1763322695,5036
1763322695820935388,[ 19 157   0   0   0   0   0   0],2,262,Pump RPM,820663580,1763322695,5021
1763322695968184348,[19 82  0  0  0  0  0  0],2,262,Pump RPM,967926684,1763322695,4946
1763322696053324153,[19 81  0  0  0  0  0  0],2,262,Pump RPM,52949561,1763322696,4945
1763322696137138136,[19 27  0  0  0  0  0  0],2,262,Pump RPM,136200376,1763322696,4891
1763322696220958391,[ 18 206   0   0   0   0   0   0],2,262,Pump RPM,220500887,1763322696,4814
1763322696334415466,[ 18 201   0   0   0   0   0   0],2,262,Pump RPM,334125066,1763322696,4809
1763322696428470597,[ 18 158   0   0   0   0   0   0],2,262,Pump RPM,427636997,1763322696,4766
1763322696532491964,[ 18 170   0   0   0   0   0   0],2,262,Pump RPM,531765980,1763322696,4778
1763322696624873303,[ 18 120   0   0   0   0   0   0],2,262,Pump RPM,624305208,1763322696,4728
1763322696738172779,[18 76  0  0  0  0  0  0],2,262,Pump RPM,737347563,1763322696,4684
1763322696830361190,[18 59  0  0  0  0  0  0],2,262,Pump RPM,829997894,1763322696,4667
1763322696964489521,[18 12  0  0  0  0  0  0],2,262,Pump RPM,963658706,1763322696,4620
1763322697047390354,[ 17 215   0   0   0   0   0   0],2,262,Pump RPM,47097170,1763322697,4567
1763322697141429553,[ 17 159   0   0   0   0   0   0],2,262,Pump RPM,141221201,1763322697,4511
1763322697224952307,[17 86  0  0  0  0  0  0],2,262,Pump RPM,224701267,1763322697,4438
1763322697338477706,[17 46  0  0  0  0  0  0],2,262,Pump RPM,337583115,1763322697,4398
1763322697431035465,[17 18  0  0  0  0  0  0],2,262,Pump RPM,430146730,1763322697,4370
1763322697536217956,[ 16 181   0   0   0   0   0   0],2,262,Pump RPM,533111429,1763322697,4277
1763322697628358819,[ 16 109   0   0   0   0   0   0],2,262,Pump RPM,627650819,1763322697,4205
1763322697742265114,[ 16 113   0   0   0   0   0   0],2,262,Pump RPM,741363963,1763322697,4209
1763322697833532506,[ 16 135   0   0   0   0   0   0],2,262,Pump RPM,833339578,1763322697,4231
1763322697966709962,[ 16 173   0   0   0   0   0   0],2,262,Pump RPM,966525738,1763322697,4269
1763322698052576749,[ 16 195   0   0   0   0   0   0],2,262,Pump RPM,52273261,1763322698,4291
1763322698142819249,[ 16 192   0   0   0   0   0   0],2,262,Pump RPM,142500913,1763322698,4288
1763322698226132694,[ 16 149   0   0   0   0   0   0],2,262,Pump RPM,225810134,1763322698,4245
1763322698340422642,[16 85  0  0  0  0  0  0],2,262,Pump RPM,340131442,1763322698,4181
1763322698434642516,[16  5  0  0  0  0  0  0],2,262,Pump RPM,433949108,1763322698,4101
1763322698546924496,[ 15 222   0   0   0   0   0   0],2,262,Pump RPM,545718320,1763322698,4062
1763322698631024789,[ 15 217   0   0   0   0   0   0],2,262,Pump RPM,630183509,1763322698,4057
1763322698743487409,[ 15 168   0   0   0   0   0   0],2,262,Pump RPM,743306545,1763322698,4008
1763322698837726963,[15 99  0  0  0  0  0  0],2,262,Pump RPM,837293235,1763322698,3939
1763322698973389544,[15 59  0  0  0  0  0  0],2,262,Pump RPM,972252456,1763322698,3899
1763322699055399568,[15 52  0  0  0  0  0  0],2,262,Pump RPM,55168656,1763322699,3892
1763322699148288246,[15 18  0  0  0  0  0  0],2,262,Pump RPM,147949526,1763322699,3858
1763322699231458718,[15  3  0  0  0  0  0  0],2,262,Pump RPM,230742591,1763322699,3843
1763322699346040638,[15 10  0  0  0  0  0  0],2,262,Pump RPM,345801310,1763322699,3850
1763322699438480356,[ 14 232   0   0   0   0   0   0],2,262,Pump RPM,437593348,1763322699,3816
1763322699544706470,[ 14 180   0   0   0   0   0   0],2,262,Pump RPM,541717287,1763322699,3764
1763322699637771820,[ 14 119   0   0   0   0   0   0],2,262,Pump RPM,636942316,1763322699,3703
1763322699750360301,[14 66  0  0  0  0  0  0],2,262,Pump RPM,749605421,1763322699,3650
1763322699832586710,[14  3  0  0  0  0  0  0],2,262,Pump RPM,831637110,1763322699,3587
1763322699977624013,[ 13 204   0   0   0   0   0   0],2,262,Pump RPM,977218605,1763322699,3532
1763322700061256376,[ 13 161   0   0   0   0   0   0],2,262,Pump RPM,59805304,1763322700,3489
1763322700143413284,[ 13 121   0   0   0   0   0   0],2,262,Pump RPM,142716100,1763322700,3449
1763322700236619661,[13 79  0  0  0  0  0  0],2,262,Pump RPM,235834093,1763322700,3407
1763322700349436850,[13 62  0  0  0  0  0  0],2,262,Pump RPM,348342514,1763322700,3390
1763322700441616731,[13 76  0  0  0  0  0  0],2,262,Pump RPM,440919515,1763322700,3404
1763322700544621922,[13 52  0  0  0  0  0  0],2,262,Pump RPM,544321314,1763322700,3380
1763322700644345738,[13  7  0  0  0  0  0  0],2,262,Pump RPM,642293354,1763322700,3335
1763322700744681138,[ 12 218   0   0   0   0   0   0],2,262,Pump RPM,744275218,1763322700,3290
1763322700837675323,[ 12 169   0   0   0   0   0   0],2,262,Pump RPM,837393115,1763322700,3241
1763322700982483128,[ 12 152   0   0   0   0   0   0],2,262,Pump RPM,981632472,1763322700,3224
1763322701066509062,[ 12 124   0   0   0   0   0   0],2,262,Pump RPM,64181446,1763322701,3196
1763322701146793909,[12 84  0  0  0  0  0  0],2,262,Pump RPM,146244117,1763322701,3156
1763322701242121634,[12 37  0  0  0  0  0  0],2,262,Pump RPM,241227618,1763322701,3109
1763322701354136651,[ 11 242   0   0   0   0   0   0],2,262,Pump RPM,353761931,1763322701,3058
1763322701437082234,[ 11 252   0   0   0   0   0   0],2,262,Pump RPM,436108666,1763322701,3068
1763322701549395619,[ 11 253   0   0   0   0   0   0],2,262,Pump RPM,548669603,1763322701,3069
1763322701642055536,[ 11 225   0   0   0   0   0   0],2,262,Pump RPM,641463440,1763322701,3041
1763322701754569305,[ 11 227   0   0   0   0   0   0],2,262,Pump RPM,753788089,1763322701,3043
1763322701846867846,[ 11 238   0   0   0   0   0   0],2,262,Pump RPM,846095622,1763322701,3054
1763322701979737802,[ 11 220   0   0   0   0   0   0],2,262,Pump RPM,979493163,1763322701,3036
1763322702062595804,[ 11 173   0   0   0   0   0   0],2,262,Pump RPM,62242204,1763322702,2989
1763322702155035628,[ 11 136   0   0   0   0   0   0],2,262,Pump RPM,154658348,1763322702,2952
1763322702247166845,[ 11 111   0   0   0   0   0   0],2,262,Pump RPM,246934109,1763322702,2927
1763322702349989676,[11 81  0  0  0  0  0  0],2,262,Pump RPM,349623084,1763322702,2897
1763322702443551388,[11 69  0  0  0  0  0  0],2,262,Pump RPM,443340860,1763322702,2885
1763322702557898025,[11 38  0  0  0  0  0  0],2,262,Pump RPM,557084521,1763322702,2854
1763322702641174043,[11  6  0  0  0  0  0  0],2,262,Pump RPM,640065243,1763322702,2822
1763322702755819304,[ 10 219   0   0   0   0   0   0],2,262,Pump RPM,755208264,1763322702,2779
1763322702848333880,[ 10 125   0   0   0   0   0   0],2,262,Pump RPM,848107192,1763322702,2685
1763322702982033858,[10 55  0  0  0  0  0  0],2,262,Pump RPM,981726658,1763322702,2615
1763322703065003158,[10 11  0  0  0  0  0  0],2,262,Pump RPM,64748534,1763322703,2571
1763322703158095434,[  9 253   0   0   0   0   0   0],2,262,Pump RPM,157782634,1763322703,2557
1763322703251072894,[10  6  0  0  0  0  0  0],2,262,Pump RPM,250350878,1763322703,2566
1763322703354415025,[10 10  0  0  0  0  0  0],2,262,Pump RPM,353443025,1763322703,2570
1763322703445870789,[10 23  0  0  0  0  0  0],2,262,Pump RPM,445445829,1763322703,2583
1763322703560319030,[10 46  0  0  0  0  0  0],2,262,Pump RPM,559074454,1763322703,2606
1763322703652700138,[10 31  0  0  0  0  0  0],2,262,Pump RPM,652191370,1763322703,2591
1763322703756483421,[10  6  0  0  0  0  0  0],2,262,Pump RPM,754821341,1763322703,2566
1763322703849346513,[  9 240   0   0   0   0   0   0],2,262,Pump RPM,848545297,1763322703,2544
1763322703995028062,[  9 211   0   0   0   0   0   0],2,262,Pump RPM,994557118,1763322703,2515
1763322704076828502,[  9 179   0   0   0   0   0   0],2,262,Pump RPM,76057014,1763322704,2483
1763322704159418926,[  9 178   0   0   0   0   0   0],2,262,Pump RPM,158658574,1763322704,2482
1763322704251697254,[  9 189   0   0   0   0   0   0],2,262,Pump RPM,250916774,1763322704,2493
1763322704357190748,[  9 191   0   0   0   0   0   0],2,262,Pump RPM,356493020,1763322704,2495
1763322704450241331,[  9 169   0   0   0   0   0   0],2,262,Pump RPM,449470675,1763322704,2473
1763322704564383529,[  9 138   0   0   0   0   0   0],2,262,Pump RPM,563422569,1763322704,2442
1763322704645823681,[ 9 89  0  0  0  0  0  0],2,262,Pump RPM,645590625,1763322704,2393
1763322704760376855,[ 9 50  0  0  0  0  0  0],2,262,Pump RPM,759752983,1763322704,2354
1763322704854179790,[9 8 0 0 0 0 0 0],2,262,Pump RPM,852721678,1763322704,2312
1763322704997937857,[  8 233   0   0   0   0   0   0],2,262,Pump RPM,996983297,1763322704,2281
1763322705083053052,[  8 225   0   0   0   0   0   0],2,262,Pump RPM,79552828,1763322705,2273
1763322705162582008,[  8 199   0   0   0   0   0   0],2,262,Pump RPM,161698584,1763322705,2247
1763322705255882899,[  8 189   0   0   0   0   0   0],2,262,Pump RPM,255261331,1763322705,2237
1763322705361265069,[  8 202   0   0   0   0   0   0],2,262,Pump RPM,360281069,1763322705,2250
1763322705452557192,[  8 204   0   0   0   0   0   0],2,262,Pump RPM,452137928,1763322705,2252
1763322705568419682,[  8 187   0   0   0   0   0   0],2,262,Pump RPM,567900066,1763322705,2235
1763322705651631357,[  8 153   0   0   0   0   0   0],2,262,Pump RPM,650741245,1763322705,2201
1763322705764550071,[  8 130   0   0   0   0   0   0],2,262,Pump RPM,764344343,1763322705,2178
1763322705857822898,[  8 121   0   0   0   0   0   0],2,262,Pump RPM,857611762,1763322705,2169
1763322705991883594,[  8 107   0   0   0   0   0   0],2,262,Pump RPM,991111754,1763322705,2155
1763322706075046985,[ 8 81  0  0  0  0  0  0],2,262,Pump RPM,73929801,1763322706,2129
1763322706164158055,[ 8 76  0  0  0  0  0  0],2,262,Pump RPM,163884103,1763322706,2124
1763322706257547461,[ 8 55  0  0  0  0  0  0],2,262,Pump RPM,256994469,1763322706,2103
1763322706371316899,[ 8 36  0  0  0  0  0  0],2,262,Pump RPM,370792163,1763322706,2084
1763322706454118018,[ 8 43  0  0  0  0  0  0],2,262,Pump RPM,453343074,1763322706,2091
1763322706567434208,[ 8 13  0  0  0  0  0  0],2,262,Pump RPM,566889376,1763322706,2061
1763322706659579454,[ 8 19  0  0  0  0  0  0],2,262,Pump RPM,658936734,1763322706,2067
1763322706774792189,[ 8 21  0  0  0  0  0  0],2,262,Pump RPM,774428669,1763322706,2069
1763322706856109595,[  7 249   0   0   0   0   0   0],2,262,Pump RPM,855647035,1763322706,2041
1763322707002825049,[  7 225   0   0   0   0   0   0],2,262,Pump RPM,1842329,1763322707,2017
1763322707087340890,[  7 219   0   0   0   0   0   0],2,262,Pump RPM,85029306,1763322707,2011
1763322707167575388,[  7 195   0   0   0   0   0   0],2,262,Pump RPM,167014172,1763322707,1987
1763322707261313534,[  7 113   0   0   0   0   0   0],2,262,Pump RPM,260992414,1763322707,1905
1763322707374351872,[ 7 68  0  0  0  0  0  0],2,262,Pump RPM,373988064,1763322707,1860
1763322707457629570,[ 7 43  0  0  0  0  0  0],2,262,Pump RPM,456312354,1763322707,1835
1763322707570849636,[ 7 40  0  0  0  0  0  0],2,262,Pump RPM,570528516,1763322707,1832
1763322707664610470,[ 7 23  0  0  0  0  0  0],2,262,Pump RPM,663973222,1763322707,1815
1763322707767158824,[ 7 24  0  0  0  0  0  0],2,262,Pump RPM,766581512,1763322707,1816
1763322707859753322,[ 7 33  0  0  0  0  0  0],2,262,Pump RPM,859041546,1763322707,1825
1763322708008339661,[ 7 43  0  0  0  0  0  0],2,262,Pump RPM,6266765,1763322708,1835
1763322708092261938,[ 7 52  0  0  0  0  0  0],2,262,Pump RPM,92112018,1763322708,1844
1763322708175864375,[ 7 24  0  0  0  0  0  0],2,262,Pump RPM,175476599,1763322708,1816
1763322708257856891,[7 3 0 0 0 0 0 0],2,262,Pump RPM,257389051,1763322708,1795
1763322708374634978,[  6 241   0   0   0   0   0   0],2,262,Pump RPM,374159970,1763322708,1777
1763322708473477384,[  6 211   0   0   0   0   0   0],2,262,Pump RPM,472714216,1763322708,1747
1763322708576869742,[  6 196   0   0   0   0   0   0],2,262,Pump RPM,576037166,1763322708,1732
1763322708659110450,[  6 174   0   0   0   0   0   0],2,262,Pump RPM,658377170,1763322708,1710
1763322708772342009,[  6 146   0   0   0   0   0   0],2,262,Pump RPM,771746201,1763322708,1682
1763322708864869502,[  6 107   0   0   0   0   0   0],2,262,Pump RPM,864249854,1763322708,1643
1763322709009176295,[ 6 96  0  0  0  0  0  0],2,262,Pump RPM,8727047,1763322709,1632
1763322709096034287,[ 6 86  0  0  0  0  0  0],2,262,Pump RPM,95355567,1763322709,1622
1763322709176809719,[ 6 58  0  0  0  0  0  0],2,262,Pump RPM,176372951,1763322709,1594
1763322709270933247,[ 6 48  0  0  0  0  0  0],2,262,Pump RPM,270225503,1763322709,1584
1763322709374822441,[ 6 45  0  0  0  0  0  0],2,262,Pump RPM,373749353,1763322709,1581
1763322709466470578,[ 6 28  0  0  0  0  0  0],2,262,Pump RPM,466051826,1763322709,1564
1763322709578781213,[ 6 18  0  0  0  0  0  0],2,262,Pump RPM,578421341,1763322709,1554
1763322709671737925,[ 6 17  0  0  0  0  0  0],2,262,Pump RPM,670965061,1763322709,1553
1763322709774761519,[ 6 21  0  0  0  0  0  0],2,262,Pump RPM,773908527,1763322709,1557
1763322709866707064,[  5 212   0   0   0   0   0   0],2,262,Pump RPM,866258136,1763322709,1492
1763322710011001126,[  5 194   0   0   0   0   0   0],2,262,Pump RPM,10506278,1763322710,1474
1763322710097662481,[  5 185   0   0   0   0   0   0],2,262,Pump RPM,97403377,1763322710,1465
1763322710179218204,[  5 189   0   0   0   0   0   0],2,262,Pump RPM,178996700,1763322710,1469
1763322710272075528,[  5 188   0   0   0   0   0   0],2,262,Pump RPM,271519688,1763322710,1468
1763322710378566038,[  5 197   0   0   0   0   0   0],2,262,Pump RPM,376632214,1763322710,1477
1763322710470564130,[  5 202   0   0   0   0   0   0],2,262,Pump RPM,469822626,1763322710,1482
1763322710576241552,[  5 212   0   0   0   0   0   0],2,262,Pump RPM,575324752,1763322710,1492
1763322710669668061,[  5 222   0   0   0   0   0   0],2,262,Pump RPM,669358973,1763322710,1502
1763322710785107052,[  5 228   0   0   0   0   0   0],2,262,Pump RPM,784142764,1763322710,1508
1763322710866248919,[  5 234   0   0   0   0   0   0],2,262,Pump RPM,865652310,1763322710,1514
1763322711013350922,[  5 241   0   0   0   0   0   0],2,262,Pump RPM,12806730,1763322711,1521
1763322711096898136,[  5 230   0   0   0   0   0   0],2,262,Pump RPM,96476792,1763322711,1510
1763322711180037862,[  5 232   0   0   0   0   0   0],2,262,Pump RPM,179138342,1763322711,1512
1763322711272560982,[  5 231   0   0   0   0   0   0],2,262,Pump RPM,271412214,1763322711,1511
1763322711385372265,[  5 250   0   0   0   0   0   0],2,262,Pump RPM,385161033,1763322711,1530
1763322711477970457,[  5 252   0   0   0   0   0   0],2,262,Pump RPM,477445689,1763322711,1532
1763322711580520266,[  5 248   0   0   0   0   0   0],2,262,Pump RPM,580299210,1763322711,1528
1763322711676115802,[  5 250   0   0   0   0   0   0],2,262,Pump RPM,675442586,1763322711,1530
1763322711788385773,[  5 246   0   0   0   0   0   0],2,262,Pump RPM,788113581,1763322711,1526
1763322711870666683,[  5 251   0   0   0   0   0   0],2,262,Pump RPM,870446875,1763322711,1531
1763322712022193429,[  5 247   0   0   0   0   0   0],2,262,Pump RPM,22016981,1763322712,1527
1763322712108604903,[  5 242   0   0   0   0   0   0],2,262,Pump RPM,105486054,1763322712,1522
1763322712188025463,[  5 242   0   0   0   0   0   0],2,262,Pump RPM,187561751,1763322712,1522
1763322712280608331,[  5 241   0   0   0   0   0   0],2,262,Pump RPM,279726026,1763322712,1521
1763322712385728544,[  5 246   0   0   0   0   0   0],2,262,Pump RPM,385414656,1763322712,1526
1763322712479199955,[  5 254   0   0   0   0   0   0],2,262,Pump RPM,478898163,1763322712,1534
1763322712591590539,[6 4 0 0 0 0 0 0],2,262,Pump RPM,590386602,1763322712,1540
1763322712674757660,[  5 245   0   0   0   0   0   0],2,262,Pump RPM,674215196,1763322712,1525
1763322712787645139,[  5 233   0   0   0   0   0   0],2,262,Pump RPM,786863123,1763322712,1513
1763322712879691686,[  5 228   0   0   0   0   0   0],2,262,Pump RPM,879204998,1763322712,1508
1763322713024257060,[  5 224   0   0   0   0   0   0],2,262,Pump RPM,23407460,1763322713,1504
1763322713107340217,[  5 224   0   0   0   0   0   0],2,262,Pump RPM,106497176,1763322713,1504
1763322713190918029,[  5 222   0   0   0   0   0   0],2,262,Pump RPM,188886860,1763322713,1502
1763322713282711427,[  5 221   0   0   0   0   0   0],2,262,Pump RPM,281767843,1763322713,1501
1763322713386510524,[  5 221   0   0   0   0   0   0],2,262,Pump RPM,385163132,1763322713,1501
1763322713478789715,[  5 231   0   0   0   0   0   0],2,262,Pump RPM,478398995,1763322713,1511
1763322713593463887,[  5 241   0   0   0   0   0   0],2,262,Pump RPM,593057327,1763322713,1521
1763322713676421507,[  5 243   0   0   0   0   0   0],2,262,Pump RPM,675981219,1763322713,1523
1763322713789573470,[  5 231   0   0   0   0   0   0],2,262,Pump RPM,789360286,1763322713,1511
1763322713883040437,[  5 226   0   0   0   0   0   0],2,262,Pump RPM,882559285,1763322713,1506
1763322714027532121,[  5 226   0   0   0   0   0   0],2,262,Pump RPM,26762297,1763322714,1506
1763322714109866544,[  5 230   0   0   0   0   0   0],2,262,Pump RPM,109403856,1763322714,1510
1763322714192501223,[  5 239   0   0   0   0   0   0],2,262,Pump RPM,191839975,1763322714,1519
1763322714284398945,[  5 241   0   0   0   0   0   0],2,262,Pump RPM,284187393,1763322714,1521
1763322714397387456,[  5 245   0   0   0   0   0   0],2,262,Pump RPM,397089408,1763322714,1525
1763322714480888152,[  5 236   0   0   0   0   0   0],2,262,Pump RPM,480116631,1763322714,1516
1763322714592840855,[  5 231   0   0   0   0   0   0],2,262,Pump RPM,592654903,1763322714,1511
1763322714686356465,[  5 228   0   0   0   0   0   0],2,262,Pump RPM,685561937,1763322714,1508
1763322714790123342,[  5 236   0   0   0   0   0   0],2,262,Pump RPM,788662958,1763322714,1516
1763322714881655880,[  5 239   0   0   0   0   0   0],2,262,Pump RPM,881172264,1763322714,1519
1763322715025939857,[  5 243   0   0   0   0   0   0],2,262,Pump RPM,25267121,1763322715,1523
1763322715110903916,[  5 236   0   0   0   0   0   0],2,262,Pump RPM,109671467,1763322715,1516
1763322715192713670,[  5 227   0   0   0   0   0   0],2,262,Pump RPM,192358022,1763322715,1507
1763322715284912003,[  5 228   0   0   0   0   0   0],2,262,Pump RPM,284308227,1763322715,1508
1763322715397369734,[  5 228   0   0   0   0   0   0],2,262,Pump RPM,396837894,1763322715,1508
1763322715490288036,[  5 228   0   0   0   0   0   0],2,262,Pump RPM,489599556,1763322715,1508
1763322715595990085,[  5 228   0   0   0   0   0   0],2,262,Pump RPM,595409573,1763322715,1508
1763322715685489090,[  5 228   0   0   0   0   0   0],2,262,Pump RPM,684894721,1763322715,1508
1763322715797884197,[  5 228   0   0   0   0   0   0],2,262,Pump RPM,797408005,1763322715,1508
1763322715883307488,[  5 228   0   0   0   0   0   0],2,262,Pump RPM,882805536,1763322715,1508
1763322716028260303,[  5 228   0   0   0   0   0   0],2,262,Pump RPM,27740335,1763322716,1508
1763322716112844333,[0 0 0 0 0 0 0 0],2,262,Pump RPM,112633613,1763322716,0
1763322716195875242,[0 0 0 0 0 0 0 0],2,262,Pump RPM,194942346,1763322716,0
1763322716289806923,[0 0 0 0 0 0 0 0],2,262,Pump RPM,288462571,1763322716,0
1763322716401830707,[0 0 0 0 0 0 0 0],2,262,Pump RPM,401478995,1763322716,0
1763322716486507537,[0 0 0 0 0 0 0 0],2,262,Pump RPM,486148369,1763322716,0
1763322716600414329,[0 0 0 0 0 0 0 0],2,262,Pump RPM,600122713,1763322716,0
1763322716694278234,[0 0 0 0 0 0 0 0],2,262,Pump RPM,693528314,1763322716,0
1763322716800101760,[0 0 0 0 0 0 0 0],2,262,Pump RPM,799684511,1763322716,0
1763322716894421633,[0 0 0 0 0 0 0 0],2,262,Pump RPM,893847841,1763322716,0
1763322717029151793,[0 0 0 0 0 0 0 0],2,262,Pump RPM,28614513,1763322717,0
1763322717112537426,[0 0 0 0 0 0 0 0],2,262,Pump RPM,111602705,1763322717,0
1763322717204827382,[0 0 0 0 0 0 0 0],2,262,Pump RPM,204327030,1763322717,0
1763322717290580919,[0 0 0 0 0 0 0 0],2,262,Pump RPM,288510902,1763322717,0
1763322717402716707,[0 0 0 0 0 0 0 0],2,262,Pump RPM,401127714,1763322717,0
1763322717495731623,[0 0 0 0 0 0 0 0],2,262,Pump RPM,494923751,1763322717,0
1763322717598729743,[0 0 0 0 0 0 0 0],2,262,Pump RPM,597356655,1763322717,0
1763322717696128629,[0 0 0 0 0 0 0 0],2,262,Pump RPM,695735765,1763322717,0
1763322717799080797,[0 0 0 0 0 0 0 0],2,262,Pump RPM,798431805,1763322717,0
1763322717891486817,[0 0 0 0 0 0 0 0],2,262,Pump RPM,890707073,1763322717,0
1763322718036451291,[0 0 0 0 0 0 0 0],2,262,Pump RPM,36010395,1763322718,0
1763322718119198974,[0 0 0 0 0 0 0 0],2,262,Pump RPM,118632158,1763322718,0
1763322718202496706,[0 0 0 0 0 0 0 0],2,262,Pump RPM,201714530,1763322718,0
1763322718298900075,[0 0 0 0 0 0 0 0],2,262,Pump RPM,298621451,1763322718,0
1763322718402332407,[0 0 0 0 0 0 0 0],2,262,Pump RPM,401819831,1763322718,0
1763322718495471551,[0 0 0 0 0 0 0 0],2,262,Pump RPM,494331006,1763322718,0
1763322718607574703,[0 0 0 0 0 0 0 0],2,262,Pump RPM,607322735,1763322718,0
1763322718700248278,[0 0 0 0 0 0 0 0],2,262,Pump RPM,699476118,1763322718,0
1763322718803036098,[0 0 0 0 0 0 0 0],2,262,Pump RPM,802672002,1763322718,0
1763322718897386826,[0 0 0 0 0 0 0 0],2,262,Pump RPM,896352266,1763322718,0
1763322719040311144,[0 0 0 0 0 0 0 0],2,262,Pump RPM,40052040,1763322719,0
1763322719123702319,[0 0 0 0 0 0 0 0],2,262,Pump RPM,123459407,1763322719,0
1763322719208205174,[0 0 0 0 0 0 0 0],2,262,Pump RPM,206985430,1763322719,0
1763322719306907428,[0 0 0 0 0 0 0 0],2,262,Pump RPM,305896003,1763322719,0
1763322719404615985,[0 0 0 0 0 0 0 0],2,262,Pump RPM,404128305,1763322719,0
1763322719496978588,[0 0 0 0 0 0 0 0],2,262,Pump RPM,496517340,1763322719,0
1763322719609690608,[0 0 0 0 0 0 0 0],2,262,Pump RPM,609189776,1763322719,0
1763322719701959419,[0 0 0 0 0 0 0 0],2,262,Pump RPM,701445402,1763322719,0
1763322719814426895,[0 0 0 0 0 0 0 0],2,262,Pump RPM,814011695,1763322719,0
1763322719897109845,[0 0 0 0 0 0 0 0],2,262,Pump RPM,896476437,1763322719,0
1763322720042684634,[0 0 0 0 0 0 0 0],2,262,Pump RPM,42342970,1763322720,0
1763322720125765123,[0 0 0 0 0 0 0 0],2,262,Pump RPM,125403107,1763322720,0
1763322720207881452,[0 0 0 0 0 0 0 0],2,262,Pump RPM,207677772,1763322720,0
1763322720301731195,[0 0 0 0 0 0 0 0],2,262,Pump RPM,300970203,1763322720,0
1763322720414294803,[0 0 0 0 0 0 0 0],2,262,Pump RPM,413129427,1763322720,0
1763322720506498465,[0 0 0 0 0 0 0 0],2,262,Pump RPM,505719809,1763322720,0
1763322720611015478,[0 0 0 0 0 0 0 0],2,262,Pump RPM,608757012,1763322720,0
1763322720704119844,[0 0 0 0 0 0 0 0],2,262,Pump RPM,702026467,1763322720,0
1763322720820855838,[0 0 0 0 0 0 0 0],2,262,Pump RPM,818612893,1763322720,0
1763322720903120615,[0 0 0 0 0 0 0 0],2,262,Pump RPM,902182183,1763322720,0
1763322721047448657,[0 0 0 0 0 0 0 0],2,262,Pump RPM,46604177,1763322721,0
1763322721131265790,[0 0 0 0 0 0 0 0],2,262,Pump RPM,130687806,1763322721,0
1763322721213993674,[0 0 0 0 0 0 0 0],2,262,Pump RPM,212930250,1763322721,0
1763322721309765885,[0 0 0 0 0 0 0 0],2,262,Pump RPM,309260797,1763322721,0
1763322721418024151,[0 0 0 0 0 0 0 0],2,262,Pump RPM,417733879,1763322721,0
1763322721500689220,[0 0 0 0 0 0 0 0],2,262,Pump RPM,499720259,1763322721,0
1763322721614839969,[0 0 0 0 0 0 0 0],2,262,Pump RPM,613859872,1763322721,0
1763322721706598130,[0 0 0 0 0 0 0 0],2,262,Pump RPM,706371282,1763322721,0
1763322721819873711,[0 0 0 0 0 0 0 0],2,262,Pump RPM,819350926,1763322721,0
1763322721903321819,[0 0 0 0 0 0 0 0],2,262,Pump RPM,902251547,1763322721,0
1763322722046506858,[0 0 0 0 0 0 0 0],2,262,Pump RPM,46011273,1763322722,0
1763322722129182105,[0 0 0 0 0 0 0 0],2,262,Pump RPM,128674489,1763322722,0
1763322722223345775,[0 0 0 0 0 0 0 0],2,262,Pump RPM,222061134,1763322722,0
1763322722308392447,[0 0 0 0 0 0 0 0],2,262,Pump RPM,306034046,1763322722,0
1763322722419577983,[0 0 0 0 0 0 0 0],2,262,Pump RPM,418704830,1763322722,0
1763322722511097875,[0 0 0 0 0 0 0 0],2,262,Pump RPM,510855347,1763322722,0
1763322722623746612,[0 0 0 0 0 0 0 0],2,262,Pump RPM,623505620,1763322722,0
1763322722705653507,[0 0 0 0 0 0 0 0],2,262,Pump RPM,705443714,1763322722,0
1763322722820897444,[0 0 0 0 0 0 0 0],2,262,Pump RPM,820632676,1763322722,0
1763322722913115737,[0 0 0 0 0 0 0 0],2,262,Pump RPM,912840153,1763322722,0
1763322723049330697,[0 0 0 0 0 0 0 0],2,262,Pump RPM,47057895,1763322723,0
1763322723130541370,[0 0 0 0 0 0 0 0],2,262,Pump RPM,129842522,1763322723,0
1763322723224106835,[0 0 0 0 0 0 0 0],2,262,Pump RPM,222474610,1763322723,0
1763322723308343366,[0 0 0 0 0 0 0 0],2,262,Pump RPM,307700166,1763322723,0
1763322723424233101,[0 0 0 0 0 0 0 0],2,262,Pump RPM,422380716,1763322723,0
1763322723516697637,[0 0 0 0 0 0 0 0],2,262,Pump RPM,515609700,1763322723,0
1763322723621098564,[0 0 0 0 0 0 0 0],2,262,Pump RPM,620324900,1763322723,0
1763322723714146525,[0 0 0 0 0 0 0 0],2,262,Pump RPM,713214204,1763322723,0
1763322723828826211,[0 0 0 0 0 0 0 0],2,262,Pump RPM,828293058,1763322723,0
1763322723912598134,[0 0 0 0 0 0 0 0],2,262,Pump RPM,912077685,1763322723,0
1763322724059021329,[0 0 0 0 0 0 0 0],2,262,Pump RPM,58518992,1763322724,0
1763322724143555367,[0 0 0 0 0 0 0 0],2,262,Pump RPM,141789638,1763322724,0
1763322724225905980,[0 0 0 0 0 0 0 0],2,262,Pump RPM,225678204,1763322724,0
1763322724309731122,[0 0 0 0 0 0 0 0],2,262,Pump RPM,309276690,1763322724,0
1763322724422222107,[0 0 0 0 0 0 0 0],2,262,Pump RPM,421904795,1763322724,0
1763322724515697879,[0 0 0 0 0 0 0 0],2,262,Pump RPM,514976310,1763322724,0
1763322724629681408,[0 0 0 0 0 0 0 0],2,262,Pump RPM,629410432,1763322724,0
1763322724712071029,[0 0 0 0 0 0 0 0],2,262,Pump RPM,710859125,1763322724,0
1763322724824180766,[0 0 0 0 0 0 0 0],2,262,Pump RPM,823869213,1763322724,0
1763322724919352155,[0 0 0 0 0 0 0 0],2,262,Pump RPM,918537402,1763322724,0
1763322725057554806,[0 0 0 0 0 0 0 0],2,262,Pump RPM,56880757,1763322725,0
1763322725140395502,[0 0 0 0 0 0 0 0],2,262,Pump RPM,138682989,1763322725,0
1763322725225808552,[0 0 0 0 0 0 0 0],2,262,Pump RPM,223698823,1763322725,0
1763322725319754600,[0 0 0 0 0 0 0 0],2,262,Pump RPM,318263815,1763322725,0
1763322725431905685,[0 0 0 0 0 0 0 0],2,262,Pump RPM,431702580,1763322725,0
1763322725514415117,[0 0 0 0 0 0 0 0],2,262,Pump RPM,513693900,1763322725,0
1763322725628058746,[0 0 0 0 0 0 0 0],2,262,Pump RPM,626838009,1763322725,0
1763322725720911321,[0 0 0 0 0 0 0 0],2,262,Pump RPM,719920057,1763322725,0
1763322725833218246,[0 0 0 0 0 0 0 0],2,262,Pump RPM,832984741,1763322725,0
1763322725916517246,[0 0 0 0 0 0 0 0],2,262,Pump RPM,916131390,1763322725,0
1763322726061615971,[0 0 0 0 0 0 0 0],2,262,Pump RPM,61157187,1763322726,0
1763322726145412351,[0 0 0 0 0 0 0 0],2,262,Pump RPM,144174046,1763322726,0
1763322726227085306,[0 0 0 0 0 0 0 0],2,262,Pump RPM,226496057,1763322726,0
1763322726324284511,[0 0 0 0 0 0 0 0],2,262,Pump RPM,323400127,1763322726,0
1763322726435484239,[0 0 0 0 0 0 0 0],2,262,Pump RPM,434903886,1763322726,0
1763322726517315434,[0 0 0 0 0 0 0 0],2,262,Pump RPM,517104681,1763322726,0
1763322726632421340,[0 0 0 0 0 0 0 0],2,262,Pump RPM,631471067,1763322726,0
1763322726724614814,[0 0 0 0 0 0 0 0],2,262,Pump RPM,723816445,1763322726,0
1763322726836952654,[0 0 0 0 0 0 0 0],2,262,Pump RPM,836651150,1763322726,0
1763322726922206444,[0 0 0 0 0 0 0 0],2,262,Pump RPM,921665611,1763322726,0
1763322727067829654,[0 0 0 0 0 0 0 0],2,262,Pump RPM,66278677,1763322727,0
1763322727149483988,[0 0 0 0 0 0 0 0],2,262,Pump RPM,149257779,1763322727,0
1763322727233005746,[0 0 0 0 0 0 0 0],2,262,Pump RPM,232607282,1763322727,0
1763322727329283867,[0 0 0 0 0 0 0 0],2,262,Pump RPM,328651674,1763322727,0
1763322727432953289,[0 0 0 0 0 0 0 0],2,262,Pump RPM,432091208,1763322727,0
1763322727525148526,[0 0 0 0 0 0 0 0],2,262,Pump RPM,524383054,1763322727,0
1763322727638082275,[0 0 0 0 0 0 0 0],2,262,Pump RPM,637416291,1763322727,0
1763322727720119105,[0 0 0 0 0 0 0 0],2,262,Pump RPM,719806529,1763322727,0
1763322727833008566,[0 0 0 0 0 0 0 0],2,262,Pump RPM,832724597,1763322727,0
1763322727926940572,[0 0 0 0 0 0 0 0],2,262,Pump RPM,926691964,1763322727,0
1763322728073028813,[0 0 0 0 0 0 0 0],2,262,Pump RPM,70674955,1763322728,0
1763322728154832685,[0 0 0 0 0 0 0 0],2,262,Pump RPM,153925164,1763322728,0
1763322728237344782,[0 0 0 0 0 0 0 0],2,262,Pump RPM,236467022,1763322728,0
1763322728331800921,[0 0 0 0 0 0 0 0],2,262,Pump RPM,330705432,1763322728,0
1763322728436279115,[0 0 0 0 0 0 0 0],2,262,Pump RPM,434420938,1763322728,0
1763322728528068755,[0 0 0 0 0 0 0 0],2,262,Pump RPM,527482387,1763322728,0
1763322728644460111,[0 0 0 0 0 0 0 0],2,262,Pump RPM,640693068,1763322728,0
1763322728735669239,[0 0 0 0 0 0 0 0],2,262,Pump RPM,735101174,1763322728,0
1763322728837463783,[0 0 0 0 0 0 0 0],2,262,Pump RPM,837010535,1763322728,0
1763322728931464977,[0 0 0 0 0 0 0 0],2,262,Pump RPM,930554929,1763322728,0
1763322729073172067,[0 0 0 0 0 0 0 0],2,262,Pump RPM,72898147,1763322729,0
1763322729155816519,[0 0 0 0 0 0 0 0],2,262,Pump RPM,155577031,1763322729,0
1763322729239981101,[0 0 0 0 0 0 0 0],2,262,Pump RPM,239402188,1763322729,0
1763322729335990620,[0 0 0 0 0 0 0 0],2,262,Pump RPM,331823608,1763322729,0
1763322729436741167,[0 0 0 0 0 0 0 0],2,262,Pump RPM,435860462,1763322729,0
1763322729529487995,[0 0 0 0 0 0 0 0],2,262,Pump RPM,528660027,1763322729,0
1763322729645913339,[0 0 0 0 0 0 0 0],2,262,Pump RPM,645181147,1763322729,0
1763322729736871462,[0 0 0 0 0 0 0 0],2,262,Pump RPM,735443813,1763322729,0
1763322729840004571,[0 0 0 0 0 0 0 0],2,262,Pump RPM,839466235,1763322729,0
1763322729934640073,[0 0 0 0 0 0 0 0],2,262,Pump RPM,934082921,1763322729,0
1763322730078358050,[0 0 0 0 0 0 0 0],2,262,Pump RPM,76742177,1763322730,0
1763322730160194825,[0 0 0 0 0 0 0 0],2,262,Pump RPM,159584040,1763322730,0
1763322730243281936,[0 0 0 0 0 0 0 0],2,262,Pump RPM,242516143,1763322730,0
1763322730336100672,[0 0 0 0 0 0 0 0],2,262,Pump RPM,335092255,1763322730,0
1763322730449527201,[0 0 0 0 0 0 0 0],2,262,Pump RPM,448697825,1763322730,0
1763322730532078056,[0 0 0 0 0 0 0 0],2,262,Pump RPM,531411880,1763322730,0
1763322730645299817,[0 0 0 0 0 0 0 0],2,262,Pump RPM,643840776,1763322730,0
1763322730736160568,[0 0 0 0 0 0 0 0],2,262,Pump RPM,735911063,1763322730,0
1763322730849397465,[0 0 0 0 0 0 0 0],2,262,Pump RPM,849102233,1763322730,0
1763322730931754400,[0 0 0 0 0 0 0 0],2,262,Pump RPM,931177727,1763322730,0
1763322731075997982,[0 0 0 0 0 0 0 0],2,262,Pump RPM,75730398,1763322731,0
1763322731160341226,[0 0 0 0 0 0 0 0],2,262,Pump RPM,159700681,1763322731,0
1763322731242794964,[0 0 0 0 0 0 0 0],2,262,Pump RPM,242500467,1763322731,0
1763322731336192807,[0 0 0 0 0 0 0 0],2,262,Pump RPM,335640711,1763322731,0
1763322731450592142,[0 0 0 0 0 0 0 0],2,262,Pump RPM,449317676,1763322731,0
1763322731542367872,[0 0 0 0 0 0 0 0],2,262,Pump RPM,541375455,1763322731,0
1763322731645476636,[0 0 0 0 0 0 0 0],2,262,Pump RPM,644881180,1763322731,0
1763322731738298703,[0 0 0 0 0 0 0 0],2,262,Pump RPM,737526799,1763322731,0
1763322731850945332,[0 0 0 0 0 0 0 0],2,262,Pump RPM,850583924,1763322731,0
1763322731942887110,[0 0 0 0 0 0 0 0],2,262,Pump RPM,942724678,1763322731,0
1763322732077039809,[0 0 0 0 0 0 0 0],2,262,Pump RPM,76522017,1763322732,0
1763322732159760718,[0 0 0 0 0 0 0 0],2,262,Pump RPM,159259470,1763322732,0
1763322732253218565,[0 0 0 0 0 0 0 0],2,262,Pump RPM,252611236,1763322732,0
1763322732336364114,[0 0 0 0 0 0 0 0],2,262,Pump RPM,334934097,1763322732,0
1763322732453241503,[0 0 0 0 0 0 0 0],2,262,Pump RPM,449182427,1763322732,0
1763322732541545329,[0 0 0 0 0 0 0 0],2,262,Pump RPM,541171825,1763322732,0
1763322732655398715,[0 0 0 0 0 0 0 0],2,262,Pump RPM,654993851,1763322732,0
1763322732738027240,[0 0 0 0 0 0 0 0],2,262,Pump RPM,737222856,1763322732,0
1763322732851905714,[0 0 0 0 0 0 0 0],2,262,Pump RPM,850955345,1763322732,0
1763322732945049129,[0 0 0 0 0 0 0 0],2,262,Pump RPM,944680521,1763322732,0
1763322733081955179,[0 0 0 0 0 0 0 0],2,262,Pump RPM,81315243,1763322733,0
1763322733167356926,[0 0 0 0 0 0 0 0],2,262,Pump RPM,166864189,1763322733,0
1763322733251347631,[0 0 0 0 0 0 0 0],2,262,Pump RPM,251104079,1763322733,0
1763322733345792010,[0 0 0 0 0 0 0 0],2,262,Pump RPM,345589194,1763322733,0
1763322733451016016,[0 0 0 0 0 0 0 0],2,262,Pump RPM,449812367,1763322733,0
1763322733543214985,[0 0 0 0 0 0 0 0],2,262,Pump RPM,542933289,1763322733,0
1763322733658118520,[0 0 0 0 0 0 0 0],2,262,Pump RPM,656599990,1763322733,0
1763322733741611561,[0 0 0 0 0 0 0 0],2,262,Pump RPM,740836360,1763322733,0
1763322733855740247,[0 0 0 0 0 0 0 0],2,262,Pump RPM,855322678,1763322733,0
1763322733948072144,[0 0 0 0 0 0 0 0],2,262,Pump RPM,947745776,1763322733,0
1763322734081765652,[0 0 0 0 0 0 0 0],2,262,Pump RPM,81555028,1763322734,0
1763322734165181256,[0 0 0 0 0 0 0 0],2,262,Pump RPM,164873255,1763322734,0
1763322734257724708,[0 0 0 0 0 0 0 0],2,262,Pump RPM,257231716,1763322734,0
1763322734354855718,[0 0 0 0 0 0 0 0],2,262,Pump RPM,352879876,1763322734,0
1763322734452864040,[0 0 0 0 0 0 0 0],2,262,Pump RPM,452609608,1763322734,0
1763322734549635337,[0 0 0 0 0 0 0 0],2,262,Pump RPM,548945896,1763322734,0
1763322734662549466,[0 0 0 0 0 0 0 0],2,262,Pump RPM,662320698,1763322734,0
1763322734744728812,[0 0 0 0 0 0 0 0],2,262,Pump RPM,744468268,1763322734,0
1763322734858972095,[0 0 0 0 0 0 0 0],2,262,Pump RPM,858758206,1763322734,0
1763322734951613403,[0 0 0 0 0 0 0 0],2,262,Pump RPM,951146395,1763322734,0
1763322735087700775,[0 0 0 0 0 0 0 0],2,262,Pump RPM,87090214,1763322735,0
1763322735171591966,[0 0 0 0 0 0 0 0],2,262,Pump RPM,170199324,1763322735,0
1763322735265134783,[0 0 0 0 0 0 0 0],2,262,Pump RPM,264196510,1763322735,0
1763322735346962132,[0 0 0 0 0 0 0 0],2,262,Pump RPM,346458867,1763322735,0
1763322735460477801,[0 0 0 0 0 0 0 0],2,262,Pump RPM,460121161,1763322735,0
1763322735552937993,[0 0 0 0 0 0 0 0],2,262,Pump RPM,552249544,1763322735,0
1763322735665576158,[0 0 0 0 0 0 0 0],2,262,Pump RPM,664818717,1763322735,0
1763322735747176851,[0 0 0 0 0 0 0 0],2,262,Pump RPM,746814162,1763322735,0
1763322735861031209,[0 0 0 0 0 0 0 0],2,262,Pump RPM,860613800,1763322735,0
1763322735953213928,[0 0 0 0 0 0 0 0],2,262,Pump RPM,952222247,1763322735,0
1763322736097729218,[0 0 0 0 0 0 0 0],2,262,Pump RPM,96586432,1763322736,0
1763322736181094875,[0 0 0 0 0 0 0 0],2,262,Pump RPM,180545018,1763322736,0
1763322736264064084,[0 0 0 0 0 0 0 0],2,262,Pump RPM,263762356,1763322736,0
1763322736358428633,[0 0 0 0 0 0 0 0],2,262,Pump RPM,357768856,1763322736,0
1763322736463397450,[0 0 0 0 0 0 0 0],2,262,Pump RPM,462525641,1763322736,0
1763322736556346957,[0 0 0 0 0 0 0 0],2,262,Pump RPM,555990701,1763322736,0
1763322736669722855,[0 0 0 0 0 0 0 0],2,262,Pump RPM,668832518,1763322736,0
1763322736754020897,[0 0 0 0 0 0 0 0],2,262,Pump RPM,753323937,1763322736,0
1763322736867726011,[0 0 0 0 0 0 0 0],2,262,Pump RPM,866890618,1763322736,0
1763322736960227454,[0 0 0 0 0 0 0 0],2,262,Pump RPM,959702622,1763322736,0
1763322737096457780,[0 0 0 0 0 0 0 0],2,262,Pump RPM,95816787,1763322737,0
1763322737179909200,[0 0 0 0 0 0 0 0],2,262,Pump RPM,179689680,1763322737,0
1763322737263645549,[0 0 0 0 0 0 0 0],2,262,Pump RPM,263417773,1763322737,0
1763322737360823225,[0 0 0 0 0 0 0 0],2,262,Pump RPM,360574264,1763322737,0
1763322737467655951,[0 0 0 0 0 0 0 0],2,262,Pump RPM,466605934,1763322737,0
1763322737559696373,[0 0 0 0 0 0 0 0],2,262,Pump RPM,558719796,1763322737,0
1763322737671724433,[0 0 0 0 0 0 0 0],2,262,Pump RPM,670908656,1763322737,0
1763322737753038923,[0 0 0 0 0 0 0 0],2,262,Pump RPM,752818187,1763322737,0
1763322737868822923,[0 0 0 0 0 0 0 0],2,262,Pump RPM,868096075,1763322737,0
1763322737962013779,[0 0 0 0 0 0 0 0],2,262,Pump RPM,960823601,1763322737,0
1763322738096419915,[0 0 0 0 0 0 0 0],2,262,Pump RPM,95813034,1763322738,0
1763322738179037129,[0 0 0 0 0 0 0 0],2,262,Pump RPM,178665225,1763322738,0
1763322738273442133,[0 0 0 0 0 0 0 0],2,262,Pump RPM,271867571,1763322738,0
1763322738364541405,[0 0 0 0 0 0 0 0],2,262,Pump RPM,364245213,1763322738,0
1763322738468020947,[0 0 0 0 0 0 0 0],2,262,Pump RPM,467533939,1763322738,0
1763322738560605725,[0 0 0 0 0 0 0 0],2,262,Pump RPM,559879644,1763322738,0
1763322738672898365,[0 0 0 0 0 0 0 0],2,262,Pump RPM,672604765,1763322738,0
1763322738765758056,[0 0 0 0 0 0 0 0],2,262,Pump RPM,765513639,1763322738,0
1763322738871159232,[0 0 0 0 0 0 0 0],2,262,Pump RPM,870283359,1763322738,0
1763322738963245289,[0 0 0 0 0 0 0 0],2,262,Pump RPM,962574249,1763322738,0
1763322739108802835,[0 0 0 0 0 0 0 0],2,262,Pump RPM,107809362,1763322739,0
1763322739192415798,[0 0 0 0 0 0 0 0],2,262,Pump RPM,191259572,1763322739,0
1763322739275040759,[0 0 0 0 0 0 0 0],2,262,Pump RPM,274037398,1763322739,0
1763322739373175371,[0 0 0 0 0 0 0 0],2,262,Pump RPM,370683400,1763322739,0
1763322739474679458,[0 0 0 0 0 0 0 0],2,262,Pump RPM,473230657,1763322739,0
1763322739567349167,[0 0 0 0 0 0 0 0],2,262,Pump RPM,566785071,1763322739,0
1763322739671090506,[0 0 0 0 0 0 0 0],2,262,Pump RPM,670576809,1763322739,0
1763322739765677017,[0 0 0 0 0 0 0 0],2,262,Pump RPM,765408281,1763322739,0
1763322739882491971,[0 0 0 0 0 0 0 0],2,262,Pump RPM,880168608,1763322739,0
1763322739963543458,[0 0 0 0 0 0 0 0],2,262,Pump RPM,962960033,1763322739,0
1763322740108375760,[0 0 0 0 0 0 0 0],2,262,Pump RPM,108039792,1763322740,0
1763322740195356410,[0 0 0 0 0 0 0 0],2,262,Pump RPM,194955129,1763322740,0
1763322740281377538,[0 0 0 0 0 0 0 0],2,262,Pump RPM,278243902,1763322740,0
1763322740371395567,[0 0 0 0 0 0 0 0],2,262,Pump RPM,370961871,1763322740,0
1763322740475250061,[0 0 0 0 0 0 0 0],2,262,Pump RPM,473585995,1763322740,0
1763322740568082206,[0 0 0 0 0 0 0 0],2,262,Pump RPM,566265628,1763322740,0
1763322740683013897,[0 0 0 0 0 0 0 0],2,262,Pump RPM,681649992,1763322740,0
1763322740764918541,[0 0 0 0 0 0 0 0],2,262,Pump RPM,763844651,1763322740,0
1763322740877352245,[0 0 0 0 0 0 0 0],2,262,Pump RPM,876976309,1763322740,0
1763322740969899717,[0 0 0 0 0 0 0 0],2,262,Pump RPM,969641285,1763322740,0
1763322741116424379,[0 0 0 0 0 0 0 0],2,262,Pump RPM,115838394,1763322741,0
1763322741199490307,[0 0 0 0 0 0 0 0],2,262,Pump RPM,198892290,1763322741,0
1763322741282512746,[0 0 0 0 0 0 0 0],2,262,Pump RPM,282061066,1763322741,0
1763322741365369906,[0 0 0 0 0 0 0 0],2,262,Pump RPM,364744945,1763322741,0
1763322741479633792,[0 0 0 0 0 0 0 0],2,262,Pump RPM,479396000,1763322741,0
1763322741572738452,[0 0 0 0 0 0 0 0],2,262,Pump RPM,572111348,1763322741,0
1763322741686206882,[0 0 0 0 0 0 0 0],2,262,Pump RPM,684731744,1763322741,0
1763322741768999401,[0 0 0 0 0 0 0 0],2,262,Pump RPM,768399689,1763322741,0
1763322741881434838,[0 0 0 0 0 0 0 0],2,262,Pump RPM,880925717,1763322741,0
1763322741974696042,[0 0 0 0 0 0 0 0],2,262,Pump RPM,973964969,1763322741,0
1763322742109157205,[0 0 0 0 0 0 0 0],2,262,Pump RPM,108498709,1763322742,0
1763322742191726335,[0 0 0 0 0 0 0 0],2,262,Pump RPM,191432159,1763322742,0
1763322742284615575,[0 0 0 0 0 0 0 0],2,262,Pump RPM,284174358,1763322742,0
1763322742378387375,[0 0 0 0 0 0 0 0],2,262,Pump RPM,377990350,1763322742,0
1763322742480028209,[0 0 0 0 0 0 0 0],2,262,Pump RPM,479615249,1763322742,0
1763322742572277384,[0 0 0 0 0 0 0 0],2,262,Pump RPM,572046663,1763322742,0
1763322742685253624,[0 0 0 0 0 0 0 0],2,262,Pump RPM,684887032,1763322742,0
1763322742780609427,[0 0 0 0 0 0 0 0],2,262,Pump RPM,777500207,1763322742,0
1763322742881468276,[0 0 0 0 0 0 0 0],2,262,Pump RPM,880674003,1763322742,0
1763322742973226602,[0 0 0 0 0 0 0 0],2,262,Pump RPM,972606153,1763322742,0
1763322743117109670,[0 0 0 0 0 0 0 0],2,262,Pump RPM,116542278,1763322743,0
1763322743200136660,[0 0 0 0 0 0 0 0],2,262,Pump RPM,199784819,1763322743,0
1763322743281923903,[0 0 0 0 0 0 0 0],2,262,Pump RPM,281729087,1763322743,0
1763322743376532252,[0 0 0 0 0 0 0 0],2,262,Pump RPM,376241468,1763322743,0
1763322743489753393,[0 0 0 0 0 0 0 0],2,262,Pump RPM,489169937,1763322743,0
1763322743572909151,[0 0 0 0 0 0 0 0],2,262,Pump RPM,571860382,1763322743,0
1763322743688849368,[0 0 0 0 0 0 0 0],2,262,Pump RPM,688111703,1763322743,0
1763322743780565808,[0 0 0 0 0 0 0 0],2,262,Pump RPM,780337424,1763322743,0
1763322743883820953,[0 0 0 0 0 0 0 0],2,262,Pump RPM,882817271,1763322743,0
1763322743977058643,[0 0 0 0 0 0 0 0],2,262,Pump RPM,976662323,1763322743,0
1763322744123383064,[0 0 0 0 0 0 0 0],2,262,Pump RPM,122630359,1763322744,0
1763322744205749608,[0 0 0 0 0 0 0 0],2,262,Pump RPM,205210151,1763322744,0
1763322744288947544,[0 0 0 0 0 0 0 0],2,262,Pump RPM,288155511,1763322744,0
1763322744381837238,[0 0 0 0 0 0 0 0],2,262,Pump RPM,381249205,1763322744,0
1763322744495056687,[0 0 0 0 0 0 0 0],2,262,Pump RPM,494457966,1763322744,0
1763322744577141918,[0 0 0 0 0 0 0 0],2,262,Pump RPM,576424701,1763322744,0
1763322744692609914,[0 0 0 0 0 0 0 0],2,262,Pump RPM,691909529,1763322744,0
1763322744783330101,[0 0 0 0 0 0 0 0],2,262,Pump RPM,782895572,1763322744,0
1763322744896379054,[0 0 0 0 0 0 0 0],2,262,Pump RPM,896044941,1763322744,0
1763322744979436062,[0 0 0 0 0 0 0 0],2,262,Pump RPM,978957789,1763322744,0
1763322745124712327,[0 0 0 0 0 0 0 0],2,262,Pump RPM,123868805,1763322745,0
1763322745206854841,[0 0 0 0 0 0 0 0],2,262,Pump RPM,206527064,1763322745,0
1763322745289534155,[0 0 0 0 0 0 0 0],2,262,Pump RPM,288986859,1763322745,0
1763322745382680140,[0 0 0 0 0 0 0 0],2,262,Pump RPM,381773419,1763322745,0
1763322745494934632,[0 0 0 0 0 0 0 0],2,262,Pump RPM,494437511,1763322745,0
1763322745591996335,[0 0 0 0 0 0 0 0],2,262,Pump RPM,591227182,1763322745,0
1763322745696281311,[0 0 0 0 0 0 0 0],2,262,Pump RPM,693605852,1763322745,0
1763322745786467837,[0 0 0 0 0 0 0 0],2,262,Pump RPM,785714235,1763322745,0
1763322745899050809,[0 0 0 0 0 0 0 0],2,262,Pump RPM,898264856,1763322745,0
1763322745980978346,[0 0 0 0 0 0 0 0],2,262,Pump RPM,980241513,1763322745,0
1763322746128020699,[0 0 0 0 0 0 0 0],2,262,Pump RPM,127571898,1763322746,0
1763322746211566801,[0 0 0 0 0 0 0 0],2,262,Pump RPM,211238161,1763322746,0
1763322746297894860,[0 0 0 0 0 0 0 0],2,262,Pump RPM,296537706,1763322746,0
1763322746380509570,[0 0 0 0 0 0 0 0],2,262,Pump RPM,380040545,1763322746,0
1763322746494962084,[0 0 0 0 0 0 0 0],2,262,Pump RPM,493938243,1763322746,0
1763322746587182183,[0 0 0 0 0 0 0 0],2,262,Pump RPM,586584550,1763322746,0
1763322746700065672,[0 0 0 0 0 0 0 0],2,262,Pump RPM,699089158,1763322746,0
1763322746782762877,[0 0 0 0 0 0 0 0],2,262,Pump RPM,782441181,1763322746,0
1763322746895326717,[0 0 0 0 0 0 0 0],2,262,Pump RPM,894442172,1763322746,0
1763322746988876098,[0 0 0 0 0 0 0 0],2,262,Pump RPM,988596706,1763322746,0
1763322747133403220,[0 0 0 0 0 0 0 0],2,262,Pump RPM,132958516,1763322747,0
1763322747216533581,[0 0 0 0 0 0 0 0],2,262,Pump RPM,216134605,1763322747,0
1763322747299013093,[0 0 0 0 0 0 0 0],2,262,Pump RPM,298303140,1763322747,0
1763322747392118829,[0 0 0 0 0 0 0 0],2,262,Pump RPM,391759149,1763322747,0
1763322747495232419,[0 0 0 0 0 0 0 0],2,262,Pump RPM,494885507,1763322747,0
1763322747588403115,[0 0 0 0 0 0 0 0],2,262,Pump RPM,587178793,1763322747,0
1763322747700547310,[0 0 0 0 0 0 0 0],2,262,Pump RPM,699972557,1763322747,0
1763322747798481789,[0 0 0 0 0 0 0 0],2,262,Pump RPM,797974332,1763322747,0
1763322747900958802,[0 0 0 0 0 0 0 0],2,262,Pump RPM,900543601,1763322747,0
1763322747994670618,[0 0 0 0 0 0 0 0],2,262,Pump RPM,994347226,1763322747,0
1763322748129827172,[0 0 0 0 0 0 0 0],2,262,Pump RPM,129325699,1763322748,0
1763322748212745023,[0 0 0 0 0 0 0 0],2,262,Pump RPM,212025694,1763322748,0
1763322748305278537,[0 0 0 0 0 0 0 0],2,262,Pump RPM,304848105,1763322748,0
1763322748388602853,[0 0 0 0 0 0 0 0],2,262,Pump RPM,387520100,1763322748,0
1763322748501381197,[0 0 0 0 0 0 0 0],2,262,Pump RPM,500872749,1763322748,0
1763322748596397979,[0 0 0 0 0 0 0 0],2,262,Pump RPM,595334554,1763322748,0
1763322748700771671,[0 0 0 0 0 0 0 0],2,262,Pump RPM,699873621,1763322748,0
1763322748791884831,[0 0 0 0 0 0 0 0],2,262,Pump RPM,791700158,1763322748,0
1763322748905693224,[0 0 0 0 0 0 0 0],2,262,Pump RPM,905322344,1763322748,0
1763322749000107701,[0 0 0 0 0 0 0 0],2,262,Pump RPM,999434164,1763322748,0
1763322749134175393,[0 0 0 0 0 0 0 0],2,262,Pump RPM,133839489,1763322749,0
1763322749217054848,[0 0 0 0 0 0 0 0],2,262,Pump RPM,216587871,1763322749,0
1763322749310193710,[0 0 0 0 0 0 0 0],2,262,Pump RPM,309505709,1763322749,0
1763322749398872981,[0 0 0 0 0 0 0 0],2,262,Pump RPM,398016308,1763322749,0
1763322749506028504,[0 0 0 0 0 0 0 0],2,262,Pump RPM,500650896,1763322749,0
1763322749594105279,[0 0 0 0 0 0 0 0],2,262,Pump RPM,593243613,1763322749,0
1763322749707566284,[0 0 0 0 0 0 0 0],2,262,Pump RPM,706798027,1763322749,0
1763322749800618618,[0 0 0 0 0 0 0 0],2,262,Pump RPM,800086937,1763322749,0
1763322749903619383,[0 0 0 0 0 0 0 0],2,262,Pump RPM,903107318,1763322749,0
1763322749996982757,[0 0 0 0 0 0 0 0],2,262,Pump RPM,995842819,1763322749,0
1763322750142183079,[0 0 0 0 0 0 0 0],2,262,Pump RPM,141301062,1763322750,0
1763322750224805192,[0 0 0 0 0 0 0 0],2,262,Pump RPM,224048135,1763322750,0
1763322750307441289,[0 0 0 0 0 0 0 0],2,262,Pump RPM,307149065,1763322750,0
1763322750400816347,[0 0 0 0 0 0 0 0],2,262,Pump RPM,400459418,1763322750,0
1763322750506074047,[0 0 0 0 0 0 0 0],2,262,Pump RPM,505690974,1763322750,0
1763322750600219058,[0 0 0 0 0 0 0 0],2,262,Pump RPM,599766737,1763322750,0
1763322750715157605,[0 0 0 0 0 0 0 0],2,262,Pump RPM,714183843,1763322750,0
1763322750797043108,[0 0 0 0 0 0 0 0],2,262,Pump RPM,796378371,1763322750,0
1763322750909673492,[0 0 0 0 0 0 0 0],2,262,Pump RPM,908962611,1763322750,0
1763322751002187300,[0 0 0 0 0 0 0 0],2,262,Pump RPM,1542435,1763322751,0
1763322751145978057,[0 0 0 0 0 0 0 0],2,262,Pump RPM,145442185,1763322751,0
1763322751229062670,[0 0 0 0 0 0 0 0],2,262,Pump RPM,228460909,1763322751,0
1763322751311033745,[0 0 0 0 0 0 0 0],2,262,Pump RPM,310814256,1763322751,0
1763322751404888582,[0 0 0 0 0 0 0 0],2,262,Pump RPM,403751524,1763322751,0
1763322751518925116,[0 0 0 0 0 0 0 0],2,262,Pump RPM,517697882,1763322751,0
1763322751602025984,[0 0 0 0 0 0 0 0],2,262,Pump RPM,601661504,1763322751,0
1763322751715058292,[0 0 0 0 0 0 0 0],2,262,Pump RPM,714012787,1763322751,0
1763322751807271111,[0 0 0 0 0 0 0 0],2,262,Pump RPM,806976327,1763322751,0
1763322751910243627,[0 0 0 0 0 0 0 0],2,262,Pump RPM,909981419,1763322751,0
1763322752003607360,[0 0 0 0 0 0 0 0],2,262,Pump RPM,2584799,1763322752,0
1763322752148527084,[0 0 0 0 0 0 0 0],2,262,Pump RPM,148252972,1763322752,0
1763322752233422070,[0 0 0 0 0 0 0 0],2,262,Pump RPM,232715541,1763322752,0
1763322752316323901,[0 0 0 0 0 0 0 0],2,262,Pump RPM,315616572,1763322752,0
1763322752410886359,[0 0 0 0 0 0 0 0],2,262,Pump RPM,408559059,1763322752,0
1763322752513509726,[0 0 0 0 0 0 0 0],2,262,Pump RPM,512802205,1763322752,0
1763322752607023863,[0 0 0 0 0 0 0 0],2,262,Pump RPM,605988501,1763322752,0
1763322752718997613,[0 0 0 0 0 0 0 0],2,262,Pump RPM,718777100,1763322752,0
1763322752803746423,[0 0 0 0 0 0 0 0],2,262,Pump RPM,803509110,1763322752,0
1763322752919881140,[0 0 0 0 0 0 0 0],2,262,Pump RPM,919425523,1763322752,0
1763322753002539258,[0 0 0 0 0 0 0 0],2,262,Pump RPM,1510553,1763322753,0
1763322753146604682,[0 0 0 0 0 0 0 0],2,262,Pump RPM,146188009,1763322753,0
1763322753230651670,[0 0 0 0 0 0 0 0],2,262,Pump RPM,230231253,1763322753,0
1763322753323258415,[0 0 0 0 0 0 0 0],2,262,Pump RPM,322678158,1763322753,0
1763322753410094272,[0 0 0 0 0 0 0 0],2,262,Pump RPM,409087934,1763322753,0
1763322753522692923,[0 0 0 0 0 0 0 0],2,262,Pump RPM,521778777,1763322753,0
1763322753607499912,[0 0 0 0 0 0 0 0],2,262,Pump RPM,605340356,1763322753,0
1763322753720199459,[0 0 0 0 0 0 0 0],2,262,Pump RPM,719475362,1763322753,0
1763322753809109751,[0 0 0 0 0 0 0 0],2,262,Pump RPM,808638326,1763322753,0
1763322753921785138,[0 0 0 0 0 0 0 0],2,262,Pump RPM,921582034,1763322753,0
1763322754008743939,[0 0 0 0 0 0 0 0],2,262,Pump RPM,8176098,1763322754,0
1763322754153221336,[0 0 0 0 0 0 0 0],2,262,Pump RPM,152104822,1763322754,0
1763322754236423877,[0 0 0 0 0 0 0 0],2,262,Pump RPM,235892132,1763322754,0
1763322754320138387,[0 0 0 0 0 0 0 0],2,262,Pump RPM,317973039,1763322754,0
1763322754411711950,[0 0 0 0 0 0 0 0],2,262,Pump RPM,411490318,1763322754,0
1763322754524559310,[0 0 0 0 0 0 0 0],2,262,Pump RPM,524330125,1763322754,0
1763322754607262234,[0 0 0 0 0 0 0 0],2,262,Pump RPM,607059194,1763322754,0
1763322754721884989,[0 0 0 0 0 0 0 0],2,262,Pump RPM,719901977,1763322754,0
1763322754813640792,[0 0 0 0 0 0 0 0],2,262,Pump RPM,813188343,1763322754,0
1763322754927599513,[0 0 0 0 0 0 0 0],2,262,Pump RPM,926895128,1763322754,0
1763322755010381766,[0 0 0 0 0 0 0 0],2,262,Pump RPM,9845285,1763322755,0
1763322755155537217,[0 0 0 0 0 0 0 0],2,262,Pump RPM,154763584,1763322755,0
1763322755238924081,[0 0 0 0 0 0 0 0],2,262,Pump RPM,238320592,1763322755,0
1763322755321584608,[0 0 0 0 0 0 0 0],2,262,Pump RPM,320724159,1763322755,0
1763322755416706693,[0 0 0 0 0 0 0 0],2,262,Pump RPM,416394757,1763322755,0
1763322755528888231,[0 0 0 0 0 0 0 0],2,262,Pump RPM,528552199,1763322755,0
1763322755612200695,[0 0 0 0 0 0 0 0],2,262,Pump RPM,611648566,1763322755,0
1763322755728044448,[0 0 0 0 0 0 0 0],2,262,Pump RPM,727328798,1763322755,0
1763322755821884034,[0 0 0 0 0 0 0 0],2,262,Pump RPM,820273663,1763322755,0
1763322755925699318,[0 0 0 0 0 0 0 0],2,262,Pump RPM,924886868,1763322755,0
1763322756018135446,[0 0 0 0 0 0 0 0],2,262,Pump RPM,17574549,1763322756,0
1763322756162928918,[0 0 0 0 0 0 0 0],2,262,Pump RPM,162677269,1763322756,0
1763322756247070506,[0 0 0 0 0 0 0 0],2,262,Pump RPM,245765864,1763322756,0
1763322756329280859,[0 0 0 0 0 0 0 0],2,262,Pump RPM,328760826,1763322756,0
1763322756424613539,[0 0 0 0 0 0 0 0],2,262,Pump RPM,424095810,1763322756,0
1763322756527513209,[0 0 0 0 0 0 0 0],2,262,Pump RPM,526408439,1763322756,0
1763322756620021756,[0 0 0 0 0 0 0 0],2,262,Pump RPM,619535355,1763322756,0
1763322756725269878,[0 0 0 0 0 0 0 0],2,262,Pump RPM,725086229,1763322756,0
1763322756819010491,[0 0 0 0 0 0 0 0],2,262,Pump RPM,818385978,1763322756,0
1763322756933284709,[0 0 0 0 0 0 0 0],2,262,Pump RPM,932518563,1763322756,0
1763322757018262043,[0 0 0 0 0 0 0 0],2,262,Pump RPM,18015514,1763322757,0
1763322757162742847,[0 0 0 0 0 0 0 0],2,262,Pump RPM,162522814,1763322757,0
1763322757246576917,[0 0 0 0 0 0 0 0],2,262,Pump RPM,245264083,1763322757,0
1763322757328116808,[0 0 0 0 0 0 0 0],2,262,Pump RPM,327590279,1763322757,0
1763322757420435342,[0 0 0 0 0 0 0 0],2,262,Pump RPM,419763213,1763322757,0
1763322757534742140,[0 0 0 0 0 0 0 0],2,262,Pump RPM,533124537,1763322757,0
1763322757621933368,[0 0 0 0 0 0 0 0],2,262,Pump RPM,620395542,1763322757,0
1763322757733525313,[0 0 0 0 0 0 0 0],2,262,Pump RPM,732924640,1763322757,0
1763322757825994311,[0 0 0 0 0 0 0 0],2,262,Pump RPM,825403910,1763322757,0
1763322757928198303,[0 0 0 0 0 0 0 0],2,262,Pump RPM,927692638,1763322757,0
1763322758021643400,[0 0 0 0 0 0 0 0],2,262,Pump RPM,19887524,1763322758,0
1763322758164937678,[0 0 0 0 0 0 0 0],2,262,Pump RPM,164192493,1763322758,0
1763322758249670729,[0 0 0 0 0 0 0 0],2,262,Pump RPM,248680391,1763322758,0
1763322758331294719,[0 0 0 0 0 0 0 0],2,262,Pump RPM,330909630,1763322758,0
1763322758428329905,[0 0 0 0 0 0 0 0],2,262,Pump RPM,426574349,1763322758,0
1763322758537686937,[0 0 0 0 0 0 0 0],2,262,Pump RPM,536712599,1763322758,0
1763322758629322337,[0 0 0 0 0 0 0 0],2,262,Pump RPM,628927520,1763322758,0
1763322758734958306,[0 0 0 0 0 0 0 0],2,262,Pump RPM,733225567,1763322758,0
1763322758829278255,[0 0 0 0 0 0 0 0],2,262,Pump RPM,828841230,1763322758,0
1763322758939897434,[0 0 0 0 0 0 0 0],2,262,Pump RPM,938833560,1763322758,0
1763322759022202129,[0 0 0 0 0 0 0 0],2,262,Pump RPM,20841614,1763322759,0
1763322759167418560,[0 0 0 0 0 0 0 0],2,262,Pump RPM,166841919,1763322759,0
1763322759254874403,[0 0 0 0 0 0 0 0],2,262,Pump RPM,250444219,1763322759,0
1763322759333910070,[0 0 0 0 0 0 0 0],2,262,Pump RPM,333247861,1763322759,0
1763322759430106570,[0 0 0 0 0 0 0 0],2,262,Pump RPM,425622690,1763322759,0
1763322759541384602,[0 0 0 0 0 0 0 0],2,262,Pump RPM,540389176,1763322759,0
1763322759633619878,[0 0 0 0 0 0 0 0],2,262,Pump RPM,632221827,1763322759,0
1763322759736195013,[0 0 0 0 0 0 0 0],2,262,Pump RPM,735247619,1763322759,0
1763322759828413361,[0 0 0 0 0 0 0 0],2,262,Pump RPM,828081392,1763322759,0
1763322759942068517,[0 0 0 0 0 0 0 0],2,262,Pump RPM,941442148,1763322759,0
1763322760025475713,[0 0 0 0 0 0 0 0],2,262,Pump RPM,25103521,1763322760,0
1763322760171411351,[0 0 0 0 0 0 0 0],2,262,Pump RPM,170759509,1763322760,0
1763322760253637331,[0 0 0 0 0 0 0 0],2,262,Pump RPM,252971217,1763322760,0
1763322760345459841,[0 0 0 0 0 0 0 0],2,262,Pump RPM,345264481,1763322760,0
1763322760427610205,[0 0 0 0 0 0 0 0],2,262,Pump RPM,427426525,1763322760,0
1763322760541240437,[0 0 0 0 0 0 0 0],2,262,Pump RPM,540921492,1763322760,0
1763322760634600390,[0 0 0 0 0 0 0 0],2,262,Pump RPM,634126661,1763322760,0
1763322760738357643,[0 0 0 0 0 0 0 0],2,262,Pump RPM,737441034,1763322760,0
1763322760829740729,[0 0 0 0 0 0 0 0],2,262,Pump RPM,829551640,1763322760,0
1763322760945397076,[0 0 0 0 0 0 0 0],2,262,Pump RPM,944932020,1763322760,0
1763322761038184518,[0 0 0 0 0 0 0 0],2,262,Pump RPM,37322404,1763322761,0
1763322761172000617,[0 0 0 0 0 0 0 0],2,262,Pump RPM,171355591,1763322761,0
1763322761256069931,[0 0 0 0 0 0 0 0],2,262,Pump RPM,254997129,1763322761,0
1763322761350443329,[0 0 0 0 0 0 0 0],2,262,Pump RPM,349421215,1763322761,0
1763322761432959617,[0 0 0 0 0 0 0 0],2,262,Pump RPM,431509854,1763322761,0
1763322761547297118,[0 0 0 0 0 0 0 0],2,262,Pump RPM,545848187,1763322761,0
1763322761639312464,[0 0 0 0 0 0 0 0],2,262,Pump RPM,638809871,1763322761,0
1763322761742514039,[0 0 0 0 0 0 0 0],2,262,Pump RPM,741573493,1763322761,0
1763322761835680523,[0 0 0 0 0 0 0 0],2,262,Pump RPM,834823818,1763322761,0
1763322761948708326,[0 0 0 0 0 0 0 0],2,262,Pump RPM,947599012,1763322761,0
1763322762041333306,[0 0 0 0 0 0 0 0],2,262,Pump RPM,40348440,1763322762,0
1763322762174813985,[0 0 0 0 0 0 0 0],2,262,Pump RPM,174593696,1763322762,0
1763322762258721670,[0 0 0 0 0 0 0 0],2,262,Pump RPM,258251269,1763322762,0
1763322762350791259,[0 0 0 0 0 0 0 0],2,262,Pump RPM,350451322,1763322762,0
1763322762433208541,[0 0 0 0 0 0 0 0],2,262,Pump RPM,432896924,1763322762,0
1763322762546314651,[0 0 0 0 0 0 0 0],2,262,Pump RPM,546069403,1763322762,0
1763322762639092209,[0 0 0 0 0 0 0 0],2,262,Pump RPM,638577840,1763322762,0
1763322762751921647,[0 0 0 0 0 0 0 0],2,262,Pump RPM,751388846,1763322762,0
1763322762835262707,[0 0 0 0 0 0 0 0],2,262,Pump RPM,834622930,1763322762,0
1763322762949082803,[0 0 0 0 0 0 0 0],2,262,Pump RPM,947811792,1763322762,0
1763322763040939497,[0 0 0 0 0 0 0 0],2,262,Pump RPM,40583656,1763322763,0
1763322763185079721,[0 0 0 0 0 0 0 0],2,262,Pump RPM,184800104,1763322763,0
1763322763268252143,[0 0 0 0 0 0 0 0],2,262,Pump RPM,267781006,1763322763,0
1763322763351766838,[0 0 0 0 0 0 0 0],2,262,Pump RPM,351440598,1763322763,0
1763322763448474808,[0 0 0 0 0 0 0 0],2,262,Pump RPM,447194357,1763322763,0
1763322763552168167,[0 0 0 0 0 0 0 0],2,262,Pump RPM,551080869,1763322763,0
1763322763646092067,[0 0 0 0 0 0 0 0],2,262,Pump RPM,645520770,1763322763,0
1763322763748905969,[0 0 0 0 0 0 0 0],2,262,Pump RPM,748405488,1763322763,0
1763322763841749290,[0 0 0 0 0 0 0 0],2,262,Pump RPM,841152585,1763322763,0
1763322763954971597,[0 0 0 0 0 0 0 0],2,262,Pump RPM,954426252,1763322763,0
1763322764038607797,[0 0 0 0 0 0 0 0],2,262,Pump RPM,38124468,1763322764,0
1763322764183430811,[0 0 0 0 0 0 0 0],2,262,Pump RPM,182845402,1763322764,0
1763322764266118948,[0 0 0 0 0 0 0 0],2,262,Pump RPM,265802595,1763322764,0
1763322764358629952,[0 0 0 0 0 0 0 0],2,262,Pump RPM,357979966,1763322764,0
1763322764442185257,[0 0 0 0 0 0 0 0],2,262,Pump RPM,441793161,1763322764,0
1763322764553146795,[0 0 0 0 0 0 0 0],2,262,Pump RPM,552562602,1763322764,0
1763322764645228966,[0 0 0 0 0 0 0 0],2,262,Pump RPM,644998182,1763322764,0
1763322764758364300,[0 0 0 0 0 0 0 0],2,262,Pump RPM,758147660,1763322764,0
1763322764841870998,[0 0 0 0 0 0 0 0],2,262,Pump RPM,841531317,1763322764,0
1763322764956092094,[0 0 0 0 0 0 0 0],2,262,Pump RPM,955491837,1763322764,0
1763322765048294523,[0 0 0 0 0 0 0 0],2,262,Pump RPM,47893978,1763322765,0
1763322765192639366,[0 0 0 0 0 0 0 0],2,262,Pump RPM,192372965,1763322765,0
1763322765275257680,[0 0 0 0 0 0 0 0],2,262,Pump RPM,275075120,1763322765,0
1763322765360641441,[0 0 0 0 0 0 0 0],2,262,Pump RPM,360234016,1763322765,0
1763322765443093291,[0 0 0 0 0 0 0 0],2,262,Pump RPM,442884043,1763322765,0
1763322765555902580,[0 0 0 0 0 0 0 0],2,262,Pump RPM,555587508,1763322765,0
1763322765653236445,[0 0 0 0 0 0 0 0],2,262,Pump RPM,652689180,1763322765,0
1763322765756164722,[0 0 0 0 0 0 0 0],2,262,Pump RPM,754752911,1763322765,0
1763322765850356885,[0 0 0 0 0 0 0 0],2,262,Pump RPM,848655217,1763322765,0
1763322765966024132,[0 0 0 0 0 0 0 0],2,262,Pump RPM,964766241,1763322765,0
1763322766056781345,[0 0 0 0 0 0 0 0],2,262,Pump RPM,55019389,1763322766,0
1763322766189566456,[0 0 0 0 0 0 0 0],2,262,Pump RPM,188228213,1763322766,0
1763322766270934083,[0 0 0 0 0 0 0 0],2,262,Pump RPM,270394338,1763322766,0
1763322766363897510,[0 0 0 0 0 0 0 0],2,262,Pump RPM,363192644,1763322766,0
1763322766446814452,[0 0 0 0 0 0 0 0],2,262,Pump RPM,445431505,1763322766,0
1763322766560799043,[0 0 0 0 0 0 0 0],2,262,Pump RPM,560495715,1763322766,0
1763322766653723911,[0 0 0 0 0 0 0 0],2,262,Pump RPM,652887493,1763322766,0
1763322766767025748,[0 0 0 0 0 0 0 0],2,262,Pump RPM,765942482,1763322766,0
1763322766848518336,[0 0 0 0 0 0 0 0],2,262,Pump RPM,848320095,1763322766,0
1763322766961854958,[0 0 0 0 0 0 0 0],2,262,Pump RPM,960949356,1763322766,0
1763322767054463346,[0 0 0 0 0 0 0 0],2,262,Pump RPM,54088049,1763322767,0
1763322767197940292,[0 0 0 0 0 0 0 0],2,262,Pump RPM,197523971,1763322767,0
1763322767282687000,[0 0 0 0 0 0 0 0],2,262,Pump RPM,281988343,1763322767,0
1763322767365632809,[0 0 0 0 0 0 0 0],2,262,Pump RPM,364599911,1763322767,0
1763322767457467053,[0 0 0 0 0 0 0 0],2,262,Pump RPM,456680908,1763322767,0
1763322767562138893,[0 0 0 0 0 0 0 0],2,262,Pump RPM,561798284,1763322767,0
1763322767655450484,[0 0 0 0 0 0 0 0],2,262,Pump RPM,654863538,1763322767,0
1763322767769170470,[0 0 0 0 0 0 0 0],2,262,Pump RPM,768496261,1763322767,0
1763322767851358677,[0 0 0 0 0 0 0 0],2,262,Pump RPM,851151669,1763322767,0
1763322767966657515,[0 0 0 0 0 0 0 0],2,262,Pump RPM,965486057,1763322767,0
1763322768058209744,[0 0 0 0 0 0 0 0],2,262,Pump RPM,57974480,1763322768,0
