timestamp,can_msg.data,can_msg.dlc,can_msg.id,glow_plug_i,glow_plug_v,header.frame_id,header.stamp.nanosec,header.stamp.sec,sekevence
1761498519553501317,[0 0 0 0 0 0 0 0],7,264,[0. 0.],[0. 0.],Glow Plugs,552149169,1761498519,0
1761498519664561934,[0 0 0 0 0 0 0 0],7,264,[0. 0.],[0. 0.],Glow Plugs,664373543,1761498519,0
1761498519748187242,[0 0 0 0 0 0 0 0],7,264,[0. 0.],[0. 0.],Glow Plugs,747813532,1761498519,0
1761498519860352190,[0 0 0 0 0 0 0 0],7,264,[0. 0.],[0. 0.],Glow Plugs,860135574,1761498519,0
1761498519952511613,[0 0 0 0 0 0 0 0],7,264,[0. 0.],[0. 0.],Glow Plugs,952287285,1761498519,0
1761498520064887653,[0 0 0 0 0 0 0 0],7,264,[0. 0.],[0. 0.],Glow Plugs,64638940,1761498520,0
1761498520157157578,[0 0 0 0 0 0 0 0],7,264,[0. 0.],[0. 0.],Glow Plugs,156906401,1761498520,0
1761498520303200785,[0 0 0 0 0 0 0 0],7,264,[0. 0.],[0. 0.],Glow Plugs,302891909,1761498520,0
1761498520375070329,[0 0 0 0 0 0 0 0],7,264,[0. 0.],[0. 0.],Glow Plugs,374864209,1761498520,0
1761498520467153335,[0 0 0 0 0 0 0 0],7,264,[0. 0.],[0. 0.],Glow Plugs,466866508,1761498520,0
1761498520559311480,[0 0 0 0 0 0 0 0],7,264,[0. 0.],[0. 0.],Glow Plugs,558837926,1761498520,0
1761498520661640055,[0 0 0 0 0 0 0 0],7,264,[0. 0.],[0. 0.],Glow Plugs,661082274,1761498520,0
1761498520755326161,[0 0 0 0 0 0 0 0],7,264,[0. 0.],[0. 0.],Glow Plugs,754499666,1761498520,0
1761498520867867951,[0 0 0 0 0 0 0 0],7,264,[0. 0.],[0. 0.],Glow Plugs,867639430,1761498520,0
1761498520961108120,[0 0 0 0 0 0 0 0],7,264,[0. 0.],[0. 0.],Glow Plugs,960494689,1761498520,0
1761498521063735951,[0 0 0 0 0 0 0 0],7,264,[0. 0.],[0. 0.],Glow Plugs,63227932,1761498521,0
1761498521156338659,[0 0 0 0 0 0 0 0],7,264,[0. 0.],[0. 0.],Glow Plugs,156004854,1761498521,0
1761498521311274693,[0 0 0 0 0 0 0 0],7,264,[0. 0.],[0. 0.],Glow Plugs,310802324,1761498521,0
1761498521384491816,[0 0 0 0 0 0 0 0],7,264,[0. 0.],[0. 0.],Glow Plugs,384186589,1761498521,0
1761498521467018117,[0 0 0 0 0 0 0 0],7,264,[0. 0.],[0. 0.],Glow Plugs,466653560,1761498521,0
1761498521558970241,[0 0 0 0 0 0 0 0],7,264,[0. 0.],[0. 0.],Glow Plugs,558678390,1761498521,0
1761498521671054218,[0 0 0 0 0 0 0 0],7,264,[0. 0.],[0. 0.],Glow Plugs,670812769,1761498521,0
1761498521763147531,[0 0 0 0 0 0 0 0],7,264,[0. 0.],[0. 0.],Glow Plugs,762787902,1761498521,0
1761498521865755123,[0 0 0 0 0 0 0 0],7,264,[0. 0.],[0. 0.],Glow Plugs,865229984,1761498521,0
1761498521957275103,[0 0 0 0 0 0 0 0],7,264,[0. 0.],[0. 0.],Glow Plugs,957020117,1761498521,0
1761498522069786242,[0 0 0 0 0 0 0 0],7,264,[0. 0.],[0. 0.],Glow Plugs,69447190,1761498522,0
1761498522161579419,[0 0 0 0 0 0 0 0],7,264,[0. 0.],[0. 0.],Glow Plugs,161380148,1761498522,0
1761498522315794897,[0 0 0 0 0 0 0 0],7,264,[0. 0.],[0. 0.],Glow Plugs,315327040,1761498522,0
1761498522387378977,[0 0 0 0 0 0 0 0],7,264,[0. 0.],[0. 0.],Glow Plugs,387133464,1761498522,0
1761498522468976674,[0 0 0 0 0 0 0 0],7,264,[0. 0.],[0. 0.],Glow Plugs,468803867,1761498522,0
1761498522561028900,[0 0 0 0 0 0 0 0],7,264,[0. 0.],[0. 0.],Glow Plugs,560684119,1761498522,0
1761498522673391443,[0 0 0 0 0 0 0 0],7,264,[0. 0.],[0. 0.],Glow Plugs,673053639,1761498522,0
1761498522765126954,[0 0 0 0 0 0 0 0],7,264,[0. 0.],[0. 0.],Glow Plugs,764953764,1761498522,0
1761498522878134353,[0 0 0 0 0 0 0 0],7,264,[0. 0.],[0. 0.],Glow Plugs,877829126,1761498522,0
1761498522959955354,[0 0 0 0 0 0 0 0],7,264,[0. 0.],[0. 0.],Glow Plugs,959635918,1761498522,0
1761498523072152045,[0 0 0 0 0 0 0 0],7,264,[0. 0.],[0. 0.],Glow Plugs,71907172,1761498523,0
1761498523164108911,[0 0 0 0 0 0 0 0],7,264,[0. 0.],[0. 0.],Glow Plugs,163952137,1761498523,0
1761498523318011274,[0 0 0 0 0 0 0 0],7,264,[0. 0.],[0. 0.],Glow Plugs,317724799,1761498523,0
1761498523390026674,[0 0 0 0 0 0 0 0],7,264,[0. 0.],[0. 0.],Glow Plugs,389624964,1761498523,0
1761498523472159821,[0 0 0 0 0 0 0 0],7,264,[0. 0.],[0. 0.],Glow Plugs,471779999,1761498523,0
1761498523564288725,[0 0 0 0 0 0 0 0],7,264,[0. 0.],[0. 0.],Glow Plugs,564006315,1761498523,0
1761498523676551581,[0 0 0 0 0 0 0 0],7,264,[0. 0.],[0. 0.],Glow Plugs,676295060,1761498523,0
1761498523769081044,[0 0 0 0 0 0 0 0],7,264,[0. 0.],[0. 0.],Glow Plugs,768545088,1761498523,0
1761498523881745451,[0 0 0 0 0 0 0 0],7,264,[0. 0.],[0. 0.],Glow Plugs,881399198,1761498523,0
1761498523963614204,[0 0 0 0 0 0 0 0],7,264,[0. 0.],[0. 0.],Glow Plugs,963338513,1761498523,0
1761498524076241306,[0 0 0 0 0 0 0 0],7,264,[0. 0.],[0. 0.],Glow Plugs,75936783,1761498524,0
1761498524168389798,[0 0 0 0 0 0 0 0],7,264,[0. 0.],[0. 0.],Glow Plugs,168063034,1761498524,0
1761498524322153323,[0 0 0 0 0 0 0 0],7,264,[0. 0.],[0. 0.],Glow Plugs,321974405,1761498524,0
1761498524394508906,[0 0 0 0 0 0 0 0],7,264,[0. 0.],[0. 0.],Glow Plugs,394275873,1761498524,0
1761498524476718221,[0 0 0 0 0 0 0 0],7,264,[0. 0.],[0. 0.],Glow Plugs,476309343,1761498524,0
1761498524568456842,[0 0 0 0 0 0 0 0],7,264,[0. 0.],[0. 0.],Glow Plugs,568268164,1761498524,0
1761498524681224994,[0 0 0 0 0 0 0 0],7,264,[0. 0.],[0. 0.],Glow Plugs,680968504,1761498524,0
1761498524773473937,[0 0 0 0 0 0 0 0],7,264,[0. 0.],[0. 0.],Glow Plugs,773048610,1761498524,0
1761498524876006966,[0 0 0 0 0 0 0 0],7,264,[0. 0.],[0. 0.],Glow Plugs,875720523,1761498524,0
1761498524968234020,[0 0 0 0 0 0 0 0],7,264,[0. 0.],[0. 0.],Glow Plugs,967830742,1761498524,0
1761498525080926977,[0 0 0 0 0 0 0 0],7,264,[0. 0.],[0. 0.],Glow Plugs,80705529,1761498525,0
1761498525173021966,[0 0 0 0 0 0 0 0],7,264,[0. 0.],[0. 0.],Glow Plugs,172775205,1761498525,0
1761498525327452796,[0 0 0 0 0 0 0 0],7,264,[0. 0.],[0. 0.],Glow Plugs,327126896,1761498525,0
1761498525399734401,[0 0 0 0 0 0 0 0],7,264,[0. 0.],[0. 0.],Glow Plugs,399456375,1761498525,0
1761498525481641248,[0 0 0 0 0 0 0 0],7,264,[0. 0.],[0. 0.],Glow Plugs,481316245,1761498525,0
1761498525573580168,[0 0 0 0 0 0 0 0],7,264,[0. 0.],[0. 0.],Glow Plugs,573399266,1761498525,0
1761498525687343360,[0 0 0 0 0 0 0 0],7,264,[0. 0.],[0. 0.],Glow Plugs,687117624,1761498525,0
1761498525769735473,[0 0 0 0 0 0 0 0],7,264,[0. 0.],[0. 0.],Glow Plugs,769145724,1761498525,0
1761498525881952561,[0 0 0 0 0 0 0 0],7,264,[0. 0.],[0. 0.],Glow Plugs,881602757,1761498525,0
1761498525974199780,[0 0 0 0 0 0 0 0],7,264,[0. 0.],[0. 0.],Glow Plugs,973914106,1761498525,0
1761498526086899356,[0 0 0 0 0 0 0 0],7,264,[0. 0.],[0. 0.],Glow Plugs,86557680,1761498526,0
1761498526171314267,[0 0 0 0 0 0 0 0],7,264,[0. 0.],[0. 0.],Glow Plugs,170457277,1761498526,0
1761498526324580912,[0 0 0 0 0 0 0 0],7,264,[0. 0.],[0. 0.],Glow Plugs,324425162,1761498526,0
1761498526397106056,[0 0 0 0 0 0 0 0],7,264,[0. 0.],[0. 0.],Glow Plugs,396823421,1761498526,0
1761498526489492483,[0 0 0 0 0 0 0 0],7,264,[0. 0.],[0. 0.],Glow Plugs,489216377,1761498526,0
1761498526571522381,[0 0 0 0 0 0 0 0],7,264,[0. 0.],[0. 0.],Glow Plugs,571247908,1761498526,0
1761498526683857135,[0 0 0 0 0 0 0 0],7,264,[0. 0.],[0. 0.],Glow Plugs,683326652,1761498526,0
1761498526776065732,[0 0 0 0 0 0 0 0],7,264,[0. 0.],[0. 0.],Glow Plugs,775621109,1761498526,0
1761498526887956567,[0 0 0 0 0 0 0 0],7,264,[0. 0.],[0. 0.],Glow Plugs,887694605,1761498526,0
1761498526979985509,[0 0 0 0 0 0 0 0],7,264,[0. 0.],[0. 0.],Glow Plugs,979802367,1761498526,0
1761498527082584404,[0 0 0 0 0 0 0 0],7,264,[0. 0.],[0. 0.],Glow Plugs,82259785,1761498527,0
1761498527174632423,[0 0 0 0 0 0 0 0],7,264,[0. 0.],[0. 0.],Glow Plugs,174347293,1761498527,0
1761498527328548036,[0 0 0 0 0 0 0 0],7,264,[0. 0.],[0. 0.],Glow Plugs,328156246,1761498527,0
1761498527400324747,[0 0 0 0 0 0 0 0],7,264,[0. 0.],[0. 0.],Glow Plugs,400156005,1761498527,0
1761498527492287707,[0 0 0 0 0 0 0 0],7,264,[0. 0.],[0. 0.],Glow Plugs,492118517,1761498527,0
1761498527574095397,[0 0 0 0 0 0 0 0],7,264,[0. 0.],[0. 0.],Glow Plugs,573825467,1761498527,0
1761498527686498247,[0 0 0 0 0 0 0 0],7,264,[0. 0.],[0. 0.],Glow Plugs,686097881,1761498527,0
1761498527778701951,[0 0 0 0 0 0 0 0],7,264,[0. 0.],[0. 0.],Glow Plugs,778354355,1761498527,0
1761498527890704467,[0 0 0 0 0 0 0 0],7,264,[0. 0.],[0. 0.],Glow Plugs,890536717,1761498527,0
1761498527983118899,[0 0 0 0 0 0 0 0],7,264,[0. 0.],[0. 0.],Glow Plugs,982891083,1761498527,0
1761498528095786371,[0 0 0 0 0 0 0 0],7,264,[0. 0.],[0. 0.],Glow Plugs,95533786,1761498528,0
1761498528178148551,[0 0 0 0 0 0 0 0],7,264,[0. 0.],[0. 0.],Glow Plugs,177847996,1761498528,0
1761498528332611368,[0 0 0 0 0 0 0 0],7,264,[0. 0.],[0. 0.],Glow Plugs,332347743,1761498528,0
1761498528405169909,[0 0 0 0 0 0 0 0],7,264,[0. 0.],[0. 0.],Glow Plugs,404819144,1761498528,0
1761498528487146827,[0 0 0 0 0 0 0 0],7,264,[0. 0.],[0. 0.],Glow Plugs,486907171,1761498528,0
1761498528579188066,[0 0 0 0 0 0 0 0],7,264,[0. 0.],[0. 0.],Glow Plugs,578949658,1761498528,0
1761498528691778985,[0 0 0 0 0 0 0 0],7,264,[0. 0.],[0. 0.],Glow Plugs,691451773,1761498528,0
1761498528785041162,[0 0 0 0 0 0 0 0],7,264,[0. 0.],[0. 0.],Glow Plugs,784624796,1761498528,0
1761498528897475083,[0 0 0 0 0 0 0 0],7,264,[0. 0.],[0. 0.],Glow Plugs,897146304,1761498528,0
1761498528979284252,[0 0 0 0 0 0 0 0],7,264,[0. 0.],[0. 0.],Glow Plugs,979005330,1761498528,0
1761498529091882056,[0 0 0 0 0 0 0 0],7,264,[0. 0.],[0. 0.],Glow Plugs,91593374,1761498529,0
1761498529184055592,[0 0 0 0 0 0 0 0],7,264,[0. 0.],[0. 0.],Glow Plugs,183830240,1761498529,0
1761498529338153550,[0 0 0 0 0 0 0 0],7,264,[0. 0.],[0. 0.],Glow Plugs,337647196,1761498529,0
1761498529411005039,[0 0 0 0 0 0 0 0],7,264,[0. 0.],[0. 0.],Glow Plugs,410702789,1761498529,0
1761498529493260343,[0 0 0 0 0 0 0 0],7,264,[0. 0.],[0. 0.],Glow Plugs,492900010,1761498529,0
1761498529585227663,[0 0 0 0 0 0 0 0],7,264,[0. 0.],[0. 0.],Glow Plugs,584942821,1761498529,0
1761498529697913495,[0 0 0 0 0 0 0 0],7,264,[0. 0.],[0. 0.],Glow Plugs,697618093,1761498529,0
1761498529790148697,[0 0 0 0 0 0 0 0],7,264,[0. 0.],[0. 0.],Glow Plugs,789832110,1761498529,0
1761498529892551964,[0 0 0 0 0 0 0 0],7,264,[0. 0.],[0. 0.],Glow Plugs,892258098,1761498529,0
1761498529984735229,[0 0 0 0 0 0 0 0],7,264,[0. 0.],[0. 0.],Glow Plugs,984468339,1761498529,0
1761498530097119646,[0 0 0 0 0 0 0 0],7,264,[0. 0.],[0. 0.],Glow Plugs,96874198,1761498530,0
1761498530189428871,[0 0 0 0 0 0 0 0],7,264,[0. 0.],[0. 0.],Glow Plugs,189196447,1761498530,0
1761498530344588291,[0 0 0 0 0 0 0 0],7,264,[0. 0.],[0. 0.],Glow Plugs,344239799,1761498530,0
1761498530419404658,[0 0 0 0 0 0 0 0],7,264,[0. 0.],[0. 0.],Glow Plugs,419093223,1761498530,0
1761498530501461850,[0 0 0 0 0 0 0 0],7,264,[0. 0.],[0. 0.],Glow Plugs,501187825,1761498530,0
1761498530593256722,[0 0 0 0 0 0 0 0],7,264,[0. 0.],[0. 0.],Glow Plugs,593040394,1761498530,0
1761498530695815419,[0 0 0 0 0 0 0 0],7,264,[0. 0.],[0. 0.],Glow Plugs,695531058,1761498530,0
1761498530788128293,[0 0 0 0 0 0 0 0],7,264,[0. 0.],[0. 0.],Glow Plugs,787873852,1761498530,0
1761498530900424606,[0 0 0 0 0 0 0 0],7,264,[0. 0.],[0. 0.],Glow Plugs,900120659,1761498530,0
1761498530992483742,[0 0 0 0 0 0 0 0],7,264,[0. 0.],[0. 0.],Glow Plugs,992169747,1761498530,0
1761498531105391054,[0 0 0 0 0 0 0 0],7,264,[0. 0.],[0. 0.],Glow Plugs,105085827,1761498531,0
1761498531187196085,[0 0 0 0 0 0 0 0],7,264,[0. 0.],[0. 0.],Glow Plugs,186879562,1761498531,0
1761498531340977524,[0 0 0 0 0 0 0 0],7,264,[0. 0.],[0. 0.],Glow Plugs,340733772,1761498531,0
1761498531412736645,[0 0 0 0 0 0 0 0],7,264,[0. 0.],[0. 0.],Glow Plugs,412527069,1761498531,0
1761498531506140952,[0 0 0 0 0 0 0 0],7,264,[0. 0.],[0. 0.],Glow Plugs,505799116,1761498531,0
1761498531587610387,[0 0 0 0 0 0 0 0],7,264,[0. 0.],[0. 0.],Glow Plugs,587406636,1761498531,0
1761498531699841097,[0 0 0 0 0 0 0 0],7,264,[0. 0.],[0. 0.],Glow Plugs,699680579,1761498531,0
1761498531792144694,[0 0 0 0 0 0 0 0],7,264,[0. 0.],[0. 0.],Glow Plugs,791935759,1761498531,0
1761498531904945535,[0 0 0 0 0 0 0 0],7,264,[0. 0.],[0. 0.],Glow Plugs,904662453,1761498531,0
1761498531996675193,[0 0 0 0 0 0 0 0],7,264,[0. 0.],[0. 0.],Glow Plugs,996493715,1761498531,0
1761498532098996032,[0 0 0 0 0 0 0 0],7,264,[0. 0.],[0. 0.],Glow Plugs,98790649,1761498532,0
1761498532192931146,[0 0 0 0 0 0 0 0],7,264,[0. 0.],[0. 0.],Glow Plugs,192718082,1761498532,0
1761498532347419220,[0 0 0 0 0 0 0 0],7,264,[0. 0.],[0. 0.],Glow Plugs,346795006,1761498532,0
1761498532419607453,[0 0 0 0 0 0 0 0],7,264,[0. 0.],[0. 0.],Glow Plugs,419410775,1761498532,0
1761498532502369325,[0 0 0 0 0 0 0 0],7,264,[0. 0.],[0. 0.],Glow Plugs,502030882,1761498532,0
1761498532594755842,[0 0 0 0 0 0 0 0],7,264,[0. 0.],[0. 0.],Glow Plugs,594223728,1761498532,0
1761498532706930453,[0 0 0 0 0 0 0 0],7,264,[0. 0.],[0. 0.],Glow Plugs,706658187,1761498532,0
1761498532799390860,[0 0 0 0 0 0 0 0],7,264,[0. 0.],[0. 0.],Glow Plugs,798751767,1761498532,0
1761498532911940075,[0 0 0 0 0 0 0 0],7,264,[0. 0.],[0. 0.],Glow Plugs,911539454,1761498532,0
1761498532994044709,[0 0 0 0 0 0 0 0],7,264,[0. 0.],[0. 0.],Glow Plugs,993397935,1761498532,0
1761498533106787212,[0 0 0 0 0 0 0 0],7,264,[0. 0.],[0. 0.],Glow Plugs,106323165,1761498533,0
1761498533198747512,[0 0 0 0 0 0 0 0],7,264,[0. 0.],[0. 0.],Glow Plugs,198365963,1761498533,0
1761498533353109073,[0 0 0 0 0 0 0 0],7,264,[0. 0.],[0. 0.],Glow Plugs,352930795,1761498533,0
1761498533425855736,[0 0 0 0 0 0 0 0],7,264,[0. 0.],[0. 0.],Glow Plugs,425459243,1761498533,0
1761498533507807957,[0 0 0 0 0 0 0 0],7,264,[0. 0.],[0. 0.],Glow Plugs,507609934,1761498533,0
1761498533599839619,[0 0 0 0 0 0 0 0],7,264,[0. 0.],[0. 0.],Glow Plugs,599489399,1761498533,0
1761498533712414146,[0 0 0 0 0 0 0 0],7,264,[0. 0.],[0. 0.],Glow Plugs,712133209,1761498533,0
1761498533804209256,[0 0 0 0 0 0 0 0],7,264,[0. 0.],[0. 0.],Glow Plugs,804052259,1761498533,0
1761498533906630963,[0 0 0 0 0 0 0 0],7,264,[0. 0.],[0. 0.],Glow Plugs,906359882,1761498533,0
1761498533998589311,[0 0 0 0 0 0 0 0],7,264,[0. 0.],[0. 0.],Glow Plugs,998178225,1761498533,0
1761498534111008634,[0 0 0 0 0 0 0 0],7,264,[0. 0.],[0. 0.],Glow Plugs,110655438,1761498534,0
1761498534202910185,[0 0 0 0 0 0 0 0],7,264,[0. 0.],[0. 0.],Glow Plugs,202604063,1761498534,0
1761498534357326231,[0 0 0 0 0 0 0 0],7,264,[0. 0.],[0. 0.],Glow Plugs,356992044,1761498534,0
1761498534429880579,[0 0 0 0 0 0 0 0],7,264,[0. 0.],[0. 0.],Glow Plugs,429571608,1761498534,0
1761498534512090992,[0 0 0 0 0 0 0 0],7,264,[0. 0.],[0. 0.],Glow Plugs,511786918,1761498534,0
1761498534604583891,[0 0 0 0 0 0 0 0],7,264,[0. 0.],[0. 0.],Glow Plugs,603972927,1761498534,0
1761498534716888232,[0 0 0 0 0 0 0 0],7,264,[0. 0.],[0. 0.],Glow Plugs,716619232,1761498534,0
1761498534799605382,[0 0 0 0 0 0 0 0],7,264,[0. 0.],[0. 0.],Glow Plugs,799053588,1761498534,0
1761498534911630003,[0 0 0 0 0 0 0 0],7,264,[0. 0.],[0. 0.],Glow Plugs,911362698,1761498534,0
1761498535003954768,[0 0 0 0 0 0 0 0],7,264,[0. 0.],[0. 0.],Glow Plugs,3628165,1761498535,0
1761498535117773783,[0 0 0 0 0 0 0 0],7,264,[0. 0.],[0. 0.],Glow Plugs,117555696,1761498535,0
1761498535199826728,[0 0 0 0 0 0 0 0],7,264,[0. 0.],[0. 0.],Glow Plugs,199444411,1761498535,0
1761498535354455248,[0 0 0 0 0 0 0 0],7,264,[0. 0.],[0. 0.],Glow Plugs,354061667,1761498535,0
1761498535426121418,[0 0 0 0 0 0 0 0],7,264,[0. 0.],[0. 0.],Glow Plugs,425866722,1761498535,0
1761498535518236358,[0 0 0 0 0 0 0 0],7,264,[0. 0.],[0. 0.],Glow Plugs,518051424,1761498535,0
1761498535610552040,[0 0 0 0 0 0 0 0],7,264,[0. 0.],[0. 0.],Glow Plugs,610138235,1761498535,0
1761498535712775474,[0 0 0 0 0 0 0 0],7,264,[0. 0.],[0. 0.],Glow Plugs,712450631,1761498535,0
1761498535804786410,[0 0 0 0 0 0 0 0],7,264,[0. 0.],[0. 0.],Glow Plugs,804476256,1761498535,0
1761498535918334600,[0 0 0 0 0 0 0 0],7,264,[0. 0.],[0. 0.],Glow Plugs,917777814,1761498535,0
1761498536010533253,[0 0 0 0 0 0 0 0],7,264,[0. 0.],[0. 0.],Glow Plugs,10171993,1761498536,0
1761498536113032634,[0 0 0 0 0 0 0 0],7,264,[0. 0.],[0. 0.],Glow Plugs,112738673,1761498536,0
1761498536204757199,[0 0 0 0 0 0 0 0],7,264,[0. 0.],[0. 0.],Glow Plugs,204595242,1761498536,0
1761498536359438221,[0 0 0 0 0 0 0 0],7,264,[0. 0.],[0. 0.],Glow Plugs,359142851,1761498536,0
1761498536431894636,[0 0 0 0 0 0 0 0],7,264,[0. 0.],[0. 0.],Glow Plugs,431670181,1761498536,0
1761498536514055145,[0 0 0 0 0 0 0 0],7,264,[0. 0.],[0. 0.],Glow Plugs,513615962,1761498536,0
1761498536605787710,[0 0 0 0 0 0 0 0],7,264,[0. 0.],[0. 0.],Glow Plugs,605507605,1761498536,0
1761498536717905741,[0 0 0 0 0 0 0 0],7,264,[0. 0.],[0. 0.],Glow Plugs,717671302,1761498536,0
1761498536810695973,[0 0 0 0 0 0 0 0],7,264,[0. 0.],[0. 0.],Glow Plugs,810088017,1761498536,0
1761498536923527692,[0 0 0 0 0 0 0 0],7,264,[0. 0.],[0. 0.],Glow Plugs,922884151,1761498536,0
1761498537005302779,[0 0 0 0 0 0 0 0],7,264,[0. 0.],[0. 0.],Glow Plugs,5063987,1761498537,0
1761498537117686131,[0 0 0 0 0 0 0 0],7,264,[0. 0.],[0. 0.],Glow Plugs,117405802,1761498537,0
1761498537210155206,[0 0 0 0 0 0 0 0],7,264,[0. 0.],[0. 0.],Glow Plugs,209964608,1761498537,0
1761498537364398122,[0 0 0 0 0 0 0 0],7,264,[0. 0.],[0. 0.],Glow Plugs,364082176,1761498537,0
1761498537437204801,[0 0 0 0 0 0 0 0],7,264,[0. 0.],[0. 0.],Glow Plugs,436926168,1761498537,0
1761498537519292803,[0 0 0 0 0 0 0 0],7,264,[0. 0.],[0. 0.],Glow Plugs,519016475,1761498537,0
1761498537611436140,[0 0 0 0 0 0 0 0],7,264,[0. 0.],[0. 0.],Glow Plugs,611145475,1761498537,0
1761498537723762050,[0 0 0 0 0 0 0 0],7,264,[0. 0.],[0. 0.],Glow Plugs,723336149,1761498537,0
1761498537815752710,[0 0 0 0 0 0 0 0],7,264,[0. 0.],[0. 0.],Glow Plugs,815393850,1761498537,0
1761498537927757586,[0 0 0 0 0 0 0 0],7,264,[0. 0.],[0. 0.],Glow Plugs,927567116,1761498537,0
1761498538010040633,[0 0 0 0 0 0 0 0],7,264,[0. 0.],[0. 0.],Glow Plugs,9447910,1761498538,0
1761498538121798654,[0 0 0 0 0 0 0 0],7,264,[0. 0.],[0. 0.],Glow Plugs,121646873,1761498538,0
1761498538213809480,[0 0 0 0 0 0 0 0],7,264,[0. 0.],[0. 0.],Glow Plugs,213550080,1761498538,0
1761498538367636660,[0 0 0 0 0 0 0 0],7,264,[0. 0.],[0. 0.],Glow Plugs,367269064,1761498538,0
1761498538439654556,[0 0 0 0 0 0 0 0],7,264,[0. 0.],[0. 0.],Glow Plugs,439297201,1761498538,0
1761498538520988016,[0 0 0 0 0 0 0 0],7,264,[0. 0.],[0. 0.],Glow Plugs,520834923,1761498538,0
1761498538612815700,[0 0 0 0 0 0 0 0],7,264,[0. 0.],[0. 0.],Glow Plugs,612630638,1761498538,0
1761498538725535864,[0 0 0 0 0 0 0 0],7,264,[0. 0.],[0. 0.],Glow Plugs,725276912,1761498538,0
1761498538817496961,[0 0 0 0 0 0 0 0],7,264,[0. 0.],[0. 0.],Glow Plugs,817313979,1761498538,0
1761498538930211332,[0 0 0 0 0 0 0 0],7,264,[0. 0.],[0. 0.],Glow Plugs,929816663,1761498538,0
1761498539012021253,[0 0 0 0 0 0 0 0],7,264,[0. 0.],[0. 0.],Glow Plugs,11556470,1761498539,0
1761498539124216504,[0 0 0 0 0 0 0 0],7,264,[0. 0.],[0. 0.],Glow Plugs,123934319,1761498539,0
1761498539216059011,[0 0 0 0 0 0 0 0],7,264,[0. 0.],[0. 0.],Glow Plugs,215885694,1761498539,0
1761498539371223567,[0 0 0 0 0 0 0 0],7,264,[0. 0.],[0. 0.],Glow Plugs,370490903,1761498539,0
1761498539442640944,[0 0 0 0 0 0 0 0],7,264,[0. 0.],[0. 0.],Glow Plugs,442349991,1761498539,0
1761498539524768358,[0 0 0 0 0 0 0 0],7,264,[0. 0.],[0. 0.],Glow Plugs,524398746,1761498539,0
1761498539616571120,[0 0 0 0 0 0 0 0],7,264,[0. 0.],[0. 0.],Glow Plugs,616363818,1761498539,0
1761498539728906696,[0 0 0 0 0 0 0 0],7,264,[0. 0.],[0. 0.],Glow Plugs,728696194,1761498539,0
1761498539821191874,[0 0 0 0 0 0 0 0],7,264,[0. 0.],[0. 0.],Glow Plugs,820882232,1761498539,0
1761498539933569275,[0 0 0 0 0 0 0 0],7,264,[0. 0.],[0. 0.],Glow Plugs,933267473,1761498539,0
1761498540015566570,[0 0 0 0 0 0 0 0],7,264,[0. 0.],[0. 0.],Glow Plugs,15204478,1761498540,0
1761498540127848065,[0 0 0 0 0 0 0 0],7,264,[0. 0.],[0. 0.],Glow Plugs,127583321,1761498540,0
1761498540219802551,[0 0 0 0 0 0 0 0],7,264,[0. 0.],[0. 0.],Glow Plugs,219379657,1761498540,0
1761498540373768881,[0 0 0 0 0 0 0 0],7,264,[0. 0.],[0. 0.],Glow Plugs,373491400,1761498540,0
1761498540446353859,[0 0 0 0 0 0 0 0],7,264,[0. 0.],[0. 0.],Glow Plugs,446049082,1761498540,0
1761498540528527845,[0 0 0 0 0 0 0 0],7,264,[0. 0.],[0. 0.],Glow Plugs,528245020,1761498540,0
1761498540620843846,[0 0 0 0 0 0 0 0],7,264,[0. 0.],[0. 0.],Glow Plugs,620511931,1761498540,0
1761498540733531562,[0 0 0 0 0 0 0 0],7,264,[0. 0.],[0. 0.],Glow Plugs,733265057,1761498540,0
1761498540826452190,[0 0 0 0 0 0 0 0],7,264,[0. 0.],[0. 0.],Glow Plugs,825833994,1761498540,0
1761498540928610325,[0 0 0 0 0 0 0 0],7,264,[0. 0.],[0. 0.],Glow Plugs,928388878,1761498540,0
1761498541021008628,[0 0 0 0 0 0 0 0],7,264,[0. 0.],[0. 0.],Glow Plugs,20777517,1761498541,0
1761498541133459506,[0 0 0 0 0 0 0 0],7,264,[0. 0.],[0. 0.],Glow Plugs,133205290,1761498541,0
1761498541225612501,[0 0 0 0 0 0 0 0],7,264,[0. 0.],[0. 0.],Glow Plugs,225265098,1761498541,0
1761498541379607750,[0 0 0 0 0 0 0 0],7,264,[0. 0.],[0. 0.],Glow Plugs,379210329,1761498541,0
1761498541452070273,[0 0 0 0 0 0 0 0],7,264,[0. 0.],[0. 0.],Glow Plugs,451667476,1761498541,0
1761498541534650488,[0 0 0 0 0 0 0 0],7,264,[0. 0.],[0. 0.],Glow Plugs,534329422,1761498541,0
1761498541626910078,[0 0 0 0 0 0 0 0],7,264,[0. 0.],[0. 0.],Glow Plugs,626490289,1761498541,0
1761498541739542369,[0 0 0 0 0 0 0 0],7,264,[0. 0.],[0. 0.],Glow Plugs,739266040,1761498541,0
1761498541822609736,[0 0 0 0 0 0 0 0],7,264,[0. 0.],[0. 0.],Glow Plugs,822126840,1761498541,0
1761498541934983139,[0 0 0 0 0 0 0 0],7,264,[0. 0.],[0. 0.],Glow Plugs,934607959,1761498541,0
1761498542027787443,[0 0 0 0 0 0 0 0],7,264,[0. 0.],[0. 0.],Glow Plugs,27170496,1761498542,0
1761498542140061261,[0 0 0 0 0 0 0 0],7,264,[0. 0.],[0. 0.],Glow Plugs,139801957,1761498542,0
1761498542232436797,[0 0 0 0 0 0 0 0],7,264,[0. 0.],[0. 0.],Glow Plugs,232141620,1761498542,0
1761498542376481904,[0 0 0 0 0 0 0 0],7,264,[0. 0.],[0. 0.],Glow Plugs,376239785,1761498542,0
1761498542449100508,[0 0 0 0 0 0 0 0],7,264,[0. 0.],[0. 0.],Glow Plugs,448727472,1761498542,0
1761498542541713940,[0 0 0 0 0 0 0 0],7,264,[0. 0.],[0. 0.],Glow Plugs,541379882,1761498542,0
1761498542633711865,[0 0 0 0 0 0 0 0],7,264,[0. 0.],[0. 0.],Glow Plugs,633386447,1761498542,0
1761498542736337639,[0 0 0 0 0 0 0 0],7,264,[0. 0.],[0. 0.],Glow Plugs,735994429,1761498542,0
1761498542828787642,[0 0 0 0 0 0 0 0],7,264,[0. 0.],[0. 0.],Glow Plugs,828451120,1761498542,0
1761498542942304378,[0 0 0 0 0 0 0 0],7,264,[0. 0.],[0. 0.],Glow Plugs,941807595,1761498542,0
1761498543034521725,[0 0 0 0 0 0 0 0],7,264,[0. 0.],[0. 0.],Glow Plugs,33891914,1761498543,0
1761498543137241075,[0 0 0 0 0 0 0 0],7,264,[0. 0.],[0. 0.],Glow Plugs,136682210,1761498543,0
1761498543229290337,[0 0 0 0 0 0 0 0],7,264,[0. 0.],[0. 0.],Glow Plugs,228951638,1761498543,0
1761498543383568103,[0 0 0 0 0 0 0 0],7,264,[0. 0.],[0. 0.],Glow Plugs,383201980,1761498543,0
1761498543455822228,[0 0 0 0 0 0 0 0],7,264,[0. 0.],[0. 0.],Glow Plugs,455418600,1761498543,0
1761498543538576996,[0 0 0 0 0 0 0 0],7,264,[0. 0.],[0. 0.],Glow Plugs,538035795,1761498543,0
1761498543630804855,[0 0 0 0 0 0 0 0],7,264,[0. 0.],[0. 0.],Glow Plugs,630190532,1761498543,0
1761498543743386460,[0 0 0 0 0 0 0 0],7,264,[0. 0.],[0. 0.],Glow Plugs,743057202,1761498543,0
1761498543835432809,[0 0 0 0 0 0 0 0],7,264,[0. 0.],[0. 0.],Glow Plugs,835164609,1761498543,0
1761498543947795047,[0 0 0 0 0 0 0 0],7,264,[0. 0.],[0. 0.],Glow Plugs,947439900,1761498543,0
1761498544029376652,[0 0 0 0 0 0 0 0],7,264,[0. 0.],[0. 0.],Glow Plugs,29119236,1761498544,0
1761498544142979602,[0 0 0 0 0 0 0 0],7,264,[0. 0.],[0. 0.],Glow Plugs,142518692,1761498544,0
1761498544234330258,[0 0 0 0 0 0 0 0],7,264,[0. 0.],[0. 0.],Glow Plugs,234047529,1761498544,0
1761498544387881817,[0 0 0 0 0 0 0 0],7,264,[0. 0.],[0. 0.],Glow Plugs,387644593,1761498544,0
1761498544460138131,[0 0 0 0 0 0 0 0],7,264,[0. 0.],[0. 0.],Glow Plugs,459843690,1761498544,0
1761498544542562082,[0 0 0 0 0 0 0 0],7,264,[0. 0.],[0. 0.],Glow Plugs,541990609,1761498544,0
1761498544633910146,[0 0 0 0 0 0 0 0],7,264,[0. 0.],[0. 0.],Glow Plugs,633676859,1761498544,0
1761498544746921301,[0 0 0 0 0 0 0 0],7,264,[0. 0.],[0. 0.],Glow Plugs,746387173,1761498544,0
1761498544839012108,[0 0 0 0 0 0 0 0],7,264,[0. 0.],[0. 0.],Glow Plugs,838678946,1761498544,0
1761498544951758231,[0 0 0 0 0 0 0 0],7,264,[0. 0.],[0. 0.],Glow Plugs,951396460,1761498544,0
1761498545033925655,[0 0 0 0 0 0 0 0],7,264,[0. 0.],[0. 0.],Glow Plugs,33620462,1761498545,0
1761498545146405693,[0 0 0 0 0 0 0 0],7,264,[0. 0.],[0. 0.],Glow Plugs,146174262,1761498545,0
1761498545238262899,[0 0 0 0 0 0 0 0],7,264,[0. 0.],[0. 0.],Glow Plugs,237959274,1761498545,0
1761498545392609386,[0 0 0 0 0 0 0 0],7,264,[0. 0.],[0. 0.],Glow Plugs,392342562,1761498545,0
1761498545464414211,[0 0 0 0 0 0 0 0],7,264,[0. 0.],[0. 0.],Glow Plugs,464121306,1761498545,0
1761498545546825724,[0 0 0 0 0 0 0 0],7,264,[0. 0.],[0. 0.],Glow Plugs,546460177,1761498545,0
1761498545638580304,[0 0 0 0 0 0 0 0],7,264,[0. 0.],[0. 0.],Glow Plugs,638317128,1761498545,0
1761498545751443009,[0 0 0 0 0 0 0 0],7,264,[0. 0.],[0. 0.],Glow Plugs,751094390,1761498545,0
1761498545844102096,[0 0 0 0 0 0 0 0],7,264,[0. 0.],[0. 0.],Glow Plugs,843868809,1761498545,0
1761498545946801166,[0 0 0 0 0 0 0 0],7,264,[0. 0.],[0. 0.],Glow Plugs,946492005,1761498545,0
1761498546039196748,[0 0 0 0 0 0 0 0],7,264,[0. 0.],[0. 0.],Glow Plugs,38818080,1761498546,0
1761498546152281926,[0 0 0 0 0 0 0 0],7,264,[0. 0.],[0. 0.],Glow Plugs,152001629,1761498546,0
1761498546244528368,[0 0 0 0 0 0 0 0],7,264,[0. 0.],[0. 0.],Glow Plugs,244239815,1761498546,0
1761498546388969813,[0 0 0 0 0 0 0 0],7,264,[0. 0.],[0. 0.],Glow Plugs,388257344,1761498546,0
1761498546460895487,[0 0 0 0 0 0 0 0],7,264,[0. 0.],[0. 0.],Glow Plugs,460569109,1761498546,0
1761498546553439634,[0 0 0 0 0 0 0 0],7,264,[0. 0.],[0. 0.],Glow Plugs,553187498,1761498546,0
1761498546645432372,[0 0 0 0 0 0 0 0],7,264,[0. 0.],[0. 0.],Glow Plugs,645219182,1761498546,0
1761498546748192633,[0 0 0 0 0 0 0 0],7,264,[0. 0.],[0. 0.],Glow Plugs,747922097,1761498546,0
1761498546840940467,[0 0 0 0 0 0 0 0],7,264,[0. 0.],[0. 0.],Glow Plugs,840334048,1761498546,0
1761498546953235381,[0 0 0 0 0 0 0 0],7,264,[0. 0.],[0. 0.],Glow Plugs,952925516,1761498546,0
1761498547045011270,[0 0 0 0 0 0 0 0],7,264,[0. 0.],[0. 0.],Glow Plugs,44693405,1761498547,0
1761498547157830619,[0 0 0 0 0 0 0 0],7,264,[0. 0.],[0. 0.],Glow Plugs,157309099,1761498547,0
1761498547239948192,[0 0 0 0 0 0 0 0],7,264,[0. 0.],[0. 0.],Glow Plugs,239418449,1761498547,0
1761498547394324806,[0 0 0 0 0 0 0 0],7,264,[0. 0.],[0. 0.],Glow Plugs,393802967,1761498547,0
1761498547466439875,[0 0 0 0 0 0 0 0],7,264,[0. 0.],[0. 0.],Glow Plugs,466220156,1761498547,0
1761498547559260390,[0 0 0 0 0 0 0 0],7,264,[0. 0.],[0. 0.],Glow Plugs,558737143,1761498547,0
1761498547640777850,[0 0 0 0 0 0 0 0],7,264,[0. 0.],[0. 0.],Glow Plugs,640549331,1761498547,0
1761498547753496971,[0 0 0 0 0 0 0 0],7,264,[0. 0.],[0. 0.],Glow Plugs,753256132,1761498547,0
1761498547846511316,[0 0 0 0 0 0 0 0],7,264,[0. 0.],[0. 0.],Glow Plugs,846153834,1761498547,0
1761498547958762040,[0 0 0 0 0 0 0 0],7,264,[0. 0.],[0. 0.],Glow Plugs,958535793,1761498547,0
1761498548050762199,[0 0 0 0 0 0 0 0],7,264,[0. 0.],[0. 0.],Glow Plugs,50331242,1761498548,0
1761498548153257758,[0 0 0 0 0 0 0 0],7,264,[0. 0.],[0. 0.],Glow Plugs,153024055,1761498548,0
1761498548245165614,[0 0 0 0 0 0 0 0],7,264,[0. 0.],[0. 0.],Glow Plugs,244926471,1761498548,0
1761498548400048603,[0 0 0 0 0 0 0 0],7,264,[0. 0.],[0. 0.],Glow Plugs,399663664,1761498548,0
1761498548472005601,[0 0 0 0 0 0 0 0],7,264,[0. 0.],[0. 0.],Glow Plugs,471715256,1761498548,0
1761498548554077071,[0 0 0 0 0 0 0 0],7,264,[0. 0.],[0. 0.],Glow Plugs,553801063,1761498548,0
1761498548646615858,[0 0 0 0 0 0 0 0],7,264,[0. 0.],[0. 0.],Glow Plugs,646305865,1761498548,0
1761498548759453642,[0 0 0 0 0 0 0 0],7,264,[0. 0.],[0. 0.],Glow Plugs,759174882,1761498548,0
1761498548852351639,[0 0 0 0 0 0 0 0],7,264,[0. 0.],[0. 0.],Glow Plugs,852009613,1761498548,0
1761498548965048331,[0 0 0 0 0 0 0 0],7,264,[0. 0.],[0. 0.],Glow Plugs,964821476,1761498548,0
1761498549047430488,[0 0 0 0 0 0 0 0],7,264,[0. 0.],[0. 0.],Glow Plugs,47176112,1761498549,0
1761498549160282483,[0 0 0 0 0 0 0 0],7,264,[0. 0.],[0. 0.],Glow Plugs,159910984,1761498549,0
1761498549252212652,[0 0 0 0 0 0 0 0],7,264,[0. 0.],[0. 0.],Glow Plugs,251983173,1761498549,0
1761498549406598435,[0 0 0 0 0 0 0 0],7,264,[0. 0.],[0. 0.],Glow Plugs,406287770,1761498549,0
1761498549478623319,[0 0 0 0 0 0 0 0],7,264,[0. 0.],[0. 0.],Glow Plugs,478364656,1761498549,0
1761498549560905047,[0 0 0 0 0 0 0 0],7,264,[0. 0.],[0. 0.],Glow Plugs,560549357,1761498549,0
1761498549652844657,[0 0 0 0 0 0 0 0],7,264,[0. 0.],[0. 0.],Glow Plugs,652671628,1761498549,0
1761498549765848528,[0 0 0 0 0 0 0 0],7,264,[0. 0.],[0. 0.],Glow Plugs,765494054,1761498549,0
1761498549848196018,[0 0 0 0 0 0 0 0],7,264,[0. 0.],[0. 0.],Glow Plugs,847983884,1761498549,0
1761498549961212370,[0 0 0 0 0 0 0 0],7,264,[0. 0.],[0. 0.],Glow Plugs,960888169,1761498549,0
1761498550053347237,[0 0 0 0 0 0 0 0],7,264,[0. 0.],[0. 0.],Glow Plugs,53107678,1761498550,0
1761498550166316263,[0 0 0 0 0 0 0 0],7,264,[0. 0.],[0. 0.],Glow Plugs,165966172,1761498550,0
1761498550260755857,[0 0 0 0 0 0 0 0],7,264,[0. 0.],[0. 0.],Glow Plugs,260425351,1761498550,0
1761498550404834902,[0 0 0 0 0 0 0 0],7,264,[0. 0.],[0. 0.],Glow Plugs,404597295,1761498550,0
1761498550477084927,[0 0 0 0 0 0 0 0],7,264,[0. 0.],[0. 0.],Glow Plugs,476812791,1761498550,0
1761498550569344842,[0 0 0 0 0 0 0 0],7,264,[0. 0.],[0. 0.],Glow Plugs,569055330,1761498550,0
1761498550651545650,[0 0 0 0 0 0 0 0],7,264,[0. 0.],[0. 0.],Glow Plugs,651164231,1761498550,0
1761498550765033539,[0 0 0 0 0 0 0 0],7,264,[0. 0.],[0. 0.],Glow Plugs,764239980,1761498550,0
1761498550856919044,[0 0 0 0 0 0 0 0],7,264,[0. 0.],[0. 0.],Glow Plugs,856662876,1761498550,0
1761498550970032778,[0 0 0 0 0 0 0 0],7,264,[0. 0.],[0. 0.],Glow Plugs,969298453,1761498550,0
1761498551061930620,[0 0 0 0 0 0 0 0],7,264,[0. 0.],[0. 0.],Glow Plugs,61484623,1761498551,0
1761498551164673980,[0 0 0 0 0 0 0 0],7,264,[0. 0.],[0. 0.],Glow Plugs,164122124,1761498551,0
1761498551257672997,[0 0 0 0 0 0 0 0],7,264,[0. 0.],[0. 0.],Glow Plugs,256601510,1761498551,0
1761498551411603104,[0 0 0 0 0 0 0 0],7,264,[0. 0.],[0. 0.],Glow Plugs,411257366,1761498551,0
1761498551483751412,[0 0 0 0 0 0 0 0],7,264,[0. 0.],[0. 0.],Glow Plugs,483389577,1761498551,0
1761498551566048554,[0 0 0 0 0 0 0 0],7,264,[0. 0.],[0. 0.],Glow Plugs,565447609,1761498551,0
1761498551657978100,[0 0 0 0 0 0 0 0],7,264,[0. 0.],[0. 0.],Glow Plugs,657627434,1761498551,0
1761498551770823222,[0 0 0 0 0 0 0 0],7,264,[0. 0.],[0. 0.],Glow Plugs,770475628,1761498551,0
1761498551862920229,[0 0 0 0 0 0 0 0],7,264,[0. 0.],[0. 0.],Glow Plugs,862590524,1761498551,0
1761498551975726246,[0 0 0 0 0 0 0 0],7,264,[0. 0.],[0. 0.],Glow Plugs,975314266,1761498551,0
1761498552057395805,[0 0 0 0 0 0 0 0],7,264,[0. 0.],[0. 0.],Glow Plugs,57059699,1761498552,0
1761498552169882904,[0 0 0 0 0 0 0 0],7,264,[0. 0.],[0. 0.],Glow Plugs,169692915,1761498552,0
1761498552262444029,[0 0 0 0 0 0 0 0],7,264,[0. 0.],[0. 0.],Glow Plugs,262088787,1761498552,0
1761498552420743022,[0 0 0 0 0 0 0 0],7,264,[0. 0.],[0. 0.],Glow Plugs,416591256,1761498552,0
1761498552490646735,[0 0 0 0 0 0 0 0],7,264,[0. 0.],[0. 0.],Glow Plugs,490053695,1761498552,0
1761498552573101494,[0 0 0 0 0 0 0 0],7,264,[0. 0.],[0. 0.],Glow Plugs,572884399,1761498552,0
1761498552665345522,[0 0 0 0 0 0 0 0],7,264,[0. 0.],[0. 0.],Glow Plugs,664983271,1761498552,0
1761498552781875968,[0 0 0 0 0 0 0 0],7,264,[0. 0.],[0. 0.],Glow Plugs,781305936,1761498552,0
1761498552863884121,[0 0 0 0 0 0 0 0],7,264,[0. 0.],[0. 0.],Glow Plugs,863582289,1761498552,0
1761498552976571034,[0 0 0 0 0 0 0 0],7,264,[0. 0.],[0. 0.],Glow Plugs,976302322,1761498552,0
1761498553059285210,[0 0 0 0 0 0 0 0],7,264,[0. 0.],[0. 0.],Glow Plugs,59028114,1761498553,0
1761498553172187397,[0 0 0 0 0 0 0 0],7,264,[0. 0.],[0. 0.],Glow Plugs,171800410,1761498553,0
1761498553265120861,[0 0 0 0 0 0 0 0],7,264,[0. 0.],[0. 0.],Glow Plugs,264762899,1761498553,0
1761498553419418966,[0 0 0 0 0 0 0 0],7,264,[0. 0.],[0. 0.],Glow Plugs,418786724,1761498553,0
1761498553491543684,[0 0 0 0 0 0 0 0],7,264,[0. 0.],[0. 0.],Glow Plugs,491153561,1761498553,0
1761498553573865170,[0 0 0 0 0 0 0 0],7,264,[0. 0.],[0. 0.],Glow Plugs,573367684,1761498553,0
1761498553665553512,[0 0 0 0 0 0 0 0],7,264,[0. 0.],[0. 0.],Glow Plugs,665347874,1761498553,0
1761498553779157094,[0 0 0 0 0 0 0 0],7,264,[0. 0.],[0. 0.],Glow Plugs,778821245,1761498553,0
1761498553871194310,[0 0 0 0 0 0 0 0],7,264,[0. 0.],[0. 0.],Glow Plugs,870889533,1761498553,0
1761498553973528583,[0 0 0 0 0 0 0 0],7,264,[0. 0.],[0. 0.],Glow Plugs,973253599,1761498553,0
1761498554065661210,[0 0 0 0 0 0 0 0],7,264,[0. 0.],[0. 0.],Glow Plugs,65380626,1761498554,0
1761498554178330818,[0 0 0 0 0 0 0 0],7,264,[0. 0.],[0. 0.],Glow Plugs,178033722,1761498554,0
1761498554271232483,[0 0 0 0 0 0 0 0],7,264,[0. 0.],[0. 0.],Glow Plugs,270938139,1761498554,0
1761498554414401822,[0 0 0 0 0 0 0 0],7,264,[0. 0.],[0. 0.],Glow Plugs,414227065,1761498554,0
1761498554486681344,[0 0 0 0 0 0 0 0],7,264,[0. 0.],[0. 0.],Glow Plugs,486328566,1761498554,0
1761498554578476097,[0 0 0 0 0 0 0 0],7,264,[0. 0.],[0. 0.],Glow Plugs,578225370,1761498554,0
1761498554670155008,[0 0 0 0 0 0 0 0],7,264,[0. 0.],[0. 0.],Glow Plugs,669868120,1761498554,0
1761498554782969772,[0 0 0 0 0 0 0 0],7,264,[0. 0.],[0. 0.],Glow Plugs,782708229,1761498554,0
1761498554865337703,[0 0 0 0 0 0 0 0],7,264,[0. 0.],[0. 0.],Glow Plugs,864743383,1761498554,0
1761498554977089750,[0 0 0 0 0 0 0 0],7,264,[0. 0.],[0. 0.],Glow Plugs,976902609,1761498554,0
1761498555069038252,[0 0 0 0 0 0 0 0],7,264,[0. 0.],[0. 0.],Glow Plugs,68872679,1761498555,0
1761498555181577973,[0 0 0 0 0 0 0 0],7,264,[0. 0.],[0. 0.],Glow Plugs,181298253,1761498555,0
1761498555273778060,[0 0 0 0 0 0 0 0],7,264,[0. 0.],[0. 0.],Glow Plugs,273573734,1761498555,0
1761498555428260253,[0 0 0 0 0 0 0 0],7,264,[0. 0.],[0. 0.],Glow Plugs,427938932,1761498555,0
1761498555500134017,[0 0 0 0 0 0 0 0],7,264,[0. 0.],[0. 0.],Glow Plugs,499904027,1761498555,0
1761498555582489864,[0 0 0 0 0 0 0 0],7,264,[0. 0.],[0. 0.],Glow Plugs,582194303,1761498555,0
1761498555674177808,[0 0 0 0 0 0 0 0],7,264,[0. 0.],[0. 0.],Glow Plugs,673899528,1761498555,0
1761498555786757050,[0 0 0 0 0 0 0 0],7,264,[0. 0.],[0. 0.],Glow Plugs,786491155,1761498555,0
1761498555868587026,[0 0 0 0 0 0 0 0],7,264,[0. 0.],[0. 0.],Glow Plugs,868400333,1761498555,0
1761498555980911093,[0 0 0 0 0 0 0 0],7,264,[0. 0.],[0. 0.],Glow Plugs,980623629,1761498555,0
1761498556072994231,[0 0 0 0 0 0 0 0],7,264,[0. 0.],[0. 0.],Glow Plugs,72729968,1761498556,0
1761498556185453603,[0 0 0 0 0 0 0 0],7,264,[0. 0.],[0. 0.],Glow Plugs,185235901,1761498556,0
1761498556278240723,[0 0 0 0 0 0 0 0],7,264,[0. 0.],[0. 0.],Glow Plugs,277971980,1761498556,0
1761498556422719884,[0 0 0 0 0 0 0 0],7,264,[0. 0.],[0. 0.],Glow Plugs,422487142,1761498556,0
1761498556495396213,[0 0 0 0 0 0 0 0],7,264,[0. 0.],[0. 0.],Glow Plugs,495034091,1761498556,0
1761498556587664631,[0 0 0 0 0 0 0 0],7,264,[0. 0.],[0. 0.],Glow Plugs,587388560,1761498556,0
1761498556680090813,[0 0 0 0 0 0 0 0],7,264,[0. 0.],[0. 0.],Glow Plugs,679749268,1761498556,0
1761498556782981763,[0 0 0 0 0 0 0 0],7,264,[0. 0.],[0. 0.],Glow Plugs,782668346,1761498556,0
1761498556875264005,[0 0 0 0 0 0 0 0],7,264,[0. 0.],[0. 0.],Glow Plugs,874972733,1761498556,0
1761498556988193437,[0 0 0 0 0 0 0 0],7,264,[0. 0.],[0. 0.],Glow Plugs,987807667,1761498556,0
1761498557080522830,[0 0 0 0 0 0 0 0],7,264,[0. 0.],[0. 0.],Glow Plugs,80212006,1761498557,0
1761498557183234710,[0 0 0 0 0 0 0 0],7,264,[0. 0.],[0. 0.],Glow Plugs,182620517,1761498557,0
1761498557275165464,[0 0 0 0 0 0 0 0],7,264,[0. 0.],[0. 0.],Glow Plugs,274806510,1761498557,0
1761498557428009426,[0 0 0 0 0 0 0 0],7,264,[0. 0.],[0. 0.],Glow Plugs,427818637,1761498557,0
1761498557500036280,[0 0 0 0 0 0 0 0],7,264,[0. 0.],[0. 0.],Glow Plugs,499840050,1761498557,0
1761498557592174592,[0 0 0 0 0 0 0 0],7,264,[0. 0.],[0. 0.],Glow Plugs,591909785,1761498557,0
1761498557673713000,[0 0 0 0 0 0 0 0],7,264,[0. 0.],[0. 0.],Glow Plugs,673480641,1761498557,0
1761498557786509345,[0 0 0 0 0 0 0 0],7,264,[0. 0.],[0. 0.],Glow Plugs,786195769,1761498557,0
1761498557878352001,[0 0 0 0 0 0 0 0],7,264,[0. 0.],[0. 0.],Glow Plugs,878041305,1761498557,0
1761498557990515050,[0 0 0 0 0 0 0 0],7,264,[0. 0.],[0. 0.],Glow Plugs,990158144,1761498557,0
1761498558082752705,[0 0 0 0 0 0 0 0],7,264,[0. 0.],[0. 0.],Glow Plugs,82473754,1761498558,0
1761498558195144533,[0 0 0 0 0 0 0 0],7,264,[0. 0.],[0. 0.],Glow Plugs,194840461,1761498558,0
1761498558277249241,[0 0 0 0 0 0 0 0],7,264,[0. 0.],[0. 0.],Glow Plugs,276963313,1761498558,0
1761498558431191980,[0 0 0 0 0 0 0 0],7,264,[0. 0.],[0. 0.],Glow Plugs,430882435,1761498558,0
1761498558503414981,[0 0 0 0 0 0 0 0],7,264,[0. 0.],[0. 0.],Glow Plugs,502853014,1761498558,0
1761498558595102379,[0 0 0 0 0 0 0 0],7,264,[0. 0.],[0. 0.],Glow Plugs,594922662,1761498558,0
1761498558687130618,[0 0 0 0 0 0 0 0],7,264,[0. 0.],[0. 0.],Glow Plugs,686912212,1761498558,0
1761498558791934401,[0 0 0 0 0 0 0 0],7,264,[0. 0.],[0. 0.],Glow Plugs,791346193,1761498558,0
1761498558883729322,[0 0 0 0 0 0 0 0],7,264,[0. 0.],[0. 0.],Glow Plugs,883550853,1761498558,0
1761498558996175743,[0 0 0 0 0 0 0 0],7,264,[0. 0.],[0. 0.],Glow Plugs,995905656,1761498558,0
1761498559088748104,[0 0 0 0 0 0 0 0],7,264,[0. 0.],[0. 0.],Glow Plugs,88455712,1761498559,0
1761498559191381437,[0 0 0 0 0 0 0 0],7,264,[0. 0.],[0. 0.],Glow Plugs,191142294,1761498559,0
1761498559284320270,[0 0 0 0 0 0 0 0],7,264,[0. 0.],[0. 0.],Glow Plugs,283962276,1761498559,0
1761498559438381343,[0 0 0 0 0 0 0 0],7,264,[0. 0.],[0. 0.],Glow Plugs,438048407,1761498559,0
1761498559509959607,[0 0 0 0 0 0 0 0],7,264,[0. 0.],[0. 0.],Glow Plugs,509650638,1761498559,0
1761498559591987333,[0 0 0 0 0 0 0 0],7,264,[0. 0.],[0. 0.],Glow Plugs,591764863,1761498559,0
1761498559683971389,[0 0 0 0 0 0 0 0],7,264,[0. 0.],[0. 0.],Glow Plugs,683712758,1761498559,0
1761498559797195404,[0 0 0 0 0 0 0 0],7,264,[0. 0.],[0. 0.],Glow Plugs,796861315,1761498559,0
1761498559888806138,[0 0 0 0 0 0 0 0],7,264,[0. 0.],[0. 0.],Glow Plugs,888589556,1761498559,0
1761498560001404632,[0 0 0 0 0 0 0 0],7,264,[0. 0.],[0. 0.],Glow Plugs,1215475,1761498560,0
1761498560083395538,[0 0 0 0 0 0 0 0],7,264,[0. 0.],[0. 0.],Glow Plugs,83069098,1761498560,0
1761498560195857298,[0 0 0 0 0 0 0 0],7,264,[0. 0.],[0. 0.],Glow Plugs,195606508,1761498560,0
1761498560288753773,[0 0 0 0 0 0 0 0],7,264,[0. 0.],[0. 0.],Glow Plugs,288284960,1761498560,0
1761498560443222341,[0 0 0 0 0 0 0 0],7,264,[0. 0.],[0. 0.],Glow Plugs,442735576,1761498560,0
1761498560515363706,[0 0 0 0 0 0 0 0],7,264,[0. 0.],[0. 0.],Glow Plugs,514994896,1761498560,0
1761498560597378196,[0 0 0 0 0 0 0 0],7,264,[0. 0.],[0. 0.],Glow Plugs,597093933,1761498560,0
1761498560689475001,[0 0 0 0 0 0 0 0],7,264,[0. 0.],[0. 0.],Glow Plugs,689244019,1761498560,0
1761498560802735087,[0 0 0 0 0 0 0 0],7,264,[0. 0.],[0. 0.],Glow Plugs,802436423,1761498560,0
1761498560894911606,[0 0 0 0 0 0 0 0],7,264,[0. 0.],[0. 0.],Glow Plugs,894626542,1761498560,0
1761498560998110049,[0 0 0 0 0 0 0 0],7,264,[0. 0.],[0. 0.],Glow Plugs,997758840,1761498560,0
1761498561090396375,[0 0 0 0 0 0 0 0],7,264,[0. 0.],[0. 0.],Glow Plugs,90060558,1761498561,0
1761498561203433196,[0 0 0 0 0 0 0 0],7,264,[0. 0.],[0. 0.],Glow Plugs,203078882,1761498561,0
1761498561295802595,[0 0 0 0 0 0 0 0],7,264,[0. 0.],[0. 0.],Glow Plugs,295432345,1761498561,0
1761498561439949959,[0 0 0 0 0 0 0 0],7,264,[0. 0.],[0. 0.],Glow Plugs,439702497,1761498561,0
1761498561512026538,[0 0 0 0 0 0 0 0],7,264,[0. 0.],[0. 0.],Glow Plugs,511835333,1761498561,0
1761498561604298782,[0 0 0 0 0 0 0 0],7,264,[0. 0.],[0. 0.],Glow Plugs,604077048,1761498561,0
1761498561696177992,[0 0 0 0 0 0 0 0],7,264,[0. 0.],[0. 0.],Glow Plugs,696005508,1761498561,0
1761498561799158613,[0 0 0 0 0 0 0 0],7,264,[0. 0.],[0. 0.],Glow Plugs,798736362,1761498561,0
1761498561891804467,[0 0 0 0 0 0 0 0],7,264,[0. 0.],[0. 0.],Glow Plugs,891112609,1761498561,0
1761498562004138966,[0 0 0 0 0 0 0 0],7,264,[0. 0.],[0. 0.],Glow Plugs,3587559,1761498562,0
1761498562096343091,[0 0 0 0 0 0 0 0],7,264,[0. 0.],[0. 0.],Glow Plugs,95765892,1761498562,0
1761498562208870432,[0 0 0 0 0 0 0 0],7,264,[0. 0.],[0. 0.],Glow Plugs,208653466,1761498562,0
1761498562291718410,[0 0 0 0 0 0 0 0],7,264,[0. 0.],[0. 0.],Glow Plugs,291283935,1761498562,0
1761498562446045430,[0 0 0 0 0 0 0 0],7,264,[0. 0.],[0. 0.],Glow Plugs,445478887,1761498562,0
1761498562517723741,[0 0 0 0 0 0 0 0],7,264,[0. 0.],[0. 0.],Glow Plugs,517524824,1761498562,0
1761498562610184865,[0 0 0 0 0 0 0 0],7,264,[0. 0.],[0. 0.],Glow Plugs,609835672,1761498562,0
1761498562691776266,[0 0 0 0 0 0 0 0],7,264,[0. 0.],[0. 0.],Glow Plugs,691448962,1761498562,0
1761498562804560318,[0 0 0 0 0 0 0 0],7,264,[0. 0.],[0. 0.],Glow Plugs,803982159,1761498562,0
1761498562896226061,[0 0 0 0 0 0 0 0],7,264,[0. 0.],[0. 0.],Glow Plugs,895940230,1761498562,0
1761498563008651383,[0 0 0 0 0 0 0 0],7,264,[0. 0.],[0. 0.],Glow Plugs,8457362,1761498563,0
1761498563100868543,[0 0 0 0 0 0 0 0],7,264,[0. 0.],[0. 0.],Glow Plugs,100562391,1761498563,0
1761498563202854243,[0 0 0 0 0 0 0 0],7,264,[0. 0.],[0. 0.],Glow Plugs,202676926,1761498563,0
1761498563295100396,[0 0 0 0 0 0 0 0],7,264,[0. 0.],[0. 0.],Glow Plugs,294845573,1761498563,0
1761498563448968008,[0 0 0 0 0 0 0 0],7,264,[0. 0.],[0. 0.],Glow Plugs,448689089,1761498563,0
1761498563520974216,[0 0 0 0 0 0 0 0],7,264,[0. 0.],[0. 0.],Glow Plugs,520694272,1761498563,0
1761498563612752580,[0 0 0 0 0 0 0 0],7,264,[0. 0.],[0. 0.],Glow Plugs,612563167,1761498563,0
1761498563694847272,[0 0 0 0 0 0 0 0],7,264,[0. 0.],[0. 0.],Glow Plugs,694535456,1761498563,0
1761498563807756261,[0 0 0 0 0 0 0 0],7,264,[0. 0.],[0. 0.],Glow Plugs,807278489,1761498563,0
1761498563900135665,[0 0 0 0 0 0 0 0],7,264,[0. 0.],[0. 0.],Glow Plugs,899933324,1761498563,0
1761498564012823079,[0 0 0 0 0 0 0 0],7,264,[0. 0.],[0. 0.],Glow Plugs,12551520,1761498564,0
1761498564104860053,[0 0 0 0 0 0 0 0],7,264,[0. 0.],[0. 0.],Glow Plugs,104618255,1761498564,0
1761498564207343470,[0 0 0 0 0 0 0 0],7,264,[0. 0.],[0. 0.],Glow Plugs,206918819,1761498564,0
1761498564299458399,[0 0 0 0 0 0 0 0],7,264,[0. 0.],[0. 0.],Glow Plugs,299131094,1761498564,0
1761498564452638982,[0 0 0 0 0 0 0 0],7,264,[0. 0.],[0. 0.],Glow Plugs,452464994,1761498564,0
1761498564524610516,[0 0 0 0 0 0 0 0],7,264,[0. 0.],[0. 0.],Glow Plugs,524452752,1761498564,0
1761498564616669027,[0 0 0 0 0 0 0 0],7,264,[0. 0.],[0. 0.],Glow Plugs,616450142,1761498564,0
1761498564698352073,[0 0 0 0 0 0 0 0],7,264,[0. 0.],[0. 0.],Glow Plugs,698117251,1761498564,0
1761498564811644023,[0 0 0 0 0 0 0 0],7,264,[0. 0.],[0. 0.],Glow Plugs,811366608,1761498564,0
1761498564903806632,[0 0 0 0 0 0 0 0],7,264,[0. 0.],[0. 0.],Glow Plugs,903340860,1761498564,0
1761498565016434978,[0 0 0 0 0 0 0 0],7,264,[0. 0.],[0. 0.],Glow Plugs,16193371,1761498565,0
1761498565108494396,[0 0 0 0 0 0 0 0],7,264,[0. 0.],[0. 0.],Glow Plugs,108260214,1761498565,0
1761498565211261509,[0 0 0 0 0 0 0 0],7,264,[0. 0.],[0. 0.],Glow Plugs,210951421,1761498565,0
1761498565303333407,[0 0 0 0 0 0 0 0],7,264,[0. 0.],[0. 0.],Glow Plugs,303033464,1761498565,0
1761498565457790245,[0 0 0 0 0 0 0 0],7,264,[0. 0.],[0. 0.],Glow Plugs,457194838,1761498565,0
1761498565529813188,[0 0 0 0 0 0 0 0],7,264,[0. 0.],[0. 0.],Glow Plugs,529306839,1761498565,0
1761498565612134663,[0 0 0 0 0 0 0 0],7,264,[0. 0.],[0. 0.],Glow Plugs,611899457,1761498565,0
1761498565704134432,[0 0 0 0 0 0 0 0],7,264,[0. 0.],[0. 0.],Glow Plugs,703897178,1761498565,0
1761498565817463956,[0 0 0 0 0 0 0 0],7,264,[0. 0.],[0. 0.],Glow Plugs,817072394,1761498565,0
1761498565909726227,[0 0 0 0 0 0 0 0],7,264,[0. 0.],[0. 0.],Glow Plugs,909312233,1761498565,0
1761498566012302166,[0 0 0 0 0 0 0 0],7,264,[0. 0.],[0. 0.],Glow Plugs,12066032,1761498566,0
1761498566104561728,[0 0 0 0 0 0 0 0],7,264,[0. 0.],[0. 0.],Glow Plugs,104354043,1761498566,0
1761498566217110119,[0 0 0 0 0 0 0 0],7,264,[0. 0.],[0. 0.],Glow Plugs,216900738,1761498566,0
1761498566311719661,[0 0 0 0 0 0 0 0],7,264,[0. 0.],[0. 0.],Glow Plugs,311513320,1761498566,0
1761498566456489212,[0 0 0 0 0 0 0 0],7,264,[0. 0.],[0. 0.],Glow Plugs,456212981,1761498566,0
1761498566528084352,[0 0 0 0 0 0 0 0],7,264,[0. 0.],[0. 0.],Glow Plugs,527942045,1761498566,0
1761498566619955873,[0 0 0 0 0 0 0 0],7,264,[0. 0.],[0. 0.],Glow Plugs,619767484,1761498566,0
1761498566711940836,[0 0 0 0 0 0 0 0],7,264,[0. 0.],[0. 0.],Glow Plugs,711725599,1761498566,0
1761498566824313383,[0 0 0 0 0 0 0 0],7,264,[0. 0.],[0. 0.],Glow Plugs,824046657,1761498566,0
1761498566906482933,[0 0 0 0 0 0 0 0],7,264,[0. 0.],[0. 0.],Glow Plugs,906195245,1761498566,0
1761498567018602926,[0 0 0 0 0 0 0 0],7,264,[0. 0.],[0. 0.],Glow Plugs,18299910,1761498567,0
1761498567110700160,[0 0 0 0 0 0 0 0],7,264,[0. 0.],[0. 0.],Glow Plugs,110283893,1761498567,0
1761498567222840484,[0 0 0 0 0 0 0 0],7,264,[0. 0.],[0. 0.],Glow Plugs,222566365,1761498567,0
1761498567314995351,[0 0 0 0 0 0 0 0],7,264,[0. 0.],[0. 0.],Glow Plugs,314698703,1761498567,0
1761498567458764077,[0 0 0 0 0 0 0 0],7,264,[0. 0.],[0. 0.],Glow Plugs,458321986,1761498567,0
1761498567530804428,[0 0 0 0 0 0 0 0],7,264,[0. 0.],[0. 0.],Glow Plugs,530396610,1761498567,0
1761498567622942943,[0 0 0 0 0 0 0 0],7,264,[0. 0.],[0. 0.],Glow Plugs,622577430,1761498567,0
1761498567714590853,[0 0 0 0 0 0 0 0],7,264,[0. 0.],[0. 0.],Glow Plugs,714390272,1761498567,0
1761498567827274455,[0 0 0 0 0 0 0 0],7,264,[0. 0.],[0. 0.],Glow Plugs,826990768,1761498567,0
1761498567909162155,[0 0 0 0 0 0 0 0],7,264,[0. 0.],[0. 0.],Glow Plugs,908859427,1761498567,0
1761498568021241898,[0 0 0 0 0 0 0 0],7,264,[0. 0.],[0. 0.],Glow Plugs,21075109,1761498568,0
1761498568113066400,[0 0 0 0 0 0 0 0],7,264,[0. 0.],[0. 0.],Glow Plugs,112891804,1761498568,0
1761498568225567252,[0 0 0 0 0 0 0 0],7,264,[0. 0.],[0. 0.],Glow Plugs,225243692,1761498568,0
1761498568317490605,[0 0 0 0 0 0 0 0],7,264,[0. 0.],[0. 0.],Glow Plugs,317305513,1761498568,0
1761498568461296005,[0 0 0 0 0 0 0 0],7,264,[0. 0.],[0. 0.],Glow Plugs,461086111,1761498568,0
1761498568534029125,[0 0 0 0 0 0 0 0],7,264,[0. 0.],[0. 0.],Glow Plugs,533660060,1761498568,0
1761498568626036352,[0 0 0 0 0 0 0 0],7,264,[0. 0.],[0. 0.],Glow Plugs,625597333,1761498568,0
1761498568717769652,[0 0 0 0 0 0 0 0],7,264,[0. 0.],[0. 0.],Glow Plugs,717527374,1761498568,0
1761498568830726995,[0 0 0 0 0 0 0 0],7,264,[0. 0.],[0. 0.],Glow Plugs,830404139,1761498568,0
1761498568913156483,[0 0 0 0 0 0 0 0],7,264,[0. 0.],[0. 0.],Glow Plugs,912903516,1761498568,0
1761498569025253864,[0 0 0 0 0 0 0 0],7,264,[0. 0.],[0. 0.],Glow Plugs,25004162,1761498569,0
1761498569117330352,[0 0 0 0 0 0 0 0],7,264,[0. 0.],[0. 0.],Glow Plugs,117025993,1761498569,0
1761498569230086258,[0 0 0 0 0 0 0 0],7,264,[0. 0.],[0. 0.],Glow Plugs,229828140,1761498569,0
1761498569322525763,[0 0 0 0 0 0 0 0],7,264,[0. 0.],[0. 0.],Glow Plugs,322271133,1761498569,0
1761498569466634851,[0 0 0 0 0 0 0 0],7,264,[0. 0.],[0. 0.],Glow Plugs,466317211,1761498569,0
1761498569538890599,[0 0 0 0 0 0 0 0],7,264,[0. 0.],[0. 0.],Glow Plugs,538419356,1761498569,0
1761498569630794507,[0 0 0 0 0 0 0 0],7,264,[0. 0.],[0. 0.],Glow Plugs,630468899,1761498569,0
1761498569722885044,[0 0 0 0 0 0 0 0],7,264,[0. 0.],[0. 0.],Glow Plugs,722427593,1761498569,0
1761498569826723068,[0 0 0 0 0 0 0 0],7,264,[0. 0.],[0. 0.],Glow Plugs,826215952,1761498569,0
1761498569918934312,[0 0 0 0 0 0 0 0],7,264,[0. 0.],[0. 0.],Glow Plugs,918599232,1761498569,0
1761498570031068532,[0 0 0 0 0 0 0 0],7,264,[0. 0.],[0. 0.],Glow Plugs,30883184,1761498570,0
1761498570123227339,[0 0 0 0 0 0 0 0],7,264,[0. 0.],[0. 0.],Glow Plugs,123018534,1761498570,0
1761498570235903794,[0 0 0 0 0 0 0 0],7,264,[0. 0.],[0. 0.],Glow Plugs,235572362,1761498570,0
1761498570317916818,[0 0 0 0 0 0 0 0],7,264,[0. 0.],[0. 0.],Glow Plugs,317699757,1761498570,0
1761498570472419246,[0 0 0 0 0 0 0 0],7,264,[0. 0.],[0. 0.],Glow Plugs,471881825,1761498570,0
1761498570544554208,[0 0 0 0 0 0 0 0],7,264,[0. 0.],[0. 0.],Glow Plugs,544314714,1761498570,0
1761498570636624564,[0 0 0 0 0 0 0 0],7,264,[0. 0.],[0. 0.],Glow Plugs,636437135,1761498570,0
1761498570718538002,[0 0 0 0 0 0 0 0],7,264,[0. 0.],[0. 0.],Glow Plugs,718257771,1761498570,0
1761498570831932075,[0 0 0 0 0 0 0 0],7,264,[0. 0.],[0. 0.],Glow Plugs,831402270,1761498570,0
1761498570923608629,[0 0 0 0 0 0 0 0],7,264,[0. 0.],[0. 0.],Glow Plugs,923355663,1761498570,0
1761498571036114353,[0 0 0 0 0 0 0 0],7,264,[0. 0.],[0. 0.],Glow Plugs,35882412,1761498571,0
1761498571128322133,[0 0 0 0 0 0 0 0],7,264,[0. 0.],[0. 0.],Glow Plugs,127946924,1761498571,0
1761498571230481255,[0 0 0 0 0 0 0 0],7,264,[0. 0.],[0. 0.],Glow Plugs,230162880,1761498571,0
1761498571322817710,[0 0 0 0 0 0 0 0],7,264,[0. 0.],[0. 0.],Glow Plugs,322278593,1761498571,0
1761498571476108235,[0 0 0 0 0 0 0 0],7,264,[0. 0.],[0. 0.],Glow Plugs,475855781,1761498571,0
1761498571548062345,[0 0 0 0 0 0 0 0],7,264,[0. 0.],[0. 0.],Glow Plugs,547866628,1761498571,0
1761498571640090216,[0 0 0 0 0 0 0 0],7,264,[0. 0.],[0. 0.],Glow Plugs,639782016,1761498571,0
1761498571721797776,[0 0 0 0 0 0 0 0],7,264,[0. 0.],[0. 0.],Glow Plugs,721416359,1761498571,0
1761498571834314586,[0 0 0 0 0 0 0 0],7,264,[0. 0.],[0. 0.],Glow Plugs,834023059,1761498571,0
1761498571926311225,[0 0 0 0 0 0 0 0],7,264,[0. 0.],[0. 0.],Glow Plugs,925819949,1761498571,0
1761498572038340561,[0 0 0 0 0 0 0 0],7,264,[0. 0.],[0. 0.],Glow Plugs,38103531,1761498572,0
1761498572130485311,[0 0 0 0 0 0 0 0],7,264,[0. 0.],[0. 0.],Glow Plugs,130139319,1761498572,0
1761498572233148967,[0 0 0 0 0 0 0 0],7,264,[0. 0.],[0. 0.],Glow Plugs,232678812,1761498572,0
1761498572324994703,[0 0 0 0 0 0 0 0],7,264,[0. 0.],[0. 0.],Glow Plugs,324692967,1761498572,0
1761498572479043868,[0 0 0 0 0 0 0 0],7,264,[0. 0.],[0. 0.],Glow Plugs,478478607,1761498572,0
1761498572550709476,[0 0 0 0 0 0 0 0],7,264,[0. 0.],[0. 0.],Glow Plugs,550265273,1761498572,0
1761498572642564523,[0 0 0 0 0 0 0 0],7,264,[0. 0.],[0. 0.],Glow Plugs,642251556,1761498572,0
1761498572724116830,[0 0 0 0 0 0 0 0],7,264,[0. 0.],[0. 0.],Glow Plugs,723860696,1761498572,0
1761498572836500141,[0 0 0 0 0 0 0 0],7,264,[0. 0.],[0. 0.],Glow Plugs,836320041,1761498572,0
1761498572928931938,[0 0 0 0 0 0 0 0],7,264,[0. 0.],[0. 0.],Glow Plugs,928461207,1761498572,0
1761498573041036707,[0 0 0 0 0 0 0 0],7,264,[0. 0.],[0. 0.],Glow Plugs,40825310,1761498573,0
1761498573132961785,[0 0 0 0 0 0 0 0],7,264,[0. 0.],[0. 0.],Glow Plugs,132783029,1761498573,0
1761498573245715609,[0 0 0 0 0 0 0 0],7,264,[0. 0.],[0. 0.],Glow Plugs,245394097,1761498573,0
1761498573327752966,[0 0 0 0 0 0 0 0],7,264,[0. 0.],[0. 0.],Glow Plugs,327383293,1761498573,0
1761498573481227205,[0 0 0 0 0 0 0 0],7,264,[0. 0.],[0. 0.],Glow Plugs,481025600,1761498573,0
1761498573553720913,[0 0 0 0 0 0 0 0],7,264,[0. 0.],[0. 0.],Glow Plugs,553263110,1761498573,0
1761498573645876012,[0 0 0 0 0 0 0 0],7,264,[0. 0.],[0. 0.],Glow Plugs,645331807,1761498573,0
1761498573727836919,[0 0 0 0 0 0 0 0],7,264,[0. 0.],[0. 0.],Glow Plugs,727225352,1761498573,0
1761498573839949512,[0 0 0 0 0 0 0 0],7,264,[0. 0.],[0. 0.],Glow Plugs,839729890,1761498573,0
1761498573932131235,[0 0 0 0 0 0 0 0],7,264,[0. 0.],[0. 0.],Glow Plugs,931864413,1761498573,0
1761498574044587796,[0 0 0 0 0 0 0 0],7,264,[0. 0.],[0. 0.],Glow Plugs,44221515,1761498574,0
1761498574136539318,[0 0 0 0 0 0 0 0],7,264,[0. 0.],[0. 0.],Glow Plugs,136293393,1761498574,0
1761498574252797616,[0 0 0 0 0 0 0 0],7,264,[0. 0.],[0. 0.],Glow Plugs,252142209,1761498574,0
1761498574335207860,[0 0 0 0 0 0 0 0],7,264,[0. 0.],[0. 0.],Glow Plugs,334668360,1761498574,0
1761498574493329728,[0 0 0 0 0 0 0 0],7,264,[0. 0.],[0. 0.],Glow Plugs,492844757,1761498574,0
1761498574567798282,[0 0 0 0 0 0 0 0],7,264,[0. 0.],[0. 0.],Glow Plugs,567379393,1761498574,0
1761498574647655251,[0 0 0 0 0 0 0 0],7,264,[0. 0.],[0. 0.],Glow Plugs,647354732,1761498574,0
1761498574739792442,[0 0 0 0 0 0 0 0],7,264,[0. 0.],[0. 0.],Glow Plugs,739335663,1761498574,0
1761498574843866712,[0 0 0 0 0 0 0 0],7,264,[0. 0.],[0. 0.],Glow Plugs,843408525,1761498574,0
1761498574935987102,[0 0 0 0 0 0 0 0],7,264,[0. 0.],[0. 0.],Glow Plugs,935568820,1761498574,0
1761498575048356724,[0 0 0 0 0 0 0 0],7,264,[0. 0.],[0. 0.],Glow Plugs,48057901,1761498575,0
1761498575140036605,[0 0 0 0 0 0 0 0],7,264,[0. 0.],[0. 0.],Glow Plugs,139851257,1761498575,0
1761498575252549384,[0 0 0 0 0 0 0 0],7,264,[0. 0.],[0. 0.],Glow Plugs,252342148,1761498575,0
1761498575335076990,[0 0 0 0 0 0 0 0],7,264,[0. 0.],[0. 0.],Glow Plugs,334650580,1761498575,0
1761498575489328558,[0 0 0 0 0 0 0 0],7,264,[0. 0.],[0. 0.],Glow Plugs,489063688,1761498575,0
1761498575562101890,[0 0 0 0 0 0 0 0],7,264,[0. 0.],[0. 0.],Glow Plugs,561785563,1761498575,0
1761498575645800051,[0 0 0 0 0 0 0 0],7,264,[0. 0.],[0. 0.],Glow Plugs,645427658,1761498575,0
1761498575737942534,[0 0 0 0 0 0 0 0],7,264,[0. 0.],[0. 0.],Glow Plugs,737674848,1761498575,0
1761498575851963508,[0 0 0 0 0 0 0 0],7,264,[0. 0.],[0. 0.],Glow Plugs,851546155,1761498575,0
1761498575944216043,[0 0 0 0 0 0 0 0],7,264,[0. 0.],[0. 0.],Glow Plugs,943749088,1761498575,0
1761498576047604538,[0 0 0 0 0 0 0 0],7,264,[0. 0.],[0. 0.],Glow Plugs,47030732,1761498576,0
1761498576140901077,[0 0 0 0 0 0 0 0],7,264,[0. 0.],[0. 0.],Glow Plugs,139854813,1761498576,0
1761498576252882524,[0 0 0 0 0 0 0 0],7,264,[0. 0.],[0. 0.],Glow Plugs,252677303,1761498576,0
1761498576345051197,[0 0 0 0 0 0 0 0],7,264,[0. 0.],[0. 0.],Glow Plugs,344830840,1761498576,0
1761498576489235783,[0 0 0 0 0 0 0 0],7,264,[0. 0.],[0. 0.],Glow Plugs,488910624,1761498576,0
1761498576561418782,[0 0 0 0 0 0 0 0],7,264,[0. 0.],[0. 0.],Glow Plugs,561287867,1761498576,0
1761498576654249103,[0 0 0 0 0 0 0 0],7,264,[0. 0.],[0. 0.],Glow Plugs,653921511,1761498576,0
1761498576745712416,[0 0 0 0 0 0 0 0],7,264,[0. 0.],[0. 0.],Glow Plugs,745439705,1761498576,0
1761498576848311120,[0 0 0 0 0 0 0 0],7,264,[0. 0.],[0. 0.],Glow Plugs,848014857,1761498576,0
1761498576940180234,[0 0 0 0 0 0 0 0],7,264,[0. 0.],[0. 0.],Glow Plugs,939921380,1761498576,0
1761498577052987066,[0 0 0 0 0 0 0 0],7,264,[0. 0.],[0. 0.],Glow Plugs,52670067,1761498577,0
1761498577144755520,[0 0 0 0 0 0 0 0],7,264,[0. 0.],[0. 0.],Glow Plugs,144514682,1761498577,0
1761498577258278259,[0 0 0 0 0 0 0 0],7,264,[0. 0.],[0. 0.],Glow Plugs,257750695,1761498577,0
1761498577340044565,[0 0 0 0 0 0 0 0],7,264,[0. 0.],[0. 0.],Glow Plugs,339734094,1761498577,0
1761498577493477939,[0 0 0 0 0 0 0 0],7,264,[0. 0.],[0. 0.],Glow Plugs,493016808,1761498577,0
1761498577565565401,[0 0 0 0 0 0 0 0],7,264,[0. 0.],[0. 0.],Glow Plugs,564957803,1761498577,0
1761498577657328574,[0 0 0 0 0 0 0 0],7,264,[0. 0.],[0. 0.],Glow Plugs,657119609,1761498577,0
1761498577749889333,[0 0 0 0 0 0 0 0],7,264,[0. 0.],[0. 0.],Glow Plugs,749336808,1761498577,0
1761498577852585458,[0 0 0 0 0 0 0 0],7,264,[0. 0.],[0. 0.],Glow Plugs,852236586,1761498577,0
1761498577944365400,[0 0 0 0 0 0 0 0],7,264,[0. 0.],[0. 0.],Glow Plugs,944121330,1761498577,0
1761498578056623715,[0 0 0 0 0 0 0 0],7,264,[0. 0.],[0. 0.],Glow Plugs,56421311,1761498578,0
1761498578149050404,[0 0 0 0 0 0 0 0],7,264,[0. 0.],[0. 0.],Glow Plugs,148650363,1761498578,0
1761498578261924658,[0 0 0 0 0 0 0 0],7,264,[0. 0.],[0. 0.],Glow Plugs,261412614,1761498578,0
1761498578343916424,[0 0 0 0 0 0 0 0],7,264,[0. 0.],[0. 0.],Glow Plugs,343458558,1761498578,0
1761498578497658734,[0 0 0 0 0 0 0 0],7,264,[0. 0.],[0. 0.],Glow Plugs,497363303,1761498578,0
1761498578570057164,[0 0 0 0 0 0 0 0],7,264,[0. 0.],[0. 0.],Glow Plugs,569759269,1761498578,0
1761498578661895776,[0 0 0 0 0 0 0 0],7,264,[0. 0.],[0. 0.],Glow Plugs,661621434,1761498578,0
1761498578754107964,[0 0 0 0 0 0 0 0],7,264,[0. 0.],[0. 0.],Glow Plugs,753844918,1761498578,0
1761498578856691746,[0 0 0 0 0 0 0 0],7,264,[0. 0.],[0. 0.],Glow Plugs,856378971,1761498578,0
1761498578948909406,[0 0 0 0 0 0 0 0],7,264,[0. 0.],[0. 0.],Glow Plugs,948565399,1761498578,0
1761498579060815114,[0 0 0 0 0 0 0 0],7,264,[0. 0.],[0. 0.],Glow Plugs,60616454,1761498579,0
1761498579152626443,[0 0 0 0 0 0 0 0],7,264,[0. 0.],[0. 0.],Glow Plugs,152434471,1761498579,0
1761498579265290685,[0 0 0 0 0 0 0 0],7,264,[0. 0.],[0. 0.],Glow Plugs,264936949,1761498579,0
1761498579347292706,[0 0 0 0 0 0 0 0],7,264,[0. 0.],[0. 0.],Glow Plugs,346990524,1761498579,0
1761498579500444988,[0 0 0 0 0 0 0 0],7,264,[0. 0.],[0. 0.],Glow Plugs,500222807,1761498579,0
1761498579572390881,[0 0 0 0 0 0 0 0],7,264,[0. 0.],[0. 0.],Glow Plugs,572174492,1761498579,0
1761498579664521961,[0 0 0 0 0 0 0 0],7,264,[0. 0.],[0. 0.],Glow Plugs,664193761,1761498579,0
1761498579756361386,[0 0 0 0 0 0 0 0],7,264,[0. 0.],[0. 0.],Glow Plugs,756158533,1761498579,0
1761498579858737334,[0 0 0 0 0 0 0 0],7,264,[0. 0.],[0. 0.],Glow Plugs,858422319,1761498579,0
1761498579950747931,[0 0 0 0 0 0 0 0],7,264,[0. 0.],[0. 0.],Glow Plugs,950502326,1761498579,0
1761498580062950519,[0 0 0 0 0 0 0 0],7,264,[0. 0.],[0. 0.],Glow Plugs,62689105,1761498580,0
1761498580154807558,[0 0 0 0 0 0 0 0],7,264,[0. 0.],[0. 0.],Glow Plugs,154455390,1761498580,0
1761498580267190171,[0 0 0 0 0 0 0 0],7,264,[0. 0.],[0. 0.],Glow Plugs,266797682,1761498580,0
1761498580359387569,[0 0 0 0 0 0 0 0],7,264,[0. 0.],[0. 0.],Glow Plugs,358917351,1761498580,0
1761498580502235240,[0 0 0 0 0 0 0 0],7,264,[0. 0.],[0. 0.],Glow Plugs,501933409,1761498580,0
1761498580574704298,[0 0 0 0 0 0 0 0],7,264,[0. 0.],[0. 0.],Glow Plugs,574166206,1761498580,0
1761498580666970338,[0 0 0 0 0 0 0 0],7,264,[0. 0.],[0. 0.],Glow Plugs,666365653,1761498580,0
1761498580758891507,[0 0 0 0 0 0 0 0],7,264,[0. 0.],[0. 0.],Glow Plugs,758593996,1761498580,0
1761498580871574702,[0 0 0 0 0 0 0 0],7,264,[0. 0.],[0. 0.],Glow Plugs,871159333,1761498580,0
1761498580953342974,[0 0 0 0 0 0 0 0],7,264,[0. 0.],[0. 0.],Glow Plugs,953145946,1761498580,0
1761498581066264338,[0 0 0 0 0 0 0 0],7,264,[0. 0.],[0. 0.],Glow Plugs,65990764,1761498581,0
1761498581158880000,[0 0 0 0 0 0 0 0],7,264,[0. 0.],[0. 0.],Glow Plugs,158556377,1761498581,0
1761498581271952685,[0 0 0 0 0 0 0 0],7,264,[0. 0.],[0. 0.],Glow Plugs,271353600,1761498581,0
1761498581353930577,[0 0 0 0 0 0 0 0],7,264,[0. 0.],[0. 0.],Glow Plugs,353742797,1761498581,0
1761498581507422581,[0 0 0 0 0 0 0 0],7,264,[0. 0.],[0. 0.],Glow Plugs,507106862,1761498581,0
1761498581579579362,[0 0 0 0 0 0 0 0],7,264,[0. 0.],[0. 0.],Glow Plugs,578928083,1761498581,0
1761498581671321948,[0 0 0 0 0 0 0 0],7,264,[0. 0.],[0. 0.],Glow Plugs,671027637,1761498581,0
1761498581763309403,[0 0 0 0 0 0 0 0],7,264,[0. 0.],[0. 0.],Glow Plugs,762997396,1761498581,0
1761498581865707263,[0 0 0 0 0 0 0 0],7,264,[0. 0.],[0. 0.],Glow Plugs,865433785,1761498581,0
1761498581957654877,[0 0 0 0 0 0 0 0],7,264,[0. 0.],[0. 0.],Glow Plugs,957384632,1761498581,0
1761498582070203090,[0 0 0 0 0 0 0 0],7,264,[0. 0.],[0. 0.],Glow Plugs,69973453,1761498582,0
1761498582162491142,[0 0 0 0 0 0 0 0],7,264,[0. 0.],[0. 0.],Glow Plugs,162105054,1761498582,0
1761498582275726753,[0 0 0 0 0 0 0 0],7,264,[0. 0.],[0. 0.],Glow Plugs,275063090,1761498582,0
1761498582356854370,[0 0 0 0 0 0 0 0],7,264,[0. 0.],[0. 0.],Glow Plugs,356649406,1761498582,0
1761498582511120055,[0 0 0 0 0 0 0 0],7,264,[0. 0.],[0. 0.],Glow Plugs,510843857,1761498582,0
1761498582583803426,[0 0 0 0 0 0 0 0],7,264,[0. 0.],[0. 0.],Glow Plugs,583511355,1761498582,0
1761498582676306042,[0 0 0 0 0 0 0 0],7,264,[0. 0.],[0. 0.],Glow Plugs,675797327,1761498582,0
1761498582760439997,[0 0 0 0 0 0 0 0],7,264,[0. 0.],[0. 0.],Glow Plugs,760129142,1761498582,0
1761498582872857350,[0 0 0 0 0 0 0 0],7,264,[0. 0.],[0. 0.],Glow Plugs,872540799,1761498582,0
1761498582964826514,[0 0 0 0 0 0 0 0],7,264,[0. 0.],[0. 0.],Glow Plugs,964614158,1761498582,0
1761498583077042696,[0 0 0 0 0 0 0 0],7,264,[0. 0.],[0. 0.],Glow Plugs,76866565,1761498583,0
1761498583158937962,[0 0 0 0 0 0 0 0],7,264,[0. 0.],[0. 0.],Glow Plugs,158703781,1761498583,0
1761498583271331132,[0 0 0 0 0 0 0 0],7,264,[0. 0.],[0. 0.],Glow Plugs,271063767,1761498583,0
1761498583363563485,[0 0 0 0 0 0 0 0],7,264,[0. 0.],[0. 0.],Glow Plugs,363006225,1761498583,0
1761498583517112420,[0 0 0 0 0 0 0 0],7,264,[0. 0.],[0. 0.],Glow Plugs,516762525,1761498583,0
1761498583589433272,[0 0 0 0 0 0 0 0],7,264,[0. 0.],[0. 0.],Glow Plugs,589166323,1761498583,0
1761498583671894951,[0 0 0 0 0 0 0 0],7,264,[0. 0.],[0. 0.],Glow Plugs,671419100,1761498583,0
1761498583764254154,[0 0 0 0 0 0 0 0],7,264,[0. 0.],[0. 0.],Glow Plugs,763872449,1761498583,0
1761498583876513721,[0 0 0 0 0 0 0 0],7,264,[0. 0.],[0. 0.],Glow Plugs,876326581,1761498583,0
1761498583968651415,[0 0 0 0 0 0 0 0],7,264,[0. 0.],[0. 0.],Glow Plugs,968484180,1761498583,0
1761498584081341377,[0 0 0 0 0 0 0 0],7,264,[0. 0.],[0. 0.],Glow Plugs,81125692,1761498584,0
1761498584163351285,[0 0 0 0 0 0 0 0],7,264,[0. 0.],[0. 0.],Glow Plugs,163066927,1761498584,0
1761498584276327838,[0 0 0 0 0 0 0 0],7,264,[0. 0.],[0. 0.],Glow Plugs,275946805,1761498584,0
1761498584367968479,[0 0 0 0 0 0 0 0],7,264,[0. 0.],[0. 0.],Glow Plugs,367711802,1761498584,0
1761498584521578026,[0 0 0 0 0 0 0 0],7,264,[0. 0.],[0. 0.],Glow Plugs,521395558,1761498584,0
1761498584594239191,[0 0 0 0 0 0 0 0],7,264,[0. 0.],[0. 0.],Glow Plugs,593935121,1761498584,0
1761498584675803714,[0 0 0 0 0 0 0 0],7,264,[0. 0.],[0. 0.],Glow Plugs,675567645,1761498584,0
1761498584770696233,[0 0 0 0 0 0 0 0],7,264,[0. 0.],[0. 0.],Glow Plugs,770443620,1761498584,0
1761498584883080837,[0 0 0 0 0 0 0 0],7,264,[0. 0.],[0. 0.],Glow Plugs,882807679,1761498584,0
1761498584964720562,[0 0 0 0 0 0 0 0],7,264,[0. 0.],[0. 0.],Glow Plugs,964504845,1761498584,0
1761498585076732376,[0 0 0 0 0 0 0 0],7,264,[0. 0.],[0. 0.],Glow Plugs,76570932,1761498585,0
1761498585168656397,[0 0 0 0 0 0 0 0],7,264,[0. 0.],[0. 0.],Glow Plugs,168499050,1761498585,0
1761498585282074793,[0 0 0 0 0 0 0 0],7,264,[0. 0.],[0. 0.],Glow Plugs,281381147,1761498585,0
1761498585373702841,[0 0 0 0 0 0 0 0],7,264,[0. 0.],[0. 0.],Glow Plugs,373394515,1761498585,0
1761498585527328935,[0 0 0 0 0 0 0 0],7,264,[0. 0.],[0. 0.],Glow Plugs,527074049,1761498585,0
1761498585599935588,[0 0 0 0 0 0 0 0],7,264,[0. 0.],[0. 0.],Glow Plugs,599540316,1761498585,0
1761498585682002922,[0 0 0 0 0 0 0 0],7,264,[0. 0.],[0. 0.],Glow Plugs,681685731,1761498585,0
1761498585774094436,[0 0 0 0 0 0 0 0],7,264,[0. 0.],[0. 0.],Glow Plugs,773723932,1761498585,0
1761498585886299654,[0 0 0 0 0 0 0 0],7,264,[0. 0.],[0. 0.],Glow Plugs,885972959,1761498585,0
1761498585968064517,[0 0 0 0 0 0 0 0],7,264,[0. 0.],[0. 0.],Glow Plugs,967766655,1761498585,0
1761498586080178199,[0 0 0 0 0 0 0 0],7,264,[0. 0.],[0. 0.],Glow Plugs,79951890,1761498586,0
1761498586172006041,[0 0 0 0 0 0 0 0],7,264,[0. 0.],[0. 0.],Glow Plugs,171778132,1761498586,0
1761498586284553517,[0 0 0 0 0 0 0 0],7,264,[0. 0.],[0. 0.],Glow Plugs,284356009,1761498586,0
1761498586376406352,[0 0 0 0 0 0 0 0],7,264,[0. 0.],[0. 0.],Glow Plugs,376247661,1761498586,0
1761498586530976787,[0 0 0 0 0 0 0 0],7,264,[0. 0.],[0. 0.],Glow Plugs,530681485,1761498586,0
1761498586603052056,[0 0 0 0 0 0 0 0],7,264,[0. 0.],[0. 0.],Glow Plugs,602780242,1761498586,0
1761498586684615524,[0 0 0 0 0 0 0 0],7,264,[0. 0.],[0. 0.],Glow Plugs,684433248,1761498586,0
1761498586776979217,[0 0 0 0 0 0 0 0],7,264,[0. 0.],[0. 0.],Glow Plugs,776570856,1761498586,0
1761498586889200990,[0 0 0 0 0 0 0 0],7,264,[0. 0.],[0. 0.],Glow Plugs,888879703,1761498586,0
1761498586980956671,[0 0 0 0 0 0 0 0],7,264,[0. 0.],[0. 0.],Glow Plugs,980716634,1761498586,0
1761498587083206572,[0 0 0 0 0 0 0 0],7,264,[0. 0.],[0. 0.],Glow Plugs,82926118,1761498587,0
1761498587175207296,[0 0 0 0 0 0 0 0],7,264,[0. 0.],[0. 0.],Glow Plugs,174901882,1761498587,0
1761498587287440248,[0 0 0 0 0 0 0 0],7,264,[0. 0.],[0. 0.],Glow Plugs,287086705,1761498587,0
1761498587380025753,[0 0 0 0 0 0 0 0],7,264,[0. 0.],[0. 0.],Glow Plugs,379616144,1761498587,0
1761498587533258819,[0 0 0 0 0 0 0 0],7,264,[0. 0.],[0. 0.],Glow Plugs,533086943,1761498587,0
1761498587605146966,[0 0 0 0 0 0 0 0],7,264,[0. 0.],[0. 0.],Glow Plugs,604882352,1761498587,0
1761498587686875573,[0 0 0 0 0 0 0 0],7,264,[0. 0.],[0. 0.],Glow Plugs,686588559,1761498587,0
1761498587778923242,[0 0 0 0 0 0 0 0],7,264,[0. 0.],[0. 0.],Glow Plugs,778623556,1761498587,0
1761498587891051936,[0 0 0 0 0 0 0 0],7,264,[0. 0.],[0. 0.],Glow Plugs,890784027,1761498587,0
1761498587983221016,[0 0 0 0 0 0 0 0],7,264,[0. 0.],[0. 0.],Glow Plugs,982870737,1761498587,0
1761498588085590644,[0 0 0 0 0 0 0 0],7,264,[0. 0.],[0. 0.],Glow Plugs,85049833,1761498588,0
1761498588177488820,[0 0 0 0 0 0 0 0],7,264,[0. 0.],[0. 0.],Glow Plugs,177222991,1761498588,0
1761498588290211809,[0 0 0 0 0 0 0 0],7,264,[0. 0.],[0. 0.],Glow Plugs,289745624,1761498588,0
1761498588381464181,[0 0 0 0 0 0 0 0],7,264,[0. 0.],[0. 0.],Glow Plugs,381277873,1761498588,0
1761498588535075274,[0 0 0 0 0 0 0 0],7,264,[0. 0.],[0. 0.],Glow Plugs,534818020,1761498588,0
1761498588607144147,[0 0 0 0 0 0 0 0],7,264,[0. 0.],[0. 0.],Glow Plugs,606896590,1761498588,0
1761498588688866882,[0 0 0 0 0 0 0 0],7,264,[0. 0.],[0. 0.],Glow Plugs,688593437,1761498588,0
1761498588781353327,[0 0 0 0 0 0 0 0],7,264,[0. 0.],[0. 0.],Glow Plugs,781005288,1761498588,0
1761498588893552689,[0 0 0 0 0 0 0 0],7,264,[0. 0.],[0. 0.],Glow Plugs,893318700,1761498588,0
1761498588985407345,[0 0 0 0 0 0 0 0],7,264,[0. 0.],[0. 0.],Glow Plugs,985126091,1761498588,0
1761498589097565888,[0 0 0 0 0 0 0 0],7,264,[0. 0.],[0. 0.],Glow Plugs,97348700,1761498589,0
1761498589179790315,[0 0 0 0 0 0 0 0],7,264,[0. 0.],[0. 0.],Glow Plugs,179417955,1761498589,0
1761498589292166715,[0 0 0 0 0 0 0 0],7,264,[0. 0.],[0. 0.],Glow Plugs,291862421,1761498589,0
1761498589384094411,[0 0 0 0 0 0 0 0],7,264,[0. 0.],[0. 0.],Glow Plugs,383835494,1761498589,0
1761498589537384189,[0 0 0 0 0 0 0 0],7,264,[0. 0.],[0. 0.],Glow Plugs,537178777,1761498589,0
1761498589609284117,[0 0 0 0 0 0 0 0],7,264,[0. 0.],[0. 0.],Glow Plugs,609082289,1761498589,0
1761498589691144408,[0 0 0 0 0 0 0 0],7,264,[0. 0.],[0. 0.],Glow Plugs,690901363,1761498589,0
1761498589783550450,[0 0 0 0 0 0 0 0],7,264,[0. 0.],[0. 0.],Glow Plugs,783025767,1761498589,0
1761498589895644221,[0 0 0 0 0 0 0 0],7,264,[0. 0.],[0. 0.],Glow Plugs,895222164,1761498589,0
1761498589987553516,[0 0 0 0 0 0 0 0],7,264,[0. 0.],[0. 0.],Glow Plugs,987243014,1761498589,0
1761498590099758087,[0 0 0 0 0 0 0 0],7,264,[0. 0.],[0. 0.],Glow Plugs,99449889,1761498590,0
1761498590191511427,[0 0 0 0 0 0 0 0],7,264,[0. 0.],[0. 0.],Glow Plugs,191214269,1761498590,0
1761498590294591811,[0 0 0 0 0 0 0 0],7,264,[0. 0.],[0. 0.],Glow Plugs,294314429,1761498590,0
1761498590386559138,[0 0 0 0 0 0 0 0],7,264,[0. 0.],[0. 0.],Glow Plugs,386271676,1761498590,0
1761498590540146461,[0 0 0 0 0 0 0 0],7,264,[0. 0.],[0. 0.],Glow Plugs,539812919,1761498590,0
1761498590612192811,[0 0 0 0 0 0 0 0],7,264,[0. 0.],[0. 0.],Glow Plugs,611966054,1761498590,0
1761498590694779117,[0 0 0 0 0 0 0 0],7,264,[0. 0.],[0. 0.],Glow Plugs,694437543,1761498590,0
1761498590788922073,[0 0 0 0 0 0 0 0],7,264,[0. 0.],[0. 0.],Glow Plugs,788687444,1761498590,0
1761498590901368822,[0 0 0 0 0 0 0 0],7,264,[0. 0.],[0. 0.],Glow Plugs,901202035,1761498590,0
1761498590993609403,[0 0 0 0 0 0 0 0],7,264,[0. 0.],[0. 0.],Glow Plugs,993351990,1761498590,0
1761498591095963163,[0 0 0 0 0 0 0 0],7,264,[0. 0.],[0. 0.],Glow Plugs,95733079,1761498591,0
1761498591188169871,[0 0 0 0 0 0 0 0],7,264,[0. 0.],[0. 0.],Glow Plugs,187823496,1761498591,0
1761498591300862204,[0 0 0 0 0 0 0 0],7,264,[0. 0.],[0. 0.],Glow Plugs,300573558,1761498591,0
1761498591392569061,[0 0 0 0 0 0 0 0],7,264,[0. 0.],[0. 0.],Glow Plugs,392357025,1761498591,0
1761498591546065410,[0 0 0 0 0 0 0 0],7,264,[0. 0.],[0. 0.],Glow Plugs,545759260,1761498591,0
1761498591618202532,[0 0 0 0 0 0 0 0],7,264,[0. 0.],[0. 0.],Glow Plugs,617967199,1761498591,0
1761498591699825668,[0 0 0 0 0 0 0 0],7,264,[0. 0.],[0. 0.],Glow Plugs,699639968,1761498591,0
1761498591791827411,[0 0 0 0 0 0 0 0],7,264,[0. 0.],[0. 0.],Glow Plugs,791602287,1761498591,0
1761498591904181978,[0 0 0 0 0 0 0 0],7,264,[0. 0.],[0. 0.],Glow Plugs,903800626,1761498591,0
1761498591996232010,[0 0 0 0 0 0 0 0],7,264,[0. 0.],[0. 0.],Glow Plugs,995918180,1761498591,0
1761498592108352024,[0 0 0 0 0 0 0 0],7,264,[0. 0.],[0. 0.],Glow Plugs,108011602,1761498592,0
1761498592190183853,[0 0 0 0 0 0 0 0],7,264,[0. 0.],[0. 0.],Glow Plugs,189844135,1761498592,0
1761498592302599936,[0 0 0 0 0 0 0 0],7,264,[0. 0.],[0. 0.],Glow Plugs,302291450,1761498592,0
1761498592394471132,[0 0 0 0 0 0 0 0],7,264,[0. 0.],[0. 0.],Glow Plugs,394168438,1761498592,0
1761498592547747800,[0 0 0 0 0 0 0 0],7,264,[0. 0.],[0. 0.],Glow Plugs,547508691,1761498592,0
1761498592619600488,[0 0 0 0 0 0 0 0],7,264,[0. 0.],[0. 0.],Glow Plugs,619310882,1761498592,0
1761498592701508286,[0 0 0 0 0 0 0 0],7,264,[0. 0.],[0. 0.],Glow Plugs,701199512,1761498592,0
1761498592793743457,[0 0 0 0 0 0 0 0],7,264,[0. 0.],[0. 0.],Glow Plugs,793435675,1761498592,0
1761498592906263062,[0 0 0 0 0 0 0 0],7,264,[0. 0.],[0. 0.],Glow Plugs,905946480,1761498592,0
1761498592997899917,[0 0 0 0 0 0 0 0],7,264,[0. 0.],[0. 0.],Glow Plugs,997601095,1761498592,0
1761498593110030983,[0 0 0 0 0 0 0 0],7,264,[0. 0.],[0. 0.],Glow Plugs,109737089,1761498593,0
1761498593192137522,[0 0 0 0 0 0 0 0],7,264,[0. 0.],[0. 0.],Glow Plugs,191846669,1761498593,0
1761498593304647251,[0 0 0 0 0 0 0 0],7,264,[0. 0.],[0. 0.],Glow Plugs,304478447,1761498593,0
1761498593396782467,[0 0 0 0 0 0 0 0],7,264,[0. 0.],[0. 0.],Glow Plugs,396543550,1761498593,0
1761498593550334441,[0 0 0 0 0 0 0 0],7,264,[0. 0.],[0. 0.],Glow Plugs,550060131,1761498593,0
1761498593622507217,[0 0 0 0 0 0 0 0],7,264,[0. 0.],[0. 0.],Glow Plugs,622195339,1761498593,0
1761498593704426905,[0 0 0 0 0 0 0 0],7,264,[0. 0.],[0. 0.],Glow Plugs,704161364,1761498593,0
1761498593797172981,[0 0 0 0 0 0 0 0],7,264,[0. 0.],[0. 0.],Glow Plugs,796623850,1761498593,0
1761498593910991855,[0 0 0 0 0 0 0 0],7,264,[0. 0.],[0. 0.],Glow Plugs,910736554,1761498593,0
1761498594003007133,[0 0 0 0 0 0 0 0],7,264,[0. 0.],[0. 0.],Glow Plugs,2725784,1761498594,0
1761498594106030897,[0 0 0 0 0 0 0 0],7,264,[0. 0.],[0. 0.],Glow Plugs,105757355,1761498594,0
1761498594198266418,[0 0 0 0 0 0 0 0],7,264,[0. 0.],[0. 0.],Glow Plugs,197608677,1761498594,0
1761498594310804703,[0 0 0 0 0 0 0 0],7,264,[0. 0.],[0. 0.],Glow Plugs,310552346,1761498594,0
1761498594403118050,[0 0 0 0 0 0 0 0],7,264,[0. 0.],[0. 0.],Glow Plugs,402665881,1761498594,0
1761498594557686463,[0 0 0 0 0 0 0 0],7,264,[0. 0.],[0. 0.],Glow Plugs,557091508,1761498594,0
1761498594629713272,[0 0 0 0 0 0 0 0],7,264,[0. 0.],[0. 0.],Glow Plugs,629413170,1761498594,0
1761498594711851317,[0 0 0 0 0 0 0 0],7,264,[0. 0.],[0. 0.],Glow Plugs,711677042,1761498594,0
1761498594804211385,[0 0 0 0 0 0 0 0],7,264,[0. 0.],[0. 0.],Glow Plugs,803986773,1761498594,0
1761498594916514369,[0 0 0 0 0 0 0 0],7,264,[0. 0.],[0. 0.],Glow Plugs,916333822,1761498594,0
1761498594999075975,[0 0 0 0 0 0 0 0],7,264,[0. 0.],[0. 0.],Glow Plugs,998788449,1761498594,0
1761498595111112086,[0 0 0 0 0 0 0 0],7,264,[0. 0.],[0. 0.],Glow Plugs,110818064,1761498595,0
1761498595203113794,[0 0 0 0 0 0 0 0],7,264,[0. 0.],[0. 0.],Glow Plugs,202649017,1761498595,0
1761498595315797213,[0 0 0 0 0 0 0 0],7,264,[0. 0.],[0. 0.],Glow Plugs,315264563,1761498595,0
1761498595407395170,[0 0 0 0 0 0 0 0],7,264,[0. 0.],[0. 0.],Glow Plugs,407116605,1761498595,0
1761498595561178389,[0 0 0 0 0 0 0 0],7,264,[0. 0.],[0. 0.],Glow Plugs,560797742,1761498595,0
1761498595633311107,[0 0 0 0 0 0 0 0],7,264,[0. 0.],[0. 0.],Glow Plugs,633035709,1761498595,0
1761498595715702358,[0 0 0 0 0 0 0 0],7,264,[0. 0.],[0. 0.],Glow Plugs,715225389,1761498595,0
1761498595808114443,[0 0 0 0 0 0 0 0],7,264,[0. 0.],[0. 0.],Glow Plugs,807831397,1761498595,0
1761498595920630370,[0 0 0 0 0 0 0 0],7,264,[0. 0.],[0. 0.],Glow Plugs,920358429,1761498595,0
1761498596002576845,[0 0 0 0 0 0 0 0],7,264,[0. 0.],[0. 0.],Glow Plugs,2305512,1761498596,0
1761498596114853005,[0 0 0 0 0 0 0 0],7,264,[0. 0.],[0. 0.],Glow Plugs,114555879,1761498596,0
1761498596206831368,[0 0 0 0 0 0 0 0],7,264,[0. 0.],[0. 0.],Glow Plugs,206552515,1761498596,0
1761498596319168521,[0 0 0 0 0 0 0 0],7,264,[0. 0.],[0. 0.],Glow Plugs,318884387,1761498596,0
1761498596411591565,[0 0 0 0 0 0 0 0],7,264,[0. 0.],[0. 0.],Glow Plugs,411279399,1761498596,0
1761498596555164961,[0 0 0 0 0 0 0 0],7,264,[0. 0.],[0. 0.],Glow Plugs,554875676,1761498596,0
1761498596626986268,[0 0 0 0 0 0 0 0],7,264,[0. 0.],[0. 0.],Glow Plugs,626730295,1761498596,0
1761498596719141051,[0 0 0 0 0 0 0 0],7,264,[0. 0.],[0. 0.],Glow Plugs,718794741,1761498596,0
1761498596811206905,[0 0 0 0 0 0 0 0],7,264,[0. 0.],[0. 0.],Glow Plugs,810723088,1761498596,0
1761498596923221235,[0 0 0 0 0 0 0 0],7,264,[0. 0.],[0. 0.],Glow Plugs,922937998,1761498596,0
1761498597005204240,[0 0 0 0 0 0 0 0],7,264,[0. 0.],[0. 0.],Glow Plugs,4732679,1761498597,0
1761498597117488667,[0 0 0 0 0 0 0 0],7,264,[0. 0.],[0. 0.],Glow Plugs,117178325,1761498597,0
1761498597209321860,[0 0 0 0 0 0 0 0],7,264,[0. 0.],[0. 0.],Glow Plugs,209088127,1761498597,0
1761498597321943702,[0 0 0 0 0 0 0 0],7,264,[0. 0.],[0. 0.],Glow Plugs,321675601,1761498597,0
1761498597413885473,[0 0 0 0 0 0 0 0],7,264,[0. 0.],[0. 0.],Glow Plugs,413574779,1761498597,0
1761498597567630748,[0 0 0 0 0 0 0 0],7,264,[0. 0.],[0. 0.],Glow Plugs,567130419,1761498597,0
1761498597639760464,[0 0 0 0 0 0 0 0],7,264,[0. 0.],[0. 0.],Glow Plugs,639397417,1761498597,0
1761498597724344464,[0 0 0 0 0 0 0 0],7,264,[0. 0.],[0. 0.],Glow Plugs,724015082,1761498597,0
1761498597816542239,[0 0 0 0 0 0 0 0],7,264,[0. 0.],[0. 0.],Glow Plugs,816144920,1761498597,0
1761498597918724844,[0 0 0 0 0 0 0 0],7,264,[0. 0.],[0. 0.],Glow Plugs,918469063,1761498597,0
1761498598010774103,[0 0 0 0 0 0 0 0],7,264,[0. 0.],[0. 0.],Glow Plugs,10525907,1761498598,0
1761498598123530264,[0 0 0 0 0 0 0 0],7,264,[0. 0.],[0. 0.],Glow Plugs,123142961,1761498598,0
1761498598215427634,[0 0 0 0 0 0 0 0],7,264,[0. 0.],[0. 0.],Glow Plugs,215138253,1761498598,0
1761498598328226483,[0 0 0 0 0 0 0 0],7,264,[0. 0.],[0. 0.],Glow Plugs,327765931,1761498598,0
1761498598410413431,[0 0 0 0 0 0 0 0],7,264,[0. 0.],[0. 0.],Glow Plugs,409853197,1761498598,0
1761498598564054902,[0 0 0 0 0 0 0 0],7,264,[0. 0.],[0. 0.],Glow Plugs,563853874,1761498598,0
1761498598635916889,[0 0 0 0 0 0 0 0],7,264,[0. 0.],[0. 0.],Glow Plugs,635650260,1761498598,0
1761498598727965621,[0 0 0 0 0 0 0 0],7,264,[0. 0.],[0. 0.],Glow Plugs,727699344,1761498598,0
1761498598820353528,[0 0 0 0 0 0 0 0],7,264,[0. 0.],[0. 0.],Glow Plugs,819715788,1761498598,0
1761498598922005513,[0 0 0 0 0 0 0 0],7,264,[0. 0.],[0. 0.],Glow Plugs,921810341,1761498598,0
1761498599014061924,[0 0 0 0 0 0 0 0],7,264,[0. 0.],[0. 0.],Glow Plugs,13809023,1761498599,0
1761498599126269767,[0 0 0 0 0 0 0 0],7,264,[0. 0.],[0. 0.],Glow Plugs,126018978,1761498599,0
1761498599218277267,[0 0 0 0 0 0 0 0],7,264,[0. 0.],[0. 0.],Glow Plugs,218053070,1761498599,0
1761498599330992415,[0 0 0 0 0 0 0 0],7,264,[0. 0.],[0. 0.],Glow Plugs,330666265,1761498599,0
1761498599412773773,[0 0 0 0 0 0 0 0],7,264,[0. 0.],[0. 0.],Glow Plugs,412531880,1761498599,0
1761498599566527315,[0 0 0 0 0 0 0 0],7,264,[0. 0.],[0. 0.],Glow Plugs,566263694,1761498599,0
1761498599638849906,[0 0 0 0 0 0 0 0],7,264,[0. 0.],[0. 0.],Glow Plugs,638585197,1761498599,0
1761498599730803580,[0 0 0 0 0 0 0 0],7,264,[0. 0.],[0. 0.],Glow Plugs,730483287,1761498599,0
1761498599823613207,[0 0 0 0 0 0 0 0],7,264,[0. 0.],[0. 0.],Glow Plugs,823281457,1761498599,0
1761498599925805376,[0 0 0 0 0 0 0 0],7,264,[0. 0.],[0. 0.],Glow Plugs,925521019,1761498599,0
1761498600017858219,[0 0 0 0 0 0 0 0],7,264,[0. 0.],[0. 0.],Glow Plugs,17470884,1761498600,0
1761498600130318751,[0 0 0 0 0 0 0 0],7,264,[0. 0.],[0. 0.],Glow Plugs,130034298,1761498600,0
1761498600223027880,[0 0 0 0 0 0 0 0],7,264,[0. 0.],[0. 0.],Glow Plugs,222763011,1761498600,0
1761498600335857443,[0 0 0 0 0 0 0 0],7,264,[0. 0.],[0. 0.],Glow Plugs,335608287,1761498600,0
1761498600417774246,[0 0 0 0 0 0 0 0],7,264,[0. 0.],[0. 0.],Glow Plugs,417516065,1761498600,0
1761498600571971481,[0 0 0 0 0 0 0 0],7,264,[0. 0.],[0. 0.],Glow Plugs,571669940,1761498600,0
1761498600644715187,[0 0 0 0 0 0 0 0],7,264,[0. 0.],[0. 0.],Glow Plugs,644282187,1761498600,0
1761498600736771984,[0 0 0 0 0 0 0 0],7,264,[0. 0.],[0. 0.],Glow Plugs,736453514,1761498600,0
1761498600819261821,[0 0 0 0 0 0 0 0],7,264,[0. 0.],[0. 0.],Glow Plugs,818974328,1761498600,0
1761498600932223963,[0 0 0 0 0 0 0 0],7,264,[0. 0.],[0. 0.],Glow Plugs,931733041,1761498600,0
1761498601023932206,[0 0 0 0 0 0 0 0],7,264,[0. 0.],[0. 0.],Glow Plugs,23703562,1761498601,0
1761498601136101514,[0 0 0 0 0 0 0 0],7,264,[0. 0.],[0. 0.],Glow Plugs,135879270,1761498601,0
1761498601228509917,[0 0 0 0 0 0 0 0],7,264,[0. 0.],[0. 0.],Glow Plugs,228199608,1761498601,0
1761498601330693827,[0 0 0 0 0 0 0 0],7,264,[0. 0.],[0. 0.],Glow Plugs,330335677,1761498601,0
1761498601422869874,[0 0 0 0 0 0 0 0],7,264,[0. 0.],[0. 0.],Glow Plugs,422514028,1761498601,0
1761498601576914409,[0 0 0 0 0 0 0 0],7,264,[0. 0.],[0. 0.],Glow Plugs,576677957,1761498601,0
1761498601649265231,[0 0 0 0 0 0 0 0],7,264,[0. 0.],[0. 0.],Glow Plugs,649075340,1761498601,0
1761498601731682477,[0 0 0 0 0 0 0 0],7,264,[0. 0.],[0. 0.],Glow Plugs,731155075,1761498601,0
1761498601823442741,[0 0 0 0 0 0 0 0],7,264,[0. 0.],[0. 0.],Glow Plugs,823128559,1761498601,0
1761498601935991991,[0 0 0 0 0 0 0 0],7,264,[0. 0.],[0. 0.],Glow Plugs,935694674,1761498601,0
1761498602027999744,[0 0 0 0 0 0 0 0],7,264,[0. 0.],[0. 0.],Glow Plugs,27714011,1761498602,0
1761498602140236138,[0 0 0 0 0 0 0 0],7,264,[0. 0.],[0. 0.],Glow Plugs,139979365,1761498602,0
1761498602222081455,[0 0 0 0 0 0 0 0],7,264,[0. 0.],[0. 0.],Glow Plugs,221779721,1761498602,0
1761498602335053350,[0 0 0 0 0 0 0 0],7,264,[0. 0.],[0. 0.],Glow Plugs,334574621,1761498602,0
1761498602428256472,[0 0 0 0 0 0 0 0],7,264,[0. 0.],[0. 0.],Glow Plugs,427948787,1761498602,0
1761498602581894445,[0 0 0 0 0 0 0 0],7,264,[0. 0.],[0. 0.],Glow Plugs,581648905,1761498602,0
1761498602654269928,[0 0 0 0 0 0 0 0],7,264,[0. 0.],[0. 0.],Glow Plugs,653976994,1761498602,0
1761498602736243855,[0 0 0 0 0 0 0 0],7,264,[0. 0.],[0. 0.],Glow Plugs,735993323,1761498602,0
1761498602828476912,[0 0 0 0 0 0 0 0],7,264,[0. 0.],[0. 0.],Glow Plugs,828217707,1761498602,0
1761498602940764955,[0 0 0 0 0 0 0 0],7,264,[0. 0.],[0. 0.],Glow Plugs,940553175,1761498602,0
1761498603034727414,[0 0 0 0 0 0 0 0],7,264,[0. 0.],[0. 0.],Glow Plugs,34455249,1761498603,0
1761498603136906073,[0 0 0 0 0 0 0 0],7,264,[0. 0.],[0. 0.],Glow Plugs,136655956,1761498603,0
1761498603228967655,[0 0 0 0 0 0 0 0],7,264,[0. 0.],[0. 0.],Glow Plugs,228660642,1761498603,0
1761498603342735129,[0 0 0 0 0 0 0 0],7,264,[0. 0.],[0. 0.],Glow Plugs,342482741,1761498603,0
1761498603434962026,[0 0 0 0 0 0 0 0],7,264,[0. 0.],[0. 0.],Glow Plugs,434672069,1761498603,0
1761498603578695796,[0 0 0 0 0 0 0 0],7,264,[0. 0.],[0. 0.],Glow Plugs,578347246,1761498603,0
1761498603651144196,[0 0 0 0 0 0 0 0],7,264,[0. 0.],[0. 0.],Glow Plugs,650739485,1761498603,0
1761498603743078736,[0 0 0 0 0 0 0 0],7,264,[0. 0.],[0. 0.],Glow Plugs,742566503,1761498603,0
1761498603835279072,[0 0 0 0 0 0 0 0],7,264,[0. 0.],[0. 0.],Glow Plugs,835005755,1761498603,0
1761498603948114146,[0 0 0 0 0 0 0 0],7,264,[0. 0.],[0. 0.],Glow Plugs,947860349,1761498603,0
1761498604029932597,[0 0 0 0 0 0 0 0],7,264,[0. 0.],[0. 0.],Glow Plugs,29687985,1761498604,0
1761498604142647106,[0 0 0 0 0 0 0 0],7,264,[0. 0.],[0. 0.],Glow Plugs,142162553,1761498604,0
1761498604234539678,[0 0 0 0 0 0 0 0],7,264,[0. 0.],[0. 0.],Glow Plugs,234240792,1761498604,0
1761498604347738675,[0 0 0 0 0 0 0 0],7,264,[0. 0.],[0. 0.],Glow Plugs,347431853,1761498604,0
1761498604429294551,[0 0 0 0 0 0 0 0],7,264,[0. 0.],[0. 0.],Glow Plugs,429102548,1761498604,0
1761498604583306975,[0 0 0 0 0 0 0 0],7,264,[0. 0.],[0. 0.],Glow Plugs,583053659,1761498604,0
1761498604655443197,[0 0 0 0 0 0 0 0],7,264,[0. 0.],[0. 0.],Glow Plugs,655134200,1761498604,0
1761498604747369274,[0 0 0 0 0 0 0 0],7,264,[0. 0.],[0. 0.],Glow Plugs,747055668,1761498604,0
1761498604839457305,[0 0 0 0 0 0 0 0],7,264,[0. 0.],[0. 0.],Glow Plugs,839145715,1761498604,0
1761498604941333957,[0 0 0 0 0 0 0 0],7,264,[0. 0.],[0. 0.],Glow Plugs,941157570,1761498604,0
1761498605033336351,[0 0 0 0 0 0 0 0],7,264,[0. 0.],[0. 0.],Glow Plugs,33131739,1761498605,0
1761498605146497312,[0 0 0 0 0 0 0 0],7,264,[0. 0.],[0. 0.],Glow Plugs,145944695,1761498605,0
1761498605237888996,[0 0 0 0 0 0 0 0],7,264,[0. 0.],[0. 0.],Glow Plugs,237574303,1761498605,0
1761498605350377530,[0 0 0 0 0 0 0 0],7,264,[0. 0.],[0. 0.],Glow Plugs,350055220,1761498605,0
1761498605442180805,[0 0 0 0 0 0 0 0],7,264,[0. 0.],[0. 0.],Glow Plugs,441900544,1761498605,0
1761498605585396598,[0 0 0 0 0 0 0 0],7,264,[0. 0.],[0. 0.],Glow Plugs,585209747,1761498605,0
1761498605657532200,[0 0 0 0 0 0 0 0],7,264,[0. 0.],[0. 0.],Glow Plugs,657246819,1761498605,0
1761498605749407316,[0 0 0 0 0 0 0 0],7,264,[0. 0.],[0. 0.],Glow Plugs,749143599,1761498605,0
1761498605841314913,[0 0 0 0 0 0 0 0],7,264,[0. 0.],[0. 0.],Glow Plugs,841144158,1761498605,0
1761498605953778614,[0 0 0 0 0 0 0 0],7,264,[0. 0.],[0. 0.],Glow Plugs,953508370,1761498605,0
1761498606035852562,[0 0 0 0 0 0 0 0],7,264,[0. 0.],[0. 0.],Glow Plugs,35636302,1761498606,0
1761498606148128402,[0 0 0 0 0 0 0 0],7,264,[0. 0.],[0. 0.],Glow Plugs,147820684,1761498606,0
1761498606240134321,[0 0 0 0 0 0 0 0],7,264,[0. 0.],[0. 0.],Glow Plugs,239810955,1761498606,0
1761498606352650101,[0 0 0 0 0 0 0 0],7,264,[0. 0.],[0. 0.],Glow Plugs,352354128,1761498606,0
1761498606444767766,[0 0 0 0 0 0 0 0],7,264,[0. 0.],[0. 0.],Glow Plugs,444540434,1761498606,0
1761498606588501209,[0 0 0 0 0 0 0 0],7,264,[0. 0.],[0. 0.],Glow Plugs,588163219,1761498606,0
1761498606662442686,[0 0 0 0 0 0 0 0],7,264,[0. 0.],[0. 0.],Glow Plugs,662180313,1761498606,0
1761498606754275994,[0 0 0 0 0 0 0 0],7,264,[0. 0.],[0. 0.],Glow Plugs,753961365,1761498606,0
1761498606846068758,[0 0 0 0 0 0 0 0],7,264,[0. 0.],[0. 0.],Glow Plugs,845733168,1761498606,0
1761498606948863185,[0 0 0 0 0 0 0 0],7,264,[0. 0.],[0. 0.],Glow Plugs,948271815,1761498606,0
1761498607040552741,[0 0 0 0 0 0 0 0],7,264,[0. 0.],[0. 0.],Glow Plugs,40242784,1761498607,0
1761498607153097751,[0 0 0 0 0 0 0 0],7,264,[0. 0.],[0. 0.],Glow Plugs,152843603,1761498607,0
1761498607244893412,[0 0 0 0 0 0 0 0],7,264,[0. 0.],[0. 0.],Glow Plugs,244719585,1761498607,0
1761498607357342100,[0 0 0 0 0 0 0 0],7,264,[0. 0.],[0. 0.],Glow Plugs,357065008,1761498607,0
1761498607449307876,[0 0 0 0 0 0 0 0],7,264,[0. 0.],[0. 0.],Glow Plugs,449097280,1761498607,0
1761498607592640840,[0 0 0 0 0 0 0 0],7,264,[0. 0.],[0. 0.],Glow Plugs,592417636,1761498607,0
1761498607665040231,[0 0 0 0 0 0 0 0],7,264,[0. 0.],[0. 0.],Glow Plugs,664746466,1761498607,0
1761498607757129433,[0 0 0 0 0 0 0 0],7,264,[0. 0.],[0. 0.],Glow Plugs,756774098,1761498607,0
1761498607849217962,[0 0 0 0 0 0 0 0],7,264,[0. 0.],[0. 0.],Glow Plugs,848942694,1761498607,0
1761498607951695343,[0 0 0 0 0 0 0 0],7,264,[0. 0.],[0. 0.],Glow Plugs,951367529,1761498607,0
1761498608043823707,[0 0 0 0 0 0 0 0],7,264,[0. 0.],[0. 0.],Glow Plugs,43561687,1761498608,0
1761498608155904275,[0 0 0 0 0 0 0 0],7,264,[0. 0.],[0. 0.],Glow Plugs,155713456,1761498608,0
1761498608244372504,[0 0 0 0 0 0 0 0],7,264,[0. 0.],[0. 0.],Glow Plugs,243823887,1761498608,0
1761498608357092571,[0 0 0 0 0 0 0 0],7,264,[0. 0.],[0. 0.],Glow Plugs,356669044,1761498608,0
1761498608449200574,[0 0 0 0 0 0 0 0],7,264,[0. 0.],[0. 0.],Glow Plugs,448908153,1761498608,0
1761498608603582056,[0 0 0 0 0 0 0 0],7,264,[0. 0.],[0. 0.],Glow Plugs,602883644,1761498608,0
1761498608675225230,[0 0 0 0 0 0 0 0],7,264,[0. 0.],[0. 0.],Glow Plugs,674843207,1761498608,0
1761498608758342776,[0 0 0 0 0 0 0 0],7,264,[0. 0.],[0. 0.],Glow Plugs,758016146,1761498608,0
1761498608850802977,[0 0 0 0 0 0 0 0],7,264,[0. 0.],[0. 0.],Glow Plugs,850124085,1761498608,0
1761498608962743414,[0 0 0 0 0 0 0 0],7,264,[0. 0.],[0. 0.],Glow Plugs,962433361,1761498608,0
1761498609054709935,[0 0 0 0 0 0 0 0],7,264,[0. 0.],[0. 0.],Glow Plugs,54405258,1761498609,0
1761498609156729227,[0 0 0 0 0 0 0 0],7,264,[0. 0.],[0. 0.],Glow Plugs,156520904,1761498609,0
1761498609249395817,[0 0 0 0 0 0 0 0],7,264,[0. 0.],[0. 0.],Glow Plugs,249088100,1761498609,0
1761498609361977463,[0 0 0 0 0 0 0 0],7,264,[0. 0.],[0. 0.],Glow Plugs,361689906,1761498609,0
1761498609454189933,[0 0 0 0 0 0 0 0],7,264,[0. 0.],[0. 0.],Glow Plugs,453800199,1761498609,0
1761498609608133879,[0 0 0 0 0 0 0 0],7,264,[0. 0.],[0. 0.],Glow Plugs,607778065,1761498609,0
1761498609679819986,[0 0 0 0 0 0 0 0],7,264,[0. 0.],[0. 0.],Glow Plugs,679627215,1761498609,0
1761498609761868380,[0 0 0 0 0 0 0 0],7,264,[0. 0.],[0. 0.],Glow Plugs,761606008,1761498609,0
1761498609854104499,[0 0 0 0 0 0 0 0],7,264,[0. 0.],[0. 0.],Glow Plugs,853514537,1761498609,0
1761498609966936261,[0 0 0 0 0 0 0 0],7,264,[0. 0.],[0. 0.],Glow Plugs,966433277,1761498609,0
1761498610048160379,[0 0 0 0 0 0 0 0],7,264,[0. 0.],[0. 0.],Glow Plugs,47959768,1761498610,0
1761498610160262544,[0 0 0 0 0 0 0 0],7,264,[0. 0.],[0. 0.],Glow Plugs,160002091,1761498610,0
1761498610252300276,[0 0 0 0 0 0 0 0],7,264,[0. 0.],[0. 0.],Glow Plugs,251911182,1761498610,0
1761498610364882672,[0 0 0 0 0 0 0 0],7,264,[0. 0.],[0. 0.],Glow Plugs,364655597,1761498610,0
1761498610456646960,[0 0 0 0 0 0 0 0],7,264,[0. 0.],[0. 0.],Glow Plugs,456386988,1761498610,0
1761498610610394334,[0 0 0 0 0 0 0 0],7,264,[0. 0.],[0. 0.],Glow Plugs,609926006,1761498610,0
1761498610682183951,[0 0 0 0 0 0 0 0],7,264,[0. 0.],[0. 0.],Glow Plugs,681882250,1761498610,0
1761498610763744644,[0 0 0 0 0 0 0 0],7,264,[0. 0.],[0. 0.],Glow Plugs,763499744,1761498610,0
1761498610856886779,[0 0 0 0 0 0 0 0],7,264,[0. 0.],[0. 0.],Glow Plugs,856697976,1761498610,0
1761498610969348790,[0 0 0 0 0 0 0 0],7,264,[0. 0.],[0. 0.],Glow Plugs,969069265,1761498610,0
1761498611061256399,[0 0 0 0 0 0 0 0],7,264,[0. 0.],[0. 0.],Glow Plugs,60894857,1761498611,0
1761498611163569040,[0 0 0 0 0 0 0 0],7,264,[0. 0.],[0. 0.],Glow Plugs,163240970,1761498611,0
1761498611255371938,[0 0 0 0 0 0 0 0],7,264,[0. 0.],[0. 0.],Glow Plugs,255103901,1761498611,0
1761498611367580582,[0 0 0 0 0 0 0 0],7,264,[0. 0.],[0. 0.],Glow Plugs,367267457,1761498611,0
1761498611459738206,[0 0 0 0 0 0 0 0],7,264,[0. 0.],[0. 0.],Glow Plugs,459210485,1761498611,0
1761498611612891977,[0 0 0 0 0 0 0 0],7,264,[0. 0.],[0. 0.],Glow Plugs,612574436,1761498611,0
1761498611684531885,[0 0 0 0 0 0 0 0],7,264,[0. 0.],[0. 0.],Glow Plugs,684358730,1761498611,0
1761498611766679487,[0 0 0 0 0 0 0 0],7,264,[0. 0.],[0. 0.],Glow Plugs,766369210,1761498611,0
1761498611858882488,[0 0 0 0 0 0 0 0],7,264,[0. 0.],[0. 0.],Glow Plugs,858295758,1761498611,0
1761498611970887065,[0 0 0 0 0 0 0 0],7,264,[0. 0.],[0. 0.],Glow Plugs,970530579,1761498611,0
1761498612062867685,[0 0 0 0 0 0 0 0],7,264,[0. 0.],[0. 0.],Glow Plugs,62487743,1761498612,0
1761498612175350748,[0 0 0 0 0 0 0 0],7,264,[0. 0.],[0. 0.],Glow Plugs,174825235,1761498612,0
1761498612258081355,[0 0 0 0 0 0 0 0],7,264,[0. 0.],[0. 0.],Glow Plugs,256667283,1761498612,0
1761498612369425167,[0 0 0 0 0 0 0 0],7,264,[0. 0.],[0. 0.],Glow Plugs,369095530,1761498612,0
1761498612461309204,[0 0 0 0 0 0 0 0],7,264,[0. 0.],[0. 0.],Glow Plugs,461043280,1761498612,0
1761498612614697547,[0 0 0 0 0 0 0 0],7,264,[0. 0.],[0. 0.],Glow Plugs,614441735,1761498612,0
1761498612686730058,[0 0 0 0 0 0 0 0],7,264,[0. 0.],[0. 0.],Glow Plugs,686387652,1761498612,0
1761498612768180676,[0 0 0 0 0 0 0 0],7,264,[0. 0.],[0. 0.],Glow Plugs,768006017,1761498612,0
1761498612860009768,[0 0 0 0 0 0 0 0],7,264,[0. 0.],[0. 0.],Glow Plugs,859829221,1761498612,0
1761498612972117113,[0 0 0 0 0 0 0 0],7,264,[0. 0.],[0. 0.],Glow Plugs,971917269,1761498612,0
1761498613064204888,[0 0 0 0 0 0 0 0],7,264,[0. 0.],[0. 0.],Glow Plugs,63910451,1761498613,0
1761498613176677278,[0 0 0 0 0 0 0 0],7,264,[0. 0.],[0. 0.],Glow Plugs,176516187,1761498613,0
1761498613258749877,[0 0 0 0 0 0 0 0],7,264,[0. 0.],[0. 0.],Glow Plugs,258447728,1761498613,0
1761498613371184698,[0 0 0 0 0 0 0 0],7,264,[0. 0.],[0. 0.],Glow Plugs,371031191,1761498613,0
1761498613463391062,[0 0 0 0 0 0 0 0],7,264,[0. 0.],[0. 0.],Glow Plugs,463084753,1761498613,0
1761498613616968792,[0 0 0 0 0 0 0 0],7,264,[0. 0.],[0. 0.],Glow Plugs,616641746,1761498613,0
1761498613688847401,[0 0 0 0 0 0 0 0],7,264,[0. 0.],[0. 0.],Glow Plugs,688663878,1761498613,0
1761498613772434137,[0 0 0 0 0 0 0 0],7,264,[0. 0.],[0. 0.],Glow Plugs,771814447,1761498613,0
1761498613863450337,[0 0 0 0 0 0 0 0],7,264,[0. 0.],[0. 0.],Glow Plugs,863169789,1761498613,0
1761498613975810149,[0 0 0 0 0 0 0 0],7,264,[0. 0.],[0. 0.],Glow Plugs,975522368,1761498613,0
1761498614067791412,[0 0 0 0 0 0 0 0],7,264,[0. 0.],[0. 0.],Glow Plugs,67335244,1761498614,0
1761498614180391274,[0 0 0 0 0 0 0 0],7,264,[0. 0.],[0. 0.],Glow Plugs,180061061,1761498614,0
1761498614262643863,[0 0 0 0 0 0 0 0],7,264,[0. 0.],[0. 0.],Glow Plugs,262253681,1761498614,0
1761498614375053450,[0 0 0 0 0 0 0 0],7,264,[0. 0.],[0. 0.],Glow Plugs,374818311,1761498614,0
1761498614467330713,[0 0 0 0 0 0 0 0],7,264,[0. 0.],[0. 0.],Glow Plugs,466987860,1761498614,0
1761498614621125223,[0 0 0 0 0 0 0 0],7,264,[0. 0.],[0. 0.],Glow Plugs,620773761,1761498614,0
1761498614693133231,[0 0 0 0 0 0 0 0],7,264,[0. 0.],[0. 0.],Glow Plugs,692859627,1761498614,0
1761498614775419837,[0 0 0 0 0 0 0 0],7,264,[0. 0.],[0. 0.],Glow Plugs,775174681,1761498614,0
1761498614867800781,[0 0 0 0 0 0 0 0],7,264,[0. 0.],[0. 0.],Glow Plugs,867282885,1761498614,0
1761498614980218977,[0 0 0 0 0 0 0 0],7,264,[0. 0.],[0. 0.],Glow Plugs,979900092,1761498614,0
1761498615072144512,[0 0 0 0 0 0 0 0],7,264,[0. 0.],[0. 0.],Glow Plugs,71908956,1761498615,0
1761498615185009897,[0 0 0 0 0 0 0 0],7,264,[0. 0.],[0. 0.],Glow Plugs,184762789,1761498615,0
1761498615269015494,[0 0 0 0 0 0 0 0],7,264,[0. 0.],[0. 0.],Glow Plugs,268766882,1761498615,0
1761498615381285637,[0 0 0 0 0 0 0 0],7,264,[0. 0.],[0. 0.],Glow Plugs,381076450,1761498615,0
1761498615473264417,[0 0 0 0 0 0 0 0],7,264,[0. 0.],[0. 0.],Glow Plugs,473011325,1761498615,0
1761498615627116504,[0 0 0 0 0 0 0 0],7,264,[0. 0.],[0. 0.],Glow Plugs,626856436,1761498615,0
1761498615698896754,[0 0 0 0 0 0 0 0],7,264,[0. 0.],[0. 0.],Glow Plugs,698658702,1761498615,0
1761498615781023057,[0 0 0 0 0 0 0 0],7,264,[0. 0.],[0. 0.],Glow Plugs,780728908,1761498615,0
1761498615873148175,[0 0 0 0 0 0 0 0],7,264,[0. 0.],[0. 0.],Glow Plugs,872866122,1761498615,0
1761498615985258604,[0 0 0 0 0 0 0 0],7,264,[0. 0.],[0. 0.],Glow Plugs,985060073,1761498615,0
1761498616077112955,[0 0 0 0 0 0 0 0],7,264,[0. 0.],[0. 0.],Glow Plugs,76871287,1761498616,0
1761498616179276874,[0 0 0 0 0 0 0 0],7,264,[0. 0.],[0. 0.],Glow Plugs,179028006,1761498616,0
1761498616271584893,[0 0 0 0 0 0 0 0],7,264,[0. 0.],[0. 0.],Glow Plugs,271197207,1761498616,0
1761498616385096031,[0 0 0 0 0 0 0 0],7,264,[0. 0.],[0. 0.],Glow Plugs,384751546,1761498616,0
1761498616476880714,[0 0 0 0 0 0 0 0],7,264,[0. 0.],[0. 0.],Glow Plugs,476575589,1761498616,0
1761498616621331925,[0 0 0 0 0 0 0 0],7,264,[0. 0.],[0. 0.],Glow Plugs,621133682,1761498616,0
1761498616693344680,[0 0 0 0 0 0 0 0],7,264,[0. 0.],[0. 0.],Glow Plugs,693098980,1761498616,0
1761498616785335446,[0 0 0 0 0 0 0 0],7,264,[0. 0.],[0. 0.],Glow Plugs,785149523,1761498616,0
1761498616877511591,[0 0 0 0 0 0 0 0],7,264,[0. 0.],[0. 0.],Glow Plugs,877260739,1761498616,0
1761498616990778053,[0 0 0 0 0 0 0 0],7,264,[0. 0.],[0. 0.],Glow Plugs,990468960,1761498616,0
1761498617072468454,[0 0 0 0 0 0 0 0],7,264,[0. 0.],[0. 0.],Glow Plugs,72177826,1761498617,0
1761498617184793413,[0 0 0 0 0 0 0 0],7,264,[0. 0.],[0. 0.],Glow Plugs,184493536,1761498617,0
1761498617276996232,[0 0 0 0 0 0 0 0],7,264,[0. 0.],[0. 0.],Glow Plugs,276721316,1761498617,0
1761498617389218661,[0 0 0 0 0 0 0 0],7,264,[0. 0.],[0. 0.],Glow Plugs,388939169,1761498617,0
1761498617481194981,[0 0 0 0 0 0 0 0],7,264,[0. 0.],[0. 0.],Glow Plugs,480885920,1761498617,0
1761498617624533385,[0 0 0 0 0 0 0 0],7,264,[0. 0.],[0. 0.],Glow Plugs,624347430,1761498617,0
1761498617696605585,[0 0 0 0 0 0 0 0],7,264,[0. 0.],[0. 0.],Glow Plugs,696450671,1761498617,0
1761498617790637842,[0 0 0 0 0 0 0 0],7,264,[0. 0.],[0. 0.],Glow Plugs,790276044,1761498617,0
1761498617882184459,[0 0 0 0 0 0 0 0],7,264,[0. 0.],[0. 0.],Glow Plugs,881953671,1761498617,0
1761498617994499881,[0 0 0 0 0 0 0 0],7,264,[0. 0.],[0. 0.],Glow Plugs,994199524,1761498617,0
1761498618076286719,[0 0 0 0 0 0 0 0],7,264,[0. 0.],[0. 0.],Glow Plugs,75849048,1761498618,0
1761498618188327848,[0 0 0 0 0 0 0 0],7,264,[0. 0.],[0. 0.],Glow Plugs,188173350,1761498618,0
1761498618280892484,[0 0 0 0 0 0 0 0],7,264,[0. 0.],[0. 0.],Glow Plugs,280666080,1761498618,0
1761498618393247922,[0 0 0 0 0 0 0 0],7,264,[0. 0.],[0. 0.],Glow Plugs,392995726,1761498618,0
1761498618485143843,[0 0 0 0 0 0 0 0],7,264,[0. 0.],[0. 0.],Glow Plugs,484889055,1761498618,0
1761498618629118875,[0 0 0 0 0 0 0 0],7,264,[0. 0.],[0. 0.],Glow Plugs,628617139,1761498618,0
1761498618700807635,[0 0 0 0 0 0 0 0],7,264,[0. 0.],[0. 0.],Glow Plugs,700625840,1761498618,0
1761498618793717139,[0 0 0 0 0 0 0 0],7,264,[0. 0.],[0. 0.],Glow Plugs,793370958,1761498618,0
1761498618885910409,[0 0 0 0 0 0 0 0],7,264,[0. 0.],[0. 0.],Glow Plugs,885594820,1761498618,0
1761498618988595617,[0 0 0 0 0 0 0 0],7,264,[0. 0.],[0. 0.],Glow Plugs,988400670,1761498618,0
1761498619080914798,[0 0 0 0 0 0 0 0],7,264,[0. 0.],[0. 0.],Glow Plugs,80683754,1761498619,0
1761498619194045815,[0 0 0 0 0 0 0 0],7,264,[0. 0.],[0. 0.],Glow Plugs,193736306,1761498619,0
1761498619286708838,[0 0 0 0 0 0 0 0],7,264,[0. 0.],[0. 0.],Glow Plugs,286447138,1761498619,0
1761498619399758158,[0 0 0 0 0 0 0 0],7,264,[0. 0.],[0. 0.],Glow Plugs,399393801,1761498619,0
1761498619482033310,[0 0 0 0 0 0 0 0],7,264,[0. 0.],[0. 0.],Glow Plugs,481423444,1761498619,0
1761498619636179325,[0 0 0 0 0 0 0 0],7,264,[0. 0.],[0. 0.],Glow Plugs,635917305,1761498619,0
1761498619708573877,[0 0 0 0 0 0 0 0],7,264,[0. 0.],[0. 0.],Glow Plugs,708319697,1761498619,0
1761498619791156041,[0 0 0 0 0 0 0 0],7,264,[0. 0.],[0. 0.],Glow Plugs,790863812,1761498619,0
1761498619883934202,[0 0 0 0 0 0 0 0],7,264,[0. 0.],[0. 0.],Glow Plugs,883406290,1761498619,0
1761498619996836384,[0 0 0 0 0 0 0 0],7,264,[0. 0.],[0. 0.],Glow Plugs,996617148,1761498619,0
1761498620089397825,[0 0 0 0 0 0 0 0],7,264,[0. 0.],[0. 0.],Glow Plugs,89166653,1761498620,0
1761498620202223509,[0 0 0 0 0 0 0 0],7,264,[0. 0.],[0. 0.],Glow Plugs,201956433,1761498620,0
1761498620284725724,[0 0 0 0 0 0 0 0],7,264,[0. 0.],[0. 0.],Glow Plugs,284377750,1761498620,0
1761498620397164234,[0 0 0 0 0 0 0 0],7,264,[0. 0.],[0. 0.],Glow Plugs,396874406,1761498620,0
1761498620488962654,[0 0 0 0 0 0 0 0],7,264,[0. 0.],[0. 0.],Glow Plugs,488723450,1761498620,0
1761498620643352074,[0 0 0 0 0 0 0 0],7,264,[0. 0.],[0. 0.],Glow Plugs,643061318,1761498620,0
1761498620716282144,[0 0 0 0 0 0 0 0],7,264,[0. 0.],[0. 0.],Glow Plugs,716097789,1761498620,0
1761498620801856693,[0 0 0 0 0 0 0 0],7,264,[0. 0.],[0. 0.],Glow Plugs,801549328,1761498620,0
1761498620894080112,[0 0 0 0 0 0 0 0],7,264,[0. 0.],[0. 0.],Glow Plugs,893717834,1761498620,0
1761498620996738537,[0 0 0 0 0 0 0 0],7,264,[0. 0.],[0. 0.],Glow Plugs,996482213,1761498620,0
1761498621088797461,[0 0 0 0 0 0 0 0],7,264,[0. 0.],[0. 0.],Glow Plugs,88594130,1761498621,0
1761498621201651321,[0 0 0 0 0 0 0 0],7,264,[0. 0.],[0. 0.],Glow Plugs,201399894,1761498621,0
1761498621294163595,[0 0 0 0 0 0 0 0],7,264,[0. 0.],[0. 0.],Glow Plugs,293848806,1761498621,0
1761498621396928375,[0 0 0 0 0 0 0 0],7,264,[0. 0.],[0. 0.],Glow Plugs,396649939,1761498621,0
1761498621488943521,[0 0 0 0 0 0 0 0],7,264,[0. 0.],[0. 0.],Glow Plugs,488707869,1761498621,0
1761498621643654715,[0 0 0 0 0 0 0 0],7,264,[0. 0.],[0. 0.],Glow Plugs,643226005,1761498621,0
1761498621715974685,[0 0 0 0 0 0 0 0],7,264,[0. 0.],[0. 0.],Glow Plugs,715731577,1761498621,0
1761498621798890174,[0 0 0 0 0 0 0 0],7,264,[0. 0.],[0. 0.],Glow Plugs,798588569,1761498621,0
1761498621891194348,[0 0 0 0 0 0 0 0],7,264,[0. 0.],[0. 0.],Glow Plugs,890876967,1761498621,0
1761498622004101361,[0 0 0 0 0 0 0 0],7,264,[0. 0.],[0. 0.],Glow Plugs,3684683,1761498622,0
1761498622096260816,[0 0 0 0 0 0 0 0],7,264,[0. 0.],[0. 0.],Glow Plugs,96065389,1761498622,0
1761498622199147983,[0 0 0 0 0 0 0 0],7,264,[0. 0.],[0. 0.],Glow Plugs,198880843,1761498622,0
1761498622291444880,[0 0 0 0 0 0 0 0],7,264,[0. 0.],[0. 0.],Glow Plugs,291229549,1761498622,0
1761498622404039744,[0 0 0 0 0 0 0 0],7,264,[0. 0.],[0. 0.],Glow Plugs,403715867,1761498622,0
1761498622496743111,[0 0 0 0 0 0 0 0],7,264,[0. 0.],[0. 0.],Glow Plugs,496402210,1761498622,0
1761498622650790785,[0 0 0 0 0 0 0 0],7,264,[0. 0.],[0. 0.],Glow Plugs,650503740,1761498622,0
1761498622723212217,[0 0 0 0 0 0 0 0],7,264,[0. 0.],[0. 0.],Glow Plugs,722870132,1761498622,0
1761498622806229552,[0 0 0 0 0 0 0 0],7,264,[0. 0.],[0. 0.],Glow Plugs,805896555,1761498622,0
1761498622898613522,[0 0 0 0 0 0 0 0],7,264,[0. 0.],[0. 0.],Glow Plugs,898052265,1761498622,0
1761498623011035838,[0 0 0 0 0 0 0 0],7,264,[0. 0.],[0. 0.],Glow Plugs,10745466,1761498623,0
1761498623092838295,[0 0 0 0 0 0 0 0],7,264,[0. 0.],[0. 0.],Glow Plugs,92593075,1761498623,0
1761498623205359413,[0 0 0 0 0 0 0 0],7,264,[0. 0.],[0. 0.],Glow Plugs,205065361,1761498623,0
1761498623297452102,[0 0 0 0 0 0 0 0],7,264,[0. 0.],[0. 0.],Glow Plugs,297247747,1761498623,0
1761498623409865347,[0 0 0 0 0 0 0 0],7,264,[0. 0.],[0. 0.],Glow Plugs,409594143,1761498623,0
1761498623502070133,[0 0 0 0 0 0 0 0],7,264,[0. 0.],[0. 0.],Glow Plugs,501690063,1761498623,0
1761498623646424458,[0 0 0 0 0 0 0 0],7,264,[0. 0.],[0. 0.],Glow Plugs,645835809,1761498623,0
1761498623718589812,[0 0 0 0 0 0 0 0],7,264,[0. 0.],[0. 0.],Glow Plugs,718194894,1761498623,0
1761498623811186348,[0 0 0 0 0 0 0 0],7,264,[0. 0.],[0. 0.],Glow Plugs,810788646,1761498623,0
1761498623903597409,[0 0 0 0 0 0 0 0],7,264,[0. 0.],[0. 0.],Glow Plugs,903061273,1761498623,0
1761498624005816231,[0 0 0 0 0 0 0 0],7,264,[0. 0.],[0. 0.],Glow Plugs,5533059,1761498624,0
1761498624098427251,[0 0 0 0 0 0 0 0],7,264,[0. 0.],[0. 0.],Glow Plugs,98049261,1761498624,0
1761498624210618524,[0 0 0 0 0 0 0 0],7,264,[0. 0.],[0. 0.],Glow Plugs,210271031,1761498624,0
1761498624302533181,[0 0 0 0 0 0 0 0],7,264,[0. 0.],[0. 0.],Glow Plugs,302290617,1761498624,0
1761498624415428113,[0 0 0 0 0 0 0 0],7,264,[0. 0.],[0. 0.],Glow Plugs,414924777,1761498624,0
1761498624497616739,[0 0 0 0 0 0 0 0],7,264,[0. 0.],[0. 0.],Glow Plugs,497356383,1761498624,0
1761498624652388508,[0 0 0 0 0 0 0 0],7,264,[0. 0.],[0. 0.],Glow Plugs,651894004,1761498624,0
1761498624724592348,[0 0 0 0 0 0 0 0],7,264,[0. 0.],[0. 0.],Glow Plugs,724351001,1761498624,0
1761498624817512844,[0 0 0 0 0 0 0 0],7,264,[0. 0.],[0. 0.],Glow Plugs,816875298,1761498624,0
1761498624898977780,[0 0 0 0 0 0 0 0],7,264,[0. 0.],[0. 0.],Glow Plugs,898727696,1761498624,0
1761498625011637411,[0 0 0 0 0 0 0 0],7,264,[0. 0.],[0. 0.],Glow Plugs,11190973,1761498625,0
1761498625103783642,[0 0 0 0 0 0 0 0],7,264,[0. 0.],[0. 0.],Glow Plugs,103281683,1761498625,0
1761498625216311897,[0 0 0 0 0 0 0 0],7,264,[0. 0.],[0. 0.],Glow Plugs,216074133,1761498625,0
1761498625309170746,[0 0 0 0 0 0 0 0],7,264,[0. 0.],[0. 0.],Glow Plugs,308838454,1761498625,0
1761498625411864586,[0 0 0 0 0 0 0 0],7,264,[0. 0.],[0. 0.],Glow Plugs,411637735,1761498625,0
1761498625504440872,[0 0 0 0 0 0 0 0],7,264,[0. 0.],[0. 0.],Glow Plugs,504059778,1761498625,0
1761498625659545135,[0 0 0 0 0 0 0 0],7,264,[0. 0.],[0. 0.],Glow Plugs,659213098,1761498625,0
1761498625731825286,[0 0 0 0 0 0 0 0],7,264,[0. 0.],[0. 0.],Glow Plugs,731645924,1761498625,0
1761498625814621174,[0 0 0 0 0 0 0 0],7,264,[0. 0.],[0. 0.],Glow Plugs,814296177,1761498625,0
1761498625906692588,[0 0 0 0 0 0 0 0],7,264,[0. 0.],[0. 0.],Glow Plugs,906451497,1761498625,0
1761498626019853394,[0 0 0 0 0 0 0 0],7,264,[0. 0.],[0. 0.],Glow Plugs,19504749,1761498626,0
1761498626102073902,[0 0 0 0 0 0 0 0],7,264,[0. 0.],[0. 0.],Glow Plugs,101582983,1761498626,0
1761498626214543291,[0 0 0 0 0 0 0 0],7,264,[0. 0.],[0. 0.],Glow Plugs,214252695,1761498626,0
1761498626307259214,[0 0 0 0 0 0 0 0],7,264,[0. 0.],[0. 0.],Glow Plugs,306995466,1761498626,0
1761498626420110209,[0 0 0 0 0 0 0 0],7,264,[0. 0.],[0. 0.],Glow Plugs,419872638,1761498626,0
1761498626512617520,[0 0 0 0 0 0 0 0],7,264,[0. 0.],[0. 0.],Glow Plugs,512330252,1761498626,0
1761498626656715588,[0 0 0 0 0 0 0 0],7,264,[0. 0.],[0. 0.],Glow Plugs,656496417,1761498626,0
1761498626729231125,[0 0 0 0 0 0 0 0],7,264,[0. 0.],[0. 0.],Glow Plugs,728931568,1761498626,0
1761498626821530113,[0 0 0 0 0 0 0 0],7,264,[0. 0.],[0. 0.],Glow Plugs,821325886,1761498626,0
1761498626913952367,[0 0 0 0 0 0 0 0],7,264,[0. 0.],[0. 0.],Glow Plugs,913643307,1761498626,0
1761498627016672464,[0 0 0 0 0 0 0 0],7,264,[0. 0.],[0. 0.],Glow Plugs,16397996,1761498627,0
1761498627108934895,[0 0 0 0 0 0 0 0],7,264,[0. 0.],[0. 0.],Glow Plugs,108546697,1761498627,0
1761498627221661392,[0 0 0 0 0 0 0 0],7,264,[0. 0.],[0. 0.],Glow Plugs,221355436,1761498627,0
1761498627314088466,[0 0 0 0 0 0 0 0],7,264,[0. 0.],[0. 0.],Glow Plugs,313792109,1761498627,0
1761498627416992200,[0 0 0 0 0 0 0 0],7,264,[0. 0.],[0. 0.],Glow Plugs,416629507,1761498627,0
1761498627509135717,[0 0 0 0 0 0 0 0],7,264,[0. 0.],[0. 0.],Glow Plugs,508877057,1761498627,0
1761498627667976918,[0 0 0 0 0 0 0 0],7,264,[0. 0.],[0. 0.],Glow Plugs,667318989,1761498627,0
1761498627742153908,[0 0 0 0 0 0 0 0],7,264,[0. 0.],[0. 0.],Glow Plugs,741870320,1761498627,0
1761498627826549571,[0 0 0 0 0 0 0 0],7,264,[0. 0.],[0. 0.],Glow Plugs,826340896,1761498627,0
1761498627909026551,[0 0 0 0 0 0 0 0],7,264,[0. 0.],[0. 0.],Glow Plugs,908714931,1761498627,0
1761498628022160029,[0 0 0 0 0 0 0 0],7,264,[0. 0.],[0. 0.],Glow Plugs,21733367,1761498628,0
1761498628114673202,[0 0 0 0 0 0 0 0],7,264,[0. 0.],[0. 0.],Glow Plugs,114129227,1761498628,0
1761498628227370628,[0 0 0 0 0 0 0 0],7,264,[0. 0.],[0. 0.],Glow Plugs,227184385,1761498628,0
1761498628309945710,[0 0 0 0 0 0 0 0],7,264,[0. 0.],[0. 0.],Glow Plugs,309451047,1761498628,0
1761498628422320667,[0 0 0 0 0 0 0 0],7,264,[0. 0.],[0. 0.],Glow Plugs,422060280,1761498628,0
1761498628514694319,[0 0 0 0 0 0 0 0],7,264,[0. 0.],[0. 0.],Glow Plugs,514412939,1761498628,0
1761498628668927881,[0 0 0 0 0 0 0 0],7,264,[0. 0.],[0. 0.],Glow Plugs,668576772,1761498628,0
1761498628741276323,[0 0 0 0 0 0 0 0],7,264,[0. 0.],[0. 0.],Glow Plugs,741089344,1761498628,0
1761498628823742283,[0 0 0 0 0 0 0 0],7,264,[0. 0.],[0. 0.],Glow Plugs,823376390,1761498628,0
1761498628915838299,[0 0 0 0 0 0 0 0],7,264,[0. 0.],[0. 0.],Glow Plugs,915637304,1761498628,0
1761498629028737261,[0 0 0 0 0 0 0 0],7,264,[0. 0.],[0. 0.],Glow Plugs,28524490,1761498629,0
1761498629121827902,[0 0 0 0 0 0 0 0],7,264,[0. 0.],[0. 0.],Glow Plugs,121203893,1761498629,0
1761498629223970765,[0 0 0 0 0 0 0 0],7,264,[0. 0.],[0. 0.],Glow Plugs,223659849,1761498629,0
1761498629316366644,[0 0 0 0 0 0 0 0],7,264,[0. 0.],[0. 0.],Glow Plugs,315969199,1761498629,0
1761498629428866612,[0 0 0 0 0 0 0 0],7,264,[0. 0.],[0. 0.],Glow Plugs,428658641,1761498629,0
1761498629521195738,[0 0 0 0 0 0 0 0],7,264,[0. 0.],[0. 0.],Glow Plugs,520904470,1761498629,0
1761498629665087823,[0 0 0 0 0 0 0 0],7,264,[0. 0.],[0. 0.],Glow Plugs,664859244,1761498629,0
1761498629737206524,[0 0 0 0 0 0 0 0],7,264,[0. 0.],[0. 0.],Glow Plugs,736997945,1761498629,0
1761498629829801190,[0 0 0 0 0 0 0 0],7,264,[0. 0.],[0. 0.],Glow Plugs,829531234,1761498629,0
1761498629922101804,[0 0 0 0 0 0 0 0],7,264,[0. 0.],[0. 0.],Glow Plugs,921741159,1761498629,0
1761498630034888012,[0 0 0 0 0 0 0 0],7,264,[0. 0.],[0. 0.],Glow Plugs,34562344,1761498630,0
1761498630117022137,[0 0 0 0 0 0 0 0],7,264,[0. 0.],[0. 0.],Glow Plugs,116745333,1761498630,0
1761498630229405672,[0 0 0 0 0 0 0 0],7,264,[0. 0.],[0. 0.],Glow Plugs,229184069,1761498630,0
1761498630321893572,[0 0 0 0 0 0 0 0],7,264,[0. 0.],[0. 0.],Glow Plugs,321365052,1761498630,0
1761498630434621975,[0 0 0 0 0 0 0 0],7,264,[0. 0.],[0. 0.],Glow Plugs,434131440,1761498630,0
1761498630516563810,[0 0 0 0 0 0 0 0],7,264,[0. 0.],[0. 0.],Glow Plugs,516372575,1761498630,0
1761498630671293688,[0 0 0 0 0 0 0 0],7,264,[0. 0.],[0. 0.],Glow Plugs,671004820,1761498630,0
1761498630743839489,[0 0 0 0 0 0 0 0],7,264,[0. 0.],[0. 0.],Glow Plugs,743613694,1761498630,0
1761498630836537056,[0 0 0 0 0 0 0 0],7,264,[0. 0.],[0. 0.],Glow Plugs,836162491,1761498630,0
1761498630918657613,[0 0 0 0 0 0 0 0],7,264,[0. 0.],[0. 0.],Glow Plugs,918352297,1761498630,0
1761498631031269084,[0 0 0 0 0 0 0 0],7,264,[0. 0.],[0. 0.],Glow Plugs,31035993,1761498631,0
1761498631123707019,[0 0 0 0 0 0 0 0],7,264,[0. 0.],[0. 0.],Glow Plugs,123330501,1761498631,0
1761498631236120810,[0 0 0 0 0 0 0 0],7,264,[0. 0.],[0. 0.],Glow Plugs,235921960,1761498631,0
1761498631328689243,[0 0 0 0 0 0 0 0],7,264,[0. 0.],[0. 0.],Glow Plugs,328422807,1761498631,0
1761498631431412982,[0 0 0 0 0 0 0 0],7,264,[0. 0.],[0. 0.],Glow Plugs,431187923,1761498631,0
1761498631523970439,[0 0 0 0 0 0 0 0],7,264,[0. 0.],[0. 0.],Glow Plugs,523750372,1761498631,0
1761498631678908779,[0 0 0 0 0 0 0 0],7,264,[0. 0.],[0. 0.],Glow Plugs,678482022,1761498631,0
1761498631751269000,[0 0 0 0 0 0 0 0],7,264,[0. 0.],[0. 0.],Glow Plugs,750935427,1761498631,0
1761498631834108436,[0 0 0 0 0 0 0 0],7,264,[0. 0.],[0. 0.],Glow Plugs,833430666,1761498631,0
1761498631926057404,[0 0 0 0 0 0 0 0],7,264,[0. 0.],[0. 0.],Glow Plugs,925766872,1761498631,0
1761498632038820988,[0 0 0 0 0 0 0 0],7,264,[0. 0.],[0. 0.],Glow Plugs,38572345,1761498632,0
1761498632131843079,[0 0 0 0 0 0 0 0],7,264,[0. 0.],[0. 0.],Glow Plugs,131307583,1761498632,0
1761498632234450387,[0 0 0 0 0 0 0 0],7,264,[0. 0.],[0. 0.],Glow Plugs,233970668,1761498632,0
1761498632326465455,[0 0 0 0 0 0 0 0],7,264,[0. 0.],[0. 0.],Glow Plugs,326131947,1761498632,0
1761498632439063522,[0 0 0 0 0 0 0 0],7,264,[0. 0.],[0. 0.],Glow Plugs,438813471,1761498632,0
1761498632531734120,[0 0 0 0 0 0 0 0],7,264,[0. 0.],[0. 0.],Glow Plugs,531403716,1761498632,0
1761498632675886950,[0 0 0 0 0 0 0 0],7,264,[0. 0.],[0. 0.],Glow Plugs,675423200,1761498632,0
1761498632747848243,[0 0 0 0 0 0 0 0],7,264,[0. 0.],[0. 0.],Glow Plugs,747549711,1761498632,0
1761498632840240373,[0 0 0 0 0 0 0 0],7,264,[0. 0.],[0. 0.],Glow Plugs,839920593,1761498632,0
1761498632932296307,[0 0 0 0 0 0 0 0],7,264,[0. 0.],[0. 0.],Glow Plugs,932089488,1761498632,0
1761498633035428450,[0 0 0 0 0 0 0 0],7,264,[0. 0.],[0. 0.],Glow Plugs,35134334,1761498633,0
1761498633128023450,[0 0 0 0 0 0 0 0],7,264,[0. 0.],[0. 0.],Glow Plugs,127749302,1761498633,0
1761498633240407611,[0 0 0 0 0 0 0 0],7,264,[0. 0.],[0. 0.],Glow Plugs,240184504,1761498633,0
1761498633332764752,[0 0 0 0 0 0 0 0],7,264,[0. 0.],[0. 0.],Glow Plugs,332545294,1761498633,0
1761498633445917116,[0 0 0 0 0 0 0 0],7,264,[0. 0.],[0. 0.],Glow Plugs,445426198,1761498633,0
1761498633528530095,[0 0 0 0 0 0 0 0],7,264,[0. 0.],[0. 0.],Glow Plugs,527937895,1761498633,0
1761498633681937717,[0 0 0 0 0 0 0 0],7,264,[0. 0.],[0. 0.],Glow Plugs,681591921,1761498633,0
1761498633754518594,[0 0 0 0 0 0 0 0],7,264,[0. 0.],[0. 0.],Glow Plugs,754187197,1761498633,0
1761498633847275420,[0 0 0 0 0 0 0 0],7,264,[0. 0.],[0. 0.],Glow Plugs,846724053,1761498633,0
1761498633928936994,[0 0 0 0 0 0 0 0],7,264,[0. 0.],[0. 0.],Glow Plugs,928713407,1761498633,0
1761498634041831749,[0 0 0 0 0 0 0 0],7,264,[0. 0.],[0. 0.],Glow Plugs,41592514,1761498634,0
1761498634134842071,[0 0 0 0 0 0 0 0],7,264,[0. 0.],[0. 0.],Glow Plugs,134230127,1761498634,0
1761498634247407212,[0 0 0 0 0 0 0 0],7,264,[0. 0.],[0. 0.],Glow Plugs,247043431,1761498634,0
1761498634329563373,[0 0 0 0 0 0 0 0],7,264,[0. 0.],[0. 0.],Glow Plugs,329164328,1761498634,0
1761498634443018926,[0 0 0 0 0 0 0 0],7,264,[0. 0.],[0. 0.],Glow Plugs,442511207,1761498634,0
1761498634535276757,[0 0 0 0 0 0 0 0],7,264,[0. 0.],[0. 0.],Glow Plugs,535044626,1761498634,0
1761498634691576078,[0 0 0 0 0 0 0 0],7,264,[0. 0.],[0. 0.],Glow Plugs,691294635,1761498634,0
1761498634763703371,[0 0 0 0 0 0 0 0],7,264,[0. 0.],[0. 0.],Glow Plugs,763356582,1761498634,0
1761498634846113488,[0 0 0 0 0 0 0 0],7,264,[0. 0.],[0. 0.],Glow Plugs,845746539,1761498634,0
1761498634937891121,[0 0 0 0 0 0 0 0],7,264,[0. 0.],[0. 0.],Glow Plugs,937684078,1761498634,0
1761498635050724963,[0 0 0 0 0 0 0 0],7,264,[0. 0.],[0. 0.],Glow Plugs,50403359,1761498635,0
1761498635132588534,[0 0 0 0 0 0 0 0],7,264,[0. 0.],[0. 0.],Glow Plugs,132214897,1761498635,0
1761498635244049486,[0 0 0 0 0 0 0 0],7,264,[0. 0.],[0. 0.],Glow Plugs,243849131,1761498635,0
1761498635336490699,[0 0 0 0 0 0 0 0],7,264,[0. 0.],[0. 0.],Glow Plugs,336292713,1761498635,0
1761498635449135955,[0 0 0 0 0 0 0 0],7,264,[0. 0.],[0. 0.],Glow Plugs,448857647,1761498635,0
1761498635540864103,[0 0 0 0 0 0 0 0],7,264,[0. 0.],[0. 0.],Glow Plugs,540629028,1761498635,0
1761498635684444228,[0 0 0 0 0 0 0 0],7,264,[0. 0.],[0. 0.],Glow Plugs,684121312,1761498635,0
1761498635755980432,[0 0 0 0 0 0 0 0],7,264,[0. 0.],[0. 0.],Glow Plugs,755815694,1761498635,0
1761498635848009032,[0 0 0 0 0 0 0 0],7,264,[0. 0.],[0. 0.],Glow Plugs,847839430,1761498635,0
1761498635939780029,[0 0 0 0 0 0 0 0],7,264,[0. 0.],[0. 0.],Glow Plugs,939623963,1761498635,0
1761498636052007993,[0 0 0 0 0 0 0 0],7,264,[0. 0.],[0. 0.],Glow Plugs,51824982,1761498636,0
1761498636144122758,[0 0 0 0 0 0 0 0],7,264,[0. 0.],[0. 0.],Glow Plugs,143824930,1761498636,0
1761498636246174581,[0 0 0 0 0 0 0 0],7,264,[0. 0.],[0. 0.],Glow Plugs,245873649,1761498636,0
1761498636338879210,[0 0 0 0 0 0 0 0],7,264,[0. 0.],[0. 0.],Glow Plugs,338608231,1761498636,0
1761498636450929883,[0 0 0 0 0 0 0 0],7,264,[0. 0.],[0. 0.],Glow Plugs,450649239,1761498636,0
1761498636542826118,[0 0 0 0 0 0 0 0],7,264,[0. 0.],[0. 0.],Glow Plugs,542584162,1761498636,0
1761498636696255728,[0 0 0 0 0 0 0 0],7,264,[0. 0.],[0. 0.],Glow Plugs,696101134,1761498636,0
1761498636768568252,[0 0 0 0 0 0 0 0],7,264,[0. 0.],[0. 0.],Glow Plugs,768311801,1761498636,0
1761498636850442021,[0 0 0 0 0 0 0 0],7,264,[0. 0.],[0. 0.],Glow Plugs,850124129,1761498636,0
1761498636942166029,[0 0 0 0 0 0 0 0],7,264,[0. 0.],[0. 0.],Glow Plugs,941896906,1761498636,0
1761498637054187543,[0 0 0 0 0 0 0 0],7,264,[0. 0.],[0. 0.],Glow Plugs,53919348,1761498637,0
1761498637145907668,[0 0 0 0 0 0 0 0],7,264,[0. 0.],[0. 0.],Glow Plugs,145649393,1761498637,0
1761498637258455069,[0 0 0 0 0 0 0 0],7,264,[0. 0.],[0. 0.],Glow Plugs,258218393,1761498637,0
1761498637340440508,[0 0 0 0 0 0 0 0],7,264,[0. 0.],[0. 0.],Glow Plugs,340125144,1761498637,0
1761498637452522495,[0 0 0 0 0 0 0 0],7,264,[0. 0.],[0. 0.],Glow Plugs,452184282,1761498637,0
1761498637544255291,[0 0 0 0 0 0 0 0],7,264,[0. 0.],[0. 0.],Glow Plugs,544027640,1761498637,0
1761498637697886485,[0 0 0 0 0 0 0 0],7,264,[0. 0.],[0. 0.],Glow Plugs,697573777,1761498637,0
1761498637769997429,[0 0 0 0 0 0 0 0],7,264,[0. 0.],[0. 0.],Glow Plugs,769638960,1761498637,0
1761498637852008405,[0 0 0 0 0 0 0 0],7,264,[0. 0.],[0. 0.],Glow Plugs,851755857,1761498637,0
1761498637943949268,[0 0 0 0 0 0 0 0],7,264,[0. 0.],[0. 0.],Glow Plugs,943728561,1761498637,0
1761498638056345076,[0 0 0 0 0 0 0 0],7,264,[0. 0.],[0. 0.],Glow Plugs,56130609,1761498638,0
1761498638148017956,[0 0 0 0 0 0 0 0],7,264,[0. 0.],[0. 0.],Glow Plugs,147832066,1761498638,0
1761498638260375964,[0 0 0 0 0 0 0 0],7,264,[0. 0.],[0. 0.],Glow Plugs,259967223,1761498638,0
1761498638342282672,[0 0 0 0 0 0 0 0],7,264,[0. 0.],[0. 0.],Glow Plugs,341972684,1761498638,0
1761498638454470982,[0 0 0 0 0 0 0 0],7,264,[0. 0.],[0. 0.],Glow Plugs,453930943,1761498638,0
1761498638546335288,[0 0 0 0 0 0 0 0],7,264,[0. 0.],[0. 0.],Glow Plugs,545992820,1761498638,0
1761498638699835613,[0 0 0 0 0 0 0 0],7,264,[0. 0.],[0. 0.],Glow Plugs,699292790,1761498638,0
1761498638771764913,[0 0 0 0 0 0 0 0],7,264,[0. 0.],[0. 0.],Glow Plugs,771134025,1761498638,0
1761498638863708229,[0 0 0 0 0 0 0 0],7,264,[0. 0.],[0. 0.],Glow Plugs,863353504,1761498638,0
1761498638945299445,[0 0 0 0 0 0 0 0],7,264,[0. 0.],[0. 0.],Glow Plugs,944977105,1761498638,0
1761498639057216832,[0 0 0 0 0 0 0 0],7,264,[0. 0.],[0. 0.],Glow Plugs,57074046,1761498639,0
1761498639149116424,[0 0 0 0 0 0 0 0],7,264,[0. 0.],[0. 0.],Glow Plugs,148882757,1761498639,0
1761498639261272335,[0 0 0 0 0 0 0 0],7,264,[0. 0.],[0. 0.],Glow Plugs,261052780,1761498639,0
1761498639353162934,[0 0 0 0 0 0 0 0],7,264,[0. 0.],[0. 0.],Glow Plugs,352995956,1761498639,0
1761498639465485023,[0 0 0 0 0 0 0 0],7,264,[0. 0.],[0. 0.],Glow Plugs,465190203,1761498639,0
1761498639547392905,[0 0 0 0 0 0 0 0],7,264,[0. 0.],[0. 0.],Glow Plugs,547111077,1761498639,0
1761498639700591093,[0 0 0 0 0 0 0 0],7,264,[0. 0.],[0. 0.],Glow Plugs,700416243,1761498639,0
1761498639773503277,[0 0 0 0 0 0 0 0],7,264,[0. 0.],[0. 0.],Glow Plugs,772596386,1761498639,0
1761498639864828782,[0 0 0 0 0 0 0 0],7,264,[0. 0.],[0. 0.],Glow Plugs,864546154,1761498639,0
1761498639956827158,[0 0 0 0 0 0 0 0],7,264,[0. 0.],[0. 0.],Glow Plugs,956603763,1761498639,0
1761498640058902807,[0 0 0 0 0 0 0 0],7,264,[0. 0.],[0. 0.],Glow Plugs,58637620,1761498640,0
1761498640150711826,[0 0 0 0 0 0 0 0],7,264,[0. 0.],[0. 0.],Glow Plugs,150395822,1761498640,0
1761498640262967244,[0 0 0 0 0 0 0 0],7,264,[0. 0.],[0. 0.],Glow Plugs,262653800,1761498640,0
1761498640354908520,[0 0 0 0 0 0 0 0],7,264,[0. 0.],[0. 0.],Glow Plugs,354538916,1761498640,0
1761498640467150402,[0 0 0 0 0 0 0 0],7,264,[0. 0.],[0. 0.],Glow Plugs,466894527,1761498640,0
1761498640559187840,[0 0 0 0 0 0 0 0],7,264,[0. 0.],[0. 0.],Glow Plugs,558721082,1761498640,0
1761498640702279995,[0 0 0 0 0 0 0 0],7,264,[0. 0.],[0. 0.],Glow Plugs,701992856,1761498640,0
1761498640774508513,[0 0 0 0 0 0 0 0],7,264,[0. 0.],[0. 0.],Glow Plugs,774000603,1761498640,0
1761498640866042713,[0 0 0 0 0 0 0 0],7,264,[0. 0.],[0. 0.],Glow Plugs,865735413,1761498640,0
1761498640957431054,[0 0 0 0 0 0 0 0],7,264,[0. 0.],[0. 0.],Glow Plugs,957290637,1761498640,0
1761498641070037989,[0 0 0 0 0 0 0 0],7,264,[0. 0.],[0. 0.],Glow Plugs,69776513,1761498641,0
1761498641151937081,[0 0 0 0 0 0 0 0],7,264,[0. 0.],[0. 0.],Glow Plugs,151682582,1761498641,0
1761498641264605002,[0 0 0 0 0 0 0 0],7,264,[0. 0.],[0. 0.],Glow Plugs,264017763,1761498641,0
1761498641356055093,[0 0 0 0 0 0 0 0],7,264,[0. 0.],[0. 0.],Glow Plugs,355858611,1761498641,0
1761498641468332290,[0 0 0 0 0 0 0 0],7,264,[0. 0.],[0. 0.],Glow Plugs,468074526,1761498641,0
1761498641560751609,[0 0 0 0 0 0 0 0],7,264,[0. 0.],[0. 0.],Glow Plugs,560505205,1761498641,0
1761498641714799593,[0 0 0 0 0 0 0 0],7,264,[0. 0.],[0. 0.],Glow Plugs,714242467,1761498641,0
1761498641787738191,[0 0 0 0 0 0 0 0],7,264,[0. 0.],[0. 0.],Glow Plugs,787531245,1761498641,0
1761498641869494146,[0 0 0 0 0 0 0 0],7,264,[0. 0.],[0. 0.],Glow Plugs,869252479,1761498641,0
1761498641961437523,[0 0 0 0 0 0 0 0],7,264,[0. 0.],[0. 0.],Glow Plugs,961117007,1761498641,0
1761498642074329950,[0 0 0 0 0 0 0 0],7,264,[0. 0.],[0. 0.],Glow Plugs,73578101,1761498642,0
1761498642156137704,[0 0 0 0 0 0 0 0],7,264,[0. 0.],[0. 0.],Glow Plugs,155883397,1761498642,0
1761498642268736522,[0 0 0 0 0 0 0 0],7,264,[0. 0.],[0. 0.],Glow Plugs,268520872,1761498642,0
1761498642361000436,[0 0 0 0 0 0 0 0],7,264,[0. 0.],[0. 0.],Glow Plugs,360800209,1761498642,0
1761498642473766616,[0 0 0 0 0 0 0 0],7,264,[0. 0.],[0. 0.],Glow Plugs,473500885,1761498642,0
1761498642556168617,[0 0 0 0 0 0 0 0],7,264,[0. 0.],[0. 0.],Glow Plugs,555825509,1761498642,0
1761498642710650092,[0 0 0 0 0 0 0 0],7,264,[0. 0.],[0. 0.],Glow Plugs,710348168,1761498642,0
1761498642784102895,[0 0 0 0 0 0 0 0],7,264,[0. 0.],[0. 0.],Glow Plugs,783760779,1761498642,0
1761498642876942240,[0 0 0 0 0 0 0 0],7,264,[0. 0.],[0. 0.],Glow Plugs,876376409,1761498642,0
1761498642958860682,[0 0 0 0 0 0 0 0],7,264,[0. 0.],[0. 0.],Glow Plugs,958365764,1761498642,0
1761498643071344963,[0 0 0 0 0 0 0 0],7,264,[0. 0.],[0. 0.],Glow Plugs,70909342,1761498643,0
1761498643163748419,[0 0 0 0 0 0 0 0],7,264,[0. 0.],[0. 0.],Glow Plugs,163328958,1761498643,0
1761498643276598106,[0 0 0 0 0 0 0 0],7,264,[0. 0.],[0. 0.],Glow Plugs,276153653,1761498643,0
1761498643368430547,[0 0 0 0 0 0 0 0],7,264,[0. 0.],[0. 0.],Glow Plugs,368187600,1761498643,0
1761498643470869261,[0 0 0 0 0 0 0 0],7,264,[0. 0.],[0. 0.],Glow Plugs,470351142,1761498643,0
1761498643563212908,[0 0 0 0 0 0 0 0],7,264,[0. 0.],[0. 0.],Glow Plugs,562612324,1761498643,0
1761498643717538842,[0 0 0 0 0 0 0 0],7,264,[0. 0.],[0. 0.],Glow Plugs,717224694,1761498643,0
1761498643791100437,[0 0 0 0 0 0 0 0],7,264,[0. 0.],[0. 0.],Glow Plugs,790778897,1761498643,0
1761498643873085591,[0 0 0 0 0 0 0 0],7,264,[0. 0.],[0. 0.],Glow Plugs,872615953,1761498643,0
1761498643965045393,[0 0 0 0 0 0 0 0],7,264,[0. 0.],[0. 0.],Glow Plugs,964690061,1761498643,0
1761498644077741214,[0 0 0 0 0 0 0 0],7,264,[0. 0.],[0. 0.],Glow Plugs,77512347,1761498644,0
1761498644170502615,[0 0 0 0 0 0 0 0],7,264,[0. 0.],[0. 0.],Glow Plugs,170236595,1761498644,0
1761498644272940035,[0 0 0 0 0 0 0 0],7,264,[0. 0.],[0. 0.],Glow Plugs,272726785,1761498644,0
1761498644366091457,[0 0 0 0 0 0 0 0],7,264,[0. 0.],[0. 0.],Glow Plugs,364568303,1761498644,0
1761498644477050612,[0 0 0 0 0 0 0 0],7,264,[0. 0.],[0. 0.],Glow Plugs,476779025,1761498644,0
1761498644568563646,[0 0 0 0 0 0 0 0],7,264,[0. 0.],[0. 0.],Glow Plugs,568392156,1761498644,0
1761498644722411347,[0 0 0 0 0 0 0 0],7,264,[0. 0.],[0. 0.],Glow Plugs,722056431,1761498644,0
1761498644794633846,[0 0 0 0 0 0 0 0],7,264,[0. 0.],[0. 0.],Glow Plugs,794138608,1761498644,0
1761498644876501548,[0 0 0 0 0 0 0 0],7,264,[0. 0.],[0. 0.],Glow Plugs,876138536,1761498644,0
1761498644968155511,[0 0 0 0 0 0 0 0],7,264,[0. 0.],[0. 0.],Glow Plugs,967979285,1761498644,0
1761498645080500882,[0 0 0 0 0 0 0 0],7,264,[0. 0.],[0. 0.],Glow Plugs,80340368,1761498645,0
1761498645172831962,[0 0 0 0 0 0 0 0],7,264,[0. 0.],[0. 0.],Glow Plugs,172384277,1761498645,0
1761498645285093487,[0 0 0 0 0 0 0 0],7,264,[0. 0.],[0. 0.],Glow Plugs,284793516,1761498645,0
1761498645366845978,[0 0 0 0 0 0 0 0],7,264,[0. 0.],[0. 0.],Glow Plugs,366554103,1761498645,0
1761498645479161296,[0 0 0 0 0 0 0 0],7,264,[0. 0.],[0. 0.],Glow Plugs,478860332,1761498645,0
1761498645571055411,[0 0 0 0 0 0 0 0],7,264,[0. 0.],[0. 0.],Glow Plugs,570721039,1761498645,0
1761498645724922358,[0 0 0 0 0 0 0 0],7,264,[0. 0.],[0. 0.],Glow Plugs,724387184,1761498645,0
1761498645797103279,[0 0 0 0 0 0 0 0],7,264,[0. 0.],[0. 0.],Glow Plugs,796830540,1761498645,0
1761498645879454593,[0 0 0 0 0 0 0 0],7,264,[0. 0.],[0. 0.],Glow Plugs,878776761,1761498645,0
1761498645970959744,[0 0 0 0 0 0 0 0],7,264,[0. 0.],[0. 0.],Glow Plugs,970690461,1761498645,0
1761498646083073610,[0 0 0 0 0 0 0 0],7,264,[0. 0.],[0. 0.],Glow Plugs,82888776,1761498646,0
1761498646175787852,[0 0 0 0 0 0 0 0],7,264,[0. 0.],[0. 0.],Glow Plugs,175082979,1761498646,0
1761498646288194485,[0 0 0 0 0 0 0 0],7,264,[0. 0.],[0. 0.],Glow Plugs,287978834,1761498646,0
1761498646370101080,[0 0 0 0 0 0 0 0],7,264,[0. 0.],[0. 0.],Glow Plugs,369736851,1761498646,0
1761498646483009223,[0 0 0 0 0 0 0 0],7,264,[0. 0.],[0. 0.],Glow Plugs,482505505,1761498646,0
1761498646575208131,[0 0 0 0 0 0 0 0],7,264,[0. 0.],[0. 0.],Glow Plugs,574867583,1761498646,0
1761498646729477400,[0 0 0 0 0 0 0 0],7,264,[0. 0.],[0. 0.],Glow Plugs,729121812,1761498646,0
1761498646802114990,[0 0 0 0 0 0 0 0],7,264,[0. 0.],[0. 0.],Glow Plugs,801820971,1761498646,0
1761498646884161426,[0 0 0 0 0 0 0 0],7,264,[0. 0.],[0. 0.],Glow Plugs,883963184,1761498646,0
1761498646976136844,[0 0 0 0 0 0 0 0],7,264,[0. 0.],[0. 0.],Glow Plugs,975958185,1761498646,0
1761498647089134322,[0 0 0 0 0 0 0 0],7,264,[0. 0.],[0. 0.],Glow Plugs,88884271,1761498647,0
1761498647171910549,[0 0 0 0 0 0 0 0],7,264,[0. 0.],[0. 0.],Glow Plugs,171441839,1761498647,0
1761498647284474642,[0 0 0 0 0 0 0 0],7,264,[0. 0.],[0. 0.],Glow Plugs,284235280,1761498647,0
1761498647376885350,[0 0 0 0 0 0 0 0],7,264,[0. 0.],[0. 0.],Glow Plugs,376658691,1761498647,0
1761498647489447139,[0 0 0 0 0 0 0 0],7,264,[0. 0.],[0. 0.],Glow Plugs,489241249,1761498647,0
1761498647581818838,[0 0 0 0 0 0 0 0],7,264,[0. 0.],[0. 0.],Glow Plugs,581415569,1761498647,0
1761498647726583787,[0 0 0 0 0 0 0 0],7,264,[0. 0.],[0. 0.],Glow Plugs,726303207,1761498647,0
1761498647798924340,[0 0 0 0 0 0 0 0],7,264,[0. 0.],[0. 0.],Glow Plugs,798684498,1761498647,0
1761498647891829197,[0 0 0 0 0 0 0 0],7,264,[0. 0.],[0. 0.],Glow Plugs,891357320,1761498647,0
1761498647983828284,[0 0 0 0 0 0 0 0],7,264,[0. 0.],[0. 0.],Glow Plugs,983328438,1761498647,0
1761498648085691251,[0 0 0 0 0 0 0 0],7,264,[0. 0.],[0. 0.],Glow Plugs,85425392,1761498648,0
1761498648178128700,[0 0 0 0 0 0 0 0],7,264,[0. 0.],[0. 0.],Glow Plugs,177670455,1761498648,0
1761498648290599979,[0 0 0 0 0 0 0 0],7,264,[0. 0.],[0. 0.],Glow Plugs,290373033,1761498648,0
1761498648383047540,[0 0 0 0 0 0 0 0],7,264,[0. 0.],[0. 0.],Glow Plugs,382694384,1761498648,0
1761498648495368673,[0 0 0 0 0 0 0 0],7,264,[0. 0.],[0. 0.],Glow Plugs,495081246,1761498648,0
1761498648577235568,[0 0 0 0 0 0 0 0],7,264,[0. 0.],[0. 0.],Glow Plugs,576958541,1761498648,0
1761498648730836569,[0 0 0 0 0 0 0 0],7,264,[0. 0.],[0. 0.],Glow Plugs,730556054,1761498648,0
1761498648804492106,[0 0 0 0 0 0 0 0],7,264,[0. 0.],[0. 0.],Glow Plugs,804239751,1761498648,0
1761498648896570446,[0 0 0 0 0 0 0 0],7,264,[0. 0.],[0. 0.],Glow Plugs,896194026,1761498648,0
1761498648978183706,[0 0 0 0 0 0 0 0],7,264,[0. 0.],[0. 0.],Glow Plugs,977872406,1761498648,0
1761498649090697472,[0 0 0 0 0 0 0 0],7,264,[0. 0.],[0. 0.],Glow Plugs,90433213,1761498649,0
1761498649182665560,[0 0 0 0 0 0 0 0],7,264,[0. 0.],[0. 0.],Glow Plugs,182313876,1761498649,0
1761498649295416061,[0 0 0 0 0 0 0 0],7,264,[0. 0.],[0. 0.],Glow Plugs,295130074,1761498649,0
1761498649387386678,[0 0 0 0 0 0 0 0],7,264,[0. 0.],[0. 0.],Glow Plugs,386926225,1761498649,0
1761498649489468161,[0 0 0 0 0 0 0 0],7,264,[0. 0.],[0. 0.],Glow Plugs,489002588,1761498649,0
1761498649580762450,[0 0 0 0 0 0 0 0],7,264,[0. 0.],[0. 0.],Glow Plugs,580618001,1761498649,0
1761498649734662829,[0 0 0 0 0 0 0 0],7,264,[0. 0.],[0. 0.],Glow Plugs,734394858,1761498649,0
1761498649806774083,[0 0 0 0 0 0 0 0],7,264,[0. 0.],[0. 0.],Glow Plugs,806425183,1761498649,0
1761498649898445400,[0 0 0 0 0 0 0 0],7,264,[0. 0.],[0. 0.],Glow Plugs,898233237,1761498649,0
1761498649990259566,[0 0 0 0 0 0 0 0],7,264,[0. 0.],[0. 0.],Glow Plugs,989978475,1761498649,0
1761498650092296655,[0 0 0 0 0 0 0 0],7,264,[0. 0.],[0. 0.],Glow Plugs,92051724,1761498650,0
1761498650184270013,[0 0 0 0 0 0 0 0],7,264,[0. 0.],[0. 0.],Glow Plugs,184035162,1761498650,0
1761498650296921716,[0 0 0 0 0 0 0 0],7,264,[0. 0.],[0. 0.],Glow Plugs,296639601,1761498650,0
1761498650388746912,[0 0 0 0 0 0 0 0],7,264,[0. 0.],[0. 0.],Glow Plugs,388548414,1761498650,0
1761498650501390871,[0 0 0 0 0 0 0 0],7,264,[0. 0.],[0. 0.],Glow Plugs,500819760,1761498650,0
1761498650582732525,[0 0 0 0 0 0 0 0],7,264,[0. 0.],[0. 0.],Glow Plugs,582493578,1761498650,0
1761498650736713526,[0 0 0 0 0 0 0 0],7,264,[0. 0.],[0. 0.],Glow Plugs,736187120,1761498650,0
1761498650808891652,[0 0 0 0 0 0 0 0],7,264,[0. 0.],[0. 0.],Glow Plugs,808621025,1761498650,0
1761498650900491246,[0 0 0 0 0 0 0 0],7,264,[0. 0.],[0. 0.],Glow Plugs,900335820,1761498650,0
1761498650992241529,[0 0 0 0 0 0 0 0],7,264,[0. 0.],[0. 0.],Glow Plugs,992069015,1761498650,0
1761498651094522097,[0 0 0 0 0 0 0 0],7,264,[0. 0.],[0. 0.],Glow Plugs,94278862,1761498651,0
1761498651186839928,[0 0 0 0 0 0 0 0],7,264,[0. 0.],[0. 0.],Glow Plugs,186475508,1761498651,0
1761498651301971741,[0 0 0 0 0 0 0 0],7,264,[0. 0.],[0. 0.],Glow Plugs,301705786,1761498651,0
1761498651393925792,[0 0 0 0 0 0 0 0],7,264,[0. 0.],[0. 0.],Glow Plugs,393660669,1761498651,0
1761498651496501274,[0 0 0 0 0 0 0 0],7,264,[0. 0.],[0. 0.],Glow Plugs,496237751,1761498651,0
1761498651589195525,[0 0 0 0 0 0 0 0],7,264,[0. 0.],[0. 0.],Glow Plugs,588843969,1761498651,0
1761498651743962661,[0 0 0 0 0 0 0 0],7,264,[0. 0.],[0. 0.],Glow Plugs,743689730,1761498651,0
1761498651816430063,[0 0 0 0 0 0 0 0],7,264,[0. 0.],[0. 0.],Glow Plugs,816241708,1761498651,0
1761498651898351649,[0 0 0 0 0 0 0 0],7,264,[0. 0.],[0. 0.],Glow Plugs,898095743,1761498651,0
1761498651990158275,[0 0 0 0 0 0 0 0],7,264,[0. 0.],[0. 0.],Glow Plugs,989838559,1761498651,0
1761498652102660576,[0 0 0 0 0 0 0 0],7,264,[0. 0.],[0. 0.],Glow Plugs,102421405,1761498652,0
1761498652194511991,[0 0 0 0 0 0 0 0],7,264,[0. 0.],[0. 0.],Glow Plugs,194303733,1761498652,0
1761498652307129748,[0 0 0 0 0 0 0 0],7,264,[0. 0.],[0. 0.],Glow Plugs,306848496,1761498652,0
1761498652388951356,[0 0 0 0 0 0 0 0],7,264,[0. 0.],[0. 0.],Glow Plugs,388758074,1761498652,0
1761498652501093779,[0 0 0 0 0 0 0 0],7,264,[0. 0.],[0. 0.],Glow Plugs,500878833,1761498652,0
1761498652592975851,[0 0 0 0 0 0 0 0],7,264,[0. 0.],[0. 0.],Glow Plugs,592682248,1761498652,0
1761498652746609581,[0 0 0 0 0 0 0 0],7,264,[0. 0.],[0. 0.],Glow Plugs,746349226,1761498652,0
1761498652819827510,[0 0 0 0 0 0 0 0],7,264,[0. 0.],[0. 0.],Glow Plugs,819076142,1761498652,0
1761498652901022264,[0 0 0 0 0 0 0 0],7,264,[0. 0.],[0. 0.],Glow Plugs,900751701,1761498652,0
1761498652992655212,[0 0 0 0 0 0 0 0],7,264,[0. 0.],[0. 0.],Glow Plugs,992450602,1761498652,0
1761498653105205405,[0 0 0 0 0 0 0 0],7,264,[0. 0.],[0. 0.],Glow Plugs,104978202,1761498653,0
1761498653196993097,[0 0 0 0 0 0 0 0],7,264,[0. 0.],[0. 0.],Glow Plugs,196731430,1761498653,0
1761498653309811163,[0 0 0 0 0 0 0 0],7,264,[0. 0.],[0. 0.],Glow Plugs,309457111,1761498653,0
1761498653401216067,[0 0 0 0 0 0 0 0],7,264,[0. 0.],[0. 0.],Glow Plugs,401021665,1761498653,0
1761498653503737380,[0 0 0 0 0 0 0 0],7,264,[0. 0.],[0. 0.],Glow Plugs,503283327,1761498653,0
1761498653595777139,[0 0 0 0 0 0 0 0],7,264,[0. 0.],[0. 0.],Glow Plugs,595251181,1761498653,0
1761498653749392739,[0 0 0 0 0 0 0 0],7,264,[0. 0.],[0. 0.],Glow Plugs,748780733,1761498653,0
1761498653821315478,[0 0 0 0 0 0 0 0],7,264,[0. 0.],[0. 0.],Glow Plugs,821148212,1761498653,0
1761498653903812637,[0 0 0 0 0 0 0 0],7,264,[0. 0.],[0. 0.],Glow Plugs,903304631,1761498653,0
1761498653995425223,[0 0 0 0 0 0 0 0],7,264,[0. 0.],[0. 0.],Glow Plugs,995155236,1761498653,0
1761498654107996458,[0 0 0 0 0 0 0 0],7,264,[0. 0.],[0. 0.],Glow Plugs,107502053,1761498654,0
1761498654199900397,[0 0 0 0 0 0 0 0],7,264,[0. 0.],[0. 0.],Glow Plugs,199683019,1761498654,0
1761498654312306190,[0 0 0 0 0 0 0 0],7,264,[0. 0.],[0. 0.],Glow Plugs,312115788,1761498654,0
1761498654404537621,[0 0 0 0 0 0 0 0],7,264,[0. 0.],[0. 0.],Glow Plugs,404378579,1761498654,0
1761498654506969066,[0 0 0 0 0 0 0 0],7,264,[0. 0.],[0. 0.],Glow Plugs,506734887,1761498654,0
1761498654599662389,[0 0 0 0 0 0 0 0],7,264,[0. 0.],[0. 0.],Glow Plugs,599339218,1761498654,0
1761498654753084754,[0 0 0 0 0 0 0 0],7,264,[0. 0.],[0. 0.],Glow Plugs,752801999,1761498654,0
1761498654824803802,[0 0 0 0 0 0 0 0],7,264,[0. 0.],[0. 0.],Glow Plugs,824646361,1761498654,0
1761498654906988756,[0 0 0 0 0 0 0 0],7,264,[0. 0.],[0. 0.],Glow Plugs,906579408,1761498654,0
1761498654998426290,[0 0 0 0 0 0 0 0],7,264,[0. 0.],[0. 0.],Glow Plugs,998204560,1761498654,0
1761498655110777286,[0 0 0 0 0 0 0 0],7,264,[0. 0.],[0. 0.],Glow Plugs,110544164,1761498655,0
1761498655205191706,[0 0 0 0 0 0 0 0],7,264,[0. 0.],[0. 0.],Glow Plugs,204905687,1761498655,0
1761498655317926194,[0 0 0 0 0 0 0 0],7,264,[0. 0.],[0. 0.],Glow Plugs,317338507,1761498655,0
1761498655399181912,[0 0 0 0 0 0 0 0],7,264,[0. 0.],[0. 0.],Glow Plugs,399019927,1761498655,0
1761498655511254281,[0 0 0 0 0 0 0 0],7,264,[0. 0.],[0. 0.],Glow Plugs,511059047,1761498655,0
1761498655603175010,[0 0 0 0 0 0 0 0],7,264,[0. 0.],[0. 0.],Glow Plugs,602981152,1761498655,0
1761498655756859024,[0 0 0 0 0 0 0 0],7,264,[0. 0.],[0. 0.],Glow Plugs,756653518,1761498655,0
1761498655829238584,[0 0 0 0 0 0 0 0],7,264,[0. 0.],[0. 0.],Glow Plugs,829049334,1761498655,0
1761498655911766220,[0 0 0 0 0 0 0 0],7,264,[0. 0.],[0. 0.],Glow Plugs,911414248,1761498655,0
1761498656003782438,[0 0 0 0 0 0 0 0],7,264,[0. 0.],[0. 0.],Glow Plugs,3520739,1761498656,0
1761498656116130701,[0 0 0 0 0 0 0 0],7,264,[0. 0.],[0. 0.],Glow Plugs,115891530,1761498656,0
1761498656207768857,[0 0 0 0 0 0 0 0],7,264,[0. 0.],[0. 0.],Glow Plugs,207441205,1761498656,0
1761498656320177312,[0 0 0 0 0 0 0 0],7,264,[0. 0.],[0. 0.],Glow Plugs,320010207,1761498656,0
1761498656402740748,[0 0 0 0 0 0 0 0],7,264,[0. 0.],[0. 0.],Glow Plugs,402414088,1761498656,0
1761498656515135891,[0 0 0 0 0 0 0 0],7,264,[0. 0.],[0. 0.],Glow Plugs,514830800,1761498656,0
1761498656607143043,[0 0 0 0 0 0 0 0],7,264,[0. 0.],[0. 0.],Glow Plugs,606907265,1761498656,0
1761498656760969986,[0 0 0 0 0 0 0 0],7,264,[0. 0.],[0. 0.],Glow Plugs,760723263,1761498656,0
1761498656833285377,[0 0 0 0 0 0 0 0],7,264,[0. 0.],[0. 0.],Glow Plugs,832758427,1761498656,0
1761498656914894882,[0 0 0 0 0 0 0 0],7,264,[0. 0.],[0. 0.],Glow Plugs,914624447,1761498656,0
1761498657006784688,[0 0 0 0 0 0 0 0],7,264,[0. 0.],[0. 0.],Glow Plugs,6424268,1761498657,0
1761498657118478340,[0 0 0 0 0 0 0 0],7,264,[0. 0.],[0. 0.],Glow Plugs,118316706,1761498657,0
1761498657210376520,[0 0 0 0 0 0 0 0],7,264,[0. 0.],[0. 0.],Glow Plugs,210196678,1761498657,0
1761498657323331177,[0 0 0 0 0 0 0 0],7,264,[0. 0.],[0. 0.],Glow Plugs,322980582,1761498657,0
1761498657414976939,[0 0 0 0 0 0 0 0],7,264,[0. 0.],[0. 0.],Glow Plugs,414631975,1761498657,0
1761498657516786039,[0 0 0 0 0 0 0 0],7,264,[0. 0.],[0. 0.],Glow Plugs,516621397,1761498657,0
1761498657608783100,[0 0 0 0 0 0 0 0],7,264,[0. 0.],[0. 0.],Glow Plugs,608578650,1761498657,0
1761498657762104997,[0 0 0 0 0 0 0 0],7,264,[0. 0.],[0. 0.],Glow Plugs,761749665,1761498657,0
1761498657833879030,[0 0 0 0 0 0 0 0],7,264,[0. 0.],[0. 0.],Glow Plugs,833669364,1761498657,0
1761498657925815099,[0 0 0 0 0 0 0 0],7,264,[0. 0.],[0. 0.],Glow Plugs,925555800,1761498657,0
1761498658007455251,[0 0 0 0 0 0 0 0],7,264,[0. 0.],[0. 0.],Glow Plugs,7244657,1761498658,0
1761498658119990819,[0 0 0 0 0 0 0 0],7,264,[0. 0.],[0. 0.],Glow Plugs,119401149,1761498658,0
1761498658211857373,[0 0 0 0 0 0 0 0],7,264,[0. 0.],[0. 0.],Glow Plugs,211556442,1761498658,0
1761498658325001940,[0 0 0 0 0 0 0 0],7,264,[0. 0.],[0. 0.],Glow Plugs,324813970,1761498658,0
1761498658416881774,[0 0 0 0 0 0 0 0],7,264,[0. 0.],[0. 0.],Glow Plugs,416675148,1761498658,0
1761498658519263957,[0 0 0 0 0 0 0 0],7,264,[0. 0.],[0. 0.],Glow Plugs,518820784,1761498658,0
1761498658611083342,[0 0 0 0 0 0 0 0],7,264,[0. 0.],[0. 0.],Glow Plugs,610817611,1761498658,0
1761498658765172238,[0 0 0 0 0 0 0 0],7,264,[0. 0.],[0. 0.],Glow Plugs,764629576,1761498658,0
1761498658836816438,[0 0 0 0 0 0 0 0],7,264,[0. 0.],[0. 0.],Glow Plugs,836536755,1761498658,0
1761498658928713072,[0 0 0 0 0 0 0 0],7,264,[0. 0.],[0. 0.],Glow Plugs,928407693,1761498658,0
1761498659010789891,[0 0 0 0 0 0 0 0],7,264,[0. 0.],[0. 0.],Glow Plugs,10238526,1761498659,0
1761498659122761858,[0 0 0 0 0 0 0 0],7,264,[0. 0.],[0. 0.],Glow Plugs,122293213,1761498659,0
1761498659214849044,[0 0 0 0 0 0 0 0],7,264,[0. 0.],[0. 0.],Glow Plugs,214584945,1761498659,0
1761498659327623323,[0 0 0 0 0 0 0 0],7,264,[0. 0.],[0. 0.],Glow Plugs,327054549,1761498659,0
1761498659419303689,[0 0 0 0 0 0 0 0],7,264,[0. 0.],[0. 0.],Glow Plugs,418971813,1761498659,0
1761498659531600906,[0 0 0 0 0 0 0 0],7,264,[0. 0.],[0. 0.],Glow Plugs,531276359,1761498659,0
1761498659613802775,[0 0 0 0 0 0 0 0],7,264,[0. 0.],[0. 0.],Glow Plugs,613290610,1761498659,0
1761498659768474572,[0 0 0 0 0 0 0 0],7,264,[0. 0.],[0. 0.],Glow Plugs,768100232,1761498659,0
1761498659840753555,[0 0 0 0 0 0 0 0],7,264,[0. 0.],[0. 0.],Glow Plugs,840383215,1761498659,0
1761498659932399200,[0 0 0 0 0 0 0 0],7,264,[0. 0.],[0. 0.],Glow Plugs,932205758,1761498659,0
1761498660014139655,[0 0 0 0 0 0 0 0],7,264,[0. 0.],[0. 0.],Glow Plugs,13839108,1761498660,0
1761498660126524158,[0 0 0 0 0 0 0 0],7,264,[0. 0.],[0. 0.],Glow Plugs,126288187,1761498660,0
1761498660218624646,[0 0 0 0 0 0 0 0],7,264,[0. 0.],[0. 0.],Glow Plugs,218350947,1761498660,0
1761498660332551020,[0 0 0 0 0 0 0 0],7,264,[0. 0.],[0. 0.],Glow Plugs,332252137,1761498660,0
1761498660424411890,[0 0 0 0 0 0 0 0],7,264,[0. 0.],[0. 0.],Glow Plugs,424117199,1761498660,0
1761498660526543712,[0 0 0 0 0 0 0 0],7,264,[0. 0.],[0. 0.],Glow Plugs,526268158,1761498660,0
1761498660618559464,[0 0 0 0 0 0 0 0],7,264,[0. 0.],[0. 0.],Glow Plugs,618362214,1761498660,0
1761498660772572998,[0 0 0 0 0 0 0 0],7,264,[0. 0.],[0. 0.],Glow Plugs,772218978,1761498660,0
1761498660844054012,[0 0 0 0 0 0 0 0],7,264,[0. 0.],[0. 0.],Glow Plugs,843879387,1761498660,0
1761498660935989923,[0 0 0 0 0 0 0 0],7,264,[0. 0.],[0. 0.],Glow Plugs,935817441,1761498660,0
1761498661017571455,[0 0 0 0 0 0 0 0],7,264,[0. 0.],[0. 0.],Glow Plugs,17398941,1761498661,0
1761498661130245036,[0 0 0 0 0 0 0 0],7,264,[0. 0.],[0. 0.],Glow Plugs,129899465,1761498661,0
1761498661222312362,[0 0 0 0 0 0 0 0],7,264,[0. 0.],[0. 0.],Glow Plugs,222040200,1761498661,0
1761498661335047929,[0 0 0 0 0 0 0 0],7,264,[0. 0.],[0. 0.],Glow Plugs,334743701,1761498661,0
1761498661427097751,[0 0 0 0 0 0 0 0],7,264,[0. 0.],[0. 0.],Glow Plugs,426744819,1761498661,0
1761498661529451836,[0 0 0 0 0 0 0 0],7,264,[0. 0.],[0. 0.],Glow Plugs,529171321,1761498661,0
1761498661621154967,[0 0 0 0 0 0 0 0],7,264,[0. 0.],[0. 0.],Glow Plugs,620982741,1761498661,0
1761498661775629033,[0 0 0 0 0 0 0 0],7,264,[0. 0.],[0. 0.],Glow Plugs,775166308,1761498661,0
1761498661847887359,[0 0 0 0 0 0 0 0],7,264,[0. 0.],[0. 0.],Glow Plugs,847354426,1761498661,0
1761498661939576282,[0 0 0 0 0 0 0 0],7,264,[0. 0.],[0. 0.],Glow Plugs,939250423,1761498661,0
1761498662021190477,[0 0 0 0 0 0 0 0],7,264,[0. 0.],[0. 0.],Glow Plugs,20990379,1761498662,0
1761498662134384148,[0 0 0 0 0 0 0 0],7,264,[0. 0.],[0. 0.],Glow Plugs,134162001,1761498662,0
1761498662227008846,[0 0 0 0 0 0 0 0],7,264,[0. 0.],[0. 0.],Glow Plugs,226749227,1761498662,0
1761498662339632431,[0 0 0 0 0 0 0 0],7,264,[0. 0.],[0. 0.],Glow Plugs,339158666,1761498662,0
1761498662431838628,[0 0 0 0 0 0 0 0],7,264,[0. 0.],[0. 0.],Glow Plugs,431276255,1761498662,0
1761498662533823675,[0 0 0 0 0 0 0 0],7,264,[0. 0.],[0. 0.],Glow Plugs,533485624,1761498662,0
1761498662625701358,[0 0 0 0 0 0 0 0],7,264,[0. 0.],[0. 0.],Glow Plugs,625465964,1761498662,0
1761498662780058126,[0 0 0 0 0 0 0 0],7,264,[0. 0.],[0. 0.],Glow Plugs,779796684,1761498662,0
1761498662852110812,[0 0 0 0 0 0 0 0],7,264,[0. 0.],[0. 0.],Glow Plugs,851753048,1761498662,0
1761498662933837801,[0 0 0 0 0 0 0 0],7,264,[0. 0.],[0. 0.],Glow Plugs,933568678,1761498662,0
1761498663025992412,[0 0 0 0 0 0 0 0],7,264,[0. 0.],[0. 0.],Glow Plugs,25620824,1761498663,0
1761498663138545712,[0 0 0 0 0 0 0 0],7,264,[0. 0.],[0. 0.],Glow Plugs,138264302,1761498663,0
1761498663230511034,[0 0 0 0 0 0 0 0],7,264,[0. 0.],[0. 0.],Glow Plugs,230185335,1761498663,0
1761498663344190586,[0 0 0 0 0 0 0 0],7,264,[0. 0.],[0. 0.],Glow Plugs,343982648,1761498663,0
1761498663426731270,[0 0 0 0 0 0 0 0],7,264,[0. 0.],[0. 0.],Glow Plugs,426441412,1761498663,0
1761498663539184826,[0 0 0 0 0 0 0 0],7,264,[0. 0.],[0. 0.],Glow Plugs,538927863,1761498663,0
1761498663631052643,[0 0 0 0 0 0 0 0],7,264,[0. 0.],[0. 0.],Glow Plugs,630713535,1761498663,0
1761498663784857485,[0 0 0 0 0 0 0 0],7,264,[0. 0.],[0. 0.],Glow Plugs,784585419,1761498663,0
1761498663857122901,[0 0 0 0 0 0 0 0],7,264,[0. 0.],[0. 0.],Glow Plugs,856824338,1761498663,0
1761498663939396959,[0 0 0 0 0 0 0 0],7,264,[0. 0.],[0. 0.],Glow Plugs,939114557,1761498663,0
1761498664031537544,[0 0 0 0 0 0 0 0],7,264,[0. 0.],[0. 0.],Glow Plugs,31194180,1761498664,0
1761498664143758797,[0 0 0 0 0 0 0 0],7,264,[0. 0.],[0. 0.],Glow Plugs,143455146,1761498664,0
1761498664235707661,[0 0 0 0 0 0 0 0],7,264,[0. 0.],[0. 0.],Glow Plugs,235508043,1761498664,0
1761498664339281534,[0 0 0 0 0 0 0 0],7,264,[0. 0.],[0. 0.],Glow Plugs,338839706,1761498664,0
1761498664431036284,[0 0 0 0 0 0 0 0],7,264,[0. 0.],[0. 0.],Glow Plugs,430707097,1761498664,0
1761498664543074784,[0 0 0 0 0 0 0 0],7,264,[0. 0.],[0. 0.],Glow Plugs,542848702,1761498664,0
1761498664635117025,[0 0 0 0 0 0 0 0],7,264,[0. 0.],[0. 0.],Glow Plugs,634780094,1761498664,0
1761498664788673657,[0 0 0 0 0 0 0 0],7,264,[0. 0.],[0. 0.],Glow Plugs,788455351,1761498664,0
1761498664861024378,[0 0 0 0 0 0 0 0],7,264,[0. 0.],[0. 0.],Glow Plugs,860666679,1761498664,0
1761498664943383933,[0 0 0 0 0 0 0 0],7,264,[0. 0.],[0. 0.],Glow Plugs,942949720,1761498664,0
1761498665035564540,[0 0 0 0 0 0 0 0],7,264,[0. 0.],[0. 0.],Glow Plugs,34871829,1761498665,0
1761498665147585043,[0 0 0 0 0 0 0 0],7,264,[0. 0.],[0. 0.],Glow Plugs,147317329,1761498665,0
1761498665239510442,[0 0 0 0 0 0 0 0],7,264,[0. 0.],[0. 0.],Glow Plugs,239237991,1761498665,0
1761498665342250440,[0 0 0 0 0 0 0 0],7,264,[0. 0.],[0. 0.],Glow Plugs,341927045,1761498665,0
1761498665434553282,[0 0 0 0 0 0 0 0],7,264,[0. 0.],[0. 0.],Glow Plugs,434232447,1761498665,0
1761498665546875933,[0 0 0 0 0 0 0 0],7,264,[0. 0.],[0. 0.],Glow Plugs,546544666,1761498665,0
1761498665639022677,[0 0 0 0 0 0 0 0],7,264,[0. 0.],[0. 0.],Glow Plugs,638608241,1761498665,0
1761498665795400409,[0 0 0 0 0 0 0 0],7,264,[0. 0.],[0. 0.],Glow Plugs,794972596,1761498665,0
1761498665867282445,[0 0 0 0 0 0 0 0],7,264,[0. 0.],[0. 0.],Glow Plugs,867076844,1761498665,0
1761498665949785193,[0 0 0 0 0 0 0 0],7,264,[0. 0.],[0. 0.],Glow Plugs,949433221,1761498665,0
1761498666042251744,[0 0 0 0 0 0 0 0],7,264,[0. 0.],[0. 0.],Glow Plugs,41719483,1761498666,0
1761498666144299854,[0 0 0 0 0 0 0 0],7,264,[0. 0.],[0. 0.],Glow Plugs,144127532,1761498666,0
1761498666236526781,[0 0 0 0 0 0 0 0],7,264,[0. 0.],[0. 0.],Glow Plugs,236331131,1761498666,0
1761498666349723797,[0 0 0 0 0 0 0 0],7,264,[0. 0.],[0. 0.],Glow Plugs,349447346,1761498666,0
1761498666442750828,[0 0 0 0 0 0 0 0],7,264,[0. 0.],[0. 0.],Glow Plugs,442386601,1761498666,0
1761498666555554592,[0 0 0 0 0 0 0 0],7,264,[0. 0.],[0. 0.],Glow Plugs,555010619,1761498666,0
1761498666637349548,[0 0 0 0 0 0 0 0],7,264,[0. 0.],[0. 0.],Glow Plugs,637045961,1761498666,0
1761498666792053039,[0 0 0 0 0 0 0 0],7,264,[0. 0.],[0. 0.],Glow Plugs,791766477,1761498666,0
1761498666863945469,[0 0 0 0 0 0 0 0],7,264,[0. 0.],[0. 0.],Glow Plugs,863733371,1761498666,0
1761498666956231725,[0 0 0 0 0 0 0 0],7,264,[0. 0.],[0. 0.],Glow Plugs,955863658,1761498666,0
1761498667038299960,[0 0 0 0 0 0 0 0],7,264,[0. 0.],[0. 0.],Glow Plugs,37860052,1761498667,0
1761498667150563484,[0 0 0 0 0 0 0 0],7,264,[0. 0.],[0. 0.],Glow Plugs,150239833,1761498667,0
1761498667242513823,[0 0 0 0 0 0 0 0],7,264,[0. 0.],[0. 0.],Glow Plugs,242187292,1761498667,0
1761498667354994181,[0 0 0 0 0 0 0 0],7,264,[0. 0.],[0. 0.],Glow Plugs,354698210,1761498667,0
1761498667447343980,[0 0 0 0 0 0 0 0],7,264,[0. 0.],[0. 0.],Glow Plugs,446734406,1761498667,0
1761498667548842794,[0 0 0 0 0 0 0 0],7,264,[0. 0.],[0. 0.],Glow Plugs,548657896,1761498667,0
1761498667640705100,[0 0 0 0 0 0 0 0],7,264,[0. 0.],[0. 0.],Glow Plugs,640410410,1761498667,0
1761498667794787290,[0 0 0 0 0 0 0 0],7,264,[0. 0.],[0. 0.],Glow Plugs,794456503,1761498667,0
1761498667866927523,[0 0 0 0 0 0 0 0],7,264,[0. 0.],[0. 0.],Glow Plugs,866666240,1761498667,0
1761498667959563373,[0 0 0 0 0 0 0 0],7,264,[0. 0.],[0. 0.],Glow Plugs,959165833,1761498667,0
1761498668041040906,[0 0 0 0 0 0 0 0],7,264,[0. 0.],[0. 0.],Glow Plugs,40849768,1761498668,0
1761498668153703974,[0 0 0 0 0 0 0 0],7,264,[0. 0.],[0. 0.],Glow Plugs,153288226,1761498668,0
1761498668245584191,[0 0 0 0 0 0 0 0],7,264,[0. 0.],[0. 0.],Glow Plugs,245325405,1761498668,0
1761498668358465981,[0 0 0 0 0 0 0 0],7,264,[0. 0.],[0. 0.],Glow Plugs,358130554,1761498668,0
1761498668450505688,[0 0 0 0 0 0 0 0],7,264,[0. 0.],[0. 0.],Glow Plugs,450213141,1761498668,0
1761498668552623089,[0 0 0 0 0 0 0 0],7,264,[0. 0.],[0. 0.],Glow Plugs,552418479,1761498668,0
1761498668644727341,[0 0 0 0 0 0 0 0],7,264,[0. 0.],[0. 0.],Glow Plugs,644500107,1761498668,0
1761498668798706922,[0 0 0 0 0 0 0 0],7,264,[0. 0.],[0. 0.],Glow Plugs,798389511,1761498668,0
1761498668870536105,[0 0 0 0 0 0 0 0],7,264,[0. 0.],[0. 0.],Glow Plugs,870266406,1761498668,0
1761498668962750629,[0 0 0 0 0 0 0 0],7,264,[0. 0.],[0. 0.],Glow Plugs,962393698,1761498668,0
1761498669044223674,[0 0 0 0 0 0 0 0],7,264,[0. 0.],[0. 0.],Glow Plugs,44050424,1761498669,0
1761498669156693480,[0 0 0 0 0 0 0 0],7,264,[0. 0.],[0. 0.],Glow Plugs,156397350,1761498669,0
1761498669248729946,[0 0 0 0 0 0 0 0],7,264,[0. 0.],[0. 0.],Glow Plugs,248440247,1761498669,0
1761498669361020167,[0 0 0 0 0 0 0 0],7,264,[0. 0.],[0. 0.],Glow Plugs,360720964,1761498669,0
1761498669453352188,[0 0 0 0 0 0 0 0],7,264,[0. 0.],[0. 0.],Glow Plugs,453129913,1761498669,0
1761498669555442282,[0 0 0 0 0 0 0 0],7,264,[0. 0.],[0. 0.],Glow Plugs,555195432,1761498669,0
1761498669647721982,[0 0 0 0 0 0 0 0],7,264,[0. 0.],[0. 0.],Glow Plugs,647244506,1761498669,0
1761498669801327721,[0 0 0 0 0 0 0 0],7,264,[0. 0.],[0. 0.],Glow Plugs,801069798,1761498669,0
1761498669873477219,[0 0 0 0 0 0 0 0],7,264,[0. 0.],[0. 0.],Glow Plugs,873271265,1761498669,0
1761498669965435860,[0 0 0 0 0 0 0 0],7,264,[0. 0.],[0. 0.],Glow Plugs,965224850,1761498669,0
1761498670047576806,[0 0 0 0 0 0 0 0],7,264,[0. 0.],[0. 0.],Glow Plugs,46971425,1761498670,0
1761498670159423844,[0 0 0 0 0 0 0 0],7,264,[0. 0.],[0. 0.],Glow Plugs,159130177,1761498670,0
1761498670251265579,[0 0 0 0 0 0 0 0],7,264,[0. 0.],[0. 0.],Glow Plugs,250950728,1761498670,0
1761498670363730126,[0 0 0 0 0 0 0 0],7,264,[0. 0.],[0. 0.],Glow Plugs,363197097,1761498670,0
1761498670456323580,[0 0 0 0 0 0 0 0],7,264,[0. 0.],[0. 0.],Glow Plugs,455429779,1761498670,0
1761498670568223290,[0 0 0 0 0 0 0 0],7,264,[0. 0.],[0. 0.],Glow Plugs,567985944,1761498670,0
1761498670650216039,[0 0 0 0 0 0 0 0],7,264,[0. 0.],[0. 0.],Glow Plugs,649943268,1761498670,0
1761498670804110340,[0 0 0 0 0 0 0 0],7,264,[0. 0.],[0. 0.],Glow Plugs,803839106,1761498670,0
1761498670875998805,[0 0 0 0 0 0 0 0],7,264,[0. 0.],[0. 0.],Glow Plugs,875802195,1761498670,0
1761498670968313760,[0 0 0 0 0 0 0 0],7,264,[0. 0.],[0. 0.],Glow Plugs,967944413,1761498670,0
1761498671060112673,[0 0 0 0 0 0 0 0],7,264,[0. 0.],[0. 0.],Glow Plugs,59849279,1761498671,0
1761498671162926178,[0 0 0 0 0 0 0 0],7,264,[0. 0.],[0. 0.],Glow Plugs,162400989,1761498671,0
1761498671254590270,[0 0 0 0 0 0 0 0],7,264,[0. 0.],[0. 0.],Glow Plugs,254317468,1761498671,0
1761498671366886933,[0 0 0 0 0 0 0 0],7,264,[0. 0.],[0. 0.],Glow Plugs,366623283,1761498671,0
1761498671459056150,[0 0 0 0 0 0 0 0],7,264,[0. 0.],[0. 0.],Glow Plugs,458729427,1761498671,0
1761498671571294956,[0 0 0 0 0 0 0 0],7,264,[0. 0.],[0. 0.],Glow Plugs,570994185,1761498671,0
1761498671653394770,[0 0 0 0 0 0 0 0],7,264,[0. 0.],[0. 0.],Glow Plugs,653148143,1761498671,0
1761498671807879749,[0 0 0 0 0 0 0 0],7,264,[0. 0.],[0. 0.],Glow Plugs,807572739,1761498671,0
1761498671880225395,[0 0 0 0 0 0 0 0],7,264,[0. 0.],[0. 0.],Glow Plugs,879984241,1761498671,0
1761498671972310003,[0 0 0 0 0 0 0 0],7,264,[0. 0.],[0. 0.],Glow Plugs,972060625,1761498671,0
1761498672054204018,[0 0 0 0 0 0 0 0],7,264,[0. 0.],[0. 0.],Glow Plugs,53884751,1761498672,0
1761498672166536638,[0 0 0 0 0 0 0 0],7,264,[0. 0.],[0. 0.],Glow Plugs,166137851,1761498672,0
1761498672259091641,[0 0 0 0 0 0 0 0],7,264,[0. 0.],[0. 0.],Glow Plugs,258506452,1761498672,0
1761498672371632743,[0 0 0 0 0 0 0 0],7,264,[0. 0.],[0. 0.],Glow Plugs,371322532,1761498672,0
1761498672463871679,[0 0 0 0 0 0 0 0],7,264,[0. 0.],[0. 0.],Glow Plugs,463690622,1761498672,0
1761498672567803840,[0 0 0 0 0 0 0 0],7,264,[0. 0.],[0. 0.],Glow Plugs,566870680,1761498672,0
1761498672660314203,[0 0 0 0 0 0 0 0],7,264,[0. 0.],[0. 0.],Glow Plugs,660112377,1761498672,0
1761498672815994090,[0 0 0 0 0 0 0 0],7,264,[0. 0.],[0. 0.],Glow Plugs,815407685,1761498672,0
1761498672887984750,[0 0 0 0 0 0 0 0],7,264,[0. 0.],[0. 0.],Glow Plugs,887652107,1761498672,0
1761498672970097708,[0 0 0 0 0 0 0 0],7,264,[0. 0.],[0. 0.],Glow Plugs,969787561,1761498672,0
1761498673062062108,[0 0 0 0 0 0 0 0],7,264,[0. 0.],[0. 0.],Glow Plugs,61598936,1761498673,0
1761498673174958434,[0 0 0 0 0 0 0 0],7,264,[0. 0.],[0. 0.],Glow Plugs,174659199,1761498673,0
1761498673267660949,[0 0 0 0 0 0 0 0],7,264,[0. 0.],[0. 0.],Glow Plugs,267192209,1761498673,0
1761498673370053727,[0 0 0 0 0 0 0 0],7,264,[0. 0.],[0. 0.],Glow Plugs,369590778,1761498673,0
1761498673462299918,[0 0 0 0 0 0 0 0],7,264,[0. 0.],[0. 0.],Glow Plugs,462006411,1761498673,0
1761498673575350997,[0 0 0 0 0 0 0 0],7,264,[0. 0.],[0. 0.],Glow Plugs,574775600,1761498673,0
1761498673667541604,[0 0 0 0 0 0 0 0],7,264,[0. 0.],[0. 0.],Glow Plugs,667109088,1761498673,0
1761498673812236451,[0 0 0 0 0 0 0 0],7,264,[0. 0.],[0. 0.],Glow Plugs,811587774,1761498673,0
1761498673883820956,[0 0 0 0 0 0 0 0],7,264,[0. 0.],[0. 0.],Glow Plugs,883521082,1761498673,0
1761498673976283950,[0 0 0 0 0 0 0 0],7,264,[0. 0.],[0. 0.],Glow Plugs,976010731,1761498673,0
1761498674068435830,[0 0 0 0 0 0 0 0],7,264,[0. 0.],[0. 0.],Glow Plugs,68115763,1761498674,0
1761498674181143471,[0 0 0 0 0 0 0 0],7,264,[0. 0.],[0. 0.],Glow Plugs,180819533,1761498674,0
1761498674263089660,[0 0 0 0 0 0 0 0],7,264,[0. 0.],[0. 0.],Glow Plugs,262826362,1761498674,0
1761498674375757141,[0 0 0 0 0 0 0 0],7,264,[0. 0.],[0. 0.],Glow Plugs,375501875,1761498674,0
1761498674468382111,[0 0 0 0 0 0 0 0],7,264,[0. 0.],[0. 0.],Glow Plugs,467890555,1761498674,0
1761498674580824150,[0 0 0 0 0 0 0 0],7,264,[0. 0.],[0. 0.],Glow Plugs,580372594,1761498674,0
1761498674663571113,[0 0 0 0 0 0 0 0],7,264,[0. 0.],[0. 0.],Glow Plugs,662932068,1761498674,0
1761498674817566892,[0 0 0 0 0 0 0 0],7,264,[0. 0.],[0. 0.],Glow Plugs,817306218,1761498674,0
1761498674890300136,[0 0 0 0 0 0 0 0],7,264,[0. 0.],[0. 0.],Glow Plugs,889815044,1761498674,0
1761498674982767312,[0 0 0 0 0 0 0 0],7,264,[0. 0.],[0. 0.],Glow Plugs,982266604,1761498674,0
1761498675064412244,[0 0 0 0 0 0 0 0],7,264,[0. 0.],[0. 0.],Glow Plugs,64217651,1761498675,0
1761498675177141635,[0 0 0 0 0 0 0 0],7,264,[0. 0.],[0. 0.],Glow Plugs,176865729,1761498675,0
1761498675269446657,[0 0 0 0 0 0 0 0],7,264,[0. 0.],[0. 0.],Glow Plugs,269080574,1761498675,0
1761498675382191504,[0 0 0 0 0 0 0 0],7,264,[0. 0.],[0. 0.],Glow Plugs,381796877,1761498675,0
1761498675474626896,[0 0 0 0 0 0 0 0],7,264,[0. 0.],[0. 0.],Glow Plugs,474292461,1761498675,0
1761498675576960901,[0 0 0 0 0 0 0 0],7,264,[0. 0.],[0. 0.],Glow Plugs,576738691,1761498675,0
1761498675669328163,[0 0 0 0 0 0 0 0],7,264,[0. 0.],[0. 0.],Glow Plugs,669054017,1761498675,0
1761498675823337047,[0 0 0 0 0 0 0 0],7,264,[0. 0.],[0. 0.],Glow Plugs,822860691,1761498675,0
1761498675895233061,[0 0 0 0 0 0 0 0],7,264,[0. 0.],[0. 0.],Glow Plugs,894798849,1761498675,0
1761498675976798470,[0 0 0 0 0 0 0 0],7,264,[0. 0.],[0. 0.],Glow Plugs,976522980,1761498675,0
1761498676068671803,[0 0 0 0 0 0 0 0],7,264,[0. 0.],[0. 0.],Glow Plugs,68447929,1761498676,0
1761498676180590584,[0 0 0 0 0 0 0 0],7,264,[0. 0.],[0. 0.],Glow Plugs,180375222,1761498676,0
1761498676272783340,[0 0 0 0 0 0 0 0],7,264,[0. 0.],[0. 0.],Glow Plugs,272559018,1761498676,0
1761498676384829642,[0 0 0 0 0 0 0 0],7,264,[0. 0.],[0. 0.],Glow Plugs,384689865,1761498676,0
1761498676476547323,[0 0 0 0 0 0 0 0],7,264,[0. 0.],[0. 0.],Glow Plugs,476414490,1761498676,0
1761498676579076104,[0 0 0 0 0 0 0 0],7,264,[0. 0.],[0. 0.],Glow Plugs,578790597,1761498676,0
1761498676671362205,[0 0 0 0 0 0 0 0],7,264,[0. 0.],[0. 0.],Glow Plugs,670998586,1761498676,0
1761498676825167616,[0 0 0 0 0 0 0 0],7,264,[0. 0.],[0. 0.],Glow Plugs,824922558,1761498676,0
1761498676896876294,[0 0 0 0 0 0 0 0],7,264,[0. 0.],[0. 0.],Glow Plugs,896711204,1761498676,0
1761498676989199643,[0 0 0 0 0 0 0 0],7,264,[0. 0.],[0. 0.],Glow Plugs,988968089,1761498676,0
1761498677071189970,[0 0 0 0 0 0 0 0],7,264,[0. 0.],[0. 0.],Glow Plugs,70855567,1761498677,0
1761498677183721354,[0 0 0 0 0 0 0 0],7,264,[0. 0.],[0. 0.],Glow Plugs,183417607,1761498677,0
1761498677276110583,[0 0 0 0 0 0 0 0],7,264,[0. 0.],[0. 0.],Glow Plugs,275862901,1761498677,0
1761498677388794225,[0 0 0 0 0 0 0 0],7,264,[0. 0.],[0. 0.],Glow Plugs,388569647,1761498677,0
1761498677480720666,[0 0 0 0 0 0 0 0],7,264,[0. 0.],[0. 0.],Glow Plugs,480503320,1761498677,0
1761498677583306942,[0 0 0 0 0 0 0 0],7,264,[0. 0.],[0. 0.],Glow Plugs,582959931,1761498677,0
1761498677676161871,[0 0 0 0 0 0 0 0],7,264,[0. 0.],[0. 0.],Glow Plugs,675909581,1761498677,0
1761498677830140166,[0 0 0 0 0 0 0 0],7,264,[0. 0.],[0. 0.],Glow Plugs,829814115,1761498677,0
1761498677902017702,[0 0 0 0 0 0 0 0],7,264,[0. 0.],[0. 0.],Glow Plugs,901721923,1761498677,0
1761498677983760953,[0 0 0 0 0 0 0 0],7,264,[0. 0.],[0. 0.],Glow Plugs,983553271,1761498677,0
1761498678075672188,[0 0 0 0 0 0 0 0],7,264,[0. 0.],[0. 0.],Glow Plugs,75424058,1761498678,0
1761498678188994320,[0 0 0 0 0 0 0 0],7,264,[0. 0.],[0. 0.],Glow Plugs,188595660,1761498678,0
1761498678281800056,[0 0 0 0 0 0 0 0],7,264,[0. 0.],[0. 0.],Glow Plugs,281279507,1761498678,0
1761498678393350973,[0 0 0 0 0 0 0 0],7,264,[0. 0.],[0. 0.],Glow Plugs,393188636,1761498678,0
1761498678475395307,[0 0 0 0 0 0 0 0],7,264,[0. 0.],[0. 0.],Glow Plugs,475100873,1761498678,0
1761498678587791895,[0 0 0 0 0 0 0 0],7,264,[0. 0.],[0. 0.],Glow Plugs,587315379,1761498678,0
1761498678679864121,[0 0 0 0 0 0 0 0],7,264,[0. 0.],[0. 0.],Glow Plugs,679287829,1761498678,0
1761498678833706144,[0 0 0 0 0 0 0 0],7,264,[0. 0.],[0. 0.],Glow Plugs,833478910,1761498678,0
1761498678905515033,[0 0 0 0 0 0 0 0],7,264,[0. 0.],[0. 0.],Glow Plugs,905333975,1761498678,0
1761498678987768073,[0 0 0 0 0 0 0 0],7,264,[0. 0.],[0. 0.],Glow Plugs,987260037,1761498678,0
1761498679079029821,[0 0 0 0 0 0 0 0],7,264,[0. 0.],[0. 0.],Glow Plugs,78833340,1761498679,0
1761498679191423871,[0 0 0 0 0 0 0 0],7,264,[0. 0.],[0. 0.],Glow Plugs,191169021,1761498679,0
1761498679283782459,[0 0 0 0 0 0 0 0],7,264,[0. 0.],[0. 0.],Glow Plugs,283389784,1761498679,0
1761498679395969435,[0 0 0 0 0 0 0 0],7,264,[0. 0.],[0. 0.],Glow Plugs,395724121,1761498679,0
1761498679487974548,[0 0 0 0 0 0 0 0],7,264,[0. 0.],[0. 0.],Glow Plugs,487673682,1761498679,0
1761498679590201762,[0 0 0 0 0 0 0 0],7,264,[0. 0.],[0. 0.],Glow Plugs,589882367,1761498679,0
1761498679682175098,[0 0 0 0 0 0 0 0],7,264,[0. 0.],[0. 0.],Glow Plugs,681896024,1761498679,0
1761498679836326102,[0 0 0 0 0 0 0 0],7,264,[0. 0.],[0. 0.],Glow Plugs,836061875,1761498679,0
1761498679908468074,[0 0 0 0 0 0 0 0],7,264,[0. 0.],[0. 0.],Glow Plugs,908057223,1761498679,0
1761498679990509649,[0 0 0 0 0 0 0 0],7,264,[0. 0.],[0. 0.],Glow Plugs,990032461,1761498679,0
1761498680081968286,[0 0 0 0 0 0 0 0],7,264,[0. 0.],[0. 0.],Glow Plugs,81537371,1761498680,0
1761498680194221204,[0 0 0 0 0 0 0 0],7,264,[0. 0.],[0. 0.],Glow Plugs,193880338,1761498680,0
1761498680286243077,[0 0 0 0 0 0 0 0],7,264,[0. 0.],[0. 0.],Glow Plugs,286024067,1761498680,0
1761498680398691261,[0 0 0 0 0 0 0 0],7,264,[0. 0.],[0. 0.],Glow Plugs,398371290,1761498680,0
1761498680490640717,[0 0 0 0 0 0 0 0],7,264,[0. 0.],[0. 0.],Glow Plugs,490320555,1761498680,0
1761498680592757072,[0 0 0 0 0 0 0 0],7,264,[0. 0.],[0. 0.],Glow Plugs,592584207,1761498680,0
1761498680684955907,[0 0 0 0 0 0 0 0],7,264,[0. 0.],[0. 0.],Glow Plugs,684709025,1761498680,0
1761498680839611956,[0 0 0 0 0 0 0 0],7,264,[0. 0.],[0. 0.],Glow Plugs,839290129,1761498680,0
1761498680911325054,[0 0 0 0 0 0 0 0],7,264,[0. 0.],[0. 0.],Glow Plugs,911074748,1761498680,0
1761498681003318639,[0 0 0 0 0 0 0 0],7,264,[0. 0.],[0. 0.],Glow Plugs,3067981,1761498681,0
1761498681084776066,[0 0 0 0 0 0 0 0],7,264,[0. 0.],[0. 0.],Glow Plugs,84546624,1761498681,0
1761498681197023981,[0 0 0 0 0 0 0 0],7,264,[0. 0.],[0. 0.],Glow Plugs,196769483,1761498681,0
1761498681289719131,[0 0 0 0 0 0 0 0],7,264,[0. 0.],[0. 0.],Glow Plugs,289459641,1761498681,0
1761498681402212041,[0 0 0 0 0 0 0 0],7,264,[0. 0.],[0. 0.],Glow Plugs,401942311,1761498681,0
1761498681494314162,[0 0 0 0 0 0 0 0],7,264,[0. 0.],[0. 0.],Glow Plugs,494042352,1761498681,0
1761498681596254027,[0 0 0 0 0 0 0 0],7,264,[0. 0.],[0. 0.],Glow Plugs,596068169,1761498681,0
1761498681688179954,[0 0 0 0 0 0 0 0],7,264,[0. 0.],[0. 0.],Glow Plugs,687937104,1761498681,0
1761498681842077295,[0 0 0 0 0 0 0 0],7,264,[0. 0.],[0. 0.],Glow Plugs,841822893,1761498681,0
1761498681914065973,[0 0 0 0 0 0 0 0],7,264,[0. 0.],[0. 0.],Glow Plugs,913803539,1761498681,0
1761498682006321343,[0 0 0 0 0 0 0 0],7,264,[0. 0.],[0. 0.],Glow Plugs,6036765,1761498682,0
1761498682087883627,[0 0 0 0 0 0 0 0],7,264,[0. 0.],[0. 0.],Glow Plugs,87555881,1761498682,0
1761498682199996844,[0 0 0 0 0 0 0 0],7,264,[0. 0.],[0. 0.],Glow Plugs,199783690,1761498682,0
1761498682292174477,[0 0 0 0 0 0 0 0],7,264,[0. 0.],[0. 0.],Glow Plugs,291819530,1761498682,0
1761498682404374287,[0 0 0 0 0 0 0 0],7,264,[0. 0.],[0. 0.],Glow Plugs,404152397,1761498682,0
1761498682496389614,[0 0 0 0 0 0 0 0],7,264,[0. 0.],[0. 0.],Glow Plugs,496181613,1761498682,0
1761498682599032771,[0 0 0 0 0 0 0 0],7,264,[0. 0.],[0. 0.],Glow Plugs,598581248,1761498682,0
1761498682690733057,[0 0 0 0 0 0 0 0],7,264,[0. 0.],[0. 0.],Glow Plugs,690440382,1761498682,0
1761498682845277301,[0 0 0 0 0 0 0 0],7,264,[0. 0.],[0. 0.],Glow Plugs,844930578,1761498682,0
1761498682917679672,[0 0 0 0 0 0 0 0],7,264,[0. 0.],[0. 0.],Glow Plugs,917443094,1761498682,0
1761498683009801144,[0 0 0 0 0 0 0 0],7,264,[0. 0.],[0. 0.],Glow Plugs,9504342,1761498683,0
1761498683091404701,[0 0 0 0 0 0 0 0],7,264,[0. 0.],[0. 0.],Glow Plugs,91246780,1761498683,0
1761498683203874327,[0 0 0 0 0 0 0 0],7,264,[0. 0.],[0. 0.],Glow Plugs,203557236,1761498683,0
1761498683295953135,[0 0 0 0 0 0 0 0],7,264,[0. 0.],[0. 0.],Glow Plugs,295768141,1761498683,0
1761498683408670730,[0 0 0 0 0 0 0 0],7,264,[0. 0.],[0. 0.],Glow Plugs,408197222,1761498683,0
1761498683500211358,[0 0 0 0 0 0 0 0],7,264,[0. 0.],[0. 0.],Glow Plugs,499968572,1761498683,0
1761498683602463975,[0 0 0 0 0 0 0 0],7,264,[0. 0.],[0. 0.],Glow Plugs,602184228,1761498683,0
1761498683694608511,[0 0 0 0 0 0 0 0],7,264,[0. 0.],[0. 0.],Glow Plugs,694322941,1761498683,0
1761498683848574849,[0 0 0 0 0 0 0 0],7,264,[0. 0.],[0. 0.],Glow Plugs,848309279,1761498683,0
1761498683920602586,[0 0 0 0 0 0 0 0],7,264,[0. 0.],[0. 0.],Glow Plugs,920357208,1761498683,0
1761498684012716434,[0 0 0 0 0 0 0 0],7,264,[0. 0.],[0. 0.],Glow Plugs,12269742,1761498684,0
1761498684094456177,[0 0 0 0 0 0 0 0],7,264,[0. 0.],[0. 0.],Glow Plugs,94161039,1761498684,0
1761498684206890688,[0 0 0 0 0 0 0 0],7,264,[0. 0.],[0. 0.],Glow Plugs,206551485,1761498684,0
1761498684299240434,[0 0 0 0 0 0 0 0],7,264,[0. 0.],[0. 0.],Glow Plugs,298922832,1761498684,0
1761498684411584192,[0 0 0 0 0 0 0 0],7,264,[0. 0.],[0. 0.],Glow Plugs,411228606,1761498684,0
1761498684503316174,[0 0 0 0 0 0 0 0],7,264,[0. 0.],[0. 0.],Glow Plugs,503018699,1761498684,0
1761498684605606061,[0 0 0 0 0 0 0 0],7,264,[0. 0.],[0. 0.],Glow Plugs,605338795,1761498684,0
1761498684697367035,[0 0 0 0 0 0 0 0],7,264,[0. 0.],[0. 0.],Glow Plugs,697134521,1761498684,0
1761498684851871187,[0 0 0 0 0 0 0 0],7,264,[0. 0.],[0. 0.],Glow Plugs,851507568,1761498684,0
1761498684924351177,[0 0 0 0 0 0 0 0],7,264,[0. 0.],[0. 0.],Glow Plugs,923892518,1761498684,0
1761498685016228375,[0 0 0 0 0 0 0 0],7,264,[0. 0.],[0. 0.],Glow Plugs,15986613,1761498685,0
1761498685098538003,[0 0 0 0 0 0 0 0],7,264,[0. 0.],[0. 0.],Glow Plugs,97878254,1761498685,0
1761498685210991800,[0 0 0 0 0 0 0 0],7,264,[0. 0.],[0. 0.],Glow Plugs,210508532,1761498685,0
1761498685302785502,[0 0 0 0 0 0 0 0],7,264,[0. 0.],[0. 0.],Glow Plugs,302468059,1761498685,0
1761498685415578790,[0 0 0 0 0 0 0 0],7,264,[0. 0.],[0. 0.],Glow Plugs,415203331,1761498685,0
1761498685507767534,[0 0 0 0 0 0 0 0],7,264,[0. 0.],[0. 0.],Glow Plugs,507528140,1761498685,0
1761498685610231654,[0 0 0 0 0 0 0 0],7,264,[0. 0.],[0. 0.],Glow Plugs,609936644,1761498685,0
1761498685702306350,[0 0 0 0 0 0 0 0],7,264,[0. 0.],[0. 0.],Glow Plugs,701981707,1761498685,0
1761498685856587126,[0 0 0 0 0 0 0 0],7,264,[0. 0.],[0. 0.],Glow Plugs,856267188,1761498685,0
1761498685929166824,[0 0 0 0 0 0 0 0],7,264,[0. 0.],[0. 0.],Glow Plugs,928848965,1761498685,0
1761498686011258337,[0 0 0 0 0 0 0 0],7,264,[0. 0.],[0. 0.],Glow Plugs,10913407,1761498686,0
1761498686103268161,[0 0 0 0 0 0 0 0],7,264,[0. 0.],[0. 0.],Glow Plugs,102790973,1761498686,0
1761498686215343449,[0 0 0 0 0 0 0 0],7,264,[0. 0.],[0. 0.],Glow Plugs,215028951,1761498686,0
1761498686307622106,[0 0 0 0 0 0 0 0],7,264,[0. 0.],[0. 0.],Glow Plugs,307187127,1761498686,0
1761498686420030965,[0 0 0 0 0 0 0 0],7,264,[0. 0.],[0. 0.],Glow Plugs,419810996,1761498686,0
1761498686502273994,[0 0 0 0 0 0 0 0],7,264,[0. 0.],[0. 0.],Glow Plugs,501938663,1761498686,0
1761498686614920231,[0 0 0 0 0 0 0 0],7,264,[0. 0.],[0. 0.],Glow Plugs,614277154,1761498686,0
1761498686706742212,[0 0 0 0 0 0 0 0],7,264,[0. 0.],[0. 0.],Glow Plugs,706501410,1761498686,0
1761498686861853382,[0 0 0 0 0 0 0 0],7,264,[0. 0.],[0. 0.],Glow Plugs,861393602,1761498686,0
1761498686934197550,[0 0 0 0 0 0 0 0],7,264,[0. 0.],[0. 0.],Glow Plugs,933906380,1761498686,0
1761498687016016383,[0 0 0 0 0 0 0 0],7,264,[0. 0.],[0. 0.],Glow Plugs,15778813,1761498687,0
1761498687108099190,[0 0 0 0 0 0 0 0],7,264,[0. 0.],[0. 0.],Glow Plugs,107773940,1761498687,0
1761498687220126789,[0 0 0 0 0 0 0 0],7,264,[0. 0.],[0. 0.],Glow Plugs,219940579,1761498687,0
1761498687312231996,[0 0 0 0 0 0 0 0],7,264,[0. 0.],[0. 0.],Glow Plugs,312012571,1761498687,0
1761498687425010801,[0 0 0 0 0 0 0 0],7,264,[0. 0.],[0. 0.],Glow Plugs,424733742,1761498687,0
1761498687506892763,[0 0 0 0 0 0 0 0],7,264,[0. 0.],[0. 0.],Glow Plugs,506606105,1761498687,0
1761498687619156875,[0 0 0 0 0 0 0 0],7,264,[0. 0.],[0. 0.],Glow Plugs,618870057,1761498687,0
1761498687711386148,[0 0 0 0 0 0 0 0],7,264,[0. 0.],[0. 0.],Glow Plugs,710932065,1761498687,0
1761498687865637905,[0 0 0 0 0 0 0 0],7,264,[0. 0.],[0. 0.],Glow Plugs,865269647,1761498687,0
1761498687937365935,[0 0 0 0 0 0 0 0],7,264,[0. 0.],[0. 0.],Glow Plugs,937167118,1761498687,0
1761498688019294841,[0 0 0 0 0 0 0 0],7,264,[0. 0.],[0. 0.],Glow Plugs,19115543,1761498688,0
1761498688111288008,[0 0 0 0 0 0 0 0],7,264,[0. 0.],[0. 0.],Glow Plugs,110985254,1761498688,0
1761498688223537038,[0 0 0 0 0 0 0 0],7,264,[0. 0.],[0. 0.],Glow Plugs,223209964,1761498688,0
1761498688315457917,[0 0 0 0 0 0 0 0],7,264,[0. 0.],[0. 0.],Glow Plugs,315211259,1761498688,0
1761498688427883684,[0 0 0 0 0 0 0 0],7,264,[0. 0.],[0. 0.],Glow Plugs,427599746,1761498688,0
1761498688509508614,[0 0 0 0 0 0 0 0],7,264,[0. 0.],[0. 0.],Glow Plugs,509363045,1761498688,0
1761498688621916653,[0 0 0 0 0 0 0 0],7,264,[0. 0.],[0. 0.],Glow Plugs,621492522,1761498688,0
1761498688713768155,[0 0 0 0 0 0 0 0],7,264,[0. 0.],[0. 0.],Glow Plugs,713402585,1761498688,0
1761498688867724409,[0 0 0 0 0 0 0 0],7,264,[0. 0.],[0. 0.],Glow Plugs,867341654,1761498688,0
1761498688939682259,[0 0 0 0 0 0 0 0],7,264,[0. 0.],[0. 0.],Glow Plugs,939324720,1761498688,0
1761498689021361555,[0 0 0 0 0 0 0 0],7,264,[0. 0.],[0. 0.],Glow Plugs,21198610,1761498689,0
1761498689113412283,[0 0 0 0 0 0 0 0],7,264,[0. 0.],[0. 0.],Glow Plugs,113169465,1761498689,0
1761498689225903705,[0 0 0 0 0 0 0 0],7,264,[0. 0.],[0. 0.],Glow Plugs,225572119,1761498689,0
1761498689319675661,[0 0 0 0 0 0 0 0],7,264,[0. 0.],[0. 0.],Glow Plugs,319347883,1761498689,0
1761498689422982696,[0 0 0 0 0 0 0 0],7,264,[0. 0.],[0. 0.],Glow Plugs,422380324,1761498689,0
1761498689515092752,[0 0 0 0 0 0 0 0],7,264,[0. 0.],[0. 0.],Glow Plugs,514682125,1761498689,0
1761498689627455117,[0 0 0 0 0 0 0 0],7,264,[0. 0.],[0. 0.],Glow Plugs,627052810,1761498689,0
1761498689719615766,[0 0 0 0 0 0 0 0],7,264,[0. 0.],[0. 0.],Glow Plugs,719162994,1761498689,0
1761498689874202763,[0 0 0 0 0 0 0 0],7,264,[0. 0.],[0. 0.],Glow Plugs,873936873,1761498689,0
1761498689946861091,[0 0 0 0 0 0 0 0],7,264,[0. 0.],[0. 0.],Glow Plugs,946510593,1761498689,0
1761498690028830494,[0 0 0 0 0 0 0 0],7,264,[0. 0.],[0. 0.],Glow Plugs,28609629,1761498690,0
1761498690121186528,[0 0 0 0 0 0 0 0],7,264,[0. 0.],[0. 0.],Glow Plugs,120861854,1761498690,0
1761498690233703701,[0 0 0 0 0 0 0 0],7,264,[0. 0.],[0. 0.],Glow Plugs,233495796,1761498690,0
1761498690316078703,[0 0 0 0 0 0 0 0],7,264,[0. 0.],[0. 0.],Glow Plugs,315878669,1761498690,0
1761498690428180449,[0 0 0 0 0 0 0 0],7,264,[0. 0.],[0. 0.],Glow Plugs,427969215,1761498690,0
1761498690520226368,[0 0 0 0 0 0 0 0],7,264,[0. 0.],[0. 0.],Glow Plugs,520011167,1761498690,0
1761498690632630229,[0 0 0 0 0 0 0 0],7,264,[0. 0.],[0. 0.],Glow Plugs,632402835,1761498690,0
1761498690724453587,[0 0 0 0 0 0 0 0],7,264,[0. 0.],[0. 0.],Glow Plugs,724314034,1761498690,0
1761498690868662511,[0 0 0 0 0 0 0 0],7,264,[0. 0.],[0. 0.],Glow Plugs,868359949,1761498690,0
1761498690941389986,[0 0 0 0 0 0 0 0],7,264,[0. 0.],[0. 0.],Glow Plugs,941173792,1761498690,0
1761498691034206372,[0 0 0 0 0 0 0 0],7,264,[0. 0.],[0. 0.],Glow Plugs,33574816,1761498691,0
1761498691126247964,[0 0 0 0 0 0 0 0],7,264,[0. 0.],[0. 0.],Glow Plugs,125919130,1761498691,0
1761498691228854464,[0 0 0 0 0 0 0 0],7,264,[0. 0.],[0. 0.],Glow Plugs,228507166,1761498691,0
1761498691320784695,[0 0 0 0 0 0 0 0],7,264,[0. 0.],[0. 0.],Glow Plugs,320513173,1761498691,0
1761498691433252579,[0 0 0 0 0 0 0 0],7,264,[0. 0.],[0. 0.],Glow Plugs,432969185,1761498691,0
1761498691525353243,[0 0 0 0 0 0 0 0],7,264,[0. 0.],[0. 0.],Glow Plugs,525035737,1761498691,0
1761498691637993575,[0 0 0 0 0 0 0 0],7,264,[0. 0.],[0. 0.],Glow Plugs,637685797,1761498691,0
1761498691720220856,[0 0 0 0 0 0 0 0],7,264,[0. 0.],[0. 0.],Glow Plugs,719863222,1761498691,0
1761498691873616139,[0 0 0 0 0 0 0 0],7,264,[0. 0.],[0. 0.],Glow Plugs,873375401,1761498691,0
1761498691945286288,[0 0 0 0 0 0 0 0],7,264,[0. 0.],[0. 0.],Glow Plugs,945107950,1761498691,0
1761498692037955689,[0 0 0 0 0 0 0 0],7,264,[0. 0.],[0. 0.],Glow Plugs,37441702,1761498692,0
1761498692130017466,[0 0 0 0 0 0 0 0],7,264,[0. 0.],[0. 0.],Glow Plugs,129692855,1761498692,0
1761498692232743798,[0 0 0 0 0 0 0 0],7,264,[0. 0.],[0. 0.],Glow Plugs,232518004,1761498692,0
1761498692325159305,[0 0 0 0 0 0 0 0],7,264,[0. 0.],[0. 0.],Glow Plugs,324772902,1761498692,0
1761498692438134894,[0 0 0 0 0 0 0 0],7,264,[0. 0.],[0. 0.],Glow Plugs,437845228,1761498692,0
1761498692530245055,[0 0 0 0 0 0 0 0],7,264,[0. 0.],[0. 0.],Glow Plugs,529935197,1761498692,0
1761498692633003931,[0 0 0 0 0 0 0 0],7,264,[0. 0.],[0. 0.],Glow Plugs,632736633,1761498692,0
1761498692725042027,[0 0 0 0 0 0 0 0],7,264,[0. 0.],[0. 0.],Glow Plugs,724822442,1761498692,0
1761498692879302359,[0 0 0 0 0 0 0 0],7,264,[0. 0.],[0. 0.],Glow Plugs,878952277,1761498692,0
1761498692951187288,[0 0 0 0 0 0 0 0],7,264,[0. 0.],[0. 0.],Glow Plugs,950857109,1761498692,0
1761498693043426246,[0 0 0 0 0 0 0 0],7,264,[0. 0.],[0. 0.],Glow Plugs,43036547,1761498693,0
1761498693125156070,[0 0 0 0 0 0 0 0],7,264,[0. 0.],[0. 0.],Glow Plugs,124866596,1761498693,0
1761498693237777215,[0 0 0 0 0 0 0 0],7,264,[0. 0.],[0. 0.],Glow Plugs,237486685,1761498693,0
1761498693330878767,[0 0 0 0 0 0 0 0],7,264,[0. 0.],[0. 0.],Glow Plugs,330269995,1761498693,0
1761498693443594697,[0 0 0 0 0 0 0 0],7,264,[0. 0.],[0. 0.],Glow Plugs,443123302,1761498693,0
1761498693525293673,[0 0 0 0 0 0 0 0],7,264,[0. 0.],[0. 0.],Glow Plugs,525037543,1761498693,0
1761498693638288517,[0 0 0 0 0 0 0 0],7,264,[0. 0.],[0. 0.],Glow Plugs,637972227,1761498693,0
1761498693731085875,[0 0 0 0 0 0 0 0],7,264,[0. 0.],[0. 0.],Glow Plugs,730715376,1761498693,0
1761498693885335602,[0 0 0 0 0 0 0 0],7,264,[0. 0.],[0. 0.],Glow Plugs,884840718,1761498693,0
1761498693957770352,[0 0 0 0 0 0 0 0],7,264,[0. 0.],[0. 0.],Glow Plugs,957493198,1761498693,0
1761498694040145874,[0 0 0 0 0 0 0 0],7,264,[0. 0.],[0. 0.],Glow Plugs,39906832,1761498694,0
1761498694132362708,[0 0 0 0 0 0 0 0],7,264,[0. 0.],[0. 0.],Glow Plugs,132088242,1761498694,0
1761498694244947620,[0 0 0 0 0 0 0 0],7,264,[0. 0.],[0. 0.],Glow Plugs,244741186,1761498694,0
1761498694337736778,[0 0 0 0 0 0 0 0],7,264,[0. 0.],[0. 0.],Glow Plugs,337453352,1761498694,0
1761498694442350786,[0 0 0 0 0 0 0 0],7,264,[0. 0.],[0. 0.],Glow Plugs,442064064,1761498694,0
1761498694536233936,[0 0 0 0 0 0 0 0],7,264,[0. 0.],[0. 0.],Glow Plugs,535070760,1761498694,0
1761498694647826713,[0 0 0 0 0 0 0 0],7,264,[0. 0.],[0. 0.],Glow Plugs,647561559,1761498694,0
1761498694729742547,[0 0 0 0 0 0 0 0],7,264,[0. 0.],[0. 0.],Glow Plugs,729547218,1761498694,0
1761498694884288327,[0 0 0 0 0 0 0 0],7,264,[0. 0.],[0. 0.],Glow Plugs,884057958,1761498694,0
1761498694957107459,[0 0 0 0 0 0 0 0],7,264,[0. 0.],[0. 0.],Glow Plugs,956774016,1761498694,0
1761498695049350945,[0 0 0 0 0 0 0 0],7,264,[0. 0.],[0. 0.],Glow Plugs,49027231,1761498695,0
1761498695131957722,[0 0 0 0 0 0 0 0],7,264,[0. 0.],[0. 0.],Glow Plugs,131610487,1761498695,0
1761498695244364255,[0 0 0 0 0 0 0 0],7,264,[0. 0.],[0. 0.],Glow Plugs,244134013,1761498695,0
1761498695337625185,[0 0 0 0 0 0 0 0],7,264,[0. 0.],[0. 0.],Glow Plugs,337382335,1761498695,0
1761498695451434224,[0 0 0 0 0 0 0 0],7,264,[0. 0.],[0. 0.],Glow Plugs,450690795,1761498695,0
1761498695533235139,[0 0 0 0 0 0 0 0],7,264,[0. 0.],[0. 0.],Glow Plugs,532864448,1761498695,0
1761498695645972395,[0 0 0 0 0 0 0 0],7,264,[0. 0.],[0. 0.],Glow Plugs,645636648,1761498695,0
1761498695738137541,[0 0 0 0 0 0 0 0],7,264,[0. 0.],[0. 0.],Glow Plugs,737851683,1761498695,0
1761498695893050223,[0 0 0 0 0 0 0 0],7,264,[0. 0.],[0. 0.],Glow Plugs,892797805,1761498695,0
1761498695965369633,[0 0 0 0 0 0 0 0],7,264,[0. 0.],[0. 0.],Glow Plugs,965130527,1761498695,0
1761498696047924469,[0 0 0 0 0 0 0 0],7,264,[0. 0.],[0. 0.],Glow Plugs,47721940,1761498696,0
1761498696139970951,[0 0 0 0 0 0 0 0],7,264,[0. 0.],[0. 0.],Glow Plugs,139768038,1761498696,0
1761498696252369603,[0 0 0 0 0 0 0 0],7,264,[0. 0.],[0. 0.],Glow Plugs,252149474,1761498696,0
1761498696334763220,[0 0 0 0 0 0 0 0],7,264,[0. 0.],[0. 0.],Glow Plugs,334482994,1761498696,0
1761498696447391921,[0 0 0 0 0 0 0 0],7,264,[0. 0.],[0. 0.],Glow Plugs,447177776,1761498696,0
1761498696539402627,[0 0 0 0 0 0 0 0],7,264,[0. 0.],[0. 0.],Glow Plugs,539039265,1761498696,0
1761498696652134562,[0 0 0 0 0 0 0 0],7,264,[0. 0.],[0. 0.],Glow Plugs,651913088,1761498696,0
1761498696744285908,[0 0 0 0 0 0 0 0],7,264,[0. 0.],[0. 0.],Glow Plugs,743867665,1761498696,0
1761498696888301928,[0 0 0 0 0 0 0 0],7,264,[0. 0.],[0. 0.],Glow Plugs,888040326,1761498696,0
1761498696960415570,[0 0 0 0 0 0 0 0],7,264,[0. 0.],[0. 0.],Glow Plugs,960037903,1761498696,0
1761498697052585761,[0 0 0 0 0 0 0 0],7,264,[0. 0.],[0. 0.],Glow Plugs,52098174,1761498697,0
1761498697145317936,[0 0 0 0 0 0 0 0],7,264,[0. 0.],[0. 0.],Glow Plugs,144662956,1761498697,0
1761498697247604351,[0 0 0 0 0 0 0 0],7,264,[0. 0.],[0. 0.],Glow Plugs,247186172,1761498697,0
1761498697339777483,[0 0 0 0 0 0 0 0],7,264,[0. 0.],[0. 0.],Glow Plugs,339525385,1761498697,0
1761498697452326655,[0 0 0 0 0 0 0 0],7,264,[0. 0.],[0. 0.],Glow Plugs,451968796,1761498697,0
1761498697544181128,[0 0 0 0 0 0 0 0],7,264,[0. 0.],[0. 0.],Glow Plugs,543855814,1761498697,0
1761498697657102943,[0 0 0 0 0 0 0 0],7,264,[0. 0.],[0. 0.],Glow Plugs,656590427,1761498697,0
1761498697738982501,[0 0 0 0 0 0 0 0],7,264,[0. 0.],[0. 0.],Glow Plugs,738700867,1761498697,0
1761498697893372754,[0 0 0 0 0 0 0 0],7,264,[0. 0.],[0. 0.],Glow Plugs,893088849,1761498697,0
1761498697966027291,[0 0 0 0 0 0 0 0],7,264,[0. 0.],[0. 0.],Glow Plugs,965733209,1761498697,0
1761498698058366467,[0 0 0 0 0 0 0 0],7,264,[0. 0.],[0. 0.],Glow Plugs,58033313,1761498698,0
1761498698140138754,[0 0 0 0 0 0 0 0],7,264,[0. 0.],[0. 0.],Glow Plugs,139927968,1761498698,0
1761498698253100016,[0 0 0 0 0 0 0 0],7,264,[0. 0.],[0. 0.],Glow Plugs,252711021,1761498698,0
1761498698345471733,[0 0 0 0 0 0 0 0],7,264,[0. 0.],[0. 0.],Glow Plugs,345059570,1761498698,0
1761498698458230402,[0 0 0 0 0 0 0 0],7,264,[0. 0.],[0. 0.],Glow Plugs,457607966,1761498698,0
1761498698550475782,[0 0 0 0 0 0 0 0],7,264,[0. 0.],[0. 0.],Glow Plugs,550163652,1761498698,0
1761498698653184656,[0 0 0 0 0 0 0 0],7,264,[0. 0.],[0. 0.],Glow Plugs,652731661,1761498698,0
1761498698745300500,[0 0 0 0 0 0 0 0],7,264,[0. 0.],[0. 0.],Glow Plugs,745006610,1761498698,0
1761498698900115640,[0 0 0 0 0 0 0 0],7,264,[0. 0.],[0. 0.],Glow Plugs,899742261,1761498698,0
1761498698972332247,[0 0 0 0 0 0 0 0],7,264,[0. 0.],[0. 0.],Glow Plugs,972138838,1761498698,0
1761498699055098744,[0 0 0 0 0 0 0 0],7,264,[0. 0.],[0. 0.],Glow Plugs,54692246,1761498699,0
1761498699147276309,[0 0 0 0 0 0 0 0],7,264,[0. 0.],[0. 0.],Glow Plugs,146938451,1761498699,0
1761498699262514249,[0 0 0 0 0 0 0 0],7,264,[0. 0.],[0. 0.],Glow Plugs,262170279,1761498699,0
1761498699345252232,[0 0 0 0 0 0 0 0],7,264,[0. 0.],[0. 0.],Glow Plugs,344792741,1761498699,0
1761498699457972395,[0 0 0 0 0 0 0 0],7,264,[0. 0.],[0. 0.],Glow Plugs,457676041,1761498699,0
1761498699550765100,[0 0 0 0 0 0 0 0],7,264,[0. 0.],[0. 0.],Glow Plugs,550224841,1761498699,0
1761498699663317038,[0 0 0 0 0 0 0 0],7,264,[0. 0.],[0. 0.],Glow Plugs,662976972,1761498699,0
1761498699745730027,[0 0 0 0 0 0 0 0],7,264,[0. 0.],[0. 0.],Glow Plugs,745398121,1761498699,0
1761498699904085754,[0 0 0 0 0 0 0 0],7,264,[0. 0.],[0. 0.],Glow Plugs,901537449,1761498699,0
1761498699975932817,[0 0 0 0 0 0 0 0],7,264,[0. 0.],[0. 0.],Glow Plugs,974875562,1761498699,0
1761498700058370346,[0 0 0 0 0 0 0 0],7,264,[0. 0.],[0. 0.],Glow Plugs,58120168,1761498700,0
1761498700150713056,[0 0 0 0 0 0 0 0],7,264,[0. 0.],[0. 0.],Glow Plugs,150258877,1761498700,0
1761498700263590204,[0 0 0 0 0 0 0 0],7,264,[0. 0.],[0. 0.],Glow Plugs,263218361,1761498700,0
1761498700356247796,[0 0 0 0 0 0 0 0],7,264,[0. 0.],[0. 0.],Glow Plugs,356021555,1761498700,0
1761498700459166639,[0 0 0 0 0 0 0 0],7,264,[0. 0.],[0. 0.],Glow Plugs,458773261,1761498700,0
1761498700551540230,[0 0 0 0 0 0 0 0],7,264,[0. 0.],[0. 0.],Glow Plugs,551163236,1761498700,0
1761498700664484514,[0 0 0 0 0 0 0 0],7,264,[0. 0.],[0. 0.],Glow Plugs,664166464,1761498700,0
1761498700757119483,[0 0 0 0 0 0 0 0],7,264,[0. 0.],[0. 0.],Glow Plugs,756802969,1761498700,0
1761498700911612996,[0 0 0 0 0 0 0 0],7,264,[0. 0.],[0. 0.],Glow Plugs,911049344,1761498700,0
1761498700984104442,[0 0 0 0 0 0 0 0],7,264,[0. 0.],[0. 0.],Glow Plugs,983840280,1761498700,0
1761498701067750899,[0 0 0 0 0 0 0 0],7,264,[0. 0.],[0. 0.],Glow Plugs,67261680,1761498701,0
1761498701159817984,[0 0 0 0 0 0 0 0],7,264,[0. 0.],[0. 0.],Glow Plugs,159554623,1761498701,0
1761498701262713043,[0 0 0 0 0 0 0 0],7,264,[0. 0.],[0. 0.],Glow Plugs,262241616,1761498701,0
1761498701354832545,[0 0 0 0 0 0 0 0],7,264,[0. 0.],[0. 0.],Glow Plugs,354560095,1761498701,0
1761498701467871413,[0 0 0 0 0 0 0 0],7,264,[0. 0.],[0. 0.],Glow Plugs,467532371,1761498701,0
1761498701560075715,[0 0 0 0 0 0 0 0],7,264,[0. 0.],[0. 0.],Glow Plugs,559867586,1761498701,0
1761498701662932214,[0 0 0 0 0 0 0 0],7,264,[0. 0.],[0. 0.],Glow Plugs,662660244,1761498701,0
1761498701754750722,[0 0 0 0 0 0 0 0],7,264,[0. 0.],[0. 0.],Glow Plugs,754520064,1761498701,0
1761498701909188799,[0 0 0 0 0 0 0 0],7,264,[0. 0.],[0. 0.],Glow Plugs,908940061,1761498701,0
1761498701981193260,[0 0 0 0 0 0 0 0],7,264,[0. 0.],[0. 0.],Glow Plugs,981020843,1761498701,0
1761498702063559351,[0 0 0 0 0 0 0 0],7,264,[0. 0.],[0. 0.],Glow Plugs,63003091,1761498702,0
1761498702155664669,[0 0 0 0 0 0 0 0],7,264,[0. 0.],[0. 0.],Glow Plugs,155279547,1761498702,0
1761498702269717743,[0 0 0 0 0 0 0 0],7,264,[0. 0.],[0. 0.],Glow Plugs,268814953,1761498702,0
1761498702361740757,[0 0 0 0 0 0 0 0],7,264,[0. 0.],[0. 0.],Glow Plugs,361304402,1761498702,0
1761498702474629887,[0 0 0 0 0 0 0 0],7,264,[0. 0.],[0. 0.],Glow Plugs,474293885,1761498702,0
1761498702557075369,[0 0 0 0 0 0 0 0],7,264,[0. 0.],[0. 0.],Glow Plugs,556834279,1761498702,0
1761498702669885330,[0 0 0 0 0 0 0 0],7,264,[0. 0.],[0. 0.],Glow Plugs,669586288,1761498702,0
1761498702762800894,[0 0 0 0 0 0 0 0],7,264,[0. 0.],[0. 0.],Glow Plugs,762401275,1761498702,0
1761498702917585457,[0 0 0 0 0 0 0 0],7,264,[0. 0.],[0. 0.],Glow Plugs,916985901,1761498702,0
1761498702989400503,[0 0 0 0 0 0 0 0],7,264,[0. 0.],[0. 0.],Glow Plugs,989171414,1761498702,0
1761498703071349945,[0 0 0 0 0 0 0 0],7,264,[0. 0.],[0. 0.],Glow Plugs,71138583,1761498703,0
1761498703163680217,[0 0 0 0 0 0 0 0],7,264,[0. 0.],[0. 0.],Glow Plugs,163430552,1761498703,0
1761498703276972861,[0 0 0 0 0 0 0 0],7,264,[0. 0.],[0. 0.],Glow Plugs,276648443,1761498703,0
1761498703358792029,[0 0 0 0 0 0 0 0],7,264,[0. 0.],[0. 0.],Glow Plugs,358546779,1761498703,0
1761498703471427229,[0 0 0 0 0 0 0 0],7,264,[0. 0.],[0. 0.],Glow Plugs,471157883,1761498703,0
1761498703563908926,[0 0 0 0 0 0 0 0],7,264,[0. 0.],[0. 0.],Glow Plugs,563295419,1761498703,0
1761498703676367805,[0 0 0 0 0 0 0 0],7,264,[0. 0.],[0. 0.],Glow Plugs,675968411,1761498703,0
1761498703758978881,[0 0 0 0 0 0 0 0],7,264,[0. 0.],[0. 0.],Glow Plugs,758534079,1761498703,0
1761498703912681826,[0 0 0 0 0 0 0 0],7,264,[0. 0.],[0. 0.],Glow Plugs,912423168,1761498703,0
1761498703984527363,[0 0 0 0 0 0 0 0],7,264,[0. 0.],[0. 0.],Glow Plugs,984289889,1761498703,0
1761498704077116480,[0 0 0 0 0 0 0 0],7,264,[0. 0.],[0. 0.],Glow Plugs,76895102,1761498704,0
1761498704170247359,[0 0 0 0 0 0 0 0],7,264,[0. 0.],[0. 0.],Glow Plugs,169509754,1761498704,0
1761498704272514710,[0 0 0 0 0 0 0 0],7,264,[0. 0.],[0. 0.],Glow Plugs,272165876,1761498704,0
1761498704364570318,[0 0 0 0 0 0 0 0],7,264,[0. 0.],[0. 0.],Glow Plugs,364338829,1761498704,0
1761498704477447655,[0 0 0 0 0 0 0 0],7,264,[0. 0.],[0. 0.],Glow Plugs,477109125,1761498704,0
1761498704569686688,[0 0 0 0 0 0 0 0],7,264,[0. 0.],[0. 0.],Glow Plugs,569443039,1761498704,0
1761498704672446202,[0 0 0 0 0 0 0 0],7,264,[0. 0.],[0. 0.],Glow Plugs,672072056,1761498704,0
1761498704764470418,[0 0 0 0 0 0 0 0],7,264,[0. 0.],[0. 0.],Glow Plugs,764172081,1761498704,0
1761498704918285544,[0 0 0 0 0 0 0 0],7,264,[0. 0.],[0. 0.],Glow Plugs,918005062,1761498704,0
1761498704990636551,[0 0 0 0 0 0 0 0],7,264,[0. 0.],[0. 0.],Glow Plugs,990321957,1761498704,0
1761498705083220476,[0 0 0 0 0 0 0 0],7,264,[0. 0.],[0. 0.],Glow Plugs,82849114,1761498705,0
1761498705165219184,[0 0 0 0 0 0 0 0],7,264,[0. 0.],[0. 0.],Glow Plugs,164891502,1761498705,0
1761498705277967967,[0 0 0 0 0 0 0 0],7,264,[0. 0.],[0. 0.],Glow Plugs,277728606,1761498705,0
1761498705370548692,[0 0 0 0 0 0 0 0],7,264,[0. 0.],[0. 0.],Glow Plugs,370121777,1761498705,0
1761498705483027842,[0 0 0 0 0 0 0 0],7,264,[0. 0.],[0. 0.],Glow Plugs,482735616,1761498705,0
1761498705565089974,[0 0 0 0 0 0 0 0],7,264,[0. 0.],[0. 0.],Glow Plugs,564807988,1761498705,0
1761498705677770661,[0 0 0 0 0 0 0 0],7,264,[0. 0.],[0. 0.],Glow Plugs,677363394,1761498705,0
1761498705770361017,[0 0 0 0 0 0 0 0],7,264,[0. 0.],[0. 0.],Glow Plugs,770052343,1761498705,0
1761498705924600326,[0 0 0 0 0 0 0 0],7,264,[0. 0.],[0. 0.],Glow Plugs,924275396,1761498705,0
1761498705997135808,[0 0 0 0 0 0 0 0],7,264,[0. 0.],[0. 0.],Glow Plugs,996801854,1761498705,0
1761498706079762642,[0 0 0 0 0 0 0 0],7,264,[0. 0.],[0. 0.],Glow Plugs,79318095,1761498706,0
1761498706171772636,[0 0 0 0 0 0 0 0],7,264,[0. 0.],[0. 0.],Glow Plugs,171458426,1761498706,0
1761498706284911429,[0 0 0 0 0 0 0 0],7,264,[0. 0.],[0. 0.],Glow Plugs,284376418,1761498706,0
1761498706376733934,[0 0 0 0 0 0 0 0],7,264,[0. 0.],[0. 0.],Glow Plugs,376531565,1761498706,0
1761498706479217751,[0 0 0 0 0 0 0 0],7,264,[0. 0.],[0. 0.],Glow Plugs,479021142,1761498706,0
1761498706571269122,[0 0 0 0 0 0 0 0],7,264,[0. 0.],[0. 0.],Glow Plugs,570991584,1761498706,0
1761498706683420421,[0 0 0 0 0 0 0 0],7,264,[0. 0.],[0. 0.],Glow Plugs,683169828,1761498706,0
1761498706775977586,[0 0 0 0 0 0 0 0],7,264,[0. 0.],[0. 0.],Glow Plugs,775668465,1761498706,0
1761498706930098930,[0 0 0 0 0 0 0 0],7,264,[0. 0.],[0. 0.],Glow Plugs,929788017,1761498706,0
1761498707002529191,[0 0 0 0 0 0 0 0],7,264,[0. 0.],[0. 0.],Glow Plugs,2201477,1761498707,0
1761498707084423630,[0 0 0 0 0 0 0 0],7,264,[0. 0.],[0. 0.],Glow Plugs,84085548,1761498707,0
1761498707176017902,[0 0 0 0 0 0 0 0],7,264,[0. 0.],[0. 0.],Glow Plugs,175819789,1761498707,0
1761498707289235792,[0 0 0 0 0 0 0 0],7,264,[0. 0.],[0. 0.],Glow Plugs,288931726,1761498707,0
1761498707371717306,[0 0 0 0 0 0 0 0],7,264,[0. 0.],[0. 0.],Glow Plugs,371100311,1761498707,0
1761498707483342354,[0 0 0 0 0 0 0 0],7,264,[0. 0.],[0. 0.],Glow Plugs,483150865,1761498707,0
1761498707575633623,[0 0 0 0 0 0 0 0],7,264,[0. 0.],[0. 0.],Glow Plugs,575302517,1761498707,0
1761498707688399542,[0 0 0 0 0 0 0 0],7,264,[0. 0.],[0. 0.],Glow Plugs,688167444,1761498707,0
1761498707781240542,[0 0 0 0 0 0 0 0],7,264,[0. 0.],[0. 0.],Glow Plugs,780956092,1761498707,0
1761498707924960821,[0 0 0 0 0 0 0 0],7,264,[0. 0.],[0. 0.],Glow Plugs,924645683,1761498707,0
1761498707997388707,[0 0 0 0 0 0 0 0],7,264,[0. 0.],[0. 0.],Glow Plugs,997120258,1761498707,0
1761498708089530273,[0 0 0 0 0 0 0 0],7,264,[0. 0.],[0. 0.],Glow Plugs,89276735,1761498708,0
1761498708182000800,[0 0 0 0 0 0 0 0],7,264,[0. 0.],[0. 0.],Glow Plugs,181636734,1761498708,0
1761498708284176088,[0 0 0 0 0 0 0 0],7,264,[0. 0.],[0. 0.],Glow Plugs,283718421,1761498708,0
1761498708375912851,[0 0 0 0 0 0 0 0],7,264,[0. 0.],[0. 0.],Glow Plugs,375747122,1761498708,0
1761498708488149830,[0 0 0 0 0 0 0 0],7,264,[0. 0.],[0. 0.],Glow Plugs,487947237,1761498708,0
1761498708580233347,[0 0 0 0 0 0 0 0],7,264,[0. 0.],[0. 0.],Glow Plugs,579912833,1761498708,0
1761498708692436566,[0 0 0 0 0 0 0 0],7,264,[0. 0.],[0. 0.],Glow Plugs,692184052,1761498708,0
1761498708784485363,[0 0 0 0 0 0 0 0],7,264,[0. 0.],[0. 0.],Glow Plugs,784287569,1761498708,0
1761498708928460768,[0 0 0 0 0 0 0 0],7,264,[0. 0.],[0. 0.],Glow Plugs,928149246,1761498708,0
1761498709000067813,[0 0 0 0 0 0 0 0],7,264,[0. 0.],[0. 0.],Glow Plugs,999903108,1761498708,0
1761498709091998426,[0 0 0 0 0 0 0 0],7,264,[0. 0.],[0. 0.],Glow Plugs,91837305,1761498709,0
1761498709183824943,[0 0 0 0 0 0 0 0],7,264,[0. 0.],[0. 0.],Glow Plugs,183657710,1761498709,0
1761498709296454716,[0 0 0 0 0 0 0 0],7,264,[0. 0.],[0. 0.],Glow Plugs,296173146,1761498709,0
1761498709378135830,[0 0 0 0 0 0 0 0],7,264,[0. 0.],[0. 0.],Glow Plugs,377837588,1761498709,0
1761498709490454369,[0 0 0 0 0 0 0 0],7,264,[0. 0.],[0. 0.],Glow Plugs,490144287,1761498709,0
1761498709582150933,[0 0 0 0 0 0 0 0],7,264,[0. 0.],[0. 0.],Glow Plugs,581856179,1761498709,0
1761498709694288383,[0 0 0 0 0 0 0 0],7,264,[0. 0.],[0. 0.],Glow Plugs,694038398,1761498709,0
1761498709786693655,[0 0 0 0 0 0 0 0],7,264,[0. 0.],[0. 0.],Glow Plugs,786328917,1761498709,0
1761498709940738613,[0 0 0 0 0 0 0 0],7,264,[0. 0.],[0. 0.],Glow Plugs,940233778,1761498709,0
1761498710012717750,[0 0 0 0 0 0 0 0],7,264,[0. 0.],[0. 0.],Glow Plugs,12414356,1761498710,0
1761498710094902444,[0 0 0 0 0 0 0 0],7,264,[0. 0.],[0. 0.],Glow Plugs,94549418,1761498710,0
1761498710186910395,[0 0 0 0 0 0 0 0],7,264,[0. 0.],[0. 0.],Glow Plugs,186431384,1761498710,0
1761498710299734657,[0 0 0 0 0 0 0 0],7,264,[0. 0.],[0. 0.],Glow Plugs,299546656,1761498710,0
1761498710382228698,[0 0 0 0 0 0 0 0],7,264,[0. 0.],[0. 0.],Glow Plugs,381883032,1761498710,0
1761498710494160635,[0 0 0 0 0 0 0 0],7,264,[0. 0.],[0. 0.],Glow Plugs,493853465,1761498710,0
1761498710585837128,[0 0 0 0 0 0 0 0],7,264,[0. 0.],[0. 0.],Glow Plugs,585563046,1761498710,0
1761498710698291628,[0 0 0 0 0 0 0 0],7,264,[0. 0.],[0. 0.],Glow Plugs,697981258,1761498710,0
1761498710790625373,[0 0 0 0 0 0 0 0],7,264,[0. 0.],[0. 0.],Glow Plugs,790413979,1761498710,0
1761498710933662064,[0 0 0 0 0 0 0 0],7,264,[0. 0.],[0. 0.],Glow Plugs,933456591,1761498710,0
1761498711005412171,[0 0 0 0 0 0 0 0],7,264,[0. 0.],[0. 0.],Glow Plugs,5227786,1761498711,0
1761498711097568244,[0 0 0 0 0 0 0 0],7,264,[0. 0.],[0. 0.],Glow Plugs,97303570,1761498711,0
1761498711189276442,[0 0 0 0 0 0 0 0],7,264,[0. 0.],[0. 0.],Glow Plugs,188990041,1761498711,0
1761498711302047480,[0 0 0 0 0 0 0 0],7,264,[0. 0.],[0. 0.],Glow Plugs,301737718,1761498711,0
1761498711383416452,[0 0 0 0 0 0 0 0],7,264,[0. 0.],[0. 0.],Glow Plugs,383233347,1761498711,0
1761498711496497956,[0 0 0 0 0 0 0 0],7,264,[0. 0.],[0. 0.],Glow Plugs,496276674,1761498711,0
1761498711588473420,[0 0 0 0 0 0 0 0],7,264,[0. 0.],[0. 0.],Glow Plugs,588240874,1761498711,0
1761498711700895943,[0 0 0 0 0 0 0 0],7,264,[0. 0.],[0. 0.],Glow Plugs,700578310,1761498711,0
1761498711793064625,[0 0 0 0 0 0 0 0],7,264,[0. 0.],[0. 0.],Glow Plugs,792748783,1761498711,0
1761498711947096952,[0 0 0 0 0 0 0 0],7,264,[0. 0.],[0. 0.],Glow Plugs,946719766,1761498711,0
1761498712018789740,[0 0 0 0 0 0 0 0],7,264,[0. 0.],[0. 0.],Glow Plugs,18544747,1761498712,0
1761498712100693397,[0 0 0 0 0 0 0 0],7,264,[0. 0.],[0. 0.],Glow Plugs,100331635,1761498712,0
1761498712192097972,[0 0 0 0 0 0 0 0],7,264,[0. 0.],[0. 0.],Glow Plugs,191947187,1761498712,0
1761498712304515943,[0 0 0 0 0 0 0 0],7,264,[0. 0.],[0. 0.],Glow Plugs,304316838,1761498712,0
1761498712396308488,[0 0 0 0 0 0 0 0],7,264,[0. 0.],[0. 0.],Glow Plugs,396121607,1761498712,0
1761498712498617283,[0 0 0 0 0 0 0 0],7,264,[0. 0.],[0. 0.],Glow Plugs,498361698,1761498712,0
1761498712590526500,[0 0 0 0 0 0 0 0],7,264,[0. 0.],[0. 0.],Glow Plugs,590192898,1761498712,0
1761498712702807159,[0 0 0 0 0 0 0 0],7,264,[0. 0.],[0. 0.],Glow Plugs,702537493,1761498712,0
1761498712795209147,[0 0 0 0 0 0 0 0],7,264,[0. 0.],[0. 0.],Glow Plugs,794941433,1761498712,0
1761498712949329719,[0 0 0 0 0 0 0 0],7,264,[0. 0.],[0. 0.],Glow Plugs,949088086,1761498712,0
1761498713021664106,[0 0 0 0 0 0 0 0],7,264,[0. 0.],[0. 0.],Glow Plugs,21214151,1761498713,0
1761498713103334668,[0 0 0 0 0 0 0 0],7,264,[0. 0.],[0. 0.],Glow Plugs,103057547,1761498713,0
1761498713194949925,[0 0 0 0 0 0 0 0],7,264,[0. 0.],[0. 0.],Glow Plugs,194752484,1761498713,0
1761498713308086805,[0 0 0 0 0 0 0 0],7,264,[0. 0.],[0. 0.],Glow Plugs,307877172,1761498713,0
1761498713399649197,[0 0 0 0 0 0 0 0],7,264,[0. 0.],[0. 0.],Glow Plugs,399429900,1761498713,0
1761498713501909537,[0 0 0 0 0 0 0 0],7,264,[0. 0.],[0. 0.],Glow Plugs,501638400,1761498713,0
1761498713593669627,[0 0 0 0 0 0 0 0],7,264,[0. 0.],[0. 0.],Glow Plugs,593431738,1761498713,0
1761498713705795845,[0 0 0 0 0 0 0 0],7,264,[0. 0.],[0. 0.],Glow Plugs,705559236,1761498713,0
1761498713798103330,[0 0 0 0 0 0 0 0],7,264,[0. 0.],[0. 0.],Glow Plugs,797826528,1761498713,0
1761498713952109427,[0 0 0 0 0 0 0 0],7,264,[0. 0.],[0. 0.],Glow Plugs,951406831,1761498713,0
1761498714023798620,[0 0 0 0 0 0 0 0],7,264,[0. 0.],[0. 0.],Glow Plugs,23571803,1761498714,0
1761498714105759802,[0 0 0 0 0 0 0 0],7,264,[0. 0.],[0. 0.],Glow Plugs,105467609,1761498714,0
1761498714197096267,[0 0 0 0 0 0 0 0],7,264,[0. 0.],[0. 0.],Glow Plugs,196930890,1761498714,0
1761498714310426068,[0 0 0 0 0 0 0 0],7,264,[0. 0.],[0. 0.],Glow Plugs,309970321,1761498714,0
1761498714402695402,[0 0 0 0 0 0 0 0],7,264,[0. 0.],[0. 0.],Glow Plugs,402364424,1761498714,0
1761498714504594325,[0 0 0 0 0 0 0 0],7,264,[0. 0.],[0. 0.],Glow Plugs,504406964,1761498714,0
1761498714596395112,[0 0 0 0 0 0 0 0],7,264,[0. 0.],[0. 0.],Glow Plugs,596222823,1761498714,0
1761498714708587211,[0 0 0 0 0 0 0 0],7,264,[0. 0.],[0. 0.],Glow Plugs,708396874,1761498714,0
1761498714803212237,[0 0 0 0 0 0 0 0],7,264,[0. 0.],[0. 0.],Glow Plugs,802615050,1761498714,0
1761498714956169422,[0 0 0 0 0 0 0 0],7,264,[0. 0.],[0. 0.],Glow Plugs,955920844,1761498714,0
1761498715028087571,[0 0 0 0 0 0 0 0],7,264,[0. 0.],[0. 0.],Glow Plugs,27761170,1761498715,0
1761498715109903819,[0 0 0 0 0 0 0 0],7,264,[0. 0.],[0. 0.],Glow Plugs,109624297,1761498715,0
1761498715201713400,[0 0 0 0 0 0 0 0],7,264,[0. 0.],[0. 0.],Glow Plugs,201490295,1761498715,0
1761498715314596022,[0 0 0 0 0 0 0 0],7,264,[0. 0.],[0. 0.],Glow Plugs,314301717,1761498715,0
1761498715408800848,[0 0 0 0 0 0 0 0],7,264,[0. 0.],[0. 0.],Glow Plugs,408589455,1761498715,0
1761498715511179894,[0 0 0 0 0 0 0 0],7,264,[0. 0.],[0. 0.],Glow Plugs,510932149,1761498715,0
1761498715603821672,[0 0 0 0 0 0 0 0],7,264,[0. 0.],[0. 0.],Glow Plugs,603336133,1761498715,0
1761498715715821346,[0 0 0 0 0 0 0 0],7,264,[0. 0.],[0. 0.],Glow Plugs,715578944,1761498715,0
1761498715808018513,[0 0 0 0 0 0 0 0],7,264,[0. 0.],[0. 0.],Glow Plugs,807810224,1761498715,0
1761498715952169527,[0 0 0 0 0 0 0 0],7,264,[0. 0.],[0. 0.],Glow Plugs,951216306,1761498715,0
1761498716023615862,[0 0 0 0 0 0 0 0],7,264,[0. 0.],[0. 0.],Glow Plugs,23230835,1761498716,0
1761498716115762942,[0 0 0 0 0 0 0 0],7,264,[0. 0.],[0. 0.],Glow Plugs,115551101,1761498716,0
1761498716207726054,[0 0 0 0 0 0 0 0],7,264,[0. 0.],[0. 0.],Glow Plugs,207317795,1761498716,0
1761498716320322651,[0 0 0 0 0 0 0 0],7,264,[0. 0.],[0. 0.],Glow Plugs,319981369,1761498716,0
1761498716402394286,[0 0 0 0 0 0 0 0],7,264,[0. 0.],[0. 0.],Glow Plugs,402163693,1761498716,0
1761498716514592513,[0 0 0 0 0 0 0 0],7,264,[0. 0.],[0. 0.],Glow Plugs,514368415,1761498716,0
1761498716606776489,[0 0 0 0 0 0 0 0],7,264,[0. 0.],[0. 0.],Glow Plugs,606229575,1761498716,0
1761498716718496410,[0 0 0 0 0 0 0 0],7,264,[0. 0.],[0. 0.],Glow Plugs,718276793,1761498716,0
1761498716811088549,[0 0 0 0 0 0 0 0],7,264,[0. 0.],[0. 0.],Glow Plugs,810797955,1761498716,0
1761498716955070912,[0 0 0 0 0 0 0 0],7,264,[0. 0.],[0. 0.],Glow Plugs,954758110,1761498716,0
1761498717027362174,[0 0 0 0 0 0 0 0],7,264,[0. 0.],[0. 0.],Glow Plugs,26830139,1761498717,0
1761498717118572155,[0 0 0 0 0 0 0 0],7,264,[0. 0.],[0. 0.],Glow Plugs,118385242,1761498717,0
1761498717210664349,[0 0 0 0 0 0 0 0],7,264,[0. 0.],[0. 0.],Glow Plugs,210197883,1761498717,0
1761498717323118409,[0 0 0 0 0 0 0 0],7,264,[0. 0.],[0. 0.],Glow Plugs,322691271,1761498717,0
1761498717404872533,[0 0 0 0 0 0 0 0],7,264,[0. 0.],[0. 0.],Glow Plugs,404545748,1761498717,0
1761498717517498403,[0 0 0 0 0 0 0 0],7,264,[0. 0.],[0. 0.],Glow Plugs,517189761,1761498717,0
1761498717609083298,[0 0 0 0 0 0 0 0],7,264,[0. 0.],[0. 0.],Glow Plugs,608901793,1761498717,0
1761498717721218253,[0 0 0 0 0 0 0 0],7,264,[0. 0.],[0. 0.],Glow Plugs,720962219,1761498717,0
1761498717813947154,[0 0 0 0 0 0 0 0],7,264,[0. 0.],[0. 0.],Glow Plugs,813612208,1761498717,0
1761498717957294464,[0 0 0 0 0 0 0 0],7,264,[0. 0.],[0. 0.],Glow Plugs,956979071,1761498717,0
1761498718029129782,[0 0 0 0 0 0 0 0],7,264,[0. 0.],[0. 0.],Glow Plugs,28884725,1761498718,0
1761498718121442291,[0 0 0 0 0 0 0 0],7,264,[0. 0.],[0. 0.],Glow Plugs,121171698,1761498718,0
1761498718213287470,[0 0 0 0 0 0 0 0],7,264,[0. 0.],[0. 0.],Glow Plugs,213042604,1761498718,0
1761498718326027252,[0 0 0 0 0 0 0 0],7,264,[0. 0.],[0. 0.],Glow Plugs,325580466,1761498718,0
1761498718407832698,[0 0 0 0 0 0 0 0],7,264,[0. 0.],[0. 0.],Glow Plugs,407248087,1761498718,0
1761498718520079550,[0 0 0 0 0 0 0 0],7,264,[0. 0.],[0. 0.],Glow Plugs,519513883,1761498718,0
1761498718611784152,[0 0 0 0 0 0 0 0],7,264,[0. 0.],[0. 0.],Glow Plugs,611219797,1761498718,0
1761498718723795450,[0 0 0 0 0 0 0 0],7,264,[0. 0.],[0. 0.],Glow Plugs,723256055,1761498718,0
1761498718815545108,[0 0 0 0 0 0 0 0],7,264,[0. 0.],[0. 0.],Glow Plugs,815182418,1761498718,0
1761498718968765323,[0 0 0 0 0 0 0 0],7,264,[0. 0.],[0. 0.],Glow Plugs,968487018,1761498718,0
1761498719040694812,[0 0 0 0 0 0 0 0],7,264,[0. 0.],[0. 0.],Glow Plugs,40457083,1761498719,0
1761498719122411165,[0 0 0 0 0 0 0 0],7,264,[0. 0.],[0. 0.],Glow Plugs,122140668,1761498719,0
1761498719214089136,[0 0 0 0 0 0 0 0],7,264,[0. 0.],[0. 0.],Glow Plugs,213824975,1761498719,0
1761498719326659374,[0 0 0 0 0 0 0 0],7,264,[0. 0.],[0. 0.],Glow Plugs,326344876,1761498719,0
1761498719418596227,[0 0 0 0 0 0 0 0],7,264,[0. 0.],[0. 0.],Glow Plugs,418282113,1761498719,0
1761498719530922879,[0 0 0 0 0 0 0 0],7,264,[0. 0.],[0. 0.],Glow Plugs,530686910,1761498719,0
1761498719612638880,[0 0 0 0 0 0 0 0],7,264,[0. 0.],[0. 0.],Glow Plugs,612457343,1761498719,0
1761498719724594938,[0 0 0 0 0 0 0 0],7,264,[0. 0.],[0. 0.],Glow Plugs,724417273,1761498719,0
1761498719816753328,[0 0 0 0 0 0 0 0],7,264,[0. 0.],[0. 0.],Glow Plugs,816475054,1761498719,0
1761498719970295966,[0 0 0 0 0 0 0 0],7,264,[0. 0.],[0. 0.],Glow Plugs,969987549,1761498719,0
1761498720042490156,[0 0 0 0 0 0 0 0],7,264,[0. 0.],[0. 0.],Glow Plugs,42017833,1761498720,0
1761498720123969702,[0 0 0 0 0 0 0 0],7,264,[0. 0.],[0. 0.],Glow Plugs,123759525,1761498720,0
1761498720215911796,[0 0 0 0 0 0 0 0],7,264,[0. 0.],[0. 0.],Glow Plugs,215604147,1761498720,0
1761498720328294249,[0 0 0 0 0 0 0 0],7,264,[0. 0.],[0. 0.],Glow Plugs,327954824,1761498720,0
1761498720420043351,[0 0 0 0 0 0 0 0],7,264,[0. 0.],[0. 0.],Glow Plugs,419743669,1761498720,0
1761498720531964522,[0 0 0 0 0 0 0 0],7,264,[0. 0.],[0. 0.],Glow Plugs,531775433,1761498720,0
1761498720624001913,[0 0 0 0 0 0 0 0],7,264,[0. 0.],[0. 0.],Glow Plugs,623809656,1761498720,0
1761498720725812057,[0 0 0 0 0 0 0 0],7,264,[0. 0.],[0. 0.],Glow Plugs,725559799,1761498720,0
1761498720818172265,[0 0 0 0 0 0 0 0],7,264,[0. 0.],[0. 0.],Glow Plugs,817907240,1761498720,0
1761498720972002767,[0 0 0 0 0 0 0 0],7,264,[0. 0.],[0. 0.],Glow Plugs,971581645,1761498720,0
1761498721043382067,[0 0 0 0 0 0 0 0],7,264,[0. 0.],[0. 0.],Glow Plugs,43207282,1761498721,0
1761498721135334940,[0 0 0 0 0 0 0 0],7,264,[0. 0.],[0. 0.],Glow Plugs,135124155,1761498721,0
1761498721217109585,[0 0 0 0 0 0 0 0],7,264,[0. 0.],[0. 0.],Glow Plugs,216878736,1761498721,0
1761498721329276830,[0 0 0 0 0 0 0 0],7,264,[0. 0.],[0. 0.],Glow Plugs,329098141,1761498721,0
1761498721421498472,[0 0 0 0 0 0 0 0],7,264,[0. 0.],[0. 0.],Glow Plugs,421173158,1761498721,0
1761498721533841941,[0 0 0 0 0 0 0 0],7,264,[0. 0.],[0. 0.],Glow Plugs,533554228,1761498721,0
1761498721626357313,[0 0 0 0 0 0 0 0],7,264,[0. 0.],[0. 0.],Glow Plugs,625318107,1761498721,0
1761498721737824618,[0 0 0 0 0 0 0 0],7,264,[0. 0.],[0. 0.],Glow Plugs,737546056,1761498721,0
1761498721819942849,[0 0 0 0 0 0 0 0],7,264,[0. 0.],[0. 0.],Glow Plugs,819662240,1761498721,0
1761498721973495355,[0 0 0 0 0 0 0 0],7,264,[0. 0.],[0. 0.],Glow Plugs,973226298,1761498721,0
1761498722045300157,[0 0 0 0 0 0 0 0],7,264,[0. 0.],[0. 0.],Glow Plugs,45116252,1761498722,0
1761498722137521888,[0 0 0 0 0 0 0 0],7,264,[0. 0.],[0. 0.],Glow Plugs,137183295,1761498722,0
1761498722229548995,[0 0 0 0 0 0 0 0],7,264,[0. 0.],[0. 0.],Glow Plugs,229195233,1761498722,0
1761498722332086521,[0 0 0 0 0 0 0 0],7,264,[0. 0.],[0. 0.],Glow Plugs,331847576,1761498722,0
1761498722423854298,[0 0 0 0 0 0 0 0],7,264,[0. 0.],[0. 0.],Glow Plugs,423582777,1761498722,0
1761498722535885439,[0 0 0 0 0 0 0 0],7,264,[0. 0.],[0. 0.],Glow Plugs,535696926,1761498722,0
1761498722628026498,[0 0 0 0 0 0 0 0],7,264,[0. 0.],[0. 0.],Glow Plugs,627751265,1761498722,0
1761498722740264136,[0 0 0 0 0 0 0 0],7,264,[0. 0.],[0. 0.],Glow Plugs,739966630,1761498722,0
1761498722821998040,[0 0 0 0 0 0 0 0],7,264,[0. 0.],[0. 0.],Glow Plugs,821769815,1761498722,0
1761498722976364044,[0 0 0 0 0 0 0 0],7,264,[0. 0.],[0. 0.],Glow Plugs,976091627,1761498722,0
1761498723049490383,[0 0 0 0 0 0 0 0],7,264,[0. 0.],[0. 0.],Glow Plugs,49041677,1761498723,0
1761498723143022035,[0 0 0 0 0 0 0 0],7,264,[0. 0.],[0. 0.],Glow Plugs,141590412,1761498723,0
1761498723224341116,[0 0 0 0 0 0 0 0],7,264,[0. 0.],[0. 0.],Glow Plugs,224037018,1761498723,0
1761498723338201570,[0 0 0 0 0 0 0 0],7,264,[0. 0.],[0. 0.],Glow Plugs,337754559,1761498723,0
1761498723429759484,[0 0 0 0 0 0 0 0],7,264,[0. 0.],[0. 0.],Glow Plugs,429387610,1761498723,0
1761498723542137915,[0 0 0 0 0 0 0 0],7,264,[0. 0.],[0. 0.],Glow Plugs,541836505,1761498723,0
1761498723633797686,[0 0 0 0 0 0 0 0],7,264,[0. 0.],[0. 0.],Glow Plugs,633536628,1761498723,0
1761498723736401125,[0 0 0 0 0 0 0 0],7,264,[0. 0.],[0. 0.],Glow Plugs,735911619,1761498723,0
1761498723828564931,[0 0 0 0 0 0 0 0],7,264,[0. 0.],[0. 0.],Glow Plugs,828356642,1761498723,0
1761498723982364810,[0 0 0 0 0 0 0 0],7,264,[0. 0.],[0. 0.],Glow Plugs,982093640,1761498723,0
1761498724054529795,[0 0 0 0 0 0 0 0],7,264,[0. 0.],[0. 0.],Glow Plugs,54134849,1761498724,0
1761498724136622346,[0 0 0 0 0 0 0 0],7,264,[0. 0.],[0. 0.],Glow Plugs,136276360,1761498724,0
1761498724228515648,[0 0 0 0 0 0 0 0],7,264,[0. 0.],[0. 0.],Glow Plugs,228329503,1761498724,0
1761498724341078872,[0 0 0 0 0 0 0 0],7,264,[0. 0.],[0. 0.],Glow Plugs,340647798,1761498724,0
1761498724433194159,[0 0 0 0 0 0 0 0],7,264,[0. 0.],[0. 0.],Glow Plugs,432772717,1761498724,0
1761498724545532679,[0 0 0 0 0 0 0 0],7,264,[0. 0.],[0. 0.],Glow Plugs,545236005,1761498724,0
1761498724638030080,[0 0 0 0 0 0 0 0],7,264,[0. 0.],[0. 0.],Glow Plugs,637520861,1761498724,0
1761498724741228171,[0 0 0 0 0 0 0 0],7,264,[0. 0.],[0. 0.],Glow Plugs,740934058,1761498724,0
1761498724836301744,[0 0 0 0 0 0 0 0],7,264,[0. 0.],[0. 0.],Glow Plugs,835777294,1761498724,0
1761498724991500372,[0 0 0 0 0 0 0 0],7,264,[0. 0.],[0. 0.],Glow Plugs,991191827,1761498724,0
1761498725063649704,[0 0 0 0 0 0 0 0],7,264,[0. 0.],[0. 0.],Glow Plugs,63337287,1761498725,0
1761498725145365896,[0 0 0 0 0 0 0 0],7,264,[0. 0.],[0. 0.],Glow Plugs,145103655,1761498725,0
1761498725237607450,[0 0 0 0 0 0 0 0],7,264,[0. 0.],[0. 0.],Glow Plugs,237290104,1761498725,0
1761498725350236363,[0 0 0 0 0 0 0 0],7,264,[0. 0.],[0. 0.],Glow Plugs,349905738,1761498725,0
1761498725432772271,[0 0 0 0 0 0 0 0],7,264,[0. 0.],[0. 0.],Glow Plugs,432514030,1761498725,0
1761498725546323973,[0 0 0 0 0 0 0 0],7,264,[0. 0.],[0. 0.],Glow Plugs,545839523,1761498725,0
1761498725638896248,[0 0 0 0 0 0 0 0],7,264,[0. 0.],[0. 0.],Glow Plugs,638661911,1761498725,0
1761498725751518698,[0 0 0 0 0 0 0 0],7,264,[0. 0.],[0. 0.],Glow Plugs,751342313,1761498725,0
1761498725836054999,[0 0 0 0 0 0 0 0],7,264,[0. 0.],[0. 0.],Glow Plugs,835746838,1761498725,0
1761498725990620270,[0 0 0 0 0 0 0 0],7,264,[0. 0.],[0. 0.],Glow Plugs,990345708,1761498725,0
1761498726064454981,[0 0 0 0 0 0 0 0],7,264,[0. 0.],[0. 0.],Glow Plugs,63543457,1761498726,0
1761498726145501181,[0 0 0 0 0 0 0 0],7,264,[0. 0.],[0. 0.],Glow Plugs,145238267,1761498726,0
1761498726237481799,[0 0 0 0 0 0 0 0],7,264,[0. 0.],[0. 0.],Glow Plugs,237165286,1761498726,0
1761498726350845013,[0 0 0 0 0 0 0 0],7,264,[0. 0.],[0. 0.],Glow Plugs,350268306,1761498726,0
1761498726442619166,[0 0 0 0 0 0 0 0],7,264,[0. 0.],[0. 0.],Glow Plugs,442343645,1761498726,0
1761498726545469787,[0 0 0 0 0 0 0 0],7,264,[0. 0.],[0. 0.],Glow Plugs,545031001,1761498726,0
1761498726637126852,[0 0 0 0 0 0 0 0],7,264,[0. 0.],[0. 0.],Glow Plugs,636894787,1761498726,0
1761498726749527149,[0 0 0 0 0 0 0 0],7,264,[0. 0.],[0. 0.],Glow Plugs,749352396,1761498726,0
1761498726842900030,[0 0 0 0 0 0 0 0],7,264,[0. 0.],[0. 0.],Glow Plugs,842547420,1761498726,0
1761498726998373423,[0 0 0 0 0 0 0 0],7,264,[0. 0.],[0. 0.],Glow Plugs,998092814,1761498726,0
1761498727070883003,[0 0 0 0 0 0 0 0],7,264,[0. 0.],[0. 0.],Glow Plugs,70607450,1761498727,0
1761498727153063923,[0 0 0 0 0 0 0 0],7,264,[0. 0.],[0. 0.],Glow Plugs,152486928,1761498727,0
1761498727245297881,[0 0 0 0 0 0 0 0],7,264,[0. 0.],[0. 0.],Glow Plugs,245023927,1761498727,0
1761498727348986803,[0 0 0 0 0 0 0 0],7,264,[0. 0.],[0. 0.],Glow Plugs,348753330,1761498727,0
1761498727441942076,[0 0 0 0 0 0 0 0],7,264,[0. 0.],[0. 0.],Glow Plugs,441250969,1761498727,0
1761498727554382686,[0 0 0 0 0 0 0 0],7,264,[0. 0.],[0. 0.],Glow Plugs,553995036,1761498727,0
1761498727646670052,[0 0 0 0 0 0 0 0],7,264,[0. 0.],[0. 0.],Glow Plugs,646324258,1761498727,0
1761498727749056376,[0 0 0 0 0 0 0 0],7,264,[0. 0.],[0. 0.],Glow Plugs,748752375,1761498727,0
1761498727842753605,[0 0 0 0 0 0 0 0],7,264,[0. 0.],[0. 0.],Glow Plugs,842285955,1761498727,0
1761498727997562217,[0 0 0 0 0 0 0 0],7,264,[0. 0.],[0. 0.],Glow Plugs,997012422,1761498727,0
1761498728070407569,[0 0 0 0 0 0 0 0],7,264,[0. 0.],[0. 0.],Glow Plugs,70062864,1761498728,0
1761498728152285699,[0 0 0 0 0 0 0 0],7,264,[0. 0.],[0. 0.],Glow Plugs,152072610,1761498728,0
1761498728247480912,[0 0 0 0 0 0 0 0],7,264,[0. 0.],[0. 0.],Glow Plugs,247132654,1761498728,0
1761498728360994096,[0 0 0 0 0 0 0 0],7,264,[0. 0.],[0. 0.],Glow Plugs,360401613,1761498728,0
1761498728444004486,[0 0 0 0 0 0 0 0],7,264,[0. 0.],[0. 0.],Glow Plugs,443365315,1761498728,0
1761498728557735111,[0 0 0 0 0 0 0 0],7,264,[0. 0.],[0. 0.],Glow Plugs,557403846,1761498728,0
1761498728649883463,[0 0 0 0 0 0 0 0],7,264,[0. 0.],[0. 0.],Glow Plugs,649598629,1761498728,0
1761498728752932375,[0 0 0 0 0 0 0 0],7,264,[0. 0.],[0. 0.],Glow Plugs,752516566,1761498728,0
1761498728846157468,[0 0 0 0 0 0 0 0],7,264,[0. 0.],[0. 0.],Glow Plugs,845722970,1761498728,0
1761498729000946358,[0 0 0 0 0 0 0 0],7,264,[0. 0.],[0. 0.],Glow Plugs,435796,1761498729,0
1761498729073439289,[0 0 0 0 0 0 0 0],7,264,[0. 0.],[0. 0.],Glow Plugs,73094711,1761498729,0
1761498729156318633,[0 0 0 0 0 0 0 0],7,264,[0. 0.],[0. 0.],Glow Plugs,155938663,1761498729,0
1761498729248797796,[0 0 0 0 0 0 0 0],7,264,[0. 0.],[0. 0.],Glow Plugs,248542883,1761498729,0
1761498729362554622,[0 0 0 0 0 0 0 0],7,264,[0. 0.],[0. 0.],Glow Plugs,362006844,1761498729,0
1761498729444818764,[0 0 0 0 0 0 0 0],7,264,[0. 0.],[0. 0.],Glow Plugs,444279978,1761498729,0
1761498729557368449,[0 0 0 0 0 0 0 0],7,264,[0. 0.],[0. 0.],Glow Plugs,557120639,1761498729,0
1761498729650562943,[0 0 0 0 0 0 0 0],7,264,[0. 0.],[0. 0.],Glow Plugs,649884636,1761498729,0
1761498729762906771,[0 0 0 0 0 0 0 0],7,264,[0. 0.],[0. 0.],Glow Plugs,762369776,1761498729,0
1761498729855913360,[0 0 0 0 0 0 0 0],7,264,[0. 0.],[0. 0.],Glow Plugs,855638223,1761498729,0
1761498730002760221,[0 0 0 0 0 0 0 0],7,264,[0. 0.],[0. 0.],Glow Plugs,1244182,1761498730,0
1761498730074467064,[0 0 0 0 0 0 0 0],7,264,[0. 0.],[0. 0.],Glow Plugs,74093846,1761498730,0
1761498730156848545,[0 0 0 0 0 0 0 0],7,264,[0. 0.],[0. 0.],Glow Plugs,156546624,1761498730,0
1761498730249491031,[0 0 0 0 0 0 0 0],7,264,[0. 0.],[0. 0.],Glow Plugs,249270614,1761498730,0
1761498730362293542,[0 0 0 0 0 0 0 0],7,264,[0. 0.],[0. 0.],Glow Plugs,362106949,1761498730,0
1761498730456463459,[0 0 0 0 0 0 0 0],7,264,[0. 0.],[0. 0.],Glow Plugs,455286174,1761498730,0
1761498730558971236,[0 0 0 0 0 0 0 0],7,264,[0. 0.],[0. 0.],Glow Plugs,558582690,1761498730,0
1761498730651073240,[0 0 0 0 0 0 0 0],7,264,[0. 0.],[0. 0.],Glow Plugs,650837175,1761498730,0
1761498730764154632,[0 0 0 0 0 0 0 0],7,264,[0. 0.],[0. 0.],Glow Plugs,763872423,1761498730,0
1761498730856797022,[0 0 0 0 0 0 0 0],7,264,[0. 0.],[0. 0.],Glow Plugs,856529277,1761498730,0
1761498731001909786,[0 0 0 0 0 0 0 0],7,264,[0. 0.],[0. 0.],Glow Plugs,1586201,1761498731,0
1761498731074506996,[0 0 0 0 0 0 0 0],7,264,[0. 0.],[0. 0.],Glow Plugs,74222899,1761498731,0
1761498731167341606,[0 0 0 0 0 0 0 0],7,264,[0. 0.],[0. 0.],Glow Plugs,166984484,1761498731,0
1761498731261718238,[0 0 0 0 0 0 0 0],7,264,[0. 0.],[0. 0.],Glow Plugs,260402680,1761498731,0
1761498731363912215,[0 0 0 0 0 0 0 0],7,264,[0. 0.],[0. 0.],Glow Plugs,363641174,1761498731,0
1761498731455982053,[0 0 0 0 0 0 0 0],7,264,[0. 0.],[0. 0.],Glow Plugs,455609892,1761498731,0
1761498731568464556,[0 0 0 0 0 0 0 0],7,264,[0. 0.],[0. 0.],Glow Plugs,568133738,1761498731,0
1761498731660783419,[0 0 0 0 0 0 0 0],7,264,[0. 0.],[0. 0.],Glow Plugs,660491610,1761498731,0
1761498731763000053,[0 0 0 0 0 0 0 0],7,264,[0. 0.],[0. 0.],Glow Plugs,762498803,1761498731,0
1761498731855720422,[0 0 0 0 0 0 0 0],7,264,[0. 0.],[0. 0.],Glow Plugs,855348900,1761498731,0
1761498732009151324,[0 0 0 0 0 0 0 0],7,264,[0. 0.],[0. 0.],Glow Plugs,8829659,1761498732,0
1761498732081245200,[0 0 0 0 0 0 0 0],7,264,[0. 0.],[0. 0.],Glow Plugs,81040399,1761498732,0
1761498732163690735,[0 0 0 0 0 0 0 0],7,264,[0. 0.],[0. 0.],Glow Plugs,163191885,1761498732,0
1761498732256419674,[0 0 0 0 0 0 0 0],7,264,[0. 0.],[0. 0.],Glow Plugs,256199833,1761498732,0
1761498732368585560,[0 0 0 0 0 0 0 0],7,264,[0. 0.],[0. 0.],Glow Plugs,368416472,1761498732,0
1761498732460851362,[0 0 0 0 0 0 0 0],7,264,[0. 0.],[0. 0.],Glow Plugs,460594880,1761498732,0
1761498732572993055,[0 0 0 0 0 0 0 0],7,264,[0. 0.],[0. 0.],Glow Plugs,572823711,1761498732,0
1761498732655067837,[0 0 0 0 0 0 0 0],7,264,[0. 0.],[0. 0.],Glow Plugs,654704604,1761498732,0
1761498732767999263,[0 0 0 0 0 0 0 0],7,264,[0. 0.],[0. 0.],Glow Plugs,767306364,1761498732,0
1761498732859598085,[0 0 0 0 0 0 0 0],7,264,[0. 0.],[0. 0.],Glow Plugs,859244067,1761498732,0
1761498733014705305,[0 0 0 0 0 0 0 0],7,264,[0. 0.],[0. 0.],Glow Plugs,14382200,1761498733,0
1761498733086657928,[0 0 0 0 0 0 0 0],7,264,[0. 0.],[0. 0.],Glow Plugs,86384422,1761498733,0
1761498733169025474,[0 0 0 0 0 0 0 0],7,264,[0. 0.],[0. 0.],Glow Plugs,168780769,1761498733,0
1761498733261152709,[0 0 0 0 0 0 0 0],7,264,[0. 0.],[0. 0.],Glow Plugs,260869123,1761498733,0
1761498733373823710,[0 0 0 0 0 0 0 0],7,264,[0. 0.],[0. 0.],Glow Plugs,373291228,1761498733,0
1761498733466195266,[0 0 0 0 0 0 0 0],7,264,[0. 0.],[0. 0.],Glow Plugs,465957409,1761498733,0
1761498733568648752,[0 0 0 0 0 0 0 0],7,264,[0. 0.],[0. 0.],Glow Plugs,568339151,1761498733,0
1761498733660639635,[0 0 0 0 0 0 0 0],7,264,[0. 0.],[0. 0.],Glow Plugs,660386610,1761498733,0
1761498733773462061,[0 0 0 0 0 0 0 0],7,264,[0. 0.],[0. 0.],Glow Plugs,773102347,1761498733,0
1761498733865689840,[0 0 0 0 0 0 0 0],7,264,[0. 0.],[0. 0.],Glow Plugs,865340431,1761498733,0
1761498734019655542,[0 0 0 0 0 0 0 0],7,264,[0. 0.],[0. 0.],Glow Plugs,19314549,1761498734,0
1761498734092297219,[0 0 0 0 0 0 0 0],7,264,[0. 0.],[0. 0.],Glow Plugs,91965121,1761498734,0
1761498734174371287,[0 0 0 0 0 0 0 0],7,264,[0. 0.],[0. 0.],Glow Plugs,174028341,1761498734,0
1761498734266747413,[0 0 0 0 0 0 0 0],7,264,[0. 0.],[0. 0.],Glow Plugs,266342356,1761498734,0
1761498734379208775,[0 0 0 0 0 0 0 0],7,264,[0. 0.],[0. 0.],Glow Plugs,378843461,1761498734,0
1761498734461228666,[0 0 0 0 0 0 0 0],7,264,[0. 0.],[0. 0.],Glow Plugs,460890297,1761498734,0
1761498734573600844,[0 0 0 0 0 0 0 0],7,264,[0. 0.],[0. 0.],Glow Plugs,573361067,1761498734,0
1761498734666453036,[0 0 0 0 0 0 0 0],7,264,[0. 0.],[0. 0.],Glow Plugs,666216235,1761498734,0
1761498734779530912,[0 0 0 0 0 0 0 0],7,264,[0. 0.],[0. 0.],Glow Plugs,779218431,1761498734,0
1761498734871887743,[0 0 0 0 0 0 0 0],7,264,[0. 0.],[0. 0.],Glow Plugs,871578526,1761498734,0
1761498735016143699,[0 0 0 0 0 0 0 0],7,264,[0. 0.],[0. 0.],Glow Plugs,15874738,1761498735,0
1761498735088800700,[0 0 0 0 0 0 0 0],7,264,[0. 0.],[0. 0.],Glow Plugs,88578427,1761498735,0
1761498735181598391,[0 0 0 0 0 0 0 0],7,264,[0. 0.],[0. 0.],Glow Plugs,181353622,1761498735,0
1761498735265143500,[0 0 0 0 0 0 0 0],7,264,[0. 0.],[0. 0.],Glow Plugs,264841898,1761498735,0
1761498735378874972,[0 0 0 0 0 0 0 0],7,264,[0. 0.],[0. 0.],Glow Plugs,378594139,1761498735,0
1761498735471138292,[0 0 0 0 0 0 0 0],7,264,[0. 0.],[0. 0.],Glow Plugs,470591858,1761498735,0
1761498735583182653,[0 0 0 0 0 0 0 0],7,264,[0. 0.],[0. 0.],Glow Plugs,582937244,1761498735,0
1761498735665157516,[0 0 0 0 0 0 0 0],7,264,[0. 0.],[0. 0.],Glow Plugs,664872523,1761498735,0
1761498735778161561,[0 0 0 0 0 0 0 0],7,264,[0. 0.],[0. 0.],Glow Plugs,777945624,1761498735,0
1761498735870226929,[0 0 0 0 0 0 0 0],7,264,[0. 0.],[0. 0.],Glow Plugs,869940080,1761498735,0
1761498736024272548,[0 0 0 0 0 0 0 0],7,264,[0. 0.],[0. 0.],Glow Plugs,23913091,1761498736,0
1761498736096047813,[0 0 0 0 0 0 0 0],7,264,[0. 0.],[0. 0.],Glow Plugs,95780452,1761498736,0
1761498736178676433,[0 0 0 0 0 0 0 0],7,264,[0. 0.],[0. 0.],Glow Plugs,178392496,1761498736,0
1761498736270983140,[0 0 0 0 0 0 0 0],7,264,[0. 0.],[0. 0.],Glow Plugs,270665891,1761498736,0
1761498736383867594,[0 0 0 0 0 0 0 0],7,264,[0. 0.],[0. 0.],Glow Plugs,383596105,1761498736,0
1761498736476256286,[0 0 0 0 0 0 0 0],7,264,[0. 0.],[0. 0.],Glow Plugs,476050621,1761498736,0
1761498736579248188,[0 0 0 0 0 0 0 0],7,264,[0. 0.],[0. 0.],Glow Plugs,578849530,1761498736,0
1761498736671079117,[0 0 0 0 0 0 0 0],7,264,[0. 0.],[0. 0.],Glow Plugs,670756524,1761498736,0
1761498736783886931,[0 0 0 0 0 0 0 0],7,264,[0. 0.],[0. 0.],Glow Plugs,783589650,1761498736,0
1761498736875850245,[0 0 0 0 0 0 0 0],7,264,[0. 0.],[0. 0.],Glow Plugs,875543684,1761498736,0
1761498737030730610,[0 0 0 0 0 0 0 0],7,264,[0. 0.],[0. 0.],Glow Plugs,30485137,1761498737,0
1761498737103129361,[0 0 0 0 0 0 0 0],7,264,[0. 0.],[0. 0.],Glow Plugs,102851408,1761498737,0
1761498737185157238,[0 0 0 0 0 0 0 0],7,264,[0. 0.],[0. 0.],Glow Plugs,184926677,1761498737,0
1761498737277304099,[0 0 0 0 0 0 0 0],7,264,[0. 0.],[0. 0.],Glow Plugs,277012834,1761498737,0
1761498737390085602,[0 0 0 0 0 0 0 0],7,264,[0. 0.],[0. 0.],Glow Plugs,389797921,1761498737,0
1761498737471904806,[0 0 0 0 0 0 0 0],7,264,[0. 0.],[0. 0.],Glow Plugs,471708742,1761498737,0
1761498737584271268,[0 0 0 0 0 0 0 0],7,264,[0. 0.],[0. 0.],Glow Plugs,584105251,1761498737,0
1761498737676463889,[0 0 0 0 0 0 0 0],7,264,[0. 0.],[0. 0.],Glow Plugs,676014479,1761498737,0
1761498737788876270,[0 0 0 0 0 0 0 0],7,264,[0. 0.],[0. 0.],Glow Plugs,788550669,1761498737,0
1761498737880735066,[0 0 0 0 0 0 0 0],7,264,[0. 0.],[0. 0.],Glow Plugs,880470521,1761498737,0
1761498738024233522,[0 0 0 0 0 0 0 0],7,264,[0. 0.],[0. 0.],Glow Plugs,23916593,1761498738,0
1761498738095951626,[0 0 0 0 0 0 0 0],7,264,[0. 0.],[0. 0.],Glow Plugs,95792457,1761498738,0
1761498738188291282,[0 0 0 0 0 0 0 0],7,264,[0. 0.],[0. 0.],Glow Plugs,187990513,1761498738,0
1761498738280642235,[0 0 0 0 0 0 0 0],7,264,[0. 0.],[0. 0.],Glow Plugs,280190105,1761498738,0
1761498738392821329,[0 0 0 0 0 0 0 0],7,264,[0. 0.],[0. 0.],Glow Plugs,392515920,1761498738,0
1761498738476509175,[0 0 0 0 0 0 0 0],7,264,[0. 0.],[0. 0.],Glow Plugs,476119350,1761498738,0
1761498738589656497,[0 0 0 0 0 0 0 0],7,264,[0. 0.],[0. 0.],Glow Plugs,589424272,1761498738,0
1761498738681334455,[0 0 0 0 0 0 0 0],7,264,[0. 0.],[0. 0.],Glow Plugs,681141750,1761498738,0
1761498738793906159,[0 0 0 0 0 0 0 0],7,264,[0. 0.],[0. 0.],Glow Plugs,793599437,1761498738,0
1761498738875531853,[0 0 0 0 0 0 0 0],7,264,[0. 0.],[0. 0.],Glow Plugs,875325549,1761498738,0
1761498739028644290,[0 0 0 0 0 0 0 0],7,264,[0. 0.],[0. 0.],Glow Plugs,28374689,1761498739,0
1761498739100872151,[0 0 0 0 0 0 0 0],7,264,[0. 0.],[0. 0.],Glow Plugs,100579542,1761498739,0
1761498739192986266,[0 0 0 0 0 0 0 0],7,264,[0. 0.],[0. 0.],Glow Plugs,192755705,1761498739,0
1761498739285417149,[0 0 0 0 0 0 0 0],7,264,[0. 0.],[0. 0.],Glow Plugs,285225629,1761498739,0
1761498739388113448,[0 0 0 0 0 0 0 0],7,264,[0. 0.],[0. 0.],Glow Plugs,387797415,1761498739,0
1761498739480425067,[0 0 0 0 0 0 0 0],7,264,[0. 0.],[0. 0.],Glow Plugs,479766537,1761498739,0
1761498739592462906,[0 0 0 0 0 0 0 0],7,264,[0. 0.],[0. 0.],Glow Plugs,592049081,1761498739,0
1761498739684216091,[0 0 0 0 0 0 0 0],7,264,[0. 0.],[0. 0.],Glow Plugs,684058490,1761498739,0
1761498739796690476,[0 0 0 0 0 0 0 0],7,264,[0. 0.],[0. 0.],Glow Plugs,796458891,1761498739,0
1761498739878656967,[0 0 0 0 0 0 0 0],7,264,[0. 0.],[0. 0.],Glow Plugs,878419622,1761498739,0
1761498740032265396,[0 0 0 0 0 0 0 0],7,264,[0. 0.],[0. 0.],Glow Plugs,32068083,1761498740,0
1761498740104381861,[0 0 0 0 0 0 0 0],7,264,[0. 0.],[0. 0.],Glow Plugs,104182981,1761498740,0
1761498740196623587,[0 0 0 0 0 0 0 0],7,264,[0. 0.],[0. 0.],Glow Plugs,196330178,1761498740,0
1761498740288519583,[0 0 0 0 0 0 0 0],7,264,[0. 0.],[0. 0.],Glow Plugs,288315358,1761498740,0
1761498740390718786,[0 0 0 0 0 0 0 0],7,264,[0. 0.],[0. 0.],Glow Plugs,390458305,1761498740,0
1761498740482828063,[0 0 0 0 0 0 0 0],7,264,[0. 0.],[0. 0.],Glow Plugs,482592798,1761498740,0
1761498740595452170,[0 0 0 0 0 0 0 0],7,264,[0. 0.],[0. 0.],Glow Plugs,595220105,1761498740,0
1761498740687610119,[0 0 0 0 0 0 0 0],7,264,[0. 0.],[0. 0.],Glow Plugs,687300390,1761498740,0
1761498740800443858,[0 0 0 0 0 0 0 0],7,264,[0. 0.],[0. 0.],Glow Plugs,800038449,1761498740,0
1761498740882210056,[0 0 0 0 0 0 0 0],7,264,[0. 0.],[0. 0.],Glow Plugs,881936935,1761498740,0
1761498741035547435,[0 0 0 0 0 0 0 0],7,264,[0. 0.],[0. 0.],Glow Plugs,35292842,1761498741,0
1761498741107619480,[0 0 0 0 0 0 0 0],7,264,[0. 0.],[0. 0.],Glow Plugs,107370167,1761498741,0
1761498741200171794,[0 0 0 0 0 0 0 0],7,264,[0. 0.],[0. 0.],Glow Plugs,199920337,1761498741,0
1761498741292613195,[0 0 0 0 0 0 0 0],7,264,[0. 0.],[0. 0.],Glow Plugs,292291593,1761498741,0
1761498741395720907,[0 0 0 0 0 0 0 0],7,264,[0. 0.],[0. 0.],Glow Plugs,395293226,1761498741,0
1761498741487641570,[0 0 0 0 0 0 0 0],7,264,[0. 0.],[0. 0.],Glow Plugs,487282497,1761498741,0
1761498741599965253,[0 0 0 0 0 0 0 0],7,264,[0. 0.],[0. 0.],Glow Plugs,599783909,1761498741,0
1761498741692228030,[0 0 0 0 0 0 0 0],7,264,[0. 0.],[0. 0.],Glow Plugs,691989501,1761498741,0
1761498741805251043,[0 0 0 0 0 0 0 0],7,264,[0. 0.],[0. 0.],Glow Plugs,805020291,1761498741,0
1761498741887689943,[0 0 0 0 0 0 0 0],7,264,[0. 0.],[0. 0.],Glow Plugs,887374454,1761498741,0
1761498742040978545,[0 0 0 0 0 0 0 0],7,264,[0. 0.],[0. 0.],Glow Plugs,40765520,1761498742,0
1761498742113257499,[0 0 0 0 0 0 0 0],7,264,[0. 0.],[0. 0.],Glow Plugs,113012122,1761498742,0
1761498742205324621,[0 0 0 0 0 0 0 0],7,264,[0. 0.],[0. 0.],Glow Plugs,205160332,1761498742,0
1761498742287617883,[0 0 0 0 0 0 0 0],7,264,[0. 0.],[0. 0.],Glow Plugs,287096089,1761498742,0
1761498742400045176,[0 0 0 0 0 0 0 0],7,264,[0. 0.],[0. 0.],Glow Plugs,399823448,1761498742,0
1761498742492069803,[0 0 0 0 0 0 0 0],7,264,[0. 0.],[0. 0.],Glow Plugs,491789962,1761498742,0
1761498742604318375,[0 0 0 0 0 0 0 0],7,264,[0. 0.],[0. 0.],Glow Plugs,604093958,1761498742,0
1761498742696340185,[0 0 0 0 0 0 0 0],7,264,[0. 0.],[0. 0.],Glow Plugs,696121657,1761498742,0
1761498742799091987,[0 0 0 0 0 0 0 0],7,264,[0. 0.],[0. 0.],Glow Plugs,798763762,1761498742,0
1761498742891156933,[0 0 0 0 0 0 0 0],7,264,[0. 0.],[0. 0.],Glow Plugs,890836772,1761498742,0
1761498743045074585,[0 0 0 0 0 0 0 0],7,264,[0. 0.],[0. 0.],Glow Plugs,44729303,1761498743,0
1761498743118631747,[0 0 0 0 0 0 0 0],7,264,[0. 0.],[0. 0.],Glow Plugs,118401538,1761498743,0
1761498743200735532,[0 0 0 0 0 0 0 0],7,264,[0. 0.],[0. 0.],Glow Plugs,200534251,1761498743,0
1761498743293242011,[0 0 0 0 0 0 0 0],7,264,[0. 0.],[0. 0.],Glow Plugs,292940922,1761498743,0
1761498743406130003,[0 0 0 0 0 0 0 0],7,264,[0. 0.],[0. 0.],Glow Plugs,405653521,1761498743,0
1761498743498608706,[0 0 0 0 0 0 0 0],7,264,[0. 0.],[0. 0.],Glow Plugs,498260545,1761498743,0
1761498743601017428,[0 0 0 0 0 0 0 0],7,264,[0. 0.],[0. 0.],Glow Plugs,600794900,1761498743,0
1761498743693570051,[0 0 0 0 0 0 0 0],7,264,[0. 0.],[0. 0.],Glow Plugs,693105442,1761498743,0
1761498743806388924,[0 0 0 0 0 0 0 0],7,264,[0. 0.],[0. 0.],Glow Plugs,806070170,1761498743,0
1761498743899037867,[0 0 0 0 0 0 0 0],7,264,[0. 0.],[0. 0.],Glow Plugs,898687050,1761498743,0
1761498744052895669,[0 0 0 0 0 0 0 0],7,264,[0. 0.],[0. 0.],Glow Plugs,52558516,1761498744,0
1761498744125094742,[0 0 0 0 0 0 0 0],7,264,[0. 0.],[0. 0.],Glow Plugs,124802773,1761498744,0
1761498744207546940,[0 0 0 0 0 0 0 0],7,264,[0. 0.],[0. 0.],Glow Plugs,207226107,1761498744,0
1761498744299957829,[0 0 0 0 0 0 0 0],7,264,[0. 0.],[0. 0.],Glow Plugs,299551300,1761498744,0
1761498744412487542,[0 0 0 0 0 0 0 0],7,264,[0. 0.],[0. 0.],Glow Plugs,412163253,1761498744,0
1761498744494255609,[0 0 0 0 0 0 0 0],7,264,[0. 0.],[0. 0.],Glow Plugs,493908184,1761498744,0
1761498744606751786,[0 0 0 0 0 0 0 0],7,264,[0. 0.],[0. 0.],Glow Plugs,606481577,1761498744,0
1761498744698655602,[0 0 0 0 0 0 0 0],7,264,[0. 0.],[0. 0.],Glow Plugs,698415697,1761498744,0
1761498744811513444,[0 0 0 0 0 0 0 0],7,264,[0. 0.],[0. 0.],Glow Plugs,811186211,1761498744,0
1761498744904001901,[0 0 0 0 0 0 0 0],7,264,[0. 0.],[0. 0.],Glow Plugs,903672332,1761498744,0
1761498745048078316,[0 0 0 0 0 0 0 0],7,264,[0. 0.],[0. 0.],Glow Plugs,47382890,1761498745,0
1761498745119864104,[0 0 0 0 0 0 0 0],7,264,[0. 0.],[0. 0.],Glow Plugs,119672455,1761498745,0
1761498745212312556,[0 0 0 0 0 0 0 0],7,264,[0. 0.],[0. 0.],Glow Plugs,212085835,1761498745,0
1761498745304832689,[0 0 0 0 0 0 0 0],7,264,[0. 0.],[0. 0.],Glow Plugs,304266415,1761498745,0
1761498745407206872,[0 0 0 0 0 0 0 0],7,264,[0. 0.],[0. 0.],Glow Plugs,406934007,1761498745,0
1761498745499374779,[0 0 0 0 0 0 0 0],7,264,[0. 0.],[0. 0.],Glow Plugs,499126554,1761498745,0
1761498745612349159,[0 0 0 0 0 0 0 0],7,264,[0. 0.],[0. 0.],Glow Plugs,612019462,1761498745,0
1761498745704424778,[0 0 0 0 0 0 0 0],7,264,[0. 0.],[0. 0.],Glow Plugs,704052841,1761498745,0
1761498745808665528,[0 0 0 0 0 0 0 0],7,264,[0. 0.],[0. 0.],Glow Plugs,808415639,1761498745,0
1761498745900647387,[0 0 0 0 0 0 0 0],7,264,[0. 0.],[0. 0.],Glow Plugs,900501466,1761498745,0
1761498746054241267,[0 0 0 0 0 0 0 0],7,264,[0. 0.],[0. 0.],Glow Plugs,53894833,1761498746,0
1761498746126014250,[0 0 0 0 0 0 0 0],7,264,[0. 0.],[0. 0.],Glow Plugs,125787754,1761498746,0
1761498746218116264,[0 0 0 0 0 0 0 0],7,264,[0. 0.],[0. 0.],Glow Plugs,217838503,1761498746,0
1761498746300122723,[0 0 0 0 0 0 0 0],7,264,[0. 0.],[0. 0.],Glow Plugs,299722082,1761498746,0
1761498746411976038,[0 0 0 0 0 0 0 0],7,264,[0. 0.],[0. 0.],Glow Plugs,411801061,1761498746,0
1761498746504045956,[0 0 0 0 0 0 0 0],7,264,[0. 0.],[0. 0.],Glow Plugs,503836931,1761498746,0
1761498746616246151,[0 0 0 0 0 0 0 0],7,264,[0. 0.],[0. 0.],Glow Plugs,615905958,1761498746,0
1761498746708591590,[0 0 0 0 0 0 0 0],7,264,[0. 0.],[0. 0.],Glow Plugs,707989924,1761498746,0
1761498746820881386,[0 0 0 0 0 0 0 0],7,264,[0. 0.],[0. 0.],Glow Plugs,820594601,1761498746,0
1761498746902957413,[0 0 0 0 0 0 0 0],7,264,[0. 0.],[0. 0.],Glow Plugs,902654276,1761498746,0
1761498747056125107,[0 0 0 0 0 0 0 0],7,264,[0. 0.],[0. 0.],Glow Plugs,55913938,1761498747,0
1761498747128005479,[0 0 0 0 0 0 0 0],7,264,[0. 0.],[0. 0.],Glow Plugs,127783302,1761498747,0
1761498747220057920,[0 0 0 0 0 0 0 0],7,264,[0. 0.],[0. 0.],Glow Plugs,219822943,1761498747,0
1761498747312574170,[0 0 0 0 0 0 0 0],7,264,[0. 0.],[0. 0.],Glow Plugs,312397850,1761498747,0
1761498747416064058,[0 0 0 0 0 0 0 0],7,264,[0. 0.],[0. 0.],Glow Plugs,415854969,1761498747,0
1761498747507929106,[0 0 0 0 0 0 0 0],7,264,[0. 0.],[0. 0.],Glow Plugs,507748082,1761498747,0
1761498747620072239,[0 0 0 0 0 0 0 0],7,264,[0. 0.],[0. 0.],Glow Plugs,619869807,1761498747,0
1761498747712353161,[0 0 0 0 0 0 0 0],7,264,[0. 0.],[0. 0.],Glow Plugs,712045832,1761498747,0
1761498747824479174,[0 0 0 0 0 0 0 0],7,264,[0. 0.],[0. 0.],Glow Plugs,824285221,1761498747,0
1761498747907040831,[0 0 0 0 0 0 0 0],7,264,[0. 0.],[0. 0.],Glow Plugs,906703069,1761498747,0
1761498748061184263,[0 0 0 0 0 0 0 0],7,264,[0. 0.],[0. 0.],Glow Plugs,60885478,1761498748,0
1761498748132993431,[0 0 0 0 0 0 0 0],7,264,[0. 0.],[0. 0.],Glow Plugs,132799095,1761498748,0
1761498748224941547,[0 0 0 0 0 0 0 0],7,264,[0. 0.],[0. 0.],Glow Plugs,224755402,1761498748,0
1761498748307040221,[0 0 0 0 0 0 0 0],7,264,[0. 0.],[0. 0.],Glow Plugs,306771325,1761498748,0
1761498748419174388,[0 0 0 0 0 0 0 0],7,264,[0. 0.],[0. 0.],Glow Plugs,418865619,1761498748,0
1761498748511692586,[0 0 0 0 0 0 0 0],7,264,[0. 0.],[0. 0.],Glow Plugs,511144424,1761498748,0
1761498748623848673,[0 0 0 0 0 0 0 0],7,264,[0. 0.],[0. 0.],Glow Plugs,623642048,1761498748,0
1761498748716396118,[0 0 0 0 0 0 0 0],7,264,[0. 0.],[0. 0.],Glow Plugs,716129205,1761498748,0
1761498748818994541,[0 0 0 0 0 0 0 0],7,264,[0. 0.],[0. 0.],Glow Plugs,818779053,1761498748,0
1761498748911347106,[0 0 0 0 0 0 0 0],7,264,[0. 0.],[0. 0.],Glow Plugs,910847297,1761498748,0
1761498749064640928,[0 0 0 0 0 0 0 0],7,264,[0. 0.],[0. 0.],Glow Plugs,64156990,1761498749,0
1761498749136057483,[0 0 0 0 0 0 0 0],7,264,[0. 0.],[0. 0.],Glow Plugs,135794634,1761498749,0
1761498749227984857,[0 0 0 0 0 0 0 0],7,264,[0. 0.],[0. 0.],Glow Plugs,227799289,1761498749,0
1761498749310314312,[0 0 0 0 0 0 0 0],7,264,[0. 0.],[0. 0.],Glow Plugs,310034759,1761498749,0
1761498749422872635,[0 0 0 0 0 0 0 0],7,264,[0. 0.],[0. 0.],Glow Plugs,422542041,1761498749,0
1761498749514859913,[0 0 0 0 0 0 0 0],7,264,[0. 0.],[0. 0.],Glow Plugs,514446376,1761498749,0
1761498749626945882,[0 0 0 0 0 0 0 0],7,264,[0. 0.],[0. 0.],Glow Plugs,626707097,1761498749,0
1761498749719218858,[0 0 0 0 0 0 0 0],7,264,[0. 0.],[0. 0.],Glow Plugs,719003081,1761498749,0
1761498749821696155,[0 0 0 0 0 0 0 0],7,264,[0. 0.],[0. 0.],Glow Plugs,821475994,1761498749,0
1761498749913510025,[0 0 0 0 0 0 0 0],7,264,[0. 0.],[0. 0.],Glow Plugs,913339112,1761498749,0
1761498750067144223,[0 0 0 0 0 0 0 0],7,264,[0. 0.],[0. 0.],Glow Plugs,66876798,1761498750,0
1761498750139028840,[0 0 0 0 0 0 0 0],7,264,[0. 0.],[0. 0.],Glow Plugs,138736967,1761498750,0
1761498750231122482,[0 0 0 0 0 0 0 0],7,264,[0. 0.],[0. 0.],Glow Plugs,230631504,1761498750,0
1761498750312927483,[0 0 0 0 0 0 0 0],7,264,[0. 0.],[0. 0.],Glow Plugs,312668186,1761498750,0
1761498750424929829,[0 0 0 0 0 0 0 0],7,264,[0. 0.],[0. 0.],Glow Plugs,424729317,1761498750,0
1761498750516660782,[0 0 0 0 0 0 0 0],7,264,[0. 0.],[0. 0.],Glow Plugs,516462926,1761498750,0
1761498750629372795,[0 0 0 0 0 0 0 0],7,264,[0. 0.],[0. 0.],Glow Plugs,629023930,1761498750,0
1761498750721570342,[0 0 0 0 0 0 0 0],7,264,[0. 0.],[0. 0.],Glow Plugs,721364549,1761498750,0
1761498750834079378,[0 0 0 0 0 0 0 0],7,264,[0. 0.],[0. 0.],Glow Plugs,833813425,1761498750,0
1761498750915887451,[0 0 0 0 0 0 0 0],7,264,[0. 0.],[0. 0.],Glow Plugs,915646714,1761498750,0
1761498751070196907,[0 0 0 0 0 0 0 0],7,264,[0. 0.],[0. 0.],Glow Plugs,69826058,1761498751,0
1761498751141485614,[0 0 0 0 0 0 0 0],7,264,[0. 0.],[0. 0.],Glow Plugs,141269005,1761498751,0
1761498751233481587,[0 0 0 0 0 0 0 0],7,264,[0. 0.],[0. 0.],Glow Plugs,233285842,1761498751,0
1761498751325790105,[0 0 0 0 0 0 0 0],7,264,[0. 0.],[0. 0.],Glow Plugs,325451960,1761498751,0
1761498751427878462,[0 0 0 0 0 0 0 0],7,264,[0. 0.],[0. 0.],Glow Plugs,427600861,1761498751,0
1761498751519764195,[0 0 0 0 0 0 0 0],7,264,[0. 0.],[0. 0.],Glow Plugs,519519842,1761498751,0
1761498751632786603,[0 0 0 0 0 0 0 0],7,264,[0. 0.],[0. 0.],Glow Plugs,632453033,1761498751,0
1761498751724808560,[0 0 0 0 0 0 0 0],7,264,[0. 0.],[0. 0.],Glow Plugs,724602831,1761498751,0
1761498751838129112,[0 0 0 0 0 0 0 0],7,264,[0. 0.],[0. 0.],Glow Plugs,837841304,1761498751,0
1761498751920036989,[0 0 0 0 0 0 0 0],7,264,[0. 0.],[0. 0.],Glow Plugs,919771004,1761498751,0
1761498752073510722,[0 0 0 0 0 0 0 0],7,264,[0. 0.],[0. 0.],Glow Plugs,73235618,1761498752,0
1761498752145189027,[0 0 0 0 0 0 0 0],7,264,[0. 0.],[0. 0.],Glow Plugs,144996354,1761498752,0
1761498752237342084,[0 0 0 0 0 0 0 0],7,264,[0. 0.],[0. 0.],Glow Plugs,237098819,1761498752,0
1761498752321556555,[0 0 0 0 0 0 0 0],7,264,[0. 0.],[0. 0.],Glow Plugs,321218250,1761498752,0
1761498752433947051,[0 0 0 0 0 0 0 0],7,264,[0. 0.],[0. 0.],Glow Plugs,433616682,1761498752,0
1761498752525773131,[0 0 0 0 0 0 0 0],7,264,[0. 0.],[0. 0.],Glow Plugs,525548042,1761498752,0
1761498752638476076,[0 0 0 0 0 0 0 0],7,264,[0. 0.],[0. 0.],Glow Plugs,637900138,1761498752,0
1761498752729989899,[0 0 0 0 0 0 0 0],7,264,[0. 0.],[0. 0.],Glow Plugs,729685866,1761498752,0
1761498752832205259,[0 0 0 0 0 0 0 0],7,264,[0. 0.],[0. 0.],Glow Plugs,831939978,1761498752,0
1761498752923904682,[0 0 0 0 0 0 0 0],7,264,[0. 0.],[0. 0.],Glow Plugs,923709897,1761498752,0
1761498753077443335,[0 0 0 0 0 0 0 0],7,264,[0. 0.],[0. 0.],Glow Plugs,77191718,1761498753,0
1761498753149528901,[0 0 0 0 0 0 0 0],7,264,[0. 0.],[0. 0.],Glow Plugs,149237796,1761498753,0
1761498753241544481,[0 0 0 0 0 0 0 0],7,264,[0. 0.],[0. 0.],Glow Plugs,241181408,1761498753,0
1761498753323222108,[0 0 0 0 0 0 0 0],7,264,[0. 0.],[0. 0.],Glow Plugs,322938299,1761498753,0
1761498753435733815,[0 0 0 0 0 0 0 0],7,264,[0. 0.],[0. 0.],Glow Plugs,435488374,1761498753,0
1761498753527356593,[0 0 0 0 0 0 0 0],7,264,[0. 0.],[0. 0.],Glow Plugs,527151216,1761498753,0
1761498753639893804,[ 0  0  0  0  4 79  0  0],7,264,[0. 0.],[0. 0.],Glow Plugs,639522827,1761498753,1103
1761498753732232232,[ 0  0  0  0  4 79  0  0],7,264,[0. 0.],[0. 0.],Glow Plugs,731944935,1761498753,1103
1761498753844005952,[ 38 160  42 162   4  79   0   0],7,264,[16.  16.2],[3.8 4.2],Glow Plugs,843822240,1761498753,1103
1761498753925871805,[ 38 160  42 162   4  79   0   0],7,264,[16.  16.2],[3.8 4.2],Glow Plugs,925570844,1761498753,1103
1761498754079380178,[ 38 160  43 161   4  79   0   0],7,264,[16.  16.1],[3.8 4.3],Glow Plugs,79149265,1761498754,1103
1761498754151108715,[ 38 160  43 161   4  79   0   0],7,264,[16.  16.1],[3.8 4.3],Glow Plugs,150847882,1761498754,1103
1761498754243210594,[ 38 160  43 161   4  79   0   0],7,264,[16.  16.1],[3.8 4.3],Glow Plugs,242954337,1761498754,1103
1761498754336406300,[ 41 160  41 160   4  79   0   0],7,264,[16. 16.],[4.1 4.1],Glow Plugs,336017755,1761498754,1103
1761498754438769586,[ 41 160  41 160   4  79   0   0],7,264,[16. 16.],[4.1 4.1],Glow Plugs,438537393,1761498754,1103
1761498754532591054,[ 43 160  43 160   4  79   0   0],7,264,[16. 16.],[4.3 4.3],Glow Plugs,531766028,1761498754,1103
1761498754645225891,[ 43 160  43 160   4  79   0   0],7,264,[16. 16.],[4.3 4.3],Glow Plugs,644973347,1761498754,1103
1761498754726920379,[ 43 160  43 160   4  79   0   0],7,264,[16. 16.],[4.3 4.3],Glow Plugs,726680346,1761498754,1103
1761498754839170383,[ 47 160  46 161   4  79   0   0],7,264,[16.  16.1],[4.7 4.6],Glow Plugs,838857198,1761498754,1103
1761498754930703908,[ 47 160  46 161   4  79   0   0],7,264,[16.  16.1],[4.7 4.6],Glow Plugs,930367171,1761498754,1103
1761498755083358542,[ 50 160  48 160   4  79   0   0],7,264,[16. 16.],[5.  4.8],Glow Plugs,83196974,1761498755,1103
1761498755155342309,[ 50 160  48 160   4  79   0   0],7,264,[16. 16.],[5.  4.8],Glow Plugs,155046180,1761498755,1103
1761498755247297046,[ 50 160  48 160   4  79   0   0],7,264,[16. 16.],[5.  4.8],Glow Plugs,246964597,1761498755,1103
1761498755329659308,[ 52 160  50 160   4  79   0   0],7,264,[16. 16.],[5.2 5. ],Glow Plugs,329006762,1761498755,1103
1761498755441820730,[ 52 160  50 160   4  79   0   0],7,264,[16. 16.],[5.2 5. ],Glow Plugs,441493049,1761498755,1103
1761498755533832844,[ 56 160  53 160   4  79   0   0],7,264,[16. 16.],[5.6 5.3],Glow Plugs,533511051,1761498755,1103
1761498755645886073,[ 56 160  53 160   4  79   0   0],7,264,[16. 16.],[5.6 5.3],Glow Plugs,645440920,1761498755,1103
1761498755737574506,[ 56 160  53 160   4  79   0   0],7,264,[16. 16.],[5.6 5.3],Glow Plugs,737356106,1761498755,1103
1761498755849881465,[ 60 160  56 161   4  79   0   0],7,264,[16.  16.1],[6.  5.6],Glow Plugs,849644728,1761498755,1103
1761498755931676908,[ 60 160  56 161   4  79   0   0],7,264,[16.  16.1],[6.  5.6],Glow Plugs,931399915,1761498755,1103
1761498756085057073,[ 60 160  56 161   4  79   0   0],7,264,[16.  16.1],[6.  5.6],Glow Plugs,84786992,1761498756,1103
1761498756157046851,[ 64 160  59 159   4  79   0   0],7,264,[16.  15.9],[6.4 5.9],Glow Plugs,156802467,1761498756,1103
1761498756248812496,[ 64 160  59 159   4  79   0   0],7,264,[16.  15.9],[6.4 5.9],Glow Plugs,248625199,1761498756,1103
1761498756340780669,[ 65 153  62 159   4  79   0   0],7,264,[15.3 15.9],[6.5 6.2],Glow Plugs,340587837,1761498756,1103
1761498756443436138,[ 65 153  62 159   4  79   0   0],7,264,[15.3 15.9],[6.5 6.2],Glow Plugs,442796936,1761498756,1103
1761498756535246486,[ 65 153  62 159   4  79   0   0],7,264,[15.3 15.9],[6.5 6.2],Glow Plugs,535007894,1761498756,1103
1761498756647685247,[ 65 144  65 159   4  79   0   0],7,264,[14.4 15.9],[6.5 6.5],Glow Plugs,647403199,1761498756,1103
1761498756739894221,[ 65 144  65 159   4  79   0   0],7,264,[14.4 15.9],[6.5 6.5],Glow Plugs,739676013,1761498756,1103
1761498756852257622,[ 65 136  65 151   4  79   0   0],7,264,[13.6 15.1],[6.5 6.5],Glow Plugs,851903189,1761498756,1103
1761498756943970019,[ 65 136  65 151   4  79   0   0],7,264,[13.6 15.1],[6.5 6.5],Glow Plugs,943800226,1761498756,1103
1761498757087836707,[ 65 136  65 151   4  79   0   0],7,264,[13.6 15.1],[6.5 6.5],Glow Plugs,87335202,1761498757,1103
1761498757159627442,[ 65 130  65 144   4  79   0   0],7,264,[13.  14.4],[6.5 6.5],Glow Plugs,159270481,1761498757,1103
1761498757251871067,[ 65 130  65 144   4  79   0   0],7,264,[13.  14.4],[6.5 6.5],Glow Plugs,251518746,1761498757,1103
1761498757343682595,[ 65 125  65 137   4  79   0   0],7,264,[12.5 13.7],[6.5 6.5],Glow Plugs,343489827,1761498757,1103
1761498757456479080,[ 65 125  65 137   4  79   0   0],7,264,[12.5 13.7],[6.5 6.5],Glow Plugs,456235879,1761498757,1103
1761498757538521396,[ 65 125  65 137   4  79   0   0],7,264,[12.5 13.7],[6.5 6.5],Glow Plugs,538221843,1761498757,1103
1761498757651372824,[ 65 120  65 131   4  79   0   0],7,264,[12.  13.1],[6.5 6.5],Glow Plugs,651076696,1761498757,1103
1761498757743117920,[ 65 120  65 131   4  79   0   0],7,264,[12.  13.1],[6.5 6.5],Glow Plugs,742834496,1761498757,1103
1761498757855798596,[ 65 120  65 131   4  79   0   0],7,264,[12.  13.1],[6.5 6.5],Glow Plugs,855434883,1761498757,1103
1761498757948010126,[ 65 116  65 126   4  79   0   0],7,264,[11.6 12.6],[6.5 6.5],Glow Plugs,947360972,1761498757,1103
1761498758092891818,[ 65 116  65 126   4  79   0   0],7,264,[11.6 12.6],[6.5 6.5],Glow Plugs,92639113,1761498758,1103
1761498758165027414,[ 65 112  65 122   4  79   0   0],7,264,[11.2 12.2],[6.5 6.5],Glow Plugs,164821877,1761498758,1103
1761498758264506287,[ 65 112  65 122   4  79   0   0],7,264,[11.2 12.2],[6.5 6.5],Glow Plugs,264040462,1761498758,1103
1761498758346997848,[ 65 112  65 122   4  79   0   0],7,264,[11.2 12.2],[6.5 6.5],Glow Plugs,346714647,1761498758,1103
1761498758459803479,[ 65 109  65 119   4  79   0   0],7,264,[10.9 11.9],[6.5 6.5],Glow Plugs,459299606,1761498758,1103
1761498758541695871,[ 65 109  65 119   4  79   0   0],7,264,[10.9 11.9],[6.5 6.5],Glow Plugs,541395038,1761498758,1103
1761498758654574398,[ 65 106  65 115   4  79   0   0],7,264,[10.6 11.5],[6.5 6.5],Glow Plugs,654064796,1761498758,1103
1761498758747020483,[ 65 106  65 115   4  79   0   0],7,264,[10.6 11.5],[6.5 6.5],Glow Plugs,746698242,1761498758,1103
1761498758859753410,[ 65 106  65 115   4  79   0   0],7,264,[10.6 11.5],[6.5 6.5],Glow Plugs,859540353,1761498758,1103
1761498758941224104,[ 65 103  65 112   4  79   0   0],7,264,[10.3 11.2],[6.5 6.5],Glow Plugs,941024391,1761498758,1103
1761498759095169238,[ 65 103  65 112   4  79   0   0],7,264,[10.3 11.2],[6.5 6.5],Glow Plugs,94960374,1761498759,1103
1761498759167269279,[ 65 101  65 109   4  79   0   0],7,264,[10.1 10.9],[6.5 6.5],Glow Plugs,167030270,1761498759,1103
1761498759259320254,[ 65 101  65 109   4  79   0   0],7,264,[10.1 10.9],[6.5 6.5],Glow Plugs,259012701,1761498759,1103
1761498759351204093,[ 65 101  65 109   4  79   0   0],7,264,[10.1 10.9],[6.5 6.5],Glow Plugs,351008669,1761498759,1103
1761498759453980699,[ 65  98  65 106   4  79   0   0],7,264,[ 9.8 10.6],[6.5 6.5],Glow Plugs,453620794,1761498759,1103
1761498759546812509,[ 65  98  65 106   4  79   0   0],7,264,[ 9.8 10.6],[6.5 6.5],Glow Plugs,546373147,1761498759,1103
1761498759659390837,[ 65  98  65 106   4  79   0   0],7,264,[ 9.8 10.6],[6.5 6.5],Glow Plugs,659112980,1761498759,1103
1761498759751657173,[ 65  96  65 104   4  79   0   0],7,264,[ 9.6 10.4],[6.5 6.5],Glow Plugs,751004820,1761498759,1103
1761498759864126030,[ 65  96  65 104   4  79   0   0],7,264,[ 9.6 10.4],[6.5 6.5],Glow Plugs,863879021,1761498759,1103
1761498759945999505,[ 65  95  65 102   4  79   0   0],7,264,[ 9.5 10.2],[6.5 6.5],Glow Plugs,945775889,1761498759,1103
1761498760099162454,[ 65  95  65 102   4  79   0   0],7,264,[ 9.5 10.2],[6.5 6.5],Glow Plugs,98983413,1761498760,1103
1761498760171230010,[ 65  95  65 102   4  79   0   0],7,264,[ 9.5 10.2],[6.5 6.5],Glow Plugs,170921818,1761498760,1103
1761498760263760407,[ 65  93  65 100   4  79   0   0],7,264,[ 9.3 10. ],[6.5 6.5],Glow Plugs,263263829,1761498760,1103
1761498760345730806,[ 65  93  65 100   4  79   0   0],7,264,[ 9.3 10. ],[6.5 6.5],Glow Plugs,345290773,1761498760,1103
1761498760458207497,[65 92 65 98  4 79  0  0],7,264,[9.2 9.8],[6.5 6.5],Glow Plugs,457843176,1761498760,1103
1761498760550060292,[65 92 65 98  4 79  0  0],7,264,[9.2 9.8],[6.5 6.5],Glow Plugs,549568514,1761498760,1103
1761498760662435638,[65 92 65 98  4 79  0  0],7,264,[9.2 9.8],[6.5 6.5],Glow Plugs,662174806,1761498760,1103
1761498760754627602,[65 91 65 97  4 79  0  0],7,264,[9.1 9.7],[6.5 6.5],Glow Plugs,754307409,1761498760,1103
1761498760867251109,[65 91 65 97  4 79  0  0],7,264,[9.1 9.7],[6.5 6.5],Glow Plugs,866896708,1761498760,1103
1761498760948662147,[65 89 65 95  4 79  0  0],7,264,[8.9 9.5],[6.5 6.5],Glow Plugs,948472194,1761498760,1103
1761498761102537634,[65 89 65 95  4 79  0  0],7,264,[8.9 9.5],[6.5 6.5],Glow Plugs,102222113,1761498761,1103
1761498761174757667,[65 89 65 95  4 79  0  0],7,264,[8.9 9.5],[6.5 6.5],Glow Plugs,174324770,1761498761,1103
1761498761267351739,[65 89 65 94  4 79  0  0],7,264,[8.9 9.4],[6.5 6.5],Glow Plugs,266706746,1761498761,1103
1761498761358865361,[65 89 65 94  4 79  0  0],7,264,[8.9 9.4],[6.5 6.5],Glow Plugs,358463600,1761498761,1103
1761498761460905314,[65 88 65 93  4 79  0  0],7,264,[8.8 9.3],[6.5 6.5],Glow Plugs,460625569,1761498761,1103
1761498761552762840,[65 88 65 93  4 79  0  0],7,264,[8.8 9.3],[6.5 6.5],Glow Plugs,552540215,1761498761,1103
1761498761665133573,[65 88 65 93  4 79  0  0],7,264,[8.8 9.3],[6.5 6.5],Glow Plugs,664948677,1761498761,1103
1761498761757368188,[65 87 65 92  4 79  0  0],7,264,[8.7 9.2],[6.5 6.5],Glow Plugs,757054907,1761498761,1103
1761498761869429448,[65 87 65 92  4 79  0  0],7,264,[8.7 9.2],[6.5 6.5],Glow Plugs,869132232,1761498761,1103
1761498761951299268,[65 86 65 91  4 79  0  0],7,264,[8.6 9.1],[6.5 6.5],Glow Plugs,951108035,1761498761,1103
1761498762105025627,[65 86 65 91  4 79  0  0],7,264,[8.6 9.1],[6.5 6.5],Glow Plugs,104826650,1761498762,1103
1761498762177072280,[65 86 65 91  4 79  0  0],7,264,[8.6 9.1],[6.5 6.5],Glow Plugs,176912056,1761498762,1103
1761498762269556139,[65 86 65 90  4 79  0  0],7,264,[8.6 9. ],[6.5 6.5],Glow Plugs,269047594,1761498762,1103
1761498762361648670,[65 86 65 90  4 79  0  0],7,264,[8.6 9. ],[6.5 6.5],Glow Plugs,361402813,1761498762,1103
1761498762463861899,[65 85 65 89  4 79  0  0],7,264,[8.5 8.9],[6.5 6.5],Glow Plugs,463697546,1761498762,1103
1761498762555970013,[65 85 65 89  4 79  0  0],7,264,[8.5 8.9],[6.5 6.5],Glow Plugs,555751292,1761498762,1103
1761498762668782310,[65 85 65 89  4 79  0  0],7,264,[8.5 8.9],[6.5 6.5],Glow Plugs,668384197,1761498762,1103
1761498762762426908,[65 84 65 88  4 79  0  0],7,264,[8.4 8.8],[6.5 6.5],Glow Plugs,761917019,1761498762,1103
1761498762863974183,[65 84 65 88  4 79  0  0],7,264,[8.4 8.8],[6.5 6.5],Glow Plugs,863734790,1761498762,1103
1761498762955571352,[65 84 65 88  4 79  0  0],7,264,[8.4 8.8],[6.5 6.5],Glow Plugs,955363928,1761498762,1103
1761498763109182183,[65 84 65 88  4 79  0  0],7,264,[8.4 8.8],[6.5 6.5],Glow Plugs,108900710,1761498763,1103
1761498763180988896,[65 84 65 88  4 79  0  0],7,264,[8.4 8.8],[6.5 6.5],Glow Plugs,180716096,1761498763,1103
1761498763273657744,[65 84 65 88  4 79  0  0],7,264,[8.4 8.8],[6.5 6.5],Glow Plugs,272733325,1761498763,1103
1761498763365296956,[65 84 65 88  4 79  0  0],7,264,[8.4 8.8],[6.5 6.5],Glow Plugs,364728795,1761498763,1103
1761498763468097158,[65 84 65 88  4 79  0  0],7,264,[8.4 8.8],[6.5 6.5],Glow Plugs,467716517,1761498763,1103
1761498763560258260,[65 83 65 87  4 79  0  0],7,264,[8.3 8.7],[6.5 6.5],Glow Plugs,559721971,1761498763,1103
1761498763671945780,[65 83 65 87  4 81  0  0],7,264,[8.3 8.7],[6.5 6.5],Glow Plugs,671765812,1761498763,1105
1761498763763995170,[65 83 65 87  4 81  0  0],7,264,[8.3 8.7],[6.5 6.5],Glow Plugs,763847842,1761498763,1105
1761498763876696389,[65 83 65 87  4 81  0  0],7,264,[8.3 8.7],[6.5 6.5],Glow Plugs,876493925,1761498763,1105
1761498763958939098,[65 83 65 87  4 81  0  0],7,264,[8.3 8.7],[6.5 6.5],Glow Plugs,958568729,1761498763,1105
1761498764112489441,[65 83 65 86  4 81  0  0],7,264,[8.3 8.6],[6.5 6.5],Glow Plugs,112091680,1761498764,1105
1761498764184296695,[65 83 65 86  4 81  0  0],7,264,[8.3 8.6],[6.5 6.5],Glow Plugs,184147319,1761498764,1105
1761498764276748737,[65 82 65 86  4 81  0  0],7,264,[8.2 8.6],[6.5 6.5],Glow Plugs,276501601,1761498764,1105
1761498764369489772,[65 82 65 86  4 81  0  0],7,264,[8.2 8.6],[6.5 6.5],Glow Plugs,368764555,1761498764,1105
1761498764471322894,[65 82 65 86  4 81  0  0],7,264,[8.2 8.6],[6.5 6.5],Glow Plugs,471135694,1761498764,1105
1761498764563547064,[65 82 65 86  4 81  0  0],7,264,[8.2 8.6],[6.5 6.5],Glow Plugs,563238071,1761498764,1105
1761498764676281654,[65 82 65 86  4 81  0  0],7,264,[8.2 8.6],[6.5 6.5],Glow Plugs,675969941,1761498764,1105
1761498764768231743,[65 82 65 87  4 81  0  0],7,264,[8.2 8.7],[6.5 6.5],Glow Plugs,767676126,1761498764,1105
1761498764880438524,[65 82 65 87  4 81  0  0],7,264,[8.2 8.7],[6.5 6.5],Glow Plugs,880139099,1761498764,1105
1761498764962231915,[65 82 65 87  4 81  0  0],7,264,[8.2 8.7],[6.5 6.5],Glow Plugs,961888650,1761498764,1105
1761498765115912235,[65 83 65 88  4 81  0  0],7,264,[8.3 8.8],[6.5 6.5],Glow Plugs,115616618,1761498765,1105
1761498765187897054,[65 83 65 88  4 81  0  0],7,264,[8.3 8.8],[6.5 6.5],Glow Plugs,187669790,1761498765,1105
1761498765280462436,[65 83 65 88  4 81  0  0],7,264,[8.3 8.8],[6.5 6.5],Glow Plugs,279993795,1761498765,1105
1761498765372168105,[65 83 65 88  4 81  0  0],7,264,[8.3 8.8],[6.5 6.5],Glow Plugs,371895560,1761498765,1105
1761498765474728008,[65 83 65 88  4 81  0  0],7,264,[8.3 8.8],[6.5 6.5],Glow Plugs,474131430,1761498765,1105
1761498765566051275,[ 65  84  65  90   4 177   0   0],7,264,[8.4 9. ],[6.5 6.5],Glow Plugs,565782218,1761498765,1201
1761498765679445637,[ 65  84  65  90   4 177   0   0],7,264,[8.4 9. ],[6.5 6.5],Glow Plugs,679134468,1761498765,1201
1761498765771745931,[ 65  84  65  90   4 177   0   0],7,264,[8.4 9. ],[6.5 6.5],Glow Plugs,771069993,1761498765,1201
1761498765883660001,[ 65  85  65  91   4 177   0   0],7,264,[8.5 9.1],[6.5 6.5],Glow Plugs,883303200,1761498765,1201
1761498765965747725,[ 65  85  65  91   4 177   0   0],7,264,[8.5 9.1],[6.5 6.5],Glow Plugs,965271724,1761498765,1201
1761498766119053221,[ 65  85  65  92   4 177   0   0],7,264,[8.5 9.2],[6.5 6.5],Glow Plugs,118774340,1761498766,1201
1761498766190825396,[ 65  85  65  92   4 177   0   0],7,264,[8.5 9.2],[6.5 6.5],Glow Plugs,190552820,1761498766,1201
1761498766283091253,[ 65  85  65  92   4 177   0   0],7,264,[8.5 9.2],[6.5 6.5],Glow Plugs,282765749,1761498766,1201
1761498766374981302,[ 65  85  65  93   4 177   0   0],7,264,[8.5 9.3],[6.5 6.5],Glow Plugs,374719989,1761498766,1201
1761498766476968207,[ 65  85  65  93   4 177   0   0],7,264,[8.5 9.3],[6.5 6.5],Glow Plugs,476663918,1761498766,1201
1761498766569103407,[ 65  86  65  94   4 177   0   0],7,264,[8.6 9.4],[6.5 6.5],Glow Plugs,568632142,1761498766,1201
1761498766681724258,[ 65  86  65  94   4 177   0   0],7,264,[8.6 9.4],[6.5 6.5],Glow Plugs,681476994,1761498766,1201
1761498766773707267,[ 65  86  65  94   4 177   0   0],7,264,[8.6 9.4],[6.5 6.5],Glow Plugs,773287522,1761498766,1201
1761498766886099285,[ 65  86  65  95   4 177   0   0],7,264,[8.6 9.5],[6.5 6.5],Glow Plugs,885829684,1761498766,1201
1761498766967671068,[ 65  86  65  95   4 177   0   0],7,264,[8.6 9.5],[6.5 6.5],Glow Plugs,967351035,1761498766,1201
1761498767121762671,[ 65  86  65  96   4 177   0   0],7,264,[8.6 9.6],[6.5 6.5],Glow Plugs,120944973,1761498767,1201
1761498767193282554,[ 65  86  65  96   4 177   0   0],7,264,[8.6 9.6],[6.5 6.5],Glow Plugs,193034681,1761498767,1201
1761498767286075416,[ 65  86  65  96   4 177   0   0],7,264,[8.6 9.6],[6.5 6.5],Glow Plugs,285698551,1761498767,1201
1761498767378212821,[ 65  86  65  97   4 177   0   0],7,264,[8.6 9.7],[6.5 6.5],Glow Plugs,377869780,1761498767,1201
1761498767481046827,[ 65  86  65  97   4 177   0   0],7,264,[8.6 9.7],[6.5 6.5],Glow Plugs,480858603,1761498767,1201
1761498767574079178,[ 65  86  65  97   4 177   0   0],7,264,[8.6 9.7],[6.5 6.5],Glow Plugs,573734409,1761498767,1201
1761498767687040824,[ 65  87  65  98   4 177   0   0],7,264,[8.7 9.8],[6.5 6.5],Glow Plugs,686557655,1761498767,1201
1761498767781519770,[ 65  87  65  98   4 177   0   0],7,264,[8.7 9.8],[6.5 6.5],Glow Plugs,781242490,1761498767,1201
1761498767884101072,[ 65  87  65  98   4 177   0   0],7,264,[8.7 9.8],[6.5 6.5],Glow Plugs,883576911,1761498767,1201
1761498767975889900,[ 65  87  65  98   4 177   0   0],7,264,[8.7 9.8],[6.5 6.5],Glow Plugs,975657867,1761498767,1201
1761498768129496950,[ 65  87  65  98   4 177   0   0],7,264,[8.7 9.8],[6.5 6.5],Glow Plugs,129166773,1761498768,1201
1761498768201402558,[ 65  88  65  98   4 177   0   0],7,264,[8.8 9.8],[6.5 6.5],Glow Plugs,201222142,1761498768,1201
1761498768284170849,[ 65  88  65  98   4 177   0   0],7,264,[8.8 9.8],[6.5 6.5],Glow Plugs,283843616,1761498768,1201
1761498768376148825,[ 65  88  65  99   4 177   0   0],7,264,[8.8 9.9],[6.5 6.5],Glow Plugs,375902552,1761498768,1201
1761498768488568897,[ 65  88  65  99   4 177   0   0],7,264,[8.8 9.9],[6.5 6.5],Glow Plugs,488292832,1761498768,1201
1761498768581088538,[ 65  88  65  99   4 177   0   0],7,264,[8.8 9.9],[6.5 6.5],Glow Plugs,580566649,1761498768,1201
1761498768694194819,[ 65  89  65 100   4 177   0   0],7,264,[ 8.9 10. ],[6.5 6.5],Glow Plugs,693541538,1761498768,1201
1761498768776655973,[ 65  89  65 100   4 177   0   0],7,264,[ 8.9 10. ],[6.5 6.5],Glow Plugs,776226948,1761498768,1201
1761498768888962029,[ 65  89  65 100   4 177   0   0],7,264,[ 8.9 10. ],[6.5 6.5],Glow Plugs,888749068,1761498768,1201
1761498768981011973,[ 65  89  65 100   4 177   0   0],7,264,[ 8.9 10. ],[6.5 6.5],Glow Plugs,980742532,1761498768,1201
1761498769135285065,[ 65  89  65 100   4 177   0   0],7,264,[ 8.9 10. ],[6.5 6.5],Glow Plugs,134951080,1761498769,1201
1761498769207440911,[ 65  90  65 100   4 177   0   0],7,264,[ 9. 10.],[6.5 6.5],Glow Plugs,207122894,1761498769,1201
1761498769289655884,[ 65  90  65 100   4 177   0   0],7,264,[ 9. 10.],[6.5 6.5],Glow Plugs,289347564,1761498769,1201
1761498769381624704,[ 65  90  65 100   4 177   0   0],7,264,[ 9. 10.],[6.5 6.5],Glow Plugs,381413088,1761498769,1201
1761498769494681252,[ 65  90  65 100   4 177   0   0],7,264,[ 9. 10.],[6.5 6.5],Glow Plugs,494400548,1761498769,1201
1761498769576886882,[ 65  90  65 100   4 177   0   0],7,264,[ 9. 10.],[6.5 6.5],Glow Plugs,576519169,1761498769,1201
1761498769689503205,[ 65  90  65 101   4 177   0   0],7,264,[ 9.  10.1],[6.5 6.5],Glow Plugs,689132484,1761498769,1201
1761498769781547225,[ 65  90  65 101   4 177   0   0],7,264,[ 9.  10.1],[6.5 6.5],Glow Plugs,781330424,1761498769,1201
1761498769894038972,[ 65  90  65 101   4 177   0   0],7,264,[ 9.  10.1],[6.5 6.5],Glow Plugs,893678267,1761498769,1201
1761498769986037583,[ 65  91  65 101   4 177   0   0],7,264,[ 9.1 10.1],[6.5 6.5],Glow Plugs,985484334,1761498769,1201
1761498770130563286,[ 65  91  65 101   4 177   0   0],7,264,[ 9.1 10.1],[6.5 6.5],Glow Plugs,130342838,1761498770,1201
1761498770202973498,[ 65  92  65 102   4 177   0   0],7,264,[ 9.2 10.2],[6.5 6.5],Glow Plugs,202728249,1761498770,1201
1761498770295337450,[ 65  92  65 102   4 177   0   0],7,264,[ 9.2 10.2],[6.5 6.5],Glow Plugs,295010730,1761498770,1201
1761498770387294618,[ 65  92  65 102   4 177   0   0],7,264,[ 9.2 10.2],[6.5 6.5],Glow Plugs,386977401,1761498770,1201
1761498770489878209,[ 65  92  65 102   4 177   0   0],7,264,[ 9.2 10.2],[6.5 6.5],Glow Plugs,489304896,1761498770,1201
1761498770582153937,[ 65  92  65 102   4 177   0   0],7,264,[ 9.2 10.2],[6.5 6.5],Glow Plugs,581888113,1761498770,1201
1761498770694612527,[ 65  92  65 102   4 177   0   0],7,264,[ 9.2 10.2],[6.5 6.5],Glow Plugs,694269486,1761498770,1201
1761498770786967040,[ 65  92  65 102   4 177   0   0],7,264,[ 9.2 10.2],[6.5 6.5],Glow Plugs,786689663,1761498770,1201
1761498770898979644,[ 65  92  65 102   4 177   0   0],7,264,[ 9.2 10.2],[6.5 6.5],Glow Plugs,898701468,1761498770,1201
1761498770980707349,[ 65  92  65 102   4 177   0   0],7,264,[ 9.2 10.2],[6.5 6.5],Glow Plugs,980488404,1761498770,1201
1761498771134286218,[ 65  92  65 102   4 177   0   0],7,264,[ 9.2 10.2],[6.5 6.5],Glow Plugs,133948969,1761498771,1201
1761498771206024200,[ 65  92  65 102   4 177   0   0],7,264,[ 9.2 10.2],[6.5 6.5],Glow Plugs,205829128,1761498771,1201
1761498771298844341,[ 65  92  65 102   4 177   0   0],7,264,[ 9.2 10.2],[6.5 6.5],Glow Plugs,298470005,1761498771,1201
1761498771390625696,[ 65  92  65 102   4 177   0   0],7,264,[ 9.2 10.2],[6.5 6.5],Glow Plugs,390320064,1761498771,1201
1761498771492474562,[ 65  92  65 102   4 177   0   0],7,264,[ 9.2 10.2],[6.5 6.5],Glow Plugs,492270593,1761498771,1201
1761498771585257295,[ 65  92  65 102   4 177   0   0],7,264,[ 9.2 10.2],[6.5 6.5],Glow Plugs,584895022,1761498771,1201
1761498771697232518,[ 65  92  65 102   4 177   0   0],7,264,[ 9.2 10.2],[6.5 6.5],Glow Plugs,697028998,1761498771,1201
1761498771789316018,[ 65  92  65 102   4 177   0   0],7,264,[ 9.2 10.2],[6.5 6.5],Glow Plugs,788937425,1761498771,1201
1761498771902333676,[ 65  92  65 102   4 177   0   0],7,264,[ 9.2 10.2],[6.5 6.5],Glow Plugs,902015147,1761498771,1201
1761498771984326273,[ 65  93  65 102   4 177   0   0],7,264,[ 9.3 10.2],[6.5 6.5],Glow Plugs,984010465,1761498771,1201
1761498772139109394,[ 65  93  65 102   4 177   0   0],7,264,[ 9.3 10.2],[6.5 6.5],Glow Plugs,138789201,1761498772,1201
1761498772211710703,[ 65  93  65 102   4 177   0   0],7,264,[ 9.3 10.2],[6.5 6.5],Glow Plugs,211282478,1761498772,1201
1761498772303945143,[ 65  92  65 102   5 122   0   0],7,264,[ 9.2 10.2],[6.5 6.5],Glow Plugs,303722486,1761498772,1402
1761498772385722504,[ 65  92  65 102   5 122   0   0],7,264,[ 9.2 10.2],[6.5 6.5],Glow Plugs,385444775,1761498772,1402
1761498772498320412,[ 65  93  65 102   5 122   0   0],7,264,[ 9.3 10.2],[6.5 6.5],Glow Plugs,498062875,1761498772,1402
1761498772590713508,[ 65  93  65 102   5 122   0   0],7,264,[ 9.3 10.2],[6.5 6.5],Glow Plugs,590321923,1761498772,1402
1761498772703322296,[ 65  93  65 102   5 122   0   0],7,264,[ 9.3 10.2],[6.5 6.5],Glow Plugs,702885335,1761498772,1402
1761498772795421600,[ 65  93  65 102   5 122   0   0],7,264,[ 9.3 10.2],[6.5 6.5],Glow Plugs,795073759,1761498772,1402
1761498772897685597,[ 65  93  65 102   5 122   0   0],7,264,[ 9.3 10.2],[6.5 6.5],Glow Plugs,897426717,1761498772,1402
1761498772989374948,[ 65  92  65 102   5 122   0   0],7,264,[ 9.2 10.2],[6.5 6.5],Glow Plugs,989195811,1761498772,1402
1761498773143233387,[ 65  92  65 102   5 122   0   0],7,264,[ 9.2 10.2],[6.5 6.5],Glow Plugs,142910858,1761498773,1402
1761498773215178212,[ 65  92  65 102   5 122   0   0],7,264,[ 9.2 10.2],[6.5 6.5],Glow Plugs,214822083,1761498773,1402
1761498773308386057,[ 65  92  65 102   5 122   0   0],7,264,[ 9.2 10.2],[6.5 6.5],Glow Plugs,308060777,1761498773,1402
1761498773390722808,[ 65  92  65 102   5 122   0   0],7,264,[ 9.2 10.2],[6.5 6.5],Glow Plugs,390336631,1761498773,1402
1761498773502736614,[ 65  91  65 101   5 122   0   0],7,264,[ 9.1 10.1],[6.5 6.5],Glow Plugs,502487941,1761498773,1402
1761498773595274666,[ 65  91  65 101   5 122   0   0],7,264,[ 9.1 10.1],[6.5 6.5],Glow Plugs,594971306,1761498773,1402
1761498773707629977,[ 65  91  65 101   5 122   0   0],7,264,[ 9.1 10.1],[6.5 6.5],Glow Plugs,707319000,1761498773,1402
1761498773791199466,[ 65  90  65 100   5 122   0   0],7,264,[ 9. 10.],[6.5 6.5],Glow Plugs,790903338,1761498773,1402
1761498773903532313,[ 65  90  65 100   5 122   0   0],7,264,[ 9. 10.],[6.5 6.5],Glow Plugs,903156248,1761498773,1402
1761498773995577308,[ 65  90  65 100   5 122   0   0],7,264,[ 9. 10.],[6.5 6.5],Glow Plugs,995207931,1761498773,1402
1761498774149577788,[ 65  90  65 100   5 122   0   0],7,264,[ 9. 10.],[6.5 6.5],Glow Plugs,149106843,1761498774,1402
1761498774221393138,[ 65  90  65 100   5 122   0   0],7,264,[ 9. 10.],[6.5 6.5],Glow Plugs,221149681,1761498774,1402
1761498774303802589,[ 32  43  32  47   5 122   0   0],7,264,[4.3 4.7],[3.2 3.2],Glow Plugs,303512252,1761498774,1402
1761498774396175485,[ 32  43  32  47   5 122   0   0],7,264,[4.3 4.7],[3.2 3.2],Glow Plugs,395932828,1761498774,1402
1761498774508022981,[ 32  43  32  47   5 122   0   0],7,264,[4.3 4.7],[3.2 3.2],Glow Plugs,507777989,1761498774,1402
1761498774600253669,[  0   0   0   0   5 122   0   0],7,264,[0. 0.],[0. 0.],Glow Plugs,600033508,1761498774,1402
1761498774712604142,[  0   0   0   0   5 122   0   0],7,264,[0. 0.],[0. 0.],Glow Plugs,712415406,1761498774,1402
1761498774795172538,[  0   0   0   0   5 122   0   0],7,264,[0. 0.],[0. 0.],Glow Plugs,794860409,1761498774,1402
1761498774907376643,[  0   0   0   0   5 122   0   0],7,264,[0. 0.],[0. 0.],Glow Plugs,907064227,1761498774,1402
1761498774999938404,[  0   0   0   0   5 122   0   0],7,264,[0. 0.],[0. 0.],Glow Plugs,999274082,1761498774,1402
1761498775153760317,[  0   0   0   0   5 122   0   0],7,264,[0. 0.],[0. 0.],Glow Plugs,153470908,1761498775,1402
1761498775225775247,[  0   0   0   0   5 122   0   0],7,264,[0. 0.],[0. 0.],Glow Plugs,225545807,1761498775,1402
1761498775308315927,[  0   0   0   0   5 122   0   0],7,264,[0. 0.],[0. 0.],Glow Plugs,308105815,1761498775,1402
1761498775400347346,[  0   0   0   0   5 122   0   0],7,264,[0. 0.],[0. 0.],Glow Plugs,400150098,1761498775,1402
1761498775512731319,[  0   0   0   0   5 122   0   0],7,264,[0. 0.],[0. 0.],Glow Plugs,512476022,1761498775,1402
1761498775605002259,[  0   0   0   0   5 122   0   0],7,264,[0. 0.],[0. 0.],Glow Plugs,604556178,1761498775,1402
1761498775707305347,[  0   0   0   0   5 122   0   0],7,264,[0. 0.],[0. 0.],Glow Plugs,707004962,1761498775,1402
1761498775799457246,[  0   0   0   0   5 122   0   0],7,264,[0. 0.],[0. 0.],Glow Plugs,799176862,1761498775,1402
1761498775911875971,[  0   0   0   0   5 122   0   0],7,264,[0. 0.],[0. 0.],Glow Plugs,911688963,1761498775,1402
1761498776003938654,[  0   0   0   0   5 122   0   0],7,264,[0. 0.],[0. 0.],Glow Plugs,3619358,1761498776,1402
1761498776157512816,[  0   0   0   0   5 122   0   0],7,264,[0. 0.],[0. 0.],Glow Plugs,157210831,1761498776,1402
1761498776229735392,[  0   0   0   0   5 122   0   0],7,264,[0. 0.],[0. 0.],Glow Plugs,229172223,1761498776,1402
1761498776311429315,[  0   0   0   0   5 122   0   0],7,264,[0. 0.],[0. 0.],Glow Plugs,311132482,1761498776,1402
1761498776403351994,[  0   0   0   0   5 122   0   0],7,264,[0. 0.],[0. 0.],Glow Plugs,403051929,1761498776,1402
1761498776515641561,[  0   0   0   0   5 122   0   0],7,264,[0. 0.],[0. 0.],Glow Plugs,515334489,1761498776,1402
1761498776607750929,[  0   0   0   0   5 122   0   0],7,264,[0. 0.],[0. 0.],Glow Plugs,607351792,1761498776,1402
1761498776709905628,[  0   0   0   0   5 122   0   0],7,264,[0. 0.],[0. 0.],Glow Plugs,709637819,1761498776,1402
1761498776801638035,[  0   0   0   0   5 122   0   0],7,264,[0. 0.],[0. 0.],Glow Plugs,801437490,1761498776,1402
1761498776914442323,[  0   0   0   0   5 122   0   0],7,264,[0. 0.],[0. 0.],Glow Plugs,914112307,1761498776,1402
1761498777006219242,[  0   0   0   0   5 122   0   0],7,264,[0. 0.],[0. 0.],Glow Plugs,5930793,1761498777,1402
1761498777160879543,[  0   0   0   0   5 122   0   0],7,264,[0. 0.],[0. 0.],Glow Plugs,160597815,1761498777,1402
1761498777232976836,[  0   0   0   0   5 122   0   0],7,264,[0. 0.],[0. 0.],Glow Plugs,232670659,1761498777,1402
1761498777315771045,[  0   0   0   0   5 122   0   0],7,264,[0. 0.],[0. 0.],Glow Plugs,315069219,1761498777,1402
1761498777407515992,[  0   0   0   0   5 122   0   0],7,264,[0. 0.],[0. 0.],Glow Plugs,407151575,1761498777,1402
1761498777520618292,[  0   0   0   0   5 122   0   0],7,264,[0. 0.],[0. 0.],Glow Plugs,519912531,1761498777,1402
1761498777620538071,[  0   0   0   0   5 122   0   0],7,264,[0. 0.],[0. 0.],Glow Plugs,619338452,1761498777,1402
1761498777722488669,[  0   0   0   0   5 122   0   0],7,264,[0. 0.],[0. 0.],Glow Plugs,722167805,1761498777,1402
1761498777804401181,[  0   0   0   0   5 122   0   0],7,264,[0. 0.],[0. 0.],Glow Plugs,804030044,1761498777,1402
1761498777916761176,[  0   0   0   0   5 122   0   0],7,264,[0. 0.],[0. 0.],Glow Plugs,916280599,1761498777,1402
1761498778008355594,[  0   0   0   0   5 122   0   0],7,264,[0. 0.],[0. 0.],Glow Plugs,8121961,1761498778,1402
1761498778161557006,[  0   0   0   0   5 122   0   0],7,264,[0. 0.],[0. 0.],Glow Plugs,161375629,1761498778,1402
1761498778233616695,[  0   0   0   0   5 122   0   0],7,264,[0. 0.],[0. 0.],Glow Plugs,233371959,1761498778,1402
1761498778315718195,[  0   0   0   0   5 122   0   0],7,264,[0. 0.],[0. 0.],Glow Plugs,315293107,1761498778,1402
1761498778407721539,[  0   0   0   0   5 122   0   0],7,264,[0. 0.],[0. 0.],Glow Plugs,407391810,1761498778,1402
1761498778519926745,[  0   0   0   0   5 122   0   0],7,264,[0. 0.],[0. 0.],Glow Plugs,519553720,1761498778,1402
1761498778612938314,[  0   0   0   0   5 122   0   0],7,264,[0. 0.],[0. 0.],Glow Plugs,612363337,1761498778,1402
1761498778724938975,[  0   0   0   0   5 122   0   0],7,264,[0. 0.],[0. 0.],Glow Plugs,724637727,1761498778,1402
1761498778806555291,[  0   0   0   0   5 122   0   0],7,264,[0. 0.],[0. 0.],Glow Plugs,806331770,1761498778,1402
1761498778918472528,[  0   0   0   0   5 122   0   0],7,264,[0. 0.],[0. 0.],Glow Plugs,918277904,1761498778,1402
1761498779010475839,[  0   0   0   0   5 122   0   0],7,264,[0. 0.],[0. 0.],Glow Plugs,10263231,1761498779,1402
1761498779163851645,[  0   0   0   0   5 122   0   0],7,264,[0. 0.],[0. 0.],Glow Plugs,163672092,1761498779,1402
1761498779236138371,[  0   0   0   0   5 122   0   0],7,264,[0. 0.],[0. 0.],Glow Plugs,235870339,1761498779,1402
1761498779328071279,[  0   0   0   0   5 122   0   0],7,264,[0. 0.],[0. 0.],Glow Plugs,327875022,1761498779,1402
1761498779409941031,[  0   0   0   0   5 122   0   0],7,264,[0. 0.],[0. 0.],Glow Plugs,409653095,1761498779,1402
1761498779522571577,[  0   0   0   0   5 122   0   0],7,264,[0. 0.],[0. 0.],Glow Plugs,522069176,1761498779,1402
1761498779614114308,[  0   0   0   0   5 122   0   0],7,264,[0. 0.],[0. 0.],Glow Plugs,613866755,1761498779,1402
1761498779726430101,[  0   0   0   0   5 122   0   0],7,264,[0. 0.],[0. 0.],Glow Plugs,726097684,1761498779,1402
1761498779818521504,[  0   0   0   0   5 122   0   0],7,264,[0. 0.],[0. 0.],Glow Plugs,817868415,1761498779,1402
1761498779920409630,[  0   0   0   0   5 122   0   0],7,264,[0. 0.],[0. 0.],Glow Plugs,920192510,1761498779,1402
1761498780012301385,[  0   0   0   0   5 122   0   0],7,264,[0. 0.],[0. 0.],Glow Plugs,12127081,1761498780,1402
1761498780165924801,[  0   0   0   0   5 122   0   0],7,264,[0. 0.],[0. 0.],Glow Plugs,165683680,1761498780,1402
1761498780238232964,[  0   0   0   0   5 122   0   0],7,264,[0. 0.],[0. 0.],Glow Plugs,237853796,1761498780,1402
1761498780330197132,[  0   0   0   0   5 122   0   0],7,264,[0. 0.],[0. 0.],Glow Plugs,329935755,1761498780,1402
1761498780411823648,[  0   0   0   0   5 122   0   0],7,264,[0. 0.],[0. 0.],Glow Plugs,411363680,1761498780,1402
1761498780523886509,[  0   0   0   0   5 122   0   0],7,264,[0. 0.],[0. 0.],Glow Plugs,523590828,1761498780,1402
1761498780615862068,[  0   0   0   0   5 122   0   0],7,264,[0. 0.],[0. 0.],Glow Plugs,615354739,1761498780,1402
1761498780727988256,[  0   0   0   0   5 122   0   0],7,264,[0. 0.],[0. 0.],Glow Plugs,727746112,1761498780,1402
1761498780820211784,[  0   0   0   0   5 122   0   0],7,264,[0. 0.],[0. 0.],Glow Plugs,819444519,1761498780,1402
1761498780931866099,[  0   0   0   0   5 122   0   0],7,264,[0. 0.],[0. 0.],Glow Plugs,931625939,1761498780,1402
1761498781013333383,[  0   0   0   0   5 122   0   0],7,264,[0. 0.],[0. 0.],Glow Plugs,13136871,1761498781,1402
1761498781167039865,[  0   0   0   0   5 122   0   0],7,264,[0. 0.],[0. 0.],Glow Plugs,166785400,1761498781,1402
1761498781239287161,[  0   0   0   0   5 122   0   0],7,264,[0. 0.],[0. 0.],Glow Plugs,238729080,1761498781,1402
1761498781331661214,[  0   0   0   0   5 122   0   0],7,264,[0. 0.],[0. 0.],Glow Plugs,331335709,1761498781,1402
1761498781423360609,[  0   0   0   0   5 122   0   0],7,264,[0. 0.],[0. 0.],Glow Plugs,423079680,1761498781,1402
1761498781535645001,[  0   0   0   0   5 122   0   0],7,264,[0. 0.],[0. 0.],Glow Plugs,535336552,1761498781,1402
1761498781617103130,[  0   0   0   0   5 122   0   0],7,264,[0. 0.],[0. 0.],Glow Plugs,616780025,1761498781,1402
1761498781729400993,[  0   0   0   0   5 122   0   0],7,264,[0. 0.],[0. 0.],Glow Plugs,729178049,1761498781,1402
1761498781821768326,[  0   0   0   0   5 122   0   0],7,264,[0. 0.],[0. 0.],Glow Plugs,821478949,1761498781,1402
1761498781933927853,[  0   0   0   0   5 122   0   0],7,264,[0. 0.],[0. 0.],Glow Plugs,933690701,1761498781,1402
1761498782026199697,[  0   0   0   0   5 122   0   0],7,264,[0. 0.],[0. 0.],Glow Plugs,25889840,1761498782,1402
1761498782172068430,[  0   0   0   0   5 122   0   0],7,264,[0. 0.],[0. 0.],Glow Plugs,171307885,1761498782,1402
1761498782243576138,[  0   0   0   0   5 122   0   0],7,264,[0. 0.],[0. 0.],Glow Plugs,243179466,1761498782,1402
1761498782335905099,[  0   0   0   0   5 122   0   0],7,264,[0. 0.],[0. 0.],Glow Plugs,335635434,1761498782,1402
1761498782427889355,[  0   0   0   0   5 122   0   0],7,264,[0. 0.],[0. 0.],Glow Plugs,427636298,1761498782,1402
1761498782530612957,[  0   0   0   0   5 122   0   0],7,264,[0. 0.],[0. 0.],Glow Plugs,530289629,1761498782,1402
1761498782622722173,[  0   0   0   0   5 122   0   0],7,264,[0. 0.],[0. 0.],Glow Plugs,622408317,1761498782,1402
1761498782735592865,[  0   0   0   0   5 122   0   0],7,264,[0. 0.],[0. 0.],Glow Plugs,735165377,1761498782,1402
1761498782827354401,[  0   0   0   0   5 122   0   0],7,264,[0. 0.],[0. 0.],Glow Plugs,827140256,1761498782,1402
1761498782940325637,[  0   0   0   0   5 122   0   0],7,264,[0. 0.],[0. 0.],Glow Plugs,939972837,1761498782,1402
1761498783022272179,[  0   0   0   0   5 122   0   0],7,264,[0. 0.],[0. 0.],Glow Plugs,21948498,1761498783,1402
1761498783176462488,[  0   0   0   0   5 122   0   0],7,264,[0. 0.],[0. 0.],Glow Plugs,176157528,1761498783,1402
1761498783248644563,[  0   0   0   0   5 122   0   0],7,264,[0. 0.],[0. 0.],Glow Plugs,248400754,1761498783,1402
1761498783335916071,[  0   0   0   0   5 122   0   0],7,264,[0. 0.],[0. 0.],Glow Plugs,335736039,1761498783,1402
1761498783427951843,[  0   0   0   0   5 122   0   0],7,264,[0. 0.],[0. 0.],Glow Plugs,427727299,1761498783,1402
1761498783540438626,[  0   0   0   0   5 122   0   0],7,264,[0. 0.],[0. 0.],Glow Plugs,540118209,1761498783,1402
1761498783623647375,[  0   0   0   0   5 122   0   0],7,264,[0. 0.],[0. 0.],Glow Plugs,623018094,1761498783,1402
1761498783735695053,[  0   0   0   0   5 122   0   0],7,264,[0. 0.],[0. 0.],Glow Plugs,735412301,1761498783,1402
1761498783827892938,[  0   0   0   0   5 122   0   0],7,264,[0. 0.],[0. 0.],Glow Plugs,827608105,1761498783,1402
1761498783940073832,[  0   0   0   0   5 122   0   0],7,264,[0. 0.],[0. 0.],Glow Plugs,939751720,1761498783,1402
1761498784032209699,[  0   0   0   0   5 122   0   0],7,264,[0. 0.],[0. 0.],Glow Plugs,31837091,1761498784,1402
1761498784176207698,[  0   0   0   0   5 122   0   0],7,264,[0. 0.],[0. 0.],Glow Plugs,175943633,1761498784,1402
1761498784248655818,[  0   0   0   0   5 122   0   0],7,264,[0. 0.],[0. 0.],Glow Plugs,248332937,1761498784,1402
1761498784340687938,[  0   0   0   0   5 122   0   0],7,264,[0. 0.],[0. 0.],Glow Plugs,340503842,1761498784,1402
1761498784432575098,[  0   0   0   0   5 122   0   0],7,264,[0. 0.],[0. 0.],Glow Plugs,432339450,1761498784,1402
1761498784545064245,[  0   0   0   0   5 122   0   0],7,264,[0. 0.],[0. 0.],Glow Plugs,544779540,1761498784,1402
1761498784627234781,[  0   0   0   0   5 122   0   0],7,264,[0. 0.],[0. 0.],Glow Plugs,626923740,1761498784,1402
1761498784739636151,[  0   0   0   0   5 122   0   0],7,264,[0. 0.],[0. 0.],Glow Plugs,739207350,1761498784,1402
1761498784831610063,[  0   0   0   0   5 122   0   0],7,264,[0. 0.],[0. 0.],Glow Plugs,831284911,1761498784,1402
1761498784943947657,[  0   0   0   0   5 122   0   0],7,264,[0. 0.],[0. 0.],Glow Plugs,943729353,1761498784,1402
1761498785035987648,[  0   0   0   0   5 122   0   0],7,264,[0. 0.],[0. 0.],Glow Plugs,35728768,1761498785,1402
1761498785179648968,[  0   0   0   0   5 122   0   0],7,264,[0. 0.],[0. 0.],Glow Plugs,179372680,1761498785,1402
1761498785252064125,[  0   0   0   0   5 122   0   0],7,264,[0. 0.],[0. 0.],Glow Plugs,251575453,1761498785,1402
1761498785344196114,[  0   0   0   0   5 122   0   0],7,264,[0. 0.],[0. 0.],Glow Plugs,343971666,1761498785,1402
1761498785436335111,[  0   0   0   0   5 122   0   0],7,264,[0. 0.],[0. 0.],Glow Plugs,435803846,1761498785,1402
1761498785548138268,[  0   0   0   0   5 122   0   0],7,264,[0. 0.],[0. 0.],Glow Plugs,547934235,1761498785,1402
1761498785630641665,[  0   0   0   0   5 122   0   0],7,264,[0. 0.],[0. 0.],Glow Plugs,630348512,1761498785,1402
1761498785743035511,[  0   0   0   0   5 122   0   0],7,264,[0. 0.],[0. 0.],Glow Plugs,742702806,1761498785,1402
1761498785835096715,[  0   0   0   0   5 122   0   0],7,264,[0. 0.],[0. 0.],Glow Plugs,834749259,1761498785,1402
1761498785947808193,[  0   0   0   0   5 122   0   0],7,264,[0. 0.],[0. 0.],Glow Plugs,947552097,1761498785,1402
1761498786039790933,[  0   0   0   0   5 122   0   0],7,264,[0. 0.],[0. 0.],Glow Plugs,39262900,1761498786,1402
1761498786183384535,[  0   0   0   0   5 122   0   0],7,264,[0. 0.],[0. 0.],Glow Plugs,182812022,1761498786,1402
1761498786255165448,[  0   0   0   0   5 122   0   0],7,264,[0. 0.],[0. 0.],Glow Plugs,254908647,1761498786,1402
1761498786347590873,[  0   0   0   0   5 122   0   0],7,264,[0. 0.],[0. 0.],Glow Plugs,347025593,1761498786,1402
1761498786439340330,[  0   0   0   0   5 122   0   0],7,264,[0. 0.],[0. 0.],Glow Plugs,439083498,1761498786,1402
1761498786551903259,[  0   0   0   0   5 122   0   0],7,264,[0. 0.],[0. 0.],Glow Plugs,551422651,1761498786,1402
1761498786633557724,[  0   0   0   0   5 122   0   0],7,264,[0. 0.],[0. 0.],Glow Plugs,633286812,1761498786,1402
1761498786746303950,[  0   0   0   0   5 122   0   0],7,264,[0. 0.],[0. 0.],Glow Plugs,746056781,1761498786,1402
1761498786838963168,[  0   0   0   0   5 122   0   0],7,264,[0. 0.],[0. 0.],Glow Plugs,838592511,1761498786,1402
1761498786951441361,[  0   0   0   0   5 122   0   0],7,264,[0. 0.],[0. 0.],Glow Plugs,951151152,1761498786,1402
1761498787043651648,[  0   0   0   0   5 122   0   0],7,264,[0. 0.],[0. 0.],Glow Plugs,43338848,1761498787,1402
1761498787187904894,[  0   0   0   0   5 122   0   0],7,264,[0. 0.],[0. 0.],Glow Plugs,187143677,1761498787,1402
1761498787259876269,[  0   0   0   0   5 122   0   0],7,264,[0. 0.],[0. 0.],Glow Plugs,259447500,1761498787,1402
1761498787352083642,[  0   0   0   0   5 122   0   0],7,264,[0. 0.],[0. 0.],Glow Plugs,351764378,1761498787,1402
1761498787445212009,[  0   0   0   0   7 209   0   0],7,264,[0. 0.],[0. 0.],Glow Plugs,444007591,1761498787,2001
1761498787547317766,[  0   0   0   0   7 209   0   0],7,264,[0. 0.],[0. 0.],Glow Plugs,546725509,1761498787,2001
1761498787639865652,[  0   0   0   0   7 209   0   0],7,264,[0. 0.],[0. 0.],Glow Plugs,639141011,1761498787,2001
1761498787755351845,[  0   0   0   0   7 209   0   0],7,264,[0. 0.],[0. 0.],Glow Plugs,755098277,1761498787,2001
1761498787837640996,[  0   0   0   0   7 209   0   0],7,264,[0. 0.],[0. 0.],Glow Plugs,837295747,1761498787,2001
1761498787950062736,[  0   0   0   0   7 209   0   0],7,264,[0. 0.],[0. 0.],Glow Plugs,949521936,1761498787,2001
1761498788041891452,[  0   0   0   0   7 209   0   0],7,264,[0. 0.],[0. 0.],Glow Plugs,41656316,1761498788,2001
1761498788196538275,[  0   0   0   0   7 209   0   0],7,264,[0. 0.],[0. 0.],Glow Plugs,196238851,1761498788,2001
1761498788270807474,[  0   0   0   0   7 209   0   0],7,264,[0. 0.],[0. 0.],Glow Plugs,270476018,1761498788,2001
1761498788352414925,[  0   0   0   0   7 209   0   0],7,264,[0. 0.],[0. 0.],Glow Plugs,352145356,1761498788,2001
1761498788444397462,[  0   0   0   0   7 209   0   0],7,264,[0. 0.],[0. 0.],Glow Plugs,444069654,1761498788,2001
1761498788556272158,[  0   0   0   0   7 209   0   0],7,264,[0. 0.],[0. 0.],Glow Plugs,556078109,1761498788,2001
1761498788648355751,[  0   0   0   0   7 209   0   0],7,264,[0. 0.],[0. 0.],Glow Plugs,648125799,1761498788,2001
1761498788750798433,[  0   0   0   0   7 209   0   0],7,264,[0. 0.],[0. 0.],Glow Plugs,750541600,1761498788,2001
1761498788843206475,[  0   0   0   0   7 209   0   0],7,264,[0. 0.],[0. 0.],Glow Plugs,842941771,1761498788,2001
1761498788955602291,[  0   0   0   0   7 209   0   0],7,264,[0. 0.],[0. 0.],Glow Plugs,955250227,1761498788,2001
1761498789047534011,[  0   0   0   0   7 209   0   0],7,264,[0. 0.],[0. 0.],Glow Plugs,47244986,1761498789,2001
1761498789201259195,[  0   0   0   0   7 209   0   0],7,264,[0. 0.],[0. 0.],Glow Plugs,201055547,1761498789,2001
1761498789273833829,[  0   0   0   0   7 209   0   0],7,264,[0. 0.],[0. 0.],Glow Plugs,273462084,1761498789,2001
1761498789355721628,[  0   0   0   0   7 209   0   0],7,264,[0. 0.],[0. 0.],Glow Plugs,355524188,1761498789,2001
1761498789447848866,[  0   0   0   0   7 209   0   0],7,264,[0. 0.],[0. 0.],Glow Plugs,447430338,1761498789,2001
1761498789560078470,[  0   0   0   0   7 209   0   0],7,264,[0. 0.],[0. 0.],Glow Plugs,559850469,1761498789,2001
1761498789652075404,[  0   0   0   0   7 209   0   0],7,264,[0. 0.],[0. 0.],Glow Plugs,651686955,1761498789,2001
1761498789754063072,[  0   0   0   0   7 209   0   0],7,264,[0. 0.],[0. 0.],Glow Plugs,753783040,1761498789,2001
1761498789846672711,[  0   0   0   0   7 209   0   0],7,264,[0. 0.],[0. 0.],Glow Plugs,846246343,1761498789,2001
1761498789958500138,[  0   0   0   0   7 209   0   0],7,264,[0. 0.],[0. 0.],Glow Plugs,958232266,1761498789,2001
1761498790050697871,[  0   0   0   0   7 209   0   0],7,264,[0. 0.],[0. 0.],Glow Plugs,50462702,1761498790,2001
1761498790204883081,[  0   0   0   0   7 209   0   0],7,264,[0. 0.],[0. 0.],Glow Plugs,204486793,1761498790,2001
1761498790277480336,[  0   0   0   0   7 209   0   0],7,264,[0. 0.],[0. 0.],Glow Plugs,277013616,1761498790,2001
1761498790359536805,[  0   0   0   0   7 209   0   0],7,264,[0. 0.],[0. 0.],Glow Plugs,359122148,1761498790,2001
1761498790451646695,[  0   0   0   0   7 209   0   0],7,264,[0. 0.],[0. 0.],Glow Plugs,451345415,1761498790,2001
1761498790564860424,[  0   0   0   0   7 209   0   0],7,264,[0. 0.],[0. 0.],Glow Plugs,564337223,1761498790,2001
1761498790646782780,[  0   0   0   0   7 209   0   0],7,264,[0. 0.],[0. 0.],Glow Plugs,646460284,1761498790,2001
1761498790759965565,[  0   0   0   0   7 209   0   0],7,264,[0. 0.],[0. 0.],Glow Plugs,759599228,1761498790,2001
1761498790851988735,[  0   0   0   0   7 209   0   0],7,264,[0. 0.],[0. 0.],Glow Plugs,851774143,1761498790,2001
1761498790964973727,[  0   0   0   0   7 209   0   0],7,264,[0. 0.],[0. 0.],Glow Plugs,964643519,1761498790,2001
1761498791057200192,[  0   0   0   0   7 209   0   0],7,264,[0. 0.],[0. 0.],Glow Plugs,56835456,1761498791,2001
1761498791201005126,[  0   0   0   0   7 209   0   0],7,264,[0. 0.],[0. 0.],Glow Plugs,200811814,1761498791,2001
1761498791278919890,[  0   0   0   0   7 209   0   0],7,264,[0. 0.],[0. 0.],Glow Plugs,278595537,1761498791,2001
1761498791360546882,[  0   0   0   0   7 209   0   0],7,264,[0. 0.],[0. 0.],Glow Plugs,360329442,1761498791,2001
1761498791452339425,[  0   0   0   0   7 209   0   0],7,264,[0. 0.],[0. 0.],Glow Plugs,452199169,1761498791,2001
1761498791564648124,[  0   0   0   0   7 209   0   0],7,264,[0. 0.],[0. 0.],Glow Plugs,564486396,1761498791,2001
1761498791657111676,[  0   0   0   0   7 209   0   0],7,264,[0. 0.],[0. 0.],Glow Plugs,656821275,1761498791,2001
1761498791769461847,[  0   0   0   0   7 209   0   0],7,264,[0. 0.],[0. 0.],Glow Plugs,769207894,1761498791,2001
1761498791851943176,[  0   0   0   0   7 209   0   0],7,264,[0. 0.],[0. 0.],Glow Plugs,851690472,1761498791,2001
1761498791964086243,[  0   0   0   0   7 209   0   0],7,264,[0. 0.],[0. 0.],Glow Plugs,963822691,1761498791,2001
1761498792055991104,[  0   0   0   0   7 209   0   0],7,264,[0. 0.],[0. 0.],Glow Plugs,55795680,1761498792,2001
1761498792209088141,[  0   0   0   0   7 209   0   0],7,264,[0. 0.],[0. 0.],Glow Plugs,208733645,1761498792,2001
1761498792281544814,[  0   0   0   0   7 209   0   0],7,264,[0. 0.],[0. 0.],Glow Plugs,281196910,1761498792,2001
1761498792363529884,[  0   0   0   0   7 209   0   0],7,264,[0. 0.],[0. 0.],Glow Plugs,363236732,1761498792,2001
1761498792455498712,[  0   0   0   0   7 209   0   0],7,264,[0. 0.],[0. 0.],Glow Plugs,455143767,1761498792,2001
1761498792567783630,[  0   0   0   0   7 209   0   0],7,264,[0. 0.],[0. 0.],Glow Plugs,567551886,1761498792,2001
1761498792659796170,[  0   0   0   0   7 209   0   0],7,264,[0. 0.],[0. 0.],Glow Plugs,659354025,1761498792,2001
1761498792772296801,[  0   0   0   0   7 209   0   0],7,264,[0. 0.],[0. 0.],Glow Plugs,771756480,1761498792,2001
1761498792853793166,[  0   0   0   0   7 209   0   0],7,264,[0. 0.],[0. 0.],Glow Plugs,853528270,1761498792,2001
1761498792966460293,[  0   0   0   0   7 209   0   0],7,264,[0. 0.],[0. 0.],Glow Plugs,966024613,1761498792,2001
1761498793057807646,[  0   0   0   0   7 209   0   0],7,264,[0. 0.],[0. 0.],Glow Plugs,57508893,1761498793,2001
1761498793211084325,[  0   0   0   0   7 209   0   0],7,264,[0. 0.],[0. 0.],Glow Plugs,210813445,1761498793,2001
1761498793283050819,[  0   0   0   0   7 209   0   0],7,264,[0. 0.],[0. 0.],Glow Plugs,282777987,1761498793,2001
1761498793364837102,[  0   0   0   0   7 209   0   0],7,264,[0. 0.],[0. 0.],Glow Plugs,364611917,1761498793,2001
1761498793456746630,[  0   0   0   0   7 209   0   0],7,264,[0. 0.],[0. 0.],Glow Plugs,456483109,1761498793,2001
1761498793569014008,[  0   0   0   0   7 209   0   0],7,264,[0. 0.],[0. 0.],Glow Plugs,568548247,1761498793,2001
1761498793661209584,[  0   0   0   0   7 209   0   0],7,264,[0. 0.],[0. 0.],Glow Plugs,660875248,1761498793,2001
1761498793774313603,[  0   0   0   0   7 209   0   0],7,264,[0. 0.],[0. 0.],Glow Plugs,773508994,1761498793,2001
1761498793866790076,[  0   0   0   0   7 209   0   0],7,264,[0. 0.],[0. 0.],Glow Plugs,866447164,1761498793,2001
1761498793969401762,[  0   0   0   0   7 209   0   0],7,264,[0. 0.],[0. 0.],Glow Plugs,969195393,1761498793,2001
1761498794061125207,[  0   0   0   0   7 209   0   0],7,264,[0. 0.],[0. 0.],Glow Plugs,60896087,1761498794,2001
1761498794215564251,[  0   0   0   0   7 209   0   0],7,264,[0. 0.],[0. 0.],Glow Plugs,215235738,1761498794,2001
1761498794288028438,[  0   0   0   0   7 209   0   0],7,264,[0. 0.],[0. 0.],Glow Plugs,287824566,1761498794,2001
1761498794370888639,[  0   0   0   0   7 209   0   0],7,264,[0. 0.],[0. 0.],Glow Plugs,370220574,1761498794,2001
1761498794462652723,[  0   0   0   0   7 209   0   0],7,264,[0. 0.],[0. 0.],Glow Plugs,462359667,1761498794,2001
1761498794574918081,[  0   0   0   0   7 209   0   0],7,264,[0. 0.],[0. 0.],Glow Plugs,574685473,1761498794,2001
1761498794667131446,[  0   0   0   0   7 209   0   0],7,264,[0. 0.],[0. 0.],Glow Plugs,666837014,1761498794,2001
1761498794770639001,[  0   0   0   0   7 209   0   0],7,264,[0. 0.],[0. 0.],Glow Plugs,769062327,1761498794,2001
1761498794861643660,[  0   0   0   0   7 209   0   0],7,264,[0. 0.],[0. 0.],Glow Plugs,861365004,1761498794,2001
1761498794974393307,[  0   0   0   0   7 209   0   0],7,264,[0. 0.],[0. 0.],Glow Plugs,974034363,1761498794,2001
1761498795066869902,[  0   0   0   0   7 209   0   0],7,264,[0. 0.],[0. 0.],Glow Plugs,66586029,1761498795,2001
1761498795220827819,[  0   0   0   0   7 209   0   0],7,264,[0. 0.],[0. 0.],Glow Plugs,220419690,1761498795,2001
1761498795293631972,[  0   0   0   0   7 209   0   0],7,264,[0. 0.],[0. 0.],Glow Plugs,293344484,1761498795,2001
1761498795376875210,[  0   0   0   0   7 209   0   0],7,264,[0. 0.],[0. 0.],Glow Plugs,376524490,1761498795,2001
1761498795469583708,[  0   0   0   0   7 209   0   0],7,264,[0. 0.],[0. 0.],Glow Plugs,469263292,1761498795,2001
1761498795572295195,[  0   0   0   0   7 209   0   0],7,264,[0. 0.],[0. 0.],Glow Plugs,572008794,1761498795,2001
1761498795665336237,[  0   0   0   0   7 209   0   0],7,264,[0. 0.],[0. 0.],Glow Plugs,665024972,1761498795,2001
1761498795778667032,[  0   0   0   0   7 209   0   0],7,264,[0. 0.],[0. 0.],Glow Plugs,778350264,1761498795,2001
1761498795872093131,[  0   0   0   0   7 209   0   0],7,264,[0. 0.],[0. 0.],Glow Plugs,871843242,1761498795,2001
1761498795974977481,[  0   0   0   0   7 209   0   0],7,264,[0. 0.],[0. 0.],Glow Plugs,974688265,1761498795,2001
1761498796067429208,[  0   0   0   0   7 209   0   0],7,264,[0. 0.],[0. 0.],Glow Plugs,67176120,1761498796,2001
1761498796221766672,[  0   0   0   0   7 209   0   0],7,264,[0. 0.],[0. 0.],Glow Plugs,221454064,1761498796,2001
1761498796294459559,[  0   0   0   0   7 209   0   0],7,264,[0. 0.],[0. 0.],Glow Plugs,294116486,1761498796,2001
1761498796376392616,[  0   0   0   0   7 209   0   0],7,264,[0. 0.],[0. 0.],Glow Plugs,376114184,1761498796,2001
1761498796468271190,[  0   0   0   0   7 209   0   0],7,264,[0. 0.],[0. 0.],Glow Plugs,468094422,1761498796,2001
1761498796581171612,[  0   0   0   0   7 209   0   0],7,264,[0. 0.],[0. 0.],Glow Plugs,580883708,1761498796,2001
1761498796673483562,[  0   0   0   0   7 209   0   0],7,264,[0. 0.],[0. 0.],Glow Plugs,673045066,1761498796,2001
1761498796776632613,[  0   0   0   0   7 209   0   0],7,264,[0. 0.],[0. 0.],Glow Plugs,776407525,1761498796,2001
1761498796868507571,[  0   0   0   0   7 209   0   0],7,264,[0. 0.],[0. 0.],Glow Plugs,868290482,1761498796,2001
1761498796980797272,[  0   0   0   0   7 209   0   0],7,264,[0. 0.],[0. 0.],Glow Plugs,980647000,1761498796,2001
1761498797073332740,[  0   0   0   0   7 209   0   0],7,264,[0. 0.],[0. 0.],Glow Plugs,72918020,1761498797,2001
1761498797227227766,[  0   0   0   0   7 209   0   0],7,264,[0. 0.],[0. 0.],Glow Plugs,226945493,1761498797,2001
1761498797299822281,[  0   0   0   0   7 209   0   0],7,264,[0. 0.],[0. 0.],Glow Plugs,299595977,1761498797,2001
1761498797382751753,[  0   0   0   0   7 209   0   0],7,264,[0. 0.],[0. 0.],Glow Plugs,382447401,1761498797,2001
1761498797474499603,[  0   0   0   0   7 209   0   0],7,264,[0. 0.],[0. 0.],Glow Plugs,474175859,1761498797,2001
1761498797586664277,[  0   0   0   0   7 209   0   0],7,264,[0. 0.],[0. 0.],Glow Plugs,586419796,1761498797,2001
1761498797668506451,[  0   0   0   0   7 209   0   0],7,264,[0. 0.],[0. 0.],Glow Plugs,668173747,1761498797,2001
1761498797781331221,[  0   0   0   0   7 209   0   0],7,264,[0. 0.],[0. 0.],Glow Plugs,781049461,1761498797,2001
1761498797873257471,[  0   0   0   0   7 209   0   0],7,264,[0. 0.],[0. 0.],Glow Plugs,872814079,1761498797,2001
1761498797985287169,[  0   0   0   0   7 209   0   0],7,264,[0. 0.],[0. 0.],Glow Plugs,985114305,1761498797,2001
1761498798077825769,[  0   0   0   0   7 209   0   0],7,264,[0. 0.],[0. 0.],Glow Plugs,77344104,1761498798,2001
1761498798231228084,[  0   0   0   0   7 209   0   0],7,264,[0. 0.],[0. 0.],Glow Plugs,230967156,1761498798,2001
1761498798303845638,[  0   0   0   0   7 209   0   0],7,264,[0. 0.],[0. 0.],Glow Plugs,303527045,1761498798,2001
1761498798386001889,[  0   0   0   0   7 209   0   0],7,264,[0. 0.],[0. 0.],Glow Plugs,385610433,1761498798,2001
1761498798477620968,[  0   0   0   0   7 209   0   0],7,264,[0. 0.],[0. 0.],Glow Plugs,477426824,1761498798,2001
1761498798590950951,[  0   0   0   0   7 209   0   0],7,264,[0. 0.],[0. 0.],Glow Plugs,590667494,1761498798,2001
1761498798672638242,[  0   0   0   0   7 209   0   0],7,264,[0. 0.],[0. 0.],Glow Plugs,672390082,1761498798,2001
1761498798785126144,[  0   0   0   0   7 209   0   0],7,264,[0. 0.],[0. 0.],Glow Plugs,784879487,1761498798,2001
1761498798876808134,[  0   0   0   0   7 209   0   0],7,264,[0. 0.],[0. 0.],Glow Plugs,876565094,1761498798,2001
1761498798990426661,[  0   0   0   0   7 209   0   0],7,264,[0. 0.],[0. 0.],Glow Plugs,990030053,1761498798,2001
1761498799082502249,[  0   0   0   0   7 209   0   0],7,264,[0. 0.],[0. 0.],Glow Plugs,82239241,1761498799,2001
1761498799225781508,[  0   0   0   0   7 209   0   0],7,264,[0. 0.],[0. 0.],Glow Plugs,225492484,1761498799,2001
1761498799299724404,[  0   0   0   0   7 209   0   0],7,264,[0. 0.],[0. 0.],Glow Plugs,299447924,1761498799,2001
1761498799391375703,[  0   0   0   0   7 209   0   0],7,264,[0. 0.],[0. 0.],Glow Plugs,390971415,1761498799,2001
1761498799483354747,[  0   0   0   0   7 209   0   0],7,264,[0. 0.],[0. 0.],Glow Plugs,483080507,1761498799,2001
1761498799585122185,[  0   0   0   0   7 209   0   0],7,264,[0. 0.],[0. 0.],Glow Plugs,584949257,1761498799,2001
1761498799677793837,[  0   0   0   0   7 209   0   0],7,264,[0. 0.],[0. 0.],Glow Plugs,677308141,1761498799,2001
1761498799790866439,[  0   0   0   0   7 209   0   0],7,264,[0. 0.],[0. 0.],Glow Plugs,790495527,1761498799,2001
1761498799882593963,[  0   0   0   0   7 209   0   0],7,264,[0. 0.],[0. 0.],Glow Plugs,882297130,1761498799,2001
1761498799994730116,[  0   0   0   0   7 209   0   0],7,264,[0. 0.],[0. 0.],Glow Plugs,994391108,1761498799,2001
1761498800086949573,[  0   0   0   0   7 209   0   0],7,264,[0. 0.],[0. 0.],Glow Plugs,86642404,1761498800,2001
1761498800229842906,[  0   0   0   0   7 209   0   0],7,264,[0. 0.],[0. 0.],Glow Plugs,229626778,1761498800,2001
1761498800302792806,[  0   0   0   0   7 209   0   0],7,264,[0. 0.],[0. 0.],Glow Plugs,302457766,1761498800,2001
1761498800395449511,[  0   0   0   0   7 209   0   0],7,264,[0. 0.],[0. 0.],Glow Plugs,394945671,1761498800,2001
1761498800487330919,[  0   0   0   0   7 209   0   0],7,264,[0. 0.],[0. 0.],Glow Plugs,486996263,1761498800,2001
1761498800589899315,[  0   0   0   0   7 209   0   0],7,264,[0. 0.],[0. 0.],Glow Plugs,589435154,1761498800,2001
1761498800681889747,[  0   0   0   0   7 209   0   0],7,264,[0. 0.],[0. 0.],Glow Plugs,681591795,1761498800,2001
1761498800795864906,[  0   0   0   0   7 209   0   0],7,264,[0. 0.],[0. 0.],Glow Plugs,794350568,1761498800,2001
1761498800887852522,[  0   0   0   0   7 209   0   0],7,264,[0. 0.],[0. 0.],Glow Plugs,887253418,1761498800,2001
1761498800999818335,[  0   0   0   0   7 209   0   0],7,264,[0. 0.],[0. 0.],Glow Plugs,999504479,1761498800,2001
1761498801081397778,[  0   0   0   0   7 209   0   0],7,264,[0. 0.],[0. 0.],Glow Plugs,81206706,1761498801,2001
1761498801235603758,[  0   0   0   0   7 209   0   0],7,264,[0. 0.],[0. 0.],Glow Plugs,235017229,1761498801,2001
1761498801309411896,[  0   0   0   0   7 209   0   0],7,264,[0. 0.],[0. 0.],Glow Plugs,307622870,1761498801,2001
1761498801400239924,[  0   0   0   0   7 209   0   0],7,264,[0. 0.],[0. 0.],Glow Plugs,399896404,1761498801,2001
1761498801481965191,[  0   0   0   0   7 209   0   0],7,264,[0. 0.],[0. 0.],Glow Plugs,481599494,1761498801,2001
1761498801594604536,[  0   0   0   0   7 209   0   0],7,264,[0. 0.],[0. 0.],Glow Plugs,594242488,1761498801,2001
1761498801686919894,[  0   0   0   0   7 209   0   0],7,264,[0. 0.],[0. 0.],Glow Plugs,686554229,1761498801,2001
1761498801799921128,[  0   0   0   0   7 209   0   0],7,264,[0. 0.],[0. 0.],Glow Plugs,799496391,1761498801,2001
1761498801891852933,[  0   0   0   0   7 209   0   0],7,264,[0. 0.],[0. 0.],Glow Plugs,891635812,1761498801,2001
1761498801994146220,[  0   0   0   0   7 209   0   0],7,264,[0. 0.],[0. 0.],Glow Plugs,993657003,1761498801,2001
1761498802086317766,[  0   0   0   0   7 209   0   0],7,264,[0. 0.],[0. 0.],Glow Plugs,86006118,1761498802,2001
1761498802239958908,[  0   0   0   0   7 209   0   0],7,264,[0. 0.],[0. 0.],Glow Plugs,239720956,1761498802,2001
1761498802312983011,[  0   0   0   0   7 209   0   0],7,264,[0. 0.],[0. 0.],Glow Plugs,312554211,1761498802,2001
1761498802395260019,[  0   0   0   0   7 209   0   0],7,264,[0. 0.],[0. 0.],Glow Plugs,394976275,1761498802,2001
1761498802487817325,[  0   0   0   0   7 209   0   0],7,264,[0. 0.],[0. 0.],Glow Plugs,487171117,1761498802,2001
1761498802600075611,[  0   0   0   0   7 209   0   0],7,264,[0. 0.],[0. 0.],Glow Plugs,599837371,1761498802,2001
1761498802692400981,[  0   0   0   0   7 209   0   0],7,264,[0. 0.],[0. 0.],Glow Plugs,692010292,1761498802,2001
1761498802805376835,[  0   0   0   0   7 209   0   0],7,264,[0. 0.],[0. 0.],Glow Plugs,805027363,1761498802,2001
1761498802887725395,[  0   0   0   0   7 209   0   0],7,264,[0. 0.],[0. 0.],Glow Plugs,887288051,1761498802,2001
1761498803000132769,[  0   0   0   0   7 209   0   0],7,264,[0. 0.],[0. 0.],Glow Plugs,999858560,1761498802,2001
1761498803092289335,[  0   0   0   0   7 209   0   0],7,264,[0. 0.],[0. 0.],Glow Plugs,92030679,1761498803,2001
1761498803246634728,[  0   0   0   0   7 209   0   0],7,264,[0. 0.],[0. 0.],Glow Plugs,246319880,1761498803,2001
1761498803319686157,[  0   0   0   0   7 209   0   0],7,264,[0. 0.],[0. 0.],Glow Plugs,318959500,1761498803,2001
1761498803401606170,[  0   0   0   0   7 209   0   0],7,264,[0. 0.],[0. 0.],Glow Plugs,401363130,1761498803,2001
1761498803493999537,[  0   0   0   0   7 209   0   0],7,264,[0. 0.],[0. 0.],Glow Plugs,493677009,1761498803,2001
1761498803606825051,[  0   0   0   0   7 209   0   0],7,264,[0. 0.],[0. 0.],Glow Plugs,606450459,1761498803,2001
1761498803688845192,[  0   0   0   0   7 209   0   0],7,264,[0. 0.],[0. 0.],Glow Plugs,688569992,1761498803,2001
1761498803801825010,[  0   0   0   0   7 209   0   0],7,264,[0. 0.],[0. 0.],Glow Plugs,801543218,1761498803,2001
1761498803894960650,[  0   0   0   0   7 209   0   0],7,264,[0. 0.],[0. 0.],Glow Plugs,894727561,1761498803,2001
1761498804007589779,[  0   0   0   0   7 209   0   0],7,264,[0. 0.],[0. 0.],Glow Plugs,7229523,1761498804,2001
1761498804099725959,[  0   0   0   0   7 209   0   0],7,264,[0. 0.],[0. 0.],Glow Plugs,99288870,1761498804,2001
1761498804244950122,[  0   0   0   0   7 209   0   0],7,264,[0. 0.],[0. 0.],Glow Plugs,244620042,1761498804,2001
1761498804316993035,[  0   0   0   0   7 209   0   0],7,264,[0. 0.],[0. 0.],Glow Plugs,316704107,1761498804,2001
1761498804409581503,[  0   0   0   0   7 209   0   0],7,264,[0. 0.],[0. 0.],Glow Plugs,409234431,1761498804,2001
1761498804491620041,[  0   0   0   0   7 209   0   0],7,264,[0. 0.],[0. 0.],Glow Plugs,491341225,1761498804,2001
1761498804605306448,[  0   0   0   0   7 209   0   0],7,264,[0. 0.],[0. 0.],Glow Plugs,604792784,1761498804,2001
1761498804697498404,[  0   0   0   0   7 209   0   0],7,264,[0. 0.],[0. 0.],Glow Plugs,696858339,1761498804,2001
1761498804809801993,[  0   0   0   0   7 209   0   0],7,264,[0. 0.],[0. 0.],Glow Plugs,809355209,1761498804,2001
1761498804902235517,[  0   0   0   0   7 209   0   0],7,264,[0. 0.],[0. 0.],Glow Plugs,901629180,1761498804,2001
1761498805004358873,[  0   0   0   0   7 209   0   0],7,264,[0. 0.],[0. 0.],Glow Plugs,4080249,1761498805,2001
1761498805096835370,[  0   0   0   0   7 209   0   0],7,264,[0. 0.],[0. 0.],Glow Plugs,96569417,1761498805,2001
1761498805251376048,[  0   0   0   0   7 209   0   0],7,264,[0. 0.],[0. 0.],Glow Plugs,251030768,1761498805,2001
1761498805323788463,[  0   0   0   0   7 209   0   0],7,264,[0. 0.],[0. 0.],Glow Plugs,323274031,1761498805,2001
1761498805406521047,[  0   0   0   0   7 209   0   0],7,264,[0. 0.],[0. 0.],Glow Plugs,406204343,1761498805,2001
1761498805498691687,[  0   0   0   0   7 209   0   0],7,264,[0. 0.],[0. 0.],Glow Plugs,498293607,1761498805,2001
1761498805611618282,[  0   0   0   0   7 209   0   0],7,264,[0. 0.],[0. 0.],Glow Plugs,611300041,1761498805,2001
1761498805703279833,[  0   0   0   0   7 209   0   0],7,264,[0. 0.],[0. 0.],Glow Plugs,703077273,1761498805,2001
1761498805818554846,[  0   0   0   0   7 209   0   0],7,264,[0. 0.],[0. 0.],Glow Plugs,818064413,1761498805,2001
1761498805900432325,[  0   0   0   0   7 209   0   0],7,264,[0. 0.],[0. 0.],Glow Plugs,900108965,1761498805,2001
1761498806012502598,[  0   0   0   0   7 209   0   0],7,264,[0. 0.],[0. 0.],Glow Plugs,12261094,1761498806,2001
1761498806104747667,[  0   0   0   0   7 209   0   0],7,264,[0. 0.],[0. 0.],Glow Plugs,104498643,1761498806,2001
1761498806248437739,[  0   0   0   0   7 209   0   0],7,264,[0. 0.],[0. 0.],Glow Plugs,248215275,1761498806,2001
1761498806320673896,[  0   0   0   0   7 209   0   0],7,264,[0. 0.],[0. 0.],Glow Plugs,320484648,1761498806,2001
1761498806412508277,[  0   0   0   0   7 209   0   0],7,264,[0. 0.],[0. 0.],Glow Plugs,412349652,1761498806,2001
1761498806504354817,[  0   0   0   0   7 209   0   0],7,264,[0. 0.],[0. 0.],Glow Plugs,504158145,1761498806,2001
1761498806617789536,[  0   0   0   0   7 209   0   0],7,264,[0. 0.],[0. 0.],Glow Plugs,617491392,1761498806,2001
1761498806698888900,[  0   0   0   0   7 209   0   0],7,264,[0. 0.],[0. 0.],Glow Plugs,698445988,1761498806,2001
1761498806811200642,[  0   0   0   0   7 209   0   0],7,264,[0. 0.],[0. 0.],Glow Plugs,810758465,1761498806,2001
1761498806903123023,[  0   0   0   0   7 209   0   0],7,264,[0. 0.],[0. 0.],Glow Plugs,902750446,1761498806,2001
1761498807015644812,[  0   0   0   0   7 209   0   0],7,264,[0. 0.],[0. 0.],Glow Plugs,15230060,1761498807,2001
1761498807107611350,[  0   0   0   0   7 209   0   0],7,264,[0. 0.],[0. 0.],Glow Plugs,107216950,1761498807,2001
1761498807253015787,[  0   0   0   0   7 209   0   0],7,264,[0. 0.],[0. 0.],Glow Plugs,252596522,1761498807,2001
1761498807325951013,[  0   0   0   0   7 209   0   0],7,264,[0. 0.],[0. 0.],Glow Plugs,325619109,1761498807,2001
1761498807417972175,[  0   0   0   0   7 209   0   0],7,264,[0. 0.],[0. 0.],Glow Plugs,417667183,1761498807,2001
1761498807509650296,[  0   0   0   0   7 209   0   0],7,264,[0. 0.],[0. 0.],Glow Plugs,509381784,1761498807,2001
1761498807611659562,[  0   0   0   0   7 209   0   0],7,264,[0. 0.],[0. 0.],Glow Plugs,611383850,1761498807,2001
1761498807703642868,[  0   0   0   0   7 209   0   0],7,264,[0. 0.],[0. 0.],Glow Plugs,703188916,1761498807,2001
1761498807815735438,[  0   0   0   0   7 209   0   0],7,264,[0. 0.],[0. 0.],Glow Plugs,815523566,1761498807,2001
1761498807907947256,[  0   0   0   0   7 209   0   0],7,264,[0. 0.],[0. 0.],Glow Plugs,907690936,1761498807,2001
1761498808020015569,[  0   0   0   0   7 209   0   0],7,264,[0. 0.],[0. 0.],Glow Plugs,19665617,1761498808,2001
1761498808111819480,[  0   0   0   0   7 209   0   0],7,264,[0. 0.],[0. 0.],Glow Plugs,111525432,1761498808,2001
1761498808255920582,[  0   0   0   0   7 209   0   0],7,264,[0. 0.],[0. 0.],Glow Plugs,255582086,1761498808,2001
1761498808327756798,[  0   0   0   0   7 209   0   0],7,264,[0. 0.],[0. 0.],Glow Plugs,327458525,1761498808,2001
1761498808420102469,[  0   0   0   0   7 209   0   0],7,264,[0. 0.],[0. 0.],Glow Plugs,419711428,1761498808,2001
1761498808512307595,[  0   0   0   0   7 209   0   0],7,264,[0. 0.],[0. 0.],Glow Plugs,511856683,1761498808,2001
1761498808623993409,[  0   0   0   0   7 209   0   0],7,264,[0. 0.],[0. 0.],Glow Plugs,623787617,1761498808,2001
1761498808706110112,[  0   0   0   0   7 209   0   0],7,264,[0. 0.],[0. 0.],Glow Plugs,705817440,1761498808,2001
1761498808818640983,[  0   0   0   0   7 209   0   0],7,264,[0. 0.],[0. 0.],Glow Plugs,818333718,1761498808,2001
1761498808910486653,[  0   0   0   0   7 209   0   0],7,264,[0. 0.],[0. 0.],Glow Plugs,910235709,1761498808,2001
1761498809022742163,[  0   0   0   0   7 209   0   0],7,264,[0. 0.],[0. 0.],Glow Plugs,22285907,1761498809,2001
1761498809114508406,[  0   0   0   0   7 209   0   0],7,264,[0. 0.],[0. 0.],Glow Plugs,114255670,1761498809,2001
1761498809268565223,[  0   0   0   0   7 209   0   0],7,264,[0. 0.],[0. 0.],Glow Plugs,267984359,1761498809,2001
1761498809341086493,[  0   0   0   0   7 209   0   0],7,264,[0. 0.],[0. 0.],Glow Plugs,340661788,1761498809,2001
1761498809423248729,[  0   0   0   0   7 209   0   0],7,264,[0. 0.],[0. 0.],Glow Plugs,422882873,1761498809,2001
1761498809515353981,[  0   0   0   0   7 209   0   0],7,264,[0. 0.],[0. 0.],Glow Plugs,515046749,1761498809,2001
1761498809627803375,[  0   0   0   0   7 209   0   0],7,264,[0. 0.],[0. 0.],Glow Plugs,627327439,1761498809,2001
1761498809709383979,[  0   0   0   0   7 209   0   0],7,264,[0. 0.],[0. 0.],Glow Plugs,709163595,1761498809,2001
1761498809822142398,[  0   0   0   0   7 209   0   0],7,264,[0. 0.],[0. 0.],Glow Plugs,821892350,1761498809,2001
1761498809913995618,[  0   0   0   0   7 209   0   0],7,264,[0. 0.],[0. 0.],Glow Plugs,913708481,1761498809,2001
1761498810026072787,[  0   0   0   0   7 209   0   0],7,264,[0. 0.],[0. 0.],Glow Plugs,25849555,1761498810,2001
1761498810118482004,[  0   0   0   0   7 209   0   0],7,264,[0. 0.],[0. 0.],Glow Plugs,118014740,1761498810,2001
1761498810262423961,[  0   0   0   0   7 209   0   0],7,264,[0. 0.],[0. 0.],Glow Plugs,262087641,1761498810,2001
1761498810334308491,[  0   0   0   0   7 209   0   0],7,264,[0. 0.],[0. 0.],Glow Plugs,333965419,1761498810,2001
1761498810426073804,[  0   0   0   0   7 209   0   0],7,264,[0. 0.],[0. 0.],Glow Plugs,425799404,1761498810,2001
1761498810517929036,[  0   0   0   0   7 209   0   0],7,264,[0. 0.],[0. 0.],Glow Plugs,517723500,1761498810,2001
1761498810630209627,[  0   0   0   0   7 209   0   0],7,264,[0. 0.],[0. 0.],Glow Plugs,629962811,1761498810,2001
1761498810711810708,[  0   0   0   0   7 209   0   0],7,264,[0. 0.],[0. 0.],Glow Plugs,711628116,1761498810,2001
1761498810823940899,[  0   0   0   0   7 209   0   0],7,264,[0. 0.],[0. 0.],Glow Plugs,823750403,1761498810,2001
1761498810916120996,[  0   0   0   0   7 209   0   0],7,264,[0. 0.],[0. 0.],Glow Plugs,915913699,1761498810,2001
1761498811028545362,[  0   0   0   0   7 209   0   0],7,264,[0. 0.],[0. 0.],Glow Plugs,28378161,1761498811,2001
1761498811121291248,[  0   0   0   0   7 209   0   0],7,264,[0. 0.],[0. 0.],Glow Plugs,120846799,1761498811,2001
1761498811276072343,[  0   0   0   0   7 209   0   0],7,264,[0. 0.],[0. 0.],Glow Plugs,275266326,1761498811,2001
1761498811347775463,[  0   0   0   0   7 209   0   0],7,264,[0. 0.],[0. 0.],Glow Plugs,347558727,1761498811,2001
1761498811429791742,[  0   0   0   0   7 209   0   0],7,264,[0. 0.],[0. 0.],Glow Plugs,429518366,1761498811,2001
1761498811521835899,[  0   0   0   0   7 209   0   0],7,264,[0. 0.],[0. 0.],Glow Plugs,521363067,1761498811,2001
1761498811633532710,[  0   0   0   0   7 209   0   0],7,264,[0. 0.],[0. 0.],Glow Plugs,633376358,1761498811,2001
1761498811715642877,[  0   0   0   0   7 209   0   0],7,264,[0. 0.],[0. 0.],Glow Plugs,715193309,1761498811,2001
1761498811827837224,[  0   0   0   0   7 209   0   0],7,264,[0. 0.],[0. 0.],Glow Plugs,827638536,1761498811,2001
1761498811920220294,[  0   0   0   0   7 209   0   0],7,264,[0. 0.],[0. 0.],Glow Plugs,919429637,1761498811,2001
1761498812032151568,[  0   0   0   0   7 209   0   0],7,264,[0. 0.],[0. 0.],Glow Plugs,31930959,1761498812,2001
1761498812124209962,[  0   0   0   0   7 209   0   0],7,264,[0. 0.],[0. 0.],Glow Plugs,123834762,1761498812,2001
1761498812277746572,[  0   0   0   0   7 209   0   0],7,264,[0. 0.],[0. 0.],Glow Plugs,277538092,1761498812,2001
1761498812349992570,[  0   0   0   0   7 209   0   0],7,264,[0. 0.],[0. 0.],Glow Plugs,349660665,1761498812,2001
1761498812432366862,[  0   0   0   0   7 209   0   0],7,264,[0. 0.],[0. 0.],Glow Plugs,431933710,1761498812,2001
1761498812523702248,[  0   0   0   0   7 209   0   0],7,264,[0. 0.],[0. 0.],Glow Plugs,523443688,1761498812,2001
1761498812635886159,[  0   0   0   0   7 209   0   0],7,264,[0. 0.],[0. 0.],Glow Plugs,635588751,1761498812,2001
1761498812727711466,[  0   0   0   0   7 209   0   0],7,264,[0. 0.],[0. 0.],Glow Plugs,727271497,1761498812,2001
1761498812829986187,[  0   0   0   0   7 209   0   0],7,264,[0. 0.],[0. 0.],Glow Plugs,829582059,1761498812,2001
1761498812923669254,[  0   0   0   0   7 209   0   0],7,264,[0. 0.],[0. 0.],Glow Plugs,921441445,1761498812,2001
1761498813034170316,[  0   0   0   0   7 209   0   0],7,264,[0. 0.],[0. 0.],Glow Plugs,33921131,1761498813,2001
1761498813126127523,[  0   0   0   0   7 209   0   0],7,264,[0. 0.],[0. 0.],Glow Plugs,125824803,1761498813,2001
1761498813279986464,[  0   0   0   0   7 209   0   0],7,264,[0. 0.],[0. 0.],Glow Plugs,279642080,1761498813,2001
1761498813352073323,[  0   0   0   0   7 209   0   0],7,264,[0. 0.],[0. 0.],Glow Plugs,351763179,1761498813,2001
1761498813434255581,[  0   0   0   0   7 209   0   0],7,264,[0. 0.],[0. 0.],Glow Plugs,433753853,1761498813,2001
1761498813525853524,[  0   0   0   0   7 209   0   0],7,264,[0. 0.],[0. 0.],Glow Plugs,525397652,1761498813,2001
1761498813637747640,[  0   0   0   0   7 209   0   0],7,264,[0. 0.],[0. 0.],Glow Plugs,637510392,1761498813,2001
1761498813729707023,[  0   0   0   0   7 209   0   0],7,264,[0. 0.],[0. 0.],Glow Plugs,729423983,1761498813,2001
1761498813842297203,[  0   0   0   0   7 209   0   0],7,264,[0. 0.],[0. 0.],Glow Plugs,841887091,1761498813,2001
1761498813923690436,[  0   0   0   0   7 209   0   0],7,264,[0. 0.],[0. 0.],Glow Plugs,923379556,1761498813,2001
1761498814035969447,[  0   0   0   0   7 209   0   0],7,264,[0. 0.],[0. 0.],Glow Plugs,35779367,1761498814,2001
1761498814127294491,[  0   0   0   0   7 209   0   0],7,264,[0. 0.],[0. 0.],Glow Plugs,127132027,1761498814,2001
1761498814281061715,[  0   0   0   0   7 209   0   0],7,264,[0. 0.],[0. 0.],Glow Plugs,280732595,1761498814,2001
1761498814353227196,[  0   0   0   0   7 209   0   0],7,264,[0. 0.],[0. 0.],Glow Plugs,352900604,1761498814,2001
1761498814435835403,[  0   0   0   0   7 209   0   0],7,264,[0. 0.],[0. 0.],Glow Plugs,435346539,1761498814,2001
1761498814528727552,[  0   0   0   0   7 209   0   0],7,264,[0. 0.],[0. 0.],Glow Plugs,528027072,1761498814,2001
1761498814640906176,[  0   0   0   0   7 209   0   0],7,264,[0. 0.],[0. 0.],Glow Plugs,640714752,1761498814,2001
1761498814733339157,[  0   0   0   0   7 209   0   0],7,264,[0. 0.],[0. 0.],Glow Plugs,732880757,1761498814,2001
1761498814845566453,[  0   0   0   0   7 209   0   0],7,264,[0. 0.],[0. 0.],Glow Plugs,845284213,1761498814,2001
1761498814927505988,[  0   0   0   0   7 209   0   0],7,264,[0. 0.],[0. 0.],Glow Plugs,927174084,1761498814,2001
1761498815040094851,[  0   0   0   0   7 209   0   0],7,264,[0. 0.],[0. 0.],Glow Plugs,39553315,1761498815,2001
1761498815132081205,[  0   0   0   0   7 209   0   0],7,264,[0. 0.],[0. 0.],Glow Plugs,131838133,1761498815,2001
1761498815285473800,[  0   0   0   0   7 209   0   0],7,264,[0. 0.],[0. 0.],Glow Plugs,285295879,1761498815,2001
1761498815360460752,[  0   0   0   0   7 209   0   0],7,264,[0. 0.],[0. 0.],Glow Plugs,359490415,1761498815,2001
1761498815441562556,[  0   0   0   0   7 209   0   0],7,264,[0. 0.],[0. 0.],Glow Plugs,441409020,1761498815,2001
1761498815533658605,[  0   0   0   0   7 209   0   0],7,264,[0. 0.],[0. 0.],Glow Plugs,533371693,1761498815,2001
1761498815646158538,[  0   0   0   0   7 209   0   0],7,264,[0. 0.],[0. 0.],Glow Plugs,645827114,1761498815,2001
1761498815738036668,[  0   0   0   0   7 209   0   0],7,264,[0. 0.],[0. 0.],Glow Plugs,737747259,1761498815,2001
1761498815840341907,[  0   0   0   0   7 209   0   0],7,264,[0. 0.],[0. 0.],Glow Plugs,840036659,1761498815,2001
1761498815932374436,[  0   0   0   0   7 209   0   0],7,264,[0. 0.],[0. 0.],Glow Plugs,932147844,1761498815,2001
1761498816044971168,[  0   0   0   0   7 209   0   0],7,264,[0. 0.],[0. 0.],Glow Plugs,44715712,1761498816,2001
1761498816137311375,[  0   0   0   0   7 209   0   0],7,264,[0. 0.],[0. 0.],Glow Plugs,136886894,1761498816,2001
1761498816291117597,[  0   0   0   0   7 209   0   0],7,264,[0. 0.],[0. 0.],Glow Plugs,290910717,1761498816,2001
1761498816363935810,[  0   0   0   0   7 209   0   0],7,264,[0. 0.],[0. 0.],Glow Plugs,363428033,1761498816,2001
1761498816445351115,[  0   0   0   0   7 209   0   0],7,264,[0. 0.],[0. 0.],Glow Plugs,445120363,1761498816,2001
1761498816537944890,[  0   0   0   0   7 209   0   0],7,264,[0. 0.],[0. 0.],Glow Plugs,537576186,1761498816,2001
1761498816650133075,[  0   0   0   0   7 209   0   0],7,264,[0. 0.],[0. 0.],Glow Plugs,649726163,1761498816,2001
1761498816732232316,[  0   0   0   0   7 209   0   0],7,264,[0. 0.],[0. 0.],Glow Plugs,731879260,1761498816,2001
1761498816844690550,[  0   0   0   0   7 209   0   0],7,264,[0. 0.],[0. 0.],Glow Plugs,844116757,1761498816,2001
1761498816936563716,[  0   0   0   0   7 209   0   0],7,264,[0. 0.],[0. 0.],Glow Plugs,936181732,1761498816,2001
1761498817048697532,[  0   0   0   0   7 209   0   0],7,264,[0. 0.],[0. 0.],Glow Plugs,48519612,1761498817,2001
1761498817140904296,[  0   0   0   0   7 209   0   0],7,264,[0. 0.],[0. 0.],Glow Plugs,140546151,1761498817,2001
1761498817294469233,[  0   0   0   0   7 209   0   0],7,264,[0. 0.],[0. 0.],Glow Plugs,294202545,1761498817,2001
1761498817366812979,[  0   0   0   0   7 209   0   0],7,264,[0. 0.],[0. 0.],Glow Plugs,366524851,1761498817,2001
1761498817448827162,[  0   0   0   0   7 209   0   0],7,264,[0. 0.],[0. 0.],Glow Plugs,448619578,1761498817,2001
1761498817541022790,[  0   0   0   0   7 209   0   0],7,264,[0. 0.],[0. 0.],Glow Plugs,540679078,1761498817,2001
1761498817653924028,[  0   0   0   0   7 209   0   0],7,264,[0. 0.],[0. 0.],Glow Plugs,653663100,1761498817,2001
1761498817735960739,[  0   0   0   0   7 209   0   0],7,264,[0. 0.],[0. 0.],Glow Plugs,735536387,1761498817,2001
1761498817848319960,[  0   0   0   0   7 209   0   0],7,264,[0. 0.],[0. 0.],Glow Plugs,848088792,1761498817,2001
1761498817940267076,[  0   0   0   0   7 209   0   0],7,264,[0. 0.],[0. 0.],Glow Plugs,940053124,1761498817,2001
1761498818052792120,[  0   0   0   0   7 209   0   0],7,264,[0. 0.],[0. 0.],Glow Plugs,52451896,1761498818,2001
1761498818144454721,[  0   0   0   0   7 209   0   0],7,264,[0. 0.],[0. 0.],Glow Plugs,144231425,1761498818,2001
1761498818288029537,[  0   0   0   0   7 209   0   0],7,264,[0. 0.],[0. 0.],Glow Plugs,287819553,1761498818,2001
1761498818360045633,[  0   0   0   0   7 209   0   0],7,264,[0. 0.],[0. 0.],Glow Plugs,359880577,1761498818,2001
1761498818452288714,[  0   0   0   0   7 209   0   0],7,264,[0. 0.],[0. 0.],Glow Plugs,451841130,1761498818,2001
1761498818544115059,[  0   0   0   0   7 209   0   0],7,264,[0. 0.],[0. 0.],Glow Plugs,543812530,1761498818,2001
1761498818656064324,[  0   0   0   0   7 209   0   0],7,264,[0. 0.],[0. 0.],Glow Plugs,655842852,1761498818,2001
1761498818747741005,[  0   0   0   0   7 209   0   0],7,264,[0. 0.],[0. 0.],Glow Plugs,747585293,1761498818,2001
1761498818850335003,[  0   0   0   0   7 209   0   0],7,264,[0. 0.],[0. 0.],Glow Plugs,850062203,1761498818,2001
1761498818943373956,[  0   0   0   0   7 209   0   0],7,264,[0. 0.],[0. 0.],Glow Plugs,943066788,1761498818,2001
1761498819055517396,[  0   0   0   0   7 209   0   0],7,264,[0. 0.],[0. 0.],Glow Plugs,55232404,1761498819,2001
1761498819147952827,[  0   0   0   0   7 209   0   0],7,264,[0. 0.],[0. 0.],Glow Plugs,147581019,1761498819,2001
1761498819292411607,[  0   0   0   0   7 209   0   0],7,264,[0. 0.],[0. 0.],Glow Plugs,292054230,1761498819,2001
1761498819364374420,[  0   0   0   0   7 209   0   0],7,264,[0. 0.],[0. 0.],Glow Plugs,364158452,1761498819,2001
1761498819456465754,[  0   0   0   0   7 209   0   0],7,264,[0. 0.],[0. 0.],Glow Plugs,456299290,1761498819,2001
1761498819548377952,[  0   0   0   0   7 209   0   0],7,264,[0. 0.],[0. 0.],Glow Plugs,548173120,1761498819,2001
1761498819660719599,[  0   0   0   0   7 209   0   0],7,264,[0. 0.],[0. 0.],Glow Plugs,660454383,1761498819,2001
1761498819742396721,[  0   0   0   0   7 209   0   0],7,264,[0. 0.],[0. 0.],Glow Plugs,742051505,1761498819,2001
1761498819854692383,[  0   0   0   0   7 209   0   0],7,264,[0. 0.],[0. 0.],Glow Plugs,854430687,1761498819,2001
1761498819946596101,[  0   0   0   0   7 209   0   0],7,264,[0. 0.],[0. 0.],Glow Plugs,946258437,1761498819,2001
1761498820058691506,[  0   0   0   0   7 209   0   0],7,264,[0. 0.],[0. 0.],Glow Plugs,58383794,1761498820,2001
1761498820150694229,[  0   0   0   0   7 209   0   0],7,264,[0. 0.],[0. 0.],Glow Plugs,150427093,1761498820,2001
1761498820304432208,[  0   0   0   0   7 209   0   0],7,264,[0. 0.],[0. 0.],Glow Plugs,304247824,1761498820,2001
1761498820376454060,[  0   0   0   0   7 209   0   0],7,264,[0. 0.],[0. 0.],Glow Plugs,376208396,1761498820,2001
1761498820458467723,[  0   0   0   0   7 209   0   0],7,264,[0. 0.],[0. 0.],Glow Plugs,458163691,1761498820,2001
1761498820550414510,[  0   0   0   0   7 209   0   0],7,264,[0. 0.],[0. 0.],Glow Plugs,550138318,1761498820,2001
1761498820662873113,[  0   0   0   0   7 209   0   0],7,264,[0. 0.],[0. 0.],Glow Plugs,662565977,1761498820,2001
1761498820744697913,[  0   0   0   0   7 209   0   0],7,264,[0. 0.],[0. 0.],Glow Plugs,744433273,1761498820,2001
1761498820858252548,[  0   0   0   0   7 209   0   0],7,264,[0. 0.],[0. 0.],Glow Plugs,857882756,1761498820,2001
1761498820950193095,[  0   0   0   0   7 209   0   0],7,264,[0. 0.],[0. 0.],Glow Plugs,949877927,1761498820,2001
1761498821062321617,[  0   0   0   0   7 209   0   0],7,264,[0. 0.],[0. 0.],Glow Plugs,62084721,1761498821,2001
1761498821153860785,[  0   0   0   0   7 209   0   0],7,264,[0. 0.],[0. 0.],Glow Plugs,153659569,1761498821,2001
1761498821308520455,[  0   0   0   0   7 209   0   0],7,264,[0. 0.],[0. 0.],Glow Plugs,308158247,1761498821,2001
1761498821380847649,[  0   0   0   0   7 209   0   0],7,264,[0. 0.],[0. 0.],Glow Plugs,380656609,1761498821,2001
1761498821462906558,[  0   0   0   0   7 209   0   0],7,264,[0. 0.],[0. 0.],Glow Plugs,462656990,1761498821,2001
1761498821554974654,[  0   0   0   0   7 209   0   0],7,264,[0. 0.],[0. 0.],Glow Plugs,554692702,1761498821,2001
1761498821667636038,[  0   0   0   0   7 209   0   0],7,264,[0. 0.],[0. 0.],Glow Plugs,667165094,1761498821,2001
1761498821749039203,[  0   0   0   0   7 209   0   0],7,264,[0. 0.],[0. 0.],Glow Plugs,748826243,1761498821,2001
1761498821861757483,[  0   0   0   0   7 209   0   0],7,264,[0. 0.],[0. 0.],Glow Plugs,861418218,1761498821,2001
1761498821953338443,[  0   0   0   0   7 209   0   0],7,264,[0. 0.],[0. 0.],Glow Plugs,953075115,1761498821,2001
1761498822065292240,[  0   0   0   0   7 209   0   0],7,264,[0. 0.],[0. 0.],Glow Plugs,65090832,1761498822,2001
1761498822157927502,[  0   0   0   0   7 209   0   0],7,264,[0. 0.],[0. 0.],Glow Plugs,157447502,1761498822,2001
1761498822311783808,[  0   0   0   0   7 209   0   0],7,264,[0. 0.],[0. 0.],Glow Plugs,311273568,1761498822,2001
1761498822383757911,[  0   0   0   0   7 209   0   0],7,264,[0. 0.],[0. 0.],Glow Plugs,383215991,1761498822,2001
1761498822465940562,[  0   0   0   0   7 209   0   0],7,264,[0. 0.],[0. 0.],Glow Plugs,465380017,1761498822,2001
1761498822557723055,[  0   0   0   0   7 209   0   0],7,264,[0. 0.],[0. 0.],Glow Plugs,557241391,1761498822,2001
1761498822669563475,[  0   0   0   0   7 209   0   0],7,264,[0. 0.],[0. 0.],Glow Plugs,669355219,1761498822,2001
1761498822752339950,[  0   0   0   0   7 209   0   0],7,264,[0. 0.],[0. 0.],Glow Plugs,751321358,1761498822,2001
1761498822863807026,[  0   0   0   0   7 209   0   0],7,264,[0. 0.],[0. 0.],Glow Plugs,863338034,1761498822,2001
1761498822955297967,[  0   0   0   0   7 209   0   0],7,264,[0. 0.],[0. 0.],Glow Plugs,955122991,1761498822,2001
1761498823067767154,[  0   0   0   0   7 209   0   0],7,264,[0. 0.],[0. 0.],Glow Plugs,67448370,1761498823,2001
1761498823159907693,[  0   0   0   0   7 209   0   0],7,264,[0. 0.],[0. 0.],Glow Plugs,159385581,1761498823,2001
1761498823313288634,[  0   0   0   0   7 209   0   0],7,264,[0. 0.],[0. 0.],Glow Plugs,313083801,1761498823,2001
1761498823385688303,[  0   0   0   0   7 209   0   0],7,264,[0. 0.],[0. 0.],Glow Plugs,385378127,1761498823,2001
1761498823467811655,[  0   0   0   0   7 209   0   0],7,264,[0. 0.],[0. 0.],Glow Plugs,467456295,1761498823,2001
1761498823559318433,[  0   0   0   0   7 209   0   0],7,264,[0. 0.],[0. 0.],Glow Plugs,559105089,1761498823,2001
1761498823671811746,[  0   0   0   0   7 209   0   0],7,264,[0. 0.],[0. 0.],Glow Plugs,671440066,1761498823,2001
1761498823764606269,[  0   0   0   0   7 209   0   0],7,264,[0. 0.],[0. 0.],Glow Plugs,763956797,1761498823,2001
1761498823866788603,[  0   0   0   0   7 209   0   0],7,264,[0. 0.],[0. 0.],Glow Plugs,866541883,1761498823,2001
1761498823960270071,[  0   0   0   0   7 209   0   0],7,264,[0. 0.],[0. 0.],Glow Plugs,959874647,1761498823,2001
1761498824075427926,[  0   0   0   0   7 209   0   0],7,264,[0. 0.],[0. 0.],Glow Plugs,75097878,1761498824,2001
1761498824157147820,[  0   0   0   0   7 209   0   0],7,264,[0. 0.],[0. 0.],Glow Plugs,156903180,1761498824,2001
1761498824311923956,[  0   0   0   0   7 209   0   0],7,264,[0. 0.],[0. 0.],Glow Plugs,311202548,1761498824,2001
1761498824383834727,[  0   0   0   0   7 209   0   0],7,264,[0. 0.],[0. 0.],Glow Plugs,383399847,1761498824,2001
1761498824476222751,[  0   0   0   0   7 209   0   0],7,264,[0. 0.],[0. 0.],Glow Plugs,475957279,1761498824,2001
1761498824557784501,[  0   0   0   0   7 209   0   0],7,264,[0. 0.],[0. 0.],Glow Plugs,557399893,1761498824,2001
1761498824670154482,[  0   0   0   0   7 209   0   0],7,264,[0. 0.],[0. 0.],Glow Plugs,669832146,1761498824,2001
1761498824762677131,[  0   0   0   0   7 209   0   0],7,264,[0. 0.],[0. 0.],Glow Plugs,762120075,1761498824,2001
1761498824874812008,[  0   0   0   0   7 209   0   0],7,264,[0. 0.],[0. 0.],Glow Plugs,874524008,1761498824,2001
1761498824966830560,[  0   0   0   0   7 209   0   0],7,264,[0. 0.],[0. 0.],Glow Plugs,966536864,1761498824,2001
1761498825069912121,[  0   0   0   0   7 209   0   0],7,264,[0. 0.],[0. 0.],Glow Plugs,69473241,1761498825,2001
1761498825162513455,[  0   0   0   0   7 209   0   0],7,264,[0. 0.],[0. 0.],Glow Plugs,161922383,1761498825,2001
1761498825316780787,[  0   0   0   0   7 209   0   0],7,264,[0. 0.],[0. 0.],Glow Plugs,316554579,1761498825,2001
1761498825389251076,[  0   0   0   0   7 209   0   0],7,264,[0. 0.],[0. 0.],Glow Plugs,388884644,1761498825,2001
1761498825470975063,[  0   0   0   0   7 209   0   0],7,264,[0. 0.],[0. 0.],Glow Plugs,470748887,1761498825,2001
1761498825563195180,[  0   0   0   0   7 209   0   0],7,264,[0. 0.],[0. 0.],Glow Plugs,562987116,1761498825,2001
1761498825675876167,[  0   0   0   0   7 209   0   0],7,264,[0. 0.],[0. 0.],Glow Plugs,675628583,1761498825,2001
1761498825768670812,[  0   0   0   0   7 209   0   0],7,264,[0. 0.],[0. 0.],Glow Plugs,768448860,1761498825,2001
1761498825881767159,[  0   0   0   0   7 209   0   0],7,264,[0. 0.],[0. 0.],Glow Plugs,881327991,1761498825,2001
1761498825963689578,[  0   0   0   0   7 209   0   0],7,264,[0. 0.],[0. 0.],Glow Plugs,963359306,1761498825,2001
1761498826076181730,[  0   0   0   0   7 209   0   0],7,264,[0. 0.],[0. 0.],Glow Plugs,75908034,1761498826,2001
1761498826168407733,[  0   0   0   0   7 209   0   0],7,264,[0. 0.],[0. 0.],Glow Plugs,168114005,1761498826,2001
1761498826323098612,[  0   0   0   0   7 209   0   0],7,264,[0. 0.],[0. 0.],Glow Plugs,322743892,1761498826,2001
1761498826395687331,[  0   0   0   0   7 209   0   0],7,264,[0. 0.],[0. 0.],Glow Plugs,395205923,1761498826,2001
1761498826477487988,[  0   0   0   0   7 209   0   0],7,264,[0. 0.],[0. 0.],Glow Plugs,477291380,1761498826,2001
1761498826570718343,[  0   0   0   0   7 209   0   0],7,264,[0. 0.],[0. 0.],Glow Plugs,569934150,1761498826,2001
1761498826682846749,[  0   0   0   0   7 209   0   0],7,264,[0. 0.],[0. 0.],Glow Plugs,682614717,1761498826,2001
1761498826765135406,[  0   0   0   0   7 209   0   0],7,264,[0. 0.],[0. 0.],Glow Plugs,764826734,1761498826,2001
1761498826877665541,[  0   0   0   0   7 209   0   0],7,264,[0. 0.],[0. 0.],Glow Plugs,877450405,1761498826,2001
1761498826970458136,[  0   0   0   0   7 209   0   0],7,264,[0. 0.],[0. 0.],Glow Plugs,970202456,1761498826,2001
1761498827083493133,[  0   0   0   0   7 209   0   0],7,264,[0. 0.],[0. 0.],Glow Plugs,83260461,1761498827,2001
1761498827176160189,[  0   0   0   0   7 209   0   0],7,264,[0. 0.],[0. 0.],Glow Plugs,175776989,1761498827,2001
1761498827322784887,[  0   0   0   0   7 209   0   0],7,264,[0. 0.],[0. 0.],Glow Plugs,322474358,1761498827,2001
1761498827395531907,[  0   0   0   0   7 209   0   0],7,264,[0. 0.],[0. 0.],Glow Plugs,395114563,1761498827,2001
1761498827477499218,[  0   0   0   0   7 209   0   0],7,264,[0. 0.],[0. 0.],Glow Plugs,477281170,1761498827,2001
1761498827570150818,[  0   0   0   0   7 209   0   0],7,264,[0. 0.],[0. 0.],Glow Plugs,569810850,1761498827,2001
1761498827682798549,[  0   0   0   0   7 209   0   0],7,264,[0. 0.],[0. 0.],Glow Plugs,682492405,1761498827,2001
1761498827775147302,[  0   0   0   0   7 209   0   0],7,264,[0. 0.],[0. 0.],Glow Plugs,774540421,1761498827,2001
1761498827886990297,[  0   0   0   0   7 209   0   0],7,264,[0. 0.],[0. 0.],Glow Plugs,886670457,1761498827,2001
1761498827968596519,[  0   0   0   0   7 209   0   0],7,264,[0. 0.],[0. 0.],Glow Plugs,968272231,1761498827,2001
1761498828080730361,[  0   0   0   0   7 209   0   0],7,264,[0. 0.],[0. 0.],Glow Plugs,80479225,1761498828,2001
1761498828174562150,[  0   0   0   0   7 209   0   0],7,264,[0. 0.],[0. 0.],Glow Plugs,174400198,1761498828,2001
1761498828328588541,[  0   0   0   0   7 209   0   0],7,264,[0. 0.],[0. 0.],Glow Plugs,328384413,1761498828,2001
1761498828400867751,[  0   0   0   0   7 209   0   0],7,264,[0. 0.],[0. 0.],Glow Plugs,400672807,1761498828,2001
1761498828482934131,[  0   0   0   0   7 209   0   0],7,264,[0. 0.],[0. 0.],Glow Plugs,482666003,1761498828,2001
1761498828574635329,[  0   0   0   0   7 209   0   0],7,264,[0. 0.],[0. 0.],Glow Plugs,574424673,1761498828,2001
1761498828686965073,[  0   0   0   0   7 209   0   0],7,264,[0. 0.],[0. 0.],Glow Plugs,686670193,1761498828,2001
1761498828779063871,[  0   0   0   0   7 209   0   0],7,264,[0. 0.],[0. 0.],Glow Plugs,778742623,1761498828,2001
1761498828891170319,[  0   0   0   0   7 209   0   0],7,264,[0. 0.],[0. 0.],Glow Plugs,890921199,1761498828,2001
1761498828972763003,[  0   0   0   0   7 209   0   0],7,264,[0. 0.],[0. 0.],Glow Plugs,972487675,1761498828,2001
1761498829084765513,[  0   0   0   0   7 209   0   0],7,264,[0. 0.],[0. 0.],Glow Plugs,84558665,1761498829,2001
1761498829176867188,[  0   0   0   0   7 209   0   0],7,264,[0. 0.],[0. 0.],Glow Plugs,176652692,1761498829,2001
1761498829331080070,[  0   0   0   0   7 209   0   0],7,264,[0. 0.],[0. 0.],Glow Plugs,330772358,1761498829,2001
1761498829404002734,[  0   0   0   0   7 209   0   0],7,264,[0. 0.],[0. 0.],Glow Plugs,403260366,1761498829,2001
1761498829485298296,[  0   0   0   0   7 209   0   0],7,264,[0. 0.],[0. 0.],Glow Plugs,485016280,1761498829,2001
1761498829577043075,[  0   0   0   0   7 209   0   0],7,264,[0. 0.],[0. 0.],Glow Plugs,576854466,1761498829,2001
1761498829689505584,[  0   0   0   0   7 209   0   0],7,264,[0. 0.],[0. 0.],Glow Plugs,689157392,1761498829,2001
1761498829781566842,[  0   0   0   0   7 209   0   0],7,264,[0. 0.],[0. 0.],Glow Plugs,781337722,1761498829,2001
1761498829894323880,[  0   0   0   0   7 209   0   0],7,264,[0. 0.],[0. 0.],Glow Plugs,894015336,1761498829,2001
1761498829976112977,[  0   0   0   0   7 209   0   0],7,264,[0. 0.],[0. 0.],Glow Plugs,975809009,1761498829,2001
1761498830088243420,[  0   0   0   0   7 209   0   0],7,264,[0. 0.],[0. 0.],Glow Plugs,87951612,1761498830,2001
1761498830180494884,[  0   0   0   0   7 209   0   0],7,264,[0. 0.],[0. 0.],Glow Plugs,180219108,1761498830,2001
1761498830334622194,[  0   0   0   0   7 209   0   0],7,264,[0. 0.],[0. 0.],Glow Plugs,334281586,1761498830,2001
1761498830406935032,[  0   0   0   0   7 209   0   0],7,264,[0. 0.],[0. 0.],Glow Plugs,406682616,1761498830,2001
1761498830488893280,[  0   0   0   0   7 209   0   0],7,264,[0. 0.],[0. 0.],Glow Plugs,488540576,1761498830,2001
1761498830580857512,[  0   0   0   0   7 209   0   0],7,264,[0. 0.],[0. 0.],Glow Plugs,580549096,1761498830,2001
1761498830693558034,[  0   0   0   0   7 209   0   0],7,264,[0. 0.],[0. 0.],Glow Plugs,693094546,1761498830,2001
1761498830787291354,[  0   0   0   0   7 209   0   0],7,264,[0. 0.],[0. 0.],Glow Plugs,786939482,1761498830,2001
1761498830889938563,[  0   0   0   0   7 209   0   0],7,264,[0. 0.],[0. 0.],Glow Plugs,889472643,1761498830,2001
1761498830981734795,[  0   0   0   0   7 209   0   0],7,264,[0. 0.],[0. 0.],Glow Plugs,981445387,1761498830,2001
1761498831094443795,[  0   0   0   0   7 209   0   0],7,264,[0. 0.],[0. 0.],Glow Plugs,93990675,1761498831,2001
1761498831186200792,[  0   0   0   0   7 209   0   0],7,264,[0. 0.],[0. 0.],Glow Plugs,185886232,1761498831,2001
1761498831340402114,[  0   0   0   0   7 209   0   0],7,264,[0. 0.],[0. 0.],Glow Plugs,340079170,1761498831,2001
1761498831412356518,[  0   0   0   0   7 209   0   0],7,264,[0. 0.],[0. 0.],Glow Plugs,412071014,1761498831,2001
1761498831494633163,[  0   0   0   0   7 209   0   0],7,264,[0. 0.],[0. 0.],Glow Plugs,494308139,1761498831,2001
1761498831586655185,[  0   0   0   0   7 209   0   0],7,264,[0. 0.],[0. 0.],Glow Plugs,586350865,1761498831,2001
1761498831699881912,[  0   0   0   0   7 209   0   0],7,264,[0. 0.],[0. 0.],Glow Plugs,699200759,1761498831,2001
1761498831781710940,[  0   0   0   0   7 209   0   0],7,264,[0. 0.],[0. 0.],Glow Plugs,781433116,1761498831,2001
1761498831893541475,[  0   0   0   0   7 209   0   0],7,264,[0. 0.],[0. 0.],Glow Plugs,893366051,1761498831,2001
1761498831985805033,[  0   0   0   0   7 209   0   0],7,264,[0. 0.],[0. 0.],Glow Plugs,985549865,1761498831,2001
1761498832097938605,[  0   0   0   0   7 209   0   0],7,264,[0. 0.],[0. 0.],Glow Plugs,97592205,1761498832,2001
1761498832190326160,[  0   0   0   0   7 209   0   0],7,264,[0. 0.],[0. 0.],Glow Plugs,189854576,1761498832,2001
1761498832336162645,[  0   0   0   0   7 209   0   0],7,264,[0. 0.],[0. 0.],Glow Plugs,335821397,1761498832,2001
1761498832408385783,[  0   0   0   0   7 209   0   0],7,264,[0. 0.],[0. 0.],Glow Plugs,408050839,1761498832,2001
1761498832500488250,[  0   0   0   0   7 209   0   0],7,264,[0. 0.],[0. 0.],Glow Plugs,500181530,1761498832,2001
1761498832592060573,[  0   0   0   0   7 209   0   0],7,264,[0. 0.],[0. 0.],Glow Plugs,591784733,1761498832,2001
1761498832704491713,[  0   0   0   0   7 209   0   0],7,264,[0. 0.],[0. 0.],Glow Plugs,704172481,1761498832,2001
1761498832786668387,[  0   0   0   0   7 209   0   0],7,264,[0. 0.],[0. 0.],Glow Plugs,786351427,1761498832,2001
1761498832899237543,[  0   0   0   0   7 209   0   0],7,264,[0. 0.],[0. 0.],Glow Plugs,898830087,1761498832,2001
1761498832990918474,[  0   0   0   0   7 209   0   0],7,264,[0. 0.],[0. 0.],Glow Plugs,990609898,1761498832,2001
1761498833103208043,[  0   0   0   0   7 209   0   0],7,264,[0. 0.],[0. 0.],Glow Plugs,102966827,1761498833,2001
1761498833195188972,[  0   0   0   0   7 209   0   0],7,264,[0. 0.],[0. 0.],Glow Plugs,195023788,1761498833,2001
1761498833339038508,[  0   0   0   0   7 209   0   0],7,264,[0. 0.],[0. 0.],Glow Plugs,338805740,1761498833,2001
1761498833412432749,[  0   0   0   0   7 209   0   0],7,264,[0. 0.],[0. 0.],Glow Plugs,412049453,1761498833,2001
1761498833504527565,[  0   0   0   0   7 209   0   0],7,264,[0. 0.],[0. 0.],Glow Plugs,504238989,1761498833,2001
1761498833596952749,[  0   0   0   0   7 209   0   0],7,264,[0. 0.],[0. 0.],Glow Plugs,596507469,1761498833,2001
1761498833699076494,[  0   0   0   0   7 209   0   0],7,264,[0. 0.],[0. 0.],Glow Plugs,698796430,1761498833,2001
1761498833791560782,[  0   0   0   0   7 209   0   0],7,264,[0. 0.],[0. 0.],Glow Plugs,791008846,1761498833,2001
1761498833904256495,[  0   0   0   0   7 209   0   0],7,264,[0. 0.],[0. 0.],Glow Plugs,903896943,1761498833,2001
1761498833996052303,[  0   0   0   0   7 209   0   0],7,264,[0. 0.],[0. 0.],Glow Plugs,995775631,1761498833,2001
1761498834108343885,[  0   0   0   0   7 209   0   0],7,264,[0. 0.],[0. 0.],Glow Plugs,108001069,1761498834,2001
1761498834189966635,[  0   0   0   0   7 209   0   0],7,264,[0. 0.],[0. 0.],Glow Plugs,189773611,1761498834,2001
1761498834343583464,[  0   0   0   0   7 209   0   0],7,264,[0. 0.],[0. 0.],Glow Plugs,343214472,1761498834,2001
1761498834415908838,[  0   0   0   0   7 209   0   0],7,264,[0. 0.],[0. 0.],Glow Plugs,415371142,1761498834,2001
1761498834507622340,[  0   0   0   0   7 209   0   0],7,264,[0. 0.],[0. 0.],Glow Plugs,507339300,1761498834,2001
1761498834599666850,[  0   0   0   0   7 209   0   0],7,264,[0. 0.],[0. 0.],Glow Plugs,599318210,1761498834,2001
1761498834701984256,[  0   0   0   0   7 209   0   0],7,264,[0. 0.],[0. 0.],Glow Plugs,701697472,1761498834,2001
1761498834794025246,[  0   0   0   0   7 209   0   0],7,264,[0. 0.],[0. 0.],Glow Plugs,793780286,1761498834,2001
1761498834906232155,[  0   0   0   0   7 209   0   0],7,264,[0. 0.],[0. 0.],Glow Plugs,906055227,1761498834,2001
1761498834997901625,[  0   0   0   0   7 209   0   0],7,264,[0. 0.],[0. 0.],Glow Plugs,997617241,1761498834,2001
1761498835111626035,[  0   0   0   0   7 209   0   0],7,264,[0. 0.],[0. 0.],Glow Plugs,109957364,1761498835,2001
1761498835201648783,[  0   0   0   0   7 209   0   0],7,264,[0. 0.],[0. 0.],Glow Plugs,201360975,1761498835,2001
1761498835345175112,[  0   0   0   0   7 209   0   0],7,264,[0. 0.],[0. 0.],Glow Plugs,344902376,1761498835,2001
1761498835417763108,[  0   0   0   0   7 209   0   0],7,264,[0. 0.],[0. 0.],Glow Plugs,417560388,1761498835,2001
1761498835509856512,[  0   0   0   0   7 209   0   0],7,264,[0. 0.],[0. 0.],Glow Plugs,509680000,1761498835,2001
1761498835601688635,[  0   0   0   0   7 209   0   0],7,264,[0. 0.],[0. 0.],Glow Plugs,601478395,1761498835,2001
1761498835713535893,[  0   0   0   0   7 209   0   0],7,264,[0. 0.],[0. 0.],Glow Plugs,713376693,1761498835,2001
1761498835795754865,[  0   0   0   0   7 209   0   0],7,264,[0. 0.],[0. 0.],Glow Plugs,795435729,1761498835,2001
1761498835907925644,[  0   0   0   0   7 209   0   0],7,264,[0. 0.],[0. 0.],Glow Plugs,907495628,1761498835,2001
1761498835999457767,[  0   0   0   0   7 209   0   0],7,264,[0. 0.],[0. 0.],Glow Plugs,999268423,1761498835,2001
1761498836112630719,[  0   0   0   0   7 209   0   0],7,264,[0. 0.],[0. 0.],Glow Plugs,112430367,1761498836,2001
1761498836204598775,[  0   0   0   0   7 209   0   0],7,264,[0. 0.],[0. 0.],Glow Plugs,204379703,1761498836,2001
1761498836349189164,[  0   0   0   0   7 209   0   0],7,264,[0. 0.],[0. 0.],Glow Plugs,348843276,1761498836,2001
1761498836421713575,[  0   0   0   0   7 209   0   0],7,264,[0. 0.],[0. 0.],Glow Plugs,421473511,1761498836,2001
1761498836514798656,[  0   0   0   0   7 209   0   0],7,264,[0. 0.],[0. 0.],Glow Plugs,514517856,1761498836,2001
1761498836605778073,[  0   0   0   0   7 209   0   0],7,264,[0. 0.],[0. 0.],Glow Plugs,605426073,1761498836,2001
1761498836707697169,[  0   0   0   0   7 209   0   0],7,264,[0. 0.],[0. 0.],Glow Plugs,707483921,1761498836,2001
1761498836800109450,[  0   0   0   0   7 209   0   0],7,264,[0. 0.],[0. 0.],Glow Plugs,799763786,1761498836,2001
1761498836912205761,[  0   0   0   0   7 209   0   0],7,264,[0. 0.],[0. 0.],Glow Plugs,912005537,1761498836,2001
1761498837004042938,[  0   0   0   0   7 209   0   0],7,264,[0. 0.],[0. 0.],Glow Plugs,3805338,1761498837,2001
1761498837116651982,[  0   0   0   0   7 209   0   0],7,264,[0. 0.],[0. 0.],Glow Plugs,116108750,1761498837,2001
1761498837208020581,[  0   0   0   0   7 209   0   0],7,264,[0. 0.],[0. 0.],Glow Plugs,207846981,1761498837,2001
1761498837352949174,[  0   0   0   0   7 209   0   0],7,264,[0. 0.],[0. 0.],Glow Plugs,352395350,1761498837,2001
1761498837425778638,[  0   0   0   0   7 209   0   0],7,264,[0. 0.],[0. 0.],Glow Plugs,425523790,1761498837,2001
1761498837518084740,[  0   0   0   0   7 209   0   0],7,264,[0. 0.],[0. 0.],Glow Plugs,517734212,1761498837,2001
1761498837600137404,[  0   0   0   0   7 209   0   0],7,264,[0. 0.],[0. 0.],Glow Plugs,599847516,1761498837,2001
1761498837712497712,[  0   0   0   0   7 209   0   0],7,264,[0. 0.],[0. 0.],Glow Plugs,712339952,1761498837,2001
1761498837805584839,[  0   0   0   0   7 209   0   0],7,264,[0. 0.],[0. 0.],Glow Plugs,805275047,1761498837,2001
1761498837917956955,[  0   0   0   0   7 209   0   0],7,264,[0. 0.],[0. 0.],Glow Plugs,917542171,1761498837,2001
1761498838009504785,[  0   0   0   0   7 209   0   0],7,264,[0. 0.],[0. 0.],Glow Plugs,9219793,1761498838,2001
1761498838121705763,[  0   0   0   0   7 209   0   0],7,264,[0. 0.],[0. 0.],Glow Plugs,121455811,1761498838,2001
1761498838205073880,[  0   0   0   0   7 209   0   0],7,264,[0. 0.],[0. 0.],Glow Plugs,204768280,1761498838,2001
1761498838358966276,[  0   0   0   0   7 209   0   0],7,264,[0. 0.],[0. 0.],Glow Plugs,358576324,1761498838,2001
1761498838431821434,[  0   0   0   0   7 209   0   0],7,264,[0. 0.],[0. 0.],Glow Plugs,431258970,1761498838,2001
1761498838524093006,[  0   0   0   0   7 209   0   0],7,264,[0. 0.],[0. 0.],Glow Plugs,523826158,1761498838,2001
1761498838606124195,[  0   0   0   0   7 209   0   0],7,264,[0. 0.],[0. 0.],Glow Plugs,605833923,1761498838,2001
1761498838718180693,[  0   0   0   0   7 209   0   0],7,264,[0. 0.],[0. 0.],Glow Plugs,717841205,1761498838,2001
1761498838810489833,[  0   0   0   0   7 209   0   0],7,264,[0. 0.],[0. 0.],Glow Plugs,810164841,1761498838,2001
1761498838922954714,[  0   0   0   0   7 209   0   0],7,264,[0. 0.],[0. 0.],Glow Plugs,922377850,1761498838,2001
1761498839014529902,[  0   0   0   0   7 209   0   0],7,264,[0. 0.],[0. 0.],Glow Plugs,14233838,1761498839,2001
1761498839116666366,[  0   0   0   0   7 209   0   0],7,264,[0. 0.],[0. 0.],Glow Plugs,116403614,1761498839,2001
1761498839208208303,[  0   0   0   0   7 209   0   0],7,264,[0. 0.],[0. 0.],Glow Plugs,207982255,1761498839,2001
1761498839363925943,[  0   0   0   0   7 209   0   0],7,264,[0. 0.],[0. 0.],Glow Plugs,363591223,1761498839,2001
1761498839435738923,[  0   0   0   0   7 209   0   0],7,264,[0. 0.],[0. 0.],Glow Plugs,435434636,1761498839,2001
1761498839517367935,[  0   0   0   0   7 209   0   0],7,264,[0. 0.],[0. 0.],Glow Plugs,517169567,1761498839,2001
1761498839609031440,[  0   0   0   0   7 209   0   0],7,264,[0. 0.],[0. 0.],Glow Plugs,608837424,1761498839,2001
1761498839721647775,[  0   0   0   0   7 209   0   0],7,264,[0. 0.],[0. 0.],Glow Plugs,721334751,1761498839,2001
1761498839813534736,[  0   0   0   0   7 209   0   0],7,264,[0. 0.],[0. 0.],Glow Plugs,813223440,1761498839,2001
1761498839926797182,[  0   0   0   0   7 209   0   0],7,264,[0. 0.],[0. 0.],Glow Plugs,926361150,1761498839,2001
1761498840008779889,[  0   0   0   0   7 209   0   0],7,264,[0. 0.],[0. 0.],Glow Plugs,8499537,1761498840,2001
1761498840123367292,[  0   0   0   0   7 209   0   0],7,264,[0. 0.],[0. 0.],Glow Plugs,123167772,1761498840,2001
1761498840215747467,[  0   0   0   0   7 209   0   0],7,264,[0. 0.],[0. 0.],Glow Plugs,215458443,1761498840,2001
1761498840370104879,[  0   0   0   0   7 209   0   0],7,264,[0. 0.],[0. 0.],Glow Plugs,368936783,1761498840,2001
1761498840442265730,[  0   0   0   0   7 209   0   0],7,264,[0. 0.],[0. 0.],Glow Plugs,441979554,1761498840,2001
1761498840524312723,[  0   0   0   0   7 209   0   0],7,264,[0. 0.],[0. 0.],Glow Plugs,523990515,1761498840,2001
1761498840616218722,[  0   0   0   0   7 209   0   0],7,264,[0. 0.],[0. 0.],Glow Plugs,615932226,1761498840,2001
1761498840728531149,[  0   0   0   0   7 209   0   0],7,264,[0. 0.],[0. 0.],Glow Plugs,728061293,1761498840,2001
1761498840820881852,[  0   0   0   0   7 209   0   0],7,264,[0. 0.],[0. 0.],Glow Plugs,820224925,1761498840,2001
1761498840922855658,[  0   0   0   0   7 209   0   0],7,264,[0. 0.],[0. 0.],Glow Plugs,922526666,1761498840,2001
1761498841014682329,[  0   0   0   0   7 209   0   0],7,264,[0. 0.],[0. 0.],Glow Plugs,14457369,1761498841,2001
1761498841127349441,[  0   0   0   0   7 209   0   0],7,264,[0. 0.],[0. 0.],Glow Plugs,126943681,1761498841,2001
1761498841219514766,[  0   0   0   0   7 209   0   0],7,264,[0. 0.],[0. 0.],Glow Plugs,218883598,1761498841,2001
1761498841374539085,[  0   0   0   0   7 209   0   0],7,264,[0. 0.],[0. 0.],Glow Plugs,372809326,1761498841,2001
1761498841446195582,[  0   0   0   0   7 209   0   0],7,264,[0. 0.],[0. 0.],Glow Plugs,445903262,1761498841,2001
1761498841528529421,[  0   0   0   0   7 209   0   0],7,264,[0. 0.],[0. 0.],Glow Plugs,528205773,1761498841,2001
1761498841620612282,[  0   0   0   0   7 209   0   0],7,264,[0. 0.],[0. 0.],Glow Plugs,620360986,1761498841,2001
1761498841733680674,[  0   0   0   0   7 209   0   0],7,264,[0. 0.],[0. 0.],Glow Plugs,733253474,1761498841,2001
1761498841815516753,[  0   0   0   0   7 209   0   0],7,264,[0. 0.],[0. 0.],Glow Plugs,815212657,1761498841,2001
1761498841928354169,[  0   0   0   0   7 209   0   0],7,264,[0. 0.],[0. 0.],Glow Plugs,927836025,1761498841,2001
1761498842020441190,[  0   0   0   0   7 209   0   0],7,264,[0. 0.],[0. 0.],Glow Plugs,20107878,1761498842,2001
1761498842132727435,[  0   0   0   0   7 209   0   0],7,264,[0. 0.],[0. 0.],Glow Plugs,132520843,1761498842,2001
1761498842224603894,[  0   0   0   0   7 209   0   0],7,264,[0. 0.],[0. 0.],Glow Plugs,224435286,1761498842,2001
1761498842369082580,[  0   0   0   0   7 209   0   0],7,264,[0. 0.],[0. 0.],Glow Plugs,368863348,1761498842,2001
1761498842441483331,[  0   0   0   0   7 209   0   0],7,264,[0. 0.],[0. 0.],Glow Plugs,441260771,1761498842,2001
1761498842533916013,[  0   0   0   0   7 209   0   0],7,264,[0. 0.],[0. 0.],Glow Plugs,533633485,1761498842,2001
1761498842626024407,[  0   0   0   0   7 209   0   0],7,264,[0. 0.],[0. 0.],Glow Plugs,625494327,1761498842,2001
1761498842728164383,[  0   0   0   0   7 209   0   0],7,264,[0. 0.],[0. 0.],Glow Plugs,727915423,1761498842,2001
1761498842820744905,[  0   0   0   0   7 209   0   0],7,264,[0. 0.],[0. 0.],Glow Plugs,820264873,1761498842,2001
1761498842932533199,[  0   0   0   0   7 209   0   0],7,264,[0. 0.],[0. 0.],Glow Plugs,932336623,1761498842,2001
1761498843024842617,[  0   0   0   0   7 209   0   0],7,264,[0. 0.],[0. 0.],Glow Plugs,24665017,1761498843,2001
1761498843137878299,[  0   0   0   0   7 209   0   0],7,264,[0. 0.],[0. 0.],Glow Plugs,137399163,1761498843,2001
1761498843219658406,[  0   0   0   0   7 209   0   0],7,264,[0. 0.],[0. 0.],Glow Plugs,219278726,1761498843,2001
1761498843373686910,[  0   0   0   0   7 209   0   0],7,264,[0. 0.],[0. 0.],Glow Plugs,373352318,1761498843,2001
1761498843445973419,[  0   0   0   0   7 209   0   0],7,264,[0. 0.],[0. 0.],Glow Plugs,445663179,1761498843,2001
1761498843538203155,[  0   0   0   0   7 209   0   0],7,264,[0. 0.],[0. 0.],Glow Plugs,537971315,1761498843,2001
1761498843629885051,[  0   0   0   0   7 209   0   0],7,264,[0. 0.],[0. 0.],Glow Plugs,629665435,1761498843,2001
1761498843732324672,[  0   0   0   0   7 209   0   0],7,264,[0. 0.],[0. 0.],Glow Plugs,732031392,1761498843,2001
1761498843824173320,[  0   0   0   0   7 209   0   0],7,264,[0. 0.],[0. 0.],Glow Plugs,823920520,1761498843,2001
1761498843936153707,[  0   0   0   0   7 209   0   0],7,264,[0. 0.],[0. 0.],Glow Plugs,935987275,1761498843,2001
1761498844028080882,[  0   0   0   0   7 209   0   0],7,264,[0. 0.],[0. 0.],Glow Plugs,27875091,1761498844,2001
1761498844140410290,[  0   0   0   0   7 209   0   0],7,264,[0. 0.],[0. 0.],Glow Plugs,140137938,1761498844,2001
1761498844222305371,[  0   0   0   0   7 209   0   0],7,264,[0. 0.],[0. 0.],Glow Plugs,221995355,1761498844,2001
1761498844375921487,[  0   0   0   0   7 209   0   0],7,264,[0. 0.],[0. 0.],Glow Plugs,375645423,1761498844,2001
1761498844447946490,[  0   0   0   0   7 209   0   0],7,264,[0. 0.],[0. 0.],Glow Plugs,447610874,1761498844,2001
1761498844540113696,[  0   0   0   0   7 209   0   0],7,264,[0. 0.],[0. 0.],Glow Plugs,539849408,1761498844,2001
1761498844632303461,[  0   0   0   0   7 209   0   0],7,264,[0. 0.],[0. 0.],Glow Plugs,631851686,1761498844,2001
1761498844734227400,[  0   0   0   0   7 209   0   0],7,264,[0. 0.],[0. 0.],Glow Plugs,733895848,1761498844,2001
1761498844826244526,[  0   0   0   0   7 209   0   0],7,264,[0. 0.],[0. 0.],Glow Plugs,825914734,1761498844,2001
1761498844939091214,[  0   0   0   0   7 209   0   0],7,264,[0. 0.],[0. 0.],Glow Plugs,938581902,1761498844,2001
1761498845031641938,[  0   0   0   0   7 209   0   0],7,264,[0. 0.],[0. 0.],Glow Plugs,30894387,1761498845,2001
1761498845144644111,[  0   0   0   0   7 209   0   0],7,264,[0. 0.],[0. 0.],Glow Plugs,144288751,1761498845,2001
1761498845226333430,[  0   0   0   0   7 209   0   0],7,264,[0. 0.],[0. 0.],Glow Plugs,226080246,1761498845,2001
1761498845380077606,[  0   0   0   0   7 209   0   0],7,264,[0. 0.],[0. 0.],Glow Plugs,379816358,1761498845,2001
1761498845452067407,[  0   0   0   0   7 209   0   0],7,264,[0. 0.],[0. 0.],Glow Plugs,451765712,1761498845,2001
1761498845543953363,[  0   0   0   0   7 209   0   0],7,264,[0. 0.],[0. 0.],Glow Plugs,543765363,1761498845,2001
1761498845635994198,[  0   0   0   0   7 209   0   0],7,264,[0. 0.],[0. 0.],Glow Plugs,635676502,1761498845,2001
1761498845737957206,[  0   0   0   0   7 209   0   0],7,264,[0. 0.],[0. 0.],Glow Plugs,737697366,1761498845,2001
1761498845829922586,[  0   0   0   0   7 209   0   0],7,264,[0. 0.],[0. 0.],Glow Plugs,829647994,1761498845,2001
1761498845942370231,[  0   0   0   0   7 209   0   0],7,264,[0. 0.],[0. 0.],Glow Plugs,942039767,1761498845,2001
1761498846033928025,[  0   0   0   0   7 209   0   0],7,264,[0. 0.],[0. 0.],Glow Plugs,33693081,1761498846,2001
1761498846146557523,[  0   0   0   0   7 209   0   0],7,264,[0. 0.],[0. 0.],Glow Plugs,146051412,1761498846,2001
1761498846238126645,[  0   0   0   0   7 209   0   0],7,264,[0. 0.],[0. 0.],Glow Plugs,237779541,1761498846,2001
1761498846381764452,[  0   0   0   0   7 209   0   0],7,264,[0. 0.],[0. 0.],Glow Plugs,381452132,1761498846,2001
1761498846454332940,[  0   0   0   0   7 209   0   0],7,264,[0. 0.],[0. 0.],Glow Plugs,453751500,1761498846,2001
1761498846547407692,[  0   0   0   0   7 209   0   0],7,264,[0. 0.],[0. 0.],Glow Plugs,546871949,1761498846,2001
1761498846639405742,[  0   0   0   0   7 209   0   0],7,264,[0. 0.],[0. 0.],Glow Plugs,638973582,1761498846,2001
1761498846741094795,[  0   0   0   0   7 209   0   0],7,264,[0. 0.],[0. 0.],Glow Plugs,740930923,1761498846,2001
1761498846833301900,[  0   0   0   0   7 209   0   0],7,264,[0. 0.],[0. 0.],Glow Plugs,833113772,1761498846,2001
1761498846945785382,[  0   0   0   0   7 209   0   0],7,264,[0. 0.],[0. 0.],Glow Plugs,945362919,1761498846,2001
1761498847037480871,[  0   0   0   0   7 209   0   0],7,264,[0. 0.],[0. 0.],Glow Plugs,37185703,1761498847,2001
1761498847149330302,[  0   0   0   0   7 209   0   0],7,264,[0. 0.],[0. 0.],Glow Plugs,149150814,1761498847,2001
1761498847241351165,[  0   0   0   0   7 209   0   0],7,264,[0. 0.],[0. 0.],Glow Plugs,241085533,1761498847,2001
1761498847386824936,[  0   0   0   0   7 209   0   0],7,264,[0. 0.],[0. 0.],Glow Plugs,386569352,1761498847,2001
1761498847458692654,[  0   0   0   0   7 209   0   0],7,264,[0. 0.],[0. 0.],Glow Plugs,458406478,1761498847,2001
1761498847550766445,[  0   0   0   0   7 209   0   0],7,264,[0. 0.],[0. 0.],Glow Plugs,550423181,1761498847,2001
1761498847642531244,[  0   0   0   0   7 209   0   0],7,264,[0. 0.],[0. 0.],Glow Plugs,642284076,1761498847,2001
1761498847744674951,[  0   0   0   0   7 209   0   0],7,264,[0. 0.],[0. 0.],Glow Plugs,744406631,1761498847,2001
1761498847836775558,[  0   0   0   0   7 209   0   0],7,264,[0. 0.],[0. 0.],Glow Plugs,836509350,1761498847,2001
1761498847950528317,[  0   0   0   0   7 209   0   0],7,264,[0. 0.],[0. 0.],Glow Plugs,949987805,1761498847,2001
1761498848042015323,[  0   0   0   0   7 209   0   0],7,264,[0. 0.],[0. 0.],Glow Plugs,41707131,1761498848,2001
1761498848155547023,[  0   0   0   0   7 209   0   0],7,264,[0. 0.],[0. 0.],Glow Plugs,155167823,1761498848,2001
1761498848237349583,[  0   0   0   0   7 209   0   0],7,264,[0. 0.],[0. 0.],Glow Plugs,237008527,1761498848,2001
1761498848391986355,[  0   0   0   0   7 209   0   0],7,264,[0. 0.],[0. 0.],Glow Plugs,391586420,1761498848,2001
1761498848464388823,[  0   0   0   0   7 209   0   0],7,264,[0. 0.],[0. 0.],Glow Plugs,464155992,1761498848,2001
1761498848546950584,[  0   0   0   0   7 209   0   0],7,264,[0. 0.],[0. 0.],Glow Plugs,546643512,1761498848,2001
1761498848640012020,[  0   0   0   0   7 209   0   0],7,264,[0. 0.],[0. 0.],Glow Plugs,639421396,1761498848,2001
1761498848752185768,[  0   0   0   0   7 209   0   0],7,264,[0. 0.],[0. 0.],Glow Plugs,751802248,1761498848,2001
1761498848844273061,[  0   0   0   0   7 209   0   0],7,264,[0. 0.],[0. 0.],Glow Plugs,844001029,1761498848,2001
1761498848957065145,[  0   0   0   0   7 209   0   0],7,264,[0. 0.],[0. 0.],Glow Plugs,956732665,1761498848,2001
1761498849039141753,[  0   0   0   0   7 209   0   0],7,264,[0. 0.],[0. 0.],Glow Plugs,38838073,1761498849,2001
1761498849151911850,[  0   0   0   0   7 209   0   0],7,264,[0. 0.],[0. 0.],Glow Plugs,151603754,1761498849,2001
1761498849244028581,[  0   0   0   0   7 209   0   0],7,264,[0. 0.],[0. 0.],Glow Plugs,243688549,1761498849,2001
1761498849398388517,[  0   0   0   0   7 209   0   0],7,264,[0. 0.],[0. 0.],Glow Plugs,398027141,1761498849,2001
1761498849470800679,[  0   0   0   0   7 209   0   0],7,264,[0. 0.],[0. 0.],Glow Plugs,470524232,1761498849,2001
1761498849553535589,[  0   0   0   0   7 209   0   0],7,264,[0. 0.],[0. 0.],Glow Plugs,553112198,1761498849,2001
1761498849645918879,[  0   0   0   0   7 209   0   0],7,264,[0. 0.],[0. 0.],Glow Plugs,645660896,1761498849,2001
1761498849758918385,[  0   0   0   0   7 209   0   0],7,264,[0. 0.],[0. 0.],Glow Plugs,758687377,1761498849,2001
1761498849841350287,[  0   0   0   0   7 209   0   0],7,264,[0. 0.],[0. 0.],Glow Plugs,840988367,1761498849,2001
1761498849954112033,[  0   0   0   0   7 209   0   0],7,264,[0. 0.],[0. 0.],Glow Plugs,953819201,1761498849,2001
1761498850046419482,[  0   0   0   0   7 209   0   0],7,264,[0. 0.],[0. 0.],Glow Plugs,46110650,1761498850,2001
1761498850159308169,[  0   0   0   0   7 209   0   0],7,264,[0. 0.],[0. 0.],Glow Plugs,158993673,1761498850,2001
1761498850251256161,[  0   0   0   0   7 209   0   0],7,264,[0. 0.],[0. 0.],Glow Plugs,250950177,1761498850,2001
1761498850395087554,[  0   0   0   0   7 209   0   0],7,264,[0. 0.],[0. 0.],Glow Plugs,394768419,1761498850,2001
1761498850467394083,[  0   0   0   0   7 209   0   0],7,264,[0. 0.],[0. 0.],Glow Plugs,467055331,1761498850,2001
1761498850559212827,[  0   0   0   0   7 209   0   0],7,264,[0. 0.],[0. 0.],Glow Plugs,558993179,1761498850,2001
1761498850651617715,[  0   0   0   0   7 209   0   0],7,264,[0. 0.],[0. 0.],Glow Plugs,651384723,1761498850,2001
1761498850754054278,[  0   0   0   0   7 209   0   0],7,264,[0. 0.],[0. 0.],Glow Plugs,753585510,1761498850,2001
1761498850846159262,[  0   0   0   0   7 209   0   0],7,264,[0. 0.],[0. 0.],Glow Plugs,845632574,1761498850,2001
1761498850958627565,[  0   0   0   0   7 209   0   0],7,264,[0. 0.],[0. 0.],Glow Plugs,958373645,1761498850,2001
1761498851050751716,[  0   0   0   0   7 209   0   0],7,264,[0. 0.],[0. 0.],Glow Plugs,50422756,1761498851,2001
1761498851163096144,[  0   0   0   0   7 209   0   0],7,264,[0. 0.],[0. 0.],Glow Plugs,162858065,1761498851,2001
1761498851255532294,[  0   0   0   0   7 209   0   0],7,264,[0. 0.],[0. 0.],Glow Plugs,255225894,1761498851,2001
1761498851400537892,[  0   0   0   0   7 209   0   0],7,264,[0. 0.],[0. 0.],Glow Plugs,400094500,1761498851,2001
1761498851473135778,[  0   0   0   0   7 209   0   0],7,264,[0. 0.],[0. 0.],Glow Plugs,472621026,1761498851,2001
1761498851564606584,[  0   0   0   0   7 209   0   0],7,264,[0. 0.],[0. 0.],Glow Plugs,564036504,1761498851,2001
1761498851647769746,[  0   0   0   0   7 209   0   0],7,264,[0. 0.],[0. 0.],Glow Plugs,647597970,1761498851,2001
1761498851760133630,[  0   0   0   0   7 209   0   0],7,264,[0. 0.],[0. 0.],Glow Plugs,759836607,1761498851,2001
1761498851851956500,[  0   0   0   0   7 209   0   0],7,264,[0. 0.],[0. 0.],Glow Plugs,851702900,1761498851,2001
1761498851964537921,[  0   0   0   0   7 209   0   0],7,264,[0. 0.],[0. 0.],Glow Plugs,963991713,1761498851,2001
1761498852056276181,[  0   0   0   0   7 209   0   0],7,264,[0. 0.],[0. 0.],Glow Plugs,55752598,1761498852,2001
1761498852168018271,[  0   0   0   0   7 209   0   0],7,264,[0. 0.],[0. 0.],Glow Plugs,167800415,1761498852,2001
1761498852249866968,[  0   0   0   0   7 209   0   0],7,264,[0. 0.],[0. 0.],Glow Plugs,249416760,1761498852,2001
1761498852403903501,[  0   0   0   0   7 209   0   0],7,264,[0. 0.],[0. 0.],Glow Plugs,403320654,1761498852,2001
1761498852475622923,[  0   0   0   0   7 209   0   0],7,264,[0. 0.],[0. 0.],Glow Plugs,475274603,1761498852,2001
1761498852567707518,[  0   0   0   0   7 209   0   0],7,264,[0. 0.],[0. 0.],Glow Plugs,567367262,1761498852,2001
1761498852659060210,[  0   0   0   0   7 209   0   0],7,264,[0. 0.],[0. 0.],Glow Plugs,658798386,1761498852,2001
1761498852761369249,[  0   0   0   0   7 209   0   0],7,264,[0. 0.],[0. 0.],Glow Plugs,761076609,1761498852,2001
1761498852853213236,[  0   0   0   0   7 209   0   0],7,264,[0. 0.],[0. 0.],Glow Plugs,852846549,1761498852,2001
1761498852965026238,[  0   0   0   0   7 209   0   0],7,264,[0. 0.],[0. 0.],Glow Plugs,964825759,1761498852,2001
1761498853058039600,[  0   0   0   0   7 209   0   0],7,264,[0. 0.],[0. 0.],Glow Plugs,57451217,1761498853,2001
1761498853170180311,[  0   0   0   0   7 209   0   0],7,264,[0. 0.],[0. 0.],Glow Plugs,169879128,1761498853,2001
1761498853252120334,[  0   0   0   0   7 209   0   0],7,264,[0. 0.],[0. 0.],Glow Plugs,251845198,1761498853,2001
1761498853406849760,[  0   0   0   0   7 209   0   0],7,264,[0. 0.],[0. 0.],Glow Plugs,406531424,1761498853,2001
1761498853478948027,[  0   0   0   0   7 209   0   0],7,264,[0. 0.],[0. 0.],Glow Plugs,478629147,1761498853,2001
1761498853571095660,[  0   0   0   0   7 209   0   0],7,264,[0. 0.],[0. 0.],Glow Plugs,570882124,1761498853,2001
1761498853663275422,[  0   0   0   0   7 209   0   0],7,264,[0. 0.],[0. 0.],Glow Plugs,662967934,1761498853,2001
1761498853765958090,[  0   0   0   0   7 209   0   0],7,264,[0. 0.],[0. 0.],Glow Plugs,765658506,1761498853,2001
1761498853858214971,[  0   0   0   0   7 209   0   0],7,264,[0. 0.],[0. 0.],Glow Plugs,857860571,1761498853,2001
1761498853970874402,[  0   0   0   0   7 209   0   0],7,264,[0. 0.],[0. 0.],Glow Plugs,970649026,1761498853,2001
1761498854063291314,[  0   0   0   0   7 209   0   0],7,264,[0. 0.],[0. 0.],Glow Plugs,62915378,1761498854,2001
1761498854165505851,[  0   0   0   0   7 209   0   0],7,264,[0. 0.],[0. 0.],Glow Plugs,165173275,1761498854,2001
1761498854257420747,[  0   0   0   0   7 209   0   0],7,264,[0. 0.],[0. 0.],Glow Plugs,257130571,1761498854,2001
1761498854411630777,[  0   0   0   0   7 209   0   0],7,264,[0. 0.],[0. 0.],Glow Plugs,411336121,1761498854,2001
1761498854484195666,[  0   0   0   0   7 209   0   0],7,264,[0. 0.],[0. 0.],Glow Plugs,483936979,1761498854,2001
1761498854576290402,[  0   0   0   0   7 209   0   0],7,264,[0. 0.],[0. 0.],Glow Plugs,576066882,1761498854,2001
1761498854658595958,[  0   0   0   0   7 209   0   0],7,264,[0. 0.],[0. 0.],Glow Plugs,658257750,1761498854,2001
1761498854770970650,[  0   0   0   0   7 209   0   0],7,264,[0. 0.],[0. 0.],Glow Plugs,770548379,1761498854,2001
1761498854863162473,[  0   0   0   0   7 209   0   0],7,264,[0. 0.],[0. 0.],Glow Plugs,862567242,1761498854,2001
1761498854975397422,[  0   0   0   0   7 209   0   0],7,264,[0. 0.],[0. 0.],Glow Plugs,975154542,1761498854,2001
1761498855067950971,[  0   0   0   0   7 209   0   0],7,264,[0. 0.],[0. 0.],Glow Plugs,67302300,1761498855,2001
1761498855169897347,[  0   0   0   0   7 209   0   0],7,264,[0. 0.],[0. 0.],Glow Plugs,169430755,1761498855,2001
1761498855262816496,[  0   0   0   0   7 209   0   0],7,264,[0. 0.],[0. 0.],Glow Plugs,262206928,1761498855,2001
1761498855416296443,[  0   0   0   0   7 209   0   0],7,264,[0. 0.],[0. 0.],Glow Plugs,416053595,1761498855,2001
1761498855488107379,[  0   0   0   0   7 209   0   0],7,264,[0. 0.],[0. 0.],Glow Plugs,487946227,1761498855,2001
1761498855570315493,[  0   0   0   0   7 209   0   0],7,264,[0. 0.],[0. 0.],Glow Plugs,570013094,1761498855,2001
1761498855662578322,[  0   0   0   0   7 209   0   0],7,264,[0. 0.],[0. 0.],Glow Plugs,662309650,1761498855,2001
1761498855775080660,[  0   0   0   0   7 209   0   0],7,264,[0. 0.],[0. 0.],Glow Plugs,774809364,1761498855,2001
1761498855867310497,[  0   0   0   0   7 209   0   0],7,264,[0. 0.],[0. 0.],Glow Plugs,867057953,1761498855,2001
1761498855979965411,[  0   0   0   0   7 209   0   0],7,264,[0. 0.],[0. 0.],Glow Plugs,979740035,1761498855,2001
1761498856062244628,[  0   0   0   0   7 209   0   0],7,264,[0. 0.],[0. 0.],Glow Plugs,61931572,1761498856,2001
1761498856174643795,[  0   0   0   0   7 209   0   0],7,264,[0. 0.],[0. 0.],Glow Plugs,174290931,1761498856,2001
1761498856267134302,[  0   0   0   0   7 209   0   0],7,264,[0. 0.],[0. 0.],Glow Plugs,266836606,1761498856,2001
1761498856420583173,[  0   0   0   0   7 209   0   0],7,264,[0. 0.],[0. 0.],Glow Plugs,420299461,1761498856,2001
1761498856492868315,[  0   0   0   0   7 209   0   0],7,264,[0. 0.],[0. 0.],Glow Plugs,492672283,1761498856,2001
1761498856575325548,[  0   0   0   0   7 209   0   0],7,264,[0. 0.],[0. 0.],Glow Plugs,575061164,1761498856,2001
1761498856667408055,[  0   0   0   0   7 209   0   0],7,264,[0. 0.],[0. 0.],Glow Plugs,667152215,1761498856,2001
1761498856780158038,[  0   0   0   0   7 209   0   0],7,264,[0. 0.],[0. 0.],Glow Plugs,779777974,1761498856,2001
1761498856871791777,[  0   0   0   0   7 209   0   0],7,264,[0. 0.],[0. 0.],Glow Plugs,871451969,1761498856,2001
1761498856984503392,[  0   0   0   0   7 209   0   0],7,264,[0. 0.],[0. 0.],Glow Plugs,984302912,1761498856,2001
1761498857066834511,[  0   0   0   0   7 209   0   0],7,264,[0. 0.],[0. 0.],Glow Plugs,66259631,1761498857,2001
1761498857178428172,[  0   0   0   0   7 209   0   0],7,264,[0. 0.],[0. 0.],Glow Plugs,178162476,1761498857,2001
1761498857271030804,[  0   0   0   0   7 209   0   0],7,264,[0. 0.],[0. 0.],Glow Plugs,270375733,1761498857,2001
1761498857424592280,[  0   0   0   0   7 209   0   0],7,264,[0. 0.],[0. 0.],Glow Plugs,424253401,1761498857,2001
1761498857496723213,[  0   0   0   0   7 209   0   0],7,264,[0. 0.],[0. 0.],Glow Plugs,496359277,1761498857,2001
1761498857578843804,[  0   0   0   0   7 209   0   0],7,264,[0. 0.],[0. 0.],Glow Plugs,578306108,1761498857,2001
1761498857670492773,[  0   0   0   0   7 209   0   0],7,264,[0. 0.],[0. 0.],Glow Plugs,670074501,1761498857,2001
1761498857783198081,[  0   0   0   0   7 209   0   0],7,264,[0. 0.],[0. 0.],Glow Plugs,782729314,1761498857,2001
1761498857874863466,[  0   0   0   0   7 209   0   0],7,264,[0. 0.],[0. 0.],Glow Plugs,874611979,1761498857,2001
1761498857987217287,[  0   0   0   0   7 209   0   0],7,264,[0. 0.],[0. 0.],Glow Plugs,986959367,1761498857,2001
1761498858069081588,[  0   0   0   0   7 209   0   0],7,264,[0. 0.],[0. 0.],Glow Plugs,68633429,1761498858,2001
1761498858181215439,[  0   0   0   0   7 209   0   0],7,264,[0. 0.],[0. 0.],Glow Plugs,180895791,1761498858,2001
1761498858273231221,[  0   0   0   0   7 209   0   0],7,264,[0. 0.],[0. 0.],Glow Plugs,272889014,1761498858,2001
1761498858428351381,[  0   0   0   0   7 209   0   0],7,264,[0. 0.],[0. 0.],Glow Plugs,427781525,1761498858,2001
1761498858500846696,[  0   0   0   0   7 209   0   0],7,264,[0. 0.],[0. 0.],Glow Plugs,500470248,1761498858,2001
1761498858583368948,[  0   0   0   0   7 209   0   0],7,264,[0. 0.],[0. 0.],Glow Plugs,583110644,1761498858,2001
1761498858675078459,[  0   0   0   0   7 209   0   0],7,264,[0. 0.],[0. 0.],Glow Plugs,674780443,1761498858,2001
1761498858787966037,[  0   0   0   0   7 209   0   0],7,264,[0. 0.],[0. 0.],Glow Plugs,787663285,1761498858,2001
1761498858880139932,[  0   0   0   0   7 209   0   0],7,264,[0. 0.],[0. 0.],Glow Plugs,879921532,1761498858,2001
1761498858982079196,[  0   0   0   0   7 209   0   0],7,264,[0. 0.],[0. 0.],Glow Plugs,981812508,1761498858,2001
1761498859073803233,[  0   0   0   0   7 209   0   0],7,264,[0. 0.],[0. 0.],Glow Plugs,73490658,1761498859,2001
1761498859186355641,[  0   0   0   0   7 209   0   0],7,264,[0. 0.],[0. 0.],Glow Plugs,186013497,1761498859,2001
1761498859289001783,[  0   0   0   0   7 209   0   0],7,264,[0. 0.],[0. 0.],Glow Plugs,288747223,1761498859,2001
1761498859432356634,[  0   0   0   0   7 209   0   0],7,264,[0. 0.],[0. 0.],Glow Plugs,432139930,1761498859,2001
1761498859504073612,[  0   0   0   0   7 209   0   0],7,264,[0. 0.],[0. 0.],Glow Plugs,503777580,1761498859,2001
1761498859586097527,[  0   0   0   0   7 209   0   0],7,264,[0. 0.],[0. 0.],Glow Plugs,585843095,1761498859,2001
1761498859677800764,[  0   0   0   0   7 209   0   0],7,264,[0. 0.],[0. 0.],Glow Plugs,677342972,1761498859,2001
1761498859790692275,[  0   0   0   0   7 209   0   0],7,264,[0. 0.],[0. 0.],Glow Plugs,790222771,1761498859,2001
1761498859883592567,[  0   0   0   0   7 209   0   0],7,264,[0. 0.],[0. 0.],Glow Plugs,883189975,1761498859,2001
1761498859985404949,[  0   0   0   0   7 209   0   0],7,264,[0. 0.],[0. 0.],Glow Plugs,985203606,1761498859,2001
1761498860078552184,[  0   0   0   0   7 209   0   0],7,264,[0. 0.],[0. 0.],Glow Plugs,78241080,1761498860,2001
1761498860190837325,[  0   0   0   0   7 209   0   0],7,264,[0. 0.],[0. 0.],Glow Plugs,190589293,1761498860,2001
1761498860282905455,[  0   0   0   0   7 209   0   0],7,264,[0. 0.],[0. 0.],Glow Plugs,282638095,1761498860,2001
1761498860436303433,[  0   0   0   0   7 209   0   0],7,264,[0. 0.],[0. 0.],Glow Plugs,436006601,1761498860,2001
1761498860508148505,[  0   0   0   0   7 209   0   0],7,264,[0. 0.],[0. 0.],Glow Plugs,507944569,1761498860,2001
1761498860590170562,[  0   0   0   0   7 209   0   0],7,264,[0. 0.],[0. 0.],Glow Plugs,589920066,1761498860,2001
1761498860682144229,[  0   0   0   0   7 209   0   0],7,264,[0. 0.],[0. 0.],Glow Plugs,681873829,1761498860,2001
1761498860794611418,[  0   0   0   0   7 209   0   0],7,264,[0. 0.],[0. 0.],Glow Plugs,794347738,1761498860,2001
1761498860886476732,[  0   0   0   0   7 209   0   0],7,264,[0. 0.],[0. 0.],Glow Plugs,886220604,1761498860,2001
1761498860989103640,[  0   0   0   0   7 209   0   0],7,264,[0. 0.],[0. 0.],Glow Plugs,988549592,1761498860,2001
1761498861080877785,[  0   0   0   0   7 209   0   0],7,264,[0. 0.],[0. 0.],Glow Plugs,80551257,1761498861,2001
1761498861193197739,[  0   0   0   0   7 209   0   0],7,264,[0. 0.],[0. 0.],Glow Plugs,192878124,1761498861,2001
1761498861285541292,[  0   0   0   0   7 209   0   0],7,264,[0. 0.],[0. 0.],Glow Plugs,285219116,1761498861,2001
1761498861439794177,[  0   0   0   0   7 209   0   0],7,264,[0. 0.],[0. 0.],Glow Plugs,439106914,1761498861,2001
1761498861511321520,[  0   0   0   0   7 209   0   0],7,264,[0. 0.],[0. 0.],Glow Plugs,511042320,1761498861,2001
1761498861593176471,[  0   0   0   0   7 209   0   0],7,264,[0. 0.],[0. 0.],Glow Plugs,592984760,1761498861,2001
1761498861685150456,[  0   0   0   0   7 209   0   0],7,264,[0. 0.],[0. 0.],Glow Plugs,684769304,1761498861,2001
1761498861797761450,[  0   0   0   0   7 209   0   0],7,264,[0. 0.],[0. 0.],Glow Plugs,797497322,1761498861,2001
1761498861889639499,[  0   0   0   0   7 209   0   0],7,264,[0. 0.],[0. 0.],Glow Plugs,889424043,1761498861,2001
1761498861991956868,[  0   0   0   0   7 209   0   0],7,264,[0. 0.],[0. 0.],Glow Plugs,991641797,1761498861,2001
1761498862083895619,[  0   0   0   0   7 209   0   0],7,264,[0. 0.],[0. 0.],Glow Plugs,83578403,1761498862,2001
1761498862195895923,[  0   0   0   0   7 209   0   0],7,264,[0. 0.],[0. 0.],Glow Plugs,195703860,1761498862,2001
1761498862289308273,[  0   0   0   0   7 209   0   0],7,264,[0. 0.],[0. 0.],Glow Plugs,288910641,1761498862,2001
1761498862442128356,[  0   0   0   0   7 209   0   0],7,264,[0. 0.],[0. 0.],Glow Plugs,441912868,1761498862,2001
1761498862514174993,[  0   0   0   0   7 209   0   0],7,264,[0. 0.],[0. 0.],Glow Plugs,513916049,1761498862,2001
1761498862596132406,[  0   0   0   0   7 209   0   0],7,264,[0. 0.],[0. 0.],Glow Plugs,595879159,1761498862,2001
1761498862688211157,[  0   0   0   0   7 209   0   0],7,264,[0. 0.],[0. 0.],Glow Plugs,687727573,1761498862,2001
1761498862800716261,[  0   0   0   0   7 209   0   0],7,264,[0. 0.],[0. 0.],Glow Plugs,800376229,1761498862,2001
1761498862892720419,[  0   0   0   0   7 209   0   0],7,264,[0. 0.],[0. 0.],Glow Plugs,892201700,1761498862,2001
1761498862994954331,[  0   0   0   0   7 209   0   0],7,264,[0. 0.],[0. 0.],Glow Plugs,994651771,1761498862,2001
1761498863087158839,[  0   0   0   0   7 209   0   0],7,264,[0. 0.],[0. 0.],Glow Plugs,86833431,1761498863,2001
1761498863199851268,[  0   0   0   0   7 209   0   0],7,264,[0. 0.],[0. 0.],Glow Plugs,199566789,1761498863,2001
1761498863291697601,[  0   0   0   0   7 209   0   0],7,264,[0. 0.],[0. 0.],Glow Plugs,291456769,1761498863,2001
1761498863445773264,[  0   0   0   0   7 209   0   0],7,264,[0. 0.],[0. 0.],Glow Plugs,445562800,1761498863,2001
1761498863517913915,[  0   0   0   0   7 209   0   0],7,264,[0. 0.],[0. 0.],Glow Plugs,517617083,1761498863,2001
1761498863600118751,[  0   0   0   0   7 209   0   0],7,264,[0. 0.],[0. 0.],Glow Plugs,599825695,1761498863,2001
1761498863692718715,[  0   0   0   0   7 209   0   0],7,264,[0. 0.],[0. 0.],Glow Plugs,692522235,1761498863,2001
1761498863805420168,[  0   0   0   0   7 209   0   0],7,264,[0. 0.],[0. 0.],Glow Plugs,805236584,1761498863,2001
1761498863887292844,[  0   0   0   0   7 209   0   0],7,264,[0. 0.],[0. 0.],Glow Plugs,887074796,1761498863,2001
1761498863999830009,[  0   0   0   0   7 209   0   0],7,264,[0. 0.],[0. 0.],Glow Plugs,999642266,1761498863,2001
1761498864091867796,[  0   0   0   0   7 209   0   0],7,264,[0. 0.],[0. 0.],Glow Plugs,91703700,1761498864,2001
1761498864204672383,[  0   0   0   0   7 209   0   0],7,264,[0. 0.],[0. 0.],Glow Plugs,204473919,1761498864,2001
1761498864296911897,[  0   0   0   0   7 209   0   0],7,264,[0. 0.],[0. 0.],Glow Plugs,296653337,1761498864,2001
1761498864440843244,[  0   0   0   0   7 209   0   0],7,264,[0. 0.],[0. 0.],Glow Plugs,440539916,1761498864,2001
1761498864513243798,[  0   0   0   0   7 209   0   0],7,264,[0. 0.],[0. 0.],Glow Plugs,512894934,1761498864,2001
1761498864605367280,[  0   0   0   0   7 209   0   0],7,264,[0. 0.],[0. 0.],Glow Plugs,605186960,1761498864,2001
1761498864697424266,[  0   0   0   0   7 209   0   0],7,264,[0. 0.],[0. 0.],Glow Plugs,697117963,1761498864,2001
1761498864810335477,[  0   0   0   0   7 209   0   0],7,264,[0. 0.],[0. 0.],Glow Plugs,809981077,1761498864,2001
1761498864891826295,[  0   0   0   0   7 209   0   0],7,264,[0. 0.],[0. 0.],Glow Plugs,891641112,1761498864,2001
1761498865004386178,[  0   0   0   0   7 209   0   0],7,264,[0. 0.],[0. 0.],Glow Plugs,4030563,1761498865,2001
1761498865096193307,[  0   0   0   0   7 209   0   0],7,264,[0. 0.],[0. 0.],Glow Plugs,95978971,1761498865,2001
1761498865208565252,[  0   0   0   0   7 209   0   0],7,264,[0. 0.],[0. 0.],Glow Plugs,208391748,1761498865,2001
1761498865301684795,[  0   0   0   0   7 209   0   0],7,264,[0. 0.],[0. 0.],Glow Plugs,300755676,1761498865,2001
1761498865445513196,[  0   0   0   0   7 209   0   0],7,264,[0. 0.],[0. 0.],Glow Plugs,445179532,1761498865,2001
1761498865518186419,[  0   0   0   0   7 209   0   0],7,264,[0. 0.],[0. 0.],Glow Plugs,517758323,1761498865,2001
1761498865610264204,[  0   0   0   0   7 209   0   0],7,264,[0. 0.],[0. 0.],Glow Plugs,609783756,1761498865,2001
1761498865701814500,[  0   0   0   0   7 209   0   0],7,264,[0. 0.],[0. 0.],Glow Plugs,701608613,1761498865,2001
1761498865804346645,[  0   0   0   0   7 209   0   0],7,264,[0. 0.],[0. 0.],Glow Plugs,804030901,1761498865,2001
1761498865896142829,[  0   0   0   0   7 209   0   0],7,264,[0. 0.],[0. 0.],Glow Plugs,895811182,1761498865,2001
1761498866008382006,[  0   0   0   0   7 209   0   0],7,264,[0. 0.],[0. 0.],Glow Plugs,7849494,1761498866,2001
1761498866100047213,[  0   0   0   0   7 209   0   0],7,264,[0. 0.],[0. 0.],Glow Plugs,99742413,1761498866,2001
1761498866212467667,[  0   0   0   0   7 209   0   0],7,264,[0. 0.],[0. 0.],Glow Plugs,211795732,1761498866,2001
1761498866304007690,[  0   0   0   0   7 209   0   0],7,264,[0. 0.],[0. 0.],Glow Plugs,303685674,1761498866,2001
1761498866447132248,[  0   0   0   0   7 209   0   0],7,264,[0. 0.],[0. 0.],Glow Plugs,446951832,1761498866,2001
1761498866519544222,[  0   0   0   0   7 209   0   0],7,264,[0. 0.],[0. 0.],Glow Plugs,519269758,1761498866,2001
1761498866611820532,[  0   0   0   0   7 209   0   0],7,264,[0. 0.],[0. 0.],Glow Plugs,611547796,1761498866,2001
1761498866703589995,[  0   0   0   0   7 209   0   0],7,264,[0. 0.],[0. 0.],Glow Plugs,703233131,1761498866,2001
1761498866815958929,[  0   0   0   0   7 209   0   0],7,264,[0. 0.],[0. 0.],Glow Plugs,815791505,1761498866,2001
1761498866897421968,[  0   0   0   0   7 209   0   0],7,264,[0. 0.],[0. 0.],Glow Plugs,897239472,1761498866,2001
1761498867010095446,[  0   0   0   0   7 209   0   0],7,264,[0. 0.],[0. 0.],Glow Plugs,9554934,1761498867,2001
1761498867102020075,[  0   0   0   0   7 209   0   0],7,264,[0. 0.],[0. 0.],Glow Plugs,101659115,1761498867,2001
1761498867214388782,[  0   0   0   0   7 209   0   0],7,264,[0. 0.],[0. 0.],Glow Plugs,214016559,1761498867,2001
1761498867306292771,[  0   0   0   0   7 209   0   0],7,264,[0. 0.],[0. 0.],Glow Plugs,305934979,1761498867,2001
1761498867459595493,[  0   0   0   0   7 209   0   0],7,264,[0. 0.],[0. 0.],Glow Plugs,459282822,1761498867,2001
1761498867532554474,[  0   0   0   0   7 209   0   0],7,264,[0. 0.],[0. 0.],Glow Plugs,531991274,1761498867,2001
1761498867613825255,[  0   0   0   0   7 209   0   0],7,264,[0. 0.],[0. 0.],Glow Plugs,613545095,1761498867,2001
1761498867705728860,[  0   0   0   0   7 209   0   0],7,264,[0. 0.],[0. 0.],Glow Plugs,705464924,1761498867,2001
1761498867818434111,[  0   0   0   0   7 209   0   0],7,264,[0. 0.],[0. 0.],Glow Plugs,818093599,1761498867,2001
1761498867910212500,[  0   0   0   0   7 209   0   0],7,264,[0. 0.],[0. 0.],Glow Plugs,909879316,1761498867,2001
1761498868012206816,[  0   0   0   0   7 209   0   0],7,264,[0. 0.],[0. 0.],Glow Plugs,11937824,1761498868,2001
1761498868104710386,[  0   0   0   0   7 209   0   0],7,264,[0. 0.],[0. 0.],Glow Plugs,104162547,1761498868,2001
1761498868216402964,[  0   0   0   0   7 209   0   0],7,264,[0. 0.],[0. 0.],Glow Plugs,216191253,1761498868,2001
1761498868308815175,[  0   0   0   0   7 209   0   0],7,264,[0. 0.],[0. 0.],Glow Plugs,308551911,1761498868,2001
1761498868463016869,[  0   0   0   0   7 209   0   0],7,264,[0. 0.],[0. 0.],Glow Plugs,462663301,1761498868,2001
1761498868534869929,[  0   0   0   0   7 209   0   0],7,264,[0. 0.],[0. 0.],Glow Plugs,534629577,1761498868,2001
1761498868616683780,[  0   0   0   0   7 209   0   0],7,264,[0. 0.],[0. 0.],Glow Plugs,616479748,1761498868,2001
1761498868708953302,[  0   0   0   0   7 209   0   0],7,264,[0. 0.],[0. 0.],Glow Plugs,708422167,1761498868,2001
1761498868821092600,[  0   0   0   0   7 209   0   0],7,264,[0. 0.],[0. 0.],Glow Plugs,820764088,1761498868,2001
1761498868913079307,[  0   0   0   0   7 209   0   0],7,264,[0. 0.],[0. 0.],Glow Plugs,912909643,1761498868,2001
1761498869015632820,[  0   0   0   0   7 209   0   0],7,264,[0. 0.],[0. 0.],Glow Plugs,15278132,1761498869,2001
1761498869107962469,[  0   0   0   0   7 209   0   0],7,264,[0. 0.],[0. 0.],Glow Plugs,107395973,1761498869,2001
1761498869220731523,[  0   0   0   0   7 209   0   0],7,264,[0. 0.],[0. 0.],Glow Plugs,220187748,1761498869,2001
1761498869312271860,[  0   0   0   0   7 209   0   0],7,264,[0. 0.],[0. 0.],Glow Plugs,311983029,1761498869,2001
1761498869465806320,[  0   0   0   0   7 209   0   0],7,264,[0. 0.],[0. 0.],Glow Plugs,465292433,1761498869,2001
1761498869537501810,[  0   0   0   0   7 209   0   0],7,264,[0. 0.],[0. 0.],Glow Plugs,537184147,1761498869,2001
1761498869619700684,[  0   0   0   0   7 209   0   0],7,264,[0. 0.],[0. 0.],Glow Plugs,619162956,1761498869,2001
1761498869711418780,[  0   0   0   0   7 209   0   0],7,264,[0. 0.],[0. 0.],Glow Plugs,711086525,1761498869,2001
1761498869823961403,[  0   0   0   0   7 209   0   0],7,264,[0. 0.],[0. 0.],Glow Plugs,823756764,1761498869,2001
1761498869916295724,[  0   0   0   0   7 209   0   0],7,264,[0. 0.],[0. 0.],Glow Plugs,915946156,1761498869,2001
1761498870019205363,[  0   0   0   0   7 209   0   0],7,264,[0. 0.],[0. 0.],Glow Plugs,18896147,1761498870,2001
1761498870111586209,[  0   0   0   0   7 209   0   0],7,264,[0. 0.],[0. 0.],Glow Plugs,111012130,1761498870,2001
1761498870223335551,[  0   0   0   0   7 209   0   0],7,264,[0. 0.],[0. 0.],Glow Plugs,223020095,1761498870,2001
1761498870315373517,[  0   0   0   0   7 209   0   0],7,264,[0. 0.],[0. 0.],Glow Plugs,315062574,1761498870,2001
1761498870468669702,[  0   0   0   0   7 209   0   0],7,264,[0. 0.],[0. 0.],Glow Plugs,468474054,1761498870,2001
1761498870540846438,[  0   0   0   0   7 209   0   0],7,264,[0. 0.],[0. 0.],Glow Plugs,540564743,1761498870,2001
1761498870622946526,[  0   0   0   0   7 209   0   0],7,264,[0. 0.],[0. 0.],Glow Plugs,622624126,1761498870,2001
1761498870714825485,[  0   0   0   0   7 209   0   0],7,264,[0. 0.],[0. 0.],Glow Plugs,714564461,1761498870,2001
1761498870827544105,[  0   0   0   0   7 209   0   0],7,264,[0. 0.],[0. 0.],Glow Plugs,827233130,1761498870,2001
1761498870919346552,[  0   0   0   0   7 209   0   0],7,264,[0. 0.],[0. 0.],Glow Plugs,919146361,1761498870,2001
1761498871023246396,[  0   0   0   0   7 209   0   0],7,264,[0. 0.],[0. 0.],Glow Plugs,21393086,1761498871,2001
1761498871113946570,[  0   0   0   0   7 209   0   0],7,264,[0. 0.],[0. 0.],Glow Plugs,113693963,1761498871,2001
1761498871226385605,[  0   0   0   0   7 209   0   0],7,264,[0. 0.],[0. 0.],Glow Plugs,226072677,1761498871,2001
1761498871319893488,[  0   0   0   0   7 209   0   0],7,264,[0. 0.],[0. 0.],Glow Plugs,319292721,1761498871,2001
1761498871473289446,[  0   0   0   0   7 209   0   0],7,264,[0. 0.],[0. 0.],Glow Plugs,472686374,1761498871,2001
1761498871544847013,[  0   0   0   0   7 209   0   0],7,264,[0. 0.],[0. 0.],Glow Plugs,544497318,1761498871,2001
1761498871626958811,[  0   0   0   0   7 209   0   0],7,264,[0. 0.],[0. 0.],Glow Plugs,626472635,1761498871,2001
1761498871718245705,[  0   0   0   0   7 209   0   0],7,264,[0. 0.],[0. 0.],Glow Plugs,718071657,1761498871,2001
1761498871831186851,[  0   0   0   0   7 209   0   0],7,264,[0. 0.],[0. 0.],Glow Plugs,830705347,1761498871,2001
1761498871922724432,[  0   0   0   0   7 209   0   0],7,264,[0. 0.],[0. 0.],Glow Plugs,922530800,1761498871,2001
1761498872025103347,[  0   0   0   0   7 209   0   0],7,264,[0. 0.],[0. 0.],Glow Plugs,24822803,1761498872,2001
1761498872119239868,[  0   0   0   0   7 209   0   0],7,264,[0. 0.],[0. 0.],Glow Plugs,118941788,1761498872,2001
1761498872231216533,[  0   0   0   0   7 209   0   0],7,264,[0. 0.],[0. 0.],Glow Plugs,230918325,1761498872,2001
1761498872323907231,[  0   0   0   0   7 209   0   0],7,264,[0. 0.],[0. 0.],Glow Plugs,323036032,1761498872,2001
1761498872467731418,[  0   0   0   0   7 209   0   0],7,264,[0. 0.],[0. 0.],Glow Plugs,467167419,1761498872,2001
1761498872539975831,[  0   0   0   0   7 209   0   0],7,264,[0. 0.],[0. 0.],Glow Plugs,539686264,1761498872,2001
1761498872632196130,[  0   0   0   0   7 209   0   0],7,264,[0. 0.],[0. 0.],Glow Plugs,631906563,1761498872,2001
1761498872724245453,[  0   0   0   0   7 209   0   0],7,264,[0. 0.],[0. 0.],Glow Plugs,724016269,1761498872,2001
1761498872837404357,[  0   0   0   0   7 209   0   0],7,264,[0. 0.],[0. 0.],Glow Plugs,836943333,1761498872,2001
1761498872919550777,[  0   0   0   0   7 209   0   0],7,264,[0. 0.],[0. 0.],Glow Plugs,919033081,1761498872,2001
1761498873032123856,[  0   0   0   0   7 209   0   0],7,264,[0. 0.],[0. 0.],Glow Plugs,31886129,1761498873,2001
1761498873124339577,[  0   0   0   0   7 209   0   0],7,264,[0. 0.],[0. 0.],Glow Plugs,123999738,1761498873,2001
1761498873237098447,[  0   0   0   0   7 209   0   0],7,264,[0. 0.],[0. 0.],Glow Plugs,236714447,1761498873,2001
1761498873327099930,[  0   0   0   0   7 209   0   0],7,264,[0. 0.],[0. 0.],Glow Plugs,326828698,1761498873,2001
1761498873471293106,[  0   0   0   0   7 209   0   0],7,264,[0. 0.],[0. 0.],Glow Plugs,470995890,1761498873,2001
1761498873543783277,[  0   0   0   0   7 209   0   0],7,264,[0. 0.],[0. 0.],Glow Plugs,543545486,1761498873,2001
1761498873636259094,[  0   0   0   0   7 209   0   0],7,264,[0. 0.],[0. 0.],Glow Plugs,636052278,1761498873,2001
1761498873728387167,[  0   0   0   0   7 209   0   0],7,264,[0. 0.],[0. 0.],Glow Plugs,728144159,1761498873,2001
1761498873833553340,[  0   0   0   0   7 209   0   0],7,264,[0. 0.],[0. 0.],Glow Plugs,833285852,1761498873,2001
1761498873927153796,[  0   0   0   0   7 209   0   0],7,264,[0. 0.],[0. 0.],Glow Plugs,926753764,1761498873,2001
1761498874039835256,[  0   0   0   0   7 209   0   0],7,264,[0. 0.],[0. 0.],Glow Plugs,39339449,1761498874,2001
1761498874121657290,[  0   0   0   0   7 209   0   0],7,264,[0. 0.],[0. 0.],Glow Plugs,121413002,1761498874,2001
1761498874234686973,[  0   0   0   0   7 209   0   0],7,264,[0. 0.],[0. 0.],Glow Plugs,234405149,1761498874,2001
1761498874329105506,[  0   0   0   0   7 209   0   0],7,264,[0. 0.],[0. 0.],Glow Plugs,328904770,1761498874,2001
1761498874487857801,[  0   0   0   0   7 209   0   0],7,264,[0. 0.],[0. 0.],Glow Plugs,487416169,1761498874,2001
1761498874560330211,[  0   0   0   0   7 209   0   0],7,264,[0. 0.],[0. 0.],Glow Plugs,559815139,1761498874,2001
1761498874642071508,[  0   0   0   0   7 209   0   0],7,264,[0. 0.],[0. 0.],Glow Plugs,641878420,1761498874,2001
1761498874723956293,[  0   0   0   0   7 209   0   0],7,264,[0. 0.],[0. 0.],Glow Plugs,723767109,1761498874,2001
1761498874838373079,[  0   0   0   0   7 209   0   0],7,264,[0. 0.],[0. 0.],Glow Plugs,838092727,1761498874,2001
1761498874930929245,[  0   0   0   0   7 209   0   0],7,264,[0. 0.],[0. 0.],Glow Plugs,930652318,1761498874,2001
1761498875044215631,[  0   0   0   0   7 209   0   0],7,264,[0. 0.],[0. 0.],Glow Plugs,43797936,1761498875,2001
1761498875125818015,[  0   0   0   0   7 209   0   0],7,264,[0. 0.],[0. 0.],Glow Plugs,125549055,1761498875,2001
1761498875238457488,[  0   0   0   0   7 209   0   0],7,264,[0. 0.],[0. 0.],Glow Plugs,238127537,1761498875,2001
1761498875330653878,[  0   0   0   0   7 209   0   0],7,264,[0. 0.],[0. 0.],Glow Plugs,330326902,1761498875,2001
1761498875484641886,[  0   0   0   0   7 209   0   0],7,264,[0. 0.],[0. 0.],Glow Plugs,484373150,1761498875,2001
1761498875556813879,[  0   0   0   0   7 209   0   0],7,264,[0. 0.],[0. 0.],Glow Plugs,556598135,1761498875,2001
1761498875638967302,[  0   0   0   0   7 209   0   0],7,264,[0. 0.],[0. 0.],Glow Plugs,638675910,1761498875,2001
1761498875730914828,[  0   0   0   0   7 209   0   0],7,264,[0. 0.],[0. 0.],Glow Plugs,730584300,1761498875,2001
1761498875843011805,[  0   0   0   0   7 209   0   0],7,264,[0. 0.],[0. 0.],Glow Plugs,842767902,1761498875,2001
1761498875935076995,[  0   0   0   0   7 209   0   0],7,264,[0. 0.],[0. 0.],Glow Plugs,934789923,1761498875,2001
1761498876037040766,[  0   0   0   0   7 209   0   0],7,264,[0. 0.],[0. 0.],Glow Plugs,36854654,1761498876,2001
1761498876129095617,[  0   0   0   0   7 209   0   0],7,264,[0. 0.],[0. 0.],Glow Plugs,128777570,1761498876,2001
1761498876241522897,[  0   0   0   0   7 209   0   0],7,264,[0. 0.],[0. 0.],Glow Plugs,241248881,1761498876,2001
1761498876333693012,[  0   0   0   0   7 209   0   0],7,264,[0. 0.],[0. 0.],Glow Plugs,333340692,1761498876,2001
1761498876487373466,[  0   0   0   0   7 209   0   0],7,264,[0. 0.],[0. 0.],Glow Plugs,487040154,1761498876,2001
1761498876559717169,[  0   0   0   0   7 209   0   0],7,264,[0. 0.],[0. 0.],Glow Plugs,559487505,1761498876,2001
1761498876641360735,[  0   0   0   0   7 209   0   0],7,264,[0. 0.],[0. 0.],Glow Plugs,641171615,1761498876,2001
1761498876732977187,[  0   0   0   0   7 209   0   0],7,264,[0. 0.],[0. 0.],Glow Plugs,732732708,1761498876,2001
1761498876845412498,[  0   0   0   0   7 209   0   0],7,264,[0. 0.],[0. 0.],Glow Plugs,845180755,1761498876,2001
1761498876937505398,[  0   0   0   0   7 209   0   0],7,264,[0. 0.],[0. 0.],Glow Plugs,937200310,1761498876,2001
1761498877050403716,[  0   0   0   0   7 209   0   0],7,264,[0. 0.],[0. 0.],Glow Plugs,50065156,1761498877,2001
1761498877131919088,[  0   0   0   0   7 209   0   0],7,264,[0. 0.],[0. 0.],Glow Plugs,131737360,1761498877,2001
1761498877244578461,[  0   0   0   0   7 209   0   0],7,264,[0. 0.],[0. 0.],Glow Plugs,244276061,1761498877,2001
1761498877336740127,[  0   0   0   0   7 209   0   0],7,264,[0. 0.],[0. 0.],Glow Plugs,336555711,1761498877,2001
1761498877491221345,[  0   0   0   0   7 209   0   0],7,264,[0. 0.],[0. 0.],Glow Plugs,490910657,1761498877,2001
1761498877564308246,[  0   0   0   0   7 209   0   0],7,264,[0. 0.],[0. 0.],Glow Plugs,564114870,1761498877,2001
1761498877646316642,[  0   0   0   0   7 209   0   0],7,264,[0. 0.],[0. 0.],Glow Plugs,646104418,1761498877,2001
1761498877738713827,[  0   0   0   0   7 209   0   0],7,264,[0. 0.],[0. 0.],Glow Plugs,738448836,1761498877,2001
1761498877851257008,[  0   0   0   0   7 209   0   0],7,264,[0. 0.],[0. 0.],Glow Plugs,850997936,1761498877,2001
1761498877943437202,[  0   0   0   0   7 209   0   0],7,264,[0. 0.],[0. 0.],Glow Plugs,943167474,1761498877,2001
1761498878045890504,[  0   0   0   0   7 209   0   0],7,264,[0. 0.],[0. 0.],Glow Plugs,45653064,1761498878,2001
1761498878138009576,[  0   0   0   0   7 209   0   0],7,264,[0. 0.],[0. 0.],Glow Plugs,137695048,1761498878,2001
1761498878250069939,[  0   0   0   0   7 209   0   0],7,264,[0. 0.],[0. 0.],Glow Plugs,249825363,1761498878,2001
1761498878342315955,[  0   0   0   0   7 209   0   0],7,264,[0. 0.],[0. 0.],Glow Plugs,342057139,1761498878,2001
1761498878496072403,[  0   0   0   0   7 209   0   0],7,264,[0. 0.],[0. 0.],Glow Plugs,495741299,1761498878,2001
1761498878568109607,[  0   0   0   0   7 209   0   0],7,264,[0. 0.],[0. 0.],Glow Plugs,567889800,1761498878,2001
1761498878651040433,[  0   0   0   0   7 209   0   0],7,264,[0. 0.],[0. 0.],Glow Plugs,650457042,1761498878,2001
1761498878744081808,[  0   0   0   0   7 209   0   0],7,264,[0. 0.],[0. 0.],Glow Plugs,743367441,1761498878,2001
1761498878856277467,[  0   0   0   0   7 209   0   0],7,264,[0. 0.],[0. 0.],Glow Plugs,856046651,1761498878,2001
1761498878938162374,[  0   0   0   0   7 209   0   0],7,264,[0. 0.],[0. 0.],Glow Plugs,937898502,1761498878,2001
1761498879050866415,[  0   0   0   0   7 209   0   0],7,264,[0. 0.],[0. 0.],Glow Plugs,50574959,1761498879,2001
1761498879143113389,[  0   0   0   0   7 209   0   0],7,264,[0. 0.],[0. 0.],Glow Plugs,142812653,1761498879,2001
1761498879256172181,[  0   0   0   0   7 209   0   0],7,264,[0. 0.],[0. 0.],Glow Plugs,255635414,1761498879,2001
1761498879348264371,[  0   0   0   0   7 209   0   0],7,264,[0. 0.],[0. 0.],Glow Plugs,348004211,1761498879,2001
1761498879492384602,[  0   0   0   0   7 209   0   0],7,264,[0. 0.],[0. 0.],Glow Plugs,492096442,1761498879,2001
1761498879564559469,[  0   0   0   0   7 209   0   0],7,264,[0. 0.],[0. 0.],Glow Plugs,564343150,1761498879,2001
1761498879656782603,[  0   0   0   0   7 209   0   0],7,264,[0. 0.],[0. 0.],Glow Plugs,656511948,1761498879,2001
1761498879749095945,[  0   0   0   0   7 209   0   0],7,264,[0. 0.],[0. 0.],Glow Plugs,748897162,1761498879,2001
1761498879852127580,[  0   0   0   0   7 209   0   0],7,264,[0. 0.],[0. 0.],Glow Plugs,851743900,1761498879,2001
1761498879944110970,[  0   0   0   0   7 209   0   0],7,264,[0. 0.],[0. 0.],Glow Plugs,943877786,1761498879,2001
1761498880056676034,[  0   0   0   0   7 209   0   0],7,264,[0. 0.],[0. 0.],Glow Plugs,56385538,1761498880,2001
1761498880148719742,[  0   0   0   0   7 209   0   0],7,264,[0. 0.],[0. 0.],Glow Plugs,148490654,1761498880,2001
1761498880252460558,[  0   0   0   0   7 209   0   0],7,264,[0. 0.],[0. 0.],Glow Plugs,252163406,1761498880,2001
1761498880344531210,[  0   0   0   0   7 209   0   0],7,264,[0. 0.],[0. 0.],Glow Plugs,344317387,1761498880,2001
1761498880499344483,[  0   0   0   0   7 209   0   0],7,264,[0. 0.],[0. 0.],Glow Plugs,498738212,1761498880,2001
1761498880571287349,[  0   0   0   0   7 209   0   0],7,264,[0. 0.],[0. 0.],Glow Plugs,570875254,1761498880,2001
1761498880653119549,[  0   0   0   0   7 209   0   0],7,264,[0. 0.],[0. 0.],Glow Plugs,652764509,1761498880,2001
1761498880745274169,[  0   0   0   0   7 209   0   0],7,264,[0. 0.],[0. 0.],Glow Plugs,744849785,1761498880,2001
1761498880857832415,[  0   0   0   0   7 209   0   0],7,264,[0. 0.],[0. 0.],Glow Plugs,857533600,1761498880,2001
1761498880949933084,[  0   0   0   0   7 209   0   0],7,264,[0. 0.],[0. 0.],Glow Plugs,949623996,1761498880,2001
1761498881062106369,[  0   0   0   0   7 209   0   0],7,264,[0. 0.],[0. 0.],Glow Plugs,61824578,1761498881,2001
1761498881144447879,[  0   0   0   0   7 209   0   0],7,264,[0. 0.],[0. 0.],Glow Plugs,144118311,1761498881,2001
1761498881257124171,[  0   0   0   0   7 209   0   0],7,264,[0. 0.],[0. 0.],Glow Plugs,256784523,1761498881,2001
1761498881349143013,[  0   0   0   0   7 209   0   0],7,264,[0. 0.],[0. 0.],Glow Plugs,348935526,1761498881,2001
1761498881503141436,[  0   0   0   0   7 209   0   0],7,264,[0. 0.],[0. 0.],Glow Plugs,502851516,1761498881,2001
1761498881575404780,[  0   0   0   0   7 209   0   0],7,264,[0. 0.],[0. 0.],Glow Plugs,575022797,1761498881,2001
1761498881657402898,[  0   0   0   0   7 209   0   0],7,264,[0. 0.],[0. 0.],Glow Plugs,657154002,1761498881,2001
1761498881749664109,[  0   0   0   0   7 209   0   0],7,264,[0. 0.],[0. 0.],Glow Plugs,749350669,1761498881,2001
1761498881861788145,[  0   0   0   0   7 209   0   0],7,264,[0. 0.],[0. 0.],Glow Plugs,861519441,1761498881,2001
1761498881953909836,[  0   0   0   0   7 209   0   0],7,264,[0. 0.],[0. 0.],Glow Plugs,953620396,1761498881,2001
1761498882066475503,[  0   0   0   0   7 209   0   0],7,264,[0. 0.],[0. 0.],Glow Plugs,66135535,1761498882,2001
1761498882148324371,[  0   0   0   0   7 209   0   0],7,264,[0. 0.],[0. 0.],Glow Plugs,148052883,1761498882,2001
1761498882260976085,[  0   0   0   0   7 209   0   0],7,264,[0. 0.],[0. 0.],Glow Plugs,260748085,1761498882,2001
1761498882353049486,[  0   0   0   0   7 209   0   0],7,264,[0. 0.],[0. 0.],Glow Plugs,352761422,1761498882,2001
1761498882507406017,[  0   0   0   0   7 209   0   0],7,264,[0. 0.],[0. 0.],Glow Plugs,506894306,1761498882,2001
1761498882579685616,[  0   0   0   0   7 209   0   0],7,264,[0. 0.],[0. 0.],Glow Plugs,579227761,1761498882,2001
1761498882661482037,[  0   0   0   0   7 209   0   0],7,264,[0. 0.],[0. 0.],Glow Plugs,661208181,1761498882,2001
1761498882753228046,[  0   0   0   0   7 209   0   0],7,264,[0. 0.],[0. 0.],Glow Plugs,752962798,1761498882,2001
1761498882865752688,[  0   0   0   0   7 209   0   0],7,264,[0. 0.],[0. 0.],Glow Plugs,865397552,1761498882,2001
1761498882957015946,[  0   0   0   0   7 209   0   0],7,264,[0. 0.],[0. 0.],Glow Plugs,956865514,1761498882,2001
1761498883069850986,[  0   0   0   0   7 209   0   0],7,264,[0. 0.],[0. 0.],Glow Plugs,69463691,1761498883,2001
1761498883151604717,[  0   0   0   0   7 209   0   0],7,264,[0. 0.],[0. 0.],Glow Plugs,151287278,1761498883,2001
1761498883264493037,[  0   0   0   0   7 209   0   0],7,264,[0. 0.],[0. 0.],Glow Plugs,263912846,1761498883,2001
1761498883356011749,[  0   0   0   0   7 209   0   0],7,264,[0. 0.],[0. 0.],Glow Plugs,355800101,1761498883,2001
1761498883510709429,[  0   0   0   0   7 209   0   0],7,264,[0. 0.],[0. 0.],Glow Plugs,510449941,1761498883,2001
1761498883582939586,[  0   0   0   0   7 209   0   0],7,264,[0. 0.],[0. 0.],Glow Plugs,582624227,1761498883,2001
1761498883664941669,[  0   0   0   0   7 209   0   0],7,264,[0. 0.],[0. 0.],Glow Plugs,664746437,1761498883,2001
1761498883757319612,[  0   0   0   0   7 209   0   0],7,264,[0. 0.],[0. 0.],Glow Plugs,756731037,1761498883,2001
1761498883869390300,[  0   0   0   0   7 209   0   0],7,264,[0. 0.],[0. 0.],Glow Plugs,869138077,1761498883,2001
1761498883961358900,[  0   0   0   0   7 209   0   0],7,264,[0. 0.],[0. 0.],Glow Plugs,961078964,1761498883,2001
1761498884073783794,[  0   0   0   0   7 209   0   0],7,264,[0. 0.],[0. 0.],Glow Plugs,73336435,1761498884,2001
1761498884155633812,[  0   0   0   0   7 209   0   0],7,264,[0. 0.],[0. 0.],Glow Plugs,155249652,1761498884,2001
1761498884267971666,[  0   0   0   0   7 209   0   0],7,264,[0. 0.],[0. 0.],Glow Plugs,267671890,1761498884,2001
1761498884360126311,[  0   0   0   0   7 209   0   0],7,264,[0. 0.],[0. 0.],Glow Plugs,359774536,1761498884,2001
1761498884513300694,[  0   0   0   0   7 209   0   0],7,264,[0. 0.],[0. 0.],Glow Plugs,513009430,1761498884,2001
1761498884585004643,[  0   0   0   0   7 209   0   0],7,264,[0. 0.],[0. 0.],Glow Plugs,584849411,1761498884,2001
1761498884667151236,[  0   0   0   0   7 209   0   0],7,264,[0. 0.],[0. 0.],Glow Plugs,666886180,1761498884,2001
1761498884759217050,[  0   0   0   0   7 209   0   0],7,264,[0. 0.],[0. 0.],Glow Plugs,758896026,1761498884,2001
1761498884872205847,[  0   0   0   0   7 209   0   0],7,264,[0. 0.],[0. 0.],Glow Plugs,872018935,1761498884,2001
1761498884964323308,[  0   0   0   0   7 209   0   0],7,264,[0. 0.],[0. 0.],Glow Plugs,964139437,1761498884,2001
1761498885076356889,[  0   0   0   0   7 209   0   0],7,264,[0. 0.],[0. 0.],Glow Plugs,76172533,1761498885,2001
1761498885158652533,[  0   0   0   0   7 209   0   0],7,264,[0. 0.],[0. 0.],Glow Plugs,158287280,1761498885,2001
1761498885271617340,[  0   0   0   0   7 209   0   0],7,264,[0. 0.],[0. 0.],Glow Plugs,270667803,1761498885,2001
1761498885363121004,[  0   0   0   0   7 209   0   0],7,264,[0. 0.],[0. 0.],Glow Plugs,362909338,1761498885,2001
1761498885516428686,[  0   0   0   0   7 209   0   0],7,264,[0. 0.],[0. 0.],Glow Plugs,516138897,1761498885,2001
1761498885588021550,[  0   0   0   0   7 209   0   0],7,264,[0. 0.],[0. 0.],Glow Plugs,587833192,1761498885,2001
1761498885670183362,[  0   0   0   0   7 209   0   0],7,264,[0. 0.],[0. 0.],Glow Plugs,669914224,1761498885,2001
1761498885762216112,[  0   0   0   0   7 209   0   0],7,264,[0. 0.],[0. 0.],Glow Plugs,761719651,1761498885,2001
1761498885874821749,[  0   0   0   0   7 209   0   0],7,264,[0. 0.],[0. 0.],Glow Plugs,874369632,1761498885,2001
1761498885966457676,[  0   0   0   0   7 209   0   0],7,264,[0. 0.],[0. 0.],Glow Plugs,966098602,1761498885,2001
1761498886079184244,[  0   0   0   0   7 209   0   0],7,264,[0. 0.],[0. 0.],Glow Plugs,78862536,1761498886,2001
1761498886171055536,[  0   0   0   0   7 209   0   0],7,264,[0. 0.],[0. 0.],Glow Plugs,170678822,1761498886,2001
1761498886273502908,[  0   0   0   0   7 209   0   0],7,264,[0. 0.],[0. 0.],Glow Plugs,273166439,1761498886,2001
1761498886365820199,[  0   0   0   0   7 209   0   0],7,264,[0. 0.],[0. 0.],Glow Plugs,365487317,1761498886,2001
1761498886520275854,[  0   0   0   0   7 209   0   0],7,264,[0. 0.],[0. 0.],Glow Plugs,519264783,1761498886,2001
1761498886591818277,[  0   0   0   0   7 209   0   0],7,264,[0. 0.],[0. 0.],Glow Plugs,591362608,1761498886,2001
1761498886673985541,[  0   0   0   0   7 209   0   0],7,264,[0. 0.],[0. 0.],Glow Plugs,673619360,1761498886,2001
1761498886766405928,[  0   0   0   0   7 209   0   0],7,264,[0. 0.],[0. 0.],Glow Plugs,766092928,1761498886,2001
1761498886880540568,[  0   0   0   0   7 209   0   0],7,264,[0. 0.],[0. 0.],Glow Plugs,880008634,1761498886,2001
1761498886972076032,[  0   0   0   0   7 209   0   0],7,264,[0. 0.],[0. 0.],Glow Plugs,971800684,1761498886,2001
1761498887084594716,[  0   0   0   0   7 209   0   0],7,264,[0. 0.],[0. 0.],Glow Plugs,84373030,1761498887,2001
1761498887166583753,[  0   0   0   0   7 209   0   0],7,264,[0. 0.],[0. 0.],Glow Plugs,166281320,1761498887,2001
1761498887281800015,[  0   0   0   0   7 209   0   0],7,264,[0. 0.],[0. 0.],Glow Plugs,281182597,1761498887,2001
1761498887373418539,[  0   0   0   0   7 209   0   0],7,264,[0. 0.],[0. 0.],Glow Plugs,373154879,1761498887,2001
1761498887527962591,[  0   0   0   0   7 209   0   0],7,264,[0. 0.],[0. 0.],Glow Plugs,527349592,1761498887,2001
1761498887599822866,[  0   0   0   0   7 209   0   0],7,264,[0. 0.],[0. 0.],Glow Plugs,599566505,1761498887,2001
1761498887681697858,[  0   0   0   0   7 209   0   0],7,264,[0. 0.],[0. 0.],Glow Plugs,681449918,1761498887,2001
1761498887774637280,[  0   0   0   0   7 209   0   0],7,264,[0. 0.],[0. 0.],Glow Plugs,774255316,1761498887,2001
1761498887887674971,[  0   0   0   0   7 209   0   0],7,264,[0. 0.],[0. 0.],Glow Plugs,887336391,1761498887,2001
1761498887969444147,[  0   0   0   0   7 209   0   0],7,264,[0. 0.],[0. 0.],Glow Plugs,969243784,1761498887,2001
1761498888082051621,[  0   0   0   0   7 209   0   0],7,264,[0. 0.],[0. 0.],Glow Plugs,81684739,1761498888,2001
1761498888174996811,[  0   0   0   0   7 209   0   0],7,264,[0. 0.],[0. 0.],Glow Plugs,173725290,1761498888,2001
1761498888286969647,[  0   0   0   0   7 209   0   0],7,264,[0. 0.],[0. 0.],Glow Plugs,286554003,1761498888,2001
1761498888379777965,[  0   0   0   0   7 209   0   0],7,264,[0. 0.],[0. 0.],Glow Plugs,379318105,1761498888,2001
1761498888523239188,[  0   0   0   0   7 209   0   0],7,264,[0. 0.],[0. 0.],Glow Plugs,522957086,1761498888,2001
1761498888595820826,[  0   0   0   0   7 209   0   0],7,264,[0. 0.],[0. 0.],Glow Plugs,595547785,1761498888,2001
1761498888688262038,[  0   0   0   0   7 209   0   0],7,264,[0. 0.],[0. 0.],Glow Plugs,688049477,1761498888,2001
1761498888780922437,[  0   0   0   0   7 209   0   0],7,264,[0. 0.],[0. 0.],Glow Plugs,780529077,1761498888,2001
1761498888883709320,[  0   0   0   0   7 209   0   0],7,264,[0. 0.],[0. 0.],Glow Plugs,883254551,1761498888,2001
1761498888976364341,[  0   0   0   0   7 209   0   0],7,264,[0. 0.],[0. 0.],Glow Plugs,976057202,1761498888,2001
1761498889089037455,[  0   0   0   0   7 209   0   0],7,264,[0. 0.],[0. 0.],Glow Plugs,88698845,1761498889,2001
1761498889181483288,[  0   0   0   0   7 209   0   0],7,264,[0. 0.],[0. 0.],Glow Plugs,181220429,1761498889,2001
1761498889284473130,[  0   0   0   0   7 209   0   0],7,264,[0. 0.],[0. 0.],Glow Plugs,284226408,1761498889,2001
1761498889376974320,[  0   0   0   0   7 209   0   0],7,264,[0. 0.],[0. 0.],Glow Plugs,376406853,1761498889,2001
1761498889531184762,[  0   0   0   0   7 209   0   0],7,264,[0. 0.],[0. 0.],Glow Plugs,530876824,1761498889,2001
1761498889603507789,[  0   0   0   0   7 209   0   0],7,264,[0. 0.],[0. 0.],Glow Plugs,603208367,1761498889,2001
1761498889685817603,[  0   0   0   0   7 209   0   0],7,264,[0. 0.],[0. 0.],Glow Plugs,685479665,1761498889,2001
1761498889778085422,[  0   0   0   0   7 209   0   0],7,264,[0. 0.],[0. 0.],Glow Plugs,777838860,1761498889,2001
1761498889890966738,[  0   0   0   0   7 209   0   0],7,264,[0. 0.],[0. 0.],Glow Plugs,890725171,1761498889,2001
1761498889983200363,[  0   0   0   0   7 209   0   0],7,264,[0. 0.],[0. 0.],Glow Plugs,982903055,1761498889,2001
1761498890095446591,[  0   0   0   0   7 209   0   0],7,264,[0. 0.],[0. 0.],Glow Plugs,95191193,1761498890,2001
1761498890177504612,[  0   0   0   0   7 209   0   0],7,264,[0. 0.],[0. 0.],Glow Plugs,177227219,1761498890,2001
1761498890290524435,[  0   0   0   0   7 209   0   0],7,264,[0. 0.],[0. 0.],Glow Plugs,289998913,1761498890,2001
1761498890382820763,[  0   0   0   0   7 209   0   0],7,264,[0. 0.],[0. 0.],Glow Plugs,382506487,1761498890,2001
1761498890537111803,[  0   0   0   0   7 209   0   0],7,264,[0. 0.],[0. 0.],Glow Plugs,536874560,1761498890,2001
1761498890609516175,[  0   0   0   0   7 209   0   0],7,264,[0. 0.],[0. 0.],Glow Plugs,609237726,1761498890,2001
1761498890691910917,[  0   0   0   0   7 209   0   0],7,264,[0. 0.],[0. 0.],Glow Plugs,691573268,1761498890,2001
1761498890784304768,[  0   0   0   0   7 209   0   0],7,264,[0. 0.],[0. 0.],Glow Plugs,784029744,1761498890,2001
1761498890896913496,[  0   0   0   0   7 209   0   0],7,264,[0. 0.],[0. 0.],Glow Plugs,896564386,1761498890,2001
1761498890988972420,[  0   0   0   0   7 209   0   0],7,264,[0. 0.],[0. 0.],Glow Plugs,988721569,1761498890,2001
1761498891091116229,[  0   0   0   0   7 209   0   0],7,264,[0. 0.],[0. 0.],Glow Plugs,90808838,1761498891,2001
1761498891183247016,[  0   0   0   0   7 209   0   0],7,264,[0. 0.],[0. 0.],Glow Plugs,182654613,1761498891,2001
1761498891294930567,[  0   0   0   0   7 209   0   0],7,264,[0. 0.],[0. 0.],Glow Plugs,294760623,1761498891,2001
1761498891387374093,[  0   0   0   0   7 209   0   0],7,264,[0. 0.],[0. 0.],Glow Plugs,386975166,1761498891,2001
1761498891541069191,[  0   0   0   0   7 209   0   0],7,264,[0. 0.],[0. 0.],Glow Plugs,540601685,1761498891,2001
1761498891613302043,[  0   0   0   0   7 209   0   0],7,264,[0. 0.],[0. 0.],Glow Plugs,612741208,1761498891,2001
1761498891695159663,[  0   0   0   0   7 209   0   0],7,264,[0. 0.],[0. 0.],Glow Plugs,694936795,1761498891,2001
1761498891787241240,[  0   0   0   0   7 209   0   0],7,264,[0. 0.],[0. 0.],Glow Plugs,787036718,1761498891,2001
1761498891899967380,[  0   0   0   0   7 209   0   0],7,264,[0. 0.],[0. 0.],Glow Plugs,899690308,1761498891,2001
1761498891991412083,[  0   0   0   0   7 209   0   0],7,264,[0. 0.],[0. 0.],Glow Plugs,991126975,1761498891,2001
1761498892103656172,[  0   0   0   0   7 209   0   0],7,264,[0. 0.],[0. 0.],Glow Plugs,103425717,1761498892,2001
1761498892185306286,[  0   0   0   0   7 209   0   0],7,264,[0. 0.],[0. 0.],Glow Plugs,185077752,1761498892,2001
1761498892298253413,[  0   0   0   0   7 209   0   0],7,264,[0. 0.],[0. 0.],Glow Plugs,297995200,1761498892,2001
1761498892390464773,[  0   0   0   0   7 209   0   0],7,264,[0. 0.],[0. 0.],Glow Plugs,390153189,1761498892,2001
1761498892543596148,[  0   0   0   0   7 209   0   0],7,264,[0. 0.],[0. 0.],Glow Plugs,543256773,1761498892,2001
1761498892615905515,[  0   0   0   0   7 209   0   0],7,264,[0. 0.],[0. 0.],Glow Plugs,615422034,1761498892,2001
1761498892699132312,[  0   0   0   0   7 209   0   0],7,264,[0. 0.],[0. 0.],Glow Plugs,698890780,1761498892,2001
1761498892791202000,[  0   0   0   0   7 209   0   0],7,264,[0. 0.],[0. 0.],Glow Plugs,790891504,1761498892,2001
1761498892903584388,[  0   0   0   0   7 209   0   0],7,264,[0. 0.],[0. 0.],Glow Plugs,903273668,1761498892,2001
1761498892995994699,[  0   0   0   0   7 209   0   0],7,264,[0. 0.],[0. 0.],Glow Plugs,995337849,1761498892,2001
1761498893108132587,[  0   0   0   0   7 209   0   0],7,264,[0. 0.],[0. 0.],Glow Plugs,107927811,1761498893,2001
1761498893190379322,[  0   0   0   0   7 209   0   0],7,264,[0. 0.],[0. 0.],Glow Plugs,190074686,1761498893,2001
1761498893302508059,[  0   0   0   0   7 209   0   0],7,264,[0. 0.],[0. 0.],Glow Plugs,302262525,1761498893,2001
1761498893395619678,[  0   0   0   0   7 209   0   0],7,264,[0. 0.],[0. 0.],Glow Plugs,395240796,1761498893,2001
1761498893549052579,[  0   0   0   0   7 209   0   0],7,264,[0. 0.],[0. 0.],Glow Plugs,548799393,1761498893,2001
1761498893621154317,[  0   0   0   0   7 209   0   0],7,264,[0. 0.],[0. 0.],Glow Plugs,620765382,1761498893,2001
1761498893703316432,[  0   0   0   0   7 209   0   0],7,264,[0. 0.],[0. 0.],Glow Plugs,703035905,1761498893,2001
1761498893795537900,[  0   0   0   0   7 209   0   0],7,264,[0. 0.],[0. 0.],Glow Plugs,795251578,1761498893,2001
1761498893907841478,[  0   0   0   0   7 209   0   0],7,264,[0. 0.],[0. 0.],Glow Plugs,907608783,1761498893,2001
1761498893999770445,[  0   0   0   0   7 209   0   0],7,264,[0. 0.],[0. 0.],Glow Plugs,999297147,1761498893,2001
1761498894101609891,[  0   0   0   0   7 209   0   0],7,264,[0. 0.],[0. 0.],Glow Plugs,101419587,1761498894,2001
1761498894193593087,[  0   0   0   0   7 209   0   0],7,264,[0. 0.],[0. 0.],Glow Plugs,193353413,1761498894,2001
1761498894305902413,[  0   0   0   0   7 209   0   0],7,264,[0. 0.],[0. 0.],Glow Plugs,305658129,1761498894,2001
1761498894397769070,[  0   0   0   0   7 209   0   0],7,264,[0. 0.],[0. 0.],Glow Plugs,397537945,1761498894,2001
1761498894551216313,[  0   0   0   0   7 209   0   0],7,264,[0. 0.],[0. 0.],Glow Plugs,550945360,1761498894,2001
1761498894623702727,[  0   0   0   0   7 209   0   0],7,264,[0. 0.],[0. 0.],Glow Plugs,623063811,1761498894,2001
1761498894705256722,[  0   0   0   0   7 209   0   0],7,264,[0. 0.],[0. 0.],Glow Plugs,705064400,1761498894,2001
1761498894797815250,[  0   0   0   0   7 209   0   0],7,264,[0. 0.],[0. 0.],Glow Plugs,797626258,1761498894,2001
1761498894910217232,[  0   0   0   0   7 209   0   0],7,264,[0. 0.],[0. 0.],Glow Plugs,909981592,1761498894,2001
1761498895002476503,[  0   0   0   0   7 209   0   0],7,264,[0. 0.],[0. 0.],Glow Plugs,1919453,1761498895,2001
1761498895114647640,[  0   0   0   0   7 209   0   0],7,264,[0. 0.],[0. 0.],Glow Plugs,114335835,1761498895,2001
1761498895196314941,[  0   0   0   0   7 209   0   0],7,264,[0. 0.],[0. 0.],Glow Plugs,196034832,1761498895,2001
1761498895308985047,[  0   0   0   0   7 209   0   0],7,264,[0. 0.],[0. 0.],Glow Plugs,308738810,1761498895,2001
1761498895401116793,[  0   0   0   0   7 209   0   0],7,264,[0. 0.],[0. 0.],Glow Plugs,400826919,1761498895,2001
1761498895554914457,[  0   0   0   0   7 209   0   0],7,264,[0. 0.],[0. 0.],Glow Plugs,554609920,1761498895,2001
1761498895627602029,[  0   0   0   0   7 209   0   0],7,264,[0. 0.],[0. 0.],Glow Plugs,627106003,1761498895,2001
1761498895709185160,[  0   0   0   0   7 209   0   0],7,264,[0. 0.],[0. 0.],Glow Plugs,708976318,1761498895,2001
1761498895801725048,[  0   0   0   0   7 209   0   0],7,264,[0. 0.],[0. 0.],Glow Plugs,801393873,1761498895,2001
1761498895914083988,[  0   0   0   0   7 209   0   0],7,264,[0. 0.],[0. 0.],Glow Plugs,913798949,1761498895,2001
1761498896006227892,[  0   0   0   0   7 209   0   0],7,264,[0. 0.],[0. 0.],Glow Plugs,5739167,1761498896,2001
1761498896118600206,[  0   0   0   0   7 209   0   0],7,264,[0. 0.],[0. 0.],Glow Plugs,118347696,1761498896,2001
1761498896200691242,[  0   0   0   0   7 209   0   0],7,264,[0. 0.],[0. 0.],Glow Plugs,200249037,1761498896,2001
1761498896313146286,[  0   0   0   0   7 209   0   0],7,264,[0. 0.],[0. 0.],Glow Plugs,312900659,1761498896,2001
1761498896405594957,[  0   0   0   0   7 209   0   0],7,264,[0. 0.],[0. 0.],Glow Plugs,405077034,1761498896,2001
1761498896559091197,[  0   0   0   0   7 209   0   0],7,264,[0. 0.],[0. 0.],Glow Plugs,558810000,1761498896,2001
1761498896631312201,[  0   0   0   0   7 209   0   0],7,264,[0. 0.],[0. 0.],Glow Plugs,630964507,1761498896,2001
1761498896713176724,[  0   0   0   0   7 209   0   0],7,264,[0. 0.],[0. 0.],Glow Plugs,713019941,1761498896,2001
1761498896806012149,[  0   0   0   0   7 209   0   0],7,264,[0. 0.],[0. 0.],Glow Plugs,805521375,1761498896,2001
1761498896918440011,[  0   0   0   0   7 209   0   0],7,264,[0. 0.],[0. 0.],Glow Plugs,918198258,1761498896,2001
1761498897010347300,[  0   0   0   0   7 209   0   0],7,264,[0. 0.],[0. 0.],Glow Plugs,10014847,1761498897,2001
1761498897122613540,[  0   0   0   0   7 209   0   0],7,264,[0. 0.],[0. 0.],Glow Plugs,122370027,1761498897,2001
1761498897204498077,[  0   0   0   0   7 209   0   0],7,264,[0. 0.],[0. 0.],Glow Plugs,204234970,1761498897,2001
1761498897317208762,[  0   0   0   0   7 209   0   0],7,264,[0. 0.],[0. 0.],Glow Plugs,316962496,1761498897,2001
1761498897408937619,[  0   0   0   0   7 209   0   0],7,264,[0. 0.],[0. 0.],Glow Plugs,408654118,1761498897,2001
1761498897564551148,[  0   0   0   0   7 209   0   0],7,264,[0. 0.],[0. 0.],Glow Plugs,564335457,1761498897,2001
1761498897636985608,[  0   0   0   0   7 209   0   0],7,264,[0. 0.],[0. 0.],Glow Plugs,636797226,1761498897,2001
1761498897719742226,[  0   0   0   0   7 209   0   0],7,264,[0. 0.],[0. 0.],Glow Plugs,719257890,1761498897,2001
1761498897811766142,[  0   0   0   0   7 209   0   0],7,264,[0. 0.],[0. 0.],Glow Plugs,811313341,1761498897,2001
1761498897924786806,[  0   0   0   0   7 209   0   0],7,264,[0. 0.],[0. 0.],Glow Plugs,924508779,1761498897,2001
1761498898006790346,[  0   0   0   0   7 209   0   0],7,264,[0. 0.],[0. 0.],Glow Plugs,6455075,1761498898,2001
1761498898118931916,[  0   0   0   0   7 209   0   0],7,264,[0. 0.],[0. 0.],Glow Plugs,118666697,1761498898,2001
1761498898211187694,[  0   0   0   0   7 209   0   0],7,264,[0. 0.],[0. 0.],Glow Plugs,210733518,1761498898,2001
1761498898324122455,[  0   0   0   0   7 209   0   0],7,264,[0. 0.],[0. 0.],Glow Plugs,323861366,1761498898,2001
1761498898416078661,[  0   0   0   0   7 209   0   0],7,264,[0. 0.],[0. 0.],Glow Plugs,415862810,1761498898,2001
1761498898559381285,[  0   0   0   0   7 209   0   0],7,264,[0. 0.],[0. 0.],Glow Plugs,559122789,1761498898,2001
1761498898631284706,[  0   0   0   0   7 209   0   0],7,264,[0. 0.],[0. 0.],Glow Plugs,631033606,1761498898,2001
1761498898723974234,[  0   0   0   0   7 209   0   0],7,264,[0. 0.],[0. 0.],Glow Plugs,723723902,1761498898,2001
1761498898816007822,[  0   0   0   0   7 209   0   0],7,264,[0. 0.],[0. 0.],Glow Plugs,815770809,1761498898,2001
1761498898927967445,[  0   0   0   0   7 209   0   0],7,264,[0. 0.],[0. 0.],Glow Plugs,927784442,1761498898,2001
1761498899010074987,[  0   0   0   0   7 209   0   0],7,264,[0. 0.],[0. 0.],Glow Plugs,9809385,1761498899,2001
1761498899122347406,[  0   0   0   0   7 209   0   0],7,264,[0. 0.],[0. 0.],Glow Plugs,122096498,1761498899,2001
1761498899214568195,[  0   0   0   0   7 209   0   0],7,264,[0. 0.],[0. 0.],Glow Plugs,213957720,1761498899,2001
1761498899326511620,[  0   0   0   0   7 209   0   0],7,264,[0. 0.],[0. 0.],Glow Plugs,326205134,1761498899,2001
1761498899420874645,[  0   0   0   0   7 209   0   0],7,264,[0. 0.],[0. 0.],Glow Plugs,420255781,1761498899,2001
1761498899564105673,[  0   0   0   0   7 209   0   0],7,264,[0. 0.],[0. 0.],Glow Plugs,563893473,1761498899,2001
1761498899636638566,[  0   0   0   0   7 209   0   0],7,264,[0. 0.],[0. 0.],Glow Plugs,636305954,1761498899,2001
1761498899728552485,[  0   0   0   0   7 209   0   0],7,264,[0. 0.],[0. 0.],Glow Plugs,728333530,1761498899,2001
1761498899820733447,[  0   0   0   0   7 209   0   0],7,264,[0. 0.],[0. 0.],Glow Plugs,820490992,1761498899,2001
1761498899933215376,[  0   0   0   0   7 209   0   0],7,264,[0. 0.],[0. 0.],Glow Plugs,932879724,1761498899,2001
1761498900014996542,[  0   0   0   0   7 209   0   0],7,264,[0. 0.],[0. 0.],Glow Plugs,14759275,1761498900,2001
1761498900128042333,[  0   0   0   0   7 209   0   0],7,264,[0. 0.],[0. 0.],Glow Plugs,127398819,1761498900,2001
1761498900219755107,[  0   0   0   0   7 209   0   0],7,264,[0. 0.],[0. 0.],Glow Plugs,219355809,1761498900,2001
1761498900332931233,[  0   0   0   0   7 209   0   0],7,264,[0. 0.],[0. 0.],Glow Plugs,332757773,1761498900,2001
1761498900424894465,[  0   0   0   0   7 209   0   0],7,264,[0. 0.],[0. 0.],Glow Plugs,424659503,1761498900,2001
1761498900569462140,[  0   0   0   0   7 209   0   0],7,264,[0. 0.],[0. 0.],Glow Plugs,568875390,1761498900,2001
1761498900641261533,[  0   0   0   0   7 209   0   0],7,264,[0. 0.],[0. 0.],Glow Plugs,640902543,1761498900,2001
1761498900733522543,[  0   0   0   0   7 209   0   0],7,264,[0. 0.],[0. 0.],Glow Plugs,733202547,1761498900,2001
1761498900826533902,[  0   0   0   0   7 209   0   0],7,264,[0. 0.],[0. 0.],Glow Plugs,826086420,1761498900,2001
1761498900928456898,[  0   0   0   0   7 209   0   0],7,264,[0. 0.],[0. 0.],Glow Plugs,928117725,1761498900,2001
1761498901020129789,[  0   0   0   0   7 209   0   0],7,264,[0. 0.],[0. 0.],Glow Plugs,19876066,1761498901,2001
1761498901132622420,[  0   0   0   0   7 209   0   0],7,264,[0. 0.],[0. 0.],Glow Plugs,132272747,1761498901,2001
1761498901224362451,[  0   0   0   0   7 209   0   0],7,264,[0. 0.],[0. 0.],Glow Plugs,224173752,1761498901,2001
1761498901336926829,[  0   0   0   0   7 209   0   0],7,264,[0. 0.],[0. 0.],Glow Plugs,336768161,1761498901,2001
1761498901429378437,[  0   0   0   0   7 209   0   0],7,264,[0. 0.],[0. 0.],Glow Plugs,429026363,1761498901,2001
1761498901572436800,[  0   0   0   0   7 209   0   0],7,264,[0. 0.],[0. 0.],Glow Plugs,572246500,1761498901,2001
1761498901644844310,[  0   0   0   0   7 209   0   0],7,264,[0. 0.],[0. 0.],Glow Plugs,644587162,1761498901,2001
1761498901736814469,[  0   0   0   0   7 209   0   0],7,264,[0. 0.],[0. 0.],Glow Plugs,736526201,1761498901,2001
1761498901828928857,[  0   0   0   0   7 209   0   0],7,264,[0. 0.],[0. 0.],Glow Plugs,828644304,1761498901,2001
1761498901941127714,[  0   0   0   0   7 209   0   0],7,264,[0. 0.],[0. 0.],Glow Plugs,940862882,1761498901,2001
1761498902023448018,[  0   0   0   0   7 209   0   0],7,264,[0. 0.],[0. 0.],Glow Plugs,23052180,1761498902,2001
1761498902135011444,[  0   0   0   0   7 209   0   0],7,264,[0. 0.],[0. 0.],Glow Plugs,134690618,1761498902,2001
1761498902226761542,[  0   0   0   0   7 209   0   0],7,264,[0. 0.],[0. 0.],Glow Plugs,226569674,1761498902,2001
1761498902338997676,[  0   0   0   0   7 209   0   0],7,264,[0. 0.],[0. 0.],Glow Plugs,338813971,1761498902,2001
1761498902431432711,[  0   0   0   0   7 209   0   0],7,264,[0. 0.],[0. 0.],Glow Plugs,431227749,1761498902,2001
1761498902575287972,[  0   0   0   0   7 209   0   0],7,264,[0. 0.],[0. 0.],Glow Plugs,574986131,1761498902,2001
1761498902647024775,[  0   0   0   0   7 209   0   0],7,264,[0. 0.],[0. 0.],Glow Plugs,646826503,1761498902,2001
1761498902739161907,[  0   0   0   0   7 209   0   0],7,264,[0. 0.],[0. 0.],Glow Plugs,738873416,1761498902,2001
1761498902834353979,[  0   0   0   0   7 209   0   0],7,264,[0. 0.],[0. 0.],Glow Plugs,834093438,1761498902,2001
1761498902937484874,[  0   0   0   0   7 209   0   0],7,264,[0. 0.],[0. 0.],Glow Plugs,937272932,1761498902,2001
1761498903029451022,[  0   0   0   0   7 209   0   0],7,264,[0. 0.],[0. 0.],Glow Plugs,29215101,1761498903,2001
1761498903141719952,[  0   0   0   0   7 209   0   0],7,264,[0. 0.],[0. 0.],Glow Plugs,141430117,1761498903,2001
1761498903233368002,[  0   0   0   0   7 209   0   0],7,264,[0. 0.],[0. 0.],Glow Plugs,233135603,1761498903,2001
1761498903345463889,[  0   0   0   0   7 209   0   0],7,264,[0. 0.],[0. 0.],Glow Plugs,345314378,1761498903,2001
1761498903427808428,[  0   0   0   0   7 209   0   0],7,264,[0. 0.],[0. 0.],Glow Plugs,427218002,1761498903,2001
1761498903580920430,[  0   0   0   0   7 209   0   0],7,264,[0. 0.],[0. 0.],Glow Plugs,580559714,1761498903,2001
1761498903653297717,[  0   0   0   0   7 209   0   0],7,264,[0. 0.],[0. 0.],Glow Plugs,653073803,1761498903,2001
1761498903745361038,[  0   0   0   0   7 209   0   0],7,264,[0. 0.],[0. 0.],Glow Plugs,745148488,1761498903,2001
1761498903837876638,[  0   0   0   0   7 209   0   0],7,264,[0. 0.],[0. 0.],Glow Plugs,837595064,1761498903,2001
1761498903940434246,[  0   0   0   0   7 209   0   0],7,264,[0. 0.],[0. 0.],Glow Plugs,940085023,1761498903,2001
1761498904032974081,[  0   0   0   0   7 209   0   0],7,264,[0. 0.],[0. 0.],Glow Plugs,32152251,1761498904,2001
1761498904144383835,[  0   0   0   0   7 209   0   0],7,264,[0. 0.],[0. 0.],Glow Plugs,144074600,1761498904,2001
1761498904236266832,[  0   0   0   0   7 209   0   0],7,264,[0. 0.],[0. 0.],Glow Plugs,236019515,1761498904,2001
1761498904348526621,[  0   0   0   0   7 209   0   0],7,264,[0. 0.],[0. 0.],Glow Plugs,348245111,1761498904,2001
1761498904440126892,[  0   0   0   0   7 209   0   0],7,264,[0. 0.],[0. 0.],Glow Plugs,439963294,1761498904,2001
1761498904583227728,[  0   0   0   0   7 209   0   0],7,264,[0. 0.],[0. 0.],Glow Plugs,583046458,1761498904,2001
1761498904655541195,[  0   0   0   0   7 209   0   0],7,264,[0. 0.],[0. 0.],Glow Plugs,655203595,1761498904,2001
1761498904747131477,[  0   0   0   0   7 209   0   0],7,264,[0. 0.],[0. 0.],Glow Plugs,746862870,1761498904,2001
1761498904839597406,[  0   0   0   0   7 209   0   0],7,264,[0. 0.],[0. 0.],Glow Plugs,839230673,1761498904,2001
1761498904951602547,[  0   0   0   0   7 209   0   0],7,264,[0. 0.],[0. 0.],Glow Plugs,951290815,1761498904,2001
1761498905033437965,[  0   0   0   0   7 209   0   0],7,264,[0. 0.],[0. 0.],Glow Plugs,33101646,1761498905,2001
1761498905145309237,[  0   0   0   0   7 209   0   0],7,264,[0. 0.],[0. 0.],Glow Plugs,145048315,1761498905,2001
1761498905237101364,[  0   0   0   0   7 209   0   0],7,264,[0. 0.],[0. 0.],Glow Plugs,236812108,1761498905,2001
1761498905349436055,[  0   0   0   0   7 209   0   0],7,264,[0. 0.],[0. 0.],Glow Plugs,349184769,1761498905,2001
1761498905441170011,[  0   0   0   0   7 209   0   0],7,264,[0. 0.],[0. 0.],Glow Plugs,440970621,1761498905,2001
1761498905594778590,[  0   0   0   0   7 209   0   0],7,264,[0. 0.],[0. 0.],Glow Plugs,594489622,1761498905,2001
1761498905667149193,[  0   0   0   0   7 209   0   0],7,264,[0. 0.],[0. 0.],Glow Plugs,666848891,1761498905,2001
1761498905748792255,[  0   0   0   0   7 209   0   0],7,264,[0. 0.],[0. 0.],Glow Plugs,748619662,1761498905,2001
1761498905841336801,[  0   0   0   0   7 209   0   0],7,264,[0. 0.],[0. 0.],Glow Plugs,841034226,1761498905,2001
1761498905953881350,[  0   0   0   0   7 209   0   0],7,264,[0. 0.],[0. 0.],Glow Plugs,953557902,1761498905,2001
1761498906045741129,[  0   0   0   0   7 209   0   0],7,264,[0. 0.],[0. 0.],Glow Plugs,45453859,1761498906,2001
1761498906148262294,[  0   0   0   0   7 209   0   0],7,264,[0. 0.],[0. 0.],Glow Plugs,147819207,1761498906,2001
1761498906239683648,[  0   0   0   0   7 209   0   0],7,264,[0. 0.],[0. 0.],Glow Plugs,239424390,1761498906,2001
1761498906352117446,[  0   0   0   0   7 209   0   0],7,264,[0. 0.],[0. 0.],Glow Plugs,351913318,1761498906,2001
1761498906444464512,[  0   0   0   0   7 209   0   0],7,264,[0. 0.],[0. 0.],Glow Plugs,443993700,1761498906,2001
1761498906597364391,[  0   0   0   0   7 209   0   0],7,264,[0. 0.],[0. 0.],Glow Plugs,597131771,1761498906,2001
1761498906669362650,[  0   0   0   0   7 209   0   0],7,264,[0. 0.],[0. 0.],Glow Plugs,669197933,1761498906,2001
1761498906751659227,[  0   0   0   0   7 209   0   0],7,264,[0. 0.],[0. 0.],Glow Plugs,751292623,1761498906,2001
1761498906843828033,[  0   0   0   0   7 209   0   0],7,264,[0. 0.],[0. 0.],Glow Plugs,843627780,1761498906,2001
1761498906956184355,[  0   0   0   0   7 209   0   0],7,264,[0. 0.],[0. 0.],Glow Plugs,955892347,1761498906,2001
1761498907048300226,[  0   0   0   0   7 209   0   0],7,264,[0. 0.],[0. 0.],Glow Plugs,48104103,1761498907,2001
1761498907160901741,[  0   0   0   0   7 209   0   0],7,264,[0. 0.],[0. 0.],Glow Plugs,160673731,1761498907,2001
1761498907242911777,[  0   0   0   0   7 209   0   0],7,264,[0. 0.],[0. 0.],Glow Plugs,242621466,1761498907,2001
1761498907355658160,[  0   0   0   0   7 209   0   0],7,264,[0. 0.],[0. 0.],Glow Plugs,355358629,1761498907,2001
1761498907447417073,[  0   0   0   0   7 209   0   0],7,264,[0. 0.],[0. 0.],Glow Plugs,447128139,1761498907,2001
1761498907601512954,[  0   0   0   0   7 209   0   0],7,264,[0. 0.],[0. 0.],Glow Plugs,601231799,1761498907,2001
1761498907673392879,[  0   0   0   0   7 209   0   0],7,264,[0. 0.],[0. 0.],Glow Plugs,673122481,1761498907,2001
1761498907755546821,[  0   0   0   0   7 209   0   0],7,264,[0. 0.],[0. 0.],Glow Plugs,755017744,1761498907,2001
1761498907847240712,[  0   0   0   0   7 209   0   0],7,264,[0. 0.],[0. 0.],Glow Plugs,846901739,1761498907,2001
1761498907959696016,[  0   0   0   0   7 209   0   0],7,264,[0. 0.],[0. 0.],Glow Plugs,959259141,1761498907,2001
1761498908051245496,[  0   0   0   0   7 209   0   0],7,264,[0. 0.],[0. 0.],Glow Plugs,50986785,1761498908,2001
1761498908163390283,[  0   0   0   0   7 209   0   0],7,264,[0. 0.],[0. 0.],Glow Plugs,162999767,1761498908,2001
1761498908244770904,[  0   0   0   0   7 209   0   0],7,264,[0. 0.],[0. 0.],Glow Plugs,244589860,1761498908,2001
1761498908357470539,[  0   0   0   0   7 209   0   0],7,264,[0. 0.],[0. 0.],Glow Plugs,357197901,1761498908,2001
1761498908449286018,[  0   0   0   0   7 209   0   0],7,264,[0. 0.],[0. 0.],Glow Plugs,449042161,1761498908,2001
1761498908602962847,[  0   0   0   0   7 209   0   0],7,264,[0. 0.],[0. 0.],Glow Plugs,602740633,1761498908,2001
1761498908675208057,[  0   0   0   0   7 209   0   0],7,264,[0. 0.],[0. 0.],Glow Plugs,674909167,1761498908,2001
1761498908757080488,[  0   0   0   0   7 209   0   0],7,264,[0. 0.],[0. 0.],Glow Plugs,756828340,1761498908,2001
1761498908850640035,[  0   0   0   0   7 209   0   0],7,264,[0. 0.],[0. 0.],Glow Plugs,850228550,1761498908,2001
1761498908963805517,[  0   0   0   0   7 209   0   0],7,264,[0. 0.],[0. 0.],Glow Plugs,963400626,1761498908,2001
1761498909055615069,[  0   0   0   0   7 209   0   0],7,264,[0. 0.],[0. 0.],Glow Plugs,55286470,1761498909,2001
1761498909167978226,[  0   0   0   0   7 209   0   0],7,264,[0. 0.],[0. 0.],Glow Plugs,167636790,1761498909,2001
1761498909249974424,[  0   0   0   0   7 209   0   0],7,264,[0. 0.],[0. 0.],Glow Plugs,249499326,1761498909,2001
1761498909363015331,[  0   0   0   0   7 209   0   0],7,264,[0. 0.],[0. 0.],Glow Plugs,362761935,1761498909,2001
1761498909455048669,[  0   0   0   0   7 209   0   0],7,264,[0. 0.],[0. 0.],Glow Plugs,454740880,1761498909,2001
1761498909608837129,[  0   0   0   0   7 209   0   0],7,264,[0. 0.],[0. 0.],Glow Plugs,608631338,1761498909,2001
1761498909681012990,[  0   0   0   0   7 209   0   0],7,264,[0. 0.],[0. 0.],Glow Plugs,680811714,1761498909,2001
1761498909763291589,[  0   0   0   0   7 209   0   0],7,264,[0. 0.],[0. 0.],Glow Plugs,762931744,1761498909,2001
1761498909855313465,[  0   0   0   0   7 209   0   0],7,264,[0. 0.],[0. 0.],Glow Plugs,855004684,1761498909,2001
1761498909967798406,[  0   0   0   0   7 209   0   0],7,264,[0. 0.],[0. 0.],Glow Plugs,967520967,1761498909,2001
1761498910059594595,[  0   0   0   0   7 209   0   0],7,264,[0. 0.],[0. 0.],Glow Plugs,59233695,1761498910,2001
1761498910172123396,[  0   0   0   0   7 209   0   0],7,264,[0. 0.],[0. 0.],Glow Plugs,171844581,1761498910,2001
1761498910253713969,[  0   0   0   0   7 209   0   0],7,264,[0. 0.],[0. 0.],Glow Plugs,253445751,1761498910,2001
1761498910366028400,[  0   0   0   0   7 209   0   0],7,264,[0. 0.],[0. 0.],Glow Plugs,365790436,1761498910,2001
1761498910458158037,[  0   0   0   0   7 209   0   0],7,264,[0. 0.],[0. 0.],Glow Plugs,457833858,1761498910,2001
1761498910611766862,[  0   0   0   0   7 209   0   0],7,264,[0. 0.],[0. 0.],Glow Plugs,611345166,1761498910,2001
1761498910683637847,[  0   0   0   0   7 209   0   0],7,264,[0. 0.],[0. 0.],Glow Plugs,683300637,1761498910,2001
1761498910765752466,[  0   0   0   0   7 209   0   0],7,264,[0. 0.],[0. 0.],Glow Plugs,765235399,1761498910,2001
1761498910857542364,[  0   0   0   0   7 209   0   0],7,264,[0. 0.],[0. 0.],Glow Plugs,857239314,1761498910,2001
1761498910969749835,[  0   0   0   0   7 209   0   0],7,264,[0. 0.],[0. 0.],Glow Plugs,969440446,1761498910,2001
1761498911061765863,[  0   0   0   0   7 209   0   0],7,264,[0. 0.],[0. 0.],Glow Plugs,61493804,1761498911,2001
1761498911174484736,[  0   0   0   0   7 209   0   0],7,264,[0. 0.],[0. 0.],Glow Plugs,174189563,1761498911,2001
1761498911256668411,[  0   0   0   0   7 209   0   0],7,264,[0. 0.],[0. 0.],Glow Plugs,255941875,1761498911,2001
1761498911368749108,[  0   0   0   0   7 209   0   0],7,264,[0. 0.],[0. 0.],Glow Plugs,368434214,1761498911,2001
1761498911460671806,[  0   0   0   0   7 209   0   0],7,264,[0. 0.],[0. 0.],Glow Plugs,460431057,1761498911,2001
1761498911614658084,[  0   0   0   0   7 209   0   0],7,264,[0. 0.],[0. 0.],Glow Plugs,614388938,1761498911,2001
1761498911686854144,[  0   0   0   0   7 209   0   0],7,264,[0. 0.],[0. 0.],Glow Plugs,686557626,1761498911,2001
1761498911771228633,[  0   0   0   0   7 209   0   0],7,264,[0. 0.],[0. 0.],Glow Plugs,770539938,1761498911,2001
1761498911862780475,[  0   0   0   0   7 209   0   0],7,264,[0. 0.],[0. 0.],Glow Plugs,862468398,1761498911,2001
1761498911975060366,[  0   0   0   0   7 209   0   0],7,264,[0. 0.],[0. 0.],Glow Plugs,974854289,1761498911,2001
1761498912067078750,[  0   0   0   0   7 209   0   0],7,264,[0. 0.],[0. 0.],Glow Plugs,66631157,1761498912,2001
1761498912179023649,[  0   0   0   0   7 209   0   0],7,264,[0. 0.],[0. 0.],Glow Plugs,178767374,1761498912,2001
1761498912261013544,[  0   0   0   0   7 209   0   0],7,264,[0. 0.],[0. 0.],Glow Plugs,260626266,1761498912,2001
1761498912373989913,[  0   0   0   0   7 209   0   0],7,264,[0. 0.],[0. 0.],Glow Plugs,373625462,1761498912,2001
1761498912465098842,[  0   0   0   0   7 209   0   0],7,264,[0. 0.],[0. 0.],Glow Plugs,464941460,1761498912,2001
1761498912618675246,[  0   0   0   0   7 209   0   0],7,264,[0. 0.],[0. 0.],Glow Plugs,618364066,1761498912,2001
1761498912690428709,[  0   0   0   0   7 209   0   0],7,264,[0. 0.],[0. 0.],Glow Plugs,690250998,1761498912,2001
1761498912772522491,[  0   0   0   0   7 209   0   0],7,264,[0. 0.],[0. 0.],Glow Plugs,772302456,1761498912,2001
1761498912864410457,[  0   0   0   0   7 209   0   0],7,264,[0. 0.],[0. 0.],Glow Plugs,864217219,1761498912,2001
1761498912976669801,[  0   0   0   0   7 209   0   0],7,264,[0. 0.],[0. 0.],Glow Plugs,976376998,1761498912,2001
1761498913068238866,[  0   0   0   0   7 209   0   0],7,264,[0. 0.],[0. 0.],Glow Plugs,68038073,1761498913,2001
1761498913180942737,[  0   0   0   0   7 209   0   0],7,264,[0. 0.],[0. 0.],Glow Plugs,180449973,1761498913,2001
1761498913272599151,[  0   0   0   0   7 209   0   0],7,264,[0. 0.],[0. 0.],Glow Plugs,272264282,1761498913,2001
1761498913374697209,[  0   0   0   0   7 209   0   0],7,264,[0. 0.],[0. 0.],Glow Plugs,374403158,1761498913,2001
1761498913466372864,[  0   0   0   0   7 209   0   0],7,264,[0. 0.],[0. 0.],Glow Plugs,466095012,1761498913,2001
1761498913619962532,[  0   0   0   0   7 209   0   0],7,264,[0. 0.],[0. 0.],Glow Plugs,619717527,1761498913,2001
1761498913691863554,[  0   0   0   0   7 209   0   0],7,264,[0. 0.],[0. 0.],Glow Plugs,691366372,1761498913,2001
1761498913783753672,[  0   0   0   0   7 209   0   0],7,264,[0. 0.],[0. 0.],Glow Plugs,783354263,1761498913,2001
1761498913875880344,[  0   0   0   0   7 209   0   0],7,264,[0. 0.],[0. 0.],Glow Plugs,875599003,1761498913,2001
1761498913977838436,[  0   0   0   0   7 209   0   0],7,264,[0. 0.],[0. 0.],Glow Plugs,977477763,1761498913,2001
1761498914069793342,[  0   0   0   0   7 209   0   0],7,264,[0. 0.],[0. 0.],Glow Plugs,69485462,1761498914,2001
1761498914182928197,[  0   0   0   0   7 209   0   0],7,264,[0. 0.],[0. 0.],Glow Plugs,182422053,1761498914,2001
1761498914275096112,[  0   0   0   0   7 209   0   0],7,264,[0. 0.],[0. 0.],Glow Plugs,274635588,1761498914,2001
1761498914387321477,[  0   0   0   0   7 209   0   0],7,264,[0. 0.],[0. 0.],Glow Plugs,386814660,1761498914,2001
1761498914468634893,[  0   0   0   0   7 209   0   0],7,264,[0. 0.],[0. 0.],Glow Plugs,468438934,1761498914,2001
1761498914622255661,[  0   0   0   0   7 209   0   0],7,264,[0. 0.],[0. 0.],Glow Plugs,621936095,1761498914,2001
1761498914694048256,[  0   0   0   0   7 209   0   0],7,264,[0. 0.],[0. 0.],Glow Plugs,693600666,1761498914,2001
1761498914787072742,[  0   0   0   0   7 209   0   0],7,264,[0. 0.],[0. 0.],Glow Plugs,786717929,1761498914,2001
1761498914879081898,[  0   0   0   0   7 209   0   0],7,264,[0. 0.],[0. 0.],Glow Plugs,878821847,1761498914,2001
1761498914981103837,[  0   0   0   0   7 209   0   0],7,264,[0. 0.],[0. 0.],Glow Plugs,980828739,1761498914,2001
1761498915072637483,[  0   0   0   0   7 209   0   0],7,264,[0. 0.],[0. 0.],Glow Plugs,72459676,1761498915,2001
1761498915185342112,[  0   0   0   0   7 209   0   0],7,264,[0. 0.],[0. 0.],Glow Plugs,184960505,1761498915,2001
1761498915277523067,[  0   0   0   0   7 209   0   0],7,264,[0. 0.],[0. 0.],Glow Plugs,277135953,1761498915,2001
1761498915389327141,[  0   0   0   0   7 209   0   0],7,264,[0. 0.],[0. 0.],Glow Plugs,389159707,1761498915,2001
1761498915481550995,[  0   0   0   0   7 209   0   0],7,264,[0. 0.],[0. 0.],Glow Plugs,481212894,1761498915,2001
1761498915624974691,[  0   0   0   0   7 209   0   0],7,264,[0. 0.],[0. 0.],Glow Plugs,624789074,1761498915,2001
1761498915697851451,[  0   0   0   0   7 209   0   0],7,264,[0. 0.],[0. 0.],Glow Plugs,697291461,1761498915,2001
1761498915789969403,[  0   0   0   0   7 209   0   0],7,264,[0. 0.],[0. 0.],Glow Plugs,789601113,1761498915,2001
1761498915882069138,[  0   0   0   0   7 209   0   0],7,264,[0. 0.],[0. 0.],Glow Plugs,881737888,1761498915,2001
1761498915984635937,[  0   0   0   0   7 209   0   0],7,264,[0. 0.],[0. 0.],Glow Plugs,984048286,1761498915,2001
1761498916076872761,[  0   0   0   0   7 209   0   0],7,264,[0. 0.],[0. 0.],Glow Plugs,76409391,1761498916,2001
1761498916188926114,[  0   0   0   0   7 209   0   0],7,264,[0. 0.],[0. 0.],Glow Plugs,188655307,1761498916,2001
1761498916281081822,[  0   0   0   0   7 209   0   0],7,264,[0. 0.],[0. 0.],Glow Plugs,280799011,1761498916,2001
1761498916393215850,[  0   0   0   0   7 209   0   0],7,264,[0. 0.],[0. 0.],Glow Plugs,393045504,1761498916,2001
1761498916485426271,[  0   0   0   0   7 209   0   0],7,264,[0. 0.],[0. 0.],Glow Plugs,485197499,1761498916,2001
1761498916628952591,[  0   0   0   0   7 209   0   0],7,264,[0. 0.],[0. 0.],Glow Plugs,628642248,1761498916,2001
1761498916701281983,[  0   0   0   0   7 209   0   0],7,264,[0. 0.],[0. 0.],Glow Plugs,701038997,1761498916,2001
1761498916793963329,[  0   0   0   0   7 209   0   0],7,264,[0. 0.],[0. 0.],Glow Plugs,793594752,1761498916,2001
1761498916885482312,[  0   0   0   0   7 209   0   0],7,264,[0. 0.],[0. 0.],Glow Plugs,885283409,1761498916,2001
1761498916988332224,[  0   0   0   0   7 209   0   0],7,264,[0. 0.],[0. 0.],Glow Plugs,987984040,1761498916,2001
1761498917080654336,[  0   0   0   0   7 209   0   0],7,264,[0. 0.],[0. 0.],Glow Plugs,80087466,1761498917,2001
1761498917192363432,[  0   0   0   0   7 209   0   0],7,264,[0. 0.],[0. 0.],Glow Plugs,192121311,1761498917,2001
1761498917284459577,[  0   0   0   0   7 209   0   0],7,264,[0. 0.],[0. 0.],Glow Plugs,284202730,1761498917,2001
1761498917396635147,[  0   0   0   0   7 209   0   0],7,264,[0. 0.],[0. 0.],Glow Plugs,396369304,1761498917,2001
1761498917489052488,[  0   0   0   0   7 209   0   0],7,264,[0. 0.],[0. 0.],Glow Plugs,488058265,1761498917,2001
1761498917632695554,[  0   0   0   0   7 209   0   0],7,264,[0. 0.],[0. 0.],Glow Plugs,631837998,1761498917,2001
1761498917704672995,[  0   0   0   0   7 209   0   0],7,264,[0. 0.],[0. 0.],Glow Plugs,704407568,1761498917,2001
1761498917798750799,[  0   0   0   0   7 209   0   0],7,264,[0. 0.],[0. 0.],Glow Plugs,798386225,1761498917,2001
1761498917891021677,[  0   0   0   0   7 209   0   0],7,264,[0. 0.],[0. 0.],Glow Plugs,890710150,1761498917,2001
1761498917993672734,[  0   0   0   0   7 209   0   0],7,264,[0. 0.],[0. 0.],Glow Plugs,993277875,1761498917,2001
1761498918088554541,[  0   0   0   0   7 209   0   0],7,264,[0. 0.],[0. 0.],Glow Plugs,87879466,1761498918,2001
1761498918200872370,[  0   0   0   0   7 209   0   0],7,264,[0. 0.],[0. 0.],Glow Plugs,200549831,1761498918,2001
1761498918283926336,[  0   0   0   0   7 209   0   0],7,264,[0. 0.],[0. 0.],Glow Plugs,283292879,1761498918,2001
1761498918396190478,[  0   0   0   0   7 209   0   0],7,264,[0. 0.],[0. 0.],Glow Plugs,395782366,1761498918,2001
1761498918487903308,[  0   0   0   0   7 209   0   0],7,264,[0. 0.],[0. 0.],Glow Plugs,487590565,1761498918,2001
1761498918641430719,[  0   0   0   0   7 209   0   0],7,264,[0. 0.],[0. 0.],Glow Plugs,641229449,1761498918,2001
1761498918713239364,[  0   0   0   0   7 209   0   0],7,264,[0. 0.],[0. 0.],Glow Plugs,713058454,1761498918,2001
1761498918795837805,[  0   0   0   0   7 209   0   0],7,264,[0. 0.],[0. 0.],Glow Plugs,795320495,1761498918,2001
1761498918887397193,[  0   0   0   0   7 209   0   0],7,264,[0. 0.],[0. 0.],Glow Plugs,887138650,1761498918,2001
1761498918999961336,[  0   0   0   0   7 209   0   0],7,264,[0. 0.],[0. 0.],Glow Plugs,999675069,1761498918,2001
1761498919091652620,[  0   0   0   0   7 209   0   0],7,264,[0. 0.],[0. 0.],Glow Plugs,91307768,1761498919,2001
1761498919203775222,[  0   0   0   0   7 209   0   0],7,264,[0. 0.],[0. 0.],Glow Plugs,203324981,1761498919,2001
1761498919295965940,[  0   0   0   0   7 209   0   0],7,264,[0. 0.],[0. 0.],Glow Plugs,295594229,1761498919,2001
1761498919397739733,[  0   0   0   0   7 209   0   0],7,264,[0. 0.],[0. 0.],Glow Plugs,397507858,1761498919,2001
1761498919489747141,[  0   0   0   0   7 209   0   0],7,264,[0. 0.],[0. 0.],Glow Plugs,489447813,1761498919,2001
1761498919643139391,[  0   0   0   0   7 209   0   0],7,264,[0. 0.],[0. 0.],Glow Plugs,642902490,1761498919,2001
1761498919715261368,[  0   0   0   0   7 209   0   0],7,264,[0. 0.],[0. 0.],Glow Plugs,714979679,1761498919,2001
1761498919807894836,[  0   0   0   0   7 209   0   0],7,264,[0. 0.],[0. 0.],Glow Plugs,807688508,1761498919,2001
1761498919889522157,[  0   0   0   0   7 209   0   0],7,264,[0. 0.],[0. 0.],Glow Plugs,889336094,1761498919,2001
1761498920002118626,[  0   0   0   0   7 209   0   0],7,264,[0. 0.],[0. 0.],Glow Plugs,1793431,1761498920,2001
1761498920094051692,[  0   0   0   0   7 209   0   0],7,264,[0. 0.],[0. 0.],Glow Plugs,93679310,1761498920,2001
1761498920206794713,[  0   0   0   0   7 209   0   0],7,264,[0. 0.],[0. 0.],Glow Plugs,206550994,1761498920,2001
1761498920299850909,[  0   0   0   0   7 209   0   0],7,264,[0. 0.],[0. 0.],Glow Plugs,299647046,1761498920,2001
1761498920402355501,[  0   0   0   0   7 209   0   0],7,264,[0. 0.],[0. 0.],Glow Plugs,402020127,1761498920,2001
1761498920494172546,[  0   0   0   0   7 209   0   0],7,264,[0. 0.],[0. 0.],Glow Plugs,493840245,1761498920,2001
1761498920647887401,[  0   0   0   0   7 209   0   0],7,264,[0. 0.],[0. 0.],Glow Plugs,647365900,1761498920,2001
1761498920719617707,[  0   0   0   0   7 209   0   0],7,264,[0. 0.],[0. 0.],Glow Plugs,719183410,1761498920,2001
1761498920811741410,[  0   0   0   0   7 209   0   0],7,264,[0. 0.],[0. 0.],Glow Plugs,811533834,1761498920,2001
1761498920893460086,[  0   0   0   0   7 209   0   0],7,264,[0. 0.],[0. 0.],Glow Plugs,893159255,1761498920,2001
1761498921005864525,[  0   0   0   0   7 209   0   0],7,264,[0. 0.],[0. 0.],Glow Plugs,5336014,1761498921,2001
1761498921097682779,[  0   0   0   0   7 209   0   0],7,264,[0. 0.],[0. 0.],Glow Plugs,97420972,1761498921,2001
1761498921209826855,[  0   0   0   0   7 209   0   0],7,264,[0. 0.],[0. 0.],Glow Plugs,209386541,1761498921,2001
1761498921302234157,[  0   0   0   0   7 209   0   0],7,264,[0. 0.],[0. 0.],Glow Plugs,301644917,1761498921,2001
1761498921414105223,[  0   0   0   0   7 209   0   0],7,264,[0. 0.],[0. 0.],Glow Plugs,413789602,1761498921,2001
1761498921495676754,[  0   0   0   0   7 209   0   0],7,264,[0. 0.],[0. 0.],Glow Plugs,495417413,1761498921,2001
1761498921649388510,[  0   0   0   0   7 209   0   0],7,264,[0. 0.],[0. 0.],Glow Plugs,649047406,1761498921,2001
1761498921721044499,[  0   0   0   0   7 209   0   0],7,264,[0. 0.],[0. 0.],Glow Plugs,720870153,1761498921,2001
1761498921813431344,[  0   0   0   0   7 209   0   0],7,264,[0. 0.],[0. 0.],Glow Plugs,813166593,1761498921,2001
1761498921905506603,[  0   0   0   0   7 209   0   0],7,264,[0. 0.],[0. 0.],Glow Plugs,905221362,1761498921,2001
1761498922007708681,[  0   0   0   0   7 209   0   0],7,264,[0. 0.],[0. 0.],Glow Plugs,7433110,1761498922,2001
1761498922099350600,[  0   0   0   0   7 209   0   0],7,264,[0. 0.],[0. 0.],Glow Plugs,99154709,1761498922,2001
1761498922211872851,[  0   0   0   0   7 209   0   0],7,264,[0. 0.],[0. 0.],Glow Plugs,211609413,1761498922,2001
1761498922303900691,[  0   0   0   0   7 209   0   0],7,264,[0. 0.],[0. 0.],Glow Plugs,303747283,1761498922,2001
1761498922416204259,[  0   0   0   0   7 209   0   0],7,264,[0. 0.],[0. 0.],Glow Plugs,415931248,1761498922,2001
1761498922508224352,[  0   0   0   0   7 209   0   0],7,264,[0. 0.],[0. 0.],Glow Plugs,507913021,1761498922,2001
1761498922651533135,[  0   0   0   0   7 209   0   0],7,264,[0. 0.],[0. 0.],Glow Plugs,651151055,1761498922,2001
1761498922723677796,[  0   0   0   0   7 209   0   0],7,264,[0. 0.],[0. 0.],Glow Plugs,723216995,1761498922,2001
1761498922816183596,[  0   0   0   0   7 209   0   0],7,264,[0. 0.],[0. 0.],Glow Plugs,815807439,1761498922,2001
1761498922907584038,[  0   0   0   0   7 209   0   0],7,264,[0. 0.],[0. 0.],Glow Plugs,907348195,1761498922,2001
1761498923020107682,[  0   0   0   0   7 209   0   0],7,264,[0. 0.],[0. 0.],Glow Plugs,19863933,1761498923,2001
1761498923102015627,[  0   0   0   0   7 209   0   0],7,264,[0. 0.],[0. 0.],Glow Plugs,101727603,1761498923,2001
1761498923214436590,[  0   0   0   0   7 209   0   0],7,264,[0. 0.],[0. 0.],Glow Plugs,214206414,1761498923,2001
1761498923307636914,[  0   0   0   0   7 209   0   0],7,264,[0. 0.],[0. 0.],Glow Plugs,307151400,1761498923,2001
1761498923419892592,[  0   0   0   0   7 209   0   0],7,264,[0. 0.],[0. 0.],Glow Plugs,419633604,1761498923,2001
1761498923511543599,[  0   0   0   0   7 209   0   0],7,264,[0. 0.],[0. 0.],Glow Plugs,511314448,1761498923,2001
1761498923655106739,[  0   0   0   0   7 209   0   0],7,264,[0. 0.],[0. 0.],Glow Plugs,654837635,1761498923,2001
1761498923726922099,[  0   0   0   0   7 209   0   0],7,264,[0. 0.],[0. 0.],Glow Plugs,726701527,1761498923,2001
1761498923819246987,[  0   0   0   0   7 209   0   0],7,264,[0. 0.],[0. 0.],Glow Plugs,818937962,1761498923,2001
1761498923910754062,[  0   0   0   0   7 209   0   0],7,264,[0. 0.],[0. 0.],Glow Plugs,910558685,1761498923,2001
1761498924023050802,[  0   0   0   0   7 209   0   0],7,264,[0. 0.],[0. 0.],Glow Plugs,22776864,1761498924,2001
1761498924104335571,[  0   0   0   0   7 209   0   0],7,264,[0. 0.],[0. 0.],Glow Plugs,104164780,1761498924,2001
1761498924216749271,[  0   0   0   0   7 209   0   0],7,264,[0. 0.],[0. 0.],Glow Plugs,216490220,1761498924,2001
1761498924310048991,[  0   0   0   0   7 209   0   0],7,264,[0. 0.],[0. 0.],Glow Plugs,309301802,1761498924,2001
1761498924421544872,[  0   0   0   0   7 209   0   0],7,264,[0. 0.],[0. 0.],Glow Plugs,421156200,1761498924,2001
1761498924513105409,[  0   0   0   0   7 209   0   0],7,264,[0. 0.],[0. 0.],Glow Plugs,512895562,1761498924,2001
1761498924667310849,[  0   0   0   0   7 209   0   0],7,264,[0. 0.],[0. 0.],Glow Plugs,666994430,1761498924,2001
1761498924739318503,[  0   0   0   0   7 209   0   0],7,264,[0. 0.],[0. 0.],Glow Plugs,739065087,1761498924,2001
1761498924821778894,[  0   0   0   0   7 209   0   0],7,264,[0. 0.],[0. 0.],Glow Plugs,821430526,1761498924,2001
1761498924913554304,[  0   0   0   0   7 209   0   0],7,264,[0. 0.],[0. 0.],Glow Plugs,913251875,1761498924,2001
1761498925025905239,[  0   0   0   0   7 209   0   0],7,264,[0. 0.],[0. 0.],Glow Plugs,25575952,1761498925,2001
1761498925108186383,[  0   0   0   0   7 209   0   0],7,264,[0. 0.],[0. 0.],Glow Plugs,107933639,1761498925,2001
1761498925220845183,[  0   0   0   0   7 209   0   0],7,264,[0. 0.],[0. 0.],Glow Plugs,220594072,1761498925,2001
1761498925312729950,[  0   0   0   0   7 209   0   0],7,264,[0. 0.],[0. 0.],Glow Plugs,312554358,1761498925,2001
1761498925425660286,[  0   0   0   0   7 209   0   0],7,264,[0. 0.],[0. 0.],Glow Plugs,425312688,1761498925,2001
1761498925518237146,[  0   0   0   0   7 209   0   0],7,264,[0. 0.],[0. 0.],Glow Plugs,517737068,1761498925,2001
1761498925661496158,[  0   0   0   0   7 209   0   0],7,264,[0. 0.],[0. 0.],Glow Plugs,661246328,1761498925,2001
1761498925734586648,[  0   0   0   0   7 209   0   0],7,264,[0. 0.],[0. 0.],Glow Plugs,734287646,1761498925,2001
1761498925827143147,[  0   0   0   0   7 209   0   0],7,264,[0. 0.],[0. 0.],Glow Plugs,826825129,1761498925,2001
1761498925919723816,[  0   0   0   0   7 209   0   0],7,264,[0. 0.],[0. 0.],Glow Plugs,919319650,1761498925,2001
1761498926022637154,[  0   0   0   0   7 209   0   0],7,264,[0. 0.],[0. 0.],Glow Plugs,22343050,1761498926,2001
1761498926114992739,[  0   0   0   0   7 209   0   0],7,264,[0. 0.],[0. 0.],Glow Plugs,114736859,1761498926,2001
1761498926227730045,[  0   0   0   0   7 209   0   0],7,264,[0. 0.],[0. 0.],Glow Plugs,227202790,1761498926,2001
1761498926319860930,[  0   0   0   0   7 209   0   0],7,264,[0. 0.],[0. 0.],Glow Plugs,319654222,1761498926,2001
1761498926432384549,[  0   0   0   0   7 209   0   0],7,264,[0. 0.],[0. 0.],Glow Plugs,432129885,1761498926,2001
1761498926514539430,[  0   0   0   0   7 209   0   0],7,264,[0. 0.],[0. 0.],Glow Plugs,514263573,1761498926,2001
1761498926668531160,[  0   0   0   0   7 209   0   0],7,264,[0. 0.],[0. 0.],Glow Plugs,668095430,1761498926,2001
1761498926741563953,[  0   0   0   0   7 209   0   0],7,264,[0. 0.],[0. 0.],Glow Plugs,740353699,1761498926,2001
1761498926832817713,[  0   0   0   0   7 209   0   0],7,264,[0. 0.],[0. 0.],Glow Plugs,832650284,1761498926,2001
1761498926915193228,[  0   0   0   0   7 209   0   0],7,264,[0. 0.],[0. 0.],Glow Plugs,914602363,1761498926,2001
1761498927027017776,[  0   0   0   0   7 209   0   0],7,264,[0. 0.],[0. 0.],Glow Plugs,26751172,1761498927,2001
1761498927119032458,[  0   0   0   0   7 209   0   0],7,264,[0. 0.],[0. 0.],Glow Plugs,118747351,1761498927,2001
1761498927231234774,[  0   0   0   0   7 209   0   0],7,264,[0. 0.],[0. 0.],Glow Plugs,230965065,1761498927,2001
1761498927323964914,[  0   0   0   0   7 209   0   0],7,264,[0. 0.],[0. 0.],Glow Plugs,323681087,1761498927,2001
1761498927436021315,[  0   0   0   0   7 209   0   0],7,264,[0. 0.],[0. 0.],Glow Plugs,435761113,1761498927,2001
1761498927517723115,[  0   0   0   0   7 209   0   0],7,264,[0. 0.],[0. 0.],Glow Plugs,517458368,1761498927,2001
1761498927671859730,[  0   0   0   0   7 209   0   0],7,264,[0. 0.],[0. 0.],Glow Plugs,671393493,1761498927,2001
1761498927743824914,[  0   0   0   0   7 209   0   0],7,264,[0. 0.],[0. 0.],Glow Plugs,743557190,1761498927,2001
1761498927836113019,[  0   0   0   0   7 209   0   0],7,264,[0. 0.],[0. 0.],Glow Plugs,835874779,1761498927,2001
1761498927928125909,[  0   0   0   0   7 209   0   0],7,264,[0. 0.],[0. 0.],Glow Plugs,927813238,1761498927,2001
1761498928030355055,[  0   0   0   0   7 209   0   0],7,264,[0. 0.],[0. 0.],Glow Plugs,30058360,1761498928,2001
1761498928121849630,[  0   0   0   0   7 209   0   0],7,264,[0. 0.],[0. 0.],Glow Plugs,121610654,1761498928,2001
1761498928234061629,[  0   0   0   0   7 209   0   0],7,264,[0. 0.],[0. 0.],Glow Plugs,233766950,1761498928,2001
1761498928325495219,[  0   0   0   0   7 209   0   0],7,264,[0. 0.],[0. 0.],Glow Plugs,325297475,1761498928,2001
1761498928438388516,[  0   0   0   0   7 209   0   0],7,264,[0. 0.],[0. 0.],Glow Plugs,438091564,1761498928,2001
1761498928522797327,[  0   0   0   0   7 209   0   0],7,264,[0. 0.],[0. 0.],Glow Plugs,522257878,1761498928,2001
1761498928675942308,[  0   0   0   0   7 209   0   0],7,264,[0. 0.],[0. 0.],Glow Plugs,675709446,1761498928,2001
1761498928748029426,[  0   0   0   0   7 209   0   0],7,264,[0. 0.],[0. 0.],Glow Plugs,747793043,1761498928,2001
1761498928841621676,[  0   0   0   0   7 209   0   0],7,264,[0. 0.],[0. 0.],Glow Plugs,841403957,1761498928,2001
1761498928923261022,[  0   0   0   0   7 209   0   0],7,264,[0. 0.],[0. 0.],Glow Plugs,923034915,1761498928,2001
1761498929035195159,[  0   0   0   0   7 209   0   0],7,264,[0. 0.],[0. 0.],Glow Plugs,34969213,1761498929,2001
1761498929127054144,[  0   0   0   0   7 209   0   0],7,264,[0. 0.],[0. 0.],Glow Plugs,126795577,1761498929,2001
1761498929239581038,[  0   0   0   0   7 209   0   0],7,264,[0. 0.],[0. 0.],Glow Plugs,239037909,1761498929,2001
1761498929331102673,[  0   0   0   0   7 209   0   0],7,264,[0. 0.],[0. 0.],Glow Plugs,330804186,1761498929,2001
1761498929443456474,[  0   0   0   0   7 209   0   0],7,264,[0. 0.],[0. 0.],Glow Plugs,443025101,1761498929,2001
1761498929525060865,[  0   0   0   0   7 209   0   0],7,264,[0. 0.],[0. 0.],Glow Plugs,524839560,1761498929,2001
1761498929678951747,[  0   0   0   0   7 209   0   0],7,264,[0. 0.],[0. 0.],Glow Plugs,678622303,1761498929,2001
1761498929751178213,[  0   0   0   0   7 209   0   0],7,264,[0. 0.],[0. 0.],Glow Plugs,750906745,1761498929,2001
1761498929843124210,[  0   0   0   0   7 209   0   0],7,264,[0. 0.],[0. 0.],Glow Plugs,842852453,1761498929,2001
1761498929934998497,[  0   0   0   0   7 209   0   0],7,264,[0. 0.],[0. 0.],Glow Plugs,934736985,1761498929,2001
1761498930037018446,[  0   0   0   0   7 209   0   0],7,264,[0. 0.],[0. 0.],Glow Plugs,36778287,1761498930,2001
1761498930129342586,[  0   0   0   0   7 209   0   0],7,264,[0. 0.],[0. 0.],Glow Plugs,128813416,1761498930,2001
1761498930241716190,[  0   0   0   0   7 209   0   0],7,264,[0. 0.],[0. 0.],Glow Plugs,241221658,1761498930,2001
1761498930333704261,[  0   0   0   0   7 209   0   0],7,264,[0. 0.],[0. 0.],Glow Plugs,333364991,1761498930,2001
1761498930445852240,[  0   0   0   0   7 209   0   0],7,264,[0. 0.],[0. 0.],Glow Plugs,445518635,1761498930,2001
1761498930537814924,[  0   0   0   0   7 209   0   0],7,264,[0. 0.],[0. 0.],Glow Plugs,537541760,1761498930,2001
1761498930681059568,[  0   0   0   0   7 209   0   0],7,264,[0. 0.],[0. 0.],Glow Plugs,680612607,1761498930,2001
1761498930753198671,[  0   0   0   0   7 209   0   0],7,264,[0. 0.],[0. 0.],Glow Plugs,752791469,1761498930,2001
1761498930845115674,[  0   0   0   0   7 209   0   0],7,264,[0. 0.],[0. 0.],Glow Plugs,844954265,1761498930,2001
1761498930937090651,[  0   0   0   0   7 209   0   0],7,264,[0. 0.],[0. 0.],Glow Plugs,936814990,1761498930,2001
1761498931049281341,[  0   0   0   0   7 209   0   0],7,264,[0. 0.],[0. 0.],Glow Plugs,49135619,1761498931,2001
1761498931131119629,[  0   0   0   0   7 209   0   0],7,264,[0. 0.],[0. 0.],Glow Plugs,130813876,1761498931,2001
1761498931243190127,[  0   0   0   0   7 209   0   0],7,264,[0. 0.],[0. 0.],Glow Plugs,242951793,1761498931,2001
1761498931335908898,[  0   0   0   0   7 209   0   0],7,264,[0. 0.],[0. 0.],Glow Plugs,335717558,1761498931,2001
1761498931448954884,[  0   0   0   0   7 209   0   0],7,264,[0. 0.],[0. 0.],Glow Plugs,448623970,1761498931,2001
1761498931541038525,[  0   0   0   0   7 209   0   0],7,264,[0. 0.],[0. 0.],Glow Plugs,540672909,1761498931,2001
1761498931684321331,[  0   0   0   0   7 209   0   0],7,264,[0. 0.],[0. 0.],Glow Plugs,684018556,1761498931,2001
1761498931756516136,[  0   0   0   0   7 209   0   0],7,264,[0. 0.],[0. 0.],Glow Plugs,756084958,1761498931,2001
1761498931848269759,[  0   0   0   0   7 209   0   0],7,264,[0. 0.],[0. 0.],Glow Plugs,847985422,1761498931,2001
1761498931940785345,[  0   0   0   0   7 209   0   0],7,264,[0. 0.],[0. 0.],Glow Plugs,940044317,1761498931,2001
1761498932052908822,[  0   0   0   0   7 209   0   0],7,264,[0. 0.],[0. 0.],Glow Plugs,52500502,1761498932,2001
1761498932134699420,[  0   0   0   0   7 209   0   0],7,264,[0. 0.],[0. 0.],Glow Plugs,134199864,1761498932,2001
1761498932246725509,[  0   0   0   0   7 209   0   0],7,264,[0. 0.],[0. 0.],Glow Plugs,246472674,1761498932,2001
1761498932338688411,[  0   0   0   0   7 209   0   0],7,264,[0. 0.],[0. 0.],Glow Plugs,338465412,1761498932,2001
1761498932450823535,[  0   0   0   0   7 209   0   0],7,264,[0. 0.],[0. 0.],Glow Plugs,450561961,1761498932,2001
1761498932545616570,[  0   0   0   0   7 209   0   0],7,264,[0. 0.],[0. 0.],Glow Plugs,544008453,1761498932,2001
1761498932687381028,[  0   0   0   0   7 209   0   0],7,264,[0. 0.],[0. 0.],Glow Plugs,687159278,1761498932,2001
1761498932761829774,[  0   0   0   0   7 209   0   0],7,264,[0. 0.],[0. 0.],Glow Plugs,761422255,1761498932,2001
1761498932854547693,[  0   0   0   0   7 209   0   0],7,264,[0. 0.],[0. 0.],Glow Plugs,854309936,1761498932,2001
1761498932947448018,[  0   0   0   0   7 209   0   0],7,264,[0. 0.],[0. 0.],Glow Plugs,947143803,1761498932,2001
1761498933049937450,[  0   0   0   0 255 227   0   0],7,264,[0. 0.],[0. 0.],Glow Plugs,49681063,1761498933,-29
1761498933142092027,[  0   0   0   0 255 227   0   0],7,264,[0. 0.],[0. 0.],Glow Plugs,141782275,1761498933,-29
1761498933254391722,[  0   0   0   0 255 227   0   0],7,264,[0. 0.],[0. 0.],Glow Plugs,254039137,1761498933,-29
1761498933346549244,[  0   0   0   0 255 227   0   0],7,264,[0. 0.],[0. 0.],Glow Plugs,346174570,1761498933,-29
1761498933458918118,[  0   0   0   0 255 227   0   0],7,264,[0. 0.],[0. 0.],Glow Plugs,458647260,1761498933,-29
1761498933540663108,[  0   0   0   0 255 227   0   0],7,264,[0. 0.],[0. 0.],Glow Plugs,540443278,1761498933,-29
1761498933694538500,[  0   0   0   0 255 227   0   0],7,264,[0. 0.],[0. 0.],Glow Plugs,694243473,1761498933,-29
1761498933766928042,[  0   0   0   0 255 227   0   0],7,264,[0. 0.],[0. 0.],Glow Plugs,766588646,1761498933,-29
1761498933862863193,[  0   0   0   0 255 227   0   0],7,264,[0. 0.],[0. 0.],Glow Plugs,862504494,1761498933,-29
1761498933944778394,[  0   0   0   0 255 227   0   0],7,264,[0. 0.],[0. 0.],Glow Plugs,944523767,1761498933,-29
1761498934057125306,[  0   0   0   0 255 227   0   0],7,264,[0. 0.],[0. 0.],Glow Plugs,56858835,1761498934,-29
1761498934148826957,[  0   0   0   0 255 227   0   0],7,264,[0. 0.],[0. 0.],Glow Plugs,148667055,1761498934,-29
1761498934261426509,[  0   0   0   0 255 227   0   0],7,264,[0. 0.],[0. 0.],Glow Plugs,261010988,1761498934,-29
1761498934343928667,[  0   0   0   0 255 227   0   0],7,264,[0. 0.],[0. 0.],Glow Plugs,342979757,1761498934,-29
1761498934456576110,[  0   0   0   0 255 227   0   0],7,264,[0. 0.],[0. 0.],Glow Plugs,456340050,1761498934,-29
1761498934550336988,[  0   0   0   0 255 227   0   0],7,264,[0. 0.],[0. 0.],Glow Plugs,549613124,1761498934,-29
1761498934704202793,[  0   0   0   0 255 227   0   0],7,264,[0. 0.],[0. 0.],Glow Plugs,703889008,1761498934,-29
1761498934777115774,[  0   0   0   0 255 227   0   0],7,264,[0. 0.],[0. 0.],Glow Plugs,776561415,1761498934,-29
1761498934859397687,[  0   0   0   0 255 227   0   0],7,264,[0. 0.],[0. 0.],Glow Plugs,859225685,1761498934,-29
1761498934951615505,[  0   0   0   0 255 227   0   0],7,264,[0. 0.],[0. 0.],Glow Plugs,951209813,1761498934,-29
1761498935063623388,[  0   0   0   0 255 227   0   0],7,264,[0. 0.],[0. 0.],Glow Plugs,63312260,1761498935,-29
1761498935145367475,[  0   0   0   0 255 227   0   0],7,264,[0. 0.],[0. 0.],Glow Plugs,145086760,1761498935,-29
1761498935257775464,[  0   0   0   0 255 227   0   0],7,264,[0. 0.],[0. 0.],Glow Plugs,257524839,1761498935,-29
1761498935350125991,[  0   0   0   0 255 227   0   0],7,264,[0. 0.],[0. 0.],Glow Plugs,349734129,1761498935,-29
1761498935464440664,[  0   0   0   0 255 227   0   0],7,264,[0. 0.],[0. 0.],Glow Plugs,463993388,1761498935,-29
1761498935556450196,[  0   0   0   0 255 227   0   0],7,264,[0. 0.],[0. 0.],Glow Plugs,556239812,1761498935,-29
1761498935700219505,[  0   0   0   0 255 227   0   0],7,264,[0. 0.],[0. 0.],Glow Plugs,699972242,1761498935,-29
1761498935772257754,[  0   0   0   0 255 227   0   0],7,264,[0. 0.],[0. 0.],Glow Plugs,771910197,1761498935,-29
1761498935864293697,[  0   0   0   0 255 227   0   0],7,264,[0. 0.],[0. 0.],Glow Plugs,864105209,1761498935,-29
1761498935956760782,[  0   0   0   0 255 227   0   0],7,264,[0. 0.],[0. 0.],Glow Plugs,956444788,1761498935,-29
1761498936058726412,[  0   0   0   0 255 227   0   0],7,264,[0. 0.],[0. 0.],Glow Plugs,58460326,1761498936,-29
1761498936150541235,[  0   0   0   0 255 227   0   0],7,264,[0. 0.],[0. 0.],Glow Plugs,150305817,1761498936,-29
1761498936262883951,[  0   0   0   0 255 227   0   0],7,264,[0. 0.],[0. 0.],Glow Plugs,262533450,1761498936,-29
1761498936355020594,[  0   0   0   0 255 227   0   0],7,264,[0. 0.],[0. 0.],Glow Plugs,354441045,1761498936,-29
1761498936467045301,[  0   0   0   0 255 227   0   0],7,264,[0. 0.],[0. 0.],Glow Plugs,466723482,1761498936,-29
1761498936559006612,[  0   0   0   0 255 227   0   0],7,264,[0. 0.],[0. 0.],Glow Plugs,558673749,1761498936,-29
1761498936702042538,[  0   0   0   0 255 227   0   0],7,264,[0. 0.],[0. 0.],Glow Plugs,701779526,1761498936,-29
1761498936773914588,[  0   0   0   0 255 227   0   0],7,264,[0. 0.],[0. 0.],Glow Plugs,773578780,1761498936,-29
1761498936866298109,[  0   0   0   0 255 227   0   0],7,264,[0. 0.],[0. 0.],Glow Plugs,865954938,1761498936,-29
1761498936957963211,[  0   0   0   0 255 227   0   0],7,264,[0. 0.],[0. 0.],Glow Plugs,957555087,1761498936,-29
1761498937070186545,[  0   0   0   0 255 227   0   0],7,264,[0. 0.],[0. 0.],Glow Plugs,69889632,1761498937,-29
1761498937152429510,[  0   0   0   0 255 227   0   0],7,264,[0. 0.],[0. 0.],Glow Plugs,152196493,1761498937,-29
1761498937265353890,[  0   0   0   0 255 227   0   0],7,264,[0. 0.],[0. 0.],Glow Plugs,264931394,1761498937,-29
1761498937357895348,[  0   0   0   0 255 227   0   0],7,264,[0. 0.],[0. 0.],Glow Plugs,357302003,1761498937,-29
1761498937470154612,[  0   0   0   0 255 227   0   0],7,264,[0. 0.],[0. 0.],Glow Plugs,469600578,1761498937,-29
1761498937561778667,[  0   0   0   0 255 227   0   0],7,264,[0. 0.],[0. 0.],Glow Plugs,561504291,1761498937,-29
1761498937715227551,[  0   0   0   0 255 227   0   0],7,264,[0. 0.],[0. 0.],Glow Plugs,714938642,1761498937,-29
1761498937787802181,[  0   0   0   0 255 227   0   0],7,264,[0. 0.],[0. 0.],Glow Plugs,787284193,1761498937,-29
1761498937869966748,[  0   0   0   0 255 227   0   0],7,264,[0. 0.],[0. 0.],Glow Plugs,869554144,1761498937,-29
1761498937961967938,[  0   0   0   0 255 227   0   0],7,264,[0. 0.],[0. 0.],Glow Plugs,961692281,1761498937,-29
1761498938074188417,[  0   0   0   0 255 227   0   0],7,264,[0. 0.],[0. 0.],Glow Plugs,73944069,1761498938,-29
1761498938156164803,[  0   0   0   0 255 227   0   0],7,264,[0. 0.],[0. 0.],Glow Plugs,155732256,1761498938,-29
1761498938268139838,[  0   0   0   0 255 227   0   0],7,264,[0. 0.],[0. 0.],Glow Plugs,267918443,1761498938,-29
1761498938360002664,[  0   0   0   0 255 227   0   0],7,264,[0. 0.],[0. 0.],Glow Plugs,359823461,1761498938,-29
1761498938472391263,[  0   0   0   0 255 227   0   0],7,264,[0. 0.],[0. 0.],Glow Plugs,472082795,1761498938,-29
1761498938564873906,[  0   0   0   0 255 227   0   0],7,264,[0. 0.],[0. 0.],Glow Plugs,564592232,1761498938,-29
1761498938719440458,[  0   0   0   0 255 227   0   0],7,264,[0. 0.],[0. 0.],Glow Plugs,719147003,1761498938,-29
1761498938792370911,[  0   0   0   0 255 227   0   0],7,264,[0. 0.],[0. 0.],Glow Plugs,792097176,1761498938,-29
1761498938874905811,[  0   0   0   0 255 227   0   0],7,264,[0. 0.],[0. 0.],Glow Plugs,874359333,1761498938,-29
1761498938967097721,[  0   0   0   0 255 227   0   0],7,264,[0. 0.],[0. 0.],Glow Plugs,966783971,1761498938,-29
1761498939079842423,[  0   0   0   0 255 227   0   0],7,264,[0. 0.],[0. 0.],Glow Plugs,79385100,1761498939,-29
1761498939161656944,[  0   0   0   0 255 227   0   0],7,264,[0. 0.],[0. 0.],Glow Plugs,161379592,1761498939,-29
1761498939275034912,[  0   0   0   0 255 227   0   0],7,264,[0. 0.],[0. 0.],Glow Plugs,274667959,1761498939,-29
1761498939366614171,[  0   0   0   0 255 227   0   0],7,264,[0. 0.],[0. 0.],Glow Plugs,366325615,1761498939,-29
1761498939480182963,[  0   0   0   0 255 227   0   0],7,264,[0. 0.],[0. 0.],Glow Plugs,479935350,1761498939,-29
1761498939562883831,[  0   0   0   0 255 227   0   0],7,264,[0. 0.],[0. 0.],Glow Plugs,562299196,1761498939,-29
1761498939716756233,[  0   0   0   0 255 227   0   0],7,264,[0. 0.],[0. 0.],Glow Plugs,716408551,1761498939,-29
1761498939789552022,[  0   0   0   0 255 227   0   0],7,264,[0. 0.],[0. 0.],Glow Plugs,789294198,1761498939,-29
1761498939881937407,[  0   0   0   0 255 227   0   0],7,264,[0. 0.],[0. 0.],Glow Plugs,881602082,1761498939,-29
1761498939963977068,[  0   0   0   0 255 227   0   0],7,264,[0. 0.],[0. 0.],Glow Plugs,963511230,1761498939,-29
1761498940076033242,[  0   0   0   0 255 227   0   0],7,264,[0. 0.],[0. 0.],Glow Plugs,75740718,1761498940,-29
1761498940168117006,[  0   0   0   0 255 227   0   0],7,264,[0. 0.],[0. 0.],Glow Plugs,167940941,1761498940,-29
1761498940280790304,[  0   0   0   0 255 227   0   0],7,264,[0. 0.],[0. 0.],Glow Plugs,280455044,1761498940,-29
1761498940372495271,[  0   0   0   0 255 227   0   0],7,264,[0. 0.],[0. 0.],Glow Plugs,372267923,1761498940,-29
1761498940475188543,[  0   0   0   0 255 227   0   0],7,264,[0. 0.],[0. 0.],Glow Plugs,474697321,1761498940,-29
1761498940567152326,[  0   0   0   0 255 227   0   0],7,264,[0. 0.],[0. 0.],Glow Plugs,566831119,1761498940,-29
1761498940720739154,[  0   0   0   0 255 227   0   0],7,264,[0. 0.],[0. 0.],Glow Plugs,720533798,1761498940,-29
1761498940793207729,[  0   0   0   0 255 227   0   0],7,264,[0. 0.],[0. 0.],Glow Plugs,793000965,1761498940,-29
1761498940885759635,[  0   0   0   0 255 227   0   0],7,264,[0. 0.],[0. 0.],Glow Plugs,885487918,1761498940,-29
1761498940967582533,[  0   0   0   0 255 227   0   0],7,264,[0. 0.],[0. 0.],Glow Plugs,967162729,1761498940,-29
1761498941080114182,[  0   0   0   0 255 227   0   0],7,264,[0. 0.],[0. 0.],Glow Plugs,79885425,1761498941,-29
1761498941172265136,[  0   0   0   0 255 227   0   0],7,264,[0. 0.],[0. 0.],Glow Plugs,171963873,1761498941,-29
1761498941285010536,[  0   0   0   0 255 227   0   0],7,264,[0. 0.],[0. 0.],Glow Plugs,284649635,1761498941,-29
1761498941376932030,[  0   0   0   0 255 227   0   0],7,264,[0. 0.],[0. 0.],Glow Plugs,376694150,1761498941,-29
1761498941479386018,[  0   0   0   0 255 227   0   0],7,264,[0. 0.],[0. 0.],Glow Plugs,479103385,1761498941,-29
1761498941571803182,[  0   0   0   0 255 227   0   0],7,264,[0. 0.],[0. 0.],Glow Plugs,571108622,1761498941,-29
1761498941725466525,[  0   0   0   0 255 227   0   0],7,264,[0. 0.],[0. 0.],Glow Plugs,725219874,1761498941,-29
1761498941797538648,[  0   0   0   0 255 227   0   0],7,264,[0. 0.],[0. 0.],Glow Plugs,797355477,1761498941,-29
1761498941889744535,[  0   0   0   0 255 227   0   0],7,264,[0. 0.],[0. 0.],Glow Plugs,889516291,1761498941,-29
1761498941971732573,[  0   0   0   0 255 227   0   0],7,264,[0. 0.],[0. 0.],Glow Plugs,971213309,1761498941,-29
1761498942083881941,[  0   0   0   0 255 227   0   0],7,264,[0. 0.],[0. 0.],Glow Plugs,83670279,1761498942,-29
1761498942176328523,[  0   0   0   0 255 227   0   0],7,264,[0. 0.],[0. 0.],Glow Plugs,176016441,1761498942,-29
1761498942288990514,[  0   0   0   0 255 227   0   0],7,264,[0. 0.],[0. 0.],Glow Plugs,288686402,1761498942,-29
1761498942380750605,[  0   0   0   0 255 227   0   0],7,264,[0. 0.],[0. 0.],Glow Plugs,380534622,1761498942,-29
1761498942483457491,[  0   0   0   0 255 227   0   0],7,264,[0. 0.],[0. 0.],Glow Plugs,482955579,1761498942,-29
1761498942575646219,[  0   0   0   0 255 227   0   0],7,264,[0. 0.],[0. 0.],Glow Plugs,575151798,1761498942,-29
1761498942729097718,[  0   0   0   0 255 227   0   0],7,264,[0. 0.],[0. 0.],Glow Plugs,728919348,1761498942,-29
1761498942801728078,[  0   0   0   0 255 227   0   0],7,264,[0. 0.],[0. 0.],Glow Plugs,801392307,1761498942,-29
1761498942883948033,[  0   0   0   0 255 227   0   0],7,264,[0. 0.],[0. 0.],Glow Plugs,883410492,1761498942,-29
1761498942976028817,[  0   0   0   0 255 227   0   0],7,264,[0. 0.],[0. 0.],Glow Plugs,975683187,1761498942,-29
1761498943088082669,[  0   0   0   0 255 227   0   0],7,264,[0. 0.],[0. 0.],Glow Plugs,87879042,1761498943,-29
1761498943180311636,[  0   0   0   0 255 227   0   0],7,264,[0. 0.],[0. 0.],Glow Plugs,180019882,1761498943,-29
1761498943294706562,[  0   0   0   0 255 227   0   0],7,264,[0. 0.],[0. 0.],Glow Plugs,294374665,1761498943,-29
1761498943376982722,[  0   0   0   0 255 227   0   0],7,264,[0. 0.],[0. 0.],Glow Plugs,376567179,1761498943,-29
1761498943488825454,[  0   0   0   0 255 227   0   0],7,264,[0. 0.],[0. 0.],Glow Plugs,488635305,1761498943,-29
1761498943581228213,[  0   0   0   0 255 246   0   0],7,264,[0. 0.],[0. 0.],Glow Plugs,580982108,1761498943,-10
1761498943734804090,[  0   0   0   0 255 246   0   0],7,264,[0. 0.],[0. 0.],Glow Plugs,734489832,1761498943,-10
1761498943807260260,[  0   0   0   0 255 246   0   0],7,264,[0. 0.],[0. 0.],Glow Plugs,806928587,1761498943,-10
1761498943889025162,[  0   0   0   0 255 246   0   0],7,264,[0. 0.],[0. 0.],Glow Plugs,888851115,1761498943,-10
1761498943981043653,[  0   0   0   0 255 246   0   0],7,264,[0. 0.],[0. 0.],Glow Plugs,980748826,1761498943,-10
1761498944093792098,[  0   0   0   0 255 246   0   0],7,264,[0. 0.],[0. 0.],Glow Plugs,93387408,1761498944,-10
1761498944185712894,[  0   0   0   0 255 246   0   0],7,264,[0. 0.],[0. 0.],Glow Plugs,185375492,1761498944,-10
1761498944299068673,[  0   0   0   0 255 246   0   0],7,264,[0. 0.],[0. 0.],Glow Plugs,298353374,1761498944,-10
1761498944381244215,[  0   0   0   0 255 246   0   0],7,264,[0. 0.],[0. 0.],Glow Plugs,380740641,1761498944,-10
1761498944493223433,[  0   0   0   0 255 246   0   0],7,264,[0. 0.],[0. 0.],Glow Plugs,492951782,1761498944,-10
1761498944585283702,[  0   0   0   0 255 246   0   0],7,264,[0. 0.],[0. 0.],Glow Plugs,585078796,1761498944,-10
1761498944739369027,[  0   0   0   0 255 246   0   0],7,264,[0. 0.],[0. 0.],Glow Plugs,738933254,1761498944,-10
1761498944812208041,[  0   0   0   0 255 246   0   0],7,264,[0. 0.],[0. 0.],Glow Plugs,811924739,1761498944,-10
1761498944894770796,[  0   0   0   0 255 246   0   0],7,264,[0. 0.],[0. 0.],Glow Plugs,894445847,1761498944,-10
1761498944988051955,[  0   0   0   0 255 246   0   0],7,264,[0. 0.],[0. 0.],Glow Plugs,987361338,1761498944,-10
1761498945099996380,[  0   0   0   0 255 246   0   0],7,264,[0. 0.],[0. 0.],Glow Plugs,99827007,1761498945,-10
1761498945182074508,[  0   0   0   0 255 246   0   0],7,264,[0. 0.],[0. 0.],Glow Plugs,181824754,1761498945,-10
1761498945294930126,[  0   0   0   0 255 246   0   0],7,264,[0. 0.],[0. 0.],Glow Plugs,294444607,1761498945,-10
1761498945386586927,[  0   0   0   0 255 246   0   0],7,264,[0. 0.],[0. 0.],Glow Plugs,386324529,1761498945,-10
1761498945498590239,[  0   0   0   0 255 246   0   0],7,264,[0. 0.],[0. 0.],Glow Plugs,498328705,1761498945,-10
1761498945590637005,[  0   0   0   0 255 246   0   0],7,264,[0. 0.],[0. 0.],Glow Plugs,590388819,1761498945,-10
1761498945744217173,[  0   0   0   0 255 246   0   0],7,264,[0. 0.],[0. 0.],Glow Plugs,743967068,1761498945,-10
1761498945816885073,[  0   0   0   0 255 246   0   0],7,264,[0. 0.],[0. 0.],Glow Plugs,816593576,1761498945,-10
1761498945899045407,[  0   0   0   0 255 246   0   0],7,264,[0. 0.],[0. 0.],Glow Plugs,898762393,1761498945,-10
1761498945991113524,[  0   0   0   0 255 246   0   0],7,264,[0. 0.],[0. 0.],Glow Plugs,990762134,1761498945,-10
1761498946104392585,[  0   0   0   0 255 246   0   0],7,264,[0. 0.],[0. 0.],Glow Plugs,103922721,1761498946,-10
1761498946185359435,[  0   0   0   0 255 246   0   0],7,264,[0. 0.],[0. 0.],Glow Plugs,185104368,1761498946,-10
1761498946297654490,[  0   0   0   0 255 246   0   0],7,264,[0. 0.],[0. 0.],Glow Plugs,297466391,1761498946,-10
1761498946390202305,[  0   0   0   0 255 246   0   0],7,264,[0. 0.],[0. 0.],Glow Plugs,389889810,1761498946,-10
1761498946502140657,[  0   0   0   0 255 246   0   0],7,264,[0. 0.],[0. 0.],Glow Plugs,501831299,1761498946,-10
1761498946594247867,[  0   0   0   0 255 246   0   0],7,264,[0. 0.],[0. 0.],Glow Plugs,593782709,1761498946,-10
1761498946748295872,[  0   0   0   0 255 246   0   0],7,264,[0. 0.],[0. 0.],Glow Plugs,747932927,1761498946,-10
1761498946820539641,[  0   0   0   0 255 246   0   0],7,264,[0. 0.],[0. 0.],Glow Plugs,820352598,1761498946,-10
1761498946903130846,[  0   0   0   0 255 246   0   0],7,264,[0. 0.],[0. 0.],Glow Plugs,902721356,1761498946,-10
1761498946995165710,[  0   0   0   0 255 246   0   0],7,264,[0. 0.],[0. 0.],Glow Plugs,994845596,1761498946,-10
1761498947108198448,[  0   0   0   0 255 246   0   0],7,264,[0. 0.],[0. 0.],Glow Plugs,107873308,1761498947,-10
1761498947189976531,[  0   0   0   0 255 246   0   0],7,264,[0. 0.],[0. 0.],Glow Plugs,189683243,1761498947,-10
1761498947303097312,[  0   0   0   0 255 246   0   0],7,264,[0. 0.],[0. 0.],Glow Plugs,302698483,1761498947,-10
1761498947395235614,[  0   0   0   0 255 246   0   0],7,264,[0. 0.],[0. 0.],Glow Plugs,394994920,1761498947,-10
1761498947508281904,[  0   0   0   0 255 246   0   0],7,264,[0. 0.],[0. 0.],Glow Plugs,507703331,1761498947,-10
1761498947600060654,[  0   0   0   0 255 246   0   0],7,264,[0. 0.],[0. 0.],Glow Plugs,599691147,1761498947,-10
1761498947743394131,[  0   0   0   0 255 246   0   0],7,264,[0. 0.],[0. 0.],Glow Plugs,743052026,1761498947,-10
1761498947815989599,[  0   0   0   0 255 246   0   0],7,264,[0. 0.],[0. 0.],Glow Plugs,815639843,1761498947,-10
1761498947908295224,[  0   0   0   0 255 246   0   0],7,264,[0. 0.],[0. 0.],Glow Plugs,907987531,1761498947,-10
1761498948000345910,[  0   0   0   0 255 246   0   0],7,264,[0. 0.],[0. 0.],Glow Plugs,999962958,1761498947,-10
1761498948113320368,[  0   0   0   0 255 246   0   0],7,264,[0. 0.],[0. 0.],Glow Plugs,112969236,1761498948,-10
1761498948195093556,[  0   0   0   0 255 246   0   0],7,264,[0. 0.],[0. 0.],Glow Plugs,194794826,1761498948,-10
1761498948307537323,[  0   0   0   0 255 246   0   0],7,264,[0. 0.],[0. 0.],Glow Plugs,307144353,1761498948,-10
1761498948399196906,[  0   0   0   0 255 246   0   0],7,264,[0. 0.],[0. 0.],Glow Plugs,398927723,1761498948,-10
1761498948511845769,[  0   0   0   0 255 246   0   0],7,264,[0. 0.],[0. 0.],Glow Plugs,511233170,1761498948,-10
1761498948603933919,[  0   0   0   0 255 246   0   0],7,264,[0. 0.],[0. 0.],Glow Plugs,603371641,1761498948,-10
1761498948747195934,[  0   0   0   0 255 246   0   0],7,264,[0. 0.],[0. 0.],Glow Plugs,746688235,1761498948,-10
1761498948819557423,[  0   0   0   0 255 246   0   0],7,264,[0. 0.],[0. 0.],Glow Plugs,819191246,1761498948,-10
1761498948911779571,[  0   0   0   0 255 246   0   0],7,264,[0. 0.],[0. 0.],Glow Plugs,911414771,1761498948,-10
1761498949003616592,[  0   0   0   0 255 246   0   0],7,264,[0. 0.],[0. 0.],Glow Plugs,3289149,1761498949,-10
1761498949116097649,[  0   0   0   0 255 246   0   0],7,264,[0. 0.],[0. 0.],Glow Plugs,115842264,1761498949,-10
1761498949197471949,[  0   0   0   0 255 246   0   0],7,264,[0. 0.],[0. 0.],Glow Plugs,197288621,1761498949,-10
1761498949310520149,[  0   0   0   0 255 246   0   0],7,264,[0. 0.],[0. 0.],Glow Plugs,309947661,1761498949,-10
1761498949402077500,[  0   0   0   0 255 246   0   0],7,264,[0. 0.],[0. 0.],Glow Plugs,401659434,1761498949,-10
1761498949514407529,[  0   0   0   0 255 246   0   0],7,264,[0. 0.],[0. 0.],Glow Plugs,514194942,1761498949,-10
1761498949606789136,[  0   0   0   0 255 246   0   0],7,264,[0. 0.],[0. 0.],Glow Plugs,606519346,1761498949,-10
1761498949751798056,[  0   0   0   0 255 246   0   0],7,264,[0. 0.],[0. 0.],Glow Plugs,751197430,1761498949,-10
1761498949823993880,[  0   0   0   0 255 246   0   0],7,264,[0. 0.],[0. 0.],Glow Plugs,823810648,1761498949,-10
1761498949916688078,[  0   0   0   0 255 246   0   0],7,264,[0. 0.],[0. 0.],Glow Plugs,916308361,1761498949,-10
1761498950008453106,[  0   0   0   0 255 246   0   0],7,264,[0. 0.],[0. 0.],Glow Plugs,8216480,1761498950,-10
1761498950111381849,[  0   0   0   0 255 246   0   0],7,264,[0. 0.],[0. 0.],Glow Plugs,111091572,1761498950,-10
1761498950203926054,[  0   0   0   0 255 246   0   0],7,264,[0. 0.],[0. 0.],Glow Plugs,203671822,1761498950,-10
1761498950316808402,[  0   0   0   0 255 246   0   0],7,264,[0. 0.],[0. 0.],Glow Plugs,316440818,1761498950,-10
1761498950408712608,[  0   0   0   0 255 246   0   0],7,264,[0. 0.],[0. 0.],Glow Plugs,408507225,1761498950,-10
1761498950521229132,[  0   0   0   0 255 246   0   0],7,264,[0. 0.],[0. 0.],Glow Plugs,520997852,1761498950,-10
1761498950603093624,[  0   0   0   0 255 246   0   0],7,264,[0. 0.],[0. 0.],Glow Plugs,602845282,1761498950,-10
1761498950757214052,[  0   0   0   0 255 246   0   0],7,264,[0. 0.],[0. 0.],Glow Plugs,756721049,1761498950,-10
1761498950829413264,[  0   0   0   0 255 246   0   0],7,264,[0. 0.],[0. 0.],Glow Plugs,829097923,1761498950,-10
1761498950921658485,[  0   0   0   0 255 246   0   0],7,264,[0. 0.],[0. 0.],Glow Plugs,921283507,1761498950,-10
1761498951004860847,[  0   0   0   0 255 246   0   0],7,264,[0. 0.],[0. 0.],Glow Plugs,4200043,1761498951,-10
1761498951116913980,[  0   0   0   0 255 246   0   0],7,264,[0. 0.],[0. 0.],Glow Plugs,116643775,1761498951,-10
1761498951208980274,[  0   0   0   0 255 246   0   0],7,264,[0. 0.],[0. 0.],Glow Plugs,208751843,1761498951,-10
1761498951321597922,[  0   0   0   0 255 246   0   0],7,264,[0. 0.],[0. 0.],Glow Plugs,321318081,1761498951,-10
1761498951413428806,[  0   0   0   0 255 246   0   0],7,264,[0. 0.],[0. 0.],Glow Plugs,413188435,1761498951,-10
1761498951515505597,[  0   0   0   0 255 246   0   0],7,264,[0. 0.],[0. 0.],Glow Plugs,515267083,1761498951,-10
1761498951607848435,[  0   0   0   0 255 246   0   0],7,264,[0. 0.],[0. 0.],Glow Plugs,607510750,1761498951,-10
1761498951762177929,[  0   0   0   0 255 246   0   0],7,264,[0. 0.],[0. 0.],Glow Plugs,761855577,1761498951,-10
1761498951834332674,[  0   0   0   0 255 246   0   0],7,264,[0. 0.],[0. 0.],Glow Plugs,833979175,1761498951,-10
1761498951926588697,[  0   0   0   0 255 246   0   0],7,264,[0. 0.],[0. 0.],Glow Plugs,926148705,1761498951,-10
1761498952008449631,[  0   0   0   0 255 246   0   0],7,264,[0. 0.],[0. 0.],Glow Plugs,8211597,1761498952,-10
1761498952121365527,[  0   0   0   0 255 246   0   0],7,264,[0. 0.],[0. 0.],Glow Plugs,121091545,1761498952,-10
1761498952213258786,[  0   0   0   0 255 246   0   0],7,264,[0. 0.],[0. 0.],Glow Plugs,213077028,1761498952,-10
1761498952325806492,[  0   0   0   0 255 246   0   0],7,264,[0. 0.],[0. 0.],Glow Plugs,325535743,1761498952,-10
1761498952417466199,[  0   0   0   0 255 246   0   0],7,264,[0. 0.],[0. 0.],Glow Plugs,417289018,1761498952,-10
1761498952520107434,[  0   0   0   0 255 246   0   0],7,264,[0. 0.],[0. 0.],Glow Plugs,519859285,1761498952,-10
1761498952612228963,[  0   0   0   0 255 246   0   0],7,264,[0. 0.],[0. 0.],Glow Plugs,611937696,1761498952,-10
1761498952766135693,[  0   0   0   0 255 246   0   0],7,264,[0. 0.],[0. 0.],Glow Plugs,765771792,1761498952,-10
1761498952840616449,[  0   0   0   0 255 246   0   0],7,264,[0. 0.],[0. 0.],Glow Plugs,840244706,1761498952,-10
1761498952922500578,[  0   0   0   0 255 246   0   0],7,264,[0. 0.],[0. 0.],Glow Plugs,922169488,1761498952,-10
1761498953014119351,[  0   0   0   0 255 246   0   0],7,264,[0. 0.],[0. 0.],Glow Plugs,13926101,1761498953,-10
1761498953126900773,[  0   0   0   0 255 246   0   0],7,264,[0. 0.],[0. 0.],Glow Plugs,126336005,1761498953,-10
1761498953218830671,[  0   0   0   0 255 246   0   0],7,264,[0. 0.],[0. 0.],Glow Plugs,218306717,1761498953,-10
1761498953331209268,[  0   0   0   0 255 246   0   0],7,264,[0. 0.],[0. 0.],Glow Plugs,330818799,1761498953,-10
1761498953415597364,[  0   0   0   0 255 246   0   0],7,264,[0. 0.],[0. 0.],Glow Plugs,415227093,1761498953,-10
1761498953528074074,[  0   0   0   0 255 246   0   0],7,264,[0. 0.],[0. 0.],Glow Plugs,527869012,1761498953,-10
1761498953620887665,[  0   0   0   0 255 246   0   0],7,264,[0. 0.],[0. 0.],Glow Plugs,620531512,1761498953,-10
1761498953775698935,[  0   0   0   0 255 246   0   0],7,264,[0. 0.],[0. 0.],Glow Plugs,775078180,1761498953,-10
1761498953848088957,[  0   0   0   0 255 246   0   0],7,264,[0. 0.],[0. 0.],Glow Plugs,847704409,1761498953,-10
1761498953930048352,[  0   0   0   0 255 246   0   0],7,264,[0. 0.],[0. 0.],Glow Plugs,929714126,1761498953,-10
1761498954021836529,[  0   0   0   0 255 246   0   0],7,264,[0. 0.],[0. 0.],Glow Plugs,21524743,1761498954,-10
1761498954134336198,[  0   0   0   0 255 246   0   0],7,264,[0. 0.],[0. 0.],Glow Plugs,134049733,1761498954,-10
1761498954216011315,[  0   0   0   0 255 246   0   0],7,264,[0. 0.],[0. 0.],Glow Plugs,215727603,1761498954,-10
1761498954328931094,[  0   0   0   0 255 246   0   0],7,264,[0. 0.],[0. 0.],Glow Plugs,328640564,1761498954,-10
1761498954420939311,[  0   0   0   0 255 246   0   0],7,264,[0. 0.],[0. 0.],Glow Plugs,420702463,1761498954,-10
1761498954533781944,[  0   0   0   0 255 246   0   0],7,264,[0. 0.],[0. 0.],Glow Plugs,533181677,1761498954,-10
1761498954625185860,[  0   0   0   0 255 246   0   0],7,264,[0. 0.],[0. 0.],Glow Plugs,624979838,1761498954,-10
1761498954769281158,[  0   0   0   0 255 246   0   0],7,264,[0. 0.],[0. 0.],Glow Plugs,768751602,1761498954,-10
1761498954841067870,[  0   0   0   0 255 246   0   0],7,264,[0. 0.],[0. 0.],Glow Plugs,840876573,1761498954,-10
1761498954933238926,[  0   0   0   0 255 246   0   0],7,264,[0. 0.],[0. 0.],Glow Plugs,932947211,1761498954,-10
1761498955024985247,[  0   0   0   0 255 246   0   0],7,264,[0. 0.],[0. 0.],Glow Plugs,24779610,1761498955,-10
1761498955137135078,[  0   0   0   0 255 246   0   0],7,264,[0. 0.],[0. 0.],Glow Plugs,136954506,1761498955,-10
1761498955219321068,[  0   0   0   0 255 246   0   0],7,264,[0. 0.],[0. 0.],Glow Plugs,219038861,1761498955,-10
1761498955331695615,[  0   0   0   0 255 246   0   0],7,264,[0. 0.],[0. 0.],Glow Plugs,331481943,1761498955,-10
1761498955423868933,[  0   0   0   0 255 246   0   0],7,264,[0. 0.],[0. 0.],Glow Plugs,423583365,1761498955,-10
1761498955536293193,[  0   0   0   0 255 246   0   0],7,264,[0. 0.],[0. 0.],Glow Plugs,536017676,1761498955,-10
1761498955628676053,[  0   0   0   0 255 246   0   0],7,264,[0. 0.],[0. 0.],Glow Plugs,628350184,1761498955,-10
1761498955772864921,[  0   0   0   0 255 246   0   0],7,264,[0. 0.],[0. 0.],Glow Plugs,772123296,1761498955,-10
1761498955844969182,[  0   0   0   0 255 246   0   0],7,264,[0. 0.],[0. 0.],Glow Plugs,844746932,1761498955,-10
1761498955937293271,[  0   0   0   0 255 246   0   0],7,264,[0. 0.],[0. 0.],Glow Plugs,937079215,1761498955,-10
1761498956029351230,[  0   0   0   0 255 246   0   0],7,264,[0. 0.],[0. 0.],Glow Plugs,29092263,1761498956,-10
1761498956142146953,[  0   0   0   0 255 246   0   0],7,264,[0. 0.],[0. 0.],Glow Plugs,141684814,1761498956,-10
1761498956223857308,[  0   0   0   0 255 246   0   0],7,264,[0. 0.],[0. 0.],Glow Plugs,223598213,1761498956,-10
1761498956335977188,[  0   0   0   0 255 246   0   0],7,264,[0. 0.],[0. 0.],Glow Plugs,335771840,1761498956,-10
1761498956428318777,[  0   0   0   0 255 246   0   0],7,264,[0. 0.],[0. 0.],Glow Plugs,428005233,1761498956,-10
1761498956540228188,[  0   0   0   0 255 246   0   0],7,264,[0. 0.],[0. 0.],Glow Plugs,540016885,1761498956,-10
1761498956632225982,[  0   0   0   0 255 246   0   0],7,264,[0. 0.],[0. 0.],Glow Plugs,631877513,1761498956,-10
1761498956776028966,[  0   0   0   0 255 246   0   0],7,264,[0. 0.],[0. 0.],Glow Plugs,775724672,1761498956,-10
1761498956848133646,[  0   0   0   0 255 246   0   0],7,264,[0. 0.],[0. 0.],Glow Plugs,847841132,1761498956,-10
1761498956939987840,[  0   0   0   0 255 246   0   0],7,264,[0. 0.],[0. 0.],Glow Plugs,939818792,1761498956,-10
1761498957032254438,[  0   0   0   0 255 246   0   0],7,264,[0. 0.],[0. 0.],Glow Plugs,31973833,1761498957,-10
1761498957144419980,[  0   0   0   0 255 246   0   0],7,264,[0. 0.],[0. 0.],Glow Plugs,144224811,1761498957,-10
1761498957226460027,[  0   0   0   0 255 246   0   0],7,264,[0. 0.],[0. 0.],Glow Plugs,226141553,1761498957,-10
1761498957338966578,[  0   0   0   0 255 246   0   0],7,264,[0. 0.],[0. 0.],Glow Plugs,338700345,1761498957,-10
1761498957430609303,[  0   0   0   0 255 246   0   0],7,264,[0. 0.],[0. 0.],Glow Plugs,430320727,1761498957,-10
1761498957543035410,[  0   0   0   0 255 246   0   0],7,264,[0. 0.],[0. 0.],Glow Plugs,542765432,1761498957,-10
1761498957635125132,[  0   0   0   0 255 246   0   0],7,264,[0. 0.],[0. 0.],Glow Plugs,634854354,1761498957,-10
1761498957789076519,[  0   0   0   0 255 246   0   0],7,264,[0. 0.],[0. 0.],Glow Plugs,788614541,1761498957,-10
1761498957861001367,[  0   0   0   0 255 246   0   0],7,264,[0. 0.],[0. 0.],Glow Plugs,860813497,1761498957,-10
1761498957943280054,[  0   0   0   0 255 246   0   0],7,264,[0. 0.],[0. 0.],Glow Plugs,942989909,1761498957,-10
1761498958035145601,[  0   0   0   0 255 246   0   0],7,264,[0. 0.],[0. 0.],Glow Plugs,34849215,1761498958,-10
1761498958147814779,[  0   0   0   0 255 246   0   0],7,264,[0. 0.],[0. 0.],Glow Plugs,147074535,1761498958,-10
1761498958229332494,[  0   0   0   0 255 246   0   0],7,264,[0. 0.],[0. 0.],Glow Plugs,229123561,1761498958,-10
1761498958341785345,[  0   0   0   0 255 246   0   0],7,264,[0. 0.],[0. 0.],Glow Plugs,341477403,1761498958,-10
1761498958433763343,[  0   0   0   0 255 246   0   0],7,264,[0. 0.],[0. 0.],Glow Plugs,433472463,1761498958,-10
1761498958546109599,[  0   0   0   0 255 246   0   0],7,264,[0. 0.],[0. 0.],Glow Plugs,545830979,1761498958,-10
1761498958638118072,[  0   0   0   0 255 246   0   0],7,264,[0. 0.],[0. 0.],Glow Plugs,637845566,1761498958,-10
1761498958792270827,[  0   0   0   0 255 246   0   0],7,264,[0. 0.],[0. 0.],Glow Plugs,791994447,1761498958,-10
1761498958864094335,[  0   0   0   0 255 246   0   0],7,264,[0. 0.],[0. 0.],Glow Plugs,863924487,1761498958,-10
1761498958946452455,[  0   0   0   0 255 246   0   0],7,264,[0. 0.],[0. 0.],Glow Plugs,946157926,1761498958,-10
1761498959038370712,[  0   0   0   0 255 246   0   0],7,264,[0. 0.],[0. 0.],Glow Plugs,38061458,1761498959,-10
1761498959150733661,[  0   0   0   0 255 246   0   0],7,264,[0. 0.],[0. 0.],Glow Plugs,150425688,1761498959,-10
1761498959242623211,[  0   0   0   0 255 246   0   0],7,264,[0. 0.],[0. 0.],Glow Plugs,242336397,1761498959,-10
1761498959344697379,[  0   0   0   0 255 246   0   0],7,264,[0. 0.],[0. 0.],Glow Plugs,344533229,1761498959,-10
1761498959436776399,[  0   0   0   0 255 246   0   0],7,264,[0. 0.],[0. 0.],Glow Plugs,436614362,1761498959,-10
1761498959548962619,[  0   0   0   0 255 246   0   0],7,264,[0. 0.],[0. 0.],Glow Plugs,548783424,1761498959,-10
1761498959640806521,[  0   0   0   0 255 246   0   0],7,264,[0. 0.],[0. 0.],Glow Plugs,640628991,1761498959,-10
1761498959795016502,[  0   0   0   0 255 246   0   0],7,264,[0. 0.],[0. 0.],Glow Plugs,794563874,1761498959,-10
1761498959867026702,[  0   0   0   0 255 246   0   0],7,264,[0. 0.],[0. 0.],Glow Plugs,866791617,1761498959,-10
1761498959949189319,[  0   0   0   0 255 246   0   0],7,264,[0. 0.],[0. 0.],Glow Plugs,948847575,1761498959,-10
1761498960041102893,[  0   0   0   0 255 246   0   0],7,264,[0. 0.],[0. 0.],Glow Plugs,40731540,1761498960,-10
1761498960153364131,[  0   0   0   0 255 246   0   0],7,264,[0. 0.],[0. 0.],Glow Plugs,153115571,1761498960,-10
1761498960245447726,[  0   0   0   0 255 246   0   0],7,264,[0. 0.],[0. 0.],Glow Plugs,245258864,1761498960,-10
1761498960347825201,[  0   0   0   0 255 246   0   0],7,264,[0. 0.],[0. 0.],Glow Plugs,347582370,1761498960,-10
1761498960439757066,[  0   0   0   0 255 246   0   0],7,264,[0. 0.],[0. 0.],Glow Plugs,439505848,1761498960,-10
1761498960552387097,[  0   0   0   0 255 246   0   0],7,264,[0. 0.],[0. 0.],Glow Plugs,552114016,1761498960,-10
1761498960644241081,[  0   0   0   0 255 246   0   0],7,264,[0. 0.],[0. 0.],Glow Plugs,644045529,1761498960,-10
1761498960799066488,[  0   0   0   0 255 246   0   0],7,264,[0. 0.],[0. 0.],Glow Plugs,798741870,1761498960,-10
1761498960871182874,[  0   0   0   0 255 246   0   0],7,264,[0. 0.],[0. 0.],Glow Plugs,870914147,1761498960,-10
1761498960952855846,[  0   0   0   0 255 246   0   0],7,264,[0. 0.],[0. 0.],Glow Plugs,952705717,1761498960,-10
1761498961044671810,[  0   0   0   0 255 246   0   0],7,264,[0. 0.],[0. 0.],Glow Plugs,44474722,1761498961,-10
1761498961157096450,[  0   0   0   0 255 246   0   0],7,264,[0. 0.],[0. 0.],Glow Plugs,156741487,1761498961,-10
1761498961248929338,[  0   0   0   0 255 246   0   0],7,264,[0. 0.],[0. 0.],Glow Plugs,248707090,1761498961,-10
1761498961351387105,[  0   0   0   0 255 246   0   0],7,264,[0. 0.],[0. 0.],Glow Plugs,350978493,1761498961,-10
1761498961443201875,[  0   0   0   0 255 246   0   0],7,264,[0. 0.],[0. 0.],Glow Plugs,443031644,1761498961,-10
1761498961555856029,[  0   0   0   0 255 246   0   0],7,264,[0. 0.],[0. 0.],Glow Plugs,555391879,1761498961,-10
1761498961648284982,[  0   0   0   0 255 246   0   0],7,264,[0. 0.],[0. 0.],Glow Plugs,648123970,1761498961,-10
1761498961803410545,[  0   0   0   0 255 246   0   0],7,264,[0. 0.],[0. 0.],Glow Plugs,803087369,1761498961,-10
1761498961875576268,[  0   0   0   0 255 246   0   0],7,264,[0. 0.],[0. 0.],Glow Plugs,875203188,1761498961,-10
1761498961957407808,[  0   0   0   0 255 246   0   0],7,264,[0. 0.],[0. 0.],Glow Plugs,956960303,1761498961,-10
1761498962049411599,[  0   0   0   0 255 246   0   0],7,264,[0. 0.],[0. 0.],Glow Plugs,48884998,1761498962,-10
1761498962161289621,[  0   0   0   0 255 246   0   0],7,264,[0. 0.],[0. 0.],Glow Plugs,161089301,1761498962,-10
1761498962254199176,[  0   0   0   0 255 246   0   0],7,264,[0. 0.],[0. 0.],Glow Plugs,253730898,1761498962,-10
1761498962357599400,[  0   0   0   0 255 246   0   0],7,264,[0. 0.],[0. 0.],Glow Plugs,357212940,1761498962,-10
1761498962449374318,[  0   0   0   0 255 246   0   0],7,264,[0. 0.],[0. 0.],Glow Plugs,449071693,1761498962,-10
1761498962561321195,[  0   0   0   0 255 246   0   0],7,264,[0. 0.],[0. 0.],Glow Plugs,561162488,1761498962,-10
1761498962653474154,[  0   0   0   0 255 246   0   0],7,264,[0. 0.],[0. 0.],Glow Plugs,653216119,1761498962,-10
1761498962807274489,[  0   0   0   0 255 246   0   0],7,264,[0. 0.],[0. 0.],Glow Plugs,807039949,1761498962,-10
1761498962879514357,[  0   0   0   0 255 246   0   0],7,264,[0. 0.],[0. 0.],Glow Plugs,879212180,1761498962,-10
1761498962961560163,[  0   0   0   0 255 246   0   0],7,264,[0. 0.],[0. 0.],Glow Plugs,961021526,1761498962,-10
1761498963053430880,[  0   0   0   0 255 246   0   0],7,264,[0. 0.],[0. 0.],Glow Plugs,53123582,1761498963,-10
1761498963165880054,[  0   0   0   0 255 246   0   0],7,264,[0. 0.],[0. 0.],Glow Plugs,165580726,1761498963,-10
1761498963247895376,[  0   0   0   0 255 246   0   0],7,264,[0. 0.],[0. 0.],Glow Plugs,247734589,1761498963,-10
1761498963360166285,[  0   0   0   0 255 246   0   0],7,264,[0. 0.],[0. 0.],Glow Plugs,360005978,1761498963,-10
1761498963452985219,[  0   0   0   0 255 246   0   0],7,264,[0. 0.],[0. 0.],Glow Plugs,452767517,1761498963,-10
1761498963565499757,[  0   0   0   0 255 246   0   0],7,264,[0. 0.],[0. 0.],Glow Plugs,565272901,1761498963,-10
1761498963657820004,[0 0 0 0 0 0 0 0],7,264,[0. 0.],[0. 0.],Glow Plugs,657548269,1761498963,0
1761498963801324763,[0 0 0 0 0 0 0 0],7,264,[0. 0.],[0. 0.],Glow Plugs,801100723,1761498963,0
1761498963873447389,[0 0 0 0 0 0 0 0],7,264,[0. 0.],[0. 0.],Glow Plugs,873170916,1761498963,0
1761498963965670484,[0 0 0 0 0 0 0 0],7,264,[0. 0.],[0. 0.],Glow Plugs,965263506,1761498963,0
1761498964057168182,[0 0 0 0 0 0 0 0],7,264,[0. 0.],[0. 0.],Glow Plugs,56981851,1761498964,0
1761498964169797438,[0 0 0 0 0 0 0 0],7,264,[0. 0.],[0. 0.],Glow Plugs,169496607,1761498964,0
1761498964252054461,[0 0 0 0 0 0 0 0],7,264,[0. 0.],[0. 0.],Glow Plugs,251824436,1761498964,0
1761498964365001514,[0 0 0 0 0 0 0 0],7,264,[0. 0.],[0. 0.],Glow Plugs,364783877,1761498964,0
1761498964456838986,[0 0 0 0 0 0 0 0],7,264,[0. 0.],[0. 0.],Glow Plugs,456674454,1761498964,0
1761498964569903132,[0 0 0 0 0 0 0 0],7,264,[0. 0.],[0. 0.],Glow Plugs,569633063,1761498964,0
1761498964662390027,[0 0 0 0 0 0 0 0],7,264,[0. 0.],[0. 0.],Glow Plugs,662017332,1761498964,0
1761498964806569298,[0 0 0 0 0 0 0 0],7,264,[0. 0.],[0. 0.],Glow Plugs,806217730,1761498964,0
1761498964878895968,[0 0 0 0 0 0 0 0],7,264,[0. 0.],[0. 0.],Glow Plugs,878574330,1761498964,0
1761498964971267722,[0 0 0 0 0 0 0 0],7,264,[0. 0.],[0. 0.],Glow Plugs,970965258,1761498964,0
1761498965063274855,[0 0 0 0 0 0 0 0],7,264,[0. 0.],[0. 0.],Glow Plugs,62948256,1761498965,0
1761498965165430434,[0 0 0 0 0 0 0 0],7,264,[0. 0.],[0. 0.],Glow Plugs,165162254,1761498965,0
1761498965257852576,[0 0 0 0 0 0 0 0],7,264,[0. 0.],[0. 0.],Glow Plugs,257588429,1761498965,0
1761498965370433268,[0 0 0 0 0 0 0 0],7,264,[0. 0.],[0. 0.],Glow Plugs,370179139,1761498965,0
1761498965462471288,[0 0 0 0 0 0 0 0],7,264,[0. 0.],[0. 0.],Glow Plugs,462160182,1761498965,0
1761498965574898459,[0 0 0 0 0 0 0 0],7,264,[0. 0.],[0. 0.],Glow Plugs,574429864,1761498965,0
1761498965656563064,[0 0 0 0 0 0 0 0],7,264,[0. 0.],[0. 0.],Glow Plugs,656364281,1761498965,0
1761498965812335170,[0 0 0 0 0 0 0 0],7,264,[0. 0.],[0. 0.],Glow Plugs,812056202,1761498965,0
1761498965884193130,[0 0 0 0 0 0 0 0],7,264,[0. 0.],[0. 0.],Glow Plugs,884021780,1761498965,0
1761498965976270363,[0 0 0 0 0 0 0 0],7,264,[0. 0.],[0. 0.],Glow Plugs,975832881,1761498965,0
1761498966057886907,[0 0 0 0 0 0 0 0],7,264,[0. 0.],[0. 0.],Glow Plugs,57414791,1761498966,0
1761498966169964013,[0 0 0 0 0 0 0 0],7,264,[0. 0.],[0. 0.],Glow Plugs,169701627,1761498966,0
1761498966262362473,[0 0 0 0 0 0 0 0],7,264,[0. 0.],[0. 0.],Glow Plugs,261892022,1761498966,0
1761498966374630360,[0 0 0 0 0 0 0 0],7,264,[0. 0.],[0. 0.],Glow Plugs,374320631,1761498966,0
1761498966466407889,[0 0 0 0 0 0 0 0],7,264,[0. 0.],[0. 0.],Glow Plugs,466101937,1761498966,0
1761498966579305477,[0 0 0 0 0 0 0 0],7,264,[0. 0.],[0. 0.],Glow Plugs,579047092,1761498966,0
1761498966661053367,[0 0 0 0 0 0 0 0],7,264,[0. 0.],[0. 0.],Glow Plugs,660698375,1761498966,0
1761498966814894249,[0 0 0 0 0 0 0 0],7,264,[0. 0.],[0. 0.],Glow Plugs,814572356,1761498966,0
1761498966886756930,[0 0 0 0 0 0 0 0],7,264,[0. 0.],[0. 0.],Glow Plugs,886476970,1761498966,0
1761498966978937241,[0 0 0 0 0 0 0 0],7,264,[0. 0.],[0. 0.],Glow Plugs,978629464,1761498966,0
1761498967071025164,[0 0 0 0 0 0 0 0],7,264,[0. 0.],[0. 0.],Glow Plugs,70735154,1761498967,0
1761498967172931807,[0 0 0 0 0 0 0 0],7,264,[0. 0.],[0. 0.],Glow Plugs,172737187,1761498967,0
1761498967268253616,[0 0 0 0 0 0 0 0],7,264,[0. 0.],[0. 0.],Glow Plugs,268009060,1761498967,0
1761498967381009238,[0 0 0 0 0 0 0 0],7,264,[0. 0.],[0. 0.],Glow Plugs,380485203,1761498967,0
1761498967472594491,[0 0 0 0 0 0 0 0],7,264,[0. 0.],[0. 0.],Glow Plugs,472420677,1761498967,0
1761498967574875939,[0 0 0 0 0 0 0 0],7,264,[0. 0.],[0. 0.],Glow Plugs,574626678,1761498967,0
1761498967666715160,[0 0 0 0 0 0 0 0],7,264,[0. 0.],[0. 0.],Glow Plugs,666472332,1761498967,0
1761498967820927466,[0 0 0 0 0 0 0 0],7,264,[0. 0.],[0. 0.],Glow Plugs,820601509,1761498967,0
1761498967892788690,[0 0 0 0 0 0 0 0],7,264,[0. 0.],[0. 0.],Glow Plugs,892494871,1761498967,0
1761498967974727484,[0 0 0 0 0 0 0 0],7,264,[0. 0.],[0. 0.],Glow Plugs,974425502,1761498967,0
1761498968066353649,[0 0 0 0 0 0 0 0],7,264,[0. 0.],[0. 0.],Glow Plugs,66099587,1761498968,0
1761498968178726944,[0 0 0 0 0 0 0 0],7,264,[0. 0.],[0. 0.],Glow Plugs,178195260,1761498968,0
1761498968270761211,[0 0 0 0 0 0 0 0],7,264,[0. 0.],[0. 0.],Glow Plugs,270380357,1761498968,0
1761498968383255568,[0 0 0 0 0 0 0 0],7,264,[0. 0.],[0. 0.],Glow Plugs,382969239,1761498968,0
1761498968475401741,[0 0 0 0 0 0 0 0],7,264,[0. 0.],[0. 0.],Glow Plugs,475170757,1761498968,0
1761498968577642781,[0 0 0 0 0 0 0 0],7,264,[0. 0.],[0. 0.],Glow Plugs,577411573,1761498968,0
1761498968669937832,[0 0 0 0 0 0 0 0],7,264,[0. 0.],[0. 0.],Glow Plugs,669700735,1761498968,0
1761498968824384112,[0 0 0 0 0 0 0 0],7,264,[0. 0.],[0. 0.],Glow Plugs,824014270,1761498968,0
1761498968896497911,[0 0 0 0 0 0 0 0],7,264,[0. 0.],[0. 0.],Glow Plugs,896218497,1761498968,0
1761498968978527323,[0 0 0 0 0 0 0 0],7,264,[0. 0.],[0. 0.],Glow Plugs,978289169,1761498968,0
1761498969070761110,[0 0 0 0 0 0 0 0],7,264,[0. 0.],[0. 0.],Glow Plugs,70467548,1761498969,0
1761498969182862644,[0 0 0 0 0 0 0 0],7,264,[0. 0.],[0. 0.],Glow Plugs,182636559,1761498969,0
1761498969276896448,[0 0 0 0 0 0 0 0],7,264,[0. 0.],[0. 0.],Glow Plugs,276642770,1761498969,0
1761498969389413790,[0 0 0 0 0 0 0 0],7,264,[0. 0.],[0. 0.],Glow Plugs,389072949,1761498969,0
1761498969471860383,[0 0 0 0 0 0 0 0],7,264,[0. 0.],[0. 0.],Glow Plugs,471195219,1761498969,0
1761498969583765569,[0 0 0 0 0 0 0 0],7,264,[0. 0.],[0. 0.],Glow Plugs,583455170,1761498969,0
1761498969675688964,[0 0 0 0 0 0 0 0],7,264,[0. 0.],[0. 0.],Glow Plugs,675435318,1761498969,0
1761498969829521727,[0 0 0 0 0 0 0 0],7,264,[0. 0.],[0. 0.],Glow Plugs,829034025,1761498969,0
1761498969901655454,[0 0 0 0 0 0 0 0],7,264,[0. 0.],[0. 0.],Glow Plugs,901353121,1761498969,0
1761498969983690081,[0 0 0 0 0 0 0 0],7,264,[0. 0.],[0. 0.],Glow Plugs,983428049,1761498969,0
1761498970075895221,[0 0 0 0 0 0 0 0],7,264,[0. 0.],[0. 0.],Glow Plugs,75441706,1761498970,0
1761498970187878100,[0 0 0 0 0 0 0 0],7,264,[0. 0.],[0. 0.],Glow Plugs,187723684,1761498970,0
1761498970280329572,[0 0 0 0 0 0 0 0],7,264,[0. 0.],[0. 0.],Glow Plugs,280068788,1761498970,0
1761498970392872622,[0 0 0 0 0 0 0 0],7,264,[0. 0.],[0. 0.],Glow Plugs,392614591,1761498970,0
1761498970475178851,[0 0 0 0 0 0 0 0],7,264,[0. 0.],[0. 0.],Glow Plugs,474702418,1761498970,0
1761498970587147357,[0 0 0 0 0 0 0 0],7,264,[0. 0.],[0. 0.],Glow Plugs,586647589,1761498970,0
1761498970679184719,[0 0 0 0 0 0 0 0],7,264,[0. 0.],[0. 0.],Glow Plugs,678739719,1761498970,0
1761498970832694971,[0 0 0 0 0 0 0 0],7,264,[0. 0.],[0. 0.],Glow Plugs,832518309,1761498970,0
1761498970904735537,[0 0 0 0 0 0 0 0],7,264,[0. 0.],[0. 0.],Glow Plugs,904554553,1761498970,0
1761498970986832614,[0 0 0 0 0 0 0 0],7,264,[0. 0.],[0. 0.],Glow Plugs,986549552,1761498970,0
1761498971078535873,[0 0 0 0 0 0 0 0],7,264,[0. 0.],[0. 0.],Glow Plugs,78276786,1761498971,0
1761498971190782646,[0 0 0 0 0 0 0 0],7,264,[0. 0.],[0. 0.],Glow Plugs,190531210,1761498971,0
1761498971282978981,[0 0 0 0 0 0 0 0],7,264,[0. 0.],[0. 0.],Glow Plugs,282707507,1761498971,0
1761498971396108935,[0 0 0 0 0 0 0 0],7,264,[0. 0.],[0. 0.],Glow Plugs,395422134,1761498971,0
1761498971477385764,[0 0 0 0 0 0 0 0],7,264,[0. 0.],[0. 0.],Glow Plugs,477143003,1761498971,0
1761498971590572951,[0 0 0 0 0 0 0 0],7,264,[0. 0.],[0. 0.],Glow Plugs,590250485,1761498971,0
1761498971682591281,[0 0 0 0 0 0 0 0],7,264,[0. 0.],[0. 0.],Glow Plugs,682282867,1761498971,0
1761498971836854935,[0 0 0 0 0 0 0 0],7,264,[0. 0.],[0. 0.],Glow Plugs,836576194,1761498971,0
1761498971908865752,[0 0 0 0 0 0 0 0],7,264,[0. 0.],[0. 0.],Glow Plugs,908672925,1761498971,0
1761498971990942760,[0 0 0 0 0 0 0 0],7,264,[0. 0.],[0. 0.],Glow Plugs,990661010,1761498971,0
1761498972082836003,[0 0 0 0 0 0 0 0],7,264,[0. 0.],[0. 0.],Glow Plugs,82547340,1761498972,0
1761498972195308324,[0 0 0 0 0 0 0 0],7,264,[0. 0.],[0. 0.],Glow Plugs,195033713,1761498972,0
1761498972287684728,[0 0 0 0 0 0 0 0],7,264,[0. 0.],[0. 0.],Glow Plugs,287259608,1761498972,0
1761498972399830999,[0 0 0 0 0 0 0 0],7,264,[0. 0.],[0. 0.],Glow Plugs,399657251,1761498972,0
1761498972481996164,[0 0 0 0 0 0 0 0],7,264,[0. 0.],[0. 0.],Glow Plugs,481728787,1761498972,0
1761498972594865597,[0 0 0 0 0 0 0 0],7,264,[0. 0.],[0. 0.],Glow Plugs,594568643,1761498972,0
1761498972687186593,[0 0 0 0 0 0 0 0],7,264,[0. 0.],[0. 0.],Glow Plugs,686652064,1761498972,0
1761498972841228827,[0 0 0 0 0 0 0 0],7,264,[0. 0.],[0. 0.],Glow Plugs,840592731,1761498972,0
1761498972912592430,[0 0 0 0 0 0 0 0],7,264,[0. 0.],[0. 0.],Glow Plugs,912405110,1761498972,0
1761498972994874654,[0 0 0 0 0 0 0 0],7,264,[0. 0.],[0. 0.],Glow Plugs,994581990,1761498972,0
1761498973086811151,[0 0 0 0 0 0 0 0],7,264,[0. 0.],[0. 0.],Glow Plugs,86509236,1761498973,0
1761498973199403069,[0 0 0 0 0 0 0 0],7,264,[0. 0.],[0. 0.],Glow Plugs,198806666,1761498973,0
1761498973291335228,[0 0 0 0 0 0 0 0],7,264,[0. 0.],[0. 0.],Glow Plugs,290939045,1761498973,0
1761498973403324533,[0 0 0 0 0 0 0 0],7,264,[0. 0.],[0. 0.],Glow Plugs,403013432,1761498973,0
1761498973484927901,[0 0 0 0 0 0 0 0],7,264,[0. 0.],[0. 0.],Glow Plugs,484756457,1761498973,0
1761498973597019701,[0 0 0 0 0 0 0 0],7,264,[0. 0.],[0. 0.],Glow Plugs,596850050,1761498973,0
1761498973688898756,[0 0 0 0 0 0 0 0],7,264,[0. 0.],[0. 0.],Glow Plugs,688704714,1761498973,0
1761498973843160218,[0 0 0 0 0 0 0 0],7,264,[0. 0.],[0. 0.],Glow Plugs,842882407,1761498973,0
1761498973915491079,[0 0 0 0 0 0 0 0],7,264,[0. 0.],[0. 0.],Glow Plugs,915142686,1761498973,0
1761498973997221236,[0 0 0 0 0 0 0 0],7,264,[0. 0.],[0. 0.],Glow Plugs,996905109,1761498973,0
1761498974089216771,[0 0 0 0 0 0 0 0],7,264,[0. 0.],[0. 0.],Glow Plugs,88905574,1761498974,0
1761498974201558641,[0 0 0 0 0 0 0 0],7,264,[0. 0.],[0. 0.],Glow Plugs,201242931,1761498974,0
1761498974293718502,[0 0 0 0 0 0 0 0],7,264,[0. 0.],[0. 0.],Glow Plugs,293436722,1761498974,0
1761498974406572813,[0 0 0 0 0 0 0 0],7,264,[0. 0.],[0. 0.],Glow Plugs,406298523,1761498974,0
1761498974488229481,[0 0 0 0 0 0 0 0],7,264,[0. 0.],[0. 0.],Glow Plugs,487960249,1761498974,0
1761498974600404358,[0 0 0 0 0 0 0 0],7,264,[0. 0.],[0. 0.],Glow Plugs,600153499,1761498974,0
1761498974692280358,[0 0 0 0 0 0 0 0],7,264,[0. 0.],[0. 0.],Glow Plugs,692096303,1761498974,0
1761498974846805510,[0 0 0 0 0 0 0 0],7,264,[0. 0.],[0. 0.],Glow Plugs,846516880,1761498974,0
1761498974918768764,[0 0 0 0 0 0 0 0],7,264,[0. 0.],[0. 0.],Glow Plugs,918472964,1761498974,0
1761498975000397776,[0 0 0 0 0 0 0 0],7,264,[0. 0.],[0. 0.],Glow Plugs,118717,1761498975,0
1761498975092065995,[0 0 0 0 0 0 0 0],7,264,[0. 0.],[0. 0.],Glow Plugs,91899194,1761498975,0
1761498975204586299,[0 0 0 0 0 0 0 0],7,264,[0. 0.],[0. 0.],Glow Plugs,204381631,1761498975,0
1761498975297064448,[0 0 0 0 0 0 0 0],7,264,[0. 0.],[0. 0.],Glow Plugs,296794128,1761498975,0
1761498975410007405,[0 0 0 0 0 0 0 0],7,264,[0. 0.],[0. 0.],Glow Plugs,409525599,1761498975,0
1761498975492358494,[0 0 0 0 0 0 0 0],7,264,[0. 0.],[0. 0.],Glow Plugs,492026843,1761498975,0
1761498975605350649,[0 0 0 0 0 0 0 0],7,264,[0. 0.],[0. 0.],Glow Plugs,604827806,1761498975,0
1761498975697261686,[0 0 0 0 0 0 0 0],7,264,[0. 0.],[0. 0.],Glow Plugs,696926419,1761498975,0
1761498975851768687,[0 0 0 0 0 0 0 0],7,264,[0. 0.],[0. 0.],Glow Plugs,851409220,1761498975,0
1761498975924559282,[0 0 0 0 0 0 0 0],7,264,[0. 0.],[0. 0.],Glow Plugs,924337296,1761498975,0
1761498976006858765,[0 0 0 0 0 0 0 0],7,264,[0. 0.],[0. 0.],Glow Plugs,6605282,1761498976,0
1761498976099604308,[0 0 0 0 0 0 0 0],7,264,[0. 0.],[0. 0.],Glow Plugs,99042415,1761498976,0
1761498976212256793,[0 0 0 0 0 0 0 0],7,264,[0. 0.],[0. 0.],Glow Plugs,211876041,1761498976,0
1761498976304831886,[0 0 0 0 0 0 0 0],7,264,[0. 0.],[0. 0.],Glow Plugs,304537143,1761498976,0
1761498976407144690,[0 0 0 0 0 0 0 0],7,264,[0. 0.],[0. 0.],Glow Plugs,406943479,1761498976,0
1761498976499858416,[0 0 0 0 0 0 0 0],7,264,[0. 0.],[0. 0.],Glow Plugs,499533841,1761498976,0
1761498976612886851,[0 0 0 0 0 0 0 0],7,264,[0. 0.],[0. 0.],Glow Plugs,612579049,1761498976,0
1761498976705369757,[0 0 0 0 0 0 0 0],7,264,[0. 0.],[0. 0.],Glow Plugs,705022679,1761498976,0
1761498976849650390,[0 0 0 0 0 0 0 0],7,264,[0. 0.],[0. 0.],Glow Plugs,849321686,1761498976,0
1761498976921829822,[0 0 0 0 0 0 0 0],7,264,[0. 0.],[0. 0.],Glow Plugs,921534119,1761498976,0
1761498977013861856,[0 0 0 0 0 0 0 0],7,264,[0. 0.],[0. 0.],Glow Plugs,13551558,1761498977,0
1761498977105586545,[0 0 0 0 0 0 0 0],7,264,[0. 0.],[0. 0.],Glow Plugs,105253616,1761498977,0
1761498977217915143,[0 0 0 0 0 0 0 0],7,264,[0. 0.],[0. 0.],Glow Plugs,217526549,1761498977,0
1761498977299841225,[0 0 0 0 0 0 0 0],7,264,[0. 0.],[0. 0.],Glow Plugs,299521644,1761498977,0
1761498977412324908,[0 0 0 0 0 0 0 0],7,264,[0. 0.],[0. 0.],Glow Plugs,412042329,1761498977,0
1761498977504203434,[0 0 0 0 0 0 0 0],7,264,[0. 0.],[0. 0.],Glow Plugs,503955682,1761498977,0
1761498977616830199,[0 0 0 0 0 0 0 0],7,264,[0. 0.],[0. 0.],Glow Plugs,616565225,1761498977,0
1761498977708935895,[0 0 0 0 0 0 0 0],7,264,[0. 0.],[0. 0.],Glow Plugs,708675147,1761498977,0
1761498977853210147,[0 0 0 0 0 0 0 0],7,264,[0. 0.],[0. 0.],Glow Plugs,852978111,1761498977,0
1761498977925723687,[0 0 0 0 0 0 0 0],7,264,[0. 0.],[0. 0.],Glow Plugs,925459258,1761498977,0
1761498978018158381,[0 0 0 0 0 0 0 0],7,264,[0. 0.],[0. 0.],Glow Plugs,17814793,1761498978,0
1761498978110814148,[0 0 0 0 0 0 0 0],7,264,[0. 0.],[0. 0.],Glow Plugs,110339930,1761498978,0
1761498978213653704,[0 0 0 0 0 0 0 0],7,264,[0. 0.],[0. 0.],Glow Plugs,213186848,1761498978,0
1761498978305750877,[0 0 0 0 0 0 0 0],7,264,[0. 0.],[0. 0.],Glow Plugs,305393781,1761498978,0
1761498978418608221,[0 0 0 0 0 0 0 0],7,264,[0. 0.],[0. 0.],Glow Plugs,418363350,1761498978,0
1761498978510893001,[0 0 0 0 0 0 0 0],7,264,[0. 0.],[0. 0.],Glow Plugs,510615000,1761498978,0
1761498978613789693,[0 0 0 0 0 0 0 0],7,264,[0. 0.],[0. 0.],Glow Plugs,613543414,1761498978,0
1761498978706170340,[0 0 0 0 0 0 0 0],7,264,[0. 0.],[0. 0.],Glow Plugs,705892660,1761498978,0
1761498978860076308,[0 0 0 0 0 0 0 0],7,264,[0. 0.],[0. 0.],Glow Plugs,859898912,1761498978,0
1761498978932017228,[0 0 0 0 0 0 0 0],7,264,[0. 0.],[0. 0.],Glow Plugs,931830998,1761498978,0
1761498979024204693,[0 0 0 0 0 0 0 0],7,264,[0. 0.],[0. 0.],Glow Plugs,24008445,1761498979,0
1761498979106316193,[0 0 0 0 0 0 0 0],7,264,[0. 0.],[0. 0.],Glow Plugs,106047828,1761498979,0
1761498979218562468,[0 0 0 0 0 0 0 0],7,264,[0. 0.],[0. 0.],Glow Plugs,218311419,1761498979,0
1761498979310982446,[0 0 0 0 0 0 0 0],7,264,[0. 0.],[0. 0.],Glow Plugs,310474011,1761498979,0
1761498979423645961,[0 0 0 0 0 0 0 0],7,264,[0. 0.],[0. 0.],Glow Plugs,423170720,1761498979,0
1761498979516008803,[0 0 0 0 0 0 0 0],7,264,[0. 0.],[0. 0.],Glow Plugs,515656157,1761498979,0
1761498979618269860,[0 0 0 0 0 0 0 0],7,264,[0. 0.],[0. 0.],Glow Plugs,618003991,1761498979,0
1761498979711192831,[0 0 0 0 0 0 0 0],7,264,[0. 0.],[0. 0.],Glow Plugs,710710580,1761498979,0
1761498979861725353,[0 0 0 0 0 0 0 0],7,264,[0. 0.],[0. 0.],Glow Plugs,861387495,1761498979,0
1761498979934060496,[0 0 0 0 0 0 0 0],7,264,[0. 0.],[0. 0.],Glow Plugs,933761914,1761498979,0
1761498980027107716,[0 0 0 0 0 0 0 0],7,264,[0. 0.],[0. 0.],Glow Plugs,26581581,1761498980,0
1761498980109211705,[0 0 0 0 0 0 0 0],7,264,[0. 0.],[0. 0.],Glow Plugs,108878938,1761498980,0
1761498980221438187,[0 0 0 0 0 0 0 0],7,264,[0. 0.],[0. 0.],Glow Plugs,221219181,1761498980,0
1761498980313858703,[0 0 0 0 0 0 0 0],7,264,[0. 0.],[0. 0.],Glow Plugs,313482851,1761498980,0
1761498980426488980,[0 0 0 0 0 0 0 0],7,264,[0. 0.],[0. 0.],Glow Plugs,426198785,1761498980,0
1761498980519308618,[0 0 0 0 0 0 0 0],7,264,[0. 0.],[0. 0.],Glow Plugs,518713183,1761498980,0
1761498980622041850,[0 0 0 0 0 0 0 0],7,264,[0. 0.],[0. 0.],Glow Plugs,621760169,1761498980,0
1761498980714508875,[0 0 0 0 0 0 0 0],7,264,[0. 0.],[0. 0.],Glow Plugs,714017086,1761498980,0
1761498980868795256,[0 0 0 0 0 0 0 0],7,264,[0. 0.],[0. 0.],Glow Plugs,868504229,1761498980,0
1761498980941156644,[0 0 0 0 0 0 0 0],7,264,[0. 0.],[0. 0.],Glow Plugs,940811649,1761498980,0
1761498981023294527,[0 0 0 0 0 0 0 0],7,264,[0. 0.],[0. 0.],Glow Plugs,23115052,1761498981,0
1761498981115801781,[0 0 0 0 0 0 0 0],7,264,[0. 0.],[0. 0.],Glow Plugs,115446160,1761498981,0
1761498981228357404,[0 0 0 0 0 0 0 0],7,264,[0. 0.],[0. 0.],Glow Plugs,228053157,1761498981,0
1761498981321638702,[0 0 0 0 0 0 0 0],7,264,[0. 0.],[0. 0.],Glow Plugs,321383013,1761498981,0
1761498981423909282,[0 0 0 0 0 0 0 0],7,264,[0. 0.],[0. 0.],Glow Plugs,423380843,1761498981,0
1761498981515433952,[0 0 0 0 0 0 0 0],7,264,[0. 0.],[0. 0.],Glow Plugs,515191803,1761498981,0
1761498981628032883,[0 0 0 0 0 0 0 0],7,264,[0. 0.],[0. 0.],Glow Plugs,627373559,1761498981,0
1761498981719533386,[0 0 0 0 0 0 0 0],7,264,[0. 0.],[0. 0.],Glow Plugs,719248249,1761498981,0
1761498981873189423,[0 0 0 0 0 0 0 0],7,264,[0. 0.],[0. 0.],Glow Plugs,872982196,1761498981,0
1761498981945493417,[0 0 0 0 0 0 0 0],7,264,[0. 0.],[0. 0.],Glow Plugs,945201846,1761498981,0
1761498982027238433,[0 0 0 0 0 0 0 0],7,264,[0. 0.],[0. 0.],Glow Plugs,27015234,1761498982,0
1761498982119097403,[0 0 0 0 0 0 0 0],7,264,[0. 0.],[0. 0.],Glow Plugs,118824365,1761498982,0
1761498982231688163,[0 0 0 0 0 0 0 0],7,264,[0. 0.],[0. 0.],Glow Plugs,231231073,1761498982,0
1761498982324220923,[0 0 0 0 0 0 0 0],7,264,[0. 0.],[0. 0.],Glow Plugs,323286803,1761498982,0
1761498982436255654,[0 0 0 0 0 0 0 0],7,264,[0. 0.],[0. 0.],Glow Plugs,435816874,1761498982,0
1761498982518110191,[0 0 0 0 0 0 0 0],7,264,[0. 0.],[0. 0.],Glow Plugs,517794325,1761498982,0
1761498982630511617,[0 0 0 0 0 0 0 0],7,264,[0. 0.],[0. 0.],Glow Plugs,630167936,1761498982,0
1761498982722461781,[0 0 0 0 0 0 0 0],7,264,[0. 0.],[0. 0.],Glow Plugs,722157279,1761498982,0
1761498982876585677,[0 0 0 0 0 0 0 0],7,264,[0. 0.],[0. 0.],Glow Plugs,876377746,1761498982,0
1761498982949062199,[0 0 0 0 0 0 0 0],7,264,[0. 0.],[0. 0.],Glow Plugs,948776102,1761498982,0
1761498983031428070,[0 0 0 0 0 0 0 0],7,264,[0. 0.],[0. 0.],Glow Plugs,31129042,1761498983,0
1761498983123392155,[0 0 0 0 0 0 0 0],7,264,[0. 0.],[0. 0.],Glow Plugs,123134451,1761498983,0
1761498983235729845,[0 0 0 0 0 0 0 0],7,264,[0. 0.],[0. 0.],Glow Plugs,235278166,1761498983,0
1761498983328075477,[0 0 0 0 0 0 0 0],7,264,[0. 0.],[0. 0.],Glow Plugs,327586572,1761498983,0
1761498983440342523,[0 0 0 0 0 0 0 0],7,264,[0. 0.],[0. 0.],Glow Plugs,440129471,1761498983,0
1761498983522690111,[0 0 0 0 0 0 0 0],7,264,[0. 0.],[0. 0.],Glow Plugs,522415665,1761498983,0
1761498983635287329,[0 0 0 0 0 0 0 0],7,264,[0. 0.],[0. 0.],Glow Plugs,635010932,1761498983,0
1761498983727157372,[0 0 0 0 0 0 0 0],7,264,[0. 0.],[0. 0.],Glow Plugs,726915256,1761498983,0
1761498983881505635,[0 0 0 0 0 0 0 0],7,264,[0. 0.],[0. 0.],Glow Plugs,881168068,1761498983,0
1761498983953900918,[0 0 0 0 0 0 0 0],7,264,[0. 0.],[0. 0.],Glow Plugs,953568920,1761498983,0
1761498984035870198,[0 0 0 0 0 0 0 0],7,264,[0. 0.],[0. 0.],Glow Plugs,35612334,1761498984,0
1761498984128606370,[0 0 0 0 0 0 0 0],7,264,[0. 0.],[0. 0.],Glow Plugs,127888761,1761498984,0
1761498984240407392,[0 0 0 0 0 0 0 0],7,264,[0. 0.],[0. 0.],Glow Plugs,240204968,1761498984,0
1761498984333096159,[0 0 0 0 0 0 0 0],7,264,[0. 0.],[0. 0.],Glow Plugs,332540228,1761498984,0
1761498984435148920,[0 0 0 0 0 0 0 0],7,264,[0. 0.],[0. 0.],Glow Plugs,434811322,1761498984,0
1761498984527580143,[0 0 0 0 0 0 0 0],7,264,[0. 0.],[0. 0.],Glow Plugs,527052923,1761498984,0
1761498984640040870,[0 0 0 0 0 0 0 0],7,264,[0. 0.],[0. 0.],Glow Plugs,639744563,1761498984,0
1761498984732222455,[0 0 0 0 0 0 0 0],7,264,[0. 0.],[0. 0.],Glow Plugs,731840492,1761498984,0
1761498984887402616,[0 0 0 0 0 0 0 0],7,264,[0. 0.],[0. 0.],Glow Plugs,887146992,1761498984,0
1761498984959438119,[0 0 0 0 0 0 0 0],7,264,[0. 0.],[0. 0.],Glow Plugs,959211944,1761498984,0
1761498985041514220,[0 0 0 0 0 0 0 0],7,264,[0. 0.],[0. 0.],Glow Plugs,41227676,1761498985,0
1761498985133461403,[0 0 0 0 0 0 0 0],7,264,[0. 0.],[0. 0.],Glow Plugs,133167241,1761498985,0
1761498985246145005,[0 0 0 0 0 0 0 0],7,264,[0. 0.],[0. 0.],Glow Plugs,245822643,1761498985,0
1761498985328119049,[0 0 0 0 0 0 0 0],7,264,[0. 0.],[0. 0.],Glow Plugs,327624927,1761498985,0
1761498985440200499,[0 0 0 0 0 0 0 0],7,264,[0. 0.],[0. 0.],Glow Plugs,440000443,1761498985,0
1761498985532199537,[0 0 0 0 0 0 0 0],7,264,[0. 0.],[0. 0.],Glow Plugs,531968240,1761498985,0
1761498985644685035,[0 0 0 0 0 0 0 0],7,264,[0. 0.],[0. 0.],Glow Plugs,644352623,1761498985,0
1761498985736634235,[0 0 0 0 0 0 0 0],7,264,[0. 0.],[0. 0.],Glow Plugs,736302815,1761498985,0
1761498985890850499,[0 0 0 0 0 0 0 0],7,264,[0. 0.],[0. 0.],Glow Plugs,890398277,1761498985,0
1761498985962780823,[0 0 0 0 0 0 0 0],7,264,[0. 0.],[0. 0.],Glow Plugs,962520623,1761498985,0
1761498986044492163,[0 0 0 0 0 0 0 0],7,264,[0. 0.],[0. 0.],Glow Plugs,44278376,1761498986,0
1761498986136231643,[0 0 0 0 0 0 0 0],7,264,[0. 0.],[0. 0.],Glow Plugs,136035044,1761498986,0
1761498986249124740,[0 0 0 0 0 0 0 0],7,264,[0. 0.],[0. 0.],Glow Plugs,248814574,1761498986,0
1761498986331196429,[0 0 0 0 0 0 0 0],7,264,[0. 0.],[0. 0.],Glow Plugs,330712616,1761498986,0
1761498986444715683,[0 0 0 0 0 0 0 0],7,264,[0. 0.],[0. 0.],Glow Plugs,444538098,1761498986,0
1761498986536669302,[0 0 0 0 0 0 0 0],7,264,[0. 0.],[0. 0.],Glow Plugs,536504296,1761498986,0
1761498986649329023,[0 0 0 0 0 0 0 0],7,264,[0. 0.],[0. 0.],Glow Plugs,649038991,1761498986,0
1761498986741356101,[0 0 0 0 0 0 0 0],7,264,[0. 0.],[0. 0.],Glow Plugs,741040846,1761498986,0
1761498986885289323,[0 0 0 0 0 0 0 0],7,264,[0. 0.],[0. 0.],Glow Plugs,885021633,1761498986,0
1761498986957618706,[0 0 0 0 0 0 0 0],7,264,[0. 0.],[0. 0.],Glow Plugs,957294008,1761498986,0
1761498987049916724,[0 0 0 0 0 0 0 0],7,264,[0. 0.],[0. 0.],Glow Plugs,49597436,1761498987,0
1761498987142744825,[0 0 0 0 0 0 0 0],7,264,[0. 0.],[0. 0.],Glow Plugs,142429250,1761498987,0
1761498987244744531,[0 0 0 0 0 0 0 0],7,264,[0. 0.],[0. 0.],Glow Plugs,244529560,1761498987,0
1761498987336739091,[0 0 0 0 0 0 0 0],7,264,[0. 0.],[0. 0.],Glow Plugs,336567172,1761498987,0
1761498987449054813,[0 0 0 0 0 0 0 0],7,264,[0. 0.],[0. 0.],Glow Plugs,448899698,1761498987,0
1761498987541307908,[0 0 0 0 0 0 0 0],7,264,[0. 0.],[0. 0.],Glow Plugs,541060448,1761498987,0
1761498987653593989,[0 0 0 0 0 0 0 0],7,264,[0. 0.],[0. 0.],Glow Plugs,653355332,1761498987,0
1761498987735896737,[0 0 0 0 0 0 0 0],7,264,[0. 0.],[0. 0.],Glow Plugs,735662561,1761498987,0
1761498987889305241,[0 0 0 0 0 0 0 0],7,264,[0. 0.],[0. 0.],Glow Plugs,889004935,1761498987,0
1761498987961466902,[0 0 0 0 0 0 0 0],7,264,[0. 0.],[0. 0.],Glow Plugs,961064263,1761498987,0
1761498988053446973,[0 0 0 0 0 0 0 0],7,264,[0. 0.],[0. 0.],Glow Plugs,53033549,1761498988,0
1761498988145176825,[0 0 0 0 0 0 0 0],7,264,[0. 0.],[0. 0.],Glow Plugs,144956061,1761498988,0
1761498988257208886,[0 0 0 0 0 0 0 0],7,264,[0. 0.],[0. 0.],Glow Plugs,257048139,1761498988,0
1761498988338980982,[0 0 0 0 0 0 0 0],7,264,[0. 0.],[0. 0.],Glow Plugs,338783072,1761498988,0
1761498988451837076,[0 0 0 0 0 0 0 0],7,264,[0. 0.],[0. 0.],Glow Plugs,451358674,1761498988,0
1761498988543431051,[0 0 0 0 0 0 0 0],7,264,[0. 0.],[0. 0.],Glow Plugs,543142524,1761498988,0
1761498988655942411,[0 0 0 0 0 0 0 0],7,264,[0. 0.],[0. 0.],Glow Plugs,655633559,1761498988,0
1761498988747856761,[0 0 0 0 0 0 0 0],7,264,[0. 0.],[0. 0.],Glow Plugs,747553639,1761498988,0
1761498988893234238,[0 0 0 0 0 0 0 0],7,264,[0. 0.],[0. 0.],Glow Plugs,892763901,1761498988,0
1761498988965830071,[0 0 0 0 0 0 0 0],7,264,[0. 0.],[0. 0.],Glow Plugs,965535654,1761498988,0
1761498989057363298,[0 0 0 0 0 0 0 0],7,264,[0. 0.],[0. 0.],Glow Plugs,57102523,1761498989,0
1761498989149244812,[0 0 0 0 0 0 0 0],7,264,[0. 0.],[0. 0.],Glow Plugs,148874152,1761498989,0
1761498989251415804,[0 0 0 0 0 0 0 0],7,264,[0. 0.],[0. 0.],Glow Plugs,251170649,1761498989,0
1761498989343712887,[0 0 0 0 0 0 0 0],7,264,[0. 0.],[0. 0.],Glow Plugs,343410021,1761498989,0
1761498989456925015,[0 0 0 0 0 0 0 0],7,264,[0. 0.],[0. 0.],Glow Plugs,456552338,1761498989,0
1761498989549096464,[0 0 0 0 0 0 0 0],7,264,[0. 0.],[0. 0.],Glow Plugs,548775097,1761498989,0
1761498989661638267,[0 0 0 0 0 0 0 0],7,264,[0. 0.],[0. 0.],Glow Plugs,661299295,1761498989,0
1761498989743761648,[0 0 0 0 0 0 0 0],7,264,[0. 0.],[0. 0.],Glow Plugs,743526480,1761498989,0
1761498989897916683,[0 0 0 0 0 0 0 0],7,264,[0. 0.],[0. 0.],Glow Plugs,897573005,1761498989,0
1761498989970905172,[0 0 0 0 0 0 0 0],7,264,[0. 0.],[0. 0.],Glow Plugs,970559350,1761498989,0
1761498990063213454,[0 0 0 0 0 0 0 0],7,264,[0. 0.],[0. 0.],Glow Plugs,62900345,1761498990,0
1761498990145757643,[0 0 0 0 0 0 0 0],7,264,[0. 0.],[0. 0.],Glow Plugs,145159402,1761498990,0
1761498990258124618,[0 0 0 0 0 0 0 0],7,264,[0. 0.],[0. 0.],Glow Plugs,257790992,1761498990,0
1761498990350380416,[0 0 0 0 0 0 0 0],7,264,[0. 0.],[0. 0.],Glow Plugs,350103285,1761498990,0
1761498990463781814,[0 0 0 0 0 0 0 0],7,264,[0. 0.],[0. 0.],Glow Plugs,463277742,1761498990,0
1761498990556025384,[0 0 0 0 0 0 0 0],7,264,[0. 0.],[0. 0.],Glow Plugs,555631230,1761498990,0
1761498990658446896,[0 0 0 0 0 0 0 0],7,264,[0. 0.],[0. 0.],Glow Plugs,658157410,1761498990,0
1761498990750783259,[0 0 0 0 0 0 0 0],7,264,[0. 0.],[0. 0.],Glow Plugs,750578500,1761498990,0
1761498990905250697,[0 0 0 0 0 0 0 0],7,264,[0. 0.],[0. 0.],Glow Plugs,904950136,1761498990,0
1761498990977606637,[0 0 0 0 0 0 0 0],7,264,[0. 0.],[0. 0.],Glow Plugs,977431358,1761498990,0
1761498991060264459,[0 0 0 0 0 0 0 0],7,264,[0. 0.],[0. 0.],Glow Plugs,59725306,1761498991,0
1761498991152671440,[0 0 0 0 0 0 0 0],7,264,[0. 0.],[0. 0.],Glow Plugs,152355483,1761498991,0
1761498991265054969,[0 0 0 0 0 0 0 0],7,264,[0. 0.],[0. 0.],Glow Plugs,264678452,1761498991,0
1761498991357044558,[0 0 0 0 0 0 0 0],7,264,[0. 0.],[0. 0.],Glow Plugs,356820242,1761498991,0
1761498991459932361,[0 0 0 0 0 0 0 0],7,264,[0. 0.],[0. 0.],Glow Plugs,459723089,1761498991,0
1761498991552105392,[0 0 0 0 0 0 0 0],7,264,[0. 0.],[0. 0.],Glow Plugs,551873201,1761498991,0
1761498991664915595,[0 0 0 0 0 0 0 0],7,264,[0. 0.],[0. 0.],Glow Plugs,664597110,1761498991,0
1761498991757550381,[0 0 0 0 0 0 0 0],7,264,[0. 0.],[0. 0.],Glow Plugs,757243131,1761498991,0
1761498991911715241,[0 0 0 0 0 0 0 0],7,264,[0. 0.],[0. 0.],Glow Plugs,911434686,1761498991,0
1761498991984398477,[0 0 0 0 0 0 0 0],7,264,[0. 0.],[0. 0.],Glow Plugs,983887108,1761498991,0
1761498992066586874,[0 0 0 0 0 0 0 0],7,264,[0. 0.],[0. 0.],Glow Plugs,66209366,1761498992,0
1761498992158889803,[0 0 0 0 0 0 0 0],7,264,[0. 0.],[0. 0.],Glow Plugs,158632135,1761498992,0
1761498992272284361,[0 0 0 0 0 0 0 0],7,264,[0. 0.],[0. 0.],Glow Plugs,271765983,1761498992,0
1761498992354310828,[0 0 0 0 0 0 0 0],7,264,[0. 0.],[0. 0.],Glow Plugs,354012732,1761498992,0
1761498992467020979,[0 0 0 0 0 0 0 0],7,264,[0. 0.],[0. 0.],Glow Plugs,466721827,1761498992,0
1761498992559903934,[0 0 0 0 0 0 0 0],7,264,[0. 0.],[0. 0.],Glow Plugs,559556834,1761498992,0
1761498992672323768,[0 0 0 0 0 0 0 0],7,264,[0. 0.],[0. 0.],Glow Plugs,672092763,1761498992,0
1761498992754846879,[0 0 0 0 0 0 0 0],7,264,[0. 0.],[0. 0.],Glow Plugs,754604703,1761498992,0
1761498992909415785,[0 0 0 0 0 0 0 0],7,264,[0. 0.],[0. 0.],Glow Plugs,908784897,1761498992,0
1761498992981700139,[0 0 0 0 0 0 0 0],7,264,[0. 0.],[0. 0.],Glow Plugs,981382999,1761498992,0
1761498993074424953,[0 0 0 0 0 0 0 0],7,264,[0. 0.],[0. 0.],Glow Plugs,73958941,1761498993,0
1761498993155812748,[0 0 0 0 0 0 0 0],7,264,[0. 0.],[0. 0.],Glow Plugs,155652098,1761498993,0
1761498993268159964,[0 0 0 0 0 0 0 0],7,264,[0. 0.],[0. 0.],Glow Plugs,267877169,1761498993,0
1761498993360009150,[0 0 0 0 0 0 0 0],7,264,[0. 0.],[0. 0.],Glow Plugs,359802792,1761498993,0
1761498993472547616,[0 0 0 0 0 0 0 0],7,264,[0. 0.],[0. 0.],Glow Plugs,472285403,1761498993,0
1761498993564196301,[0 0 0 0 0 0 0 0],7,264,[0. 0.],[0. 0.],Glow Plugs,564021887,1761498993,0
1761498993676889624,[0 0 0 0 0 0 0 0],7,264,[0. 0.],[0. 0.],Glow Plugs,676449764,1761498993,0
1761498993758931577,[0 0 0 0 0 0 0 0],7,264,[0. 0.],[0. 0.],Glow Plugs,758455643,1761498993,0
1761498993912507647,[0 0 0 0 0 0 0 0],7,264,[0. 0.],[0. 0.],Glow Plugs,912265599,1761498993,0
1761498993984550700,[0 0 0 0 0 0 0 0],7,264,[0. 0.],[0. 0.],Glow Plugs,984372573,1761498993,0
1761498994076545054,[0 0 0 0 0 0 0 0],7,264,[0. 0.],[0. 0.],Glow Plugs,76370608,1761498994,0
1761498994158548816,[0 0 0 0 0 0 0 0],7,264,[0. 0.],[0. 0.],Glow Plugs,158283946,1761498994,0
1761498994270944854,[0 0 0 0 0 0 0 0],7,264,[0. 0.],[0. 0.],Glow Plugs,270652745,1761498994,0
1761498994363719479,[0 0 0 0 0 0 0 0],7,264,[0. 0.],[0. 0.],Glow Plugs,363282084,1761498994,0
1761498994476589273,[0 0 0 0 0 0 0 0],7,264,[0. 0.],[0. 0.],Glow Plugs,476298445,1761498994,0
1761498994569835478,[0 0 0 0 0 0 0 0],7,264,[0. 0.],[0. 0.],Glow Plugs,569249660,1761498994,0
1761498994673838622,[0 0 0 0 0 0 0 0],7,264,[0. 0.],[0. 0.],Glow Plugs,673213530,1761498994,0
1761498994765788486,[0 0 0 0 0 0 0 0],7,264,[0. 0.],[0. 0.],Glow Plugs,765286434,1761498994,0
1761498994920094036,[0 0 0 0 0 0 0 0],7,264,[0. 0.],[0. 0.],Glow Plugs,919533921,1761498994,0
1761498994991988452,[0 0 0 0 0 0 0 0],7,264,[0. 0.],[0. 0.],Glow Plugs,991770219,1761498994,0
1761498995074288690,[0 0 0 0 0 0 0 0],7,264,[0. 0.],[0. 0.],Glow Plugs,73997478,1761498995,0
1761498995166419958,[0 0 0 0 0 0 0 0],7,264,[0. 0.],[0. 0.],Glow Plugs,166049813,1761498995,0
1761498995281314196,[0 0 0 0 0 0 0 0],7,264,[0. 0.],[0. 0.],Glow Plugs,280993376,1761498995,0
1761498995363301982,[0 0 0 0 0 0 0 0],7,264,[0. 0.],[0. 0.],Glow Plugs,362972359,1761498995,0
1761498995475714739,[0 0 0 0 0 0 0 0],7,264,[0. 0.],[0. 0.],Glow Plugs,475397408,1761498995,0
1761498995567857850,[0 0 0 0 0 0 0 0],7,264,[0. 0.],[0. 0.],Glow Plugs,567580017,1761498995,0
1761498995680409940,[0 0 0 0 0 0 0 0],7,264,[0. 0.],[0. 0.],Glow Plugs,680108485,1761498995,0
1761498995772469349,[0 0 0 0 0 0 0 0],7,264,[0. 0.],[0. 0.],Glow Plugs,772220804,1761498995,0
1761498995926126449,[0 0 0 0 0 0 0 0],7,264,[0. 0.],[0. 0.],Glow Plugs,925824674,1761498995,0
1761498995998251434,[0 0 0 0 0 0 0 0],7,264,[0. 0.],[0. 0.],Glow Plugs,997778350,1761498995,0
1761498996079661987,[0 0 0 0 0 0 0 0],7,264,[0. 0.],[0. 0.],Glow Plugs,79458255,1761498996,0
1761498996171892878,[0 0 0 0 0 0 0 0],7,264,[0. 0.],[0. 0.],Glow Plugs,171628009,1761498996,0
1761498996284694485,[0 0 0 0 0 0 0 0],7,264,[0. 0.],[0. 0.],Glow Plugs,284218522,1761498996,0
1761498996366773236,[0 0 0 0 0 0 0 0],7,264,[0. 0.],[0. 0.],Glow Plugs,366482920,1761498996,0
1761498996479548660,[0 0 0 0 0 0 0 0],7,264,[0. 0.],[0. 0.],Glow Plugs,479234883,1761498996,0
1761498996571720303,[0 0 0 0 0 0 0 0],7,264,[0. 0.],[0. 0.],Glow Plugs,571234129,1761498996,0
1761498996683657462,[0 0 0 0 0 0 0 0],7,264,[0. 0.],[0. 0.],Glow Plugs,683477416,1761498996,0
1761498996776258593,[0 0 0 0 0 0 0 0],7,264,[0. 0.],[0. 0.],Glow Plugs,776038920,1761498996,0
1761498996920216738,[0 0 0 0 0 0 0 0],7,264,[0. 0.],[0. 0.],Glow Plugs,920007243,1761498996,0
1761498996992030807,[0 0 0 0 0 0 0 0],7,264,[0. 0.],[0. 0.],Glow Plugs,991797883,1761498996,0
1761498997084143113,[0 0 0 0 0 0 0 0],7,264,[0. 0.],[0. 0.],Glow Plugs,83930258,1761498997,0
1761498997176280234,[0 0 0 0 0 0 0 0],7,264,[0. 0.],[0. 0.],Glow Plugs,176045261,1761498997,0
1761498997289062393,[0 0 0 0 0 0 0 0],7,264,[0. 0.],[0. 0.],Glow Plugs,288787410,1761498997,0
1761498997371065058,[0 0 0 0 0 0 0 0],7,264,[0. 0.],[0. 0.],Glow Plugs,370783898,1761498997,0
1761498997484909156,[0 0 0 0 0 0 0 0],7,264,[0. 0.],[0. 0.],Glow Plugs,484659556,1761498997,0
1761498997576821514,[0 0 0 0 0 0 0 0],7,264,[0. 0.],[0. 0.],Glow Plugs,576631865,1761498997,0
1761498997689462422,[0 0 0 0 0 0 0 0],7,264,[0. 0.],[0. 0.],Glow Plugs,689175244,1761498997,0
1761498997772301815,[0 0 0 0 0 0 0 0],7,264,[0. 0.],[0. 0.],Glow Plugs,772034002,1761498997,0
1761498997926667377,[0 0 0 0 0 0 0 0],7,264,[0. 0.],[0. 0.],Glow Plugs,926395595,1761498997,0
1761498997998848628,[0 0 0 0 0 0 0 0],7,264,[0. 0.],[0. 0.],Glow Plugs,998298790,1761498997,0
1761498998090838091,[0 0 0 0 0 0 0 0],7,264,[0. 0.],[0. 0.],Glow Plugs,90278748,1761498998,0
1761498998182606524,[0 0 0 0 0 0 0 0],7,264,[0. 0.],[0. 0.],Glow Plugs,182304206,1761498998,0
1761498998285260501,[0 0 0 0 0 0 0 0],7,264,[0. 0.],[0. 0.],Glow Plugs,284726092,1761498998,0
1761498998376958068,[0 0 0 0 0 0 0 0],7,264,[0. 0.],[0. 0.],Glow Plugs,376636673,1761498998,0
1761498998489094733,[0 0 0 0 0 0 0 0],7,264,[0. 0.],[0. 0.],Glow Plugs,488881782,1761498998,0
1761498998580971578,[0 0 0 0 0 0 0 0],7,264,[0. 0.],[0. 0.],Glow Plugs,580716024,1761498998,0
