timestamp,can_msg.data,can_msg.dlc,can_msg.id,error,header.frame_id,header.stamp.nanosec,header.stamp.sec,integrator,pump_power,windup
1761498519562914249,[250 137   2   5   4 142   0   0],8,265,1166.0,NgReg,562561051,1761498519,64137.0,0.0,517
1761498519675121950,[250 137   2   5   4 142   0   0],8,265,1166.0,NgReg,674730703,1761498519,64137.0,0.0,517
1761498519758700536,[250 137   2   5   4 142   0   0],8,265,1166.0,NgReg,758102594,1761498519,64137.0,0.0,517
1761498519870824522,[250 137   2   5   4 142   0   0],8,265,1166.0,NgReg,870525567,1761498519,64137.0,0.0,517
1761498519962600059,[250 137   2   5   4 142   0   0],8,265,1166.0,NgReg,962429908,1761498519,64137.0,0.0,517
1761498520075601015,[250 137   2   5   4 142   0   0],8,265,1166.0,NgReg,75189512,1761498520,64137.0,0.0,517
1761498520167610610,[250 137   2   5   4 142   0   0],8,265,1166.0,NgReg,167322632,1761498520,64137.0,0.0,517
1761498520313608087,[250 137   2   5   4 142   0   0],8,265,1166.0,NgReg,313069955,1761498520,64137.0,0.0,517
1761498520385183540,[250 137   2   5   4 142   0   0],8,265,1166.0,NgReg,385031854,1761498520,64137.0,0.0,517
1761498520477265458,[250 137   2   5   4 142   0   0],8,265,1166.0,NgReg,477061099,1761498520,64137.0,0.0,517
1761498520569108551,[250 137   2   5   4 142   0   0],8,265,1166.0,NgReg,568958242,1761498520,64137.0,0.0,517
1761498520672750039,[250 137   2   5   4 142   0   0],8,265,1166.0,NgReg,672419499,1761498520,64137.0,0.0,517
1761498520766891427,[250 137   2   5   4 142   0   0],8,265,1166.0,NgReg,764998940,1761498520,64137.0,0.0,517
1761498520878324343,[250 137   2   5   4 142   0   0],8,265,1166.0,NgReg,878077646,1761498520,64137.0,0.0,517
1761498520971595650,[250 137   2   5   4 142   0   0],8,265,1166.0,NgReg,971166930,1761498520,64137.0,0.0,517
1761498521074305752,[250 137   2   5   4 142   0   0],8,265,1166.0,NgReg,73789317,1761498521,64137.0,0.0,517
1761498521166811240,[250 137   2   5   4 142   0   0],8,265,1166.0,NgReg,166510717,1761498521,64137.0,0.0,517
1761498521321646311,[250 137   2   5   4 142   0   0],8,265,1166.0,NgReg,321205142,1761498521,64137.0,0.0,517
1761498521395187702,[250 137   2   5   4 142   0   0],8,265,1166.0,NgReg,394569119,1761498521,64137.0,0.0,517
1761498521477796278,[250 137   2   5   4 142   0   0],8,265,1166.0,NgReg,477389479,1761498521,64137.0,0.0,517
1761498521569197822,[250 137   2   5   4 142   0   0],8,265,1166.0,NgReg,568954645,1761498521,64137.0,0.0,517
1761498521681383338,[250 137   2   5   4 142   0   0],8,265,1166.0,NgReg,681126144,1761498521,64137.0,0.0,517
1761498521773813112,[250 137   2   5   4 142   0   0],8,265,1166.0,NgReg,773162815,1761498521,64137.0,0.0,517
1761498521877765586,[250 137   2   5   4 142   0   0],8,265,1166.0,NgReg,875681572,1761498521,64137.0,0.0,517
1761498521967693986,[250 137   2   5   4 142   0   0],8,265,1166.0,NgReg,967378935,1761498521,64137.0,0.0,517
1761498522079981850,[250 137   2   5   4 142   0   0],8,265,1166.0,NgReg,79731249,1761498522,64137.0,0.0,517
1761498522171933977,[250 137   2   5   4 142   0   0],8,265,1166.0,NgReg,171762258,1761498522,64137.0,0.0,517
1761498522325858405,[250 137   2   5   4 142   0   0],8,265,1166.0,NgReg,325539769,1761498522,64137.0,0.0,517
1761498522397524887,[250 137   2   5   4 142   0   0],8,265,1166.0,NgReg,397307919,1761498522,64137.0,0.0,517
1761498522479432259,[250 137   2   5   4 142   0   0],8,265,1166.0,NgReg,479158713,1761498522,64137.0,0.0,517
1761498522571262429,[250 137   2   5   4 142   0   0],8,265,1166.0,NgReg,570977171,1761498522,64137.0,0.0,517
1761498522683794739,[250 137   2   5   4 142   0   0],8,265,1166.0,NgReg,683338402,1761498522,64137.0,0.0,517
1761498522776345960,[250 137   2   5   4 142   0   0],8,265,1166.0,NgReg,775946041,1761498522,64137.0,0.0,517
1761498522888406028,[250 137   2   5   4 142   0   0],8,265,1166.0,NgReg,888115841,1761498522,64137.0,0.0,517
1761498522970194484,[250 137   2   5   4 142   0   0],8,265,1166.0,NgReg,969880136,1761498522,64137.0,0.0,517
1761498523082459430,[250 137   2   5   4 142   0   0],8,265,1166.0,NgReg,82217565,1761498523,64137.0,0.0,517
1761498523174659889,[250 137   2   5   4 142   0   0],8,265,1166.0,NgReg,174381735,1761498523,64137.0,0.0,517
1761498523328380261,[250 137   2   5   4 142   0   0],8,265,1166.0,NgReg,328057881,1761498523,64137.0,0.0,517
1761498523400341099,[250 137   2   5   4 142   0   0],8,265,1166.0,NgReg,399948349,1761498523,64137.0,0.0,517
1761498523482417924,[250 137   2   5   4 142   0   0],8,265,1166.0,NgReg,482123225,1761498523,64137.0,0.0,517
1761498523574460777,[250 137   2   5   4 142   0   0],8,265,1166.0,NgReg,574151422,1761498523,64137.0,0.0,517
1761498523687071294,[250 137   2   5   4 142   0   0],8,265,1166.0,NgReg,686705872,1761498523,64137.0,0.0,517
1761498523779771803,[250 137   2   5   4 142   0   0],8,265,1166.0,NgReg,779183429,1761498523,64137.0,0.0,517
1761498523891998241,[250 137   2   5   4 142   0   0],8,265,1166.0,NgReg,891711447,1761498523,64137.0,0.0,517
1761498523974105883,[250 137   2   5   4 142   0   0],8,265,1166.0,NgReg,973629962,1761498523,64137.0,0.0,517
1761498524086611826,[250 137   2   5   4 142   0   0],8,265,1166.0,NgReg,86293030,1761498524,64137.0,0.0,517
1761498524178604824,[250 137   2   5   4 142   0   0],8,265,1166.0,NgReg,178339407,1761498524,64137.0,0.0,517
1761498524332418271,[250 137   2   5   4 142   0   0],8,265,1166.0,NgReg,332243769,1761498524,64137.0,0.0,517
1761498524404951492,[250 137   2   5   4 142   0   0],8,265,1166.0,NgReg,404625752,1761498524,64137.0,0.0,517
1761498524486994594,[250 137   2   5   4 142   0   0],8,265,1166.0,NgReg,486732376,1761498524,64137.0,0.0,517
1761498524579356086,[250 137   2   5   4 142   0   0],8,265,1166.0,NgReg,578635163,1761498524,64137.0,0.0,517
1761498524691663612,[250 137   2   5   4 142   0   0],8,265,1166.0,NgReg,691249389,1761498524,64137.0,0.0,517
1761498524783892715,[250 137   2   5   4 142   0   0],8,265,1166.0,NgReg,783655938,1761498524,64137.0,0.0,517
1761498524886523283,[250 137   2   5   4 142   0   0],8,265,1166.0,NgReg,886144613,1761498524,64137.0,0.0,517
1761498524978703616,[250 137   2   5   4 142   0   0],8,265,1166.0,NgReg,978423030,1761498524,64137.0,0.0,517
1761498525091353112,[250 137   2   5   4 142   0   0],8,265,1166.0,NgReg,91082542,1761498525,64137.0,0.0,517
1761498525183535048,[250 137   2   5   4 142   0   0],8,265,1166.0,NgReg,183150266,1761498525,64137.0,0.0,517
1761498525337480932,[250 137   2   5   4 142   0   0],8,265,1166.0,NgReg,337247260,1761498525,64137.0,0.0,517
1761498525409873389,[250 137   2   5   4 142   0   0],8,265,1166.0,NgReg,409655174,1761498525,64137.0,0.0,517
1761498525491935794,[250 137   2   5   4 142   0   0],8,265,1166.0,NgReg,491701770,1761498525,64137.0,0.0,517
1761498525584321130,[250 137   2   5   4 142   0   0],8,265,1166.0,NgReg,584026559,1761498525,64137.0,0.0,517
1761498525697457227,[250 137   2   5   4 142   0   0],8,265,1166.0,NgReg,697309990,1761498525,64137.0,0.0,517
1761498525780119846,[250 137   2   5   4 142   0   0],8,265,1166.0,NgReg,779734744,1761498525,64137.0,0.0,517
1761498525892246787,[250 137   2   5   4 142   0   0],8,265,1166.0,NgReg,891959641,1761498525,64137.0,0.0,517
1761498525984544664,[250 137   2   5   4 142   0   0],8,265,1166.0,NgReg,984249709,1761498525,64137.0,0.0,517
1761498526097269678,[250 137   2   5   4 142   0   0],8,265,1166.0,NgReg,96689497,1761498526,64137.0,0.0,517
1761498526181532936,[250 137   2   5   4 142   0   0],8,265,1166.0,NgReg,180942354,1761498526,64137.0,0.0,517
1761498526335149896,[250 137   2   5   4 142   0   0],8,265,1166.0,NgReg,334767195,1761498526,64137.0,0.0,517
1761498526407580029,[250 137   2   5   4 142   0   0],8,265,1166.0,NgReg,407240433,1761498526,64137.0,0.0,517
1761498526500178432,[250 137   2   5   4 142   0   0],8,265,1166.0,NgReg,499791762,1761498526,64137.0,0.0,517
1761498526581762874,[250 137   2   5   4 142   0   0],8,265,1166.0,NgReg,581539506,1761498526,64137.0,0.0,517
1761498526693808018,[250 137   2   5   4 142   0   0],8,265,1166.0,NgReg,693529832,1761498526,64137.0,0.0,517
1761498526786117835,[250 137   2   5   4 142   0   0],8,265,1166.0,NgReg,785706588,1761498526,64137.0,0.0,517
1761498526898337064,[250 137   2   5   4 142   0   0],8,265,1166.0,NgReg,898053214,1761498526,64137.0,0.0,517
1761498526990306229,[250 137   2   5   4 142   0   0],8,265,1166.0,NgReg,990105198,1761498526,64137.0,0.0,517
1761498527092936194,[250 137   2   5   4 142   0   0],8,265,1166.0,NgReg,92622007,1761498527,64137.0,0.0,517
1761498527184700139,[250 137   2   5   4 142   0   0],8,265,1166.0,NgReg,184493220,1761498527,64137.0,0.0,517
1761498527338603687,[250 137   2   5   4 142   0   0],8,265,1166.0,NgReg,338395840,1761498527,64137.0,0.0,517
1761498527410839710,[250 137   2   5   4 142   0   0],8,265,1166.0,NgReg,410575509,1761498527,64137.0,0.0,517
1761498527502714411,[250 137   2   5   4 142   0   0],8,265,1166.0,NgReg,502480419,1761498527,64137.0,0.0,517
1761498527584160840,[250 137   2   5   4 142   0   0],8,265,1166.0,NgReg,583978946,1761498527,64137.0,0.0,517
1761498527696711023,[250 137   2   5   4 142   0   0],8,265,1166.0,NgReg,696406661,1761498527,64137.0,0.0,517
1761498527789096142,[250 137   2   5   4 142   0   0],8,265,1166.0,NgReg,788614013,1761498527,64137.0,0.0,517
1761498527900991967,[250 137   2   5   4 142   0   0],8,265,1166.0,NgReg,900789560,1761498527,64137.0,0.0,517
1761498527993233081,[250 137   2   5   4 142   0   0],8,265,1166.0,NgReg,993090708,1761498527,64137.0,0.0,517
1761498528105901829,[250 137   2   5   4 142   0   0],8,265,1166.0,NgReg,105680285,1761498528,64137.0,0.0,517
1761498528188371853,[250 137   2   5   4 142   0   0],8,265,1166.0,NgReg,187990432,1761498528,64137.0,0.0,517
1761498528343042293,[250 137   2   5   4 142   0   0],8,265,1166.0,NgReg,342616998,1761498528,64137.0,0.0,517
1761498528415396571,[250 137   2   5   4 142   0   0],8,265,1166.0,NgReg,415116657,1761498528,64137.0,0.0,517
1761498528497253485,[250 137   2   5   4 142   0   0],8,265,1166.0,NgReg,497097928,1761498528,64137.0,0.0,517
1761498528589413128,[250 137   2   5   4 142   0   0],8,265,1166.0,NgReg,589241058,1761498528,64137.0,0.0,517
1761498528701942957,[250 137   2   5   4 142   0   0],8,265,1166.0,NgReg,701692260,1761498528,64137.0,0.0,517
1761498528795377012,[250 137   2   5   4 142   0   0],8,265,1166.0,NgReg,795053225,1761498528,64137.0,0.0,517
1761498528907636911,[250 137   2   5   4 142   0   0],8,265,1166.0,NgReg,907372838,1761498528,64137.0,0.0,517
1761498528989592357,[250 137   2   5   4 142   0   0],8,265,1166.0,NgReg,989299419,1761498528,64137.0,0.0,517
1761498529101928869,[250 137   2   5   4 142   0   0],8,265,1166.0,NgReg,101716126,1761498529,64137.0,0.0,517
1761498529194243466,[250 137   2   5   4 142   0   0],8,265,1166.0,NgReg,193920767,1761498529,64137.0,0.0,517
1761498529348668315,[250 137   2   5   4 142   0   0],8,265,1166.0,NgReg,348447731,1761498529,64137.0,0.0,517
1761498529421073197,[250 137   2   5   4 142   0   0],8,265,1166.0,NgReg,420849029,1761498529,64137.0,0.0,517
1761498529503757315,[250 137   2   5   4 142   0   0],8,265,1166.0,NgReg,503288435,1761498529,64137.0,0.0,517
1761498529595825567,[250 137   2   5   4 142   0   0],8,265,1166.0,NgReg,595401232,1761498529,64137.0,0.0,517
1761498529708321953,[250 137   2   5   4 142   0   0],8,265,1166.0,NgReg,707966100,1761498529,64137.0,0.0,517
1761498529800564259,[250 137   2   5   4 142   0   0],8,265,1166.0,NgReg,800225495,1761498529,64137.0,0.0,517
1761498529903057481,[250 137   2   5   4 142   0   0],8,265,1166.0,NgReg,902728062,1761498529,64137.0,0.0,517
1761498529995162919,[250 137   2   5   4 142   0   0],8,265,1166.0,NgReg,994834395,1761498529,64137.0,0.0,517
1761498530107543781,[250 137   2   5   4 142   0   0],8,265,1166.0,NgReg,107270107,1761498530,64137.0,0.0,517
1761498530199792044,[250 137   2   5   4 142   0   0],8,265,1166.0,NgReg,199560324,1761498530,64137.0,0.0,517
1761498530354904678,[250 137   2   5   4 142   0   0],8,265,1166.0,NgReg,354568475,1761498530,64137.0,0.0,517
1761498530429734678,[250 137   2   5   4 142   0   0],8,265,1166.0,NgReg,429379274,1761498530,64137.0,0.0,517
1761498530511782942,[250 137   2   5   4 142   0   0],8,265,1166.0,NgReg,511569590,1761498530,64137.0,0.0,517
1761498530604090471,[250 137   2   5   4 142   0   0],8,265,1166.0,NgReg,603412239,1761498530,64137.0,0.0,517
1761498530706156351,[250 137   2   5   4 142   0   0],8,265,1166.0,NgReg,705853397,1761498530,64137.0,0.0,517
1761498530798220640,[250 137   2   5   4 142   0   0],8,265,1166.0,NgReg,797974392,1761498530,64137.0,0.0,517
1761498530910830756,[250 137   2   5   4 142   0   0],8,265,1166.0,NgReg,910418581,1761498530,64137.0,0.0,517
1761498531002880548,[250 137   2   5   4 142   0   0],8,265,1166.0,NgReg,2560793,1761498531,64137.0,0.0,517
1761498531115947638,[250 137   2   5   4 142   0   0],8,265,1166.0,NgReg,115329697,1761498531,64137.0,0.0,517
1761498531197448115,[250 137   2   5   4 142   0   0],8,265,1166.0,NgReg,197201322,1761498531,64137.0,0.0,517
1761498531351302452,[250 137   2   5   4 142   0   0],8,265,1166.0,NgReg,350851557,1761498531,64137.0,0.0,517
1761498531423341550,[250 137   2   5   4 142   0   0],8,265,1166.0,NgReg,423027748,1761498531,64137.0,0.0,517
1761498531516242032,[250 137   2   5   4 142   0   0],8,265,1166.0,NgReg,515962151,1761498531,64137.0,0.0,517
1761498531598016246,[250 137   2   5   4 142   0   0],8,265,1166.0,NgReg,597744749,1761498531,64137.0,0.0,517
1761498531710404561,[250 137   2   5   4 142   0   0],8,265,1166.0,NgReg,710120296,1761498531,64137.0,0.0,517
1761498531802610555,[250 137   2   5   4 142   0   0],8,265,1166.0,NgReg,802295665,1761498531,64137.0,0.0,517
1761498531915208925,[250 137   2   5   4 142   0   0],8,265,1166.0,NgReg,914901107,1761498531,64137.0,0.0,517
1761498532007383909,[250 137   2   5   4 142   0   0],8,265,1166.0,NgReg,6852787,1761498532,64137.0,0.0,517
1761498532109447170,[250 137   2   5   4 142   0   0],8,265,1166.0,NgReg,109170232,1761498532,64137.0,0.0,517
1761498532203415372,[250 137   2   5   4 142   0   0],8,265,1166.0,NgReg,203136739,1761498532,64137.0,0.0,517
1761498532357417286,[250 137   2   5   4 142   0   0],8,265,1166.0,NgReg,357048185,1761498532,64137.0,0.0,517
1761498532430118209,[250 137   2   5   4 142   0   0],8,265,1166.0,NgReg,429761013,1761498532,64137.0,0.0,517
1761498532512796334,[250 137   2   5   4 142   0   0],8,265,1166.0,NgReg,512561798,1761498532,64137.0,0.0,517
1761498532604614096,[250 137   2   5   4 142   0   0],8,265,1166.0,NgReg,604444586,1761498532,64137.0,0.0,517
1761498532716873797,[250 137   2   5   4 142   0   0],8,265,1166.0,NgReg,716675134,1761498532,64137.0,0.0,517
1761498532809185304,[250 137   2   5   4 142   0   0],8,265,1166.0,NgReg,808965584,1761498532,64137.0,0.0,517
1761498532922062114,[250 137   2   5   4 142   0   0],8,265,1166.0,NgReg,921712694,1761498532,64137.0,0.0,517
1761498533004241469,[250 137   2   5   4 142   0   0],8,265,1166.0,NgReg,3941075,1761498533,64137.0,0.0,517
1761498533116549460,[250 137   2   5   4 142   0   0],8,265,1166.0,NgReg,116362285,1761498533,64137.0,0.0,517
1761498533208876396,[250 137   2   5   4 142   0   0],8,265,1166.0,NgReg,208545825,1761498533,64137.0,0.0,517
1761498533363689972,[250 137   2   5   4 142   0   0],8,265,1166.0,NgReg,363315687,1761498533,64137.0,0.0,517
1761498533436307895,[250 137   2   5   4 142   0   0],8,265,1166.0,NgReg,436008077,1761498533,64137.0,0.0,517
1761498533517939688,[250 137   2   5   4 142   0   0],8,265,1166.0,NgReg,517768643,1761498533,64137.0,0.0,517
1761498533610030553,[250 137   2   5   4 142   0   0],8,265,1166.0,NgReg,609774032,1761498533,64137.0,0.0,517
1761498533723001317,[250 137   2   5   4 142   0   0],8,265,1166.0,NgReg,722468531,1761498533,64137.0,0.0,517
1761498533814699720,[250 137   2   5   4 142   0   0],8,265,1166.0,NgReg,814440351,1761498533,64137.0,0.0,517
1761498533916658563,[250 137   2   5   4 142   0   0],8,265,1166.0,NgReg,916503006,1761498533,64137.0,0.0,517
1761498534009025435,[250 137   2   5   4 142   0   0],8,265,1166.0,NgReg,8730353,1761498534,64137.0,0.0,517
1761498534121271247,[250 137   2   5   4 142   0   0],8,265,1166.0,NgReg,120962789,1761498534,64137.0,0.0,517
1761498534212972344,[250 137   2   5   4 142   0   0],8,265,1166.0,NgReg,212767409,1761498534,64137.0,0.0,517
1761498534367410022,[250 137   2   5   4 142   0   0],8,265,1166.0,NgReg,367188063,1761498534,64137.0,0.0,517
1761498534440074358,[250 137   2   5   4 142   0   0],8,265,1166.0,NgReg,439854286,1761498534,64137.0,0.0,517
1761498534522422695,[250 137   2   5   4 142   0   0],8,265,1166.0,NgReg,522116029,1761498534,64137.0,0.0,517
1761498534614731844,[250 137   2   5   4 142   0   0],8,265,1166.0,NgReg,614421018,1761498534,64137.0,0.0,517
1761498534727184863,[250 137   2   5   4 142   0   0],8,265,1166.0,NgReg,726906678,1761498534,64137.0,0.0,517
1761498534809316265,[250 137   2   5   4 142   0   0],8,265,1166.0,NgReg,809143524,1761498534,64137.0,0.0,517
1761498534921946602,[250 137   2   5   4 142   0   0],8,265,1166.0,NgReg,921656192,1761498534,64137.0,0.0,517
1761498535014126719,[250 137   2   5   4 142   0   0],8,265,1166.0,NgReg,13868247,1761498535,64137.0,0.0,517
1761498535128144749,[250 137   2   5   4 142   0   0],8,265,1166.0,NgReg,127980680,1761498535,64137.0,0.0,517
1761498535210173437,[250 137   2   5   4 142   0   0],8,265,1166.0,NgReg,209958998,1761498535,64137.0,0.0,517
1761498535364380887,[250 137   2   5   4 142   0   0],8,265,1166.0,NgReg,364224274,1761498535,64137.0,0.0,517
1761498535436797226,[250 137   2   5   4 142   0   0],8,265,1166.0,NgReg,436237623,1761498535,64137.0,0.0,517
1761498535528760257,[250 137   2   5   4 142   0   0],8,265,1166.0,NgReg,528450519,1761498535,64137.0,0.0,517
1761498535620630165,[250 137   2   5   4 142   0   0],8,265,1166.0,NgReg,620370380,1761498535,64137.0,0.0,517
1761498535722705721,[250 137   2   5   4 142   0   0],8,265,1166.0,NgReg,722409327,1761498535,64137.0,0.0,517
1761498535815111006,[250 137   2   5   4 142   0   0],8,265,1166.0,NgReg,814824373,1761498535,64137.0,0.0,517
1761498535928332146,[250 137   2   5   4 142   0   0],8,265,1166.0,NgReg,928116491,1761498535,64137.0,0.0,517
1761498536020826069,[250 137   2   5   4 142   0   0],8,265,1166.0,NgReg,20316421,1761498536,64137.0,0.0,517
1761498536123255080,[250 137   2   5   4 142   0   0],8,265,1166.0,NgReg,122889660,1761498536,64137.0,0.0,517
1761498536215287943,[250 137   2   5   4 142   0   0],8,265,1166.0,NgReg,215002526,1761498536,64137.0,0.0,517
1761498536369802976,[250 137   2   5   4 142   0   0],8,265,1166.0,NgReg,369371954,1761498536,64137.0,0.0,517
1761498536442124091,[250 137   2   5   4 142   0   0],8,265,1166.0,NgReg,441874898,1761498536,64137.0,0.0,517
1761498536524133202,[250 137   2   5   4 142   0   0],8,265,1166.0,NgReg,523920363,1761498536,64137.0,0.0,517
1761498536615949834,[250 137   2   5   4 142   0   0],8,265,1166.0,NgReg,615782245,1761498536,64137.0,0.0,517
1761498536728819250,[250 137   2   5   4 142   0   0],8,265,1166.0,NgReg,728378372,1761498536,64137.0,0.0,517
1761498536820554759,[250 137   2   5   4 142   0   0],8,265,1166.0,NgReg,820318848,1761498536,64137.0,0.0,517
1761498536933620565,[250 137   2   5   4 142   0   0],8,265,1166.0,NgReg,933238537,1761498536,64137.0,0.0,517
1761498537015947796,[250 137   2   5   4 142   0   0],8,265,1166.0,NgReg,15439011,1761498537,64137.0,0.0,517
1761498537128249801,[250 137   2   5   4 142   0   0],8,265,1166.0,NgReg,127998241,1761498537,64137.0,0.0,517
1761498537220317487,[250 137   2   5   4 142   0   0],8,265,1166.0,NgReg,220149866,1761498537,64137.0,0.0,517
1761498537374937568,[250 137   2   5   4 142   0   0],8,265,1166.0,NgReg,374501330,1761498537,64137.0,0.0,517
1761498537447670964,[250 137   2   5   4 142   0   0],8,265,1166.0,NgReg,447318760,1761498537,64137.0,0.0,517
1761498537529644563,[250 137   2   5   4 142   0   0],8,265,1166.0,NgReg,529369258,1761498537,64137.0,0.0,517
1761498537621369006,[250 137   2   5   4 142   0   0],8,265,1166.0,NgReg,621206921,1761498537,64137.0,0.0,517
1761498537733681092,[250 137   2   5   4 142   0   0],8,265,1166.0,NgReg,733477949,1761498537,64137.0,0.0,517
1761498537825914991,[250 137   2   5   4 142   0   0],8,265,1166.0,NgReg,825623334,1761498537,64137.0,0.0,517
1761498537938286279,[250 137   2   5   4 142   0   0],8,265,1166.0,NgReg,938004990,1761498537,64137.0,0.0,517
1761498538020089372,[250 137   2   5   4 142   0   0],8,265,1166.0,NgReg,19807731,1761498538,64137.0,0.0,517
1761498538132346448,[250 137   2   5   4 142   0   0],8,265,1166.0,NgReg,132056807,1761498538,64137.0,0.0,517
1761498538224254392,[250 137   2   5   4 142   0   0],8,265,1166.0,NgReg,223985871,1761498538,64137.0,0.0,517
1761498538378172838,[250 137   2   5   4 142   0   0],8,265,1166.0,NgReg,377459887,1761498538,64137.0,0.0,517
1761498538449523577,[250 137   2   5   4 142   0   0],8,265,1166.0,NgReg,449359988,1761498538,64137.0,0.0,517
1761498538531250713,[250 137   2   5   4 142   0   0],8,265,1166.0,NgReg,531094100,1761498538,64137.0,0.0,517
1761498538623521836,[250 137   2   5   4 142   0   0],8,265,1166.0,NgReg,623054493,1761498538,64137.0,0.0,517
1761498538735891524,[250 137   2   5   4 142   0   0],8,265,1166.0,NgReg,735537497,1761498538,64137.0,0.0,517
1761498538827880590,[250 137   2   5   4 142   0   0],8,265,1166.0,NgReg,827675464,1761498538,64137.0,0.0,517
1761498538940176484,[250 137   2   5   4 142   0   0],8,265,1166.0,NgReg,939841913,1761498538,64137.0,0.0,517
1761498539022045156,[250 137   2   5   4 142   0   0],8,265,1166.0,NgReg,21783643,1761498539,64137.0,0.0,517
1761498539134526656,[250 137   2   5   4 142   0   0],8,265,1166.0,NgReg,134303097,1761498539,64137.0,0.0,517
1761498539226661365,[250 137   2   5   4 142   0   0],8,265,1166.0,NgReg,226320074,1761498539,64137.0,0.0,517
1761498539380734941,[250 137   2   5   4 142   0   0],8,265,1166.0,NgReg,380525751,1761498539,64137.0,0.0,517
1761498539452876470,[250 137   2   5   4 142   0   0],8,265,1166.0,NgReg,452621006,1761498539,64137.0,0.0,517
1761498539535052398,[250 137   2   5   4 142   0   0],8,265,1166.0,NgReg,534739780,1761498539,64137.0,0.0,517
1761498539626904281,[250 137   2   5   4 142   0   0],8,265,1166.0,NgReg,626651313,1761498539,64137.0,0.0,517
1761498539739126574,[250 137   2   5   4 142   0   0],8,265,1166.0,NgReg,738922279,1761498539,64137.0,0.0,517
1761498539831456969,[250 137   2   5   4 142   0   0],8,265,1166.0,NgReg,831157311,1761498539,64137.0,0.0,517
1761498539943575066,[250 137   2   5   4 142   0   0],8,265,1166.0,NgReg,943394452,1761498539,64137.0,0.0,517
1761498540025581478,[250 137   2   5   4 142   0   0],8,265,1166.0,NgReg,25392096,1761498540,64137.0,0.0,517
1761498540137849084,[250 137   2   5   4 142   0   0],8,265,1166.0,NgReg,137641814,1761498540,64137.0,0.0,517
1761498540229837555,[250 137   2   5   4 142   0   0],8,265,1166.0,NgReg,229558410,1761498540,64137.0,0.0,517
1761498540384685418,[250 137   2   5   4 142   0   0],8,265,1166.0,NgReg,384040917,1761498540,64137.0,0.0,517
1761498540456522660,[250 137   2   5   4 142   0   0],8,265,1166.0,NgReg,456304541,1761498540,64137.0,0.0,517
1761498540538857418,[250 137   2   5   4 142   0   0],8,265,1166.0,NgReg,538563713,1761498540,64137.0,0.0,517
1761498540631164779,[250 137   2   5   4 142   0   0],8,265,1166.0,NgReg,630878818,1761498540,64137.0,0.0,517
1761498540743869584,[250 137   2   5   4 142   0   0],8,265,1166.0,NgReg,743652041,1761498540,64137.0,0.0,517
1761498540836442297,[250 137   2   5   4 142   0   0],8,265,1166.0,NgReg,836067885,1761498540,64137.0,0.0,517
1761498540939323175,[250 137   2   5   4 142   0   0],8,265,1166.0,NgReg,938970076,1761498540,64137.0,0.0,517
1761498541031436218,[250 137   2   5   4 142   0   0],8,265,1166.0,NgReg,31057039,1761498541,64137.0,0.0,517
1761498541143915481,[250 137   2   5   4 142   0   0],8,265,1166.0,NgReg,143536109,1761498541,64137.0,0.0,517
1761498541235831380,[250 137   2   5   4 142   0   0],8,265,1166.0,NgReg,235546827,1761498541,64137.0,0.0,517
1761498541389608319,[250 137   2   5   4 142   0   0],8,265,1166.0,NgReg,389400760,1761498541,64137.0,0.0,517
1761498541462164988,[250 137   2   5   4 142   0   0],8,265,1166.0,NgReg,461817425,1761498541,64137.0,0.0,517
1761498541545022972,[250 137   2   5   4 142   0   0],8,265,1166.0,NgReg,544671793,1761498541,64137.0,0.0,517
1761498541636983609,[250 137   2   5   4 142   0   0],8,265,1166.0,NgReg,636757330,1761498541,64137.0,0.0,517
1761498541749993032,[250 137   2   5   4 142   0   0],8,265,1166.0,NgReg,749705727,1761498541,64137.0,0.0,517
1761498541832619105,[250 137   2   5   4 142   0   0],8,265,1166.0,NgReg,832368921,1761498541,64137.0,0.0,517
1761498541945295045,[250 137   2   5   4 142   0   0],8,265,1166.0,NgReg,944985820,1761498541,64137.0,0.0,517
1761498542037737192,[250 137   2   5   4 142   0   0],8,265,1166.0,NgReg,37505697,1761498542,64137.0,0.0,517
1761498542150469264,[250 137   2   5   4 142   0   0],8,265,1166.0,NgReg,150194631,1761498542,64137.0,0.0,517
1761498542242597880,[250 137   2   5   4 142   0   0],8,265,1166.0,NgReg,242296751,1761498542,64137.0,0.0,517
1761498542386782864,[250 137   2   5   4 142   0   0],8,265,1166.0,NgReg,386543304,1761498542,64137.0,0.0,517
1761498542459384443,[250 137   2   5   4 142   0   0],8,265,1166.0,NgReg,459040784,1761498542,64137.0,0.0,517
1761498542551892752,[250 137   2   5   4 142   0   0],8,265,1166.0,NgReg,551675977,1761498542,64137.0,0.0,517
1761498542644043065,[250 137   2   5   4 142   0   0],8,265,1166.0,NgReg,643751760,1761498542,64137.0,0.0,517
1761498542746662151,[250 137   2   5   4 142   0   0],8,265,1166.0,NgReg,746338461,1761498542,64137.0,0.0,517
1761498542839083353,[250 137   2   5   4 142   0   0],8,265,1166.0,NgReg,838775632,1761498542,64137.0,0.0,517
1761498542952292368,[250 137   2   5   4 142   0   0],8,265,1166.0,NgReg,951967334,1761498542,64137.0,0.0,517
1761498543044570002,[250 137   2   5   4 142   0   0],8,265,1166.0,NgReg,44347467,1761498543,64137.0,0.0,517
1761498543147216646,[250 137   2   5   4 142   0   0],8,265,1166.0,NgReg,146993663,1761498543,64137.0,0.0,517
1761498543240090285,[250 137   2   5   4 142   0   0],8,265,1166.0,NgReg,239343446,1761498543,64137.0,0.0,517
1761498543393834883,[250 137   2   5   4 142   0   0],8,265,1166.0,NgReg,393327571,1761498543,64137.0,0.0,517
1761498543465999597,[250 137   2   5   4 142   0   0],8,265,1166.0,NgReg,465664227,1761498543,64137.0,0.0,517
1761498543548744477,[250 137   2   5   4 142   0   0],8,265,1166.0,NgReg,548391250,1761498543,64137.0,0.0,517
1761498543641075539,[250 137   2   5   4 142   0   0],8,265,1166.0,NgReg,640475328,1761498543,64137.0,0.0,517
1761498543753671864,[250 137   2   5   4 142   0   0],8,265,1166.0,NgReg,753334734,1761498543,64137.0,0.0,517
1761498543845874986,[250 137   2   5   4 142   0   0],8,265,1166.0,NgReg,845467294,1761498543,64137.0,0.0,517
1761498543958004929,[250 137   2   5   4 142   0   0],8,265,1166.0,NgReg,957678423,1761498543,64137.0,0.0,517
1761498544039891053,[250 137   2   5   4 142   0   0],8,265,1166.0,NgReg,39621124,1761498544,64137.0,0.0,517
1761498544152807869,[250 137   2   5   4 142   0   0],8,265,1166.0,NgReg,152507444,1761498544,64137.0,0.0,517
1761498544244354499,[250 137   2   5   4 142   0   0],8,265,1166.0,NgReg,244159805,1761498544,64137.0,0.0,517
1761498544398490492,[250 137   2   5   4 142   0   0],8,265,1166.0,NgReg,397950924,1761498544,64137.0,0.0,517
1761498544470430604,[250 137   2   5   4 142   0   0],8,265,1166.0,NgReg,470148612,1761498544,64137.0,0.0,517
1761498544552664822,[250 137   2   5   4 142   0   0],8,265,1166.0,NgReg,552298795,1761498544,64137.0,0.0,517
1761498544644369985,[250 137   2   5   4 142   0   0],8,265,1166.0,NgReg,644110105,1761498544,64137.0,0.0,517
1761498544757438614,[250 137   2   5   4 142   0   0],8,265,1166.0,NgReg,756868677,1761498544,64137.0,0.0,517
1761498544849186082,[250 137   2   5   4 142   0   0],8,265,1166.0,NgReg,848880216,1761498544,64137.0,0.0,517
1761498544961861067,[250 137   2   5   4 142   0   0],8,265,1166.0,NgReg,961586755,1761498544,64137.0,0.0,517
1761498545044351026,[250 137   2   5   4 142   0   0],8,265,1166.0,NgReg,44097834,1761498545,64137.0,0.0,517
1761498545156660979,[250 137   2   5   4 142   0   0],8,265,1166.0,NgReg,156363370,1761498545,64137.0,0.0,517
1761498545248205600,[250 137   2   5   4 142   0   0],8,265,1166.0,NgReg,248000986,1761498545,64137.0,0.0,517
1761498545402976547,[250 137   2   5   4 142   0   0],8,265,1166.0,NgReg,402569399,1761498545,64137.0,0.0,517
1761498545474791612,[250 137   2   5   4 142   0   0],8,265,1166.0,NgReg,474455090,1761498545,64137.0,0.0,517
1761498545557149236,[250 137   2   5   4 142   0   0],8,265,1166.0,NgReg,556763048,1761498545,64137.0,0.0,517
1761498545648912552,[250 137   2   5   4 142   0   0],8,265,1166.0,NgReg,648645280,1761498545,64137.0,0.0,517
1761498545762003200,[250 137   2   5   4 142   0   0],8,265,1166.0,NgReg,761472528,1761498545,64137.0,0.0,517
1761498545854535147,[250 137   2   5   4 142   0   0],8,265,1166.0,NgReg,854256611,1761498545,64137.0,0.0,517
1761498545957027619,[250 137   2   5   4 142   0   0],8,265,1166.0,NgReg,956693273,1761498545,64137.0,0.0,517
1761498546049463775,[250 137   2   5   4 142   0   0],8,265,1166.0,NgReg,49157814,1761498546,64137.0,0.0,517
1761498546162709950,[250 137   2   5   4 142   0   0],8,265,1166.0,NgReg,162460151,1761498546,64137.0,0.0,517
1761498546255139374,[250 137   2   5   4 142   0   0],8,265,1166.0,NgReg,254497050,1761498546,64137.0,0.0,517
1761498546399325963,[250 137   2   5   4 142   0   0],8,265,1166.0,NgReg,398599541,1761498546,64137.0,0.0,517
1761498546471327831,[250 137   2   5   4 142   0   0],8,265,1166.0,NgReg,470970732,1761498546,64137.0,0.0,517
1761498546563987854,[250 137   2   5   4 142   0   0],8,265,1166.0,NgReg,563639971,1761498546,64137.0,0.0,517
1761498546655990897,[250 137   2   5   4 142   0   0],8,265,1166.0,NgReg,655729769,1761498546,64137.0,0.0,517
1761498546758729877,[250 137   2   5   4 142   0   0],8,265,1166.0,NgReg,758360106,1761498546,64137.0,0.0,517
1761498546851560176,[250 137   2   5   4 142   0   0],8,265,1166.0,NgReg,850945758,1761498546,64137.0,0.0,517
1761498546963599691,[250 137   2   5   4 142   0   0],8,265,1166.0,NgReg,963273666,1761498546,64137.0,0.0,517
1761498547055332249,[250 137   2   5   4 142   0   0],8,265,1166.0,NgReg,55064465,1761498547,64137.0,0.0,517
1761498547167965768,[250 137   2   5   4 142   0   0],8,265,1166.0,NgReg,167705344,1761498547,64137.0,0.0,517
1761498547250101870,[250 137   2   5   4 142   0   0],8,265,1166.0,NgReg,249783620,1761498547,64137.0,0.0,517
1761498547404309871,[250 137   2   5   4 142   0   0],8,265,1166.0,NgReg,404096777,1761498547,64137.0,0.0,517
1761498547477125312,[250 137   2   5   4 142   0   0],8,265,1166.0,NgReg,476616945,1761498547,64137.0,0.0,517
1761498547569008391,[250 137   2   5   4 142   0   0],8,265,1166.0,NgReg,568785633,1761498547,64137.0,0.0,517
1761498547651302706,[250 137   2   5   4 142   0   0],8,265,1166.0,NgReg,650961480,1761498547,64137.0,0.0,517
1761498547764022436,[250 137   2   5   4 142   0   0],8,265,1166.0,NgReg,763767228,1761498547,64137.0,0.0,517
1761498547856827174,[250 137   2   5   4 142   0   0],8,265,1166.0,NgReg,856498973,1761498547,64137.0,0.0,517
1761498547969003176,[250 137   2   5   4 142   0   0],8,265,1166.0,NgReg,968763169,1761498547,64137.0,0.0,517
1761498548061057733,[250 137   2   5   4 142   0   0],8,265,1166.0,NgReg,60718619,1761498548,64137.0,0.0,517
1761498548163815925,[250 137   2   5   4 142   0   0],8,265,1166.0,NgReg,163423369,1761498548,64137.0,0.0,517
1761498548255683140,[250 137   2   5   4 142   0   0],8,265,1166.0,NgReg,255297720,1761498548,64137.0,0.0,517
1761498548409921374,[250 137   2   5   4 142   0   0],8,265,1166.0,NgReg,409624181,1761498548,64137.0,0.0,517
1761498548482347569,[250 137   2   5   4 142   0   0],8,265,1166.0,NgReg,482018151,1761498548,64137.0,0.0,517
1761498548564597573,[250 137   2   5   4 142   0   0],8,265,1166.0,NgReg,564354334,1761498548,64137.0,0.0,517
1761498548657174121,[250 137   2   5   4 142   0   0],8,265,1166.0,NgReg,656564759,1761498548,64137.0,0.0,517
1761498548769786426,[250 137   2   5   4 142   0   0],8,265,1166.0,NgReg,769552819,1761498548,64137.0,0.0,517
1761498548862828140,[250 137   2   5   4 142   0   0],8,265,1166.0,NgReg,862558020,1761498548,64137.0,0.0,517
1761498548975852681,[250 137   2   5   4 142   0   0],8,265,1166.0,NgReg,975447837,1761498548,64137.0,0.0,517
1761498549057923626,[250 137   2   5   4 142   0   0],8,265,1166.0,NgReg,57445756,1761498549,64137.0,0.0,517
1761498549170567615,[250 137   2   5   4 142   0   0],8,265,1166.0,NgReg,170294615,1761498549,64137.0,0.0,517
1761498549263013671,[250 137   2   5   4 142   0   0],8,265,1166.0,NgReg,262673149,1761498549,64137.0,0.0,517
1761498549416521380,[250 137   2   5   4 142   0   0],8,265,1166.0,NgReg,416281117,1761498549,64137.0,0.0,517
1761498549488996166,[250 137   2   5   4 142   0   0],8,265,1166.0,NgReg,488674365,1761498549,64137.0,0.0,517
1761498549571087136,[250 137   2   5   4 142   0   0],8,265,1166.0,NgReg,570774295,1761498549,64137.0,0.0,517
1761498549663386212,[250 137   2   5   4 142   0   0],8,265,1166.0,NgReg,663053914,1761498549,64137.0,0.0,517
1761498549776402756,[250 137   2   5   4 142   0   0],8,265,1166.0,NgReg,776127580,1761498549,64137.0,0.0,517
1761498549858895786,[250 137   2   5   4 142   0   0],8,265,1166.0,NgReg,858575457,1761498549,64137.0,0.0,517
1761498549971593793,[250 137   2   5   4 142   0   0],8,265,1166.0,NgReg,971208822,1761498549,64137.0,0.0,517
1761498550063929751,[250 137   2   5   4 142   0   0],8,265,1166.0,NgReg,63569292,1761498550,64137.0,0.0,517
1761498550176450028,[250 137   2   5   4 142   0   0],8,265,1166.0,NgReg,176223077,1761498550,64137.0,0.0,517
1761498550271644204,[250 137   2   5   4 142   0   0],8,265,1166.0,NgReg,270982168,1761498550,64137.0,0.0,517
1761498550415308869,[250 137   2   5   4 142   0   0],8,265,1166.0,NgReg,414962235,1761498550,64137.0,0.0,517
1761498550487680369,[250 137   2   5   4 142   0   0],8,265,1166.0,NgReg,487191971,1761498550,64137.0,0.0,517
1761498550580032127,[250 137   2   5   4 142   0   0],8,265,1166.0,NgReg,579546161,1761498550,64137.0,0.0,517
1761498550661799739,[250 137   2   5   4 142   0   0],8,265,1166.0,NgReg,661520755,1761498550,64137.0,0.0,517
1761498550775278700,[250 137   2   5   4 142   0   0],8,265,1166.0,NgReg,774693627,1761498550,64137.0,0.0,517
1761498550867192621,[250 137   2   5   4 142   0   0],8,265,1166.0,NgReg,866969830,1761498550,64137.0,0.0,517
1761498550980206896,[250 137   2   5   4 142   0   0],8,265,1166.0,NgReg,979969961,1761498550,64137.0,0.0,517
1761498551072381703,[250 137   2   5   4 142   0   0],8,265,1166.0,NgReg,72075231,1761498551,64137.0,0.0,517
1761498551174665946,[250 137   2   5   4 142   0   0],8,265,1166.0,NgReg,174459445,1761498551,64137.0,0.0,517
1761498551267365339,[250 137   2   5   4 142   0   0],8,265,1166.0,NgReg,267023313,1761498551,64137.0,0.0,517
1761498551421807205,[250 137   2   5   4 142   0   0],8,265,1166.0,NgReg,421464859,1761498551,64137.0,0.0,517
1761498551494150142,[250 137   2   5   4 142   0   0],8,265,1166.0,NgReg,493824116,1761498551,64137.0,0.0,517
1761498551576037512,[250 137   2   5   4 142   0   0],8,265,1166.0,NgReg,575821666,1761498551,64137.0,0.0,517
1761498551668253691,[250 137   2   5   4 142   0   0],8,265,1166.0,NgReg,667857072,1761498551,64137.0,0.0,517
1761498551781261633,[250 137   2   5   4 142   0   0],8,265,1166.0,NgReg,780859062,1761498551,64137.0,0.0,517
1761498551872969477,[250 137   2   5   4 142   0   0],8,265,1166.0,NgReg,872715006,1761498551,64137.0,0.0,517
1761498551986037101,[250 137   2   5   4 142   0   0],8,265,1166.0,NgReg,985530239,1761498551,64137.0,0.0,517
1761498552067777412,[250 137   2   5   4 142   0   0],8,265,1166.0,NgReg,67452090,1761498552,64137.0,0.0,517
1761498552180230462,[250 137   2   5   4 142   0   0],8,265,1166.0,NgReg,180089370,1761498552,64137.0,0.0,517
1761498552272758210,[250 137   2   5   4 142   0   0],8,265,1166.0,NgReg,272381784,1761498552,64137.0,0.0,517
1761498552427505838,[250 137   2   5   4 142   0   0],8,265,1166.0,NgReg,427027392,1761498552,64137.0,0.0,517
1761498552501834093,[250 137   2   5   4 142   0   0],8,265,1166.0,NgReg,500888338,1761498552,64137.0,0.0,517
1761498552583667938,[250 137   2   5   4 142   0   0],8,265,1166.0,NgReg,583348953,1761498552,64137.0,0.0,517
1761498552675856380,[250 137   2   5   4 142   0   0],8,265,1166.0,NgReg,675504210,1761498552,64137.0,0.0,517
1761498552792208229,[250 137   2   5   4 142   0   0],8,265,1166.0,NgReg,791674998,1761498552,64137.0,0.0,517
1761498552874002809,[250 137   2   5   4 142   0   0],8,265,1166.0,NgReg,873720625,1761498552,64137.0,0.0,517
1761498552986935137,[250 137   2   5   4 142   0   0],8,265,1166.0,NgReg,986653881,1761498552,64137.0,0.0,517
1761498553069708575,[250 137   2   5   4 142   0   0],8,265,1166.0,NgReg,69414167,1761498553,64137.0,0.0,517
1761498553182456230,[250 137   2   5   4 142   0   0],8,265,1166.0,NgReg,182185566,1761498553,64137.0,0.0,517
1761498553275583364,[250 137   2   5   4 142   0   0],8,265,1166.0,NgReg,275175352,1761498553,64137.0,0.0,517
1761498553429504914,[250 137   2   5   4 142   0   0],8,265,1166.0,NgReg,429164936,1761498553,64137.0,0.0,517
1761498553501665409,[250 137   2   5   4 142   0   0],8,265,1166.0,NgReg,501330872,1761498553,64137.0,0.0,517
1761498553583971375,[250 137   2   5   4 142   0   0],8,265,1166.0,NgReg,583700967,1761498553,64137.0,0.0,517
1761498553676220980,[250 137   2   5   4 142   0   0],8,265,1166.0,NgReg,675905963,1761498553,64137.0,0.0,517
1761498553789228898,[250 137   2   5   4 142   0   0],8,265,1166.0,NgReg,788950618,1761498553,64137.0,0.0,517
1761498553881488711,[250 137   2   5   4 142   0   0],8,265,1166.0,NgReg,881189599,1761498553,64137.0,0.0,517
1761498553984128657,[250 137   2   5   4 142   0   0],8,265,1166.0,NgReg,983869002,1761498553,64137.0,0.0,517
1761498554076421030,[250 137   2   5   4 142   0   0],8,265,1166.0,NgReg,75824117,1761498554,64137.0,0.0,517
1761498554188714724,[250 137   2   5   4 142   0   0],8,265,1166.0,NgReg,188439004,1761498554,64137.0,0.0,517
1761498554281509250,[250 137   2   5   4 142   0   0],8,265,1166.0,NgReg,281144567,1761498554,64137.0,0.0,517
1761498554424845634,[250 137   2   5   4 142   0   0],8,265,1166.0,NgReg,424593243,1761498554,64137.0,0.0,517
1761498554496596084,[250 137   2   5   4 142   0   0],8,265,1166.0,NgReg,496402319,1761498554,64137.0,0.0,517
1761498554588441207,[250 137   2   5   4 142   0   0],8,265,1166.0,NgReg,588293043,1761498554,64137.0,0.0,517
1761498554680546306,[250 137   2   5   4 142   0   0],8,265,1166.0,NgReg,680232569,1761498554,64137.0,0.0,517
1761498554793269100,[250 137   2   5   4 142   0   0],8,265,1166.0,NgReg,792974724,1761498554,64137.0,0.0,517
1761498554875247740,[250 137   2   5   4 142   0   0],8,265,1166.0,NgReg,874997493,1761498554,64137.0,0.0,517
1761498554987647101,[250 137   2   5   4 142   0   0],8,265,1166.0,NgReg,987291827,1761498554,64137.0,0.0,517
1761498555079562127,[250 137   2   5   4 142   0   0],8,265,1166.0,NgReg,79202021,1761498555,64137.0,0.0,517
1761498555191915251,[250 137   2   5   4 142   0   0],8,265,1166.0,NgReg,191730126,1761498555,64137.0,0.0,517
1761498555284232941,[250 137   2   5   4 142   0   0],8,265,1166.0,NgReg,283872355,1761498555,64137.0,0.0,517
1761498555438438903,[250 137   2   5   4 142   0   0],8,265,1166.0,NgReg,438178255,1761498555,64137.0,0.0,517
1761498555510693125,[250 137   2   5   4 142   0   0],8,265,1166.0,NgReg,510309659,1761498555,64137.0,0.0,517
1761498555592852934,[250 137   2   5   4 142   0   0],8,265,1166.0,NgReg,592552094,1761498555,64137.0,0.0,517
1761498555684315528,[250 137   2   5   4 142   0   0],8,265,1166.0,NgReg,684127459,1761498555,64137.0,0.0,517
1761498555797094840,[250 137   2   5   4 142   0   0],8,265,1166.0,NgReg,796822897,1761498555,64137.0,0.0,517
1761498555879033843,[250 137   2   5   4 142   0   0],8,265,1166.0,NgReg,878748555,1761498555,64137.0,0.0,517
1761498555991201394,[250 137   2   5   4 142   0   0],8,265,1166.0,NgReg,990981324,1761498555,64137.0,0.0,517
1761498556083366612,[250 137   2   5   4 142   0   0],8,265,1166.0,NgReg,83036491,1761498556,64137.0,0.0,517
1761498556195859296,[250 137   2   5   4 142   0   0],8,265,1166.0,NgReg,195618522,1761498556,64137.0,0.0,517
1761498556288844278,[250 137   2   5   4 142   0   0],8,265,1166.0,NgReg,288501612,1761498556,64137.0,0.0,517
1761498556433120138,[250 137   2   5   4 142   0   0],8,265,1166.0,NgReg,432750560,1761498556,64137.0,0.0,517
1761498556505447145,[250 137   2   5   4 142   0   0],8,265,1166.0,NgReg,505219555,1761498556,64137.0,0.0,517
1761498556598014451,[250 137   2   5   4 142   0   0],8,265,1166.0,NgReg,597691594,1761498556,64137.0,0.0,517
1761498556690446713,[250 137   2   5   4 142   0   0],8,265,1166.0,NgReg,690176210,1761498556,64137.0,0.0,517
1761498556793149497,[250 137   2   5   4 142   0   0],8,265,1166.0,NgReg,792905683,1761498556,64137.0,0.0,517
1761498556885359418,[250 137   2   5   4 142   0   0],8,265,1166.0,NgReg,885127411,1761498556,64137.0,0.0,517
1761498556998414358,[250 137   2   5   4 142   0   0],8,265,1166.0,NgReg,998159375,1761498556,64137.0,0.0,517
1761498557091141839,[250 137   2   5   4 142   0   0],8,265,1166.0,NgReg,90757476,1761498557,64137.0,0.0,517
1761498557193169860,[250 137   2   5   4 142   0   0],8,265,1166.0,NgReg,192975678,1761498557,64137.0,0.0,517
1761498557284843999,[250 137   2   5   4 142   0   0],8,265,1166.0,NgReg,284619321,1761498557,64137.0,0.0,517
1761498557438454094,[250 137   2   5   4 142   0   0],8,265,1166.0,NgReg,438195431,1761498557,64137.0,0.0,517
1761498557510435986,[250 137   2   5   4 142   0   0],8,265,1166.0,NgReg,510201900,1761498557,64137.0,0.0,517
1761498557602378325,[250 137   2   5   4 142   0   0],8,265,1166.0,NgReg,602144207,1761498557,64137.0,0.0,517
1761498557683929149,[250 137   2   5   4 142   0   0],8,265,1166.0,NgReg,683768601,1761498557,64137.0,0.0,517
1761498557796665237,[250 137   2   5   4 142   0   0],8,265,1166.0,NgReg,796422863,1761498557,64137.0,0.0,517
1761498557888300848,[250 137   2   5   4 142   0   0],8,265,1166.0,NgReg,888126475,1761498557,64137.0,0.0,517
1761498558000998567,[250 137   2   5   4 142   0   0],8,265,1166.0,NgReg,573915,1761498558,64137.0,0.0,517
1761498558092926515,[250 137   2   5   4 142   0   0],8,265,1166.0,NgReg,92692717,1761498558,64137.0,0.0,517
1761498558205298438,[250 137   2   5   4 142   0   0],8,265,1166.0,NgReg,205049920,1761498558,64137.0,0.0,517
1761498558287620016,[250 137   2   5   4 142   0   0],8,265,1166.0,NgReg,287247334,1761498558,64137.0,0.0,517
1761498558441445216,[250 137   2   5   4 142   0   0],8,265,1166.0,NgReg,441125783,1761498558,64137.0,0.0,517
1761498558513655321,[250 137   2   5   4 142   0   0],8,265,1166.0,NgReg,513339696,1761498558,64137.0,0.0,517
1761498558605499715,[250 137   2   5   4 142   0   0],8,265,1166.0,NgReg,605247484,1761498558,64137.0,0.0,517
1761498558697412815,[250 137   2   5   4 142   0   0],8,265,1166.0,NgReg,697136807,1761498558,64137.0,0.0,517
1761498558801995664,[250 137   2   5   4 142   0   0],8,265,1166.0,NgReg,801685032,1761498558,64137.0,0.0,517
1761498558894119650,[250 137   2   5   4 142   0   0],8,265,1166.0,NgReg,893848730,1761498558,64137.0,0.0,517
1761498559006683449,[250 137   2   5   4 142   0   0],8,265,1166.0,NgReg,6419762,1761498559,64137.0,0.0,517
1761498559099299714,[250 137   2   5   4 142   0   0],8,265,1166.0,NgReg,98994682,1761498559,64137.0,0.0,517
1761498559201700208,[250 137   2   5   4 142   0   0],8,265,1166.0,NgReg,201441321,1761498559,64137.0,0.0,517
1761498559294795782,[250 137   2   5   4 142   0   0],8,265,1166.0,NgReg,294401211,1761498559,64137.0,0.0,517
1761498559448133828,[250 137   2   5   4 142   0   0],8,265,1166.0,NgReg,447942847,1761498559,64137.0,0.0,517
1761498559520244105,[250 137   2   5   4 142   0   0],8,265,1166.0,NgReg,519973314,1761498559,64137.0,0.0,517
1761498559602431035,[250 137   2   5   4 142   0   0],8,265,1166.0,NgReg,602054449,1761498559,64137.0,0.0,517
1761498559694378802,[250 137   2   5   4 142   0   0],8,265,1166.0,NgReg,693921446,1761498559,64137.0,0.0,517
1761498559807633058,[250 137   2   5   4 142   0   0],8,265,1166.0,NgReg,807043059,1761498559,64137.0,0.0,517
1761498559899405685,[250 137   2   5   4 142   0   0],8,265,1166.0,NgReg,899115597,1761498559,64137.0,0.0,517
1761498560011945071,[250 137   2   5   4 142   0   0],8,265,1166.0,NgReg,11746954,1761498560,64137.0,0.0,517
1761498560093473437,[250 137   2   5   4 142   0   0],8,265,1166.0,NgReg,93291672,1761498560,64137.0,0.0,517
1761498560206239173,[250 137   2   5   4 142   0   0],8,265,1166.0,NgReg,205924957,1761498560,64137.0,0.0,517
1761498560299077662,[250 137   2   5   4 142   0   0],8,265,1166.0,NgReg,298754197,1761498560,64137.0,0.0,517
1761498560453369137,[250 137   2   5   4 142   0   0],8,265,1166.0,NgReg,452996295,1761498560,64137.0,0.0,517
1761498560525437764,[250 137   2   5   4 142   0   0],8,265,1166.0,NgReg,525222015,1761498560,64137.0,0.0,517
1761498560607974765,[250 137   2   5   4 142   0   0],8,265,1166.0,NgReg,607431166,1761498560,64137.0,0.0,517
1761498560700078386,[250 137   2   5   4 142   0   0],8,265,1166.0,NgReg,699863500,1761498560,64137.0,0.0,517
1761498560812842490,[250 137   2   5   4 142   0   0],8,265,1166.0,NgReg,812619732,1761498560,64137.0,0.0,517
1761498560905305545,[250 137   2   5   4 142   0   0],8,265,1166.0,NgReg,905002241,1761498560,64137.0,0.0,517
1761498561008422929,[250 137   2   5   4 142   0   0],8,265,1166.0,NgReg,8203339,1761498561,64137.0,0.0,517
1761498561100771271,[250 137   2   5   4 142   0   0],8,265,1166.0,NgReg,100368092,1761498561,64137.0,0.0,517
1761498561213845117,[250 137   2   5   4 142   0   0],8,265,1166.0,NgReg,213368112,1761498561,64137.0,0.0,517
1761498561306054575,[250 137   2   5   4 142   0   0],8,265,1166.0,NgReg,305725767,1761498561,64137.0,0.0,517
1761498561450378809,[250 137   2   5   4 142   0   0],8,265,1166.0,NgReg,450101042,1761498561,64137.0,0.0,517
1761498561522438043,[250 137   2   5   4 142   0   0],8,265,1166.0,NgReg,522133715,1761498561,64137.0,0.0,517
1761498561614707791,[250 137   2   5   4 142   0   0],8,265,1166.0,NgReg,614441512,1761498561,64137.0,0.0,517
1761498561706780510,[250 137   2   5   4 142   0   0],8,265,1166.0,NgReg,706427637,1761498561,64137.0,0.0,517
1761498561809159100,[250 137   2   5   4 142   0   0],8,265,1166.0,NgReg,808849427,1761498561,64137.0,0.0,517
1761498561901501458,[250 137   2   5   4 142   0   0],8,265,1166.0,NgReg,901317677,1761498561,64137.0,0.0,517
1761498562014489987,[250 137   2   5   4 142   0   0],8,265,1166.0,NgReg,13872627,1761498562,64137.0,0.0,517
1761498562106539452,[250 137   2   5   4 142   0   0],8,265,1166.0,NgReg,106210067,1761498562,64137.0,0.0,517
1761498562219396146,[250 137   2   5   4 142   0   0],8,265,1166.0,NgReg,219074121,1761498562,64137.0,0.0,517
1761498562302386303,[250 137   2   5   4 142   0   0],8,265,1166.0,NgReg,301589898,1761498562,64137.0,0.0,517
1761498562456110172,[250 137   2   5   4 142   0   0],8,265,1166.0,NgReg,455756850,1761498562,64137.0,0.0,517
1761498562528419987,[250 137   2   5   4 142   0   0],8,265,1166.0,NgReg,528155373,1761498562,64137.0,0.0,517
1761498562620312232,[250 137   2   5   4 142   0   0],8,265,1166.0,NgReg,620073154,1761498562,64137.0,0.0,517
1761498562702033333,[250 137   2   5   4 142   0   0],8,265,1166.0,NgReg,701760078,1761498562,64137.0,0.0,517
1761498562814519809,[250 137   2   5   4 142   0   0],8,265,1166.0,NgReg,814239706,1761498562,64137.0,0.0,517
1761498562907174346,[250 137   2   5   4 142   0   0],8,265,1166.0,NgReg,906367253,1761498562,64137.0,0.0,517
1761498563019083076,[250 137   2   5   4 142   0   0],8,265,1166.0,NgReg,18838045,1761498563,64137.0,0.0,517
1761498563111189993,[250 137   2   5   4 142   0   0],8,265,1166.0,NgReg,110909346,1761498563,64137.0,0.0,517
1761498563213360945,[250 137   2   5   4 142   0   0],8,265,1166.0,NgReg,213088170,1761498563,64137.0,0.0,517
1761498563305385973,[250 137   2   5   4 142   0   0],8,265,1166.0,NgReg,305136462,1761498563,64137.0,0.0,517
1761498563459266994,[250 137   2   5   4 142   0   0],8,265,1166.0,NgReg,458978890,1761498563,64137.0,0.0,517
1761498563531296306,[250 137   2   5   4 142   0   0],8,265,1166.0,NgReg,531017418,1761498563,64137.0,0.0,517
1761498563623343157,[250 137   2   5   4 142   0   0],8,265,1166.0,NgReg,622968588,1761498563,64137.0,0.0,517
1761498563705182386,[250 137   2   5   4 142   0   0],8,265,1166.0,NgReg,704886442,1761498563,64137.0,0.0,517
1761498563818175025,[250 137   2   5   4 142   0   0],8,265,1166.0,NgReg,817459071,1761498563,64137.0,0.0,517
1761498563910584190,[250 137   2   5   4 142   0   0],8,265,1166.0,NgReg,910094578,1761498563,64137.0,0.0,517
1761498564023140430,[250 137   2   5   4 142   0   0],8,265,1166.0,NgReg,22893608,1761498564,64137.0,0.0,517
1761498564115102491,[250 137   2   5   4 142   0   0],8,265,1166.0,NgReg,114877589,1761498564,64137.0,0.0,517
1761498564217446768,[250 137   2   5   4 142   0   0],8,265,1166.0,NgReg,217169065,1761498564,64137.0,0.0,517
1761498564309432989,[250 137   2   5   4 142   0   0],8,265,1166.0,NgReg,309193655,1761498564,64137.0,0.0,517
1761498564463093873,[250 137   2   5   4 142   0   0],8,265,1166.0,NgReg,462857899,1761498564,64137.0,0.0,517
1761498564534957277,[250 137   2   5   4 142   0   0],8,265,1166.0,NgReg,534769720,1761498564,64137.0,0.0,517
1761498564626992043,[250 137   2   5   4 142   0   0],8,265,1166.0,NgReg,626798022,1761498564,64137.0,0.0,517
1761498564708546414,[250 137   2   5   4 142   0   0],8,265,1166.0,NgReg,708346697,1761498564,64137.0,0.0,517
1761498564821990527,[250 137   2   5   4 142   0   0],8,265,1166.0,NgReg,821755321,1761498564,64137.0,0.0,517
1761498564913888074,[250 137   2   5   4 142   0   0],8,265,1166.0,NgReg,913632803,1761498564,64137.0,0.0,517
1761498565027148017,[250 137   2   5   4 142   0   0],8,265,1166.0,NgReg,26540609,1761498565,64137.0,0.0,517
1761498565118865698,[250 137   2   5   4 142   0   0],8,265,1166.0,NgReg,118599547,1761498565,64137.0,0.0,517
1761498565221473095,[250 137   2   5   4 142   0   0],8,265,1166.0,NgReg,221180064,1761498565,64137.0,0.0,517
1761498565313356381,[250 137   2   5   4 142   0   0],8,265,1166.0,NgReg,313148632,1761498565,64137.0,0.0,517
1761498565467879268,[250 137   2   5   4 142   0   0],8,265,1166.0,NgReg,467597117,1761498565,64137.0,0.0,517
1761498565540100712,[250 137   2   5   4 142   0   0],8,265,1166.0,NgReg,539891491,1761498565,64137.0,0.0,517
1761498565622615536,[250 137   2   5   4 142   0   0],8,265,1166.0,NgReg,622281544,1761498565,64137.0,0.0,517
1761498565714636394,[250 137   2   5   4 142   0   0],8,265,1166.0,NgReg,714287265,1761498565,64137.0,0.0,517
1761498565827623925,[250 137   2   5   4 142   0   0],8,265,1166.0,NgReg,827233643,1761498565,64137.0,0.0,517
1761498565920056345,[250 137   2   5   4 142   0   0],8,265,1166.0,NgReg,919806963,1761498565,64137.0,0.0,517
1761498566022708315,[250 137   2   5   4 142   0   0],8,265,1166.0,NgReg,22438196,1761498566,64137.0,0.0,517
1761498566115079240,[250 137   2   5   4 142   0   0],8,265,1166.0,NgReg,114818881,1761498566,64137.0,0.0,517
1761498566227649552,[250 137   2   5   4 142   0   0],8,265,1166.0,NgReg,227307367,1761498566,64137.0,0.0,517
1761498566322209492,[250 137   2   5   4 142   0   0],8,265,1166.0,NgReg,321870955,1761498566,64137.0,0.0,517
1761498566466711581,[250 137   2   5   4 142   0   0],8,265,1166.0,NgReg,466448918,1761498566,64137.0,0.0,517
1761498566538551719,[250 137   2   5   4 142   0   0],8,265,1166.0,NgReg,538282368,1761498566,64137.0,0.0,517
1761498566630462857,[250 137   2   5   4 142   0   0],8,265,1166.0,NgReg,630185410,1761498566,64137.0,0.0,517
1761498566722367018,[250 137   2   5   4 142   0   0],8,265,1166.0,NgReg,722081155,1761498566,64137.0,0.0,517
1761498566834590121,[250 137   2   5   4 142   0   0],8,265,1166.0,NgReg,834340131,1761498566,64137.0,0.0,517
1761498566916410446,[250 137   2   5   4 142   0   0],8,265,1166.0,NgReg,916212009,1761498566,64137.0,0.0,517
1761498567028644039,[250 137   2   5   4 142   0   0],8,265,1166.0,NgReg,28462083,1761498567,64137.0,0.0,517
1761498567120602646,[250 137   2   5   4 142   0   0],8,265,1166.0,NgReg,120413457,1761498567,64137.0,0.0,517
1761498567233111587,[250 137   2   5   4 142   0   0],8,265,1166.0,NgReg,232821276,1761498567,64137.0,0.0,517
1761498567325058225,[250 137   2   5   4 142   0   0],8,265,1166.0,NgReg,324858764,1761498567,64137.0,0.0,517
1761498567468518176,[250 137   2   5   4 142   0   0],8,265,1166.0,NgReg,468323579,1761498567,64137.0,0.0,517
1761498567541008170,[250 137   2   5   4 142   0   0],8,265,1166.0,NgReg,540745443,1761498567,64137.0,0.0,517
1761498567633139964,[250 137   2   5   4 142   0   0],8,265,1166.0,NgReg,632874294,1761498567,64137.0,0.0,517
1761498567725061194,[250 137   2   5   4 142   0   0],8,265,1166.0,NgReg,724741762,1761498567,64137.0,0.0,517
1761498567837582743,[250 137   2   5   4 142   0   0],8,265,1166.0,NgReg,837313713,1761498567,64137.0,0.0,517
1761498567919416266,[250 137   2   5   4 142   0   0],8,265,1166.0,NgReg,919120707,1761498567,64137.0,0.0,517
1761498568031892880,[250 137   2   5   4 142   0   0],8,265,1166.0,NgReg,31580296,1761498568,64137.0,0.0,517
1761498568123725351,[250 137   2   5   4 142   0   0],8,265,1166.0,NgReg,123234875,1761498568,64137.0,0.0,517
1761498568235874482,[250 137   2   5   4 142   0   0],8,265,1166.0,NgReg,235566763,1761498568,64137.0,0.0,517
1761498568328140180,[250 137   2   5   4 142   0   0],8,265,1166.0,NgReg,327793547,1761498568,64137.0,0.0,517
1761498568471818888,[250 137   2   5   4 142   0   0],8,265,1166.0,NgReg,471613219,1761498568,64137.0,0.0,517
1761498568544151838,[250 137   2   5   4 142   0   0],8,265,1166.0,NgReg,543933977,1761498568,64137.0,0.0,517
1761498568636197210,[250 137   2   5   4 142   0   0],8,265,1166.0,NgReg,635936020,1761498568,64137.0,0.0,517
1761498568728290167,[250 137   2   5   4 142   0   0],8,265,1166.0,NgReg,727953455,1761498568,64137.0,0.0,517
1761498568840823884,[250 137   2   5   4 142   0   0],8,265,1166.0,NgReg,840610151,1761498568,64137.0,0.0,517
1761498568923529378,[250 137   2   5   4 142   0   0],8,265,1166.0,NgReg,923180570,1761498568,64137.0,0.0,517
1761498569035637797,[250 137   2   5   4 142   0   0],8,265,1166.0,NgReg,35340958,1761498569,64137.0,0.0,517
1761498569127719342,[250 137   2   5   4 142   0   0],8,265,1166.0,NgReg,127439943,1761498569,64137.0,0.0,517
1761498569240234090,[250 137   2   5   4 142   0   0],8,265,1166.0,NgReg,240055333,1761498569,64137.0,0.0,517
1761498569332819871,[250 137   2   5   4 142   0   0],8,265,1166.0,NgReg,332443414,1761498569,64137.0,0.0,517
1761498569476890557,[250 137   2   5   4 142   0   0],8,265,1166.0,NgReg,476580885,1761498569,64137.0,0.0,517
1761498569548982589,[250 137   2   5   4 142   0   0],8,265,1166.0,NgReg,548696438,1761498569,64137.0,0.0,517
1761498569641043910,[250 137   2   5   4 142   0   0],8,265,1166.0,NgReg,640752863,1761498569,64137.0,0.0,517
1761498569732851112,[250 137   2   5   4 142   0   0],8,265,1166.0,NgReg,732611682,1761498569,64137.0,0.0,517
1761498569836910741,[250 137   2   5   4 142   0   0],8,265,1166.0,NgReg,836498539,1761498569,64137.0,0.0,517
1761498569928970333,[250 137   2   5   4 142   0   0],8,265,1166.0,NgReg,928793977,1761498569,64137.0,0.0,517
1761498570041592403,[250 137   2   5   4 142   0   0],8,265,1166.0,NgReg,41363533,1761498570,64137.0,0.0,517
1761498570133664391,[250 137   2   5   4 142   0   0],8,265,1166.0,NgReg,133410817,1761498570,64137.0,0.0,517
1761498570246148489,[250 137   2   5   4 142   0   0],8,265,1166.0,NgReg,245858562,1761498570,64137.0,0.0,517
1761498570328517363,[250 137   2   5   4 142   0   0],8,265,1166.0,NgReg,328204011,1761498570,64137.0,0.0,517
1761498570482679558,[250 137   2   5   4 142   0   0],8,265,1166.0,NgReg,482397023,1761498570,64137.0,0.0,517
1761498570554978780,[250 137   2   5   4 142   0   0],8,265,1166.0,NgReg,554757846,1761498570,64137.0,0.0,517
1761498570647001615,[250 137   2   5   4 142   0   0],8,265,1166.0,NgReg,646717448,1761498570,64137.0,0.0,517
1761498570728951790,[250 137   2   5   4 142   0   0],8,265,1166.0,NgReg,728690824,1761498570,64137.0,0.0,517
1761498570841962941,[250 137   2   5   4 142   0   0],8,265,1166.0,NgReg,841577364,1761498570,64137.0,0.0,517
1761498570933663017,[250 137   2   5   4 142   0   0],8,265,1166.0,NgReg,933428867,1761498570,64137.0,0.0,517
1761498571046511435,[250 137   2   5   4 142   0   0],8,265,1166.0,NgReg,46240516,1761498571,64137.0,0.0,517
1761498571139636676,[250 137   2   5   4 142   0   0],8,265,1166.0,NgReg,138296836,1761498571,64137.0,0.0,517
1761498571240788318,[250 137   2   5   4 142   0   0],8,265,1166.0,NgReg,240517880,1761498571,64137.0,0.0,517
1761498571332674138,[250 137   2   5   4 142   0   0],8,265,1166.0,NgReg,332436725,1761498571,64137.0,0.0,517
1761498571486320512,[250 137   2   5   4 142   0   0],8,265,1166.0,NgReg,486089050,1761498571,64137.0,0.0,517
1761498571558452802,[250 137   2   5   4 142   0   0],8,265,1166.0,NgReg,558209404,1761498571,64137.0,0.0,517
1761498571650442912,[250 137   2   5   4 142   0   0],8,265,1166.0,NgReg,650144729,1761498571,64137.0,0.0,517
1761498571731869793,[250 137   2   5   4 142   0   0],8,265,1166.0,NgReg,731676605,1761498571,64137.0,0.0,517
1761498571844443309,[250 137   2   5   4 142   0   0],8,265,1166.0,NgReg,844194151,1761498571,64137.0,0.0,517
1761498571936196102,[250 137   2   5   4 142   0   0],8,265,1166.0,NgReg,936000225,1761498571,64137.0,0.0,517
1761498572048754856,[250 137   2   5   4 142   0   0],8,265,1166.0,NgReg,48455841,1761498572,64137.0,0.0,517
1761498572140663889,[250 137   2   5   4 142   0   0],8,265,1166.0,NgReg,140403179,1761498572,64137.0,0.0,517
1761498572243092308,[250 137   2   5   4 142   0   0],8,265,1166.0,NgReg,242811405,1761498572,64137.0,0.0,517
1761498572335023869,[250 137   2   5   4 142   0   0],8,265,1166.0,NgReg,334844985,1761498572,64137.0,0.0,517
1761498572488597215,[250 137   2   5   4 142   0   0],8,265,1166.0,NgReg,488375002,1761498572,64137.0,0.0,517
1761498572560623632,[250 137   2   5   4 142   0   0],8,265,1166.0,NgReg,560443019,1761498572,64137.0,0.0,517
1761498572652587098,[250 137   2   5   4 142   0   0],8,265,1166.0,NgReg,652404853,1761498572,64137.0,0.0,517
1761498572734616247,[250 137   2   5   4 142   0   0],8,265,1166.0,NgReg,734315184,1761498572,64137.0,0.0,517
1761498572846941926,[250 137   2   5   4 142   0   0],8,265,1166.0,NgReg,846697728,1761498572,64137.0,0.0,517
1761498572939001394,[250 137   2   5   4 142   0   0],8,265,1166.0,NgReg,938694187,1761498572,64137.0,0.0,517
1761498573051518682,[250 137   2   5   4 142   0   0],8,265,1166.0,NgReg,51113649,1761498573,64137.0,0.0,517
1761498573143598195,[250 137   2   5   4 142   0   0],8,265,1166.0,NgReg,143188810,1761498573,64137.0,0.0,517
1761498573256051820,[250 137   2   5   4 142   0   0],8,265,1166.0,NgReg,255697092,1761498573,64137.0,0.0,517
1761498573338267741,[250 137   2   5   4 142   0   0],8,265,1166.0,NgReg,337952982,1761498573,64137.0,0.0,517
1761498573491665435,[250 137   2   5   4 142   0   0],8,265,1166.0,NgReg,491378356,1761498573,64137.0,0.0,517
1761498573564123654,[250 137   2   5   4 142   0   0],8,265,1166.0,NgReg,563824287,1761498573,64137.0,0.0,517
1761498573655907576,[250 137   2   5   4 142   0   0],8,265,1166.0,NgReg,655733364,1761498573,64137.0,0.0,517
1761498573737823362,[250 137   2   5   4 142   0   0],8,265,1166.0,NgReg,737388312,1761498573,64137.0,0.0,517
1761498573850609251,[250 137   2   5   4 142   0   0],8,265,1166.0,NgReg,850110519,1761498573,64137.0,0.0,517
1761498573942621626,[250 137   2   5   4 142   0   0],8,265,1166.0,NgReg,942318163,1761498573,64137.0,0.0,517
1761498574054996135,[250 137   2   5   4 142   0   0],8,265,1166.0,NgReg,54667103,1761498574,64137.0,0.0,517
1761498574146948777,[250 137   2   5   4 142   0   0],8,265,1166.0,NgReg,146676067,1761498574,64137.0,0.0,517
1761498574263055872,[250 137   2   5   4 142   0   0],8,265,1166.0,NgReg,262534868,1761498574,64137.0,0.0,517
1761498574345205726,[250 137   2   5   4 142   0   0],8,265,1166.0,NgReg,344983833,1761498574,64137.0,0.0,517
1761498574503164486,[250 137   2   5   4 142   0   0],8,265,1166.0,NgReg,502888799,1761498574,64137.0,0.0,517
1761498574576223279,[250 137   2   5   4 142   0   0],8,265,1166.0,NgReg,575853607,1761498574,64137.0,0.0,517
1761498574657957635,[250 137   2   5   4 142   0   0],8,265,1166.0,NgReg,657473752,1761498574,64137.0,0.0,517
1761498574750385585,[250 137   2   5   4 142   0   0],8,265,1166.0,NgReg,749849797,1761498574,64137.0,0.0,517
1761498574854192233,[250 137   2   5   4 142   0   0],8,265,1166.0,NgReg,853705021,1761498574,64137.0,0.0,517
1761498574946268238,[250 137   2   5   4 142   0   0],8,265,1166.0,NgReg,945914790,1761498574,64137.0,0.0,517
1761498575058695811,[250 137   2   5   4 142   0   0],8,265,1166.0,NgReg,58290170,1761498575,64137.0,0.0,517
1761498575150676243,[250 137   2   5   4 142   0   0],8,265,1166.0,NgReg,150266922,1761498575,64137.0,0.0,517
1761498575262987930,[250 137   2   5   4 142   0   0],8,265,1166.0,NgReg,262756052,1761498575,64137.0,0.0,517
1761498575347990824,[250 137   2   5   4 142   0   0],8,265,1166.0,NgReg,345417677,1761498575,64137.0,0.0,517
1761498575499666142,[250 137   2   5   4 142   0   0],8,265,1166.0,NgReg,499358838,1761498575,64137.0,0.0,517
1761498575572389264,[250 137   2   5   4 142   0   0],8,265,1166.0,NgReg,572145546,1761498575,64137.0,0.0,517
1761498575656103649,[250 137   2   5   4 142   0   0],8,265,1166.0,NgReg,655732728,1761498575,64137.0,0.0,517
1761498575748484602,[250 137   2   5   4 142   0   0],8,265,1166.0,NgReg,748100881,1761498575,64137.0,0.0,517
1761498575861875706,[250 137   2   5   4 142   0   0],8,265,1166.0,NgReg,861565331,1761498575,64137.0,0.0,517
1761498575954446039,[250 137   2   5   4 142   0   0],8,265,1166.0,NgReg,954151377,1761498575,64137.0,0.0,517
1761498576058291823,[250 137   2   5   4 142   0   0],8,265,1166.0,NgReg,57477020,1761498576,64137.0,0.0,517
1761498576150610675,[250 137   2   5   4 142   0   0],8,265,1166.0,NgReg,150212330,1761498576,64137.0,0.0,517
1761498576263661651,[250 137   2   5   4 142   0   0],8,265,1166.0,NgReg,263159144,1761498576,64137.0,0.0,517
1761498576355756627,[250 137   2   5   4 142   0   0],8,265,1166.0,NgReg,355392042,1761498576,64137.0,0.0,517
1761498576499647062,[250 137   2   5   4 142   0   0],8,265,1166.0,NgReg,499195372,1761498576,64137.0,0.0,517
1761498576572229878,[250 137   2   5   4 142   0   0],8,265,1166.0,NgReg,571795468,1761498576,64137.0,0.0,517
1761498576664131249,[250 137   2   5   4 142   0   0],8,265,1166.0,NgReg,663926348,1761498576,64137.0,0.0,517
1761498576756190896,[250 137   2   5   4 142   0   0],8,265,1166.0,NgReg,755909289,1761498576,64137.0,0.0,517
1761498576858812577,[250 137   2   5   4 142   0   0],8,265,1166.0,NgReg,858405879,1761498576,64137.0,0.0,517
1761498576950589305,[250 137   2   5   4 142   0   0],8,265,1166.0,NgReg,950230481,1761498576,64137.0,0.0,517
1761498577063244900,[250 137   2   5   4 142   0   0],8,265,1166.0,NgReg,62981790,1761498577,64137.0,0.0,517
1761498577155384433,[250 137   2   5   4 142   0   0],8,265,1166.0,NgReg,155063722,1761498577,64137.0,0.0,517
1761498577268438330,[250 137   2   5   4 142   0   0],8,265,1166.0,NgReg,267897742,1761498577,64137.0,0.0,517
1761498577350358239,[250 137   2   5   4 142   0   0],8,265,1166.0,NgReg,349974166,1761498577,64137.0,0.0,517
1761498577503704827,[250 137   2   5   4 142   0   0],8,265,1166.0,NgReg,503312626,1761498577,64137.0,0.0,517
1761498577575792257,[250 137   2   5   4 142   0   0],8,265,1166.0,NgReg,575327607,1761498577,64137.0,0.0,517
1761498577667754699,[250 137   2   5   4 142   0   0],8,265,1166.0,NgReg,667357602,1761498577,64137.0,0.0,517
1761498577759997627,[250 137   2   5   4 142   0   0],8,265,1166.0,NgReg,759702196,1761498577,64137.0,0.0,517
1761498577862828763,[250 137   2   5   4 142   0   0],8,265,1166.0,NgReg,862423794,1761498577,64137.0,0.0,517
1761498577954660098,[250 137   2   5   4 142   0   0],8,265,1166.0,NgReg,954433020,1761498577,64137.0,0.0,517
1761498578067228626,[250 137   2   5   4 142   0   0],8,265,1166.0,NgReg,66798793,1761498578,64137.0,0.0,517
1761498578159408270,[250 137   2   5   4 142   0   0],8,265,1166.0,NgReg,159048454,1761498578,64137.0,0.0,517
1761498578272484320,[250 137   2   5   4 142   0   0],8,265,1166.0,NgReg,272113239,1761498578,64137.0,0.0,517
1761498578354312690,[250 137   2   5   4 142   0   0],8,265,1166.0,NgReg,353935530,1761498578,64137.0,0.0,517
1761498578508040248,[250 137   2   5   4 142   0   0],8,265,1166.0,NgReg,507757777,1761498578,64137.0,0.0,517
1761498578580119855,[250 137   2   5   4 142   0   0],8,265,1166.0,NgReg,579933098,1761498578,64137.0,0.0,517
1761498578672188200,[250 137   2   5   4 142   0   0],8,265,1166.0,NgReg,671941122,1761498578,64137.0,0.0,517
1761498578764687018,[250 137   2   5   4 142   0   0],8,265,1166.0,NgReg,764441349,1761498578,64137.0,0.0,517
1761498578867192430,[250 137   2   5   4 142   0   0],8,265,1166.0,NgReg,866725508,1761498578,64137.0,0.0,517
1761498578959222982,[250 137   2   5   4 142   0   0],8,265,1166.0,NgReg,958899903,1761498578,64137.0,0.0,517
1761498579071199858,[250 137   2   5   4 142   0   0],8,265,1166.0,NgReg,70922156,1761498579,64137.0,0.0,517
1761498579162992882,[250 137   2   5   4 142   0   0],8,265,1166.0,NgReg,162725068,1761498579,64137.0,0.0,517
1761498579275510081,[250 137   2   5   4 142   0   0],8,265,1166.0,NgReg,275262843,1761498579,64137.0,0.0,517
1761498579357414628,[250 137   2   5   4 142   0   0],8,265,1166.0,NgReg,357142206,1761498579,64137.0,0.0,517
1761498579510844324,[250 137   2   5   4 142   0   0],8,265,1166.0,NgReg,510536285,1761498579,64137.0,0.0,517
1761498579582847882,[250 137   2   5   4 142   0   0],8,265,1166.0,NgReg,582566980,1761498579,64137.0,0.0,517
1761498579674774509,[250 137   2   5   4 142   0   0],8,265,1166.0,NgReg,674463655,1761498579,64137.0,0.0,517
1761498579766822259,[250 137   2   5   4 142   0   0],8,265,1166.0,NgReg,766475180,1761498579,64137.0,0.0,517
1761498579869158847,[250 137   2   5   4 142   0   0],8,265,1166.0,NgReg,868874424,1761498579,64137.0,0.0,517
1761498579960780027,[250 137   2   5   4 142   0   0],8,265,1166.0,NgReg,960591575,1761498579,64137.0,0.0,517
1761498580072955796,[250 137   2   5   4 142   0   0],8,265,1166.0,NgReg,72810065,1761498580,64137.0,0.0,517
1761498580164749378,[250 137   2   5   4 142   0   0],8,265,1166.0,NgReg,164589598,1761498580,64137.0,0.0,517
1761498580277551136,[250 137   2   5   4 142   0   0],8,265,1166.0,NgReg,277059061,1761498580,64137.0,0.0,517
1761498580369298156,[250 137   2   5   4 142   0   0],8,265,1166.0,NgReg,369073127,1761498580,64137.0,0.0,517
1761498580512717520,[250 137   2   5   4 142   0   0],8,265,1166.0,NgReg,512328039,1761498580,64137.0,0.0,517
1761498580584761800,[250 137   2   5   4 142   0   0],8,265,1166.0,NgReg,584507907,1761498580,64137.0,0.0,517
1761498580676735130,[250 137   2   5   4 142   0   0],8,265,1166.0,NgReg,676454260,1761498580,64137.0,0.0,517
1761498580769093364,[250 137   2   5   4 142   0   0],8,265,1166.0,NgReg,768821134,1761498580,64137.0,0.0,517
1761498580881635373,[250 137   2   5   4 142   0   0],8,265,1166.0,NgReg,881389639,1761498580,64137.0,0.0,517
1761498580964148813,[250 137   2   5   4 142   0   0],8,265,1166.0,NgReg,963823494,1761498580,64137.0,0.0,517
1761498581076727736,[250 137   2   5   4 142   0   0],8,265,1166.0,NgReg,76454066,1761498581,64137.0,0.0,517
1761498581169275907,[250 137   2   5   4 142   0   0],8,265,1166.0,NgReg,168926108,1761498581,64137.0,0.0,517
1761498581281970601,[250 137   2   5   4 142   0   0],8,265,1166.0,NgReg,281607233,1761498581,64137.0,0.0,517
1761498581364261556,[250 137   2   5   4 142   0   0],8,265,1166.0,NgReg,363983310,1761498581,64137.0,0.0,517
1761498581517534418,[250 137   2   5   4 142   0   0],8,265,1166.0,NgReg,517271788,1761498581,64137.0,0.0,517
1761498581589386584,[250 137   2   5   4 142   0   0],8,265,1166.0,NgReg,589033009,1761498581,64137.0,0.0,517
1761498581681426201,[250 137   2   5   4 142   0   0],8,265,1166.0,NgReg,681254933,1761498581,64137.0,0.0,517
1761498581773616957,[250 137   2   5   4 142   0   0],8,265,1166.0,NgReg,773365720,1761498581,64137.0,0.0,517
1761498581875881342,[250 137   2   5   4 142   0   0],8,265,1166.0,NgReg,875706394,1761498581,64137.0,0.0,517
1761498581967870525,[250 137   2   5   4 142   0   0],8,265,1166.0,NgReg,967671865,1761498581,64137.0,0.0,517
1761498582080861338,[250 137   2   5   4 142   0   0],8,265,1166.0,NgReg,80307982,1761498582,64137.0,0.0,517
1761498582172504191,[250 137   2   5   4 142   0   0],8,265,1166.0,NgReg,172203865,1761498582,64137.0,0.0,517
1761498582285288112,[250 137   2   5   4 142   0   0],8,265,1166.0,NgReg,285106508,1761498582,64137.0,0.0,517
1761498582367440360,[250 137   2   5   4 142   0   0],8,265,1166.0,NgReg,367109921,1761498582,64137.0,0.0,517
1761498582521557818,[250 137   2   5   4 142   0   0],8,265,1166.0,NgReg,521222387,1761498582,64137.0,0.0,517
1761498582593987903,[250 137   2   5   4 142   0   0],8,265,1166.0,NgReg,593707129,1761498582,64137.0,0.0,517
1761498582686476567,[250 137   2   5   4 142   0   0],8,265,1166.0,NgReg,685863209,1761498582,64137.0,0.0,517
1761498582771625840,[250 137   2   5   4 142   0   0],8,265,1166.0,NgReg,770907776,1761498582,64137.0,0.0,517
1761498582883091588,[250 137   2   5   4 142   0   0],8,265,1166.0,NgReg,882800061,1761498582,64137.0,0.0,517
1761498582975264309,[250 137   2   5   4 142   0   0],8,265,1166.0,NgReg,974943086,1761498582,64137.0,0.0,517
1761498583087595179,[250 137   2   5   4 142   0   0],8,265,1166.0,NgReg,87256836,1761498583,64137.0,0.0,517
1761498583169276873,[250 137   2   5   4 142   0   0],8,265,1166.0,NgReg,169021091,1761498583,64137.0,0.0,517
1761498583281783901,[250 137   2   5   4 142   0   0],8,265,1166.0,NgReg,281468919,1761498583,64137.0,0.0,517
1761498583373533619,[250 137   2   5   4 142   0   0],8,265,1166.0,NgReg,373276430,1761498583,64137.0,0.0,517
1761498583527762314,[250 137   2   5   4 142   0   0],8,265,1166.0,NgReg,527186941,1761498583,64137.0,0.0,517
1761498583599967483,[250 137   2   5   4 142   0   0],8,265,1166.0,NgReg,599770327,1761498583,64137.0,0.0,517
1761498583682191108,[250 137   2   5   4 142   0   0],8,265,1166.0,NgReg,681747899,1761498583,64137.0,0.0,517
1761498583774997873,[250 137   2   5   4 142   0   0],8,265,1166.0,NgReg,774308674,1761498583,64137.0,0.0,517
1761498583887159454,[250 137   2   5   4 142   0   0],8,265,1166.0,NgReg,886958138,1761498583,64137.0,0.0,517
1761498583979338237,[250 137   2   5   4 142   0   0],8,265,1166.0,NgReg,978927988,1761498583,64137.0,0.0,517
1761498584092074309,[250 137   2   5   4 142   0   0],8,265,1166.0,NgReg,91694173,1761498584,64137.0,0.0,517
1761498584173677297,[250 137   2   5   4 142   0   0],8,265,1166.0,NgReg,173421388,1761498584,64137.0,0.0,517
1761498584286211152,[250 137   2   5   4 142   0   0],8,265,1166.0,NgReg,285967595,1761498584,64137.0,0.0,517
1761498584378228090,[250 137   2   5   4 142   0   0],8,265,1166.0,NgReg,377997205,1761498584,64137.0,0.0,517
1761498584531972392,[250 137   2   5   4 142   0   0],8,265,1166.0,NgReg,531722722,1761498584,64137.0,0.0,517
1761498584604136554,[250 137   2   5   4 142   0   0],8,265,1166.0,NgReg,603950822,1761498584,64137.0,0.0,517
1761498584686382596,[250 137   2   5   4 142   0   0],8,265,1166.0,NgReg,685927930,1761498584,64137.0,0.0,517
1761498584781144712,[250 137   2   5   4 142   0   0],8,265,1166.0,NgReg,780834913,1761498584,64137.0,0.0,517
1761498584893097211,[250 137   2   5   4 142   0   0],8,265,1166.0,NgReg,892940503,1761498584,64137.0,0.0,517
1761498584975218002,[250 137   2   5   4 142   0   0],8,265,1166.0,NgReg,974910283,1761498584,64137.0,0.0,517
1761498585087530460,[250 137   2   5   4 142   0   0],8,265,1166.0,NgReg,86970608,1761498585,64137.0,0.0,517
1761498585179154123,[250 137   2   5   4 142   0   0],8,265,1166.0,NgReg,178847045,1761498585,64137.0,0.0,517
1761498585292101245,[250 137   2   5   4 142   0   0],8,265,1166.0,NgReg,291744470,1761498585,64137.0,0.0,517
1761498585383861680,[250 137   2   5   4 142   0   0],8,265,1166.0,NgReg,383687340,1761498585,64137.0,0.0,517
1761498585537810788,[250 137   2   5   4 142   0   0],8,265,1166.0,NgReg,537475421,1761498585,64137.0,0.0,517
1761498585610475555,[250 137   2   5   4 142   0   0],8,265,1166.0,NgReg,609870678,1761498585,64137.0,0.0,517
1761498585692185761,[250 137   2   5   4 142   0   0],8,265,1166.0,NgReg,691953756,1761498585,64137.0,0.0,517
1761498585784227194,[250 137   2   5   4 142   0   0],8,265,1166.0,NgReg,784019477,1761498585,64137.0,0.0,517
1761498585896489533,[250 137   2   5   4 142   0   0],8,265,1166.0,NgReg,896201271,1761498585,64137.0,0.0,517
1761498585978473889,[250 137   2   5   4 142   0   0],8,265,1166.0,NgReg,978180475,1761498585,64137.0,0.0,517
1761498586090644018,[250 137   2   5   4 142   0   0],8,265,1166.0,NgReg,90340492,1761498586,64137.0,0.0,517
1761498586182518069,[250 137   2   5   4 142   0   0],8,265,1166.0,NgReg,182176398,1761498586,64137.0,0.0,517
1761498586295188524,[250 137   2   5   4 142   0   0],8,265,1166.0,NgReg,294726018,1761498586,64137.0,0.0,517
1761498586386910540,[250 137   2   5   4 142   0   0],8,265,1166.0,NgReg,386648422,1761498586,64137.0,0.0,517
1761498586541222634,[250 137   2   5   4 142   0   0],8,265,1166.0,NgReg,540974533,1761498586,64137.0,0.0,517
1761498586613261998,[250 137   2   5   4 142   0   0],8,265,1166.0,NgReg,613013641,1761498586,64137.0,0.0,517
1761498586695043070,[250 137   2   5   4 142   0   0],8,265,1166.0,NgReg,694776312,1761498586,64137.0,0.0,517
1761498586787120325,[250 137   2   5   4 142   0   0],8,265,1166.0,NgReg,786819199,1761498586,64137.0,0.0,517
1761498586899600120,[250 137   2   5   4 142   0   0],8,265,1166.0,NgReg,899172943,1761498586,64137.0,0.0,517
1761498586991321816,[250 137   2   5   4 142   0   0],8,265,1166.0,NgReg,991035346,1761498586,64137.0,0.0,517
1761498587093428992,[250 137   2   5   4 142   0   0],8,265,1166.0,NgReg,93170107,1761498587,64137.0,0.0,517
1761498587185192495,[250 137   2   5   4 142   0   0],8,265,1166.0,NgReg,184990891,1761498587,64137.0,0.0,517
1761498587297919313,[250 137   2   5   4 142   0   0],8,265,1166.0,NgReg,297584299,1761498587,64137.0,0.0,517
1761498587389953094,[250 137   2   5   4 142   0   0],8,265,1166.0,NgReg,389584287,1761498587,64137.0,0.0,517
1761498587543719324,[250 137   2   5   4 142   0   0],8,265,1166.0,NgReg,543413525,1761498587,64137.0,0.0,517
1761498587615167206,[250 137   2   5   4 142   0   0],8,265,1166.0,NgReg,614983202,1761498587,64137.0,0.0,517
1761498587696878309,[250 137   2   5   4 142   0   0],8,265,1166.0,NgReg,696702273,1761498587,64137.0,0.0,517
1761498587789446533,[250 137   2   5   4 142   0   0],8,265,1166.0,NgReg,788777143,1761498587,64137.0,0.0,517
1761498587901213459,[250 137   2   5   4 142   0   0],8,265,1166.0,NgReg,900980782,1761498587,64137.0,0.0,517
1761498587993481773,[250 137   2   5   4 142   0   0],8,265,1166.0,NgReg,993222343,1761498587,64137.0,0.0,517
1761498588095929896,[250 137   2   5   4 142   0   0],8,265,1166.0,NgReg,95403357,1761498588,64137.0,0.0,517
1761498588187666470,[250 137   2   5   4 142   0   0],8,265,1166.0,NgReg,187387296,1761498588,64137.0,0.0,517
1761498588299990250,[250 137   2   5   4 142   0   0],8,265,1166.0,NgReg,299798854,1761498588,64137.0,0.0,517
1761498588392028174,[250 137   2   5   4 142   0   0],8,265,1166.0,NgReg,391704775,1761498588,64137.0,0.0,517
1761498588545402046,[250 137   2   5   4 142   0   0],8,265,1166.0,NgReg,545085911,1761498588,64137.0,0.0,517
1761498588617172577,[250 137   2   5   4 142   0   0],8,265,1166.0,NgReg,616978909,1761498588,64137.0,0.0,517
1761498588699187062,[250 137   2   5   4 142   0   0],8,265,1166.0,NgReg,698893936,1761498588,64137.0,0.0,517
1761498588791401022,[250 137   2   5   4 142   0   0],8,265,1166.0,NgReg,791159769,1761498588,64137.0,0.0,517
1761498588903962887,[250 137   2   5   4 142   0   0],8,265,1166.0,NgReg,903733730,1761498588,64137.0,0.0,517
1761498588995822599,[250 137   2   5   4 142   0   0],8,265,1166.0,NgReg,995529953,1761498588,64137.0,0.0,517
1761498589107995669,[250 137   2   5   4 142   0   0],8,265,1166.0,NgReg,107732943,1761498589,64137.0,0.0,517
1761498589189963290,[250 137   2   5   4 142   0   0],8,265,1166.0,NgReg,189689876,1761498589,64137.0,0.0,517
1761498589302426284,[250 137   2   5   4 142   0   0],8,265,1166.0,NgReg,302120262,1761498589,64137.0,0.0,517
1761498589394461950,[250 137   2   5   4 142   0   0],8,265,1166.0,NgReg,394178777,1761498589,64137.0,0.0,517
1761498589547942452,[250 137   2   5   4 142   0   0],8,265,1166.0,NgReg,547559500,1761498589,64137.0,0.0,517
1761498589619724618,[250 137   2   5   4 142   0   0],8,265,1166.0,NgReg,619458564,1761498589,64137.0,0.0,517
1761498589701255206,[250 137   2   5   4 142   0   0],8,265,1166.0,NgReg,701059746,1761498589,64137.0,0.0,517
1761498589793608383,[250 137   2   5   4 142   0   0],8,265,1166.0,NgReg,793297368,1761498589,64137.0,0.0,517
1761498589905929966,[250 137   2   5   4 142   0   0],8,265,1166.0,NgReg,905544454,1761498589,64137.0,0.0,517
1761498589997790749,[250 137   2   5   4 142   0   0],8,265,1166.0,NgReg,997532312,1761498589,64137.0,0.0,517
1761498590110090520,[250 137   2   5   4 142   0   0],8,265,1166.0,NgReg,109768433,1761498590,64137.0,0.0,517
1761498590201844851,[250 137   2   5   4 142   0   0],8,265,1166.0,NgReg,201429611,1761498590,64137.0,0.0,517
1761498590304752624,[250 137   2   5   4 142   0   0],8,265,1166.0,NgReg,304455850,1761498590,64137.0,0.0,517
1761498590396558188,[250 137   2   5   4 142   0   0],8,265,1166.0,NgReg,396380488,1761498590,64137.0,0.0,517
1761498590550578512,[250 137   2   5   4 142   0   0],8,265,1166.0,NgReg,550024229,1761498590,64137.0,0.0,517
1761498590622434106,[250 137   2   5   4 142   0   0],8,265,1166.0,NgReg,622190485,1761498590,64137.0,0.0,517
1761498590705026492,[250 137   2   5   4 142   0   0],8,265,1166.0,NgReg,704749559,1761498590,64137.0,0.0,517
1761498590799407373,[250 137   2   5   4 142   0   0],8,265,1166.0,NgReg,799095206,1761498590,64137.0,0.0,517
1761498590911959276,[250 137   2   5   4 142   0   0],8,265,1166.0,NgReg,911625893,1761498590,64137.0,0.0,517
1761498591004131311,[250 137   2   5   4 142   0   0],8,265,1166.0,NgReg,3835529,1761498591,64137.0,0.0,517
1761498591106524462,[250 137   2   5   4 142   0   0],8,265,1166.0,NgReg,106264969,1761498591,64137.0,0.0,517
1761498591198355834,[250 137   2   5   4 142   0   0],8,265,1166.0,NgReg,198125238,1761498591,64137.0,0.0,517
1761498591311070184,[250 137   2   5   4 142   0   0],8,265,1166.0,NgReg,310768386,1761498591,64137.0,0.0,517
1761498591403032534,[250 137   2   5   4 142   0   0],8,265,1166.0,NgReg,402723248,1761498591,64137.0,0.0,517
1761498591556033897,[250 137   2   5   4 142   0   0],8,265,1166.0,NgReg,555867878,1761498591,64137.0,0.0,517
1761498591628403376,[250 137   2   5   4 142   0   0],8,265,1166.0,NgReg,628120746,1761498591,64137.0,0.0,517
1761498591710448568,[250 137   2   5   4 142   0   0],8,265,1166.0,NgReg,709984015,1761498591,64137.0,0.0,517
1761498591802180546,[250 137   2   5   4 142   0   0],8,265,1166.0,NgReg,801917949,1761498591,64137.0,0.0,517
1761498591914549449,[250 137   2   5   4 142   0   0],8,265,1166.0,NgReg,914158369,1761498591,64137.0,0.0,517
1761498592006459158,[250 137   2   5   4 142   0   0],8,265,1166.0,NgReg,6170416,1761498592,64137.0,0.0,517
1761498592118667717,[250 137   2   5   4 142   0   0],8,265,1166.0,NgReg,118350878,1761498592,64137.0,0.0,517
1761498592200485081,[250 137   2   5   4 142   0   0],8,265,1166.0,NgReg,200196084,1761498592,64137.0,0.0,517
1761498592312830059,[250 137   2   5   4 142   0   0],8,265,1166.0,NgReg,312537477,1761498592,64137.0,0.0,517
1761498592405066446,[250 137   2   5   4 142   0   0],8,265,1166.0,NgReg,404439201,1761498592,64137.0,0.0,517
1761498592557882657,[250 137   2   5   4 142   0   0],8,265,1166.0,NgReg,557611836,1761498592,64137.0,0.0,517
1761498592629962805,[250 137   2   5   4 142   0   0],8,265,1166.0,NgReg,629600814,1761498592,64137.0,0.0,517
1761498592712032847,[250 137   2   5   4 142   0   0],8,265,1166.0,NgReg,711739145,1761498592,64137.0,0.0,517
1761498592803912523,[250 137   2   5   4 142   0   0],8,265,1166.0,NgReg,803761800,1761498592,64137.0,0.0,517
1761498592916218299,[250 137   2   5   4 142   0   0],8,265,1166.0,NgReg,916013079,1761498592,64137.0,0.0,517
1761498593008422877,[250 137   2   5   4 142   0   0],8,265,1166.0,NgReg,8073078,1761498593,64137.0,0.0,517
1761498593120234703,[250 137   2   5   4 142   0   0],8,265,1166.0,NgReg,119996331,1761498593,64137.0,0.0,517
1761498593202349275,[250 137   2   5   4 142   0   0],8,265,1166.0,NgReg,202113014,1761498593,64137.0,0.0,517
1761498593315212034,[250 137   2   5   4 142   0   0],8,265,1166.0,NgReg,314919580,1761498593,64137.0,0.0,517
1761498593407372883,[250 137   2   5   4 142   0   0],8,265,1166.0,NgReg,407034892,1761498593,64137.0,0.0,517
1761498593560874712,[250 137   2   5   4 142   0   0],8,265,1166.0,NgReg,560411054,1761498593,64137.0,0.0,517
1761498593632889533,[250 137   2   5   4 142   0   0],8,265,1166.0,NgReg,632572119,1761498593,64137.0,0.0,517
1761498593714853414,[250 137   2   5   4 142   0   0],8,265,1166.0,NgReg,714523999,1761498593,64137.0,0.0,517
1761498593807636099,[250 137   2   5   4 142   0   0],8,265,1166.0,NgReg,807057495,1761498593,64137.0,0.0,517
1761498593921431420,[250 137   2   5   4 142   0   0],8,265,1166.0,NgReg,920988211,1761498593,64137.0,0.0,517
1761498594013271877,[250 137   2   5   4 142   0   0],8,265,1166.0,NgReg,12990335,1761498594,64137.0,0.0,517
1761498594116193718,[250 137   2   5   4 142   0   0],8,265,1166.0,NgReg,115953426,1761498594,64137.0,0.0,517
1761498594208263957,[250 137   2   5   4 142   0   0],8,265,1166.0,NgReg,207983087,1761498594,64137.0,0.0,517
1761498594320890243,[250 137   2   5   4 142   0   0],8,265,1166.0,NgReg,320727456,1761498594,64137.0,0.0,517
1761498594413288551,[250 137   2   5   4 142   0   0],8,265,1166.0,NgReg,412973601,1761498594,64137.0,0.0,517
1761498594567869797,[250 137   2   5   4 142   0   0],8,265,1166.0,NgReg,567548863,1761498594,64137.0,0.0,517
1761498594639941887,[250 137   2   5   4 142   0   0],8,265,1166.0,NgReg,639739515,1761498594,64137.0,0.0,517
1761498594722496772,[250 137   2   5   4 142   0   0],8,265,1166.0,NgReg,722041531,1761498594,64137.0,0.0,517
1761498594814570051,[250 137   2   5   4 142   0   0],8,265,1166.0,NgReg,814325150,1761498594,64137.0,0.0,517
1761498594927164912,[250 137   2   5   4 142   0   0],8,265,1166.0,NgReg,926735752,1761498594,64137.0,0.0,517
1761498595009046695,[250 137   2   5   4 142   0   0],8,265,1166.0,NgReg,8881892,1761498595,64137.0,0.0,517
1761498595121302714,[250 137   2   5   4 142   0   0],8,265,1166.0,NgReg,121055509,1761498595,64137.0,0.0,517
1761498595213230565,[250 137   2   5   4 142   0   0],8,265,1166.0,NgReg,212964160,1761498595,64137.0,0.0,517
1761498595325916896,[250 137   2   5   4 142   0   0],8,265,1166.0,NgReg,325519801,1761498595,64137.0,0.0,517
1761498595417419971,[250 137   2   5   4 142   0   0],8,265,1166.0,NgReg,417248352,1761498595,64137.0,0.0,517
1761498595571285176,[250 137   2   5   4 142   0   0],8,265,1166.0,NgReg,570993522,1761498595,64137.0,0.0,517
1761498595643939472,[250 137   2   5   4 142   0   0],8,265,1166.0,NgReg,643405189,1761498595,64137.0,0.0,517
1761498595726078366,[250 137   2   5   4 142   0   0],8,265,1166.0,NgReg,725698071,1761498595,64137.0,0.0,517
1761498595818487058,[250 137   2   5   4 142   0   0],8,265,1166.0,NgReg,818067690,1761498595,64137.0,0.0,517
1761498595931281232,[250 137   2   5   4 142   0   0],8,265,1166.0,NgReg,930887880,1761498595,64137.0,0.0,517
1761498596012739887,[250 137   2   5   4 142   0   0],8,265,1166.0,NgReg,12521291,1761498596,64137.0,0.0,517
1761498596125295060,[250 137   2   5   4 142   0   0],8,265,1166.0,NgReg,124934029,1761498596,64137.0,0.0,517
1761498596216987850,[250 137   2   5   4 142   0   0],8,265,1166.0,NgReg,216764742,1761498596,64137.0,0.0,517
1761498596329648721,[250 137   2   5   4 142   0   0],8,265,1166.0,NgReg,329224393,1761498596,64137.0,0.0,517
1761498596421792880,[250 137   2   5   4 142   0   0],8,265,1166.0,NgReg,421469769,1761498596,64137.0,0.0,517
1761498596565234754,[250 137   2   5   4 142   0   0],8,265,1166.0,NgReg,564945212,1761498596,64137.0,0.0,517
1761498596637433668,[250 137   2   5   4 142   0   0],8,265,1166.0,NgReg,636996251,1761498596,64137.0,0.0,517
1761498596729178107,[250 137   2   5   4 142   0   0],8,265,1166.0,NgReg,728926486,1761498596,64137.0,0.0,517
1761498596821200632,[250 137   2   5   4 142   0   0],8,265,1166.0,NgReg,820896402,1761498596,64137.0,0.0,517
1761498596933628698,[250 137   2   5   4 142   0   0],8,265,1166.0,NgReg,933162769,1761498596,64137.0,0.0,517
1761498597015295438,[250 137   2   5   4 142   0   0],8,265,1166.0,NgReg,15031561,1761498597,64137.0,0.0,517
1761498597127756317,[250 137   2   5   4 142   0   0],8,265,1166.0,NgReg,127381334,1761498597,64137.0,0.0,517
1761498597219911500,[250 137   2   5   4 142   0   0],8,265,1166.0,NgReg,219526757,1761498597,64137.0,0.0,517
1761498597332132470,[250 137   2   5   4 142   0   0],8,265,1166.0,NgReg,331936339,1761498597,64137.0,0.0,517
1761498597424349446,[250 137   2   5   4 142   0   0],8,265,1166.0,NgReg,424003488,1761498597,64137.0,0.0,517
1761498597577753564,[250 137   2   5   4 142   0   0],8,265,1166.0,NgReg,577466390,1761498597,64137.0,0.0,517
1761498597649913104,[250 137   2   5   4 142   0   0],8,265,1166.0,NgReg,649606698,1761498597,64137.0,0.0,517
1761498597734655123,[250 137   2   5   4 142   0   0],8,265,1166.0,NgReg,734324237,1761498597,64137.0,0.0,517
1761498597826787009,[250 137   2   5   4 142   0   0],8,265,1166.0,NgReg,826474459,1761498597,64137.0,0.0,517
1761498597928977646,[250 137   2   5   4 142   0   0],8,265,1166.0,NgReg,928728841,1761498597,64137.0,0.0,517
1761498598021086009,[250 137   2   5   4 142   0   0],8,265,1166.0,NgReg,20788947,1761498598,64137.0,0.0,517
1761498598133810745,[250 137   2   5   4 142   0   0],8,265,1166.0,NgReg,133466482,1761498598,64137.0,0.0,517
1761498598225660274,[250 137   2   5   4 142   0   0],8,265,1166.0,NgReg,225411661,1761498598,64137.0,0.0,517
1761498598338584438,[250 137   2   5   4 142   0   0],8,265,1166.0,NgReg,338102668,1761498598,64137.0,0.0,517
1761498598420465524,[250 137   2   5   4 142   0   0],8,265,1166.0,NgReg,420010283,1761498598,64137.0,0.0,517
1761498598574151603,[250 137   2   5   4 142   0   0],8,265,1166.0,NgReg,573920655,1761498598,64137.0,0.0,517
1761498598646377404,[250 137   2   5   4 142   0   0],8,265,1166.0,NgReg,646103159,1761498598,64137.0,0.0,517
1761498598738561980,[250 137   2   5   4 142   0   0],8,265,1166.0,NgReg,737868719,1761498598,64137.0,0.0,517
1761498598830102991,[250 137   2   5   4 142   0   0],8,265,1166.0,NgReg,829927724,1761498598,64137.0,0.0,517
1761498598932497965,[250 137   2   5   4 142   0   0],8,265,1166.0,NgReg,932231048,1761498598,64137.0,0.0,517
1761498599024225760,[250 137   2   5   4 142   0   0],8,265,1166.0,NgReg,23971580,1761498599,64137.0,0.0,517
1761498599136541157,[250 137   2   5   4 142   0   0],8,265,1166.0,NgReg,136361698,1761498599,64137.0,0.0,517
1761498599228673364,[250 137   2   5   4 142   0   0],8,265,1166.0,NgReg,228398414,1761498599,64137.0,0.0,517
1761498599341236765,[250 137   2   5   4 142   0   0],8,265,1166.0,NgReg,340930679,1761498599,64137.0,0.0,517
1761498599423276112,[250 137   2   5   4 142   0   0],8,265,1166.0,NgReg,422886601,1761498599,64137.0,0.0,517
1761498599576727120,[250 137   2   5   4 142   0   0],8,265,1166.0,NgReg,576522157,1761498599,64137.0,0.0,517
1761498599649321172,[250 137   2   5   4 142   0   0],8,265,1166.0,NgReg,648794058,1761498599,64137.0,0.0,517
1761498599740981593,[250 137   2   5   4 142   0   0],8,265,1166.0,NgReg,740732181,1761498599,64137.0,0.0,517
1761498599833845461,[250 137   2   5   4 142   0   0],8,265,1166.0,NgReg,833349772,1761498599,64137.0,0.0,517
1761498599936115936,[250 137   2   5   4 142   0   0],8,265,1166.0,NgReg,935862427,1761498599,64137.0,0.0,517
1761498600028426062,[250 137   2   5   4 142   0   0],8,265,1166.0,NgReg,28036070,1761498600,64137.0,0.0,517
1761498600140732511,[250 137   2   5   4 142   0   0],8,265,1166.0,NgReg,140549371,1761498600,64137.0,0.0,517
1761498600233464968,[250 137   2   5   4 142   0   0],8,265,1166.0,NgReg,233190019,1761498600,64137.0,0.0,517
1761498600346535656,[250 137   2   5   4 142   0   0],8,265,1166.0,NgReg,345862523,1761498600,64137.0,0.0,517
1761498600428186213,[250 137   2   5   4 142   0   0],8,265,1166.0,NgReg,427827071,1761498600,64137.0,0.0,517
1761498600582435866,[250 137   2   5   4 142   0   0],8,265,1166.0,NgReg,582120084,1761498600,64137.0,0.0,517
1761498600654921519,[250 137   2   5   4 142   0   0],8,265,1166.0,NgReg,654638474,1761498600,64137.0,0.0,517
1761498600747302034,[250 137   2   5   4 142   0   0],8,265,1166.0,NgReg,746808681,1761498600,64137.0,0.0,517
1761498600829519098,[250 137   2   5   4 142   0   0],8,265,1166.0,NgReg,829249461,1761498600,64137.0,0.0,517
1761498600942132945,[250 137   2   5   4 142   0   0],8,265,1166.0,NgReg,941652680,1761498600,64137.0,0.0,517
1761498601034241802,[250 137   2   5   4 142   0   0],8,265,1166.0,NgReg,33919268,1761498601,64137.0,0.0,517
1761498601146945583,[250 137   2   5   4 142   0   0],8,265,1166.0,NgReg,146308772,1761498601,64137.0,0.0,517
1761498601238590453,[250 137   2   5   4 142   0   0],8,265,1166.0,NgReg,238196654,1761498601,64137.0,0.0,517
1761498601341098657,[250 137   2   5   4 142   0   0],8,265,1166.0,NgReg,340592343,1761498601,64137.0,0.0,517
1761498601433110989,[250 137   2   5   4 142   0   0],8,265,1166.0,NgReg,432847976,1761498601,64137.0,0.0,517
1761498601587438025,[250 137   2   5   4 142   0   0],8,265,1166.0,NgReg,587129923,1761498601,64137.0,0.0,517
1761498601659801327,[250 137   2   5   4 142   0   0],8,265,1166.0,NgReg,659325895,1761498601,64137.0,0.0,517
1761498601741764964,[250 137   2   5   4 142   0   0],8,265,1166.0,NgReg,741420446,1761498601,64137.0,0.0,517
1761498601833765457,[250 137   2   5   4 142   0   0],8,265,1166.0,NgReg,833439243,1761498601,64137.0,0.0,517
1761498601946449398,[250 137   2   5   4 142   0   0],8,265,1166.0,NgReg,945944652,1761498601,64137.0,0.0,517
1761498602038312218,[250 137   2   5   4 142   0   0],8,265,1166.0,NgReg,38019733,1761498602,64137.0,0.0,517
1761498602150688966,[250 137   2   5   4 142   0   0],8,265,1166.0,NgReg,150379265,1761498602,64137.0,0.0,517
1761498602232500235,[250 137   2   5   4 142   0   0],8,265,1166.0,NgReg,232247494,1761498602,64137.0,0.0,517
1761498602344900920,[250 137   2   5   4 142   0   0],8,265,1166.0,NgReg,344693588,1761498602,64137.0,0.0,517
1761498602439731783,[250 137   2   5   4 142   0   0],8,265,1166.0,NgReg,438895160,1761498602,64137.0,0.0,517
1761498602592035812,[250 137   2   5   4 142   0   0],8,265,1166.0,NgReg,591854689,1761498602,64137.0,0.0,517
1761498602664669411,[250 137   2   5   4 142   0   0],8,265,1166.0,NgReg,664332029,1761498602,64137.0,0.0,517
1761498602746715212,[250 137   2   5   4 142   0   0],8,265,1166.0,NgReg,746312197,1761498602,64137.0,0.0,517
1761498602838846859,[250 137   2   5   4 142   0   0],8,265,1166.0,NgReg,838573894,1761498602,64137.0,0.0,517
1761498602951116629,[250 137   2   5   4 142   0   0],8,265,1166.0,NgReg,950863121,1761498602,64137.0,0.0,517
1761498603044801898,[250 137   2   5   4 142   0   0],8,265,1166.0,NgReg,44639143,1761498603,64137.0,0.0,517
1761498603147726650,[250 137   2   5   4 142   0   0],8,265,1166.0,NgReg,147077295,1761498603,64137.0,0.0,517
1761498603239399202,[250 137   2   5   4 142   0   0],8,265,1166.0,NgReg,239050811,1761498603,64137.0,0.0,517
1761498603353074386,[250 137   2   5   4 142   0   0],8,265,1166.0,NgReg,352806893,1761498603,64137.0,0.0,517
1761498603445374981,[250 137   2   5   4 142   0   0],8,265,1166.0,NgReg,445101056,1761498603,64137.0,0.0,517
1761498603588913035,[250 137   2   5   4 142   0   0],8,265,1166.0,NgReg,588610662,1761498603,64137.0,0.0,517
1761498603661119382,[250 137   2   5   4 142   0   0],8,265,1166.0,NgReg,660799313,1761498603,64137.0,0.0,517
1761498603753171588,[250 137   2   5   4 142   0   0],8,265,1166.0,NgReg,752887039,1761498603,64137.0,0.0,517
1761498603845483191,[250 137   2   5   4 142   0   0],8,265,1166.0,NgReg,845240947,1761498603,64137.0,0.0,517
1761498603958324985,[250 137   2   5   4 142   0   0],8,265,1166.0,NgReg,958075476,1761498603,64137.0,0.0,517
1761498604040273228,[250 137   2   5   4 142   0   0],8,265,1166.0,NgReg,39941894,1761498604,64137.0,0.0,517
1761498604152514929,[250 137   2   5   4 142   0   0],8,265,1166.0,NgReg,152277036,1761498604,64137.0,0.0,517
1761498604244633360,[250 137   2   5   4 142   0   0],8,265,1166.0,NgReg,244309355,1761498604,64137.0,0.0,517
1761498604358131403,[250 137   2   5   4 142   0   0],8,265,1166.0,NgReg,357514656,1761498604,64137.0,0.0,517
1761498604439874035,[250 137   2   5   4 142   0   0],8,265,1166.0,NgReg,439587470,1761498604,64137.0,0.0,517
1761498604593509460,[250 137   2   5   4 142   0   0],8,265,1166.0,NgReg,593251952,1761498604,64137.0,0.0,517
1761498604665812437,[250 137   2   5   4 142   0   0],8,265,1166.0,NgReg,665495727,1761498604,64137.0,0.0,517
1761498604757671184,[250 137   2   5   4 142   0   0],8,265,1166.0,NgReg,757350122,1761498604,64137.0,0.0,517
1761498604849629677,[250 137   2   5   4 142   0   0],8,265,1166.0,NgReg,849351976,1761498604,64137.0,0.0,517
1761498604951846048,[250 137   2   5   4 142   0   0],8,265,1166.0,NgReg,951588027,1761498604,64137.0,0.0,517
1761498605043721109,[250 137   2   5   4 142   0   0],8,265,1166.0,NgReg,43405167,1761498605,64137.0,0.0,517
1761498605156582513,[250 137   2   5   4 142   0   0],8,265,1166.0,NgReg,156026248,1761498605,64137.0,0.0,517
1761498605248192217,[250 137   2   5   4 142   0   0],8,265,1166.0,NgReg,247874579,1761498605,64137.0,0.0,517
1761498605360404938,[250 137   2   5   4 142   0   0],8,265,1166.0,NgReg,360186278,1761498605,64137.0,0.0,517
1761498605452605564,[250 137   2   5   4 142   0   0],8,265,1166.0,NgReg,452318039,1761498605,64137.0,0.0,517
1761498605595753708,[250 137   2   5   4 142   0   0],8,265,1166.0,NgReg,595553128,1761498605,64137.0,0.0,517
1761498605667768668,[250 137   2   5   4 142   0   0],8,265,1166.0,NgReg,667448406,1761498605,64137.0,0.0,517
1761498605759844939,[250 137   2   5   4 142   0   0],8,265,1166.0,NgReg,759534950,1761498605,64137.0,0.0,517
1761498605851847482,[250 137   2   5   4 142   0   0],8,265,1166.0,NgReg,851550292,1761498605,64137.0,0.0,517
1761498605964154252,[250 137   2   5   4 142   0   0],8,265,1166.0,NgReg,963909800,1761498605,64137.0,0.0,517
1761498606046217830,[250 137   2   5   4 142   0   0],8,265,1166.0,NgReg,45899969,1761498606,64137.0,0.0,517
1761498606158183392,[250 137   2   5   4 142   0   0],8,265,1166.0,NgReg,158022686,1761498606,64137.0,0.0,517
1761498606250110046,[250 137   2   5   4 142   0   0],8,265,1166.0,NgReg,249904283,1761498606,64137.0,0.0,517
1761498606363017545,[250 137   2   5   4 142   0   0],8,265,1166.0,NgReg,362758789,1761498606,64137.0,0.0,517
1761498606455076873,[250 137   2   5   4 142   0   0],8,265,1166.0,NgReg,454846021,1761498606,64137.0,0.0,517
1761498606598690218,[250 137   2   5   4 142   0   0],8,265,1166.0,NgReg,598394917,1761498606,64137.0,0.0,517
1761498606672468364,[250 137   2   5   4 142   0   0],8,265,1166.0,NgReg,672275273,1761498606,64137.0,0.0,517
1761498606764356554,[250 137   2   5   4 142   0   0],8,265,1166.0,NgReg,764162886,1761498606,64137.0,0.0,517
1761498606856260583,[250 137   2   5   4 142   0   0],8,265,1166.0,NgReg,856071908,1761498606,64137.0,0.0,517
1761498606958886335,[250 137   2   5   4 142   0   0],8,265,1166.0,NgReg,958438711,1761498606,64137.0,0.0,517
1761498607051295198,[250 137   2   5   4 142   0   0],8,265,1166.0,NgReg,50835318,1761498607,64137.0,0.0,517
1761498607163428393,[250 137   2   5   4 142   0   0],8,265,1166.0,NgReg,163167077,1761498607,64137.0,0.0,517
1761498607255379353,[250 137   2   5   4 142   0   0],8,265,1166.0,NgReg,255104532,1761498607,64137.0,0.0,517
1761498607367668934,[250 137   2   5   4 142   0   0],8,265,1166.0,NgReg,367378529,1761498607,64137.0,0.0,517
1761498607459846041,[250 137   2   5   4 142   0   0],8,265,1166.0,NgReg,459484307,1761498607,64137.0,0.0,517
1761498607603109564,[250 137   2   5   4 142   0   0],8,265,1166.0,NgReg,602741398,1761498607,64137.0,0.0,517
1761498607675336888,[250 137   2   5   4 142   0   0],8,265,1166.0,NgReg,675064659,1761498607,64137.0,0.0,517
1761498607768057461,[250 137   2   5   4 142   0   0],8,265,1166.0,NgReg,767677998,1761498607,64137.0,0.0,517
1761498607859815073,[250 137   2   5   4 142   0   0],8,265,1166.0,NgReg,859339801,1761498607,64137.0,0.0,517
1761498607962008993,[250 137   2   5   4 142   0   0],8,265,1166.0,NgReg,961606138,1761498607,64137.0,0.0,517
1761498608054310926,[250 137   2   5   4 142   0   0],8,265,1166.0,NgReg,53773445,1761498608,64137.0,0.0,517
1761498608166435303,[250 137   2   5   4 142   0   0],8,265,1166.0,NgReg,166120834,1761498608,64137.0,0.0,517
1761498608254511717,[250 137   2   5   4 142   0   0],8,265,1166.0,NgReg,254101118,1761498608,64137.0,0.0,517
1761498608367308169,[250 137   2   5   4 142   0   0],8,265,1166.0,NgReg,366912707,1761498608,64137.0,0.0,517
1761498608459560847,[250 137   2   5   4 142   0   0],8,265,1166.0,NgReg,459219305,1761498608,64137.0,0.0,517
1761498608613697940,[250 137   2   5   4 142   0   0],8,265,1166.0,NgReg,613269645,1761498608,64137.0,0.0,517
1761498608685488893,[250 137   2   5   4 142   0   0],8,265,1166.0,NgReg,685191672,1761498608,64137.0,0.0,517
1761498608768316322,[250 137   2   5   4 142   0   0],8,265,1166.0,NgReg,768039581,1761498608,64137.0,0.0,517
1761498608860677769,[250 137   2   5   4 142   0   0],8,265,1166.0,NgReg,860443493,1761498608,64137.0,0.0,517
1761498608973297226,[250 137   2   5   4 142   0   0],8,265,1166.0,NgReg,972709888,1761498608,64137.0,0.0,517
1761498609064731577,[250 137   2   5   4 142   0   0],8,265,1166.0,NgReg,64540117,1761498609,64137.0,0.0,517
1761498609167825735,[250 137   2   5   4 142   0   0],8,265,1166.0,NgReg,167409408,1761498609,64137.0,0.0,517
1761498609259935643,[250 137   2   5   4 142   0   0],8,265,1166.0,NgReg,259715895,1761498609,64137.0,0.0,517
1761498609372192452,[250 137   2   5   4 142   0   0],8,265,1166.0,NgReg,371852638,1761498609,64137.0,0.0,517
1761498609464438043,[250 137   2   5   4 142   0   0],8,265,1166.0,NgReg,464083957,1761498609,64137.0,0.0,517
1761498609618287810,[250 137   2   5   4 142   0   0],8,265,1166.0,NgReg,617866971,1761498609,64137.0,0.0,517
1761498609690195137,[250 137   2   5   4 142   0   0],8,265,1166.0,NgReg,689861148,1761498609,64137.0,0.0,517
1761498609772369358,[250 137   2   5   4 142   0   0],8,265,1166.0,NgReg,771999591,1761498609,64137.0,0.0,517
1761498609864249150,[250 137   2   5   4 142   0   0],8,265,1166.0,NgReg,864019962,1761498609,64137.0,0.0,517
1761498609977145202,[250 137   2   5   4 142   0   0],8,265,1166.0,NgReg,976737227,1761498609,64137.0,0.0,517
1761498610058559081,[250 137   2   5   4 142   0   0],8,265,1166.0,NgReg,58315333,1761498610,64137.0,0.0,517
1761498610170786656,[250 137   2   5   4 142   0   0],8,265,1166.0,NgReg,170350392,1761498610,64137.0,0.0,517
1761498610262542912,[250 137   2   5   4 142   0   0],8,265,1166.0,NgReg,262234010,1761498610,64137.0,0.0,517
1761498610375153436,[250 137   2   5   4 142   0   0],8,265,1166.0,NgReg,374865048,1761498610,64137.0,0.0,517
1761498610466924732,[250 137   2   5   4 142   0   0],8,265,1166.0,NgReg,466672024,1761498610,64137.0,0.0,517
1761498610620216098,[250 137   2   5   4 142   0   0],8,265,1166.0,NgReg,620022207,1761498610,64137.0,0.0,517
1761498610692123190,[250 137   2   5   4 142   0   0],8,265,1166.0,NgReg,691947315,1761498610,64137.0,0.0,517
1761498610775590155,[250 137   2   5   4 142   0   0],8,265,1166.0,NgReg,775194788,1761498610,64137.0,0.0,517
1761498610867394507,[250 137   2   5   4 142   0   0],8,265,1166.0,NgReg,867084710,1761498610,64137.0,0.0,517
1761498610979566049,[250 137   2   5   4 142   0   0],8,265,1166.0,NgReg,979266140,1761498610,64137.0,0.0,517
1761498611071771198,[250 137   2   5   4 142   0   0],8,265,1166.0,NgReg,71387575,1761498611,64137.0,0.0,517
1761498611173552949,[250 137   2   5   4 142   0   0],8,265,1166.0,NgReg,173356658,1761498611,64137.0,0.0,517
1761498611265508042,[250 137   2   5   4 142   0   0],8,265,1166.0,NgReg,265330215,1761498611,64137.0,0.0,517
1761498611377887985,[250 137   2   5   4 142   0   0],8,265,1166.0,NgReg,377612780,1761498611,64137.0,0.0,517
1761498611469724004,[250 137   2   5   4 142   0   0],8,265,1166.0,NgReg,469478656,1761498611,64137.0,0.0,517
1761498611622862959,[250 137   2   5   4 142   0   0],8,265,1166.0,NgReg,622693100,1761498611,64137.0,0.0,517
1761498611695081532,[250 137   2   5   4 142   0   0],8,265,1166.0,NgReg,694699222,1761498611,64137.0,0.0,517
1761498611777045835,[250 137   2   5   4 142   0   0],8,265,1166.0,NgReg,776788423,1761498611,64137.0,0.0,517
1761498611868654330,[250 137   2   5   4 142   0   0],8,265,1166.0,NgReg,868455190,1761498611,64137.0,0.0,517
1761498611981151651,[250 137   2   5   4 142   0   0],8,265,1166.0,NgReg,980905727,1761498611,64137.0,0.0,517
1761498612072840041,[250 137   2   5   4 142   0   0],8,265,1166.0,NgReg,72642149,1761498612,64137.0,0.0,517
1761498612185176253,[250 137   2   5   4 142   0   0],8,265,1166.0,NgReg,185002363,1761498612,64137.0,0.0,517
1761498612267269474,[250 137   2   5   4 142   0   0],8,265,1166.0,NgReg,266968733,1761498612,64137.0,0.0,517
1761498612380037693,[250 137   2   5   4 142   0   0],8,265,1166.0,NgReg,379515893,1761498612,64137.0,0.0,517
1761498612471658846,[250 137   2   5   4 142   0   0],8,265,1166.0,NgReg,471319801,1761498612,64137.0,0.0,517
1761498612624998100,[250 137   2   5   4 142   0   0],8,265,1166.0,NgReg,624755632,1761498612,64137.0,0.0,517
1761498612696678349,[250 137   2   5   4 142   0   0],8,265,1166.0,NgReg,696503243,1761498612,64137.0,0.0,517
1761498612778925396,[250 137   2   5   4 142   0   0],8,265,1166.0,NgReg,778548750,1761498612,64137.0,0.0,517
1761498612870419571,[250 137   2   5   4 142   0   0],8,265,1166.0,NgReg,870166478,1761498612,64137.0,0.0,517
1761498612982727847,[250 137   2   5   4 142   0   0],8,265,1166.0,NgReg,982245311,1761498612,64137.0,0.0,517
1761498613074445631,[250 137   2   5   4 142   0   0],8,265,1166.0,NgReg,74180026,1761498613,64137.0,0.0,517
1761498613187222697,[250 137   2   5   4 142   0   0],8,265,1166.0,NgReg,186920964,1761498613,64137.0,0.0,517
1761498613269030748,[250 137   2   5   4 142   0   0],8,265,1166.0,NgReg,268719799,1761498613,64137.0,0.0,517
1761498613381676964,[250 137   2   5   4 142   0   0],8,265,1166.0,NgReg,381432480,1761498613,64137.0,0.0,517
1761498613473706525,[250 137   2   5   4 142   0   0],8,265,1166.0,NgReg,473286103,1761498613,64137.0,0.0,517
1761498613627138173,[250 137   2   5   4 142   0   0],8,265,1166.0,NgReg,626922938,1761498613,64137.0,0.0,517
1761498613699403989,[250 137   2   5   4 142   0   0],8,265,1166.0,NgReg,699044623,1761498613,64137.0,0.0,517
1761498613781739120,[250 137   2   5   4 142   0   0],8,265,1166.0,NgReg,781472780,1761498613,64137.0,0.0,517
1761498613873499749,[250 137   2   5   4 142   0   0],8,265,1166.0,NgReg,873337474,1761498613,64137.0,0.0,517
1761498613986020971,[250 137   2   5   4 142   0   0],8,265,1166.0,NgReg,985749799,1761498613,64137.0,0.0,517
1761498614077997464,[250 137   2   5   4 142   0   0],8,265,1166.0,NgReg,77727636,1761498614,64137.0,0.0,517
1761498614190581870,[250 137   2   5   4 142   0   0],8,265,1166.0,NgReg,190317898,1761498614,64137.0,0.0,517
1761498614273332739,[250 137   2   5   4 142   0   0],8,265,1166.0,NgReg,272787483,1761498614,64137.0,0.0,517
1761498614385293327,[250 137   2   5   4 142   0   0],8,265,1166.0,NgReg,385005867,1761498614,64137.0,0.0,517
1761498614477310778,[250 137   2   5   4 142   0   0],8,265,1166.0,NgReg,477116023,1761498614,64137.0,0.0,517
1761498614631595280,[250 137   2   5   4 142   0   0],8,265,1166.0,NgReg,631112200,1761498614,64137.0,0.0,517
1761498614703928861,[250 137   2   5   4 142   0   0],8,265,1166.0,NgReg,703287539,1761498614,64137.0,0.0,517
1761498614785766852,[250 137   2   5   4 142   0   0],8,265,1166.0,NgReg,785434782,1761498614,64137.0,0.0,517
1761498614877787086,[250 137   2   5   4 142   0   0],8,265,1166.0,NgReg,877487465,1761498614,64137.0,0.0,517
1761498614990451590,[250 137   2   5   4 142   0   0],8,265,1166.0,NgReg,990200546,1761498614,64137.0,0.0,517
1761498615082439844,[250 137   2   5   4 142   0   0],8,265,1166.0,NgReg,82185184,1761498615,64137.0,0.0,517
1761498615195310669,[250 137   2   5   4 142   0   0],8,265,1166.0,NgReg,195050121,1761498615,64137.0,0.0,517
1761498615279947956,[250 137   2   5   4 142   0   0],8,265,1166.0,NgReg,279341290,1761498615,64137.0,0.0,517
1761498615391950480,[250 137   2   5   4 142   0   0],8,265,1166.0,NgReg,391450216,1761498615,64137.0,0.0,517
1761498615483636551,[250 137   2   5   4 142   0   0],8,265,1166.0,NgReg,483369634,1761498615,64137.0,0.0,517
1761498615637308315,[250 137   2   5   4 142   0   0],8,265,1166.0,NgReg,637088248,1761498615,64137.0,0.0,517
1761498615708987443,[250 137   2   5   4 142   0   0],8,265,1166.0,NgReg,708793424,1761498615,64137.0,0.0,517
1761498615791084881,[250 137   2   5   4 142   0   0],8,265,1166.0,NgReg,790895630,1761498615,64137.0,0.0,517
1761498615883417427,[250 137   2   5   4 142   0   0],8,265,1166.0,NgReg,883151726,1761498615,64137.0,0.0,517
1761498615995453711,[250 137   2   5   4 142   0   0],8,265,1166.0,NgReg,995261195,1761498615,64137.0,0.0,517
1761498616087361725,[250 137   2   5   4 142   0   0],8,265,1166.0,NgReg,87181690,1761498616,64137.0,0.0,517
1761498616189453643,[250 137   2   5   4 142   0   0],8,265,1166.0,NgReg,189167206,1761498616,64137.0,0.0,517
1761498616282211685,[250 137   2   5   4 142   0   0],8,265,1166.0,NgReg,281867264,1761498616,64137.0,0.0,517
1761498616395283264,[250 137   2   5   4 142   0   0],8,265,1166.0,NgReg,395041468,1761498616,64137.0,0.0,517
1761498616487188205,[250 137   2   5   4 142   0   0],8,265,1166.0,NgReg,486916041,1761498616,64137.0,0.0,517
1761498616631821691,[250 137   2   5   4 142   0   0],8,265,1166.0,NgReg,631409109,1761498616,64137.0,0.0,517
1761498616703636874,[250 137   2   5   4 142   0   0],8,265,1166.0,NgReg,703357734,1761498616,64137.0,0.0,517
1761498616795756250,[250 137   2   5   4 142   0   0],8,265,1166.0,NgReg,795571191,1761498616,64137.0,0.0,517
1761498616887612806,[250 137   2   5   4 142   0   0],8,265,1166.0,NgReg,887392579,1761498616,64137.0,0.0,517
1761498617000815588,[250 137   2   5   4 142   0   0],8,265,1166.0,NgReg,619424,1761498617,64137.0,0.0,517
1761498617082890665,[250 137   2   5   4 142   0   0],8,265,1166.0,NgReg,82594469,1761498617,64137.0,0.0,517
1761498617195050309,[250 137   2   5   4 142   0   0],8,265,1166.0,NgReg,194742145,1761498617,64137.0,0.0,517
1761498617287340682,[250 137   2   5   4 142   0   0],8,265,1166.0,NgReg,287036741,1761498617,64137.0,0.0,517
1761498617399613928,[250 137   2   5   4 142   0   0],8,265,1166.0,NgReg,399277603,1761498617,64137.0,0.0,517
1761498617491686729,[250 137   2   5   4 142   0   0],8,265,1166.0,NgReg,491313252,1761498617,64137.0,0.0,517
1761498617634987373,[250 137   2   5   4 142   0   0],8,265,1166.0,NgReg,634681160,1761498617,64137.0,0.0,517
1761498617707232696,[250 137   2   5   4 142   0   0],8,265,1166.0,NgReg,706818161,1761498617,64137.0,0.0,517
1761498617800519948,[250 137   2   5   4 142   0   0],8,265,1166.0,NgReg,800356202,1761498617,64137.0,0.0,517
1761498617892369610,[250 137   2   5   4 142   0   0],8,265,1166.0,NgReg,892072294,1761498617,64137.0,0.0,517
1761498618004888620,[250 137   2   5   4 142   0   0],8,265,1166.0,NgReg,4542534,1761498618,64137.0,0.0,517
1761498618086524798,[250 137   2   5   4 142   0   0],8,265,1166.0,NgReg,86225401,1761498618,64137.0,0.0,517
1761498618199281010,[250 137   2   5   4 142   0   0],8,265,1166.0,NgReg,198707337,1761498618,64137.0,0.0,517
1761498618291291109,[250 137   2   5   4 142   0   0],8,265,1166.0,NgReg,291038529,1761498618,64137.0,0.0,517
1761498618403588306,[250 137   2   5   4 142   0   0],8,265,1166.0,NgReg,403291182,1761498618,64137.0,0.0,517
1761498618495435170,[250 137   2   5   4 142   0   0],8,265,1166.0,NgReg,495169502,1761498618,64137.0,0.0,517
1761498618639037237,[250 137   2   5   4 142   0   0],8,265,1166.0,NgReg,638777585,1761498618,64137.0,0.0,517
1761498618711283733,[250 137   2   5   4 142   0   0],8,265,1166.0,NgReg,711053234,1761498618,64137.0,0.0,517
1761498618803933266,[250 137   2   5   4 142   0   0],8,265,1166.0,NgReg,803719951,1761498618,64137.0,0.0,517
1761498618896456300,[250 137   2   5   4 142   0   0],8,265,1166.0,NgReg,896226697,1761498618,64137.0,0.0,517
1761498618999134981,[250 137   2   5   4 142   0   0],8,265,1166.0,NgReg,998807904,1761498618,64137.0,0.0,517
1761498619091858870,[250 137   2   5   4 142   0   0],8,265,1166.0,NgReg,91266445,1761498619,64137.0,0.0,517
1761498619204449367,[250 137   2   5   4 142   0   0],8,265,1166.0,NgReg,204083345,1761498619,64137.0,0.0,517
1761498619297354986,[250 137   2   5   4 142   0   0],8,265,1166.0,NgReg,296690335,1761498619,64137.0,0.0,517
1761498619409984683,[250 137   2   5   4 142   0   0],8,265,1166.0,NgReg,409696935,1761498619,64137.0,0.0,517
1761498619491978326,[250 137   2   5   4 142   0   0],8,265,1166.0,NgReg,491719314,1761498619,64137.0,0.0,517
1761498619646714527,[250 137   2   5   4 142   0   0],8,265,1166.0,NgReg,646402170,1761498619,64137.0,0.0,517
1761498619719092374,[250 137   2   5   4 142   0   0],8,265,1166.0,NgReg,718775121,1761498619,64137.0,0.0,517
1761498619801436967,[250 137   2   5   4 142   0   0],8,265,1166.0,NgReg,801130658,1761498619,64137.0,0.0,517
1761498619893935283,[250 137   2   5   4 142   0   0],8,265,1166.0,NgReg,893689808,1761498619,64137.0,0.0,517
1761498620007616741,[250 137   2   5   4 142   0   0],8,265,1166.0,NgReg,7057276,1761498620,64137.0,0.0,517
1761498620099955617,[250 137   2   5   4 142   0   0],8,265,1166.0,NgReg,99618300,1761498620,64137.0,0.0,517
1761498620212433008,[250 137   2   5   4 142   0   0],8,265,1166.0,NgReg,212233677,1761498620,64137.0,0.0,517
1761498620295424734,[250 137   2   5   4 142   0   0],8,265,1166.0,NgReg,294776693,1761498620,64137.0,0.0,517
1761498620407269796,[250 137   2   5   4 142   0   0],8,265,1166.0,NgReg,407034432,1761498620,64137.0,0.0,517
1761498620499360284,[250 137   2   5   4 142   0   0],8,265,1166.0,NgReg,499029751,1761498620,64137.0,0.0,517
1761498620653628039,[250 137   2   5   4 142   0   0],8,265,1166.0,NgReg,653406211,1761498620,64137.0,0.0,517
1761498620726818816,[250 137   2   5   4 142   0   0],8,265,1166.0,NgReg,726510107,1761498620,64137.0,0.0,517
1761498620812193298,[250 137   2   5   4 142   0   0],8,265,1166.0,NgReg,811915726,1761498620,64137.0,0.0,517
1761498620904541039,[250 137   2   5   4 142   0   0],8,265,1166.0,NgReg,904210378,1761498620,64137.0,0.0,517
1761498621007344234,[250 137   2   5   4 142   0   0],8,265,1166.0,NgReg,6991333,1761498621,64137.0,0.0,517
1761498621099529207,[250 137   2   5   4 142   0   0],8,265,1166.0,NgReg,99104785,1761498621,64137.0,0.0,517
1761498621212022454,[250 137   2   5   4 142   0   0],8,265,1166.0,NgReg,211769362,1761498621,64137.0,0.0,517
1761498621305571703,[250 137   2   5   4 142   0   0],8,265,1166.0,NgReg,304626185,1761498621,64137.0,0.0,517
1761498621407220530,[250 137   2   5   4 142   0   0],8,265,1166.0,NgReg,406941582,1761498621,64137.0,0.0,517
1761498621499657410,[250 137   2   5   4 142   0   0],8,265,1166.0,NgReg,499259996,1761498621,64137.0,0.0,517
1761498621653829429,[250 137   2   5   4 142   0   0],8,265,1166.0,NgReg,653529776,1761498621,64137.0,0.0,517
1761498621726666590,[250 137   2   5   4 142   0   0],8,265,1166.0,NgReg,726246039,1761498621,64137.0,0.0,517
1761498621809062679,[250 137   2   5   4 142   0   0],8,265,1166.0,NgReg,808806835,1761498621,64137.0,0.0,517
1761498621901345029,[250 137   2   5   4 142   0   0],8,265,1166.0,NgReg,901133058,1761498621,64137.0,0.0,517
1761498622014514381,[250 137   2   5   4 142   0   0],8,265,1166.0,NgReg,13996069,1761498622,64137.0,0.0,517
1761498622106782253,[250 137   2   5   4 142   0   0],8,265,1166.0,NgReg,106503369,1761498622,64137.0,0.0,517
1761498622209289030,[250 137   2   5   4 142   0   0],8,265,1166.0,NgReg,209076131,1761498622,64137.0,0.0,517
1761498622302045710,[250 137   2   5   4 142   0   0],8,265,1166.0,NgReg,301538471,1761498622,64137.0,0.0,517
1761498622414434907,[250 137   2   5   4 142   0   0],8,265,1166.0,NgReg,414156439,1761498622,64137.0,0.0,517
1761498622507145346,[250 137   2   5   4 142   0   0],8,265,1166.0,NgReg,506786588,1761498622,64137.0,0.0,517
1761498622661176700,[250 137   2   5   4 142   0   0],8,265,1166.0,NgReg,660774902,1761498622,64137.0,0.0,517
1761498622733639925,[250 137   2   5   4 142   0   0],8,265,1166.0,NgReg,733286223,1761498622,64137.0,0.0,517
1761498622816294982,[250 137   2   5   4 142   0   0],8,265,1166.0,NgReg,816064482,1761498622,64137.0,0.0,517
1761498622908555590,[250 137   2   5   4 142   0   0],8,265,1166.0,NgReg,908294946,1761498622,64137.0,0.0,517
1761498623021157300,[250 137   2   5   4 142   0   0],8,265,1166.0,NgReg,20953105,1761498623,64137.0,0.0,517
1761498623103314514,[250 137   2   5   4 142   0   0],8,265,1166.0,NgReg,103008461,1761498623,64137.0,0.0,517
1761498623215937522,[250 137   2   5   4 142   0   0],8,265,1166.0,NgReg,215561740,1761498623,64137.0,0.0,517
1761498623307942945,[250 137   2   5   4 142   0   0],8,265,1166.0,NgReg,307671229,1761498623,64137.0,0.0,517
1761498623420198299,[250 137   2   5   4 142   0   0],8,265,1166.0,NgReg,419935447,1761498623,64137.0,0.0,517
1761498623512140266,[250 137   2   5   4 142   0   0],8,265,1166.0,NgReg,511925287,1761498623,64137.0,0.0,517
1761498623656401309,[250 137   2   5   4 142   0   0],8,265,1166.0,NgReg,656065912,1761498623,64137.0,0.0,517
1761498623729141040,[250 137   2   5   4 142   0   0],8,265,1166.0,NgReg,728644904,1761498623,64137.0,0.0,517
1761498623821164447,[250 137   2   5   4 142   0   0],8,265,1166.0,NgReg,820992285,1761498623,64137.0,0.0,517
1761498623913707479,[250 137   2   5   4 142   0   0],8,265,1166.0,NgReg,913430642,1761498623,64137.0,0.0,517
1761498624016251392,[250 137   2   5   4 142   0   0],8,265,1166.0,NgReg,15968860,1761498624,64137.0,0.0,517
1761498624108317987,[250 137   2   5   4 142   0   0],8,265,1166.0,NgReg,108047551,1761498624,64137.0,0.0,517
1761498624220735216,[250 137   2   5   4 142   0   0],8,265,1166.0,NgReg,220523597,1761498624,64137.0,0.0,517
1761498624312812723,[250 137   2   5   4 142   0   0],8,265,1166.0,NgReg,312534607,1761498624,64137.0,0.0,517
1761498624425724647,[250 137   2   5   4 142   0   0],8,265,1166.0,NgReg,425230080,1761498624,64137.0,0.0,517
1761498624508138429,[250 137   2   5   4 142   0   0],8,265,1166.0,NgReg,507892698,1761498624,64137.0,0.0,517
1761498624662690610,[250 137   2   5   4 142   0   0],8,265,1166.0,NgReg,662273356,1761498624,64137.0,0.0,517
1761498624735090070,[250 137   2   5   4 142   0   0],8,265,1166.0,NgReg,734772657,1761498624,64137.0,0.0,517
1761498624827681856,[250 137   2   5   4 142   0   0],8,265,1166.0,NgReg,827241274,1761498624,64137.0,0.0,517
1761498624909248810,[250 137   2   5   4 142   0   0],8,265,1166.0,NgReg,908973190,1761498624,64137.0,0.0,517
1761498625021832215,[250 137   2   5   4 142   0   0],8,265,1166.0,NgReg,21420721,1761498625,64137.0,0.0,517
1761498625113811916,[250 137   2   5   4 142   0   0],8,265,1166.0,NgReg,113475239,1761498625,64137.0,0.0,517
1761498625226787089,[250 137   2   5   4 142   0   0],8,265,1166.0,NgReg,226506477,1761498625,64137.0,0.0,517
1761498625319893750,[250 137   2   5   4 142   0   0],8,265,1166.0,NgReg,319303789,1761498625,64137.0,0.0,517
1761498625422246081,[250 137   2   5   4 142   0   0],8,265,1166.0,NgReg,421964861,1761498625,64137.0,0.0,517
1761498625514777853,[250 137   2   5   4 142   0   0],8,265,1166.0,NgReg,514494265,1761498625,64137.0,0.0,517
1761498625669576864,[250 137   2   5   4 142   0   0],8,265,1166.0,NgReg,669381630,1761498625,64137.0,0.0,517
1761498625742081915,[250 137   2   5   4 142   0   0],8,265,1166.0,NgReg,741822551,1761498625,64137.0,0.0,517
1761498625824704648,[250 137   2   5   4 142   0   0],8,265,1166.0,NgReg,824485445,1761498625,64137.0,0.0,517
1761498625917040482,[250 137   2   5   4 142   0   0],8,265,1166.0,NgReg,916726077,1761498625,64137.0,0.0,517
1761498626030146406,[250 137   2   5   4 142   0   0],8,265,1166.0,NgReg,29628926,1761498626,64137.0,0.0,517
1761498626112205375,[250 137   2   5   4 142   0   0],8,265,1166.0,NgReg,111949403,1761498626,64137.0,0.0,517
1761498626224726670,[250 137   2   5   4 142   0   0],8,265,1166.0,NgReg,224435081,1761498626,64137.0,0.0,517
1761498626317699332,[250 137   2   5   4 142   0   0],8,265,1166.0,NgReg,317361823,1761498626,64137.0,0.0,517
1761498626430487734,[250 137   2   5   4 142   0   0],8,265,1166.0,NgReg,430199794,1761498626,64137.0,0.0,517
1761498626522908292,[250 137   2   5   4 142   0   0],8,265,1166.0,NgReg,522616896,1761498626,64137.0,0.0,517
1761498626667157178,[250 137   2   5   4 142   0   0],8,265,1166.0,NgReg,666843125,1761498626,64137.0,0.0,517
1761498626739667146,[250 137   2   5   4 142   0   0],8,265,1166.0,NgReg,739303653,1761498626,64137.0,0.0,517
1761498626831922870,[250 137   2   5   4 142   0   0],8,265,1166.0,NgReg,831700051,1761498626,64137.0,0.0,517
1761498626924298243,[250 137   2   5   4 142   0   0],8,265,1166.0,NgReg,923944286,1761498626,64137.0,0.0,517
1761498627027034275,[250 137   2   5   4 142   0   0],8,265,1166.0,NgReg,26760063,1761498627,64137.0,0.0,517
1761498627119650151,[250 137   2   5   4 142   0   0],8,265,1166.0,NgReg,119155008,1761498627,64137.0,0.0,517
1761498627231924034,[250 137   2   5   4 142   0   0],8,265,1166.0,NgReg,231706431,1761498627,64137.0,0.0,517
1761498627324841354,[250 137   2   5   4 142   0   0],8,265,1166.0,NgReg,324230018,1761498627,64137.0,0.0,517
1761498627427254330,[250 137   2   5   4 142   0   0],8,265,1166.0,NgReg,426951381,1761498627,64137.0,0.0,517
1761498627519556633,[250 137   2   5   4 142   0   0],8,265,1166.0,NgReg,519282069,1761498627,64137.0,0.0,517
1761498627678103814,[250 137   2   5   4 142   0   0],8,265,1166.0,NgReg,677624927,1761498627,64137.0,0.0,517
1761498627753146992,[250 137   2   5   4 142   0   0],8,265,1166.0,NgReg,752407398,1761498627,64137.0,0.0,517
1761498627836865046,[250 137   2   5   4 142   0   0],8,265,1166.0,NgReg,836651923,1761498627,64137.0,0.0,517
1761498627919179655,[250 137   2   5   4 142   0   0],8,265,1166.0,NgReg,918968644,1761498627,64137.0,0.0,517
1761498628032386893,[250 137   2   5   4 142   0   0],8,265,1166.0,NgReg,32120649,1761498628,64137.0,0.0,517
1761498628124893346,[250 137   2   5   4 142   0   0],8,265,1166.0,NgReg,124564286,1761498628,64137.0,0.0,517
1761498628237890072,[250 137   2   5   4 142   0   0],8,265,1166.0,NgReg,237579028,1761498628,64137.0,0.0,517
1761498628320032668,[250 137   2   5   4 142   0   0],8,265,1166.0,NgReg,319804153,1761498628,64137.0,0.0,517
1761498628432881808,[250 137   2   5   4 142   0   0],8,265,1166.0,NgReg,432544299,1761498628,64137.0,0.0,517
1761498628525086209,[250 137   2   5   4 142   0   0],8,265,1166.0,NgReg,524730652,1761498628,64137.0,0.0,517
1761498628679085464,[250 137   2   5   4 142   0   0],8,265,1166.0,NgReg,678876949,1761498628,64137.0,0.0,517
1761498628751763735,[250 137   2   5   4 142   0   0],8,265,1166.0,NgReg,751546420,1761498628,64137.0,0.0,517
1761498628833796633,[250 137   2   5   4 142   0   0],8,265,1166.0,NgReg,833584694,1761498628,64137.0,0.0,517
1761498628926320463,[250 137   2   5   4 142   0   0],8,265,1166.0,NgReg,926028331,1761498628,64137.0,0.0,517
1761498629039417442,[250 137   2   5   4 142   0   0],8,265,1166.0,NgReg,38957115,1761498629,64137.0,0.0,517
1761498629131914826,[250 137   2   5   4 142   0   0],8,265,1166.0,NgReg,131690951,1761498629,64137.0,0.0,517
1761498629234305789,[250 137   2   5   4 142   0   0],8,265,1166.0,NgReg,233951320,1761498629,64137.0,0.0,517
1761498629326861799,[250 137   2   5   4 142   0   0],8,265,1166.0,NgReg,326284767,1761498629,64137.0,0.0,517
1761498629439231332,[250 137   2   5   4 142   0   0],8,265,1166.0,NgReg,439032738,1761498629,64137.0,0.0,517
1761498629531613260,[250 137   2   5   4 142   0   0],8,265,1166.0,NgReg,531305383,1761498629,64137.0,0.0,517
1761498629675851749,[250 137   2   5   4 142   0   0],8,265,1166.0,NgReg,675226525,1761498629,64137.0,0.0,517
1761498629747651502,[250 137   2   5   4 142   0   0],8,265,1166.0,NgReg,747379178,1761498629,64137.0,0.0,517
1761498629840035285,[250 137   2   5   4 142   0   0],8,265,1166.0,NgReg,839804914,1761498629,64137.0,0.0,517
1761498629932261018,[250 137   2   5   4 142   0   0],8,265,1166.0,NgReg,932051191,1761498629,64137.0,0.0,517
1761498630045182202,[250 137   2   5   4 142   0   0],8,265,1166.0,NgReg,44865014,1761498630,64137.0,0.0,517
1761498630127252070,[250 137   2   5   4 142   0   0],8,265,1166.0,NgReg,126973090,1761498630,64137.0,0.0,517
1761498630239934137,[250 137   2   5   4 142   0   0],8,265,1166.0,NgReg,239610677,1761498630,64137.0,0.0,517
1761498630332399029,[250 137   2   5   4 142   0   0],8,265,1166.0,NgReg,332143665,1761498630,64137.0,0.0,517
1761498630444698594,[250 137   2   5   4 142   0   0],8,265,1166.0,NgReg,444471903,1761498630,64137.0,0.0,517
1761498630527180756,[250 137   2   5   4 142   0   0],8,265,1166.0,NgReg,526882480,1761498630,64137.0,0.0,517
1761498630681611815,[250 137   2   5   4 142   0   0],8,265,1166.0,NgReg,681290850,1761498630,64137.0,0.0,517
1761498630754019086,[250 137   2   5   4 142   0   0],8,265,1166.0,NgReg,753763850,1761498630,64137.0,0.0,517
1761498630846861679,[250 137   2   5   4 142   0   0],8,265,1166.0,NgReg,846472137,1761498630,64137.0,0.0,517
1761498630928902075,[250 137   2   5   4 142   0   0],8,265,1166.0,NgReg,928574102,1761498630,64137.0,0.0,517
1761498631041391174,[250 137   2   5   4 142   0   0],8,265,1166.0,NgReg,41108866,1761498631,64137.0,0.0,517
1761498631133812725,[250 137   2   5   4 142   0   0],8,265,1166.0,NgReg,133504848,1761498631,64137.0,0.0,517
1761498631246630074,[250 137   2   5   4 142   0   0],8,265,1166.0,NgReg,246276885,1761498631,64137.0,0.0,517
1761498631339166058,[250 137   2   5   4 142   0   0],8,265,1166.0,NgReg,338805573,1761498631,64137.0,0.0,517
1761498631442128713,[250 137   2   5   4 142   0   0],8,265,1166.0,NgReg,441617698,1761498631,64137.0,0.0,517
1761498631534374805,[250 137   2   5   4 142   0   0],8,265,1166.0,NgReg,534067505,1761498631,64137.0,0.0,517
1761498631688999349,[250 137   2   5   4 142   0   0],8,265,1166.0,NgReg,688790098,1761498631,64137.0,0.0,517
1761498631761796824,[250 137   2   5   4 142   0   0],8,265,1166.0,NgReg,761458067,1761498631,64137.0,0.0,517
1761498631844059772,[250 137   2   5   4 142   0   0],8,265,1166.0,NgReg,843776120,1761498631,64137.0,0.0,517
1761498631936387209,[250 137   2   5   4 142   0   0],8,265,1166.0,NgReg,936005732,1761498631,64137.0,0.0,517
1761498632049070919,[250 137   2   5   4 142   0   0],8,265,1166.0,NgReg,48892228,1761498632,64137.0,0.0,517
1761498632141935855,[250 137   2   5   4 142   0   0],8,265,1166.0,NgReg,141645003,1761498632,64137.0,0.0,517
1761498632244421753,[250 137   2   5   4 142   0   0],8,265,1166.0,NgReg,244097077,1761498632,64137.0,0.0,517
1761498632336791931,[250 137   2   5   4 142   0   0],8,265,1166.0,NgReg,336453750,1761498632,64137.0,0.0,517
1761498632449572049,[250 137   2   5   4 142   0   0],8,265,1166.0,NgReg,449254540,1761498632,64137.0,0.0,517
1761498632542273623,[250 137   2   5   4 142   0   0],8,265,1166.0,NgReg,541937202,1761498632,64137.0,0.0,517
1761498632686079504,[250 137   2   5   4 142   0   0],8,265,1166.0,NgReg,685679018,1761498632,64137.0,0.0,517
1761498632758305505,[250 137   2   5   4 142   0   0],8,265,1166.0,NgReg,757815450,1761498632,64137.0,0.0,517
1761498632850520864,[250 137   2   5   4 142   0   0],8,265,1166.0,NgReg,850276989,1761498632,64137.0,0.0,517
1761498632942846401,[250 137   2   5   4 142   0   0],8,265,1166.0,NgReg,942486108,1761498632,64137.0,0.0,517
1761498633045939535,[250 137   2   5   4 142   0   0],8,265,1166.0,NgReg,45354663,1761498633,64137.0,0.0,517
1761498633138311524,[250 137   2   5   4 142   0   0],8,265,1166.0,NgReg,137961247,1761498633,64137.0,0.0,517
1761498633250919176,[250 137   2   5   4 142   0   0],8,265,1166.0,NgReg,250595044,1761498633,64137.0,0.0,517
1761498633343272765,[250 137   2   5   4 142   0   0],8,265,1166.0,NgReg,342980377,1761498633,64137.0,0.0,517
1761498633456412617,[250 137   2   5   4 142   0   0],8,265,1166.0,NgReg,456098116,1761498633,64137.0,0.0,517
1761498633538424595,[250 137   2   5   4 142   0   0],8,265,1166.0,NgReg,538138767,1761498633,64137.0,0.0,517
1761498633692012348,[250 137   2   5   4 142   0   0],8,265,1166.0,NgReg,691824506,1761498633,64137.0,0.0,517
1761498633764971342,[250 137   2   5   4 142   0   0],8,265,1166.0,NgReg,764676490,1761498633,64137.0,0.0,517
1761498633857363523,[250 137   2   5   4 142   0   0],8,265,1166.0,NgReg,856987934,1761498633,64137.0,0.0,517
1761498633939065513,[250 137   2   5   4 142   0   0],8,265,1166.0,NgReg,938869095,1761498633,64137.0,0.0,517
1761498634052203311,[250 137   2   5   4 142   0   0],8,265,1166.0,NgReg,51970348,1761498634,64137.0,0.0,517
1761498634145038366,[250 137   2   5   4 142   0   0],8,265,1166.0,NgReg,144648505,1761498634,64137.0,0.0,517
1761498634258273692,[250 137   2   5   4 142   0   0],8,265,1166.0,NgReg,257344815,1761498634,64137.0,0.0,517
1761498634339952215,[250 137   2   5   4 142   0   0],8,265,1166.0,NgReg,339581746,1761498634,64137.0,0.0,517
1761498634453730780,[250 137   2   5   4 142   0   0],8,265,1166.0,NgReg,453059731,1761498634,64137.0,0.0,517
1761498634546251751,[250 137   2   5   4 142   0   0],8,265,1166.0,NgReg,545550974,1761498634,64137.0,0.0,517
1761498634701923863,[250 137   2   5   4 142   0   0],8,265,1166.0,NgReg,701425169,1761498634,64137.0,0.0,517
1761498634774405433,[250 137   2   5   4 142   0   0],8,265,1166.0,NgReg,773854001,1761498634,64137.0,0.0,517
1761498634856574970,[250 137   2   5   4 142   0   0],8,265,1166.0,NgReg,856147317,1761498634,64137.0,0.0,517
1761498634948410140,[250 137   2   5   4 142   0   0],8,265,1166.0,NgReg,948172089,1761498634,64137.0,0.0,517
1761498635060965834,[250 137   2   5   4 142   0   0],8,265,1166.0,NgReg,60676966,1761498635,64137.0,0.0,517
1761498635142636346,[250 137   2   5   4 142   0   0],8,265,1166.0,NgReg,142340406,1761498635,64137.0,0.0,517
1761498635254456086,[250 137   2   5   4 142   0   0],8,265,1166.0,NgReg,254182355,1761498635,64137.0,0.0,517
1761498635347597725,[250 137   2   5   4 142   0   0],8,265,1166.0,NgReg,346932917,1761498635,64137.0,0.0,517
1761498635459398937,[250 137   2   5   4 142   0   0],8,265,1166.0,NgReg,459117878,1761498635,64137.0,0.0,517
1761498635551340945,[250 137   2   5   4 142   0   0],8,265,1166.0,NgReg,551024493,1761498635,64137.0,0.0,517
1761498635694734028,[250 137   2   5   4 142   0   0],8,265,1166.0,NgReg,694280806,1761498635,64137.0,0.0,517
1761498635766600507,[250 137   2   5   4 142   0   0],8,265,1166.0,NgReg,766288023,1761498635,64137.0,0.0,517
1761498635858429457,[250 137   2   5   4 142   0   0],8,265,1166.0,NgReg,858186958,1761498635,64137.0,0.0,517
1761498635950145893,[250 137   2   5   4 142   0   0],8,265,1166.0,NgReg,949888450,1761498635,64137.0,0.0,517
1761498636062400224,[250 137   2   5   4 142   0   0],8,265,1166.0,NgReg,62166493,1761498636,64137.0,0.0,517
1761498636154255018,[250 137   2   5   4 142   0   0],8,265,1166.0,NgReg,153957958,1761498636,64137.0,0.0,517
1761498636258052687,[250 137   2   5   4 142   0   0],8,265,1166.0,NgReg,256467579,1761498636,64137.0,0.0,517
1761498636348884620,[250 137   2   5   4 142   0   0],8,265,1166.0,NgReg,348703146,1761498636,64137.0,0.0,517
1761498636461287938,[250 137   2   5   4 142   0   0],8,265,1166.0,NgReg,460998494,1761498636,64137.0,0.0,517
1761498636552935689,[250 137   2   5   4 142   0   0],8,265,1166.0,NgReg,552748199,1761498636,64137.0,0.0,517
1761498636706865178,[250 137   2   5   4 142   0   0],8,265,1166.0,NgReg,706611959,1761498636,64137.0,0.0,517
1761498636779271784,[250 137   2   5   4 142   0   0],8,265,1166.0,NgReg,778617055,1761498636,64137.0,0.0,517
1761498636860922893,[250 137   2   5   4 142   0   0],8,265,1166.0,NgReg,860460743,1761498636,64137.0,0.0,517
1761498636952417747,[250 137   2   5   4 142   0   0],8,265,1166.0,NgReg,952041038,1761498636,64137.0,0.0,517
1761498637064295449,[250 137   2   5   4 142   0   0],8,265,1166.0,NgReg,64099991,1761498637,64137.0,0.0,517
1761498637156194136,[250 137   2   5   4 142   0   0],8,265,1166.0,NgReg,155978901,1761498637,64137.0,0.0,517
1761498637268739553,[250 137   2   5   4 142   0   0],8,265,1166.0,NgReg,268492798,1761498637,64137.0,0.0,517
1761498637350612031,[250 137   2   5   4 142   0   0],8,265,1166.0,NgReg,350313723,1761498637,64137.0,0.0,517
1761498637462730978,[250 137   2   5   4 142   0   0],8,265,1166.0,NgReg,462448862,1761498637,64137.0,0.0,517
1761498637554624801,[250 137   2   5   4 142   0   0],8,265,1166.0,NgReg,554340349,1761498637,64137.0,0.0,517
1761498637708125913,[250 137   2   5   4 142   0   0],8,265,1166.0,NgReg,707910902,1761498637,64137.0,0.0,517
1761498637780461532,[250 137   2   5   4 142   0   0],8,265,1166.0,NgReg,780197336,1761498637,64137.0,0.0,517
1761498637862386106,[250 137   2   5   4 142   0   0],8,265,1166.0,NgReg,862065942,1761498637,64137.0,0.0,517
1761498637954211064,[250 137   2   5   4 142   0   0],8,265,1166.0,NgReg,953975029,1761498637,64137.0,0.0,517
1761498638066755833,[250 137   2   5   4 142   0   0],8,265,1166.0,NgReg,66509078,1761498638,64137.0,0.0,517
1761498638158823374,[250 137   2   5   4 142   0   0],8,265,1166.0,NgReg,158320168,1761498638,64137.0,0.0,517
1761498638270916002,[250 137   2   5   4 142   0   0],8,265,1166.0,NgReg,270315931,1761498638,64137.0,0.0,517
1761498638352214223,[250 137   2   5   4 142   0   0],8,265,1166.0,NgReg,352020268,1761498638,64137.0,0.0,517
1761498638464446469,[250 137   2   5   4 142   0   0],8,265,1166.0,NgReg,464081056,1761498638,64137.0,0.0,517
1761498638556473978,[250 137   2   5   4 142   0   0],8,265,1166.0,NgReg,555953587,1761498638,64137.0,0.0,517
1761498638709808444,[250 137   2   5   4 142   0   0],8,265,1166.0,NgReg,709564121,1761498638,64137.0,0.0,517
1761498638781717680,[250 137   2   5   4 142   0   0],8,265,1166.0,NgReg,781515117,1761498638,64137.0,0.0,517
1761498638874149226,[250 137   2   5   4 142   0   0],8,265,1166.0,NgReg,873695012,1761498638,64137.0,0.0,517
1761498638955675449,[250 137   2   5   4 142   0   0],8,265,1166.0,NgReg,955345333,1761498638,64137.0,0.0,517
1761498639067786853,[250 137   2   5   4 142   0   0],8,265,1166.0,NgReg,67397281,1761498639,64137.0,0.0,517
1761498639159392617,[250 137   2   5   4 142   0   0],8,265,1166.0,NgReg,159153958,1761498639,64137.0,0.0,517
1761498639271727763,[250 137   2   5   4 142   0   0],8,265,1166.0,NgReg,271431983,1761498639,64137.0,0.0,517
1761498639363729627,[250 137   2   5   4 142   0   0],8,265,1166.0,NgReg,363356599,1761498639,64137.0,0.0,517
1761498639475837890,[250 137   2   5   4 142   0   0],8,265,1166.0,NgReg,475610911,1761498639,64137.0,0.0,517
1761498639557671306,[250 137   2   5   4 142   0   0],8,265,1166.0,NgReg,557402855,1761498639,64137.0,0.0,517
1761498639711342269,[250 137   2   5   4 142   0   0],8,265,1166.0,NgReg,710815446,1761498639,64137.0,0.0,517
1761498639783185703,[250 137   2   5   4 142   0   0],8,265,1166.0,NgReg,782896740,1761498639,64137.0,0.0,517
1761498639874994254,[250 137   2   5   4 142   0   0],8,265,1166.0,NgReg,874634537,1761498639,64137.0,0.0,517
1761498639966884565,[250 137   2   5   4 142   0   0],8,265,1166.0,NgReg,966611634,1761498639,64137.0,0.0,517
1761498640069322937,[250 137   2   5   4 142   0   0],8,265,1166.0,NgReg,68811923,1761498640,64137.0,0.0,517
1761498640160823344,[250 137   2   5   4 142   0   0],8,265,1166.0,NgReg,160569933,1761498640,64137.0,0.0,517
1761498640273498672,[250 137   2   5   4 142   0   0],8,265,1166.0,NgReg,273106763,1761498640,64137.0,0.0,517
1761498640365201353,[250 137   2   5   4 142   0   0],8,265,1166.0,NgReg,364914853,1761498640,64137.0,0.0,517
1761498640477447651,[250 137   2   5   4 142   0   0],8,265,1166.0,NgReg,477192736,1761498640,64137.0,0.0,517
1761498640569035195,[250 137   2   5   4 142   0   0],8,265,1166.0,NgReg,568853337,1761498640,64137.0,0.0,517
1761498640712295928,[250 137   2   5   4 142   0   0],8,265,1166.0,NgReg,712098358,1761498640,64137.0,0.0,517
1761498640784491806,[250 137   2   5   4 142   0   0],8,265,1166.0,NgReg,784188058,1761498640,64137.0,0.0,517
1761498640876189272,[250 137   2   5   4 142   0   0],8,265,1166.0,NgReg,875919956,1761498640,64137.0,0.0,517
1761498640968068179,[250 137   2   5   4 142   0   0],8,265,1166.0,NgReg,967777008,1761498640,64137.0,0.0,517
1761498641080194402,[250 137   2   5   4 142   0   0],8,265,1166.0,NgReg,80016192,1761498641,64137.0,0.0,517
1761498641162444219,[250 137   2   5   4 142   0   0],8,265,1166.0,NgReg,162178936,1761498641,64137.0,0.0,517
1761498641274807497,[250 137   2   5   4 142   0   0],8,265,1166.0,NgReg,274520677,1761498641,64137.0,0.0,517
1761498641366446838,[250 137   2   5   4 142   0   0],8,265,1166.0,NgReg,366199955,1761498641,64137.0,0.0,517
1761498641478843652,[250 137   2   5   4 142   0   0],8,265,1166.0,NgReg,478370110,1761498641,64137.0,0.0,517
1761498641571014327,[250 137   2   5   4 142   0   0],8,265,1166.0,NgReg,570774356,1761498641,64137.0,0.0,517
1761498641724690692,[250 137   2   5   4 142   0   0],8,265,1166.0,NgReg,724434337,1761498641,64137.0,0.0,517
1761498641798155856,[250 137   2   5   4 142   0   0],8,265,1166.0,NgReg,797771659,1761498641,64137.0,0.0,517
1761498641879969508,[250 137   2   5   4 142   0   0],8,265,1166.0,NgReg,879692320,1761498641,64137.0,0.0,517
1761498641971973142,[250 137   2   5   4 142   0   0],8,265,1166.0,NgReg,971574257,1761498641,64137.0,0.0,517
1761498642084709565,[250 137   2   5   4 142   0   0],8,265,1166.0,NgReg,84302360,1761498642,64137.0,0.0,517
1761498642166517703,[250 137   2   5   4 142   0   0],8,265,1166.0,NgReg,166179331,1761498642,64137.0,0.0,517
1761498642279449901,[250 137   2   5   4 142   0   0],8,265,1166.0,NgReg,279081449,1761498642,64137.0,0.0,517
1761498642371547125,[250 137   2   5   4 142   0   0],8,265,1166.0,NgReg,371207761,1761498642,64137.0,0.0,517
1761498642484251544,[250 137   2   5   4 142   0   0],8,265,1166.0,NgReg,483959381,1761498642,64137.0,0.0,517
1761498642566763563,[250 137   2   5   4 142   0   0],8,265,1166.0,NgReg,566277381,1761498642,64137.0,0.0,517
1761498642720929034,[250 137   2   5   4 142   0   0],8,265,1166.0,NgReg,720722183,1761498642,64137.0,0.0,517
1761498642794787442,[250 137   2   5   4 142   0   0],8,265,1166.0,NgReg,793956168,1761498642,64137.0,0.0,517
1761498642887053979,[250 137   2   5   4 142   0   0],8,265,1166.0,NgReg,886668215,1761498642,64137.0,0.0,517
1761498642968767652,[250 137   2   5   4 142   0   0],8,265,1166.0,NgReg,968448768,1761498642,64137.0,0.0,517
1761498643081421981,[250 137   2   5   4 142   0   0],8,265,1166.0,NgReg,81225659,1761498643,64137.0,0.0,517
1761498643173975455,[250 137   2   5   4 142   0   0],8,265,1166.0,NgReg,173502585,1761498643,64137.0,0.0,517
1761498643286954456,[250 137   2   5   4 142   0   0],8,265,1166.0,NgReg,286294896,1761498643,64137.0,0.0,517
1761498643378717712,[250 137   2   5   4 142   0   0],8,265,1166.0,NgReg,378451213,1761498643,64137.0,0.0,517
1761498643481075976,[250 137   2   5   4 142   0   0],8,265,1166.0,NgReg,480743780,1761498643,64137.0,0.0,517
1761498643573297542,[250 137   2   5   4 142   0   0],8,265,1166.0,NgReg,572828256,1761498643,64137.0,0.0,517
1761498643727890967,[250 137   2   5   4 142   0   0],8,265,1166.0,NgReg,727555763,1761498643,64137.0,0.0,517
1761498643801444147,[250 137   2   5   4 142   0   0],8,265,1166.0,NgReg,801075086,1761498643,64137.0,0.0,517
1761498643883087344,[250 137   2   5   4 142   0   0],8,265,1166.0,NgReg,882852013,1761498643,64137.0,0.0,517
1761498643975393391,[250 137   2   5   4 142   0   0],8,265,1166.0,NgReg,975078731,1761498643,64137.0,0.0,517
1761498644088068858,[250 137   2   5   4 142   0   0],8,265,1166.0,NgReg,87849751,1761498644,64137.0,0.0,517
1761498644180668977,[250 137   2   5   4 142   0   0],8,265,1166.0,NgReg,180480750,1761498644,64137.0,0.0,517
1761498644283375073,[250 137   2   5   4 142   0   0],8,265,1166.0,NgReg,283134910,1761498644,64137.0,0.0,517
1761498644375416401,[250 137   2   5   4 142   0   0],8,265,1166.0,NgReg,374947083,1761498644,64137.0,0.0,517
1761498644487143213,[250 137   2   5   4 142   0   0],8,265,1166.0,NgReg,487000395,1761498644,64137.0,0.0,517
1761498644578924858,[250 137   2   5   4 142   0   0],8,265,1166.0,NgReg,578735160,1761498644,64137.0,0.0,517
1761498644732816784,[250 137   2   5   4 142   0   0],8,265,1166.0,NgReg,732332106,1761498644,64137.0,0.0,517
1761498644804866801,[250 137   2   5   4 142   0   0],8,265,1166.0,NgReg,804569165,1761498644,64137.0,0.0,517
1761498644886763687,[250 137   2   5   4 142   0   0],8,265,1166.0,NgReg,886471044,1761498644,64137.0,0.0,517
1761498644978776151,[250 137   2   5   4 142   0   0],8,265,1166.0,NgReg,978466195,1761498644,64137.0,0.0,517
1761498645091030799,[250 137   2   5   4 142   0   0],8,265,1166.0,NgReg,90713099,1761498645,64137.0,0.0,517
1761498645182973203,[250 137   2   5   4 142   0   0],8,265,1166.0,NgReg,182656687,1761498645,64137.0,0.0,517
1761498645295750894,[250 137   2   5   4 142   0   0],8,265,1166.0,NgReg,295121446,1761498645,64137.0,0.0,517
1761498645377053843,[250 137   2   5   4 142   0   0],8,265,1166.0,NgReg,376827793,1761498645,64137.0,0.0,517
1761498645489383721,[250 137   2   5   4 142   0   0],8,265,1166.0,NgReg,489162727,1761498645,64137.0,0.0,517
1761498645581473327,[250 137   2   5   4 142   0   0],8,265,1166.0,NgReg,581133867,1761498645,64137.0,0.0,517
1761498645734974414,[250 137   2   5   4 142   0   0],8,265,1166.0,NgReg,734729771,1761498645,64137.0,0.0,517
1761498645807391114,[250 137   2   5   4 142   0   0],8,265,1166.0,NgReg,807082502,1761498645,64137.0,0.0,517
1761498645889165557,[250 137   2   5   4 142   0   0],8,265,1166.0,NgReg,888972754,1761498645,64137.0,0.0,517
1761498645981028536,[250 137   2   5   4 142   0   0],8,265,1166.0,NgReg,980852213,1761498645,64137.0,0.0,517
1761498646093319010,[250 137   2   5   4 142   0   0],8,265,1166.0,NgReg,93151200,1761498646,64137.0,0.0,517
1761498646185484382,[250 137   2   5   4 142   0   0],8,265,1166.0,NgReg,185253979,1761498646,64137.0,0.0,517
1761498646298921715,[250 137   2   5   4 142   0   0],8,265,1166.0,NgReg,298524878,1761498646,64137.0,0.0,517
1761498646380504594,[250 137   2   5   4 142   0   0],8,265,1166.0,NgReg,380249679,1761498646,64137.0,0.0,517
1761498646493210303,[250 137   2   5   4 142   0   0],8,265,1166.0,NgReg,492915419,1761498646,64137.0,0.0,517
1761498646585284121,[250 137   2   5   4 142   0   0],8,265,1166.0,NgReg,585070711,1761498646,64137.0,0.0,517
1761498646739813330,[250 137   2   5   4 142   0   0],8,265,1166.0,NgReg,739455469,1761498646,64137.0,0.0,517
1761498646812377671,[250 137   2   5   4 142   0   0],8,265,1166.0,NgReg,812153860,1761498646,64137.0,0.0,517
1761498646894705614,[250 137   2   5   4 142   0   0],8,265,1166.0,NgReg,894360874,1761498646,64137.0,0.0,517
1761498646986802185,[250 137   2   5   4 142   0   0],8,265,1166.0,NgReg,986466629,1761498646,64137.0,0.0,517
1761498647099680780,[250 137   2   5   4 142   0   0],8,265,1166.0,NgReg,99382985,1761498647,64137.0,0.0,517
1761498647182148172,[250 137   2   5   4 142   0   0],8,265,1166.0,NgReg,181849192,1761498647,64137.0,0.0,517
1761498647295019693,[250 137   2   5   4 142   0   0],8,265,1166.0,NgReg,294690921,1761498647,64137.0,0.0,517
1761498647387604290,[250 137   2   5   4 142   0   0],8,265,1166.0,NgReg,387243870,1761498647,64137.0,0.0,517
1761498647499963070,[250 137   2   5   4 142   0   0],8,265,1166.0,NgReg,499662298,1761498647,64137.0,0.0,517
1761498647592729525,[250 137   2   5   4 142   0   0],8,265,1166.0,NgReg,592079726,1761498647,64137.0,0.0,517
1761498647736686560,[250 137   2   5   4 142   0   0],8,265,1166.0,NgReg,736458813,1761498647,64137.0,0.0,517
1761498647809170860,[250 137   2   5   4 142   0   0],8,265,1166.0,NgReg,808985257,1761498647,64137.0,0.0,517
1761498647902155365,[250 137   2   5   4 142   0   0],8,265,1166.0,NgReg,901737569,1761498647,64137.0,0.0,517
1761498647993817872,[250 137   2   5   4 142   0   0],8,265,1166.0,NgReg,993567853,1761498647,64137.0,0.0,517
1761498648096072843,[250 137   2   5   4 142   0   0],8,265,1166.0,NgReg,95763463,1761498648,64137.0,0.0,517
1761498648188071406,[250 137   2   5   4 142   0   0],8,265,1166.0,NgReg,187810091,1761498648,64137.0,0.0,517
1761498648301153669,[250 137   2   5   4 142   0   0],8,265,1166.0,NgReg,300828513,1761498648,64137.0,0.0,517
1761498648393128776,[250 137   2   5   4 142   0   0],8,265,1166.0,NgReg,392888165,1761498648,64137.0,0.0,517
1761498648505587799,[250 137   2   5   4 142   0   0],8,265,1166.0,NgReg,505344244,1761498648,64137.0,0.0,517
1761498648587520423,[250 137   2   5   4 142   0   0],8,265,1166.0,NgReg,587228515,1761498648,64137.0,0.0,517
1761498648741151856,[250 137   2   5   4 142   0   0],8,265,1166.0,NgReg,740853997,1761498648,64137.0,0.0,517
1761498648814837281,[250 137   2   5   4 142   0   0],8,265,1166.0,NgReg,814537213,1761498648,64137.0,0.0,517
1761498648906759555,[250 137   2   5   4 142   0   0],8,265,1166.0,NgReg,906458976,1761498648,64137.0,0.0,517
1761498648988693331,[250 137   2   5   4 142   0   0],8,265,1166.0,NgReg,988410352,1761498648,64137.0,0.0,517
1761498649100785299,[250 137   2   5   4 142   0   0],8,265,1166.0,NgReg,100572560,1761498649,64137.0,0.0,517
1761498649192821420,[250 137   2   5   4 142   0   0],8,265,1166.0,NgReg,192582409,1761498649,64137.0,0.0,517
1761498649305580145,[250 137   2   5   4 142   0   0],8,265,1166.0,NgReg,305261870,1761498649,64137.0,0.0,517
1761498649397563594,[250 137   2   5   4 142   0   0],8,265,1166.0,NgReg,397266822,1761498649,64137.0,0.0,517
1761498649499575925,[250 137   2   5   4 142   0   0],8,265,1166.0,NgReg,499310002,1761498649,64137.0,0.0,517
1761498649591267754,[250 137   2   5   4 142   0   0],8,265,1166.0,NgReg,591031847,1761498649,64137.0,0.0,517
1761498649744659999,[250 137   2   5   4 142   0   0],8,265,1166.0,NgReg,744477660,1761498649,64137.0,0.0,517
1761498649816677364,[250 137   2   5   4 142   0   0],8,265,1166.0,NgReg,816491857,1761498649,64137.0,0.0,517
1761498649908743469,[250 137   2   5   4 142   0   0],8,265,1166.0,NgReg,908459178,1761498649,64137.0,0.0,517
1761498650000259424,[250 137   2   5   4 142   0   0],8,265,1166.0,NgReg,102142,1761498650,64137.0,0.0,517
1761498650102801254,[250 137   2   5   4 142   0   0],8,265,1166.0,NgReg,102328128,1761498650,64137.0,0.0,517
1761498650194557425,[250 137   2   5   4 142   0   0],8,265,1166.0,NgReg,194309582,1761498650,64137.0,0.0,517
1761498650307294761,[250 137   2   5   4 142   0   0],8,265,1166.0,NgReg,306982469,1761498650,64137.0,0.0,517
1761498650399106997,[250 137   2   5   4 142   0   0],8,265,1166.0,NgReg,398868370,1761498650,64137.0,0.0,517
1761498650511397928,[250 137   2   5   4 142   0   0],8,265,1166.0,NgReg,511090308,1761498650,64137.0,0.0,517
1761498650592992864,[250 137   2   5   4 142   0   0],8,265,1166.0,NgReg,592750174,1761498650,64137.0,0.0,517
1761498650747053451,[250 137   2   5   4 142   0   0],8,265,1166.0,NgReg,746512549,1761498650,64137.0,0.0,517
1761498650819093912,[250 137   2   5   4 142   0   0],8,265,1166.0,NgReg,818860085,1761498650,64137.0,0.0,517
1761498650910905764,[250 137   2   5   4 142   0   0],8,265,1166.0,NgReg,910672225,1761498650,64137.0,0.0,517
1761498651002640879,[250 137   2   5   4 142   0   0],8,265,1166.0,NgReg,2400492,1761498651,64137.0,0.0,517
1761498651104584033,[250 137   2   5   4 142   0   0],8,265,1166.0,NgReg,104421791,1761498651,64137.0,0.0,517
1761498651196790023,[250 137   2   5   4 142   0   0],8,265,1166.0,NgReg,196486339,1761498651,64137.0,0.0,517
1761498651312325713,[250 137   2   5   4 142   0   0],8,265,1166.0,NgReg,311933805,1761498651,64137.0,0.0,517
1761498651404133234,[250 137   2   5   4 142   0   0],8,265,1166.0,NgReg,403949840,1761498651,64137.0,0.0,517
1761498651506690700,[250 137   2   5   4 142   0   0],8,265,1166.0,NgReg,506409992,1761498651,64137.0,0.0,517
1761498651600000894,[250 137   2   5   4 142   0   0],8,265,1166.0,NgReg,599609561,1761498651,64137.0,0.0,517
1761498651754157335,[250 137   2   5   4 142   0   0],8,265,1166.0,NgReg,753803795,1761498651,64137.0,0.0,517
1761498651826968996,[250 137   2   5   4 142   0   0],8,265,1166.0,NgReg,826618496,1761498651,64137.0,0.0,517
1761498651908476018,[250 137   2   5   4 142   0   0],8,265,1166.0,NgReg,908273008,1761498651,64137.0,0.0,517
1761498652000413621,[250 137   2   5   4 142   0   0],8,265,1166.0,NgReg,160914,1761498652,64137.0,0.0,517
1761498652112723535,[250 137   2   5   4 142   0   0],8,265,1166.0,NgReg,112530349,1761498652,64137.0,0.0,517
1761498652204871913,[250 137   2   5   4 142   0   0],8,265,1166.0,NgReg,204576934,1761498652,64137.0,0.0,517
1761498652317139586,[250 137   2   5   4 142   0   0],8,265,1166.0,NgReg,316953120,1761498652,64137.0,0.0,517
1761498652399403055,[250 137   2   5   4 142   0   0],8,265,1166.0,NgReg,399157261,1761498652,64137.0,0.0,517
1761498652511732137,[250 137   2   5   4 142   0   0],8,265,1166.0,NgReg,511210435,1761498652,64137.0,0.0,517
1761498652603047514,[250 137   2   5   4 142   0   0],8,265,1166.0,NgReg,602818968,1761498652,64137.0,0.0,517
1761498652756676892,[250 137   2   5   4 142   0   0],8,265,1166.0,NgReg,756488986,1761498652,64137.0,0.0,517
1761498652829779812,[250 137   2   5   4 142   0   0],8,265,1166.0,NgReg,829360000,1761498652,64137.0,0.0,517
1761498652911381482,[250 137   2   5   4 142   0   0],8,265,1166.0,NgReg,911108519,1761498652,64137.0,0.0,517
1761498653003157953,[250 137   2   5   4 142   0   0],8,265,1166.0,NgReg,2895902,1761498653,64137.0,0.0,517
1761498653115578382,[250 137   2   5   4 142   0   0],8,265,1166.0,NgReg,115268683,1761498653,64137.0,0.0,517
1761498653207279417,[250 137   2   5   4 142   0   0],8,265,1166.0,NgReg,206977718,1761498653,64137.0,0.0,517
1761498653320087979,[250 137   2   5   4 142   0   0],8,265,1166.0,NgReg,319681927,1761498653,64137.0,0.0,517
1761498653411769878,[250 137   2   5   4 142   0   0],8,265,1166.0,NgReg,411483411,1761498653,64137.0,0.0,517
1761498653513690609,[250 137   2   5   4 142   0   0],8,265,1166.0,NgReg,513444846,1761498653,64137.0,0.0,517
1761498653605530366,[250 137   2   5   4 142   0   0],8,265,1166.0,NgReg,605361084,1761498653,64137.0,0.0,517
1761498653759923191,[250 137   2   5   4 142   0   0],8,265,1166.0,NgReg,759147054,1761498653,64137.0,0.0,517
1761498653831949963,[250 137   2   5   4 142   0   0],8,265,1166.0,NgReg,831776201,1761498653,64137.0,0.0,517
1761498653913681129,[250 137   2   5   4 142   0   0],8,265,1166.0,NgReg,913449414,1761498653,64137.0,0.0,517
1761498654005474389,[250 137   2   5   4 142   0   0],8,265,1166.0,NgReg,5257970,1761498654,64137.0,0.0,517
1761498654118181657,[250 137   2   5   4 142   0   0],8,265,1166.0,NgReg,117873237,1761498654,64137.0,0.0,517
1761498654210339294,[250 137   2   5   4 142   0   0],8,265,1166.0,NgReg,209933146,1761498654,64137.0,0.0,517
1761498654322905121,[250 137   2   5   4 142   0   0],8,265,1166.0,NgReg,322566525,1761498654,64137.0,0.0,517
1761498654415034374,[250 137   2   5   4 142   0   0],8,265,1166.0,NgReg,414721059,1761498654,64137.0,0.0,517
1761498654517221881,[250 137   2   5   4 142   0   0],8,265,1166.0,NgReg,516995606,1761498654,64137.0,0.0,517
1761498654609855075,[250 137   2   5   4 142   0   0],8,265,1166.0,NgReg,609519456,1761498654,64137.0,0.0,517
1761498654763594212,[250 137   2   5   4 142   0   0],8,265,1166.0,NgReg,763179615,1761498654,64137.0,0.0,517
1761498654835255532,[250 137   2   5   4 142   0   0],8,265,1166.0,NgReg,835013481,1761498654,64137.0,0.0,517
1761498654916889727,[250 137   2   5   4 142   0   0],8,265,1166.0,NgReg,916706909,1761498654,64137.0,0.0,517
1761498655008491614,[250 137   2   5   4 142   0   0],8,265,1166.0,NgReg,8327613,1761498655,64137.0,0.0,517
1761498655120877555,[250 137   2   5   4 142   0   0],8,265,1166.0,NgReg,120679664,1761498655,64137.0,0.0,517
1761498655215573097,[250 137   2   5   4 142   0   0],8,265,1166.0,NgReg,215203077,1761498655,64137.0,0.0,517
1761498655328199744,[250 137   2   5   4 142   0   0],8,265,1166.0,NgReg,327805244,1761498655,64137.0,0.0,517
1761498655409634760,[250 137   2   5   4 142   0   0],8,265,1166.0,NgReg,409370693,1761498655,64137.0,0.0,517
1761498655521559159,[250 137   2   5   4 142   0   0],8,265,1166.0,NgReg,521267412,1761498655,64137.0,0.0,517
1761498655613338191,[250 137   2   5   4 142   0   0],8,265,1166.0,NgReg,613157997,1761498655,64137.0,0.0,517
1761498655767413569,[250 137   2   5   4 142   0   0],8,265,1166.0,NgReg,767041213,1761498655,64137.0,0.0,517
1761498655839717256,[250 137   2   5   4 142   0   0],8,265,1166.0,NgReg,839529766,1761498655,64137.0,0.0,517
1761498655921740087,[250 137   2   5   4 142   0   0],8,265,1166.0,NgReg,921495604,1761498655,64137.0,0.0,517
1761498656013990482,[250 137   2   5   4 142   0   0],8,265,1166.0,NgReg,13744847,1761498656,64137.0,0.0,517
1761498656126443322,[250 137   2   5   4 142   0   0],8,265,1166.0,NgReg,126193016,1761498656,64137.0,0.0,517
1761498656218057446,[250 137   2   5   4 142   0   0],8,265,1166.0,NgReg,217805315,1761498656,64137.0,0.0,517
1761498656330722384,[250 137   2   5   4 142   0   0],8,265,1166.0,NgReg,330433677,1761498656,64137.0,0.0,517
1761498656412948824,[250 137   2   5   4 142   0   0],8,265,1166.0,NgReg,412725302,1761498656,64137.0,0.0,517
1761498656525471809,[250 137   2   5   4 142   0   0],8,265,1166.0,NgReg,525161054,1761498656,64137.0,0.0,517
1761498656617588562,[250 137   2   5   4 142   0   0],8,265,1166.0,NgReg,617295855,1761498656,64137.0,0.0,517
1761498656771751732,[250 137   2   5   4 142   0   0],8,265,1166.0,NgReg,771130926,1761498656,64137.0,0.0,517
1761498656843536557,[250 137   2   5   4 142   0   0],8,265,1166.0,NgReg,843053288,1761498656,64137.0,0.0,517
1761498656925214703,[250 137   2   5   4 142   0   0],8,265,1166.0,NgReg,924920844,1761498656,64137.0,0.0,517
1761498657016718616,[250 137   2   5   4 142   0   0],8,265,1166.0,NgReg,16554646,1761498657,64137.0,0.0,517
1761498657129014098,[250 137   2   5   4 142   0   0],8,265,1166.0,NgReg,128714383,1761498657,64137.0,0.0,517
1761498657220589683,[250 137   2   5   4 142   0   0],8,265,1166.0,NgReg,220386321,1761498657,64137.0,0.0,517
1761498657333463092,[250 137   2   5   4 142   0   0],8,265,1166.0,NgReg,333112944,1761498657,64137.0,0.0,517
1761498657425460985,[250 137   2   5   4 142   0   0],8,265,1166.0,NgReg,425027156,1761498657,64137.0,0.0,517
1761498657527358214,[250 137   2   5   4 142   0   0],8,265,1166.0,NgReg,527004258,1761498657,64137.0,0.0,517
1761498657619018792,[250 137   2   5   4 142   0   0],8,265,1166.0,NgReg,618748709,1761498657,64137.0,0.0,517
1761498657773233562,[250 137   2   5   4 142   0   0],8,265,1166.0,NgReg,772049357,1761498657,64137.0,0.0,517
1761498657844489957,[250 137   2   5   4 142   0   0],8,265,1166.0,NgReg,843914175,1761498657,64137.0,0.0,517
1761498657935938565,[250 137   2   5   4 142   0   0],8,265,1166.0,NgReg,935750243,1761498657,64137.0,0.0,517
1761498658017691997,[250 137   2   5   4 142   0   0],8,265,1166.0,NgReg,17444347,1761498658,64137.0,0.0,517
1761498658129970411,[250 137   2   5   4 142   0   0],8,265,1166.0,NgReg,129720168,1761498658,64137.0,0.0,517
1761498658222056999,[250 137   2   5   4 142   0   0],8,265,1166.0,NgReg,221801284,1761498658,64137.0,0.0,517
1761498658335417024,[250 137   2   5   4 142   0   0],8,265,1166.0,NgReg,335178110,1761498658,64137.0,0.0,517
1761498658427776479,[250 137   2   5   4 142   0   0],8,265,1166.0,NgReg,427042679,1761498658,64137.0,0.0,517
1761498658529268093,[250 137   2   5   4 142   0   0],8,265,1166.0,NgReg,528972666,1761498658,64137.0,0.0,517
1761498658621220919,[250 137   2   5   4 142   0   0],8,265,1166.0,NgReg,620975477,1761498658,64137.0,0.0,517
1761498658775279191,[250 137   2   5   4 142   0   0],8,265,1166.0,NgReg,774847571,1761498658,64137.0,0.0,517
1761498658847107105,[250 137   2   5   4 142   0   0],8,265,1166.0,NgReg,846815390,1761498658,64137.0,0.0,517
1761498658939134012,[250 137   2   5   4 142   0   0],8,265,1166.0,NgReg,938796505,1761498658,64137.0,0.0,517
1761498659020539080,[250 137   2   5   4 142   0   0],8,265,1166.0,NgReg,20331782,1761498659,64137.0,0.0,517
1761498659132691464,[250 137   2   5   4 142   0   0],8,265,1166.0,NgReg,132503110,1761498659,64137.0,0.0,517
1761498659225068957,[250 137   2   5   4 142   0   0],8,265,1166.0,NgReg,224725658,1761498659,64137.0,0.0,517
1761498659337643138,[250 137   2   5   4 142   0   0],8,265,1166.0,NgReg,337259870,1761498659,64137.0,0.0,517
1761498659429384016,[250 137   2   5   4 142   0   0],8,265,1166.0,NgReg,429168174,1761498659,64137.0,0.0,517
1761498659542123095,[250 137   2   5   4 142   0   0],8,265,1166.0,NgReg,541834804,1761498659,64137.0,0.0,517
1761498659623992960,[250 137   2   5   4 142   0   0],8,265,1166.0,NgReg,623685981,1761498659,64137.0,0.0,517
1761498659778667573,[250 137   2   5   4 142   0   0],8,265,1166.0,NgReg,778389938,1761498659,64137.0,0.0,517
1761498659850881819,[250 137   2   5   4 142   0   0],8,265,1166.0,NgReg,850606904,1761498659,64137.0,0.0,517
1761498659942859340,[250 137   2   5   4 142   0   0],8,265,1166.0,NgReg,942578153,1761498659,64137.0,0.0,517
1761498660024585745,[250 137   2   5   4 142   0   0],8,265,1166.0,NgReg,24303566,1761498660,64137.0,0.0,517
1761498660136608676,[250 137   2   5   4 142   0   0],8,265,1166.0,NgReg,136439138,1761498660,64137.0,0.0,517
1761498660228938831,[250 137   2   5   4 142   0   0],8,265,1166.0,NgReg,228717869,1761498660,64137.0,0.0,517
1761498660343108407,[250 137   2   5   4 142   0   0],8,265,1166.0,NgReg,342522866,1761498660,64137.0,0.0,517
1761498660434726811,[250 137   2   5   4 142   0   0],8,265,1166.0,NgReg,434474136,1761498660,64137.0,0.0,517
1761498660536676231,[250 137   2   5   4 142   0   0],8,265,1166.0,NgReg,536471013,1761498660,64137.0,0.0,517
1761498660628492141,[250 137   2   5   4 142   0   0],8,265,1166.0,NgReg,628330155,1761498660,64137.0,0.0,517
1761498660782760365,[250 137   2   5   4 142   0   0],8,265,1166.0,NgReg,782444138,1761498660,64137.0,0.0,517
1761498660854480358,[250 137   2   5   4 142   0   0],8,265,1166.0,NgReg,854228420,1761498660,64137.0,0.0,517
1761498660946362668,[250 137   2   5   4 142   0   0],8,265,1166.0,NgReg,946147242,1761498660,64137.0,0.0,517
1761498661027961255,[250 137   2   5   4 142   0   0],8,265,1166.0,NgReg,27789766,1761498661,64137.0,0.0,517
1761498661140402066,[250 137   2   5   4 142   0   0],8,265,1166.0,NgReg,140138864,1761498661,64137.0,0.0,517
1761498661232543249,[250 137   2   5   4 142   0   0],8,265,1166.0,NgReg,232316015,1761498661,64137.0,0.0,517
1761498661345176606,[250 137   2   5   4 142   0   0],8,265,1166.0,NgReg,344936316,1761498661,64137.0,0.0,517
1761498661437171292,[250 137   2   5   4 142   0   0],8,265,1166.0,NgReg,436985626,1761498661,64137.0,0.0,517
1761498661540058375,[250 137   2   5   4 142   0   0],8,265,1166.0,NgReg,539792164,1761498661,64137.0,0.0,517
1761498661631607872,[250 137   2   5   4 142   0   0],8,265,1166.0,NgReg,631376189,1761498661,64137.0,0.0,517
1761498661785801455,[250 137   2   5   4 142   0   0],8,265,1166.0,NgReg,785273738,1761498661,64137.0,0.0,517
1761498661857944325,[250 137   2   5   4 142   0   0],8,265,1166.0,NgReg,857617985,1761498661,64137.0,0.0,517
1761498661949759328,[250 137   2   5   4 142   0   0],8,265,1166.0,NgReg,949481117,1761498661,64137.0,0.0,517
1761498662032085689,[250 137   2   5   4 142   0   0],8,265,1166.0,NgReg,31811031,1761498662,64137.0,0.0,517
1761498662144683098,[250 137   2   5   4 142   0   0],8,265,1166.0,NgReg,144465592,1761498662,64137.0,0.0,517
1761498662237259828,[250 137   2   5   4 142   0   0],8,265,1166.0,NgReg,237011217,1761498662,64137.0,0.0,517
1761498662349857716,[250 137   2   5   4 142   0   0],8,265,1166.0,NgReg,349539665,1761498662,64137.0,0.0,517
1761498662441891432,[250 137   2   5   4 142   0   0],8,265,1166.0,NgReg,441390243,1761498662,64137.0,0.0,517
1761498662544176995,[250 137   2   5   4 142   0   0],8,265,1166.0,NgReg,543815199,1761498662,64137.0,0.0,517
1761498662636275735,[250 137   2   5   4 142   0   0],8,265,1166.0,NgReg,636021493,1761498662,64137.0,0.0,517
1761498662790589591,[250 137   2   5   4 142   0   0],8,265,1166.0,NgReg,790022642,1761498662,64137.0,0.0,517
1761498662862387170,[250 137   2   5   4 142   0   0],8,265,1166.0,NgReg,862002878,1761498662,64137.0,0.0,517
1761498662944063215,[250 137   2   5   4 142   0   0],8,265,1166.0,NgReg,943852941,1761498662,64137.0,0.0,517
1761498663036107392,[250 137   2   5   4 142   0   0],8,265,1166.0,NgReg,35852541,1761498663,64137.0,0.0,517
1761498663148619508,[250 137   2   5   4 142   0   0],8,265,1166.0,NgReg,148383729,1761498663,64137.0,0.0,517
1761498663240963521,[250 137   2   5   4 142   0   0],8,265,1166.0,NgReg,240787103,1761498663,64137.0,0.0,517
1761498663354627840,[250 137   2   5   4 142   0   0],8,265,1166.0,NgReg,354330749,1761498663,64137.0,0.0,517
1761498663437518545,[250 137   2   5   4 142   0   0],8,265,1166.0,NgReg,437013932,1761498663,64137.0,0.0,517
1761498663549267389,[250 137   2   5   4 142   0   0],8,265,1166.0,NgReg,549037851,1761498663,64137.0,0.0,517
1761498663641281287,[250 137   2   5   4 142   0   0],8,265,1166.0,NgReg,641019269,1761498663,64137.0,0.0,517
1761498663795045938,[250 137   2   5   4 142   0   0],8,265,1166.0,NgReg,794830800,1761498663,64137.0,0.0,517
1761498663867426651,[250 137   2   5   4 142   0   0],8,265,1166.0,NgReg,867151512,1761498663,64137.0,0.0,517
1761498663949748421,[250 137   2   5   4 142   0   0],8,265,1166.0,NgReg,949391170,1761498663,64137.0,0.0,517
1761498664041784652,[250 137   2   5   4 142   0   0],8,265,1166.0,NgReg,41401256,1761498664,64137.0,0.0,517
1761498664154259060,[250 137   2   5   4 142   0   0],8,265,1166.0,NgReg,153905616,1761498664,64137.0,0.0,517
1761498664245885456,[250 137   2   5   4 142   0   0],8,265,1166.0,NgReg,245621102,1761498664,64137.0,0.0,517
1761498664349369825,[250 137   2   5   4 142   0   0],8,265,1166.0,NgReg,349105566,1761498664,64137.0,0.0,517
1761498664441040606,[250 137   2   5   4 142   0   0],8,265,1166.0,NgReg,440839900,1761498664,64137.0,0.0,517
1761498664553417605,[250 137   2   5   4 142   0   0],8,265,1166.0,NgReg,553109250,1761498664,64137.0,0.0,517
1761498664645405637,[250 137   2   5   4 142   0   0],8,265,1166.0,NgReg,645092034,1761498664,64137.0,0.0,517
1761498664799347009,[250 137   2   5   4 142   0   0],8,265,1166.0,NgReg,798952029,1761498664,64137.0,0.0,517
1761498664871541985,[250 137   2   5   4 142   0   0],8,265,1166.0,NgReg,871029148,1761498664,64137.0,0.0,517
1761498664953611296,[250 137   2   5   4 142   0   0],8,265,1166.0,NgReg,953198716,1761498664,64137.0,0.0,517
1761498665045787998,[250 137   2   5   4 142   0   0],8,265,1166.0,NgReg,45276025,1761498665,64137.0,0.0,517
1761498665157952247,[250 137   2   5   4 142   0   0],8,265,1166.0,NgReg,157650612,1761498665,64137.0,0.0,517
1761498665249928014,[250 137   2   5   4 142   0   0],8,265,1166.0,NgReg,249608875,1761498665,64137.0,0.0,517
1761498665352580300,[250 137   2   5   4 142   0   0],8,265,1166.0,NgReg,352291017,1761498665,64137.0,0.0,517
1761498665444709636,[250 137   2   5   4 142   0   0],8,265,1166.0,NgReg,444388801,1761498665,64137.0,0.0,517
1761498665556941406,[250 137   2   5   4 142   0   0],8,265,1166.0,NgReg,556685819,1761498665,64137.0,0.0,517
1761498665649065238,[250 137   2   5   4 142   0   0],8,265,1166.0,NgReg,648825428,1761498665,64137.0,0.0,517
1761498665805573403,[250 137   2   5   4 142   0   0],8,265,1166.0,NgReg,805263352,1761498665,64137.0,0.0,517
1761498665877699506,[250 137   2   5   4 142   0   0],8,265,1166.0,NgReg,877423055,1761498665,64137.0,0.0,517
1761498665960014187,[250 137   2   5   4 142   0   0],8,265,1166.0,NgReg,959822474,1761498665,64137.0,0.0,517
1761498666052444865,[250 137   2   5   4 142   0   0],8,265,1166.0,NgReg,52127902,1761498666,64137.0,0.0,517
1761498666154702033,[250 137   2   5   4 142   0   0],8,265,1166.0,NgReg,154455790,1761498666,64137.0,0.0,517
1761498666247291908,[250 137   2   5   4 142   0   0],8,265,1166.0,NgReg,246745343,1761498666,64137.0,0.0,517
1761498666360328538,[250 137   2   5   4 142   0   0],8,265,1166.0,NgReg,360047031,1761498666,64137.0,0.0,517
1761498666452810764,[250 137   2   5   4 142   0   0],8,265,1166.0,NgReg,452528425,1761498666,64137.0,0.0,517
1761498666565789441,[250 137   2   5   4 142   0   0],8,265,1166.0,NgReg,565461758,1761498666,64137.0,0.0,517
1761498666647829936,[250 137   2   5   4 142   0   0],8,265,1166.0,NgReg,647499021,1761498666,64137.0,0.0,517
1761498666802438546,[250 137   2   5   4 142   0   0],8,265,1166.0,NgReg,801851949,1761498666,64137.0,0.0,517
1761498666874298176,[250 137   2   5   4 142   0   0],8,265,1166.0,NgReg,874037597,1761498666,64137.0,0.0,517
1761498666967017748,[250 137   2   5   4 142   0   0],8,265,1166.0,NgReg,966392846,1761498666,64137.0,0.0,517
1761498667048229878,[250 137   2   5   4 142   0   0],8,265,1166.0,NgReg,48062325,1761498667,64137.0,0.0,517
1761498667160566810,[250 137   2   5   4 142   0   0],8,265,1166.0,NgReg,160380440,1761498667,64137.0,0.0,517
1761498667252716896,[250 137   2   5   4 142   0   0],8,265,1166.0,NgReg,252467901,1761498667,64137.0,0.0,517
1761498667365439783,[250 137   2   5   4 142   0   0],8,265,1166.0,NgReg,365141668,1761498667,64137.0,0.0,517
1761498667457205961,[250 137   2   5   4 142   0   0],8,265,1166.0,NgReg,456863270,1761498667,64137.0,0.0,517
1761498667559316908,[250 137   2   5   4 142   0   0],8,265,1166.0,NgReg,559000809,1761498667,64137.0,0.0,517
1761498667651320465,[250 137   2   5   4 142   0   0],8,265,1166.0,NgReg,650777899,1761498667,64137.0,0.0,517
1761498667804789369,[250 137   2   5   4 142   0   0],8,265,1166.0,NgReg,804599031,1761498667,64137.0,0.0,517
1761498667876984898,[250 137   2   5   4 142   0   0],8,265,1166.0,NgReg,876812992,1761498667,64137.0,0.0,517
1761498667969776749,[250 137   2   5   4 142   0   0],8,265,1166.0,NgReg,969432330,1761498667,64137.0,0.0,517
1761498668051571596,[250 137   2   5   4 142   0   0],8,265,1166.0,NgReg,51246441,1761498668,64137.0,0.0,517
1761498668164048198,[250 137   2   5   4 142   0   0],8,265,1166.0,NgReg,163725251,1761498668,64137.0,0.0,517
1761498668256074753,[250 137   2   5   4 142   0   0],8,265,1166.0,NgReg,255873791,1761498668,64137.0,0.0,517
1761498668368802589,[250 137   2   5   4 142   0   0],8,265,1166.0,NgReg,368512507,1761498668,64137.0,0.0,517
1761498668460732343,[250 137   2   5   4 142   0   0],8,265,1166.0,NgReg,460499509,1761498668,64137.0,0.0,517
1761498668563338133,[250 137   2   5   4 142   0   0],8,265,1166.0,NgReg,562996210,1761498668,64137.0,0.0,517
1761498668655296175,[250 137   2   5   4 142   0   0],8,265,1166.0,NgReg,655012653,1761498668,64137.0,0.0,517
1761498668808815912,[250 137   2   5   4 142   0   0],8,265,1166.0,NgReg,808634055,1761498668,64137.0,0.0,517
1761498668881037323,[250 137   2   5   4 142   0   0],8,265,1166.0,NgReg,880770504,1761498668,64137.0,0.0,517
1761498668972837859,[250 137   2   5   4 142   0   0],8,265,1166.0,NgReg,972577633,1761498668,64137.0,0.0,517
1761498669054781051,[250 137   2   5   4 142   0   0],8,265,1166.0,NgReg,54473624,1761498669,64137.0,0.0,517
1761498669166919431,[250 137   2   5   4 142   0   0],8,265,1166.0,NgReg,166690565,1761498669,64137.0,0.0,517
1761498669259028281,[250 137   2   5   4 142   0   0],8,265,1166.0,NgReg,258775671,1761498669,64137.0,0.0,517
1761498669371334182,[250 137   2   5   4 142   0   0],8,265,1166.0,NgReg,371034083,1761498669,64137.0,0.0,517
1761498669463852316,[250 137   2   5   4 142   0   0],8,265,1166.0,NgReg,463411448,1761498669,64137.0,0.0,517
1761498669565784618,[250 137   2   5   4 142   0   0],8,265,1166.0,NgReg,565499815,1761498669,64137.0,0.0,517
1761498669657519801,[250 137   2   5   4 142   0   0],8,265,1166.0,NgReg,657365719,1761498669,64137.0,0.0,517
1761498669811682600,[250 137   2   5   4 142   0   0],8,265,1166.0,NgReg,811337093,1761498669,64137.0,0.0,517
1761498669884067813,[250 137   2   5   4 142   0   0],8,265,1166.0,NgReg,883860387,1761498669,64137.0,0.0,517
1761498669975962261,[250 137   2   5   4 142   0   0],8,265,1166.0,NgReg,975605586,1761498669,64137.0,0.0,517
1761498670057405344,[250 137   2   5   4 142   0   0],8,265,1166.0,NgReg,57139837,1761498670,64137.0,0.0,517
1761498670169438303,[250 137   2   5   4 142   0   0],8,265,1166.0,NgReg,169249053,1761498670,64137.0,0.0,517
1761498670261320614,[250 137   2   5   4 142   0   0],8,265,1166.0,NgReg,261124037,1761498670,64137.0,0.0,517
1761498670373908523,[250 137   2   5   4 142   0   0],8,265,1166.0,NgReg,373588136,1761498670,64137.0,0.0,517
1761498670465788306,[250 137   2   5   4 142   0   0],8,265,1166.0,NgReg,465561872,1761498670,64137.0,0.0,517
1761498670578643193,[250 137   2   5   4 142   0   0],8,265,1166.0,NgReg,578292758,1761498670,64137.0,0.0,517
1761498670660546821,[250 137   2   5   4 142   0   0],8,265,1166.0,NgReg,660212002,1761498670,64137.0,0.0,517
1761498670814626788,[250 137   2   5   4 142   0   0],8,265,1166.0,NgReg,814280577,1761498670,64137.0,0.0,517
1761498670886371796,[250 137   2   5   4 142   0   0],8,265,1166.0,NgReg,886048305,1761498670,64137.0,0.0,517
1761498670978506173,[250 137   2   5   4 142   0   0],8,265,1166.0,NgReg,978197211,1761498670,64137.0,0.0,517
1761498671070595712,[250 137   2   5   4 142   0   0],8,265,1166.0,NgReg,70178460,1761498671,64137.0,0.0,517
1761498671172931229,[250 137   2   5   4 142   0   0],8,265,1166.0,NgReg,172619834,1761498671,64137.0,0.0,517
1761498671264701466,[250 137   2   5   4 142   0   0],8,265,1166.0,NgReg,264535224,1761498671,64137.0,0.0,517
1761498671377165618,[250 137   2   5   4 142   0   0],8,265,1166.0,NgReg,376861263,1761498671,64137.0,0.0,517
1761498671469401459,[250 137   2   5   4 142   0   0],8,265,1166.0,NgReg,469050352,1761498671,64137.0,0.0,517
1761498671581798539,[250 137   2   5   4 142   0   0],8,265,1166.0,NgReg,581439336,1761498671,64137.0,0.0,517
1761498671663941425,[250 137   2   5   4 142   0   0],8,265,1166.0,NgReg,663577262,1761498671,64137.0,0.0,517
1761498671818151106,[250 137   2   5   4 142   0   0],8,265,1166.0,NgReg,817778335,1761498671,64137.0,0.0,517
1761498671890739890,[250 137   2   5   4 142   0   0],8,265,1166.0,NgReg,890431055,1761498671,64137.0,0.0,517
1761498671982694865,[250 137   2   5   4 142   0   0],8,265,1166.0,NgReg,982377326,1761498671,64137.0,0.0,517
1761498672064298892,[250 137   2   5   4 142   0   0],8,265,1166.0,NgReg,64080074,1761498672,64137.0,0.0,517
1761498672176533175,[250 137   2   5   4 142   0   0],8,265,1166.0,NgReg,176281141,1761498672,64137.0,0.0,517
1761498672269154739,[250 137   2   5   4 142   0   0],8,265,1166.0,NgReg,268613230,1761498672,64137.0,0.0,517
1761498672381991300,[250 137   2   5   4 142   0   0],8,265,1166.0,NgReg,381676481,1761498672,64137.0,0.0,517
1761498672474711200,[250 137   2   5   4 142   0   0],8,265,1166.0,NgReg,474370333,1761498672,64137.0,0.0,517
1761498672577289717,[250 137   2   5   4 142   0   0],8,265,1166.0,NgReg,577084211,1761498672,64137.0,0.0,517
1761498672670872089,[250 137   2   5   4 142   0   0],8,265,1166.0,NgReg,670559575,1761498672,64137.0,0.0,517
1761498672826103749,[250 137   2   5   4 142   0   0],8,265,1166.0,NgReg,825620736,1761498672,64137.0,0.0,517
1761498672898164585,[250 137   2   5   4 142   0   0],8,265,1166.0,NgReg,897834662,1761498672,64137.0,0.0,517
1761498672980313831,[250 137   2   5   4 142   0   0],8,265,1166.0,NgReg,980072069,1761498672,64137.0,0.0,517
1761498673072282134,[250 137   2   5   4 142   0   0],8,265,1166.0,NgReg,72018836,1761498673,64137.0,0.0,517
1761498673185305373,[250 137   2   5   4 142   0   0],8,265,1166.0,NgReg,184939674,1761498673,64137.0,0.0,517
1761498673277856144,[250 137   2   5   4 142   0   0],8,265,1166.0,NgReg,277578509,1761498673,64137.0,0.0,517
1761498673380321593,[250 137   2   5   4 142   0   0],8,265,1166.0,NgReg,380123352,1761498673,64137.0,0.0,517
1761498673472484424,[250 137   2   5   4 142   0   0],8,265,1166.0,NgReg,472255846,1761498673,64137.0,0.0,517
1761498673585604368,[250 137   2   5   4 142   0   0],8,265,1166.0,NgReg,585114668,1761498673,64137.0,0.0,517
1761498673677765599,[250 137   2   5   4 142   0   0],8,265,1166.0,NgReg,677461628,1761498673,64137.0,0.0,517
1761498673822037754,[250 137   2   5   4 142   0   0],8,265,1166.0,NgReg,821754904,1761498673,64137.0,0.0,517
1761498673894263769,[250 137   2   5   4 142   0   0],8,265,1166.0,NgReg,893867093,1761498673,64137.0,0.0,517
1761498673986655305,[250 137   2   5   4 142   0   0],8,265,1166.0,NgReg,986309734,1761498673,64137.0,0.0,517
1761498674078864657,[250 137   2   5   4 142   0   0],8,265,1166.0,NgReg,78577967,1761498674,64137.0,0.0,517
1761498674191587275,[250 137   2   5   4 142   0   0],8,265,1166.0,NgReg,191138023,1761498674,64137.0,0.0,517
1761498674273369046,[250 137   2   5   4 142   0   0],8,265,1166.0,NgReg,272994514,1761498674,64137.0,0.0,517
1761498674386006927,[250 137   2   5   4 142   0   0],8,265,1166.0,NgReg,385573515,1761498674,64137.0,0.0,517
1761498674478481207,[250 137   2   5   4 142   0   0],8,265,1166.0,NgReg,478185173,1761498674,64137.0,0.0,517
1761498674591100016,[250 137   2   5   4 142   0   0],8,265,1166.0,NgReg,590813709,1761498674,64137.0,0.0,517
1761498674673391935,[250 137   2   5   4 142   0   0],8,265,1166.0,NgReg,673154301,1761498674,64137.0,0.0,517
1761498674827857094,[250 137   2   5   4 142   0   0],8,265,1166.0,NgReg,827650820,1761498674,64137.0,0.0,517
1761498674900257055,[250 137   2   5   4 142   0   0],8,265,1166.0,NgReg,900065405,1761498674,64137.0,0.0,517
1761498674992941641,[250 137   2   5   4 142   0   0],8,265,1166.0,NgReg,992632871,1761498674,64137.0,0.0,517
1761498675074876431,[250 137   2   5   4 142   0   0],8,265,1166.0,NgReg,74591404,1761498675,64137.0,0.0,517
1761498675187437628,[250 137   2   5   4 142   0   0],8,265,1166.0,NgReg,187150362,1761498675,64137.0,0.0,517
1761498675280064861,[250 137   2   5   4 142   0   0],8,265,1166.0,NgReg,279831611,1761498675,64137.0,0.0,517
1761498675392293192,[250 137   2   5   4 142   0   0],8,265,1166.0,NgReg,392072486,1761498675,64137.0,0.0,517
1761498675484610662,[250 137   2   5   4 142   0   0],8,265,1166.0,NgReg,484417956,1761498675,64137.0,0.0,517
1761498675587420735,[250 137   2   5   4 142   0   0],8,265,1166.0,NgReg,587135197,1761498675,64137.0,0.0,517
1761498675679809662,[250 137   2   5   4 142   0   0],8,265,1166.0,NgReg,679569084,1761498675,64137.0,0.0,517
1761498675833440399,[250 137   2   5   4 142   0   0],8,265,1166.0,NgReg,833041931,1761498675,64137.0,0.0,517
1761498675905492830,[250 137   2   5   4 142   0   0],8,265,1166.0,NgReg,905018330,1761498675,64137.0,0.0,517
1761498675987171328,[250 137   2   5   4 142   0   0],8,265,1166.0,NgReg,986866909,1761498675,64137.0,0.0,517
1761498676078874226,[250 137   2   5   4 142   0   0],8,265,1166.0,NgReg,78683760,1761498676,64137.0,0.0,517
1761498676191051569,[250 137   2   5   4 142   0   0],8,265,1166.0,NgReg,190653774,1761498676,64137.0,0.0,517
1761498676283072132,[250 137   2   5   4 142   0   0],8,265,1166.0,NgReg,282807522,1761498676,64137.0,0.0,517
1761498676395208355,[250 137   2   5   4 142   0   0],8,265,1166.0,NgReg,394995937,1761498676,64137.0,0.0,517
1761498676487250198,[250 137   2   5   4 142   0   0],8,265,1166.0,NgReg,486896979,1761498676,64137.0,0.0,517
1761498676589327583,[250 137   2   5   4 142   0   0],8,265,1166.0,NgReg,589048061,1761498676,64137.0,0.0,517
1761498676681815990,[250 137   2   5   4 142   0   0],8,265,1166.0,NgReg,681402803,1761498676,64137.0,0.0,517
1761498676835360952,[250 137   2   5   4 142   0   0],8,265,1166.0,NgReg,835135574,1761498676,64137.0,0.0,517
1761498676907574529,[250 137   2   5   4 142   0   0],8,265,1166.0,NgReg,907119005,1761498676,64137.0,0.0,517
1761498676999779574,[250 137   2   5   4 142   0   0],8,265,1166.0,NgReg,999336434,1761498676,64137.0,0.0,517
1761498677081711595,[250 137   2   5   4 142   0   0],8,265,1166.0,NgReg,81309288,1761498677,64137.0,0.0,517
1761498677194228131,[250 137   2   5   4 142   0   0],8,265,1166.0,NgReg,193693726,1761498677,64137.0,0.0,517
1761498677286590032,[250 137   2   5   4 142   0   0],8,265,1166.0,NgReg,286150828,1761498677,64137.0,0.0,517
1761498677399397226,[250 137   2   5   4 142   0   0],8,265,1166.0,NgReg,398887910,1761498677,64137.0,0.0,517
1761498677491323284,[250 137   2   5   4 142   0   0],8,265,1166.0,NgReg,490930032,1761498677,64137.0,0.0,517
1761498677594572541,[250 137   2   5   4 142   0   0],8,265,1166.0,NgReg,594268507,1761498677,64137.0,0.0,517
1761498677686424070,[250 137   2   5   4 142   0   0],8,265,1166.0,NgReg,686190788,1761498677,64137.0,0.0,517
1761498677840122010,[250 137   2   5   4 142   0   0],8,265,1166.0,NgReg,839944697,1761498677,64137.0,0.0,517
1761498677912141691,[250 137   2   5   4 142   0   0],8,265,1166.0,NgReg,911928889,1761498677,64137.0,0.0,517
1761498677994264338,[250 137   2   5   4 142   0   0],8,265,1166.0,NgReg,993836654,1761498677,64137.0,0.0,517
1761498678085797264,[250 137   2   5   4 142   0   0],8,265,1166.0,NgReg,85599439,1761498678,64137.0,0.0,517
1761498678200023116,[250 137   2   5   4 142   0   0],8,265,1166.0,NgReg,199379110,1761498678,64137.0,0.0,517
1761498678293079414,[250 137   2   5   4 142   0   0],8,265,1166.0,NgReg,291995501,1761498678,64137.0,0.0,517
1761498678403813364,[250 137   2   5   4 142   0   0],8,265,1166.0,NgReg,403605075,1761498678,64137.0,0.0,517
1761498678485721666,[250 137   2   5   4 142   0   0],8,265,1166.0,NgReg,485418079,1761498678,64137.0,0.0,517
1761498678597847243,[250 137   2   5   4 142   0   0],8,265,1166.0,NgReg,597557993,1761498678,64137.0,0.0,517
1761498678689701228,[250 137   2   5   4 142   0   0],8,265,1166.0,NgReg,689478314,1761498678,64137.0,0.0,517
1761498678843894390,[250 137   2   5   4 142   0   0],8,265,1166.0,NgReg,843755508,1761498678,64137.0,0.0,517
1761498678915899632,[250 137   2   5   4 142   0   0],8,265,1166.0,NgReg,915694030,1761498678,64137.0,0.0,517
1761498678997659356,[250 137   2   5   4 142   0   0],8,265,1166.0,NgReg,997366649,1761498678,64137.0,0.0,517
1761498679089663925,[250 137   2   5   4 142   0   0],8,265,1166.0,NgReg,89258514,1761498679,64137.0,0.0,517
1761498679201571731,[250 137   2   5   4 142   0   0],8,265,1166.0,NgReg,201326161,1761498679,64137.0,0.0,517
1761498679294049744,[250 137   2   5   4 142   0   0],8,265,1166.0,NgReg,293704269,1761498679,64137.0,0.0,517
1761498679406347537,[250 137   2   5   4 142   0   0],8,265,1166.0,NgReg,406053486,1761498679,64137.0,0.0,517
1761498679498193801,[250 137   2   5   4 142   0   0],8,265,1166.0,NgReg,497890598,1761498679,64137.0,0.0,517
1761498679600475543,[250 137   2   5   4 142   0   0],8,265,1166.0,NgReg,600163220,1761498679,64137.0,0.0,517
1761498679692446767,[250 137   2   5   4 142   0   0],8,265,1166.0,NgReg,692161005,1761498679,64137.0,0.0,517
1761498679846598251,[250 136   2   5   4 142   0   0],8,265,1166.0,NgReg,846304968,1761498679,64136.0,0.0,517
1761498679918556542,[250 136   2   5   4 142   0   0],8,265,1166.0,NgReg,918298684,1761498679,64136.0,0.0,517
1761498680000312354,[250 136   2   5   4 142   0   0],8,265,1166.0,NgReg,142753,1761498680,64136.0,0.0,517
1761498680092117201,[250 136   2   5   4 142   0   0],8,265,1166.0,NgReg,91898448,1761498680,64136.0,0.0,517
1761498680204831019,[250 136   2   5   4 142   0   0],8,265,1166.0,NgReg,204352071,1761498680,64136.0,0.0,517
1761498680296535289,[250 136   2   5   4 142   0   0],8,265,1166.0,NgReg,296322616,1761498680,64136.0,0.0,517
1761498680409062034,[250 136   2   5   4 142   0   0],8,265,1166.0,NgReg,408553614,1761498680,64136.0,0.0,517
1761498680500720160,[250 136   2   5   4 142   0   0],8,265,1166.0,NgReg,500504894,1761498680,64136.0,0.0,517
1761498680603370471,[250 136   2   5   4 142   0   0],8,265,1166.0,NgReg,603070085,1761498680,64136.0,0.0,517
1761498680695313079,[250 136   2   5   4 142   0   0],8,265,1166.0,NgReg,695033717,1761498680,64136.0,0.0,517
1761498680849707430,[250 136   2   5   4 142   0   0],8,265,1166.0,NgReg,849439332,1761498680,64136.0,0.0,517
1761498680921612978,[250 136   2   5   4 142   0   0],8,265,1166.0,NgReg,921371984,1761498680,64136.0,0.0,517
1761498681013601762,[250 136   2   5   4 142   0   0],8,265,1166.0,NgReg,13291647,1761498681,64136.0,0.0,517
1761498681095000084,[250 136   2   5   4 142   0   0],8,265,1166.0,NgReg,94763922,1761498681,64136.0,0.0,517
1761498681207426114,[250 136   2   5   4 142   0   0],8,265,1166.0,NgReg,207194112,1761498681,64136.0,0.0,517
1761498681300470706,[250 136   2   5   4 142   0   0],8,265,1166.0,NgReg,299890797,1761498681,64136.0,0.0,517
1761498681412725086,[250 136   2   5   4 142   0   0],8,265,1166.0,NgReg,412385979,1761498681,64136.0,0.0,517
1761498681504406180,[250 136   2   5   4 142   0   0],8,265,1166.0,NgReg,504185346,1761498681,64136.0,0.0,517
1761498681607030690,[250 136   2   5   4 142   0   0],8,265,1166.0,NgReg,606452893,1761498681,64136.0,0.0,517
1761498681698583686,[250 136   2   5   4 142   0   0],8,265,1166.0,NgReg,698289700,1761498681,64136.0,0.0,517
1761498681852167872,[250 136   2   5   4 142   0   0],8,265,1166.0,NgReg,851933823,1761498681,64136.0,0.0,517
1761498681924631787,[250 136   2   5   4 142   0   0],8,265,1166.0,NgReg,924276424,1761498681,64136.0,0.0,517
1761498682016305231,[250 136   2   5   4 142   0   0],8,265,1166.0,NgReg,16113517,1761498682,64136.0,0.0,517
1761498682097848923,[250 136   2   5   4 142   0   0],8,265,1166.0,NgReg,97673722,1761498682,64136.0,0.0,517
1761498682210358847,[250 136   2   5   4 142   0   0],8,265,1166.0,NgReg,210020892,1761498682,64136.0,0.0,517
1761498682302662241,[250 136   2   5   4 142   0   0],8,265,1166.0,NgReg,302130685,1761498682,64136.0,0.0,517
1761498682414871075,[250 136   2   5   4 142   0   0],8,265,1166.0,NgReg,414558816,1761498682,64136.0,0.0,517
1761498682506842914,[250 136   2   5   4 142   0   0],8,265,1166.0,NgReg,506621920,1761498682,64136.0,0.0,517
1761498682608921074,[250 136   2   5   4 142   0   0],8,265,1166.0,NgReg,608713233,1761498682,64136.0,0.0,517
1761498682701005523,[250 136   2   5   4 142   0   0],8,265,1166.0,NgReg,700730289,1761498682,64136.0,0.0,517
1761498682855725640,[250 136   2   5   4 142   0   0],8,265,1166.0,NgReg,855321157,1761498682,64136.0,0.0,517
1761498682927949610,[250 136   2   5   4 142   0   0],8,265,1166.0,NgReg,927745416,1761498682,64136.0,0.0,517
1761498683019936072,[250 136   2   5   4 142   0   0],8,265,1166.0,NgReg,19737031,1761498683,64136.0,0.0,517
1761498683101796047,[250 136   2   5   4 142   0   0],8,265,1166.0,NgReg,101519245,1761498683,64136.0,0.0,517
1761498683213934022,[250 136   2   5   4 142   0   0],8,265,1166.0,NgReg,213754821,1761498683,64136.0,0.0,517
1761498683306437186,[250 136   2   5   4 142   0   0],8,265,1166.0,NgReg,306137663,1761498683,64136.0,0.0,517
1761498683418582872,[250 136   2   5   4 142   0   0],8,265,1166.0,NgReg,418405495,1761498683,64136.0,0.0,517
1761498683510571696,[250 136   2   5   4 142   0   0],8,265,1166.0,NgReg,510322638,1761498683,64136.0,0.0,517
1761498683612578103,[250 136   2   5   4 142   0   0],8,265,1166.0,NgReg,612334133,1761498683,64136.0,0.0,517
1761498683704703951,[250 136   2   5   4 142   0   0],8,265,1166.0,NgReg,704510126,1761498683,64136.0,0.0,517
1761498683858915507,[250 136   2   5   4 142   0   0],8,265,1166.0,NgReg,858623536,1761498683,64136.0,0.0,517
1761498683930914892,[250 136   2   5   4 142   0   0],8,265,1166.0,NgReg,930651562,1761498683,64136.0,0.0,517
1761498684022856321,[250 136   2   5   4 142   0   0],8,265,1166.0,NgReg,22551231,1761498684,64136.0,0.0,517
1761498684104826242,[250 136   2   5   4 142   0   0],8,265,1166.0,NgReg,104534848,1761498684,64136.0,0.0,517
1761498684217250705,[250 136   2   5   4 142   0   0],8,265,1166.0,NgReg,216902062,1761498684,64136.0,0.0,517
1761498684309526658,[250 136   2   5   4 142   0   0],8,265,1166.0,NgReg,309241568,1761498684,64136.0,0.0,517
1761498684421590799,[250 136   2   5   4 142   0   0],8,265,1166.0,NgReg,421397933,1761498684,64136.0,0.0,517
1761498684513852448,[250 136   2   5   4 142   0   0],8,265,1166.0,NgReg,513400508,1761498684,64136.0,0.0,517
1761498684616223040,[250 136   2   5   4 142   0   0],8,265,1166.0,NgReg,615899294,1761498684,64136.0,0.0,517
1761498684707947982,[250 136   2   5   4 142   0   0],8,265,1166.0,NgReg,707414217,1761498684,64136.0,0.0,517
1761498684862188163,[250 136   2   5   4 142   0   0],8,265,1166.0,NgReg,861830209,1761498684,64136.0,0.0,517
1761498684934577849,[250 136   2   5   4 142   0   0],8,265,1166.0,NgReg,934294935,1761498684,64136.0,0.0,517
1761498685026631751,[250 136   2   5   4 142   0   0],8,265,1166.0,NgReg,26199268,1761498685,64136.0,0.0,517
1761498685108415807,[250 136   2   5   4 142   0   0],8,265,1166.0,NgReg,108187709,1761498685,64136.0,0.0,517
1761498685221005478,[250 136   2   5   4 142   0   0],8,265,1166.0,NgReg,220621635,1761498685,64136.0,0.0,517
1761498685313059117,[250 136   2   5   4 142   0   0],8,265,1166.0,NgReg,312833323,1761498685,64136.0,0.0,517
1761498685426094519,[250 136   2   5   4 142   0   0],8,265,1166.0,NgReg,425641203,1761498685,64136.0,0.0,517
1761498685518212255,[250 136   2   5   4 142   0   0],8,265,1166.0,NgReg,517907581,1761498685,64136.0,0.0,517
1761498685620377557,[250 136   2   5   4 142   0   0],8,265,1166.0,NgReg,620140019,1761498685,64136.0,0.0,517
1761498685712395388,[250 136   2   5   4 142   0   0],8,265,1166.0,NgReg,712179098,1761498685,64136.0,0.0,517
1761498685867116872,[250 136   2   5   4 142   0   0],8,265,1166.0,NgReg,866855750,1761498685,64136.0,0.0,517
1761498685939559608,[250 136   2   5   4 142   0   0],8,265,1166.0,NgReg,939203509,1761498685,64136.0,0.0,517
1761498686021320238,[250 136   2   5   4 142   0   0],8,265,1166.0,NgReg,21149005,1761498686,64136.0,0.0,517
1761498686113147532,[250 136   2   5   4 142   0   0],8,265,1166.0,NgReg,112960107,1761498686,64136.0,0.0,517
1761498686225547207,[250 136   2   5   4 142   0   0],8,265,1166.0,NgReg,225281957,1761498686,64136.0,0.0,517
1761498686317615655,[250 136   2   5   4 142   0   0],8,265,1166.0,NgReg,317389861,1761498686,64136.0,0.0,517
1761498686430522981,[250 136   2   5   4 142   0   0],8,265,1166.0,NgReg,430088098,1761498686,64136.0,0.0,517
1761498686512436951,[250 136   2   5   4 142   0   0],8,265,1166.0,NgReg,512207510,1761498686,64136.0,0.0,517
1761498686624973299,[250 136   2   5   4 142   0   0],8,265,1166.0,NgReg,624707857,1761498686,64136.0,0.0,517
1761498686716827185,[250 136   2   5   4 142   0   0],8,265,1166.0,NgReg,716659120,1761498686,64136.0,0.0,517
1761498686872050324,[250 136   2   5   4 142   0   0],8,265,1166.0,NgReg,871691281,1761498686,64136.0,0.0,517
1761498686944296380,[250 136   2   5   4 142   0   0],8,265,1166.0,NgReg,944000537,1761498686,64136.0,0.0,517
1761498687026396941,[250 136   2   5   4 142   0   0],8,265,1166.0,NgReg,26082795,1761498687,64136.0,0.0,517
1761498687118339716,[250 136   2   5   4 142   0   0],8,265,1166.0,NgReg,118094210,1761498687,64136.0,0.0,517
1761498687230622196,[250 136   2   5   4 142   0   0],8,265,1166.0,NgReg,230364434,1761498687,64136.0,0.0,517
1761498687322680107,[250 136   2   5   4 142   0   0],8,265,1166.0,NgReg,322421769,1761498687,64136.0,0.0,517
1761498687435361759,[250 136   2   5   4 142   0   0],8,265,1166.0,NgReg,435010364,1761498687,64136.0,0.0,517
1761498687517261961,[250 136   2   5   4 142   0   0],8,265,1166.0,NgReg,516939591,1761498687,64136.0,0.0,517
1761498687629222263,[250 136   2   5   4 142   0   0],8,265,1166.0,NgReg,629050742,1761498687,64136.0,0.0,517
1761498687721599057,[250 136   2   5   4 142   0   0],8,265,1166.0,NgReg,721233582,1761498687,64136.0,0.0,517
1761498687875902175,[250 136   2   5   4 142   0   0],8,265,1166.0,NgReg,875639581,1761498687,64136.0,0.0,517
1761498687947970943,[250 136   2   5   4 142   0   0],8,265,1166.0,NgReg,947669437,1761498687,64136.0,0.0,517
1761498688029811879,[250 136   2   5   4 142   0   0],8,265,1166.0,NgReg,29505285,1761498688,64136.0,0.0,517
1761498688121318835,[250 136   2   5   4 142   0   0],8,265,1166.0,NgReg,121124593,1761498688,64136.0,0.0,517
1761498688233613401,[250 136   2   5   4 142   0   0],8,265,1166.0,NgReg,233394776,1761498688,64136.0,0.0,517
1761498688325625513,[250 136   2   5   4 142   0   0],8,265,1166.0,NgReg,325452199,1761498688,64136.0,0.0,517
1761498688438547764,[250 136   2   5   4 142   0   0],8,265,1166.0,NgReg,438094225,1761498688,64136.0,0.0,517
1761498688520011700,[250 136   2   5   4 142   0   0],8,265,1166.0,NgReg,519724338,1761498688,64136.0,0.0,517
1761498688632225434,[250 136   2   5   4 142   0   0],8,265,1166.0,NgReg,631947608,1761498688,64136.0,0.0,517
1761498688724145577,[250 136   2   5   4 142   0   0],8,265,1166.0,NgReg,723873671,1761498688,64136.0,0.0,517
1761498688877645187,[250 136   2   5   4 142   0   0],8,265,1166.0,NgReg,877448002,1761498688,64136.0,0.0,517
1761498688949915327,[250 136   2   5   4 142   0   0],8,265,1166.0,NgReg,949642077,1761498688,64136.0,0.0,517
1761498689032120482,[250 136   2   5   4 142   0   0],8,265,1166.0,NgReg,31850496,1761498689,64136.0,0.0,517
1761498689123746279,[250 136   2   5   4 142   0   0],8,265,1166.0,NgReg,123554853,1761498689,64136.0,0.0,517
1761498689236208037,[250 136   2   5   4 142   0   0],8,265,1166.0,NgReg,235919875,1761498689,64136.0,0.0,517
1761498689330049146,[250 136   2   5   4 142   0   0],8,265,1166.0,NgReg,329706583,1761498689,64136.0,0.0,517
1761498689432967122,[250 136   2   5   4 142   0   0],8,265,1166.0,NgReg,432697840,1761498689,64136.0,0.0,517
1761498689525268315,[250 136   2   5   4 142   0   0],8,265,1166.0,NgReg,524962489,1761498689,64136.0,0.0,517
1761498689637923707,[250 136   2   5   4 142   0   0],8,265,1166.0,NgReg,637412631,1761498689,64136.0,0.0,517
1761498689729841281,[250 136   2   5   4 142   0   0],8,265,1166.0,NgReg,729490591,1761498689,64136.0,0.0,517
1761498689884537943,[250 136   2   5   4 142   0   0],8,265,1166.0,NgReg,884288086,1761498689,64136.0,0.0,517
1761498689956896398,[250 136   2   5   4 142   0   0],8,265,1166.0,NgReg,956703180,1761498689,64136.0,0.0,517
1761498690039527628,[250 136   2   5   4 142   0   0],8,265,1166.0,NgReg,38982921,1761498690,64136.0,0.0,517
1761498690131709581,[250 136   2   5   4 142   0   0],8,265,1166.0,NgReg,131325642,1761498690,64136.0,0.0,517
1761498690244423108,[250 136   2   5   4 142   0   0],8,265,1166.0,NgReg,244097729,1761498690,64136.0,0.0,517
1761498690326373082,[250 136   2   5   4 142   0   0],8,265,1166.0,NgReg,326109880,1761498690,64136.0,0.0,517
1761498690438525164,[250 136   2   5   4 142   0   0],8,265,1166.0,NgReg,438309835,1761498690,64136.0,0.0,517
1761498690530551148,[250 136   2   5   4 142   0   0],8,265,1166.0,NgReg,530318602,1761498690,64136.0,0.0,517
1761498690642904800,[250 136   2   5   4 142   0   0],8,265,1166.0,NgReg,642683006,1761498690,64136.0,0.0,517
1761498690735051936,[250 136   2   5   4 142   0   0],8,265,1166.0,NgReg,734812126,1761498690,64136.0,0.0,517
1761498690878981498,[250 136   2   5   4 142   0   0],8,265,1166.0,NgReg,878659640,1761498690,64136.0,0.0,517
1761498690951805966,[250 136   2   5   4 142   0   0],8,265,1166.0,NgReg,951553932,1761498690,64136.0,0.0,517
1761498691044254509,[250 136   2   5   4 142   0   0],8,265,1166.0,NgReg,43899978,1761498691,64136.0,0.0,517
1761498691136376613,[250 136   2   5   4 142   0   0],8,265,1166.0,NgReg,136149668,1761498691,64136.0,0.0,517
1761498691239209739,[250 136   2   5   4 142   0   0],8,265,1166.0,NgReg,238862824,1761498691,64136.0,0.0,517
1761498691331339684,[250 136   2   5   4 142   0   0],8,265,1166.0,NgReg,330826752,1761498691,64136.0,0.0,517
1761498691443972176,[250 136   2   5   4 142   0   0],8,265,1166.0,NgReg,443353323,1761498691,64136.0,0.0,517
1761498691535705030,[250 136   2   5   4 142   0   0],8,265,1166.0,NgReg,535402307,1761498691,64136.0,0.0,517
1761498691648401906,[250 136   2   5   4 142   0   0],8,265,1166.0,NgReg,648101264,1761498691,64136.0,0.0,517
1761498691730314657,[250 136   2   5   4 142   0   0],8,265,1166.0,NgReg,730047391,1761498691,64136.0,0.0,517
1761498691883926485,[250 136   2   5   4 142   0   0],8,265,1166.0,NgReg,883689427,1761498691,64136.0,0.0,517
1761498691956035229,[250 136   2   5   4 142   0   0],8,265,1166.0,NgReg,955642970,1761498691,64136.0,0.0,517
1761498692048088082,[250 136   2   5   4 142   0   0],8,265,1166.0,NgReg,47874384,1761498692,64136.0,0.0,517
1761498692140366787,[250 136   2   5   4 142   0   0],8,265,1166.0,NgReg,140139202,1761498692,64136.0,0.0,517
1761498692243210817,[250 136   2   5   4 142   0   0],8,265,1166.0,NgReg,242934079,1761498692,64136.0,0.0,517
1761498692335441874,[250 136   2   5   4 142   0   0],8,265,1166.0,NgReg,335189808,1761498692,64136.0,0.0,517
1761498692448250966,[250 136   2   5   4 142   0   0],8,265,1166.0,NgReg,448050261,1761498692,64136.0,0.0,517
1761498692540544456,[250 136   2   5   4 142   0   0],8,265,1166.0,NgReg,540225894,1761498692,64136.0,0.0,517
1761498692643847113,[250 136   2   5   4 142   0   0],8,265,1166.0,NgReg,643073571,1761498692,64136.0,0.0,517
1761498692735534038,[250 136   2   5   4 142   0   0],8,265,1166.0,NgReg,735133427,1761498692,64136.0,0.0,517
1761498692889165694,[250 136   2   5   4 142   0   0],8,265,1166.0,NgReg,888932892,1761498692,64136.0,0.0,517
1761498692961371040,[250 136   2   5   4 142   0   0],8,265,1166.0,NgReg,961027262,1761498692,64136.0,0.0,517
1761498693053384076,[250 136   2   5   4 142   0   0],8,265,1166.0,NgReg,53162090,1761498693,64136.0,0.0,517
1761498693135595727,[250 136   2   5   4 142   0   0],8,265,1166.0,NgReg,135231117,1761498693,64136.0,0.0,517
1761498693248342058,[250 136   2   5   4 142   0   0],8,265,1166.0,NgReg,247995911,1761498693,64136.0,0.0,517
1761498693340615156,[250 136   2   5   4 142   0   0],8,265,1166.0,NgReg,340440211,1761498693,64136.0,0.0,517
1761498693453413103,[250 136   2   5   4 142   0   0],8,265,1166.0,NgReg,453185005,1761498693,64136.0,0.0,517
1761498693535821075,[250 136   2   5   4 142   0   0],8,265,1166.0,NgReg,535431088,1761498693,64136.0,0.0,517
1761498693648679022,[250 136   2   5   4 142   0   0],8,265,1166.0,NgReg,648196203,1761498693,64136.0,0.0,517
1761498693741382332,[250 136   2   5   4 142   0   0],8,265,1166.0,NgReg,740919032,1761498693,64136.0,0.0,517
1761498693895300504,[250 136   2   5   4 142   0   0],8,265,1166.0,NgReg,895080118,1761498693,64136.0,0.0,517
1761498693968309818,[250 136   2   5   4 142   0   0],8,265,1166.0,NgReg,967994008,1761498693,64136.0,0.0,517
1761498694050540154,[250 136   2   5   4 142   0   0],8,265,1166.0,NgReg,50273048,1761498694,64136.0,0.0,517
1761498694142901981,[250 136   2   5   4 142   0   0],8,265,1166.0,NgReg,142560923,1761498694,64136.0,0.0,517
1761498694255666862,[250 136   2   5   4 142   0   0],8,265,1166.0,NgReg,255190251,1761498694,64136.0,0.0,517
1761498694348381812,[250 136   2   5   4 142   0   0],8,265,1166.0,NgReg,348024209,1761498694,64136.0,0.0,517
1761498694460594529,[250 136   2   5   4 142   0   0],8,265,1166.0,NgReg,452634506,1761498694,64136.0,0.0,517
1761498694546169045,[250 136   2   5   4 142   0   0],8,265,1166.0,NgReg,545491216,1761498694,64136.0,0.0,517
1761498694658195809,[250 136   2   5   4 142   0   0],8,265,1166.0,NgReg,657811710,1761498694,64136.0,0.0,517
1761498694740259261,[250 136   2   5   4 142   0   0],8,265,1166.0,NgReg,740046203,1761498694,64136.0,0.0,517
1761498694894658448,[250 136   2   5   4 142   0   0],8,265,1166.0,NgReg,894407534,1761498694,64136.0,0.0,517
1761498694967643436,[250 136   2   5   4 142   0   0],8,265,1166.0,NgReg,967094088,1761498694,64136.0,0.0,517
1761498695059802281,[250 136   2   5   4 142   0   0],8,265,1166.0,NgReg,59529287,1761498695,64136.0,0.0,517
1761498695141972638,[250 136   2   5   4 142   0   0],8,265,1166.0,NgReg,141783645,1761498695,64136.0,0.0,517
1761498695254873095,[250 136   2   5   4 142   0   0],8,265,1166.0,NgReg,254594885,1761498695,64136.0,0.0,517
1761498695348273770,[250 136   2   5   4 142   0   0],8,265,1166.0,NgReg,347876167,1761498695,64136.0,0.0,517
1761498695461455253,[250 136   2   5   4 142   0   0],8,265,1166.0,NgReg,460873009,1761498695,64136.0,0.0,517
1761498695543632394,[250 136   2   5   4 142   0   0],8,265,1166.0,NgReg,543290344,1761498695,64136.0,0.0,517
1761498695656549587,[250 136   2   5   4 142   0   0],8,265,1166.0,NgReg,656034544,1761498695,64136.0,0.0,517
1761498695748315211,[250 136   2   5   4 142   0   0],8,265,1166.0,NgReg,748088809,1761498695,64136.0,0.0,517
1761498695903755705,[250 136   2   5   4 142   0   0],8,265,1166.0,NgReg,903261333,1761498695,64136.0,0.0,517
1761498695975879369,[250 136   2   5   4 142   0   0],8,265,1166.0,NgReg,975566471,1761498695,64136.0,0.0,517
1761498696058743103,[250 136   2   5   4 142   0   0],8,265,1166.0,NgReg,58167963,1761498696,64136.0,0.0,517
1761498696150453998,[250 136   2   5   4 142   0   0],8,265,1166.0,NgReg,150151884,1761498696,64136.0,0.0,517
1761498696263137676,[250 136   2   5   4 142   0   0],8,265,1166.0,NgReg,262858219,1761498696,64136.0,0.0,517
1761498696344840152,[250 136   2   5   4 142   0   0],8,265,1166.0,NgReg,344631639,1761498696,64136.0,0.0,517
1761498696457859609,[250 136   2   5   4 142   0   0],8,265,1166.0,NgReg,457371733,1761498696,64136.0,0.0,517
1761498696549955147,[250 136   2   5   4 142   0   0],8,265,1166.0,NgReg,549380807,1761498696,64136.0,0.0,517
1761498696662365575,[250 136   2   5   4 142   0   0],8,265,1166.0,NgReg,661846116,1761498696,64136.0,0.0,517
1761498696754333753,[250 136   2   5   4 142   0   0],8,265,1166.0,NgReg,754106295,1761498696,64136.0,0.0,517
1761498696898557229,[250 136   2   5   4 142   0   0],8,265,1166.0,NgReg,898309068,1761498696,64136.0,0.0,517
1761498696970606327,[250 136   2   5   4 142   0   0],8,265,1166.0,NgReg,970306421,1761498696,64136.0,0.0,517
1761498697062738885,[250 136   2   5   4 142   0   0],8,265,1166.0,NgReg,62461187,1761498697,64136.0,0.0,517
1761498697155335795,[250 136   2   5   4 142   0   0],8,265,1166.0,NgReg,154956881,1761498697,64136.0,0.0,517
1761498697258077158,[250 136   2   5   4 142   0   0],8,265,1166.0,NgReg,257605186,1761498697,64136.0,0.0,517
1761498697350183249,[250 136   2   5   4 142   0   0],8,265,1166.0,NgReg,349743502,1761498697,64136.0,0.0,517
1761498697462533987,[250 136   2   5   4 142   0   0],8,265,1166.0,NgReg,462229313,1761498697,64136.0,0.0,517
1761498697554692143,[250 136   2   5   4 142   0   0],8,265,1166.0,NgReg,554129643,1761498697,64136.0,0.0,517
1761498697667538565,[250 136   2   5   4 142   0   0],8,265,1166.0,NgReg,666984353,1761498697,64136.0,0.0,517
1761498697749090921,[250 136   2   5   4 142   0   0],8,265,1166.0,NgReg,748900232,1761498697,64136.0,0.0,517
1761498697903941978,[250 136   2   5   4 142   0   0],8,265,1166.0,NgReg,903439446,1761498697,64136.0,0.0,517
1761498697976231647,[250 136   2   5   4 142   0   0],8,265,1166.0,NgReg,976021630,1761498697,64136.0,0.0,517
1761498698068530982,[250 136   2   5   4 142   0   0],8,265,1166.0,NgReg,68335493,1761498698,64136.0,0.0,517
1761498698150894537,[250 136   2   5   4 142   0   0],8,265,1166.0,NgReg,150541063,1761498698,64136.0,0.0,517
1761498698263708598,[250 136   2   5   4 142   0   0],8,265,1166.0,NgReg,263285971,1761498698,64136.0,0.0,517
1761498698355977435,[250 136   2   5   4 142   0   0],8,265,1166.0,NgReg,355369527,1761498698,64136.0,0.0,517
1761498698468605383,[250 136   2   5   4 142   0   0],8,265,1166.0,NgReg,468101667,1761498698,64136.0,0.0,517
1761498698560663658,[250 136   2   5   4 142   0   0],8,265,1166.0,NgReg,560428232,1761498698,64136.0,0.0,517
1761498698663543509,[250 136   2   5   4 142   0   0],8,265,1166.0,NgReg,663145906,1761498698,64136.0,0.0,517
1761498698755779193,[250 136   2   5   4 142   0   0],8,265,1166.0,NgReg,755388023,1761498698,64136.0,0.0,517
1761498698910244571,[250 136   2   5   4 142   0   0],8,265,1166.0,NgReg,910053114,1761498698,64136.0,0.0,517
1761498698983142079,[250 136   2   5   4 142   0   0],8,265,1166.0,NgReg,982569499,1761498698,64136.0,0.0,517
1761498699065471997,[250 136   2   5   4 142   0   0],8,265,1166.0,NgReg,65105850,1761498699,64136.0,0.0,517
1761498699157348759,[250 136   2   5   4 142   0   0],8,265,1166.0,NgReg,157144278,1761498699,64136.0,0.0,517
1761498699272865933,[250 136   2   5   4 142   0   0],8,265,1166.0,NgReg,272649260,1761498699,64136.0,0.0,517
1761498699355294602,[250 136   2   5   4 142   0   0],8,265,1166.0,NgReg,355073672,1761498699,64136.0,0.0,517
1761498699468298319,[250 136   2   5   4 142   0   0],8,265,1166.0,NgReg,468109582,1761498699,64136.0,0.0,517
1761498699560855598,[250 136   2   5   4 142   0   0],8,265,1166.0,NgReg,560438540,1761498699,64136.0,0.0,517
1761498699673634002,[250 136   2   5   4 142   0   0],8,265,1166.0,NgReg,673306800,1761498699,64136.0,0.0,517
1761498699756474034,[250 136   2   5   4 142   0   0],8,265,1166.0,NgReg,756241616,1761498699,64136.0,0.0,517
1761498699912656018,[250 136   2   5   4 142   0   0],8,265,1166.0,NgReg,912206511,1761498699,64136.0,0.0,517
1761498699986067444,[250 136   2   5   4 142   0   0],8,265,1166.0,NgReg,985414479,1761498699,64136.0,0.0,517
1761498700068717517,[250 136   2   5   4 142   0   0],8,265,1166.0,NgReg,68457387,1761498700,64136.0,0.0,517
1761498700160674465,[250 136   2   5   4 142   0   0],8,265,1166.0,NgReg,160489664,1761498700,64136.0,0.0,517
1761498700273809982,[250 136   2   5   4 142   0   0],8,265,1166.0,NgReg,273597181,1761498700,64136.0,0.0,517
1761498700366591287,[250 136   2   5   4 142   0   0],8,265,1166.0,NgReg,366384566,1761498700,64136.0,0.0,517
1761498700469251089,[250 136   2   5   4 142   0   0],8,265,1166.0,NgReg,469025679,1761498700,64136.0,0.0,517
1761498700561850889,[250 136   2   5   4 142   0   0],8,265,1166.0,NgReg,561506983,1761498700,64136.0,0.0,517
1761498700674966438,[250 136   2   5   4 142   0   0],8,265,1166.0,NgReg,674594660,1761498700,64136.0,0.0,517
1761498700767355997,[250 136   2   5   4 142   0   0],8,265,1166.0,NgReg,766924090,1761498700,64136.0,0.0,517
1761498700921479300,[250 136   2   5   4 142   0   0],8,265,1166.0,NgReg,921249122,1761498700,64136.0,0.0,517
1761498700994696062,[250 136   2   5   4 142   0   0],8,265,1166.0,NgReg,994369692,1761498700,64136.0,0.0,517
1761498701077846484,[250 136   2   5   4 142   0   0],8,265,1166.0,NgReg,77548082,1761498701,64136.0,0.0,517
1761498701170215139,[250 136   2   5   4 142   0   0],8,265,1166.0,NgReg,169764640,1761498701,64136.0,0.0,517
1761498701273071926,[250 136   2   5   4 142   0   0],8,265,1166.0,NgReg,272592691,1761498701,64136.0,0.0,517
1761498701365423845,[250 136   2   5   4 142   0   0],8,265,1166.0,NgReg,364834401,1761498701,64136.0,0.0,517
1761498701478136471,[250 136   2   5   4 142   0   0],8,265,1166.0,NgReg,477827861,1761498701,64136.0,0.0,517
1761498701570660839,[250 136   2   5   4 142   0   0],8,265,1166.0,NgReg,570324069,1761498701,64136.0,0.0,517
1761498701673114263,[250 136   2   5   4 142   0   0],8,265,1166.0,NgReg,672840149,1761498701,64136.0,0.0,517
1761498701765115396,[250 136   2   5   4 142   0   0],8,265,1166.0,NgReg,764831875,1761498701,64136.0,0.0,517
1761498701919553601,[250 136   2   5   4 142   0   0],8,265,1166.0,NgReg,919155743,1761498701,64136.0,0.0,517
1761498701991631119,[250 136   2   5   4 142   0   0],8,265,1166.0,NgReg,991335149,1761498701,64136.0,0.0,517
1761498702073534774,[250 136   2   5   4 142   0   0],8,265,1166.0,NgReg,73275988,1761498702,64136.0,0.0,517
1761498702165982783,[250 136   2   5   4 142   0   0],8,265,1166.0,NgReg,165677149,1761498702,64136.0,0.0,517
1761498702279757262,[250 136   2   5   4 142   0   0],8,265,1166.0,NgReg,279231787,1761498702,64136.0,0.0,517
1761498702372044374,[250 136   2   5   4 142   0   0],8,265,1166.0,NgReg,371780212,1761498702,64136.0,0.0,517
1761498702484743807,[250 136   2   5   4 142   0   0],8,265,1166.0,NgReg,484525534,1761498702,64136.0,0.0,517
1761498702567868301,[250 136   2   5   4 142   0   0],8,265,1166.0,NgReg,567235017,1761498702,64136.0,0.0,517
1761498702680202259,[250 136   2   5   4 142   0   0],8,265,1166.0,NgReg,679945810,1761498702,64136.0,0.0,517
1761498702773056191,[250 136   2   5   4 142   0   0],8,265,1166.0,NgReg,772770333,1761498702,64136.0,0.0,517
1761498702927957075,[250 136   2   5   4 142   0   0],8,265,1166.0,NgReg,927519920,1761498702,64136.0,0.0,517
1761498703000029595,[250 136   2   5   4 142   0   0],8,265,1166.0,NgReg,999576024,1761498702,64136.0,0.0,517
1761498703081860410,[250 136   2   5   4 142   0   0],8,265,1166.0,NgReg,81548632,1761498703,64136.0,0.0,517
1761498703174228507,[250 136   2   5   4 142   0   0],8,265,1166.0,NgReg,173783641,1761498703,64136.0,0.0,517
1761498703287293438,[250 136   2   5   4 142   0   0],8,265,1166.0,NgReg,286952444,1761498703,64136.0,0.0,517
1761498703369300350,[250 136   2   5   4 142   0   0],8,265,1166.0,NgReg,369125853,1761498703,64136.0,0.0,517
1761498703481618396,[250 136   2   5   4 142   0   0],8,265,1166.0,NgReg,481357435,1761498703,64136.0,0.0,517
1761498703573667035,[250 136   2   5   4 142   0   0],8,265,1166.0,NgReg,573418842,1761498703,64136.0,0.0,517
1761498703686791966,[250 136   2   5   4 142   0   0],8,265,1166.0,NgReg,686326555,1761498703,64136.0,0.0,517
1761498703769281762,[250 136   2   5   4 142   0   0],8,265,1166.0,NgReg,768836063,1761498703,64136.0,0.0,517
1761498703923037123,[250 136   2   5   4 142   0   0],8,265,1166.0,NgReg,922745153,1761498703,64136.0,0.0,517
1761498703994555041,[250 136   2   5   4 142   0   0],8,265,1166.0,NgReg,994401633,1761498703,64136.0,0.0,517
1761498704087348447,[250 136   2   5   4 142   0   0],8,265,1166.0,NgReg,87050333,1761498704,64136.0,0.0,517
1761498704180086875,[250 136   2   5   4 142   0   0],8,265,1166.0,NgReg,179851130,1761498704,64136.0,0.0,517
1761498704282816629,[250 136   2   5   4 142   0   0],8,265,1166.0,NgReg,282524788,1761498704,64136.0,0.0,517
1761498704374975278,[250 136   2   5   4 142   0   0],8,265,1166.0,NgReg,374686189,1761498704,64136.0,0.0,517
1761498704487642246,[250 136   2   5   4 142   0   0],8,265,1166.0,NgReg,487402084,1761498704,64136.0,0.0,517
1761498704580027936,[250 136   2   5   4 142   0   0],8,265,1166.0,NgReg,579799071,1761498704,64136.0,0.0,517
1761498704682751994,[250 136   2   5   4 142   0   0],8,265,1166.0,NgReg,682373144,1761498704,64136.0,0.0,517
1761498704774809138,[250 136   2   5   4 142   0   0],8,265,1166.0,NgReg,774463344,1761498704,64136.0,0.0,517
1761498704928571399,[250 136   2   5   4 142   0   0],8,265,1166.0,NgReg,928298566,1761498704,64136.0,0.0,517
1761498705001164360,[250 136   2   5   4 142   0   0],8,265,1166.0,NgReg,799237,1761498705,64136.0,0.0,517
1761498705093405242,[250 136   2   5   4 142   0   0],8,265,1166.0,NgReg,93062008,1761498705,64136.0,0.0,517
1761498705175629519,[250 136   2   5   4 142   0   0],8,265,1166.0,NgReg,175182893,1761498705,64136.0,0.0,517
1761498705288655296,[250 136   2   5   4 142   0   0],8,265,1166.0,NgReg,288206174,1761498705,64136.0,0.0,517
1761498705380590417,[250 136   2   5   4 142   0   0],8,265,1166.0,NgReg,380360720,1761498705,64136.0,0.0,517
1761498705493215008,[250 136   2   5   4 142   0   0],8,265,1166.0,NgReg,492990622,1761498705,64136.0,0.0,517
1761498705575345300,[250 136   2   5   4 142   0   0],8,265,1166.0,NgReg,575098291,1761498705,64136.0,0.0,517
1761498705688128356,[250 136   2   5   4 142   0   0],8,265,1166.0,NgReg,687897891,1761498705,64136.0,0.0,517
1761498705780730873,[250 136   2   5   4 142   0   0],8,265,1166.0,NgReg,780259126,1761498705,64136.0,0.0,517
1761498705934963493,[250 136   2   5   4 142   0   0],8,265,1166.0,NgReg,934624195,1761498705,64136.0,0.0,517
1761498706007539807,[250 136   2   5   4 142   0   0],8,265,1166.0,NgReg,7215773,1761498706,64136.0,0.0,517
1761498706089845839,[250 136   2   5   4 142   0   0],8,265,1166.0,NgReg,89554893,1761498706,64136.0,0.0,517
1761498706182148315,[250 136   2   5   4 142   0   0],8,265,1166.0,NgReg,181817593,1761498706,64136.0,0.0,517
1761498706295091747,[250 136   2   5   4 142   0   0],8,265,1166.0,NgReg,294738561,1761498706,64136.0,0.0,517
1761498706387212237,[250 136   2   5   4 142   0   0],8,265,1166.0,NgReg,386924972,1761498706,64136.0,0.0,517
1761498706489368981,[250 136   2   5   4 142   0   0],8,265,1166.0,NgReg,489184499,1761498706,64136.0,0.0,517
1761498706581684032,[250 136   2   5   4 142   0   0],8,265,1166.0,NgReg,581383359,1761498706,64136.0,0.0,517
1761498706693429825,[250 136   2   5   4 142   0   0],8,265,1166.0,NgReg,693272768,1761498706,64136.0,0.0,517
1761498706786161616,[250 136   2   5   4 142   0   0],8,265,1166.0,NgReg,785898542,1761498706,64136.0,0.0,517
1761498706940347824,[250 136   2   5   4 142   0   0],8,265,1166.0,NgReg,940042830,1761498706,64136.0,0.0,517
1761498707012463650,[250 136   2   5   4 142   0   0],8,265,1166.0,NgReg,12304449,1761498707,64136.0,0.0,517
1761498707094766763,[250 136   2   5   4 142   0   0],8,265,1166.0,NgReg,94465353,1761498707,64136.0,0.0,517
1761498707186505709,[250 136   2   5   4 142   0   0],8,265,1166.0,NgReg,186229547,1761498707,64136.0,0.0,517
1761498707299826351,[250 136   2   5   4 142   0   0],8,265,1166.0,NgReg,299366316,1761498707,64136.0,0.0,517
1761498707381515157,[250 136   2   5   4 142   0   0],8,265,1166.0,NgReg,381300371,1761498707,64136.0,0.0,517
1761498707493986129,[250 136   2   5   4 142   0   0],8,265,1166.0,NgReg,493651631,1761498707,64136.0,0.0,517
1761498707585779539,[250 136   2   5   4 142   0   0],8,265,1166.0,NgReg,585467250,1761498707,64136.0,0.0,517
1761498707698922356,[250 136   2   5   4 142   0   0],8,265,1166.0,NgReg,698599314,1761498707,64136.0,0.0,517
1761498707791526395,[250 136   2   5   4 142   0   0],8,265,1166.0,NgReg,791284378,1761498707,64136.0,0.0,517
1761498707935443539,[250 136   2   5   4 142   0   0],8,265,1166.0,NgReg,935044913,1761498707,64136.0,0.0,517
1761498708007835009,[250 136   2   5   4 142   0   0],8,265,1166.0,NgReg,7440127,1761498708,64136.0,0.0,517
1761498708100503457,[250 136   2   5   4 142   0   0],8,265,1166.0,NgReg,99672316,1761498708,64136.0,0.0,517
1761498708191987835,[250 136   2   5   4 142   0   0],8,265,1166.0,NgReg,191755129,1761498708,64136.0,0.0,517
1761498708294414580,[250 136   2   5   4 142   0   0],8,265,1166.0,NgReg,294049682,1761498708,64136.0,0.0,517
1761498708386339024,[250 136   2   5   4 142   0   0],8,265,1166.0,NgReg,386076655,1761498708,64136.0,0.0,517
1761498708498781093,[250 136   2   5   4 142   0   0],8,265,1166.0,NgReg,498293442,1761498708,64136.0,0.0,517
1761498708590542719,[250 136   2   5   4 142   0   0],8,265,1166.0,NgReg,590248510,1761498708,64136.0,0.0,517
1761498708703118261,[250 136   2   5   4 142   0   0],8,265,1166.0,NgReg,702481393,1761498708,64136.0,0.0,517
1761498708794975376,[250 136   2   5   4 142   0   0],8,265,1166.0,NgReg,794679310,1761498708,64136.0,0.0,517
1761498708938652892,[250 136   2   5   4 142   0   0],8,265,1166.0,NgReg,938373370,1761498708,64136.0,0.0,517
1761498709010670594,[250 136   2   5   4 142   0   0],8,265,1166.0,NgReg,10240320,1761498709,64136.0,0.0,517
1761498709102483415,[250 136   2   5   4 142   0   0],8,265,1166.0,NgReg,102177237,1761498709,64136.0,0.0,517
1761498709194327500,[250 136   2   5   4 142   0   0],8,265,1166.0,NgReg,194027562,1761498709,64136.0,0.0,517
1761498709306494838,[250 136   2   5   4 142   0   0],8,265,1166.0,NgReg,306333301,1761498709,64136.0,0.0,517
1761498709388684691,[250 136   2   5   4 142   0   0],8,265,1166.0,NgReg,388161232,1761498709,64136.0,0.0,517
1761498709500546044,[250 136   2   5   4 142   0   0],8,265,1166.0,NgReg,500258330,1761498709,64136.0,0.0,517
1761498709592180367,[250 136   2   5   4 142   0   0],8,265,1166.0,NgReg,591990574,1761498709,64136.0,0.0,517
1761498709704344922,[250 136   2   5   4 142   0   0],8,265,1166.0,NgReg,704178169,1761498709,64136.0,0.0,517
1761498709796985555,[250 136   2   5   4 142   0   0],8,265,1166.0,NgReg,796610737,1761498709,64136.0,0.0,517
1761498709950761455,[250 136   2   5   4 142   0   0],8,265,1166.0,NgReg,950474957,1761498709,64136.0,0.0,517
1761498710023230962,[250 136   2   5   4 142   0   0],8,265,1166.0,NgReg,22816687,1761498710,64136.0,0.0,517
1761498710105154919,[250 136   2   5   4 142   0   0],8,265,1166.0,NgReg,104799845,1761498710,64136.0,0.0,517
1761498710196974197,[250 136   2   5   4 142   0   0],8,265,1166.0,NgReg,196673875,1761498710,64136.0,0.0,517
1761498710310299230,[250 136   2   5   4 142   0   0],8,265,1166.0,NgReg,309972220,1761498710,64136.0,0.0,517
1761498710392070258,[250 136   2   5   4 142   0   0],8,265,1166.0,NgReg,391877233,1761498710,64136.0,0.0,517
1761498710504263669,[250 136   2   5   4 142   0   0],8,265,1166.0,NgReg,504063507,1761498710,64136.0,0.0,517
1761498710596004354,[250 136   2   5   4 142   0   0],8,265,1166.0,NgReg,595787681,1761498710,64136.0,0.0,517
1761498710708365382,[250 136   2   5   4 142   0   0],8,265,1166.0,NgReg,708175140,1761498710,64136.0,0.0,517
1761498710800874455,[250 136   2   5   4 142   0   0],8,265,1166.0,NgReg,800548405,1761498710,64136.0,0.0,517
1761498710943955659,[250 136   2   5   4 142   0   0],8,265,1166.0,NgReg,943692137,1761498710,64136.0,0.0,517
1761498711016084359,[250 136   2   5   4 142   0   0],8,265,1166.0,NgReg,15811109,1761498711,64136.0,0.0,517
1761498711107840334,[250 136   2   5   4 142   0   0],8,265,1166.0,NgReg,107606892,1761498711,64136.0,0.0,517
1761498711199568917,[250 136   2   5   4 142   0   0],8,265,1166.0,NgReg,199246867,1761498711,64136.0,0.0,517
1761498711312253874,[250 136   2   5   4 142   0   0],8,265,1166.0,NgReg,311974448,1761498711,64136.0,0.0,517
1761498711394020608,[250 136   2   5   4 142   0   0],8,265,1166.0,NgReg,393698558,1761498711,64136.0,0.0,517
1761498711506845470,[250 136   2   5   4 142   0   0],8,265,1166.0,NgReg,506572157,1761498711,64136.0,0.0,517
1761498711599075784,[250 136   2   5   4 142   0   0],8,265,1166.0,NgReg,598613381,1761498711,64136.0,0.0,517
1761498711711579204,[250 136   2   5   4 142   0   0],8,265,1166.0,NgReg,710963456,1761498711,64136.0,0.0,517
1761498711803653709,[250 136   2   5   4 142   0   0],8,265,1166.0,NgReg,803129738,1761498711,64136.0,0.0,517
1761498711957117232,[250 136   2   5   4 142   0   0],8,265,1166.0,NgReg,956900495,1761498711,64136.0,0.0,517
1761498712028821476,[250 136   2   5   4 142   0   0],8,265,1166.0,NgReg,28665603,1761498712,64136.0,0.0,517
1761498712111041711,[250 136   2   5   4 142   0   0],8,265,1166.0,NgReg,110593997,1761498712,64136.0,0.0,517
1761498712202661103,[250 136   2   5   4 142   0   0],8,265,1166.0,NgReg,202343917,1761498712,64136.0,0.0,517
1761498712314974210,[250 136   2   5   4 142   0   0],8,265,1166.0,NgReg,314665920,1761498712,64136.0,0.0,517
1761498712406773186,[250 136   2   5   4 142   0   0],8,265,1166.0,NgReg,406495265,1761498712,64136.0,0.0,517
1761498712508653243,[250 136   2   5   4 142   0   0],8,265,1166.0,NgReg,508478810,1761498712,64136.0,0.0,517
1761498712600480380,[250 136   2   5   4 142   0   0],8,265,1166.0,NgReg,600303995,1761498712,64136.0,0.0,517
1761498712712816783,[250 136   2   5   4 142   0   0],8,265,1166.0,NgReg,712647118,1761498712,64136.0,0.0,517
1761498712805302099,[250 136   2   5   4 142   0   0],8,265,1166.0,NgReg,805114962,1761498712,64136.0,0.0,517
1761498712959750098,[250 136   2   5   4 142   0   0],8,265,1166.0,NgReg,959367311,1761498712,64136.0,0.0,517
1761498713031822594,[250 136   2   5   4 142   0   0],8,265,1166.0,NgReg,31576705,1761498713,64136.0,0.0,517
1761498713113656901,[250 136   2   5   4 142   0   0],8,265,1166.0,NgReg,113325027,1761498713,64136.0,0.0,517
1761498713205377055,[250 136   2   5   4 142   0   0],8,265,1166.0,NgReg,205079197,1761498713,64136.0,0.0,517
1761498713318340141,[250 136   2   5   4 142   0   0],8,265,1166.0,NgReg,318040876,1761498713,64136.0,0.0,517
1761498713410011046,[250 136   2   5   4 142   0   0],8,265,1166.0,NgReg,409775717,1761498713,64136.0,0.0,517
1761498713512010617,[250 136   2   5   4 142   0   0],8,265,1166.0,NgReg,511825848,1761498713,64136.0,0.0,517
1761498713603999380,[250 136   2   5   4 142   0   0],8,265,1166.0,NgReg,603809587,1761498713,64136.0,0.0,517
1761498713716025789,[250 136   2   5   4 142   0   0],8,265,1166.0,NgReg,715857884,1761498713,64136.0,0.0,517
1761498713808462139,[250 136   2   5   4 142   0   0],8,265,1166.0,NgReg,808208441,1761498713,64136.0,0.0,517
1761498713961925737,[250 136   2   5   4 142   0   0],8,265,1166.0,NgReg,961682823,1761498713,64136.0,0.0,517
1761498714034027476,[250 136   2   5   4 142   0   0],8,265,1166.0,NgReg,33747442,1761498714,64136.0,0.0,517
1761498714115913938,[250 136   2   5   4 142   0   0],8,265,1166.0,NgReg,115743505,1761498714,64136.0,0.0,517
1761498714207688901,[250 136   2   5   4 142   0   0],8,265,1166.0,NgReg,207199586,1761498714,64136.0,0.0,517
1761498714320209865,[250 136   2   5   4 142   0   0],8,265,1166.0,NgReg,320031848,1761498714,64136.0,0.0,517
1761498714412705345,[250 136   2   5   4 142   0   0],8,265,1166.0,NgReg,412499359,1761498714,64136.0,0.0,517
1761498714514938125,[250 136   2   5   4 142   0   0],8,265,1166.0,NgReg,514707660,1761498714,64136.0,0.0,517
1761498714607269187,[250 136   2   5   4 142   0   0],8,265,1166.0,NgReg,606650176,1761498714,64136.0,0.0,517
1761498714719062820,[250 136   2   5   4 142   0   0],8,265,1166.0,NgReg,718760674,1761498714,64136.0,0.0,517
1761498714812926658,[250 136   2   5   4 142   0   0],8,265,1166.0,NgReg,812727681,1761498714,64136.0,0.0,517
1761498714966283109,[250 136   2   5   4 142   0   0],8,265,1166.0,NgReg,966088676,1761498714,64136.0,0.0,517
1761498715038329162,[250 136   2   5   4 142   0   0],8,265,1166.0,NgReg,38104201,1761498715,64136.0,0.0,517
1761498715120249538,[250 136   2   5   4 142   0   0],8,265,1166.0,NgReg,119989921,1761498715,64136.0,0.0,517
1761498715212171344,[250 136   2   5   4 142   0   0],8,265,1166.0,NgReg,211911407,1761498715,64136.0,0.0,517
1761498715324621452,[250 136   2   5   4 142   0   0],8,265,1166.0,NgReg,324451179,1761498715,64136.0,0.0,517
1761498715419157928,[250 136   2   5   4 142   0   0],8,265,1166.0,NgReg,418921223,1761498715,64136.0,0.0,517
1761498715521422157,[250 136   2   5   4 142   0   0],8,265,1166.0,NgReg,521168268,1761498715,64136.0,0.0,517
1761498715613816382,[250 136   2   5   4 142   0   0],8,265,1166.0,NgReg,613466844,1761498715,64136.0,0.0,517
1761498715726225113,[250 136   2   5   4 142   0   0],8,265,1166.0,NgReg,725916536,1761498715,64136.0,0.0,517
1761498715818454985,[250 136   2   5   4 142   0   0],8,265,1166.0,NgReg,818152487,1761498715,64136.0,0.0,517
1761498715961792427,[250 136   2   5   4 142   0   0],8,265,1166.0,NgReg,961525577,1761498715,64136.0,0.0,517
1761498716033608138,[250 136   2   5   4 142   0   0],8,265,1166.0,NgReg,33403113,1761498716,64136.0,0.0,517
1761498716126113237,[250 136   2   5   4 142   0   0],8,265,1166.0,NgReg,125809267,1761498716,64136.0,0.0,517
1761498716218026972,[250 136   2   5   4 142   0   0],8,265,1166.0,NgReg,217668058,1761498716,64136.0,0.0,517
1761498716331042163,[250 136   2   5   4 142   0   0],8,265,1166.0,NgReg,330309776,1761498716,64136.0,0.0,517
1761498716412796389,[250 136   2   5   4 142   0   0],8,265,1166.0,NgReg,412383875,1761498716,64136.0,0.0,517
1761498716525244409,[250 136   2   5   4 142   0   0],8,265,1166.0,NgReg,524678422,1761498716,64136.0,0.0,517
1761498716616557437,[250 136   2   5   4 142   0   0],8,265,1166.0,NgReg,616363068,1761498716,64136.0,0.0,517
1761498716729080818,[250 136   2   5   4 142   0   0],8,265,1166.0,NgReg,728560559,1761498716,64136.0,0.0,517
1761498716821270107,[250 136   2   5   4 142   0   0],8,265,1166.0,NgReg,820973785,1761498716,64136.0,0.0,517
1761498716965072501,[250 136   2   5   4 142   0   0],8,265,1166.0,NgReg,964861684,1761498716,64136.0,0.0,517
1761498717037102417,[250 136   2   5   4 142   0   0],8,265,1166.0,NgReg,36909392,1761498717,64136.0,0.0,517
1761498717129037522,[250 136   2   5   4 142   0   0],8,265,1166.0,NgReg,128788081,1761498717,64136.0,0.0,517
1761498717220898611,[250 136   2   5   4 142   0   0],8,265,1166.0,NgReg,220502864,1761498717,64136.0,0.0,517
1761498717333149918,[250 136   2   5   4 142   0   0],8,265,1166.0,NgReg,332934685,1761498717,64136.0,0.0,517
1761498717415161387,[250 136   2   5   4 142   0   0],8,265,1166.0,NgReg,414863882,1761498717,64136.0,0.0,517
1761498717528017978,[250 136   2   5   4 142   0   0],8,265,1166.0,NgReg,527559543,1761498717,64136.0,0.0,517
1761498717619581625,[250 137   2   5   4 142   0   0],8,265,1166.0,NgReg,619271543,1761498717,64137.0,0.0,517
1761498717731747652,[250 137   2   5   4 142   0   0],8,265,1166.0,NgReg,731357730,1761498717,64137.0,0.0,517
1761498717823927430,[250 137   2   5   4 142   0   0],8,265,1166.0,NgReg,823762597,1761498717,64137.0,0.0,517
1761498717967575766,[250 137   2   5   4 142   0   0],8,265,1166.0,NgReg,967240116,1761498717,64137.0,0.0,517
1761498718039741933,[250 137   2   5   4 142   0   0],8,265,1166.0,NgReg,39231371,1761498718,64137.0,0.0,517
1761498718131521639,[250 137   2   5   4 142   0   0],8,265,1166.0,NgReg,131306822,1761498718,64137.0,0.0,517
1761498718223599043,[250 137   2   5   4 142   0   0],8,265,1166.0,NgReg,223319617,1761498718,64137.0,0.0,517
1761498718336230377,[250 137   2   5   4 142   0   0],8,265,1166.0,NgReg,335875527,1761498718,64137.0,0.0,517
1761498718417564301,[250 137   2   5   4 142   0   0],8,265,1166.0,NgReg,417417804,1761498718,64137.0,0.0,517
1761498718530075154,[250 137   2   5   4 142   0   0],8,265,1166.0,NgReg,529624655,1761498718,64137.0,0.0,517
1761498718621723851,[250 137   2   5   4 142   0   0],8,265,1166.0,NgReg,621484010,1761498718,64137.0,0.0,517
1761498718733537933,[250 137   2   5   4 142   0   0],8,265,1166.0,NgReg,733367660,1761498718,64137.0,0.0,517
1761498718825794057,[250 137   2   5   4 142   0   0],8,265,1166.0,NgReg,825483143,1761498718,64137.0,0.0,517
1761498718979108001,[250 137   2   5   4 142   0   0],8,265,1166.0,NgReg,978849503,1761498718,64137.0,0.0,517
1761498719051158994,[250 137   2   5   4 142   0   0],8,265,1166.0,NgReg,50716687,1761498719,64137.0,0.0,517
1761498719132472784,[250 137   2   5   4 142   0   0],8,265,1166.0,NgReg,132298415,1761498719,64137.0,0.0,517
1761498719224380293,[250 137   2   5   4 142   0   0],8,265,1166.0,NgReg,224153379,1761498719,64137.0,0.0,517
1761498719336745185,[250 137   2   5   4 142   0   0],8,265,1166.0,NgReg,336467872,1761498719,64137.0,0.0,517
1761498719428870391,[250 137   2   5   4 142   0   0],8,265,1166.0,NgReg,428549429,1761498719,64137.0,0.0,517
1761498719541295316,[250 137   2   5   4 142   0   0],8,265,1166.0,NgReg,540986706,1761498719,64137.0,0.0,517
1761498719623050613,[250 137   2   5   4 142   0   0],8,265,1166.0,NgReg,622779507,1761498719,64137.0,0.0,517
1761498719735269169,[250 137   2   5   4 142   0   0],8,265,1166.0,NgReg,734849806,1761498719,64137.0,0.0,517
1761498719827051172,[250 137   2   5   4 142   0   0],8,265,1166.0,NgReg,826753347,1761498719,64137.0,0.0,517
1761498719980409458,[250 137   2   5   4 142   0   0],8,265,1166.0,NgReg,980218577,1761498719,64137.0,0.0,517
1761498720052573855,[250 137   2   5   4 142   0   0],8,265,1166.0,NgReg,52330525,1761498720,64137.0,0.0,517
1761498720134465274,[250 137   2   5   4 142   0   0],8,265,1166.0,NgReg,134161945,1761498720,64137.0,0.0,517
1761498720226037703,[250 137   2   5   4 142   0   0],8,265,1166.0,NgReg,225809126,1761498720,64137.0,0.0,517
1761498720338504605,[250 137   2   5   4 142   0   0],8,265,1166.0,NgReg,338216219,1761498720,64137.0,0.0,517
1761498720430223178,[250 137   2   5   4 142   0   0],8,265,1166.0,NgReg,429951913,1761498720,64137.0,0.0,517
1761498720542583807,[250 137   2   5   4 142   0   0],8,265,1166.0,NgReg,542132413,1761498720,64137.0,0.0,517
1761498720634173324,[250 137   2   5   4 142   0   0],8,265,1166.0,NgReg,633926027,1761498720,64137.0,0.0,517
1761498720736010604,[250 137   2   5   4 142   0   0],8,265,1166.0,NgReg,735851115,1761498720,64137.0,0.0,517
1761498720828864063,[250 137   2   5   4 142   0   0],8,265,1166.0,NgReg,828243900,1761498720,64137.0,0.0,517
1761498720982035521,[250 137   2   5   4 142   0   0],8,265,1166.0,NgReg,981793600,1761498720,64137.0,0.0,517
1761498721053809799,[250 137   2   5   4 142   0   0],8,265,1166.0,NgReg,53575334,1761498721,64137.0,0.0,517
1761498721145797232,[250 137   2   5   4 142   0   0],8,265,1166.0,NgReg,145560078,1761498721,64137.0,0.0,517
1761498721227559045,[250 137   2   5   4 142   0   0],8,265,1166.0,NgReg,227178339,1761498721,64137.0,0.0,517
1761498721339841235,[250 137   2   5   4 142   0   0],8,265,1166.0,NgReg,339458385,1761498721,64137.0,0.0,517
1761498721431748539,[250 137   2   5   4 142   0   0],8,265,1166.0,NgReg,431587610,1761498721,64137.0,0.0,517
1761498721544228585,[250 137   2   5   4 142   0   0],8,265,1166.0,NgReg,543870119,1761498721,64137.0,0.0,517
1761498721635935952,[250 137   2   5   4 142   0   0],8,265,1166.0,NgReg,635681839,1761498721,64137.0,0.0,517
1761498721748193757,[250 137   2   5   4 142   0   0],8,265,1166.0,NgReg,747986652,1761498721,64137.0,0.0,517
1761498721830284405,[250 137   2   5   4 142   0   0],8,265,1166.0,NgReg,830070707,1761498721,64137.0,0.0,517
1761498721983808910,[250 137   2   5   4 142   0   0],8,265,1166.0,NgReg,983612622,1761498721,64137.0,0.0,517
1761498722055794800,[250 137   2   5   4 142   0   0],8,265,1166.0,NgReg,55514895,1761498722,64137.0,0.0,517
1761498722147745523,[250 137   2   5   4 142   0   0],8,265,1166.0,NgReg,147518065,1761498722,64137.0,0.0,517
1761498722239986070,[250 137   2   5   4 142   0   0],8,265,1166.0,NgReg,239701909,1761498722,64137.0,0.0,517
1761498722342475916,[250 137   2   5   4 142   0   0],8,265,1166.0,NgReg,342109514,1761498722,64137.0,0.0,517
1761498722434107757,[250 137   2   5   4 142   0   0],8,265,1166.0,NgReg,433853003,1761498722,64137.0,0.0,517
1761498722546328050,[250 137   2   5   4 142   0   0],8,265,1166.0,NgReg,546043793,1761498722,64137.0,0.0,517
1761498722638226708,[250 137   2   5   4 142   0   0],8,265,1166.0,NgReg,637922163,1761498722,64137.0,0.0,517
1761498722750282713,[250 137   2   5   4 142   0   0],8,265,1166.0,NgReg,750039736,1761498722,64137.0,0.0,517
1761498722832137738,[250 137   2   5   4 142   0   0],8,265,1166.0,NgReg,831932201,1761498722,64137.0,0.0,517
1761498722986806271,[250 137   2   5   4 142   0   0],8,265,1166.0,NgReg,986492669,1761498722,64137.0,0.0,517
1761498723059853089,[250 137   2   5   4 142   0   0],8,265,1166.0,NgReg,59501535,1761498723,64137.0,0.0,517
1761498723152288928,[250 137   2   5   4 142   0   0],8,265,1166.0,NgReg,152014014,1761498723,64137.0,0.0,517
1761498723234977679,[250 137   2   5   4 142   0   0],8,265,1166.0,NgReg,234539309,1761498723,64137.0,0.0,517
1761498723348076881,[250 137   2   5   4 142   0   0],8,265,1166.0,NgReg,347762384,1761498723,64137.0,0.0,517
1761498723440046126,[250 137   2   5   4 142   0   0],8,265,1166.0,NgReg,439771244,1761498723,64137.0,0.0,517
1761498723552490765,[250 137   2   5   4 142   0   0],8,265,1166.0,NgReg,551878570,1761498723,64137.0,0.0,517
1761498723644158472,[250 137   2   5   4 142   0   0],8,265,1166.0,NgReg,643884326,1761498723,64137.0,0.0,517
1761498723746495318,[250 137   2   5   4 142   0   0],8,265,1166.0,NgReg,746229557,1761498723,64137.0,0.0,517
1761498723839089845,[250 137   2   5   4 142   0   0],8,265,1166.0,NgReg,838767348,1761498723,64137.0,0.0,517
1761498723992566235,[250 137   2   5   4 142   0   0],8,265,1166.0,NgReg,992346330,1761498723,64137.0,0.0,517
1761498724064659059,[250 137   2   5   4 142   0   0],8,265,1166.0,NgReg,64303857,1761498724,64137.0,0.0,517
1761498724147072092,[250 137   2   5   4 142   0   0],8,265,1166.0,NgReg,146754682,1761498724,64137.0,0.0,517
1761498724239168339,[250 137   2   5   4 142   0   0],8,265,1166.0,NgReg,238773041,1761498724,64137.0,0.0,517
1761498724351365289,[250 137   2   5   4 142   0   0],8,265,1166.0,NgReg,351035592,1761498724,64137.0,0.0,517
1761498724443559905,[250 137   2   5   4 142   0   0],8,265,1166.0,NgReg,443076670,1761498724,64137.0,0.0,517
1761498724555835384,[250 137   2   5   4 142   0   0],8,265,1166.0,NgReg,555614135,1761498724,64137.0,0.0,517
1761498724647969647,[250 137   2   5   4 142   0   0],8,265,1166.0,NgReg,647773166,1761498724,64137.0,0.0,517
1761498724751481660,[250 137   2   5   4 142   0   0],8,265,1166.0,NgReg,751126651,1761498724,64137.0,0.0,517
1761498724847159780,[250 137   2   5   4 142   0   0],8,265,1166.0,NgReg,846618434,1761498724,64137.0,0.0,517
1761498725001574692,[250 137   2   5   4 142   0   0],8,265,1166.0,NgReg,1348067,1761498725,64137.0,0.0,517
1761498725073822264,[250 137   2   5   4 142   0   0],8,265,1166.0,NgReg,73439318,1761498725,64137.0,0.0,517
1761498725156017818,[250 137   2   5   4 142   0   0],8,265,1166.0,NgReg,155635320,1761498725,64137.0,0.0,517
1761498725247902890,[250 137   2   5   4 142   0   0],8,265,1166.0,NgReg,247445768,1761498725,64137.0,0.0,517
1761498725360879645,[250 137   2   5   4 142   0   0],8,265,1166.0,NgReg,360548924,1761498725,64137.0,0.0,517
1761498725443063040,[250 137   2   5   4 142   0   0],8,265,1166.0,NgReg,442775934,1761498725,64137.0,0.0,517
1761498725556438197,[250 137   2   5   4 142   0   0],8,265,1166.0,NgReg,556146099,1761498725,64137.0,0.0,517
1761498725649287945,[250 137   2   5   4 142   0   0],8,265,1166.0,NgReg,649063656,1761498725,64137.0,0.0,517
1761498725764484135,[250 137   2   5   4 142   0   0],8,265,1166.0,NgReg,763933252,1761498725,64137.0,0.0,517
1761498725846677705,[250 137   2   5   4 142   0   0],8,265,1166.0,NgReg,846137446,1761498725,64137.0,0.0,517
1761498726000840414,[250 137   2   5   4 142   0   0],8,265,1166.0,NgReg,649885,1761498726,64137.0,0.0,517
1761498726074327571,[250 137   2   5   4 142   0   0],8,265,1166.0,NgReg,73887600,1761498726,64137.0,0.0,517
1761498726155774540,[250 137   2   5   4 142   0   0],8,265,1166.0,NgReg,155601835,1761498726,64137.0,0.0,517
1761498726248126040,[250 137   2   5   4 142   0   0],8,265,1166.0,NgReg,247745911,1761498726,64137.0,0.0,517
1761498726360573826,[250 137   2   5   4 142   0   0],8,265,1166.0,NgReg,360379169,1761498726,64137.0,0.0,517
1761498726452853550,[250 137   2   5   4 142   0   0],8,265,1166.0,NgReg,452573996,1761498726,64137.0,0.0,517
1761498726555635850,[250 137   2   5   4 142   0   0],8,265,1166.0,NgReg,555313321,1761498726,64137.0,0.0,517
1761498726647726805,[250 137   2   5   4 142   0   0],8,265,1166.0,NgReg,647373620,1761498726,64137.0,0.0,517
1761498726760313311,[250 137   2   5   4 142   0   0],8,265,1166.0,NgReg,760015102,1761498726,64137.0,0.0,517
1761498726852696364,[250 137   2   5   4 142   0   0],8,265,1166.0,NgReg,852487979,1761498726,64137.0,0.0,517
1761498727008747327,[250 137   2   5   4 142   0   0],8,265,1166.0,NgReg,8456413,1761498727,64137.0,0.0,517
1761498727080970633,[250 137   2   5   4 142   0   0],8,265,1166.0,NgReg,80780552,1761498727,64137.0,0.0,517
1761498727163028640,[250 137   2   5   4 142   0   0],8,265,1166.0,NgReg,162747775,1761498727,64137.0,0.0,517
1761498727255685576,[250 137   2   5   4 142   0   0],8,265,1166.0,NgReg,255360295,1761498727,64137.0,0.0,517
1761498727359811844,[250 137   2   5   4 142   0   0],8,265,1166.0,NgReg,359219137,1761498727,64137.0,0.0,517
1761498727452154250,[250 137   2   5   4 142   0   0],8,265,1166.0,NgReg,451875945,1761498727,64137.0,0.0,517
1761498727564743437,[250 137   2   5   4 142   0   0],8,265,1166.0,NgReg,564329579,1761498727,64137.0,0.0,517
1761498727657194580,[250 137   2   5   4 142   0   0],8,265,1166.0,NgReg,656494737,1761498727,64137.0,0.0,517
1761498727759568648,[250 137   2   5   4 142   0   0],8,265,1166.0,NgReg,759226343,1761498727,64137.0,0.0,517
1761498727853357717,[250 137   2   5   4 142   0   0],8,265,1166.0,NgReg,852808947,1761498727,64137.0,0.0,517
1761498728007917624,[250 137   2   5   4 142   0   0],8,265,1166.0,NgReg,7643990,1761498728,64137.0,0.0,517
1761498728080628128,[250 137   2   5   4 142   0   0],8,265,1166.0,NgReg,80361694,1761498728,64137.0,0.0,517
1761498728162758546,[250 137   2   5   4 142   0   0],8,265,1166.0,NgReg,162487249,1761498728,64137.0,0.0,517
1761498728257837599,[250 137   2   5   4 142   0   0],8,265,1166.0,NgReg,257564350,1761498728,64137.0,0.0,517
1761498728371733792,[250 137   2   5   4 142   0   0],8,265,1166.0,NgReg,370846236,1761498728,64137.0,0.0,517
1761498728453984755,[250 137   2   5   4 142   0   0],8,265,1166.0,NgReg,453766194,1761498728,64137.0,0.0,517
1761498728567915541,[250 137   2   5   4 142   0   0],8,265,1166.0,NgReg,567411635,1761498728,64137.0,0.0,517
1761498728660280982,[250 137   2   5   4 142   0   0],8,265,1166.0,NgReg,660006036,1761498728,64137.0,0.0,517
1761498728763155462,[250 137   2   5   4 142   0   0],8,265,1166.0,NgReg,762822564,1761498728,64137.0,0.0,517
1761498728856579435,[250 137   2   5   4 142   0   0],8,265,1166.0,NgReg,856143017,1761498728,64137.0,0.0,517
1761498729011285060,[250 137   2   5   4 142   0   0],8,265,1166.0,NgReg,10935843,1761498729,64137.0,0.0,517
1761498729084219080,[250 137   2   5   4 142   0   0],8,265,1166.0,NgReg,83819527,1761498729,64137.0,0.0,517
1761498729166117365,[250 137   2   5   4 142   0   0],8,265,1166.0,NgReg,165893876,1761498729,64137.0,0.0,517
1761498729259779509,[250 137   2   5   4 142   0   0],8,265,1166.0,NgReg,259196083,1761498729,64137.0,0.0,517
1761498729372559275,[250 137   2   5   4 142   0   0],8,265,1166.0,NgReg,372229065,1761498729,64137.0,0.0,517
1761498729455147770,[250 137   2   5   4 142   0   0],8,265,1166.0,NgReg,454702072,1761498729,64137.0,0.0,517
1761498729567993104,[250 137   2   5   4 142   0   0],8,265,1166.0,NgReg,567702607,1761498729,64137.0,0.0,517
1761498729660962445,[250 137   2   5   4 142   0   0],8,265,1166.0,NgReg,660103337,1761498729,64137.0,0.0,517
1761498729773278113,[250 137   2   5   4 142   0   0],8,265,1166.0,NgReg,772950751,1761498729,64137.0,0.0,517
1761498729866226782,[250 137   2   5   4 142   0   0],8,265,1166.0,NgReg,865920861,1761498729,64137.0,0.0,517
1761498730012092710,[250 137   2   5   4 142   0   0],8,265,1166.0,NgReg,11724133,1761498730,64137.0,0.0,517
1761498730084683269,[250 137   2   5   4 142   0   0],8,265,1166.0,NgReg,84293699,1761498730,64137.0,0.0,517
1761498730167355919,[250 137   2   5   4 142   0   0],8,265,1166.0,NgReg,166909069,1761498730,64137.0,0.0,517
1761498730260757129,[250 137   2   5   4 142   0   0],8,265,1166.0,NgReg,260010629,1761498730,64137.0,0.0,517
1761498730372976533,[250 137   2   5   4 142   0   0],8,265,1166.0,NgReg,372728500,1761498730,64137.0,0.0,517
1761498730466674319,[250 137   2   5   4 142   0   0],8,265,1166.0,NgReg,465777996,1761498730,64137.0,0.0,517
1761498730569518898,[250 137   2   5   4 142   0   0],8,265,1166.0,NgReg,568819727,1761498730,64137.0,0.0,517
1761498730661951080,[250 137   2   5   4 142   0   0],8,265,1166.0,NgReg,661307909,1761498730,64137.0,0.0,517
1761498730774878647,[250 137   2   5   4 142   0   0],8,265,1166.0,NgReg,774328820,1761498730,64137.0,0.0,517
1761498730867600781,[250 137   2   5   4 142   0   0],8,265,1166.0,NgReg,866933483,1761498730,64137.0,0.0,517
1761498731012709705,[250 137   2   5   4 142   0   0],8,265,1166.0,NgReg,12103719,1761498731,64137.0,0.0,517
1761498731084862209,[250 137   2   5   4 142   0   0],8,265,1166.0,NgReg,84594240,1761498731,64137.0,0.0,517
1761498731177844179,[250 137   2   5   4 142   0   0],8,265,1166.0,NgReg,177419057,1761498731,64137.0,0.0,517
1761498731271547848,[250 137   2   5   4 142   0   0],8,265,1166.0,NgReg,271105446,1761498731,64137.0,0.0,517
1761498731374407973,[250 137   2   5   4 142   0   0],8,265,1166.0,NgReg,373986275,1761498731,64137.0,0.0,517
1761498731466217266,[250 137   2   5   4 142   0   0],8,265,1166.0,NgReg,465951249,1761498731,64137.0,0.0,517
1761498731578934809,[250 137   2   5   4 142   0   0],8,265,1166.0,NgReg,578445015,1761498731,64137.0,0.0,517
1761498731670647045,[250 137   2   5   4 142   0   0],8,265,1166.0,NgReg,670461381,1761498731,64137.0,0.0,517
1761498731773387618,[250 137   2   5   4 142   0   0],8,265,1166.0,NgReg,773063840,1761498731,64137.0,0.0,517
1761498731866016402,[250 137   2   5   4 142   0   0],8,265,1166.0,NgReg,865691601,1761498731,64137.0,0.0,517
1761498732019721706,[250 137   2   5   4 142   0   0],8,265,1166.0,NgReg,19183975,1761498732,64137.0,0.0,517
1761498732091941629,[250 137   2   5   4 142   0   0],8,265,1166.0,NgReg,91512283,1761498732,64137.0,0.0,517
1761498732173877210,[250 137   2   5   4 142   0   0],8,265,1166.0,NgReg,173429721,1761498732,64137.0,0.0,517
1761498732266921127,[250 137   2   5   4 142   0   0],8,265,1166.0,NgReg,266463141,1761498732,64137.0,0.0,517
1761498732379441735,[250 137   2   5   4 142   0   0],8,265,1166.0,NgReg,379000837,1761498732,64137.0,0.0,517
1761498732471341550,[250 137   2   5   4 142   0   0],8,265,1166.0,NgReg,470853228,1761498732,64137.0,0.0,517
1761498732583406668,[250 137   2   5   4 142   0   0],8,265,1166.0,NgReg,583187787,1761498732,64137.0,0.0,517
1761498732665150024,[250 137   2   5   4 142   0   0],8,265,1166.0,NgReg,664890727,1761498732,64137.0,0.0,517
1761498732778296714,[250 137   2   5   4 142   0   0],8,265,1166.0,NgReg,777899977,1761498732,64137.0,0.0,517
1761498732869639472,[250 137   2   5   4 142   0   0],8,265,1166.0,NgReg,869413135,1761498732,64137.0,0.0,517
1761498733024624899,[250 137   2   5   4 142   0   0],8,265,1166.0,NgReg,24466946,1761498733,64137.0,0.0,517
1761498733096883666,[250 137   2   5   4 142   0   0],8,265,1166.0,NgReg,96645361,1761498733,64137.0,0.0,517
1761498733179436493,[250 137   2   5   4 142   0   0],8,265,1166.0,NgReg,179072492,1761498733,64137.0,0.0,517
1761498733271678705,[250 137   2   5   4 142   0   0],8,265,1166.0,NgReg,271139887,1761498733,64137.0,0.0,517
1761498733384027849,[250 137   2   5   4 142   0   0],8,265,1166.0,NgReg,383586695,1761498733,64137.0,0.0,517
1761498733476607438,[250 137   2   5   4 142   0   0],8,265,1166.0,NgReg,476312268,1761498733,64137.0,0.0,517
1761498733578901915,[250 137   2   5   4 142   0   0],8,265,1166.0,NgReg,578654746,1761498733,64137.0,0.0,517
1761498733671084127,[250 137   2   5   4 142   0   0],8,265,1166.0,NgReg,670797021,1761498733,64137.0,0.0,517
1761498733784022073,[250 137   2   5   4 142   0   0],8,265,1166.0,NgReg,783546007,1761498733,64137.0,0.0,517
1761498733876084892,[250 137   2   5   4 142   0   0],8,265,1166.0,NgReg,875809979,1761498733,64137.0,0.0,517
1761498734029969665,[250 137   2   5   4 142   0   0],8,265,1166.0,NgReg,29627263,1761498734,64137.0,0.0,517
1761498734102688558,[250 137   2   5   4 142   0   0],8,265,1166.0,NgReg,102385101,1761498734,64137.0,0.0,517
1761498734184430016,[250 137   2   5   4 142   0   0],8,265,1166.0,NgReg,184202943,1761498734,64137.0,0.0,517
1761498734276999424,[250 137   2   5   4 142   0   0],8,265,1166.0,NgReg,276700926,1761498734,64137.0,0.0,517
1761498734389448785,[250 137   2   5   4 142   0   0],8,265,1166.0,NgReg,389062384,1761498734,64137.0,0.0,517
1761498734471548741,[250 137   2   5   4 142   0   0],8,265,1166.0,NgReg,471261476,1761498734,64137.0,0.0,517
1761498734584168952,[250 137   2   5   4 142   0   0],8,265,1166.0,NgReg,583965623,1761498734,64137.0,0.0,517
1761498734676878743,[250 137   2   5   4 142   0   0],8,265,1166.0,NgReg,676609814,1761498734,64137.0,0.0,517
1761498734789903371,[250 137   2   5   4 142   0   0],8,265,1166.0,NgReg,789381801,1761498734,64137.0,0.0,517
1761498734882207754,[250 137   2   5   4 142   0   0],8,265,1166.0,NgReg,881880616,1761498734,64137.0,0.0,517
1761498735026594526,[250 137   2   5   4 142   0   0],8,265,1166.0,NgReg,26187068,1761498735,64137.0,0.0,517
1761498735099380391,[250 137   2   5   4 142   0   0],8,265,1166.0,NgReg,99039782,1761498735,64137.0,0.0,517
1761498735191989665,[250 137   2   5   4 142   0   0],8,265,1166.0,NgReg,191814688,1761498735,64137.0,0.0,517
1761498735275537782,[250 137   2   5   4 142   0   0],8,265,1166.0,NgReg,275194869,1761498735,64137.0,0.0,517
1761498735389026981,[250 137   2   5   4 142   0   0],8,265,1166.0,NgReg,388727972,1761498735,64137.0,0.0,517
1761498735481323102,[250 137   2   5   4 142   0   0],8,265,1166.0,NgReg,480979196,1761498735,64137.0,0.0,517
1761498735593422599,[250 137   2   5   4 142   0   0],8,265,1166.0,NgReg,593175942,1761498735,64137.0,0.0,517
1761498735675775351,[250 137   2   5   4 142   0   0],8,265,1166.0,NgReg,675370710,1761498735,64137.0,0.0,517
1761498735788266786,[250 137   2   5   4 142   0   0],8,265,1166.0,NgReg,788096962,1761498735,64137.0,0.0,517
1761498735880381050,[250 137   2   5   4 142   0   0],8,265,1166.0,NgReg,880188474,1761498735,64137.0,0.0,517
1761498736034547406,[250 137   2   5   4 142   0   0],8,265,1166.0,NgReg,34310253,1761498736,64137.0,0.0,517
1761498736106477391,[250 137   2   5   4 142   0   0],8,265,1166.0,NgReg,106163246,1761498736,64137.0,0.0,517
1761498736189160987,[250 137   2   5   4 142   0   0],8,265,1166.0,NgReg,188707386,1761498736,64137.0,0.0,517
1761498736281257294,[250 137   2   5   4 142   0   0],8,265,1166.0,NgReg,280946220,1761498736,64137.0,0.0,517
1761498736394097812,[250 137   2   5   4 142   0   0],8,265,1166.0,NgReg,393824626,1761498736,64137.0,0.0,517
1761498736486917161,[250 137   2   5   4 142   0   0],8,265,1166.0,NgReg,486599272,1761498736,64137.0,0.0,517
1761498736589031843,[250 137   2   5   4 142   0   0],8,265,1166.0,NgReg,588900547,1761498736,64137.0,0.0,517
1761498736681300118,[250 137   2   5   4 142   0   0],8,265,1166.0,NgReg,681042805,1761498736,64137.0,0.0,517
1761498736794036092,[250 137   2   5   4 142   0   0],8,265,1166.0,NgReg,793743099,1761498736,64137.0,0.0,517
1761498736886355407,[250 137   2   5   4 142   0   0],8,265,1166.0,NgReg,885930989,1761498736,64137.0,0.0,517
1761498737041108155,[250 137   2   5   4 142   0   0],8,265,1166.0,NgReg,40745914,1761498737,64137.0,0.0,517
1761498737113520602,[250 137   2   5   4 142   0   0],8,265,1166.0,NgReg,113230649,1761498737,64137.0,0.0,517
1761498737195646848,[250 137   2   5   4 142   0   0],8,265,1166.0,NgReg,195344254,1761498737,64137.0,0.0,517
1761498737288021582,[250 137   2   5   4 142   0   0],8,265,1166.0,NgReg,287640332,1761498737,64137.0,0.0,517
1761498737400228298,[250 137   2   5   4 142   0   0],8,265,1166.0,NgReg,400025097,1761498737,64137.0,0.0,517
1761498737482744209,[250 137   2   5   4 142   0   0],8,265,1166.0,NgReg,482082607,1761498737,64137.0,0.0,517
1761498737594722221,[250 137   2   5   4 142   0   0],8,265,1166.0,NgReg,594409644,1761498737,64137.0,0.0,517
1761498737686598265,[250 137   2   5   4 142   0   0],8,265,1166.0,NgReg,686335704,1761498737,64137.0,0.0,517
1761498737799120695,[250 137   2   5   4 142   0   0],8,265,1166.0,NgReg,798812470,1761498737,64137.0,0.0,517
1761498737890934691,[250 137   2   5   4 142   0   0],8,265,1166.0,NgReg,890705314,1761498737,64137.0,0.0,517
1761498738034566906,[250 137   2   5   4 142   0   0],8,265,1166.0,NgReg,34284057,1761498738,64137.0,0.0,517
1761498738106427059,[250 137   2   5   4 142   0   0],8,265,1166.0,NgReg,106169842,1761498738,64137.0,0.0,517
1761498738198555258,[250 137   2   5   4 142   0   0],8,265,1166.0,NgReg,198241113,1761498738,64137.0,0.0,517
1761498738290676898,[250 137   2   5   4 142   0   0],8,265,1166.0,NgReg,290398177,1761498738,64137.0,0.0,517
1761498738403091641,[250 137   2   5   4 142   0   0],8,265,1166.0,NgReg,402808408,1761498738,64137.0,0.0,517
1761498738488286501,[250 137   2   5   4 142   0   0],8,265,1166.0,NgReg,486908640,1761498738,64137.0,0.0,517
1761498738599925529,[250 137   2   5   4 142   0   0],8,265,1166.0,NgReg,599706712,1761498738,64137.0,0.0,517
1761498738691737056,[250 137   2   5   4 142   0   0],8,265,1166.0,NgReg,691562111,1761498738,64137.0,0.0,517
1761498738804080822,[250 137   2   5   4 142   0   0],8,265,1166.0,NgReg,803861782,1761498738,64137.0,0.0,517
1761498738885654261,[250 137   2   5   4 142   0   0],8,265,1166.0,NgReg,885478260,1761498738,64137.0,0.0,517
1761498739038837449,[250 137   2   5   4 142   0   0],8,265,1166.0,NgReg,38658600,1761498739,64137.0,0.0,517
1761498739111183679,[250 137   2   5   4 142   0   0],8,265,1166.0,NgReg,110856286,1761498739,64137.0,0.0,517
1761498739203849924,[250 137   2   5   4 142   0   0],8,265,1166.0,NgReg,203322881,1761498739,64137.0,0.0,517
1761498739295863493,[250 137   2   5   4 142   0   0],8,265,1166.0,NgReg,295612804,1761498739,64137.0,0.0,517
1761498739398349680,[250 137   2   5   4 142   0   0],8,265,1166.0,NgReg,398076111,1761498739,64137.0,0.0,517
1761498739490182545,[250 137   2   5   4 142   0   0],8,265,1166.0,NgReg,489910928,1761498739,64137.0,0.0,517
1761498739602647105,[250 137   2   5   4 142   0   0],8,265,1166.0,NgReg,602244928,1761498739,64137.0,0.0,517
1761498739695007461,[250 137   2   5   4 142   0   0],8,265,1166.0,NgReg,694430114,1761498739,64137.0,0.0,517
1761498739807060916,[250 137   2   5   4 142   0   0],8,265,1166.0,NgReg,806780306,1761498739,64137.0,0.0,517
1761498739889031503,[250 137   2   5   4 142   0   0],8,265,1166.0,NgReg,888757134,1761498739,64137.0,0.0,517
1761498740042666331,[250 137   2   5   4 142   0   0],8,265,1166.0,NgReg,42367290,1761498740,64137.0,0.0,517
1761498740114684716,[250 137   2   5   4 142   0   0],8,265,1166.0,NgReg,114470540,1761498740,64137.0,0.0,517
1761498740206860106,[250 137   2   5   4 142   0   0],8,265,1166.0,NgReg,206617129,1761498740,64137.0,0.0,517
1761498740298770502,[250 137   2   5   4 142   0   0],8,265,1166.0,NgReg,298538437,1761498740,64137.0,0.0,517
1761498740401075145,[250 137   2   5   4 142   0   0],8,265,1166.0,NgReg,400862281,1761498740,64137.0,0.0,517
1761498740493074598,[250 136   2   5   4 142   0   0],8,265,1166.0,NgReg,492856581,1761498740,64136.0,0.0,517
1761498740605701137,[250 136   2   5   4 142   0   0],8,265,1166.0,NgReg,605465232,1761498740,64136.0,0.0,517
1761498740697981422,[250 136   2   5   4 142   0   0],8,265,1166.0,NgReg,697620813,1761498740,64136.0,0.0,517
1761498740810632633,[250 136   2   5   4 142   0   0],8,265,1166.0,NgReg,810362072,1761498740,64136.0,0.0,517
1761498740892082670,[250 136   2   5   4 142   0   0],8,265,1166.0,NgReg,891926701,1761498740,64136.0,0.0,517
1761498741045595953,[250 136   2   5   4 142   0   0],8,265,1166.0,NgReg,45410768,1761498741,64136.0,0.0,517
1761498741117926079,[250 136   2   5   4 142   0   0],8,265,1166.0,NgReg,117638110,1761498741,64136.0,0.0,517
1761498741210440216,[250 136   2   5   4 142   0   0],8,265,1166.0,NgReg,210144279,1761498741,64136.0,0.0,517
1761498741303079602,[250 136   2   5   4 142   0   0],8,265,1166.0,NgReg,302557488,1761498741,64136.0,0.0,517
1761498741405774225,[250 136   2   5   4 142   0   0],8,265,1166.0,NgReg,405414959,1761498741,64136.0,0.0,517
1761498741497796712,[250 136   2   5   4 142   0   0],8,265,1166.0,NgReg,497491399,1761498741,64136.0,0.0,517
1761498741610334124,[250 136   2   5   4 142   0   0],8,265,1166.0,NgReg,610079595,1761498741,64136.0,0.0,517
1761498741702651781,[250 136   2   5   4 142   0   0],8,265,1166.0,NgReg,702268035,1761498741,64136.0,0.0,517
1761498741815809451,[250 136   2   5   4 142   0   0],8,265,1166.0,NgReg,815251081,1761498741,64136.0,0.0,517
1761498741897898013,[250 136   2   5   4 142   0   0],8,265,1166.0,NgReg,897632220,1761498741,64136.0,0.0,517
1761498742051431447,[250 136   2   5   4 142   0   0],8,265,1166.0,NgReg,51142038,1761498742,64136.0,0.0,517
1761498742124061922,[250 136   2   5   4 142   0   0],8,265,1166.0,NgReg,123740641,1761498742,64136.0,0.0,517
1761498742215719059,[250 136   2   5   4 142   0   0],8,265,1166.0,NgReg,215456530,1761498742,64136.0,0.0,517
1761498742297492000,[250 136   2   5   4 142   0   0],8,265,1166.0,NgReg,297306879,1761498742,64136.0,0.0,517
1761498742410570687,[250 136   2   5   4 142   0   0],8,265,1166.0,NgReg,410278494,1761498742,64136.0,0.0,517
1761498742502643602,[250 136   2   5   4 142   0   0],8,265,1166.0,NgReg,502136144,1761498742,64136.0,0.0,517
1761498742615079983,[250 136   2   5   4 142   0   0],8,265,1166.0,NgReg,614525261,1761498742,64136.0,0.0,517
1761498742706971168,[250 136   2   5   4 142   0   0],8,265,1166.0,NgReg,706694047,1761498742,64136.0,0.0,517
1761498742809397849,[250 136   2   5   4 142   0   0],8,265,1166.0,NgReg,809163384,1761498742,64136.0,0.0,517
1761498742901206090,[250 136   2   5   4 142   0   0],8,265,1166.0,NgReg,901014313,1761498742,64136.0,0.0,517
1761498743056853219,[250 136   2   5   4 142   0   0],8,265,1166.0,NgReg,56171489,1761498743,64136.0,0.0,517
1761498743129225289,[250 136   2   5   4 142   0   0],8,265,1166.0,NgReg,128965224,1761498743,64136.0,0.0,517
1761498743211068817,[250 136   2   5   4 142   0   0],8,265,1166.0,NgReg,210783856,1761498743,64136.0,0.0,517
1761498743303687008,[250 136   2   5   4 142   0   0],8,265,1166.0,NgReg,303410463,1761498743,64136.0,0.0,517
1761498743416132951,[250 136   2   5   4 142   0   0],8,265,1166.0,NgReg,415916727,1761498743,64136.0,0.0,517
1761498743508821287,[250 136   2   5   4 142   0   0],8,265,1166.0,NgReg,508446693,1761498743,64136.0,0.0,517
1761498743611604219,[250 136   2   5   4 142   0   0],8,265,1166.0,NgReg,611183353,1761498743,64136.0,0.0,517
1761498743703821960,[250 136   2   5   4 142   0   0],8,265,1166.0,NgReg,703495559,1761498743,64136.0,0.0,517
1761498743817031426,[250 136   2   5   4 142   0   0],8,265,1166.0,NgReg,816517536,1761498743,64136.0,0.0,517
1761498743909326768,[250 136   2   5   4 142   0   0],8,265,1166.0,NgReg,909033263,1761498743,64136.0,0.0,517
1761498744063250266,[250 136   2   5   4 142   0   0],8,265,1166.0,NgReg,62933177,1761498744,64136.0,0.0,517
1761498744135428379,[250 136   2   5   4 142   0   0],8,265,1166.0,NgReg,135132314,1761498744,64136.0,0.0,517
1761498744217912833,[250 136   2   5   4 142   0   0],8,265,1166.0,NgReg,217542783,1761498744,64136.0,0.0,517
1761498744310343466,[250 136   2   5   4 142   0   0],8,265,1166.0,NgReg,309817832,1761498744,64136.0,0.0,517
1761498744422744859,[250 137   2   5   4 142   0   0],8,265,1166.0,NgReg,422401401,1761498744,64137.0,0.0,517
1761498744504462686,[250 137   2   5   4 142   0   0],8,265,1166.0,NgReg,504184029,1761498744,64137.0,0.0,517
1761498744617018095,[250 137   2   5   4 142   0   0],8,265,1166.0,NgReg,616779566,1761498744,64137.0,0.0,517
1761498744708870646,[250 137   2   5   4 142   0   0],8,265,1166.0,NgReg,708657301,1761498744,64137.0,0.0,517
1761498744821951369,[250 137   2   5   4 142   0   0],8,265,1166.0,NgReg,821561896,1761498744,64137.0,0.0,517
1761498744914312178,[250 137   2   5   4 142   0   0],8,265,1166.0,NgReg,914011473,1761498744,64137.0,0.0,517
1761498745058318224,[250 137   2   5   4 142   0   0],8,265,1166.0,NgReg,57744430,1761498745,64137.0,0.0,517
1761498745130285068,[250 137   2   5   4 142   0   0],8,265,1166.0,NgReg,129949963,1761498745,64137.0,0.0,517
1761498745222730737,[250 137   2   5   4 142   0   0],8,265,1166.0,NgReg,222405840,1761498745,64137.0,0.0,517
1761498745314884212,[250 137   2   5   4 142   0   0],8,265,1166.0,NgReg,314585043,1761498745,64137.0,0.0,517
1761498745417298843,[250 137   2   5   4 142   0   0],8,265,1166.0,NgReg,417103962,1761498745,64137.0,0.0,517
1761498745509636607,[250 137   2   5   4 142   0   0],8,265,1166.0,NgReg,509401822,1761498745,64137.0,0.0,517
1761498745622854060,[250 137   2   5   4 142   0   0],8,265,1166.0,NgReg,622269642,1761498745,64137.0,0.0,517
1761498745714892527,[250 137   2   5   4 142   0   0],8,265,1166.0,NgReg,714389613,1761498745,64137.0,0.0,517
1761498745818795099,[250 137   2   5   4 142   0   0],8,265,1166.0,NgReg,818584187,1761498745,64137.0,0.0,517
1761498745911066975,[250 137   2   5   4 142   0   0],8,265,1166.0,NgReg,910862334,1761498745,64137.0,0.0,517
1761498746064579638,[250 137   2   5   4 142   0   0],8,265,1166.0,NgReg,64231413,1761498746,64137.0,0.0,517
1761498746136305486,[250 137   2   5   4 142   0   0],8,265,1166.0,NgReg,136074253,1761498746,64137.0,0.0,517
1761498746228128811,[250 136   2   5   4 142   0   0],8,265,1166.0,NgReg,227938666,1761498746,64136.0,0.0,517
1761498746310185382,[250 136   2   5   4 142   0   0],8,265,1166.0,NgReg,309936485,1761498746,64136.0,0.0,517
1761498746422474794,[250 136   2   5   4 142   0   0],8,265,1166.0,NgReg,422183881,1761498746,64136.0,0.0,517
1761498746514280999,[250 136   2   5   4 142   0   0],8,265,1166.0,NgReg,514027846,1761498746,64136.0,0.0,517
1761498746626558667,[250 136   2   5   4 142   0   0],8,265,1166.0,NgReg,626252650,1761498746,64136.0,0.0,517
1761498746718646313,[250 136   2   5   4 142   0   0],8,265,1166.0,NgReg,718338023,1761498746,64136.0,0.0,517
1761498746831276077,[250 136   2   5   4 142   0   0],8,265,1166.0,NgReg,831015565,1761498746,64136.0,0.0,517
1761498746913055080,[250 136   2   5   4 142   0   0],8,265,1166.0,NgReg,912821095,1761498746,64136.0,0.0,517
1761498747066612951,[250 136   2   5   4 142   0   0],8,265,1166.0,NgReg,66204789,1761498747,64136.0,0.0,517
1761498747138536331,[250 136   2   5   4 142   0   0],8,265,1166.0,NgReg,138116042,1761498747,64136.0,0.0,517
1761498747230514276,[250 136   2   5   4 142   0   0],8,265,1166.0,NgReg,230253603,1761498747,64136.0,0.0,517
1761498747324172578,[250 136   2   5   4 142   0   0],8,265,1166.0,NgReg,323883649,1761498747,64136.0,0.0,517
1761498747426639230,[250 136   2   5   4 142   0   0],8,265,1166.0,NgReg,426184348,1761498747,64136.0,0.0,517
1761498747518571830,[250 136   2   5   4 142   0   0],8,265,1166.0,NgReg,518210581,1761498747,64136.0,0.0,517
1761498747630813396,[250 136   2   5   4 142   0   0],8,265,1166.0,NgReg,630450387,1761498747,64136.0,0.0,517
1761498747722514187,[250 136   2   5   4 142   0   0],8,265,1166.0,NgReg,722307915,1761498747,64136.0,0.0,517
1761498747835000106,[250 136   2   5   4 142   0   0],8,265,1166.0,NgReg,834700041,1761498747,64136.0,0.0,517
1761498747917365986,[250 136   2   5   4 142   0   0],8,265,1166.0,NgReg,917029056,1761498747,64136.0,0.0,517
1761498748071367369,[250 136   2   5   4 142   0   0],8,265,1166.0,NgReg,71121128,1761498748,64136.0,0.0,517
1761498748143431162,[250 136   2   5   4 142   0   0],8,265,1166.0,NgReg,143160345,1761498748,64136.0,0.0,517
1761498748235581678,[250 136   2   5   4 142   0   0],8,265,1166.0,NgReg,235170413,1761498748,64136.0,0.0,517
1761498748317185375,[250 136   2   5   4 142   0   0],8,265,1166.0,NgReg,316934622,1761498748,64136.0,0.0,517
1761498748429606935,[250 136   2   5   4 142   0   0],8,265,1166.0,NgReg,429279190,1761498748,64136.0,0.0,517
1761498748521632139,[250 136   2   5   4 142   0   0],8,265,1166.0,NgReg,521317962,1761498748,64136.0,0.0,517
1761498748634759909,[250 136   2   5   4 142   0   0],8,265,1166.0,NgReg,634197347,1761498748,64136.0,0.0,517
1761498748727128602,[250 136   2   5   4 142   0   0],8,265,1166.0,NgReg,726603993,1761498748,64136.0,0.0,517
1761498748830057650,[250 136   2   5   4 142   0   0],8,265,1166.0,NgReg,829384592,1761498748,64136.0,0.0,517
1761498748921417540,[250 136   2   5   4 142   0   0],8,265,1166.0,NgReg,921122531,1761498748,64136.0,0.0,517
1761498749074474528,[250 136   2   5   4 142   0   0],8,265,1166.0,NgReg,74177375,1761498749,64136.0,0.0,517
1761498749146504365,[250 136   2   5   4 142   0   0],8,265,1166.0,NgReg,146173132,1761498749,64136.0,0.0,517
1761498749238566140,[250 136   2   5   4 142   0   0],8,265,1166.0,NgReg,238241659,1761498749,64136.0,0.0,517
1761498749320505546,[250 136   2   5   4 142   0   0],8,265,1166.0,NgReg,320202025,1761498749,64136.0,0.0,517
1761498749433054684,[250 136   2   5   4 142   0   0],8,265,1166.0,NgReg,432823867,1761498749,64136.0,0.0,517
1761498749524972650,[250 136   2   5   4 142   0   0],8,265,1166.0,NgReg,524704682,1761498749,64136.0,0.0,517
1761498749637409756,[250 136   2   5   4 142   0   0],8,265,1166.0,NgReg,637149692,1761498749,64136.0,0.0,517
1761498749729530796,[250 136   2   5   4 142   0   0],8,265,1166.0,NgReg,729263755,1761498749,64136.0,0.0,517
1761498749832165341,[250 136   2   5   4 142   0   0],8,265,1166.0,NgReg,831907292,1761498749,64136.0,0.0,517
1761498749923697035,[250 136   2   5   4 142   0   0],8,265,1166.0,NgReg,923529130,1761498749,64136.0,0.0,517
1761498750077122527,[250 136   2   5   4 142   0   0],8,265,1166.0,NgReg,76948255,1761498750,64136.0,0.0,517
1761498750149011368,[250 136   2   5   4 142   0   0],8,265,1166.0,NgReg,148821448,1761498750,64136.0,0.0,517
1761498750240913906,[250 136   2   5   4 142   0   0],8,265,1166.0,NgReg,240698609,1761498750,64136.0,0.0,517
1761498750323020732,[250 136   2   5   4 142   0   0],8,265,1166.0,NgReg,322849755,1761498750,64136.0,0.0,517
1761498750435310055,[250 136   2   5   4 142   0   0],8,265,1166.0,NgReg,435049350,1761498750,64136.0,0.0,517
1761498750527151312,[250 136   2   5   4 142   0   0],8,265,1166.0,NgReg,526841967,1761498750,64136.0,0.0,517
1761498750639954238,[250 136   2   5   4 142   0   0],8,265,1166.0,NgReg,639584220,1761498750,64136.0,0.0,517
1761498750731884839,[250 136   2   5   4 142   0   0],8,265,1166.0,NgReg,731664422,1761498750,64136.0,0.0,517
1761498750844415732,[250 136   2   5   4 142   0   0],8,265,1166.0,NgReg,844167443,1761498750,64136.0,0.0,517
1761498750926209404,[250 136   2   5   4 142   0   0],8,265,1166.0,NgReg,925868987,1761498750,64136.0,0.0,517
1761498751080166923,[250 136   2   5   4 142   0   0],8,265,1166.0,NgReg,79695049,1761498751,64136.0,0.0,517
1761498751151456622,[250 136   2   5   4 142   0   0],8,265,1166.0,NgReg,151228749,1761498751,64136.0,0.0,517
1761498751243987220,[250 136   2   5   4 142   0   0],8,265,1166.0,NgReg,243715956,1761498751,64136.0,0.0,517
1761498751335967833,[250 136   2   5   4 142   0   0],8,265,1166.0,NgReg,335753497,1761498751,64136.0,0.0,517
1761498751437936446,[250 136   2   5   4 142   0   0],8,265,1166.0,NgReg,437761661,1761498751,64136.0,0.0,517
1761498751530073411,[250 136   2   5   4 142   0   0],8,265,1166.0,NgReg,529783843,1761498751,64136.0,0.0,517
1761498751643128331,[250 136   2   5   4 142   0   0],8,265,1166.0,NgReg,642792138,1761498751,64136.0,0.0,517
1761498751735315889,[250 136   2   5   4 142   0   0],8,265,1166.0,NgReg,734992048,1761498751,64136.0,0.0,517
1761498751848512090,[250 136   2   5   4 142   0   0],8,265,1166.0,NgReg,848248569,1761498751,64136.0,0.0,517
1761498751930521471,[250 136   2   5   4 142   0   0],8,265,1166.0,NgReg,930225214,1761498751,64136.0,0.0,517
1761498752083624994,[250 136   2   5   4 142   0   0],8,265,1166.0,NgReg,83400257,1761498752,64136.0,0.0,517
1761498752155909541,[250 136   2   5   4 142   0   0],8,265,1166.0,NgReg,155512291,1761498752,64136.0,0.0,517
1761498752247406211,[250 136   2   5   4 142   0   0],8,265,1166.0,NgReg,247226787,1761498752,64136.0,0.0,517
1761498752331849164,[250 136   2   5   4 142   0   0],8,265,1166.0,NgReg,331665355,1761498752,64136.0,0.0,517
1761498752444191691,[250 136   2   5   4 142   0   0],8,265,1166.0,NgReg,443965995,1761498752,64136.0,0.0,517
1761498752536520909,[250 136   2   5   4 142   0   0],8,265,1166.0,NgReg,535954507,1761498752,64136.0,0.0,517
1761498752648282731,[250 136   2   5   4 142   0   0],8,265,1166.0,NgReg,648095786,1761498752,64136.0,0.0,517
1761498752740337099,[250 136   2   5   4 142   0   0],8,265,1166.0,NgReg,740047978,1761498752,64136.0,0.0,517
1761498752842944396,[250 136   2   5   4 142   0   0],8,265,1166.0,NgReg,842319787,1761498752,64136.0,0.0,517
1761498752934402827,[250 136   2   5   4 142   0   0],8,265,1166.0,NgReg,934105802,1761498752,64136.0,0.0,517
1761498753087867687,[250 136   2   5   4 142   0   0],8,265,1166.0,NgReg,87498054,1761498753,64136.0,0.0,517
1761498753159875525,[250 136   2   5   4 142   0   0],8,265,1166.0,NgReg,159598692,1761498753,64136.0,0.0,517
1761498753251884800,[250 136   2   5   4 142   0   0],8,265,1166.0,NgReg,251519999,1761498753,64136.0,0.0,517
1761498753333698588,[250 136   2   5   4 142   0   0],8,265,1166.0,NgReg,333324411,1761498753,64136.0,0.0,517
1761498753445931958,[250 136   2   5   4 142   0   0],8,265,1166.0,NgReg,445691029,1761498753,64136.0,0.0,517
1761498753537524304,[250 136   2   5   4 142   0   0],8,265,1166.0,NgReg,537317296,1761498753,64136.0,0.0,517
1761498753650724685,[250 167   2   5   4 142   0   0],8,265,1166.0,NgReg,649969003,1761498753,64167.0,0.0,517
1761498753742257479,[250 137   2   5   4 142   0   0],8,265,1166.0,NgReg,742074054,1761498753,64137.0,0.0,517
1761498753854466529,[250 137   2   5   4 142   0   0],8,265,1166.0,NgReg,854189728,1761498753,64137.0,0.0,517
1761498753936270941,[250 136   2   5   4 142   0   0],8,265,1166.0,NgReg,936023996,1761498753,64136.0,0.0,517
1761498754089424432,[250 136   2   5   4 142   0   0],8,265,1166.0,NgReg,89270031,1761498754,64136.0,0.0,517
1761498754161152937,[250 164   2   5   4 113   0   0],8,265,1137.0,NgReg,160986793,1761498754,64164.0,0.0,517
1761498754253331552,[250 185   2   5   4  98   0   0],8,265,1122.0,NgReg,253159456,1761498754,64185.0,0.0,517
1761498754346673403,[250 200   2   5   4  86   0   0],8,265,1110.0,NgReg,346474010,1761498754,64200.0,0.0,517
1761498754449238162,[250 218   2   5   4  72   0   0],8,265,1096.0,NgReg,448829296,1761498754,64218.0,0.0,517
1761498754543023374,[250 233   2   5   4  59   0   0],8,265,1083.0,NgReg,542187403,1761498754,64233.0,0.0,517
1761498754655661891,[250 251   2   5   4  43   0   0],8,265,1067.0,NgReg,655295298,1761498754,64251.0,0.0,517
1761498754737659643,[251  11   2   5   4  32   0   0],8,265,1056.0,NgReg,737171770,1761498754,64267.0,0.0,517
1761498754849488430,[251  12   2   5   4  32   0   0],8,265,1056.0,NgReg,849049549,1761498754,64268.0,0.0,517
1761498754940953411,[251   9   2   5   4  36   0   0],8,265,1060.0,NgReg,940381057,1761498754,64265.0,0.0,517
1761498755093597101,[251   7   2   5   4  37   0   0],8,265,1061.0,NgReg,93388844,1761498755,64263.0,0.0,517
1761498755165556739,[251   4   2   5   4  39   0   0],8,265,1063.0,NgReg,165318434,1761498755,64260.0,0.0,517
1761498755257288660,[251   2   2   5   4  41   0   0],8,265,1065.0,NgReg,257113172,1761498755,64258.0,0.0,517
1761498755339455177,[250 255   2   5   4  44   0   0],8,265,1068.0,NgReg,339231752,1761498755,64255.0,0.0,517
1761498755451939896,[250 253   2   5   4  46   0   0],8,265,1070.0,NgReg,451740727,1761498755,64253.0,0.0,517
1761498755544112362,[250 251   2   5   4  47   0   0],8,265,1071.0,NgReg,543811305,1761498755,64251.0,0.0,517
1761498755655975223,[250 248   2   5   4  50   0   0],8,265,1074.0,NgReg,655818423,1761498755,64248.0,0.0,517
1761498755748077865,[250 245   2   5   4  52   0   0],8,265,1076.0,NgReg,747885673,1761498755,64245.0,0.0,517
1761498755860067255,[250 243   2   5   4  53   0   0],8,265,1077.0,NgReg,859885622,1761498755,64243.0,0.0,517
1761498755942254636,[250 241   2   5   4  55   0   0],8,265,1079.0,NgReg,941774250,1761498755,64241.0,0.0,517
1761498756095252879,[250 239   2   5   4  57   0   0],8,265,1081.0,NgReg,95014894,1761498756,64239.0,0.0,517
1761498756167342754,[250 237   2   5   4  58   0   0],8,265,1082.0,NgReg,167079425,1761498756,64237.0,0.0,517
1761498756259422991,[250 236   2   5   4  60   0   0],8,265,1084.0,NgReg,259098958,1761498756,64236.0,0.0,517
1761498756351237468,[250 234   2   5   4  61   0   0],8,265,1085.0,NgReg,350928891,1761498756,64234.0,0.0,517
1761498756453344135,[250 232   2   5   4  63   0   0],8,265,1087.0,NgReg,453165222,1761498756,64232.0,0.0,517
1761498756545361556,[250 230   2   5   4  64   0   0],8,265,1088.0,NgReg,545162131,1761498756,64230.0,0.0,517
1761498756657726365,[250 229   2   5   4  66   0   0],8,265,1090.0,NgReg,657527516,1761498756,64229.0,0.0,517
1761498756749995563,[250 227   2   5   4  67   0   0],8,265,1091.0,NgReg,749773834,1761498756,64227.0,0.0,517
1761498756862501332,[250 225   2   5   4  68   0   0],8,265,1092.0,NgReg,862203315,1761498756,64225.0,0.0,517
1761498756954453633,[250 224   2   5   4  70   0   0],8,265,1094.0,NgReg,954160032,1761498756,64224.0,0.0,517
1761498757097871456,[250 222   2   5   4  71   0   0],8,265,1095.0,NgReg,97469631,1761498757,64222.0,0.0,517
1761498757169476558,[250 221   2   5   4  72   0   0],8,265,1096.0,NgReg,169339374,1761498757,64221.0,0.0,517
1761498757262195417,[250 219   2   5   4  73   0   0],8,265,1097.0,NgReg,261770360,1761498757,64219.0,0.0,517
1761498757354013153,[250 218   2   5   4  75   0   0],8,265,1099.0,NgReg,353759328,1761498757,64218.0,0.0,517
1761498757467070150,[250 216   2   5   4  76   0   0],8,265,1100.0,NgReg,466698949,1761498757,64216.0,0.0,517
1761498757548863666,[250 215   2   5   4  77   0   0],8,265,1101.0,NgReg,548575409,1761498757,64215.0,0.0,517
1761498757661557974,[250 214   2   5   4  78   0   0],8,265,1102.0,NgReg,661264181,1761498757,64214.0,0.0,517
1761498757753486558,[250 212   2   5   4  79   0   0],8,265,1103.0,NgReg,753155101,1761498757,64212.0,0.0,517
1761498757866050594,[250 211   2   5   4  80   0   0],8,265,1104.0,NgReg,865675489,1761498757,64211.0,0.0,517
1761498757957980074,[250 210   2   5   4  81   0   0],8,265,1105.0,NgReg,957488905,1761498757,64210.0,0.0,517
1761498758103510856,[250 209   2   5   4  82   0   0],8,265,1106.0,NgReg,103140007,1761498758,64209.0,0.0,517
1761498758175843860,[250 207   2   5   4  83   0   0],8,265,1107.0,NgReg,175521332,1761498758,64207.0,0.0,517
1761498758275114957,[250 206   2   5   4  84   0   0],8,265,1108.0,NgReg,274837164,1761498758,64206.0,0.0,517
1761498758357506710,[250 205   2   5   4  85   0   0],8,265,1109.0,NgReg,357109397,1761498758,64205.0,0.0,517
1761498758470119028,[250 204   2   5   4  86   0   0],8,265,1110.0,NgReg,469687379,1761498758,64204.0,0.0,517
1761498758551952316,[250 203   2   5   4  87   0   0],8,265,1111.0,NgReg,551763771,1761498758,64203.0,0.0,517
1761498758664866555,[250 202   2   5   4  88   0   0],8,265,1112.0,NgReg,664477722,1761498758,64202.0,0.0,517
1761498758757849122,[250 201   2   5   4  89   0   0],8,265,1113.0,NgReg,756994463,1761498758,64201.0,0.0,517
1761498758869951422,[250 199   2   5   4  90   0   0],8,265,1114.0,NgReg,869649662,1761498758,64199.0,0.0,517
1761498758951718213,[250 199   2   5   4  90   0   0],8,265,1114.0,NgReg,951392581,1761498758,64199.0,0.0,517
1761498759105589491,[250 198   2   5   4  91   0   0],8,265,1115.0,NgReg,105291571,1761498759,64198.0,0.0,517
1761498759177638491,[250 197   2   5   4  92   0   0],8,265,1116.0,NgReg,177311003,1761498759,64197.0,0.0,517
1761498759269671611,[250 195   2   5   4  93   0   0],8,265,1117.0,NgReg,269111417,1761498759,64195.0,0.0,517
1761498759361502490,[250 195   2   5   4  94   0   0],8,265,1118.0,NgReg,361242649,1761498759,64195.0,0.0,517
1761498759464170263,[250 194   2   5   4  95   0   0],8,265,1119.0,NgReg,463823766,1761498759,64194.0,0.0,517
1761498759556706136,[250 192   2   5   4  96   0   0],8,265,1120.0,NgReg,556513720,1761498759,64192.0,0.0,517
1761498759669766642,[250 191   2   5   4  96   0   0],8,265,1120.0,NgReg,669472305,1761498759,64191.0,0.0,517
1761498759761577617,[250 190   2   5   4  98   0   0],8,265,1122.0,NgReg,761357872,1761498759,64190.0,0.0,517
1761498759874392906,[250 189   2   5   4  99   0   0],8,265,1123.0,NgReg,874099817,1761498759,64189.0,0.0,517
1761498759956274990,[250 189   2   5   4  99   0   0],8,265,1123.0,NgReg,956034349,1761498759,64189.0,0.0,517
1761498760109305137,[250 188   2   5   4 100   0   0],8,265,1124.0,NgReg,109142289,1761498760,64188.0,0.0,517
1761498760181433238,[250 187   2   5   4 101   0   0],8,265,1125.0,NgReg,181218678,1761498760,64187.0,0.0,517
1761498760274119955,[250 186   2   5   4 101   0   0],8,265,1125.0,NgReg,273473393,1761498760,64186.0,0.0,517
1761498760356034866,[250 185   2   5   4 102   0   0],8,265,1126.0,NgReg,355689458,1761498760,64185.0,0.0,517
1761498760468156900,[250 184   2   5   4 102   0   0],8,265,1126.0,NgReg,467982148,1761498760,64184.0,0.0,517
1761498760560270752,[250 183   2   5   4 103   0   0],8,265,1127.0,NgReg,559954751,1761498760,64183.0,0.0,517
1761498760672873523,[250 183   2   5   4 104   0   0],8,265,1128.0,NgReg,672627666,1761498760,64183.0,0.0,517
1761498760765186799,[250 182   2   5   4 104   0   0],8,265,1128.0,NgReg,764713517,1761498760,64182.0,0.0,517
1761498760877459393,[250 181   2   5   4 106   0   0],8,265,1130.0,NgReg,877184672,1761498760,64181.0,0.0,517
1761498760959254016,[250 180   2   5   4 106   0   0],8,265,1130.0,NgReg,958923775,1761498760,64180.0,0.0,517
1761498761112655549,[250 179   2   5   4 107   0   0],8,265,1131.0,NgReg,112492765,1761498761,64179.0,0.0,517
1761498761184833726,[250 179   2   5   4 107   0   0],8,265,1131.0,NgReg,184610654,1761498761,64179.0,0.0,517
1761498761277383702,[250 178   2   5   4 108   0   0],8,265,1132.0,NgReg,277059541,1761498761,64178.0,0.0,517
1761498761369098956,[250 178   2   5   4 108   0   0],8,265,1132.0,NgReg,368566891,1761498761,64178.0,0.0,517
1761498761471366750,[250 177   2   5   4 109   0   0],8,265,1133.0,NgReg,470883869,1761498761,64177.0,0.0,517
1761498761563376756,[250 176   2   5   4 110   0   0],8,265,1134.0,NgReg,562993587,1761498761,64176.0,0.0,517
1761498761675783650,[250 175   2   5   4 110   0   0],8,265,1134.0,NgReg,675442401,1761498761,64175.0,0.0,517
1761498761768094009,[250 174   2   5   4 111   0   0],8,265,1135.0,NgReg,767558231,1761498761,64174.0,0.0,517
1761498761879961925,[250 174   2   5   4 111   0   0],8,265,1135.0,NgReg,879673156,1761498761,64174.0,0.0,517
1761498761961804480,[250 173   2   5   4 112   0   0],8,265,1136.0,NgReg,961482751,1761498761,64173.0,0.0,517
1761498762115453622,[250 172   2   5   4 113   0   0],8,265,1137.0,NgReg,115188181,1761498762,64172.0,0.0,517
1761498762187703828,[250 172   2   5   4 113   0   0],8,265,1137.0,NgReg,187337715,1761498762,64172.0,0.0,517
1761498762280332104,[250 171   2   5   4 114   0   0],8,265,1138.0,NgReg,279745958,1761498762,64171.0,0.0,517
1761498762372240730,[250 170   2   5   4 114   0   0],8,265,1138.0,NgReg,371910233,1761498762,64170.0,0.0,517
1761498762474227590,[250 170   2   5   4 114   0   0],8,265,1138.0,NgReg,473967781,1761498762,64170.0,0.0,517
1761498762566297048,[250 169   2   5   4 115   0   0],8,265,1139.0,NgReg,565916023,1761498762,64169.0,0.0,517
1761498762679735746,[250 168   2   5   4 116   0   0],8,265,1140.0,NgReg,679404290,1761498762,64168.0,0.0,517
1761498762772349974,[250 169   2   5   4 115   0   0],8,265,1139.0,NgReg,771958229,1761498762,64169.0,0.0,517
1761498762874369794,[250 177   2   5   4 105   0   0],8,265,1129.0,NgReg,874039074,1761498762,64177.0,0.0,517
1761498762965996051,[250 188   2   5   4  98   0   0],8,265,1122.0,NgReg,965727379,1761498762,64188.0,0.0,517
1761498763119411777,[250 204   2   5   4  84   0   0],8,265,1108.0,NgReg,119127553,1761498763,64204.0,0.0,517
1761498763191176315,[250 222   2   5   4  69   0   0],8,265,1093.0,NgReg,190926586,1761498763,64222.0,0.0,517
1761498763283795018,[250 241   2   5   4  52   0   0],8,265,1076.0,NgReg,283200872,1761498763,64241.0,0.0,517
1761498763375335702,[251   4   2   5   4  35   0   0],8,265,1059.0,NgReg,375039574,1761498763,64260.0,0.0,517
1761498763478512577,[251  22   2   5   4  22   0   0],8,265,1046.0,NgReg,477950751,1761498763,64278.0,0.0,517
1761498763571909298,[251  37   2   5   4   9   0   0],8,265,1033.0,NgReg,569815245,1761498763,64293.0,0.0,517
1761498763682661552,[251  51   2   5   3 254   2  38],8,265,1022.0,NgReg,682396335,1761498763,64307.0,38.0,517
1761498763774436861,[251 228   2   5   3 244   2  38],8,265,1012.0,NgReg,774119804,1761498763,64484.0,38.0,517
1761498763887186688,[251 244   2   5   3 235   2  38],8,265,1003.0,NgReg,886896480,1761498763,64500.0,38.0,517
1761498763970046166,[251 253   2   5   3 228   2  38],8,265,996.0,NgReg,968797779,1761498763,64509.0,38.0,517
1761498764122669243,[252   5   2   5   3 221   2  38],8,265,989.0,NgReg,122278394,1761498764,64517.0,38.0,517
1761498764194859698,[252  12   2   5   3 216   2  38],8,265,984.0,NgReg,194541713,1761498764,64524.0,38.0,517
1761498764287575901,[252  17   2   5   3 212   2  38],8,265,980.0,NgReg,286886267,1761498764,64529.0,38.0,517
1761498764379210405,[252  21   2   5   3 209   2  38],8,265,977.0,NgReg,378946692,1761498764,64533.0,38.0,517
1761498764481870377,[252  25   2   5   3 206   2  38],8,265,974.0,NgReg,481540872,1761498764,64537.0,38.0,517
1761498764573802610,[252  27   2   5   3 204   2  38],8,265,972.0,NgReg,573367761,1761498764,64539.0,38.0,517
1761498764686465648,[252  29   2   5   3 202   2  38],8,265,970.0,NgReg,686180655,1761498764,64541.0,38.0,517
1761498764778851834,[252  31   2   5   3 201   2  38],8,265,969.0,NgReg,778207672,1761498764,64543.0,38.0,517
1761498764890949590,[252  32   2   5   3 200   2  38],8,265,968.0,NgReg,890382293,1761498764,64544.0,38.0,517
1761498764972484197,[252  32   2   5   3 200   2  38],8,265,968.0,NgReg,972230628,1761498764,64544.0,38.0,517
1761498765126171301,[252  32   2   5   3 200   2  38],8,265,968.0,NgReg,125839012,1761498765,64544.0,38.0,517
1761498765198060727,[252  32   2   5   3 201   2  38],8,265,969.0,NgReg,197862455,1761498765,64544.0,38.0,517
1761498765290516061,[252  31   2   5   3 201   2  38],8,265,969.0,NgReg,290233181,1761498765,64543.0,38.0,517
1761498765382506146,[252  30   2   5   3 202   2  38],8,265,970.0,NgReg,382205506,1761498765,64542.0,38.0,517
1761498765484471648,[252  29   2   5   3 203   2  38],8,265,971.0,NgReg,484287295,1761498765,64541.0,38.0,517
1761498765576408933,[252  28   2   5   3 204   2  38],8,265,972.0,NgReg,576093444,1761498765,64540.0,38.0,517
1761498765689525246,[252  43   2   5   3 205   2  43],8,265,973.0,NgReg,689312765,1761498765,64555.0,43.0,517
1761498765782026372,[252  42   2   5   3 206   2  42],8,265,974.0,NgReg,781462307,1761498765,64554.0,42.0,517
1761498765894034171,[252  40   2   5   3 207   2  42],8,265,975.0,NgReg,893630554,1761498765,64552.0,42.0,517
1761498765976041415,[252  37   2   5   3 208   2  42],8,265,976.0,NgReg,975710534,1761498765,64549.0,42.0,517
1761498766129305470,[252  35   2   5   3 208   2  41],8,265,976.0,NgReg,128987101,1761498766,64547.0,43.0,517
1761498766200962573,[252  32   2   5   3 209   2  41],8,265,977.0,NgReg,200719148,1761498766,64544.0,43.0,517
1761498766293413263,[252  30   2   5   3 210   2  41],8,265,978.0,NgReg,293179502,1761498766,64542.0,43.0,517
1761498766385200175,[252  28   2   5   3 210   2  40],8,265,978.0,NgReg,384986734,1761498766,64540.0,42.0,517
1761498766487322312,[252  27   2   5   3 211   2  40],8,265,979.0,NgReg,487046727,1761498766,64539.0,42.0,517
1761498766579269288,[252  27   2   5   3 211   2  40],8,265,979.0,NgReg,578936007,1761498766,64539.0,42.0,517
1761498766692478653,[252  27   2   5   3 211   2  40],8,265,979.0,NgReg,691914619,1761498766,64539.0,42.0,517
1761498766784056252,[252  26   2   5   3 211   2  40],8,265,979.0,NgReg,783749019,1761498766,64538.0,42.0,517
1761498766896172334,[252  27   2   5   3 211   2  40],8,265,979.0,NgReg,895963917,1761498766,64539.0,42.0,517
1761498766977680757,[252  27   2   5   3 210   2  40],8,265,978.0,NgReg,977442676,1761498766,64539.0,42.0,517
1761498767131590662,[252  28   2   5   3 210   2  40],8,265,978.0,NgReg,131243910,1761498767,64540.0,42.0,517
1761498767203829811,[252  29   2   5   3 210   2  40],8,265,978.0,NgReg,203349266,1761498767,64541.0,42.0,517
1761498767296247345,[252  30   2   5   3 209   2  41],8,265,977.0,NgReg,295951984,1761498767,64542.0,43.0,517
1761498767388388941,[252  32   2   5   3 208   2  41],8,265,976.0,NgReg,388154221,1761498767,64544.0,43.0,517
1761498767491781861,[252  34   2   5   3 208   2  41],8,265,976.0,NgReg,491433828,1761498767,64546.0,43.0,517
1761498767584408514,[252  36   2   5   3 207   2  42],8,265,975.0,NgReg,584128450,1761498767,64548.0,42.0,517
1761498767697384977,[252  39   2   5   3 206   2  42],8,265,974.0,NgReg,696842800,1761498767,64551.0,42.0,517
1761498767791849459,[252  41   2   5   3 205   2  43],8,265,973.0,NgReg,791547346,1761498767,64553.0,43.0,517
1761498767894111816,[252  44   2   5   3 204   2  43],8,265,972.0,NgReg,893727783,1761498767,64556.0,43.0,517
1761498767986289541,[252  48   2   5   3 203   2  44],8,265,971.0,NgReg,985935908,1761498767,64560.0,46.0,517
1761498768139716846,[252  52   2   5   3 201   2  44],8,265,969.0,NgReg,139423085,1761498768,64564.0,46.0,517
1761498768212382200,[252  56   2   5   3 200   2  45],8,265,968.0,NgReg,211769111,1761498768,64568.0,47.0,517
1761498768294480089,[252  60   2   5   3 199   2  46],8,265,967.0,NgReg,294228056,1761498768,64572.0,46.0,517
1761498768386789874,[252  64   2   5   3 197   2  47],8,265,965.0,NgReg,386205616,1761498768,64576.0,47.0,517
1761498768498965273,[252  68   2   5   3 195   2  47],8,265,963.0,NgReg,498684568,1761498768,64580.0,47.0,517
1761498768591599219,[252  73   2   5   3 193   2  48],8,265,961.0,NgReg,590923121,1761498768,64585.0,50.0,517
1761498768704277307,[252  78   2   5   3 192   2  49],8,265,960.0,NgReg,703977146,1761498768,64590.0,51.0,517
1761498768786869021,[252  83   2   5   3 190   2  50],8,265,958.0,NgReg,786554652,1761498768,64595.0,50.0,517
1761498768899562246,[252  88   2   5   3 188   2  51],8,265,956.0,NgReg,899184613,1761498768,64600.0,51.0,517
1761498768991396349,[252  94   2   5   3 186   2  52],8,265,954.0,NgReg,991099261,1761498768,64606.0,54.0,517
1761498769145435520,[252  99   2   5   3 184   2  53],8,265,952.0,NgReg,145127200,1761498769,64611.0,55.0,517
1761498769217733383,[252 105   2   5   3 182   2  53],8,265,950.0,NgReg,217343942,1761498769,64617.0,55.0,517
1761498769300259717,[252 111   2   5   3 180   2  55],8,265,948.0,NgReg,299678339,1761498769,64623.0,55.0,517
1761498769392288793,[252 117   2   5   3 178   2  56],8,265,946.0,NgReg,391922808,1761498769,64629.0,58.0,517
1761498769504758428,[252 123   2   5   3 176   2  57],8,265,944.0,NgReg,504543803,1761498769,64635.0,59.0,517
1761498769587335226,[252 129   2   5   3 173   2  58],8,265,941.0,NgReg,586911001,1761498769,64641.0,58.0,517
1761498769699704732,[252 136   2   5   3 171   2  59],8,265,939.0,NgReg,699376060,1761498769,64648.0,59.0,517
1761498769792037233,[252 142   2   5   3 169   2  60],8,265,937.0,NgReg,791719600,1761498769,64654.0,62.0,517
1761498769904103763,[252 149   2   5   3 167   2  61],8,265,935.0,NgReg,903877842,1761498769,64661.0,63.0,517
1761498769996050663,[252 155   2   5   3 164   2  62],8,265,932.0,NgReg,995786182,1761498769,64667.0,62.0,517
1761498770140705933,[252 162   2   5   3 162   2  63],8,265,930.0,NgReg,140523277,1761498770,64674.0,63.0,517
1761498770213078673,[252 169   2   5   3 159   2  65],8,265,927.0,NgReg,212874224,1761498770,64681.0,67.0,517
1761498770305342625,[252 177   2   5   3 157   2  66],8,265,925.0,NgReg,305160864,1761498770,64689.0,66.0,517
1761498770397381393,[252 183   2   5   3 154   2  67],8,265,922.0,NgReg,397080528,1761498770,64695.0,67.0,517
1761498770500207193,[252 190   2   5   3 152   2  68],8,265,920.0,NgReg,499964792,1761498770,64702.0,70.0,517
1761498770592377609,[252 197   2   5   3 150   2  69],8,265,918.0,NgReg,592079976,1761498770,64709.0,71.0,517
1761498770704839814,[252 204   2   5   3 147   2  70],8,265,915.0,NgReg,704475302,1761498770,64716.0,70.0,517
1761498770797110711,[252 211   2   5   3 144   2  71],8,265,912.0,NgReg,796875574,1761498770,64723.0,71.0,517
1761498770909671413,[252 218   2   5   3 142   2  73],8,265,910.0,NgReg,908981651,1761498770,64730.0,75.0,517
1761498770991092684,[252 225   2   5   3 139   2  74],8,265,907.0,NgReg,990863276,1761498770,64737.0,74.0,517
1761498771144414784,[252 232   2   5   3 137   2  75],8,265,905.0,NgReg,144211039,1761498771,64744.0,75.0,517
1761498771216363935,[252 238   2   5   3 135   2  76],8,265,903.0,NgReg,216091454,1761498771,64750.0,78.0,517
1761498771308999660,[252 244   2   5   3 133   2  77],8,265,901.0,NgReg,308781355,1761498771,64756.0,79.0,517
1761498771400734583,[252 250   2   5   3 131   2  78],8,265,899.0,NgReg,400488982,1761498771,64762.0,78.0,517
1761498771503105081,[253   0   2   5   3 129   2  79],8,265,897.0,NgReg,502753464,1761498771,64768.0,79.0,517
1761498771595681286,[253   5   2   5   3 127   2  80],8,265,895.0,NgReg,595256325,1761498771,64773.0,82.0,517
1761498771707880254,[253   9   2   5   3 126   2  80],8,265,894.0,NgReg,707604125,1761498771,64777.0,82.0,517
1761498771799399592,[253  13   2   5   3 124   2  81],8,265,892.0,NgReg,799205736,1761498771,64781.0,83.0,517
1761498771912554467,[253  17   2   5   3 123   2  82],8,265,891.0,NgReg,912257826,1761498771,64785.0,82.0,517
1761498771994592760,[253  20   2   5   3 122   2  82],8,265,890.0,NgReg,994301687,1761498771,64788.0,82.0,517
1761498772149554760,[253  22   2   5   3 121   2  83],8,265,889.0,NgReg,149156039,1761498772,64790.0,83.0,517
1761498772222285830,[253  25   2   5   3 120   2  83],8,265,888.0,NgReg,221785317,1761498772,64793.0,83.0,517
1761498772314309005,[253  27   2   5   3 120   2 105],8,265,888.0,NgReg,313976172,1761498772,64795.0,107.0,517
1761498772396248575,[253  99   2   1   3 120   2 106],8,265,888.0,NgReg,395941886,1761498772,64867.0,106.0,513
1761498772508662834,[253 106   2   1   3 119   2 107],8,265,887.0,NgReg,508382930,1761498772,64874.0,107.0,513
1761498772600649306,[253 109   2   1   3 118   2 107],8,265,886.0,NgReg,600491609,1761498772,64877.0,107.0,513
1761498772713378382,[253 111   2   1   3 118   2 108],8,265,886.0,NgReg,713138925,1761498772,64879.0,110.0,513
1761498772805813910,[253 114   2   1   3 117   2 108],8,265,885.0,NgReg,805443733,1761498772,64882.0,110.0,513
1761498772908880725,[253 117   2   1   3 116   2 109],8,265,884.0,NgReg,907715571,1761498772,64885.0,111.0,513
1761498772999998715,[253 120   2   1   3 115   2 109],8,265,883.0,NgReg,999641786,1761498772,64888.0,111.0,513
1761498773153475489,[253 123   2   1   3 114   2 110],8,265,882.0,NgReg,153246080,1761498773,64891.0,110.0,513
1761498773225162969,[253 127   2   1   3 112   2 110],8,265,880.0,NgReg,224977976,1761498773,64895.0,110.0,513
1761498773318790272,[253 132   2   1   3 110   2 111],8,265,878.0,NgReg,318367039,1761498773,64900.0,111.0,513
1761498773400929838,[253 136   2   1   3 108   2 112],8,265,876.0,NgReg,400592557,1761498773,64904.0,114.0,513
1761498773512951548,[253 141   2   1   3 106   2 112],8,265,874.0,NgReg,512666843,1761498773,64909.0,114.0,513
1761498773605312320,[253 146   2   1   3 104   2 113],8,265,872.0,NgReg,605119679,1761498773,64914.0,115.0,513
1761498773718237935,[253 151   2   1   3 102   2 114],8,265,870.0,NgReg,717776718,1761498773,64919.0,114.0,513
1761498773801332160,[253 156   2   1   3  99   2 115],8,265,867.0,NgReg,801077727,1761498773,64924.0,115.0,513
1761498773913736302,[253 162   2   1   3  96   2 115],8,265,864.0,NgReg,913450862,1761498773,64930.0,115.0,513
1761498774005599889,[253 167   2   1   3  94   2 116],8,265,862.0,NgReg,5377905,1761498774,64935.0,118.0,513
1761498774159859602,[253 172   2   1   3  92   2 117],8,265,860.0,NgReg,159343633,1761498774,64940.0,119.0,513
1761498774231902151,[253 178   2   1   3  89   2 117],8,265,857.0,NgReg,231551239,1761498774,64946.0,119.0,513
1761498774313778354,[253 185   2   1   3  86   2 118],8,265,854.0,NgReg,313488785,1761498774,64953.0,118.0,513
1761498774406179442,[253 192   2   1   3  82   2 119],8,265,850.0,NgReg,405903953,1761498774,64960.0,119.0,513
1761498774518627643,[253 200   2   1   3  78   2 120],8,265,846.0,NgReg,518330011,1761498774,64968.0,122.0,513
1761498774611029083,[253 207   2   1   3  74   2 120],8,265,842.0,NgReg,610371706,1761498774,64975.0,122.0,513
1761498774723224868,[253 215   2   1   3  70   2 121],8,265,838.0,NgReg,722896996,1761498774,64983.0,123.0,513
1761498774805301391,[253 222   2   1   3  67   2 122],8,265,835.0,NgReg,805065263,1761498774,64990.0,122.0,513
1761498774917859769,[253 229   2   1   3  63   2 124],8,265,831.0,NgReg,917559864,1761498774,64997.0,126.0,513
1761498775010197113,[253 237   2   1   3  59   2 124],8,265,827.0,NgReg,9931416,1761498775,65005.0,126.0,513
1761498775163870993,[253 247   2   1   3  53   2 125],8,265,821.0,NgReg,163666833,1761498775,65015.0,127.0,513
1761498775236434181,[254   1   2   1   3  48   2 126],8,265,816.0,NgReg,236106212,1761498775,65025.0,126.0,513
1761498775318754636,[254  12   2   1   3  43   2 128],8,265,811.0,NgReg,318488012,1761498775,65036.0,130.0,513
1761498775410795080,[254  23   2   1   3  38   2 129],8,265,806.0,NgReg,410565895,1761498775,65047.0,131.0,513
1761498775523069804,[254  33   2   1   3  32   2 130],8,265,800.0,NgReg,522768523,1761498775,65057.0,130.0,513
1761498775615127271,[254  44   2   1   3  27   2 131],8,265,795.0,NgReg,614860519,1761498775,65068.0,131.0,513
1761498775717559160,[254  55   2   1   3  20   2 133],8,265,788.0,NgReg,717224247,1761498775,65079.0,135.0,513
1761498775809496819,[254  65   2   1   3  15   2 134],8,265,783.0,NgReg,809331858,1761498775,65089.0,134.0,513
1761498775922301688,[254  76   2   1   3  10   2 135],8,265,778.0,NgReg,921894551,1761498775,65100.0,135.0,513
1761498776014192211,[254  88   2   1   3   3   2 136],8,265,771.0,NgReg,13884946,1761498776,65112.0,138.0,513
1761498776167657860,[254 102   2   1   2 252   2 137],8,265,764.0,NgReg,167375780,1761498776,65126.0,139.0,513
1761498776239882996,[254 113   2   1   2 247   2 139],8,265,759.0,NgReg,239534771,1761498776,65137.0,139.0,513
1761498776321688919,[254 124   2   1   2 241   2 140],8,265,753.0,NgReg,321288662,1761498776,65148.0,142.0,513
1761498776413461518,[254 135   2   1   2 235   2 141],8,265,747.0,NgReg,413233165,1761498776,65159.0,143.0,513
1761498776526058638,[254 147   2   1   2 229   2 143],8,265,741.0,NgReg,525750061,1761498776,65171.0,143.0,513
1761498776617734180,[254 159   2   1   2 223   2 144],8,265,735.0,NgReg,617552580,1761498776,65183.0,146.0,513
1761498776719933808,[254 169   2   1   2 218   2 145],8,265,730.0,NgReg,719774288,1761498776,65193.0,147.0,513
1761498776812454824,[254 180   2   1   2 213   2 147],8,265,725.0,NgReg,811975015,1761498776,65204.0,147.0,513
1761498776925141321,[254 192   2   1   2 206   2 148],8,265,718.0,NgReg,924266023,1761498776,65216.0,150.0,513
1761498777016441086,[254 206   2   1   2 199   2 149],8,265,711.0,NgReg,16181629,1761498777,65230.0,151.0,513
1761498777171200491,[254 219   2   1   2 192   2 151],8,265,704.0,NgReg,170898315,1761498777,65243.0,151.0,513
1761498777243396920,[254 230   2   1   2 187   2 152],8,265,699.0,NgReg,242943255,1761498777,65254.0,154.0,513
1761498777325654552,[254 241   2   1   2 181   2 154],8,265,693.0,NgReg,325338263,1761498777,65265.0,154.0,513
1761498777417627915,[254 255   2   1   2 174   2 155],8,265,686.0,NgReg,417326539,1761498777,65279.0,155.0,513
1761498777530223751,[255  11   2   1   2 168   2 157],8,265,680.0,NgReg,529898150,1761498777,65291.0,159.0,513
1761498777630031401,[255  24   2   1   2 162   2 158],8,265,674.0,NgReg,629794761,1761498777,65304.0,158.0,513
1761498777732750161,[255  37   2   1   2 155   2 160],8,265,667.0,NgReg,732376016,1761498777,65317.0,162.0,513
1761498777814759217,[255  51   2   1   2 147   2 161],8,265,659.0,NgReg,814342224,1761498777,65331.0,163.0,513
1761498777926984396,[255  66   2   1   2 139   2 163],8,265,651.0,NgReg,926593995,1761498777,65346.0,163.0,513
1761498778018798878,[255  78   2   1   2 134   2 164],8,265,646.0,NgReg,18457437,1761498778,65358.0,166.0,513
1761498778172109922,[255  90   2   1   2 128   2 166],8,265,640.0,NgReg,171810241,1761498778,65370.0,166.0,513
1761498778244060523,[255 103   2   1   2 121   2 167],8,265,633.0,NgReg,243841515,1761498778,65383.0,167.0,513
1761498778326179591,[255 119   2   1   2 112   2 169],8,265,624.0,NgReg,325604966,1761498778,65399.0,171.0,513
1761498778417894870,[255 135   2   1   2 106   2 171],8,265,618.0,NgReg,417532469,1761498778,65415.0,171.0,513
1761498778529967276,[255 146   2   1   2 102   2 173],8,265,614.0,NgReg,529745323,1761498778,65426.0,175.0,513
1761498778622842941,[255 156   2   1   2  98   2 174],8,265,610.0,NgReg,622288636,1761498778,65436.0,174.0,513
1761498778735190899,[255 168   2   1   2  92   2 176],8,265,604.0,NgReg,734961170,1761498778,65448.0,178.0,513
1761498778816753102,[255 178   2   0   2  89   2 178],8,265,601.0,NgReg,816531502,1761498778,65458.0,178.0,512
1761498778928884068,[255 187   2   0   2  88   2 180],8,265,600.0,NgReg,928600515,1761498778,65467.0,182.0,512
1761498779020785266,[255 195   2   0   2  86   2 181],8,265,598.0,NgReg,20467762,1761498779,65475.0,183.0,512
1761498779174475088,[255 205   2   0   2  81   2 183],8,265,593.0,NgReg,174045136,1761498779,65485.0,183.0,512
1761498779246345270,[255 216   0   0   2  77   2 184],8,265,589.0,NgReg,246114454,1761498779,65496.0,186.0,0
1761498779338578114,[255 225   0   0   2  75   2 186],8,265,587.0,NgReg,338261186,1761498779,65505.0,186.0,0
1761498779420099066,[255 234   0   0   2  72   2 188],8,265,584.0,NgReg,419803386,1761498779,65514.0,190.0,0
1761498779532459851,[255 244   0   0   2  69   2 190],8,265,581.0,NgReg,532278347,1761498779,65524.0,190.0,0
1761498779624459639,[255 254   0   0   2  65   2 191],8,265,577.0,NgReg,624173014,1761498779,65534.0,191.0,0
1761498779736336263,[  0   6   0   0   2  63   2 193],8,265,575.0,NgReg,736201863,1761498779,6.0,195.0,0
1761498779828415795,[  0  16   0   0   2  61   2 195],8,265,573.0,NgReg,828166834,1761498779,16.0,195.0,0
1761498779930878930,[  0  25   0   0   2  58   2 197],8,265,570.0,NgReg,930396113,1761498779,25.0,199.0,0
1761498780022705852,[  0  36   0   0   2  54   2 199],8,265,566.0,NgReg,22419899,1761498780,36.0,199.0,0
1761498780176625012,[  0  45   0   0   2  51   2 200],8,265,563.0,NgReg,175927347,1761498780,45.0,202.0,0
1761498780248279351,[  0  54   0   0   2  49   2 202],8,265,561.0,NgReg,247981590,1761498780,54.0,202.0,0
1761498780340116926,[  0  63   0   0   2  47   2 204],8,265,559.0,NgReg,339968926,1761498780,63.0,206.0,0
1761498780421830003,[  0  72   0   0   2  44   2 206],8,265,556.0,NgReg,421536914,1761498780,72.0,206.0,0
1761498780534102751,[  0  81   0   0   2  41   2 208],8,265,553.0,NgReg,533824351,1761498780,81.0,210.0,0
1761498780625968518,[  0  91   0   0   2  38   2 210],8,265,550.0,NgReg,625724550,1761498780,91.0,210.0,0
1761498780738324755,[  0 102   0   0   2  35   2 212],8,265,547.0,NgReg,738076339,1761498780,102.0,214.0,0
1761498780830109690,[  0 112   0   0   2  32   2 213],8,265,544.0,NgReg,829803066,1761498780,112.0,215.0,0
1761498780942378663,[  0 122   0   0   2  29   2 215],8,265,541.0,NgReg,941916838,1761498780,122.0,215.0,0
1761498781023929626,[  0 133   0   0   2  26   2 218],8,265,538.0,NgReg,23632794,1761498781,133.0,218.0,0
1761498781177165739,[  0 143   0   0   2  23   2 219],8,265,535.0,NgReg,176906762,1761498781,143.0,219.0,0
1761498781249310347,[  0 154   0   0   2  20   2 222],8,265,532.0,NgReg,249022283,1761498781,154.0,222.0,0
1761498781341889456,[  0 164   0   0   2  17   2 223],8,265,529.0,NgReg,341570831,1761498781,164.0,223.0,0
1761498781433425395,[  0 175   0   0   2  14   2 226],8,265,526.0,NgReg,433261011,1761498781,175.0,226.0,0
1761498781545894779,[  0 185   0   0   2  12   2 228],8,265,524.0,NgReg,545457562,1761498781,185.0,230.0,0
1761498781627693484,[  0 196   0   0   2   9   2 230],8,265,521.0,NgReg,627161068,1761498781,196.0,230.0,0
1761498781739986164,[  0 213   0   0   2   3   2 233],8,265,515.0,NgReg,739756820,1761498781,213.0,235.0,0
1761498781831979352,[  0 227   0   0   1 254   2 235],8,265,510.0,NgReg,831747000,1761498781,227.0,235.0,0
1761498781943989023,[  0 241   0   0   1 249   2 238],8,265,505.0,NgReg,943841183,1761498781,241.0,238.0,0
1761498782036499842,[  0 255   0   0   1 245   2 240],8,265,501.0,NgReg,36142402,1761498782,255.0,242.0,0
1761498782181997535,[  1  12   0   0   1 240   2 243],8,265,496.0,NgReg,181491614,1761498782,268.0,243.0,0
1761498782253515036,[  1  26   0   0   1 236   2 245],8,265,492.0,NgReg,253330555,1761498782,282.0,247.0,0
1761498782346477501,[  1  40   0   0   1 231   2 248],8,265,487.0,NgReg,346027516,1761498782,296.0,250.0,0
1761498782438213277,[  1  55   0   0   1 227   2 250],8,265,483.0,NgReg,437910812,1761498782,311.0,250.0,0
1761498782540708815,[  1  70   0   0   1 222   2 252],8,265,478.0,NgReg,540485710,1761498782,326.0,254.0,0
1761498782633247120,[  1  84   0   0   1 218   2 255],8,265,474.0,NgReg,632695663,1761498782,340.0,255.0,0
1761498782745387026,[  1 102   0   0   1 212   3   2],8,265,468.0,NgReg,745230514,1761498782,358.0,3.0,0
1761498782837775187,[  1 116   0   0   1 208   3   5],8,265,464.0,NgReg,837453554,1761498782,372.0,7.0,0
1761498782950558455,[  1 130   0   0   1 205   3   8],8,265,461.0,NgReg,950243734,1761498782,386.0,11.0,0
1761498783032543812,[  1 145   0   0   1 200   3  11],8,265,456.0,NgReg,32264708,1761498783,401.0,11.0,0
1761498783186744714,[  1 161   0   0   1 196   3  14],8,265,452.0,NgReg,186432073,1761498783,417.0,15.0,0
1761498783264365518,[  1 176   0   0   1 192   3  17],8,265,448.0,NgReg,264070605,1761498783,432.0,19.0,0
1761498783346394297,[  1 191   0   0   1 188   3  20],8,265,444.0,NgReg,346118552,1761498783,447.0,23.0,0
1761498783438427445,[  1 206   0   0   1 184   3  23],8,265,440.0,NgReg,438085428,1761498783,462.0,23.0,0
1761498783550788628,[  1 221   0   0   1 181   3  26],8,265,437.0,NgReg,550489779,1761498783,477.0,27.0,0
1761498783633789184,[  1 236   0   0   1 176   3  29],8,265,432.0,NgReg,633231039,1761498783,492.0,31.0,0
1761498783745977023,[  1 252   0   0   1 172   3  33],8,265,428.0,NgReg,745656446,1761498783,508.0,35.0,0
1761498783838200955,[  2  12   0   0   1 169   3  36],8,265,425.0,NgReg,837867675,1761498783,524.0,39.0,0
1761498783950438746,[  2  28   0   0   1 164   3  39],8,265,420.0,NgReg,950121529,1761498783,540.0,39.0,0
1761498784042534068,[  2  45   0   0   1 160   3  43],8,265,416.0,NgReg,42269652,1761498784,557.0,43.0,0
1761498784186708067,[  2  62   0   0   1 155   3  46],8,265,411.0,NgReg,186356707,1761498784,574.0,47.0,0
1761498784259012699,[  2  79   0   0   1 151   3  50],8,265,407.0,NgReg,258718138,1761498784,591.0,51.0,0
1761498784351108947,[  2  98   0   0   1 145   3  53],8,265,401.0,NgReg,350841011,1761498784,610.0,55.0,0
1761498784443042540,[  2 117   0   0   1 139   3  56],8,265,395.0,NgReg,442736683,1761498784,629.0,59.0,0
1761498784555339910,[  2 139   0   0   1 130   3  60],8,265,386.0,NgReg,555080293,1761498784,651.0,63.0,0
1761498784637282253,[  2 161   0   0   1 123   3  64],8,265,379.0,NgReg,637088077,1761498784,673.0,67.0,0
1761498784749862152,[  2 184   0   0   1 114   3  68],8,265,370.0,NgReg,749513031,1761498784,696.0,71.0,0
1761498784841860384,[  2 208   0   0   1 105   3  72],8,265,361.0,NgReg,841398687,1761498784,720.0,75.0,0
1761498784954276346,[  2 234   0   0   1  95   3  76],8,265,351.0,NgReg,953940602,1761498784,746.0,79.0,0
1761498785046612593,[ 3  4  0  0  1 84  3 80],8,265,340.0,NgReg,45989040,1761498785,772.0,83.0,0
1761498785189845561,[ 3 32  0  0  1 73  3 84],8,265,329.0,NgReg,189470008,1761498785,800.0,87.0,0
1761498785262256238,[ 3 60  0  0  1 62  3 89],8,265,318.0,NgReg,261902765,1761498785,828.0,91.0,0
1761498785354628515,[ 3 90  0  0  1 51  3 93],8,265,307.0,NgReg,354308355,1761498785,858.0,95.0,0
1761498785446315735,[  3 120   0   0   1  37   3  98],8,265,293.0,NgReg,446086103,1761498785,888.0,99.0,0
1761498785558458668,[  3 152   0   0   1  25   3 103],8,265,281.0,NgReg,558216140,1761498785,920.0,103.0,0
1761498785640605041,[  3 183   0   0   1  13   3 108],8,265,269.0,NgReg,640401681,1761498785,951.0,111.0,0
1761498785753311431,[  3 216   0   0   1   0   3 114],8,265,256.0,NgReg,753009607,1761498785,984.0,115.0,0
1761498785845740540,[  3 249   0   0   0 243   3 119],8,265,243.0,NgReg,845067547,1761498785,1017.0,119.0,0
1761498785958326162,[  4  27   0   0   0 229   3 123],8,265,229.0,NgReg,957774065,1761498785,1051.0,123.0,0
1761498786049832836,[  4  69   0   0   0 213   3 131],8,265,213.0,NgReg,49427204,1761498786,1093.0,131.0,0
1761498786193247110,[  4 107   0   0   0 198   3 135],8,265,198.0,NgReg,193033446,1761498786,1131.0,135.0,0
1761498786265618648,[  4 137   0   0   0 186   3 141],8,265,186.0,NgReg,265370456,1761498786,1161.0,143.0,0
1761498786357339337,[  4 176   0   0   0 171   3 147],8,265,171.0,NgReg,357149257,1761498786,1200.0,147.0,0
1761498786449356154,[  4 215   0   0   0 155   3 152],8,265,155.0,NgReg,449189690,1761498786,1239.0,155.0,0
1761498786561872619,[  4 252   0   0   0 139   3 157],8,265,139.0,NgReg,561596203,1761498786,1276.0,159.0,0
1761498786643944364,[  5  32   0   0   0 122   3 162],8,265,122.0,NgReg,643727756,1761498786,1312.0,163.0,0
1761498786757056287,[  5  67   0   0   0 106   3 166],8,265,106.0,NgReg,756467134,1761498786,1347.0,167.0,0
1761498786848962415,[  5 100   0   0   0  89   3 170],8,265,89.0,NgReg,848739375,1761498786,1380.0,171.0,0
1761498786961775329,[  5 132   0   0   0  72   3 173],8,265,72.0,NgReg,961441537,1761498786,1412.0,175.0,0
1761498787053805456,[  5 163   0   0   0  55   3 176],8,265,55.0,NgReg,53524752,1761498787,1443.0,179.0,0
1761498787197839341,[  5 190   0   0   0  40   3 178],8,265,40.0,NgReg,197288268,1761498787,1470.0,179.0,0
1761498787270421693,[  5 220   0   0   0  20   3 180],8,265,20.0,NgReg,269351227,1761498787,1500.0,183.0,0
1761498787362275690,[  5 250   0   0   0   0   3 179],8,265,0.0,NgReg,361999849,1761498787,1530.0,179.0,0
1761498787454682136,[  5 253   0   0 255 240   3 172],8,265,-16.0,NgReg,454240055,1761498787,1533.0,175.0,0
1761498787557337685,[  5 249   0   0 255 223   3 165],8,265,-33.0,NgReg,557080405,1761498787,1529.0,167.0,0
1761498787649477187,[  5 243   0   0 255 209   3 159],8,265,-47.0,NgReg,649273923,1761498787,1523.0,159.0,0
1761498787765918646,[  5 236   0   0 255 196   3 152],8,265,-60.0,NgReg,765393941,1761498787,1516.0,155.0,0
1761498787847850643,[  5 226   0   0 255 185   3 146],8,265,-71.0,NgReg,847527507,1761498787,1506.0,147.0,0
1761498787960178560,[  5 216   0   0 255 178   3 141],8,265,-78.0,NgReg,959911616,1761498787,1496.0,143.0,0
1761498788052219243,[  5 204   0   0 255 173   3 136],8,265,-83.0,NgReg,51932299,1761498788,1484.0,139.0,0
1761498788206564562,[  5 192   0   0 255 171   3 132],8,265,-85.0,NgReg,206333362,1761498788,1472.0,135.0,0
1761498788281020610,[  5 180   0   0 255 172   3 128],8,265,-84.0,NgReg,280764641,1761498788,1460.0,131.0,0
1761498788362791996,[  5 169   0   0 255 175   3 126],8,265,-81.0,NgReg,362517436,1761498788,1449.0,127.0,0
1761498788454571205,[  5 157   0   0 255 178   3 123],8,265,-78.0,NgReg,454253189,1761498788,1437.0,123.0,0
1761498788566790253,[  5 147   0   0 255 182   3 122],8,265,-74.0,NgReg,566467725,1761498788,1427.0,123.0,0
1761498788658701815,[  5 136   0   0 255 186   3 121],8,265,-70.0,NgReg,658445654,1761498788,1416.0,123.0,0
1761498788761067152,[  5 127   0   0 255 192   3 120],8,265,-64.0,NgReg,760796752,1761498788,1407.0,123.0,0
1761498788853520506,[  5 119   0   0 255 197   3 119],8,265,-59.0,NgReg,853177210,1761498788,1399.0,119.0,0
1761498788965942531,[  5 111   0   0 255 203   3 119],8,265,-53.0,NgReg,965575746,1761498788,1391.0,119.0,0
1761498789058173194,[  5 104   0   0 255 208   3 119],8,265,-48.0,NgReg,57804746,1761498789,1384.0,119.0,0
1761498789212352363,[  5  98   0   0 255 214   3 119],8,265,-42.0,NgReg,211592074,1761498789,1378.0,119.0,0
1761498789283968243,[  5  92   0   0 255 218   3 119],8,265,-38.0,NgReg,283756179,1761498789,1372.0,119.0,0
1761498789366116715,[  5  87   0   0 255 222   3 119],8,265,-34.0,NgReg,365810827,1761498789,1367.0,119.0,0
1761498789457744273,[  5  83   0   0 255 226   3 119],8,265,-30.0,NgReg,457579664,1761498789,1363.0,119.0,0
1761498789570394613,[  5  79   0   0 255 229   3 118],8,265,-27.0,NgReg,569991508,1761498789,1359.0,119.0,0
1761498789662259355,[  5  75   0   0 255 229   3 117],8,265,-27.0,NgReg,661997562,1761498789,1355.0,119.0,0
1761498789764908656,[  5  72   0   0 255 231   3 117],8,265,-25.0,NgReg,764234127,1761498789,1352.0,119.0,0
1761498789856530550,[  5  69   0   0 255 234   3 117],8,265,-22.0,NgReg,856216629,1761498789,1349.0,119.0,0
1761498789968744505,[  5  66   0   0 255 236   3 117],8,265,-20.0,NgReg,968508505,1761498789,1346.0,119.0,0
1761498790061020861,[  5  63   0   0 255 238   3 117],8,265,-18.0,NgReg,60781021,1761498790,1343.0,119.0,0
1761498790214909080,[  5  60   0   0 255 240   3 117],8,265,-16.0,NgReg,214703991,1761498790,1340.0,119.0,0
1761498790287411102,[  5  58   0   0 255 244   3 117],8,265,-12.0,NgReg,287141406,1761498790,1338.0,119.0,0
1761498790369749395,[  5  57   0   0 255 247   3 118],8,265,-9.0,NgReg,369546835,1761498790,1337.0,119.0,0
1761498790462203958,[  5  56   0   0 255 250   3 119],8,265,-6.0,NgReg,461702390,1761498790,1336.0,119.0,0
1761498790574803126,[  5  55   0   0 255 253   3 120],8,265,-3.0,NgReg,574569110,1761498790,1335.0,123.0,0
1761498790656855018,[  5  55   0   0   0   0   3 121],8,265,0.0,NgReg,656606826,1761498790,1335.0,123.0,0
1761498790770358283,[  5  55   0   0   0   0   3 121],8,265,0.0,NgReg,769988843,1761498790,1335.0,123.0,0
1761498790862527438,[  5  55   0   0   0   0   3 121],8,265,0.0,NgReg,862229966,1761498790,1335.0,123.0,0
1761498790975365550,[  5  55   0   0   0   0   3 121],8,265,0.0,NgReg,975051022,1761498790,1335.0,123.0,0
1761498791067546478,[  5  55   0   0   0   1   3 122],8,265,1.0,NgReg,67136398,1761498791,1335.0,123.0,0
1761498791211639029,[  5  55   0   0   0   3   3 122],8,265,3.0,NgReg,211284437,1761498791,1335.0,123.0,0
1761498791289143680,[  5  56   0   0   0   4   3 123],8,265,4.0,NgReg,288879744,1761498791,1336.0,123.0,0
1761498791371090769,[  5  57   0   0   0   6   3 124],8,265,6.0,NgReg,370772017,1761498791,1337.0,127.0,0
1761498791462878192,[  5  58   0   0   0   7   3 124],8,265,7.0,NgReg,462651983,1761498791,1338.0,127.0,0
1761498791575257387,[  5  59   0   0   0   8   3 125],8,265,8.0,NgReg,574824074,1761498791,1339.0,127.0,0
1761498791667601258,[  5  60   0   0   0  10   3 126],8,265,10.0,NgReg,667180906,1761498791,1340.0,127.0,0
1761498791780058757,[  5  61   0   0   0  10   3 127],8,265,10.0,NgReg,779795717,1761498791,1341.0,127.0,0
1761498791862180407,[  5  63   0   0   0  11   3 127],8,265,11.0,NgReg,861904630,1761498791,1343.0,127.0,0
1761498791974306865,[  5  64   0   0   0  11   3 128],8,265,11.0,NgReg,973996753,1761498791,1344.0,131.0,0
1761498792066086733,[  5  66   0   0   0  12   3 128],8,265,12.0,NgReg,65731885,1761498792,1346.0,131.0,0
1761498792219418267,[  5  67   0   0   0  12   3 129],8,265,12.0,NgReg,219079163,1761498792,1347.0,131.0,0
1761498792291668828,[  5  69   0   0   0  10   3 129],8,265,10.0,NgReg,291447580,1761498792,1349.0,131.0,0
1761498792373870346,[  5  70   0   0   0   9   3 129],8,265,9.0,NgReg,373508042,1761498792,1350.0,131.0,0
1761498792465594437,[  5  71   0   0   0   8   3 129],8,265,8.0,NgReg,465375205,1761498792,1351.0,131.0,0
1761498792578037052,[  5  72   0   0   0   7   3 129],8,265,7.0,NgReg,577774044,1761498792,1352.0,131.0,0
1761498792669971895,[  5  73   0   0   0   5   3 128],8,265,5.0,NgReg,669607831,1761498792,1353.0,131.0,0
1761498792782680783,[  5  74   0   0   0   4   3 128],8,265,4.0,NgReg,782287406,1761498792,1354.0,131.0,0
1761498792864082172,[  5  74   0   0   0   3   3 128],8,265,3.0,NgReg,863776891,1761498792,1354.0,131.0,0
1761498792976088306,[  5  75   0   0   0   2   3 127],8,265,2.0,NgReg,975882866,1761498792,1355.0,127.0,0
1761498793067928779,[  5  75   0   0   0   1   3 127],8,265,1.0,NgReg,67760491,1761498793,1355.0,127.0,0
1761498793221071794,[  5  75   0   0   0   0   3 127],8,265,0.0,NgReg,220887410,1761498793,1355.0,127.0,0
1761498793293513105,[  5  75   0   0   0   1   3 127],8,265,1.0,NgReg,293213072,1761498793,1355.0,127.0,0
1761498793375209435,[  5  75   0   0   0   0   3 127],8,265,0.0,NgReg,374942043,1761498793,1355.0,127.0,0
1761498793467102707,[  5  76   0   0   0   0   3 127],8,265,0.0,NgReg,466811283,1761498793,1356.0,127.0,0
1761498793579148485,[  5  76   0   0   0   0   3 127],8,265,0.0,NgReg,578829829,1761498793,1356.0,127.0,0
1761498793671436605,[  5  76   0   0   0   0   3 127],8,265,0.0,NgReg,671128989,1761498793,1356.0,127.0,0
1761498793784351601,[  5  76   0   0   0   0   3 127],8,265,0.0,NgReg,784063952,1761498793,1356.0,127.0,0
1761498793876918217,[  5  76   0   0   0   0   3 127],8,265,0.0,NgReg,876637257,1761498793,1356.0,127.0,0
1761498793979555375,[  5  76   0   0   0   0   3 127],8,265,0.0,NgReg,979195758,1761498793,1356.0,127.0,0
1761498794071393508,[  5  76   0   0   0   0   3 127],8,265,0.0,NgReg,71173124,1761498794,1356.0,127.0,0
1761498794225462311,[  5  76   0   0   0   0   3 127],8,265,0.0,NgReg,225304263,1761498794,1356.0,127.0,0
1761498794298554084,[  5  76   0   0   0   0   3 127],8,265,0.0,NgReg,298058179,1761498794,1356.0,127.0,0
1761498794380845708,[  5  76   0   0   0   0   3 127],8,265,0.0,NgReg,380611723,1761498794,1356.0,127.0,0
1761498794472938112,[  5  75   0   0 255 255   3 127],8,265,-1.0,NgReg,472695648,1761498794,1355.0,127.0,0
1761498794585250862,[  5  75   0   0   0   0   3 127],8,265,0.0,NgReg,585010798,1761498794,1355.0,127.0,0
1761498794677718948,[  5  75   0   0 255 255   3 126],8,265,-1.0,NgReg,677141187,1761498794,1355.0,127.0,0
1761498794780015941,[  5  75   0   0 255 255   3 126],8,265,-1.0,NgReg,779685989,1761498794,1355.0,127.0,0
1761498794872026841,[  5  75   0   0 255 254   3 126],8,265,-2.0,NgReg,871785977,1761498794,1355.0,127.0,0
1761498794984779112,[  5  74   0   0 255 253   3 124],8,265,-3.0,NgReg,984516200,1761498794,1354.0,127.0,0
1761498795077132378,[  5  73   0   0 255 248   3 123],8,265,-8.0,NgReg,76820506,1761498795,1353.0,123.0,0
1761498795231028087,[  5  72   0   0 255 249   3 122],8,265,-7.0,NgReg,230787351,1761498795,1352.0,123.0,0
1761498795304455890,[  5  71   0   0 255 248   3 122],8,265,-8.0,NgReg,304077361,1761498795,1351.0,123.0,0
1761498795387303063,[  5  70   0   0 255 248   3 122],8,265,-8.0,NgReg,386981495,1761498795,1350.0,123.0,0
1761498795479910025,[  5  69   0   0 255 248   3 121],8,265,-8.0,NgReg,479663753,1761498795,1349.0,123.0,0
1761498795583027688,[  5  68   0   0 255 247   3 121],8,265,-9.0,NgReg,582739015,1761498795,1348.0,123.0,0
1761498795675535929,[  5  67   0   0 255 247   3 121],8,265,-9.0,NgReg,675291289,1761498795,1347.0,123.0,0
1761498795788816708,[  5  66   0   0 255 247   3 120],8,265,-9.0,NgReg,788564740,1761498795,1346.0,123.0,0
1761498795882515672,[  5  64   0   0 255 248   3 120],8,265,-8.0,NgReg,882199191,1761498795,1344.0,123.0,0
1761498795985804566,[  5  63   0   0 255 248   3 119],8,265,-8.0,NgReg,985208598,1761498795,1343.0,119.0,0
1761498796078363141,[  5  62   0   0 255 247   3 119],8,265,-9.0,NgReg,77463044,1761498796,1342.0,119.0,0
1761498796232120573,[  5  61   0   0 255 247   3 119],8,265,-9.0,NgReg,231849020,1761498796,1341.0,119.0,0
1761498796304534035,[  5  60   0   0 255 247   3 118],8,265,-9.0,NgReg,304334003,1761498796,1340.0,119.0,0
1761498796386622421,[  5  58   0   0 255 247   3 118],8,265,-9.0,NgReg,386420340,1761498796,1338.0,119.0,0
1761498796478632098,[  5  56   0   0 255 250   3 118],8,265,-6.0,NgReg,478381090,1761498796,1336.0,119.0,0
1761498796591712073,[  5  56   0   0 255 252   3 118],8,265,-4.0,NgReg,591415017,1761498796,1336.0,119.0,0
1761498796683874743,[  5  55   0   0 255 254   3 119],8,265,-2.0,NgReg,683539222,1761498796,1335.0,119.0,0
1761498796786919025,[  5  55   0   0 255 255   3 120],8,265,-1.0,NgReg,786747697,1761498796,1335.0,123.0,0
1761498796879041919,[  5  55   0   0   0   0   3 120],8,265,0.0,NgReg,878754879,1761498796,1335.0,123.0,0
1761498796991294789,[  5  55   0   0   0   0   3 120],8,265,0.0,NgReg,990964356,1761498796,1335.0,123.0,0
1761498797083412080,[  5  55   0   0   0   0   3 120],8,265,0.0,NgReg,83224495,1761498797,1335.0,123.0,0
1761498797237304097,[  5  55   0   0   0   0   3 120],8,265,0.0,NgReg,237123457,1761498797,1335.0,123.0,0
1761498797310467190,[  5  55   0   0   0   0   3 120],8,265,0.0,NgReg,309984693,1761498797,1335.0,123.0,0
1761498797393011605,[  5  55   0   0   0   0   3 121],8,265,0.0,NgReg,392713557,1761498797,1335.0,123.0,0
1761498797484502271,[  5  55   0   0   0   1   3 121],8,265,1.0,NgReg,484313374,1761498797,1335.0,123.0,0
1761498797596740800,[  5  55   0   0   0   2   3 121],8,265,2.0,NgReg,596554240,1761498797,1335.0,123.0,0
1761498797678815263,[  5  55   0   0   0   2   3 121],8,265,2.0,NgReg,678541375,1761498797,1335.0,123.0,0
1761498797791753889,[  5  56   0   0   0   2   3 122],8,265,2.0,NgReg,791284001,1761498797,1336.0,123.0,0
1761498797883444107,[  5  56   0   0   0   3   3 122],8,265,3.0,NgReg,883174699,1761498797,1336.0,123.0,0
1761498797995924653,[  5  57   0   0   0   4   3 122],8,265,4.0,NgReg,995729197,1761498797,1337.0,123.0,0
1761498798088036084,[  5  58   0   0   0   5   3 123],8,265,5.0,NgReg,87760852,1761498798,1338.0,123.0,0
1761498798241686464,[  5  58   0   0   0   5   3 123],8,265,5.0,NgReg,241398272,1761498798,1338.0,123.0,0
1761498798313960817,[  5  59   0   0   0   6   3 124],8,265,6.0,NgReg,313678353,1761498798,1339.0,127.0,0
1761498798396156909,[  5  60   0   0   0   4   3 124],8,265,4.0,NgReg,395909261,1761498798,1340.0,127.0,0
1761498798488259860,[  5  61   0   0   0   5   3 124],8,265,5.0,NgReg,487957043,1761498798,1341.0,127.0,0
1761498798601249810,[  5  61   0   0   0   5   3 124],8,265,5.0,NgReg,600982290,1761498798,1341.0,127.0,0
1761498798683281326,[  5  62   0   0   0   5   3 124],8,265,5.0,NgReg,682702989,1761498798,1342.0,127.0,0
1761498798795546763,[  5  63   0   0   0   6   3 125],8,265,6.0,NgReg,795229291,1761498798,1343.0,127.0,0
1761498798887260562,[  5  64   0   0   0   6   3 125],8,265,6.0,NgReg,887041682,1761498798,1344.0,127.0,0
1761498799000356080,[  5  65   0   0   0   5   3 125],8,265,5.0,NgReg,999998224,1761498798,1345.0,127.0,0
1761498799092705396,[  5  65   0   0   0   6   3 125],8,265,6.0,NgReg,92491220,1761498799,1345.0,127.0,0
1761498799235938287,[  5  66   0   0   0   5   3 126],8,265,5.0,NgReg,235753551,1761498799,1346.0,127.0,0
1761498799310226880,[  5  67   0   0   0   5   3 126],8,265,5.0,NgReg,309828447,1761498799,1347.0,127.0,0
1761498799401594786,[  5  68   0   0   0   6   3 126],8,265,6.0,NgReg,401195682,1761498799,1348.0,127.0,0
1761498799493380838,[  5  68   0   0   0   5   3 126],8,265,5.0,NgReg,493206117,1761498799,1348.0,127.0,0
1761498799595661492,[  5  69   0   0   0   6   3 127],8,265,6.0,NgReg,595337108,1761498799,1349.0,127.0,0
1761498799688114712,[  5  70   0   0   0   6   3 127],8,265,6.0,NgReg,687887672,1761498799,1350.0,127.0,0
1761498799800815442,[  5  71   0   0   0   4   3 127],8,265,4.0,NgReg,800574802,1761498799,1351.0,127.0,0
1761498799892679990,[  5  71   0   0   0   4   3 127],8,265,4.0,NgReg,892448885,1761498799,1351.0,127.0,0
1761498800004809103,[  5  72   0   0   0   3   3 127],8,265,3.0,NgReg,4576335,1761498800,1352.0,127.0,0
1761498800096602287,[  5  72   0   0   0   4   3 127],8,265,4.0,NgReg,96369711,1761498800,1352.0,127.0,0
1761498800240433989,[  5  73   0   0   0   4   3 127],8,265,4.0,NgReg,239883205,1761498800,1353.0,127.0,0
1761498800313200305,[  5  74   0   0   0   4   3 127],8,265,4.0,NgReg,312938705,1761498800,1354.0,127.0,0
1761498800405511154,[  5  74   0   0   0   4   3 127],8,265,4.0,NgReg,405231890,1761498800,1354.0,127.0,0
1761498800497515090,[  5  75   0   0   0   4   3 127],8,265,4.0,NgReg,497269362,1761498800,1355.0,127.0,0
1761498800600065053,[  5  75   0   0   0   4   3 128],8,265,4.0,NgReg,599824765,1761498800,1355.0,131.0,0
1761498800692665342,[  5  76   0   0   0   4   3 128],8,265,4.0,NgReg,692167582,1761498800,1356.0,131.0,0
1761498800804769203,[  5  76   0   0   0   4   3 128],8,265,4.0,NgReg,804522067,1761498800,1356.0,131.0,0
1761498800897595636,[  5  77   0   0   0   4   3 128],8,265,4.0,NgReg,897417844,1761498800,1357.0,131.0,0
1761498801010078090,[  5  78   0   0   0   4   3 129],8,265,4.0,NgReg,9756746,1761498801,1358.0,131.0,0
1761498801092280093,[  5  78   0   0   0   4   3 129],8,265,4.0,NgReg,91914717,1761498801,1358.0,131.0,0
1761498801245563352,[  5  79   0   0   0   5   3 129],8,265,5.0,NgReg,245233111,1761498801,1359.0,131.0,0
1761498801318449313,[  5  80   0   0   0   4   3 129],8,265,4.0,NgReg,317795841,1761498801,1360.0,131.0,0
1761498801410411646,[  5  80   0   0   0   4   3 132],8,265,4.0,NgReg,410135102,1761498801,1360.0,135.0,0
1761498801492070289,[  5  84   0   0   0  53   3 152],8,265,53.0,NgReg,491837040,1761498801,1364.0,155.0,0
1761498801604978787,[  5  96   0   0   0 111   3 176],8,265,111.0,NgReg,604627362,1761498801,1376.0,179.0,0
1761498801697108576,[  5 115   0   0   0 164   3 200],8,265,164.0,NgReg,696862464,1761498801,1395.0,203.0,0
1761498801810170546,[  5 141   0   0   0 211   3 224],8,265,211.0,NgReg,809655730,1761498801,1421.0,227.0,0
1761498801902316911,[  5 173   0   0   0 251   3 246],8,265,251.0,NgReg,902017359,1761498801,1453.0,247.0,0
1761498802004294262,[  5 208   0   0   0 239   3 248],8,265,239.0,NgReg,4042166,1761498802,1488.0,251.0,0
1761498802096354736,[  5 233   0   0   0 213   3 246],8,265,213.0,NgReg,96104496,1761498802,1513.0,247.0,0
1761498802250620838,[  6   4   0   0   0 179   3 242],8,265,179.0,NgReg,250197286,1761498802,1540.0,243.0,0
1761498802322957421,[  6  28   0   0   0 148   3 238],8,265,148.0,NgReg,322755404,1761498802,1564.0,239.0,0
1761498802405588125,[  6  57   0   0   0 103   3 232],8,265,103.0,NgReg,405314397,1761498802,1593.0,235.0,0
1761498802498086839,[  6  70   0   0   0  79   3 228],8,265,79.0,NgReg,497571159,1761498802,1606.0,231.0,0
1761498802610673381,[  6  81   0   0   0  55   3 223],8,265,55.0,NgReg,610315173,1761498802,1617.0,223.0,0
1761498802702421663,[  6  87   0   0   0  37   3 218],8,265,37.0,NgReg,702195294,1761498802,1623.0,219.0,0
1761498802816004077,[  6  92   0   0   0  22   3 214],8,265,22.0,NgReg,815358637,1761498802,1628.0,215.0,0
1761498802897835453,[  6  94   0   0   0  11   3 211],8,265,11.0,NgReg,897495645,1761498802,1630.0,211.0,0
1761498803010485803,[  6  95   0   0   0   0   3 207],8,265,0.0,NgReg,10175946,1761498803,1631.0,207.0,0
1761498803102619457,[  6  95   0   0 255 255   3 206],8,265,-1.0,NgReg,102337793,1761498803,1631.0,207.0,0
1761498803256814962,[  6  94   0   0 255 250   3 204],8,265,-6.0,NgReg,256586706,1761498803,1630.0,207.0,0
1761498803329577270,[  6  93   0   0 255 247   3 203],8,265,-9.0,NgReg,329314902,1761498803,1629.0,203.0,0
1761498803411954020,[  6  91   0   0 255 245   3 202],8,265,-11.0,NgReg,411703940,1761498803,1627.0,203.0,0
1761498803504139258,[  6  89   0   0 255 243   3 200],8,265,-13.0,NgReg,503919450,1761498803,1625.0,203.0,0
1761498803617373093,[  6  87   0   0 255 244   3 200],8,265,-12.0,NgReg,616782052,1761498803,1623.0,203.0,0
1761498803699295602,[  6  85   0   0 255 247   3 200],8,265,-9.0,NgReg,699012914,1761498803,1621.0,203.0,0
1761498803812302428,[  6  84   0   0 255 247   3 200],8,265,-9.0,NgReg,812041244,1761498803,1620.0,203.0,0
1761498803905175731,[  6  82   0   0 255 250   3 200],8,265,-6.0,NgReg,904913075,1761498803,1618.0,203.0,0
1761498804017619036,[  6  82   0   0 255 253   3 201],8,265,-3.0,NgReg,17355804,1761498804,1618.0,203.0,0
1761498804109722928,[  6  81   0   0 255 253   3 201],8,265,-3.0,NgReg,109504112,1761498804,1617.0,203.0,0
1761498804255204339,[  6  81   0   0 255 255   3 202],8,265,-1.0,NgReg,254905235,1761498804,1617.0,203.0,0
1761498804327934453,[  6  81   0   0   0   0   3 202],8,265,0.0,NgReg,327597237,1761498804,1617.0,203.0,0
1761498804420581417,[  6  81   0   0   0   0   3 202],8,265,0.0,NgReg,419449256,1761498804,1617.0,203.0,0
1761498804502051763,[  6  81   0   0   0   0   3 202],8,265,0.0,NgReg,501714962,1761498804,1617.0,203.0,0
1761498804615752666,[  6  81   0   0   0   0   3 202],8,265,0.0,NgReg,615302617,1761498804,1617.0,203.0,0
1761498804707736621,[  6  81   0   0   0   0   3 202],8,265,0.0,NgReg,707151500,1761498804,1617.0,203.0,0
1761498804819932146,[  6  81   0   0   0   0   3 203],8,265,0.0,NgReg,819654994,1761498804,1617.0,203.0,0
1761498804912117542,[  6  81   0   0   0   0   3 203],8,265,0.0,NgReg,911882886,1761498804,1617.0,203.0,0
1761498805014790210,[  6  81   0   0   0   0   3 203],8,265,0.0,NgReg,14491810,1761498805,1617.0,203.0,0
1761498805107139667,[  6  81   0   0   0   1   3 203],8,265,1.0,NgReg,106890386,1761498805,1617.0,203.0,0
1761498805261882233,[  6  81   0   0   0   0   3 203],8,265,0.0,NgReg,261433913,1761498805,1617.0,203.0,0
1761498805334057304,[  6  82   0   0   0   2   3 203],8,265,2.0,NgReg,333709464,1761498805,1618.0,203.0,0
1761498805416772544,[  6  82   0   0   0   2   3 204],8,265,2.0,NgReg,416444160,1761498805,1618.0,207.0,0
1761498805508825648,[  6  82   0   0   0   2   3 204],8,265,2.0,NgReg,508611952,1761498805,1618.0,207.0,0
1761498805621988179,[  6  83   0   0   0   3   3 204],8,265,3.0,NgReg,621499922,1761498805,1619.0,207.0,0
1761498805713911395,[  6  83   0   0   0   3   3 204],8,265,3.0,NgReg,713458242,1761498805,1619.0,207.0,0
1761498805828488358,[  6  84   0   0   0   3   3 205],8,265,3.0,NgReg,828262758,1761498805,1620.0,207.0,0
1761498805910629806,[  6  85   0   0   0   3   3 205],8,265,3.0,NgReg,910325774,1761498805,1621.0,207.0,0
1761498806022786223,[  6  85   0   0   0   2   3 205],8,265,2.0,NgReg,22543151,1761498806,1621.0,207.0,0
1761498806115003260,[  6  86   0   0   0   3   3 205],8,265,3.0,NgReg,114758716,1761498806,1622.0,207.0,0
1761498806258903700,[  6  86   0   0   0   2   3 205],8,265,2.0,NgReg,258649588,1761498806,1622.0,207.0,0
1761498806331248209,[  6  86   0   0   0   2   3 205],8,265,2.0,NgReg,330920592,1761498806,1622.0,207.0,0
1761498806423090045,[  6  87   0   0   0   1   3 205],8,265,1.0,NgReg,422723581,1761498806,1623.0,207.0,0
1761498806514743210,[  6  87   0   0   0   1   3 205],8,265,1.0,NgReg,514509674,1761498806,1623.0,207.0,0
1761498806627344968,[  6  87   0   0   0   1   3 205],8,265,1.0,NgReg,626983016,1761498806,1623.0,207.0,0
1761498806708877772,[  6  87   0   0   0   1   3 205],8,265,1.0,NgReg,708527628,1761498806,1623.0,207.0,0
1761498806821347626,[  6  88   0   0   0   0   3 205],8,265,0.0,NgReg,821021386,1761498806,1624.0,207.0,0
1761498806913247319,[  6  88   0   0   0   1   3 205],8,265,1.0,NgReg,912968823,1761498806,1624.0,207.0,0
1761498807026034997,[  6  88   0   0   0   0   3 205],8,265,0.0,NgReg,25572020,1761498807,1624.0,207.0,0
1761498807117802494,[  6  88   0   0   0   1   3 205],8,265,1.0,NgReg,117515742,1761498807,1624.0,207.0,0
1761498807263399475,[  6  88   0   0   0   0   3 205],8,265,0.0,NgReg,263071795,1761498807,1624.0,207.0,0
1761498807336450478,[  6  88   0   0   0   0   3 205],8,265,0.0,NgReg,336118125,1761498807,1624.0,207.0,0
1761498807428236119,[  6  88   0   0   0   0   3 205],8,265,0.0,NgReg,427958871,1761498807,1624.0,207.0,0
1761498807519969889,[  6  88   0   0   0   0   3 205],8,265,0.0,NgReg,519777409,1761498807,1624.0,207.0,0
1761498807621861458,[  6  89   0   0   0   1   3 205],8,265,1.0,NgReg,621584114,1761498807,1625.0,207.0,0
1761498807713651836,[  6  89   0   0   0   3   3 206],8,265,3.0,NgReg,713332412,1761498807,1625.0,207.0,0
1761498807826033622,[  6  90   0   0   0   5   3 207],8,265,5.0,NgReg,825785942,1761498807,1626.0,207.0,0
1761498807918028608,[  6  91   0   0   0   5   3 207],8,265,5.0,NgReg,917754080,1761498807,1627.0,207.0,0
1761498808030517817,[  6  91   0   0   0   5   3 207],8,265,5.0,NgReg,30170745,1761498808,1627.0,207.0,0
1761498808122440960,[  6  92   0   0   0   5   3 207],8,265,5.0,NgReg,122105248,1761498808,1628.0,207.0,0
1761498808266518351,[  6  93   0   0   0   3   3 208],8,265,3.0,NgReg,265835950,1761498808,1629.0,211.0,0
1761498808338531270,[  6  94   0   0   0   4   3 208],8,265,4.0,NgReg,337911429,1761498808,1630.0,211.0,0
1761498808430773325,[  6  94   0   0   0   3   3 207],8,265,3.0,NgReg,430073388,1761498808,1630.0,207.0,0
1761498808522267475,[  6  95   0   0   0   3   3 207],8,265,3.0,NgReg,522005235,1761498808,1631.0,207.0,0
1761498808634390761,[  6  95   0   0   0   1   3 207],8,265,1.0,NgReg,634128297,1761498808,1631.0,207.0,0
1761498808716180456,[  6  95   0   0   0   2   3 207],8,265,2.0,NgReg,715993256,1761498808,1631.0,207.0,0
1761498808828767966,[  6  96   0   0   0   0   3 206],8,265,0.0,NgReg,828599614,1761498808,1632.0,207.0,0
1761498808920467877,[  6  96   0   0   0   0   3 206],8,265,0.0,NgReg,920312389,1761498808,1632.0,207.0,0
1761498809032687930,[  6  96   0   0   0   0   3 206],8,265,0.0,NgReg,32525914,1761498809,1632.0,207.0,0
1761498809124643934,[  6  96   0   0   0   0   3 206],8,265,0.0,NgReg,124361597,1761498809,1632.0,207.0,0
1761498809279098511,[  6  96   0   0   0   0   3 206],8,265,0.0,NgReg,278420431,1761498809,1632.0,207.0,0
1761498809351431172,[  6  96   0   0   0   0   3 206],8,265,0.0,NgReg,351060548,1761498809,1632.0,207.0,0
1761498809433658817,[  6  96   0   0   0   0   3 206],8,265,0.0,NgReg,433308224,1761498809,1632.0,207.0,0
1761498809525358276,[  6  96   0   0   0   0   3 206],8,265,0.0,NgReg,525153732,1761498809,1632.0,207.0,0
1761498809637863223,[  6  96   0   0   0   0   3 206],8,265,0.0,NgReg,637550455,1761498809,1632.0,207.0,0
1761498809719910899,[  6  96   0   0   0   0   3 206],8,265,0.0,NgReg,719581267,1761498809,1632.0,207.0,0
1761498809832426854,[  6  96   0   0   0   0   3 206],8,265,0.0,NgReg,832104901,1761498809,1632.0,207.0,0
1761498809923984745,[  6  96   0   0   0   0   3 206],8,265,0.0,NgReg,923832105,1761498809,1632.0,207.0,0
1761498810036263610,[  6  96   0   0   0   0   3 206],8,265,0.0,NgReg,35988090,1761498810,1632.0,207.0,0
1761498810128674939,[  6  96   0   0   0   0   3 206],8,265,0.0,NgReg,128365147,1761498810,1632.0,207.0,0
1761498810272363936,[  6  96   0   0   0   0   3 206],8,265,0.0,NgReg,272116448,1761498810,1632.0,207.0,0
1761498810344418451,[  6  96   0   0   0   0   3 206],8,265,0.0,NgReg,344076242,1761498810,1632.0,207.0,0
1761498810436263891,[  6  96   0   0   0   0   3 206],8,265,0.0,NgReg,435997779,1761498810,1632.0,207.0,0
1761498810528308084,[  6  96   0   0   0   0   3 206],8,265,0.0,NgReg,528057171,1761498810,1632.0,207.0,0
1761498810640338498,[  6  96   0   0   0   0   3 206],8,265,0.0,NgReg,640138690,1761498810,1632.0,207.0,0
1761498810722100123,[  6  96   0   0   0   0   3 207],8,265,0.0,NgReg,721869499,1761498810,1632.0,207.0,0
1761498810834314602,[  6  96   0   0   0   0   3 207],8,265,0.0,NgReg,834100394,1761498810,1632.0,207.0,0
1761498810926287435,[  6  97   0   0   0   0   3 207],8,265,0.0,NgReg,925974858,1761498810,1633.0,207.0,0
1761498811038781016,[  6  97   0   0   0   0   3 207],8,265,0.0,NgReg,38611448,1761498811,1633.0,207.0,0
1761498811131245398,[  6  97   0   0   0   0   3 207],8,265,0.0,NgReg,131048694,1761498811,1633.0,207.0,0
1761498811286021342,[  6  97   0   0   0   0   3 207],8,265,0.0,NgReg,285756094,1761498811,1633.0,207.0,0
1761498811358433006,[  6  97   0   0   0   0   3 207],8,265,0.0,NgReg,358074286,1761498811,1633.0,207.0,0
1761498811440062181,[  6  97   0   0   0   0   3 207],8,265,0.0,NgReg,439776164,1761498811,1633.0,207.0,0
1761498811531841794,[  6  97   0   0   0   0   3 207],8,265,0.0,NgReg,531641634,1761498811,1633.0,207.0,0
1761498811644141229,[  6  97   0   0   0   0   3 207],8,265,0.0,NgReg,643835309,1761498811,1633.0,207.0,0
1761498811725982756,[  6  97   0   0   0   1   3 208],8,265,1.0,NgReg,725512003,1761498811,1633.0,211.0,0
1761498811838297455,[  6  98   0   0   0   2   3 208],8,265,2.0,NgReg,837985295,1761498811,1634.0,211.0,0
1761498811929953580,[  6  98   0   0   0   3   3 208],8,265,3.0,NgReg,929750860,1761498811,1634.0,211.0,0
1761498812042698038,[  6  98   0   0   0   2   3 208],8,265,2.0,NgReg,42388438,1761498812,1634.0,211.0,0
1761498812134591505,[  6  99   0   0   0   3   3 209],8,265,3.0,NgReg,134290128,1761498812,1635.0,211.0,0
1761498812288243410,[  6  99   0   0   0   4   3 209],8,265,4.0,NgReg,288021810,1761498812,1635.0,211.0,0
1761498812360183744,[  6 100   0   0   0   5   3 210],8,265,5.0,NgReg,359997024,1761498812,1636.0,211.0,0
1761498812442606580,[  6 101   0   0   0   4   3 210],8,265,4.0,NgReg,442201876,1761498812,1637.0,211.0,0
1761498812534125807,[  6 102   0   0   0   4   3 210],8,265,4.0,NgReg,533822478,1761498812,1638.0,211.0,0
1761498812646106166,[  6 102   0   0   0   3   3 210],8,265,3.0,NgReg,645855382,1761498812,1638.0,211.0,0
1761498812737817744,[  6 103   0   0   0   3   3 210],8,265,3.0,NgReg,737552272,1761498812,1639.0,211.0,0
1761498812840429105,[  6 104   0   0   0   3   3 210],8,265,3.0,NgReg,840166929,1761498812,1640.0,211.0,0
1761498812932054348,[  6 104   0   0   0   2   3 210],8,265,2.0,NgReg,931828044,1761498812,1640.0,211.0,0
1761498813044390290,[  6 105   0   0   0   2   3 210],8,265,2.0,NgReg,44199538,1761498813,1641.0,211.0,0
1761498813136370569,[  6 105   0   0   0   2   3 210],8,265,2.0,NgReg,136116617,1761498813,1641.0,211.0,0
1761498813290329958,[  6 105   0   0   0   1   3 210],8,265,1.0,NgReg,290079142,1761498813,1641.0,211.0,0
1761498813362250354,[  6 106   0   0   0   1   3 210],8,265,1.0,NgReg,361955409,1761498813,1642.0,211.0,0
1761498813444499939,[  6 106   0   0   0   1   3 210],8,265,1.0,NgReg,444154467,1761498813,1642.0,211.0,0
1761498813535917178,[  6 106   0   0   0   1   3 210],8,265,1.0,NgReg,535723898,1761498813,1642.0,211.0,0
1761498813648129374,[  6 106   0   0   0   1   3 210],8,265,1.0,NgReg,647960606,1761498813,1642.0,211.0,0
1761498813739868501,[  6 106   0   0   0   1   3 210],8,265,1.0,NgReg,739699957,1761498813,1642.0,211.0,0
1761498813852558233,[  6 106   0   0   0   1   3 210],8,265,1.0,NgReg,852031481,1761498813,1642.0,211.0,0
1761498813933956010,[  6 106   0   0   0   0   3 210],8,265,0.0,NgReg,933676874,1761498813,1642.0,211.0,0
1761498814045992397,[  6 107   0   0   0   0   3 210],8,265,0.0,NgReg,45731565,1761498814,1643.0,211.0,0
1761498814137725505,[  6 107   0   0   0   0   3 210],8,265,0.0,NgReg,137501345,1761498814,1643.0,211.0,0
1761498814291283897,[  6 107   0   0   0   0   3 210],8,265,0.0,NgReg,290970009,1761498814,1643.0,211.0,0
1761498814363921954,[  6 107   0   0   0   0   3 210],8,265,0.0,NgReg,363389666,1761498814,1643.0,211.0,0
1761498814446131921,[  6 107   0   0   0   0   3 210],8,265,0.0,NgReg,445687729,1761498814,1643.0,211.0,0
1761498814539339974,[  6 107   0   0   0   0   3 210],8,265,0.0,NgReg,538590982,1761498814,1643.0,211.0,0
1761498814651450438,[  6 107   0   0   0   0   3 210],8,265,0.0,NgReg,651165478,1761498814,1643.0,211.0,0
1761498814743526971,[  6 107   0   0   0   0   3 210],8,265,0.0,NgReg,743199163,1761498814,1643.0,211.0,0
1761498814855873563,[  6 107   0   0   0   0   3 210],8,265,0.0,NgReg,855685211,1761498814,1643.0,211.0,0
1761498814937533962,[  6 107   0   0   0   0   3 210],8,265,0.0,NgReg,937370698,1761498814,1643.0,211.0,0
1761498815050159337,[  6 107   0   0   0   0   3 210],8,265,0.0,NgReg,49905769,1761498815,1643.0,211.0,0
1761498815142288186,[  6 107   0   0   0   1   3 210],8,265,1.0,NgReg,141955002,1761498815,1643.0,211.0,0
1761498815295631533,[  6 108   0   0   0   2   3 211],8,265,2.0,NgReg,295446861,1761498815,1644.0,211.0,0
1761498815369997813,[  6 108   0   0   0   2   3 211],8,265,2.0,NgReg,369785557,1761498815,1644.0,211.0,0
1761498815452090497,[  6 109   0   0   0   2   3 211],8,265,2.0,NgReg,451795841,1761498815,1645.0,211.0,0
1761498815544078707,[  6 109   0   0   0   2   3 211],8,265,2.0,NgReg,543682259,1761498815,1645.0,211.0,0
1761498815656154255,[  6 110   0   0   0   5   3 212],8,265,5.0,NgReg,655950319,1761498815,1646.0,215.0,0
1761498815748396065,[  6 110   0   0   0   6   3 213],8,265,6.0,NgReg,748095457,1761498815,1646.0,215.0,0
1761498815850935288,[  6 112   0   0   0   7   3 214],8,265,7.0,NgReg,850542872,1761498815,1648.0,215.0,0
1761498815942911210,[  6 113   0   0   0   8   3 214],8,265,8.0,NgReg,942527210,1761498815,1649.0,215.0,0
1761498816055857637,[  6 114   0   0   0   8   3 215],8,265,8.0,NgReg,55098629,1761498816,1650.0,215.0,0
1761498816147365140,[  6 116   0   0   0   9   3 215],8,265,9.0,NgReg,147087060,1761498816,1652.0,215.0,0
1761498816301636226,[  6 117   0   0   0   9   3 216],8,265,9.0,NgReg,301249890,1761498816,1653.0,219.0,0
1761498816373750695,[  6 118   0   0   0   9   3 216],8,265,9.0,NgReg,373497446,1761498816,1654.0,219.0,0
1761498816456086416,[  6 120   0   0   0  10   3 217],8,265,10.0,NgReg,455536304,1761498816,1656.0,219.0,0
1761498816547960191,[  6 121   0   0   0   8   3 217],8,265,8.0,NgReg,547723519,1761498816,1657.0,219.0,0
1761498816660444184,[  6 122   0   0   0   4   3 216],8,265,4.0,NgReg,659998232,1761498816,1658.0,219.0,0
1761498816742490786,[  6 123   0   0   0   1   3 215],8,265,1.0,NgReg,741877985,1761498816,1659.0,215.0,0
1761498816855016219,[  6 123   0   0   0   0   3 215],8,265,0.0,NgReg,854427002,1761498816,1659.0,215.0,0
1761498816946812073,[  6 123   0   0   0   0   3 215],8,265,0.0,NgReg,946490121,1761498816,1659.0,215.0,0
1761498817059010177,[  6 123   0   0   0   0   3 215],8,265,0.0,NgReg,58759808,1761498817,1659.0,215.0,0
1761498817151144204,[  6 123   0   0 255 255   3 214],8,265,-1.0,NgReg,150939692,1761498817,1659.0,215.0,0
1761498817304840374,[  6 122   0   0 255 255   3 214],8,265,-1.0,NgReg,304518005,1761498817,1658.0,215.0,0
1761498817377088888,[  6 122   0   0 255 255   3 214],8,265,-1.0,NgReg,376820952,1761498817,1658.0,215.0,0
1761498817459195679,[  6 122   0   0 255 254   3 213],8,265,-2.0,NgReg,458911327,1761498817,1658.0,215.0,0
1761498817551715179,[  6 121   0   0 255 252   3 212],8,265,-4.0,NgReg,551383819,1761498817,1657.0,215.0,0
1761498817664284289,[  6 120   0   0 255 245   3 210],8,265,-11.0,NgReg,663941121,1761498817,1656.0,211.0,0
1761498817746337768,[  6 118   0   0 255 244   3 209],8,265,-12.0,NgReg,745986312,1761498817,1654.0,211.0,0
1761498817858761917,[  6 116   0   0 255 244   3 208],8,265,-12.0,NgReg,858478781,1761498817,1652.0,211.0,0
1761498817950620425,[  6 114   0   0 255 245   3 208],8,265,-11.0,NgReg,950364393,1761498817,1650.0,211.0,0
1761498818063007453,[  6 112   0   0 255 245   3 208],8,265,-11.0,NgReg,62731005,1761498818,1648.0,211.0,0
1761498818155189574,[  6 110   0   0 255 246   3 207],8,265,-10.0,NgReg,154696197,1761498818,1646.0,207.0,0
1761498818298649221,[  6 109   0   0 255 246   3 207],8,265,-10.0,NgReg,298268357,1761498818,1645.0,207.0,0
1761498818370433989,[  6 107   0   0 255 250   3 208],8,265,-6.0,NgReg,370169093,1761498818,1643.0,211.0,0
1761498818462903406,[  6 107   0   0   0   0   3 210],8,265,0.0,NgReg,462219630,1761498818,1643.0,211.0,0
1761498818554418743,[  6 107   0   0   0   0   3 210],8,265,0.0,NgReg,554091479,1761498818,1643.0,211.0,0
1761498818666456553,[  6 107   0   0   0   0   3 209],8,265,0.0,NgReg,666203177,1761498818,1643.0,211.0,0
1761498818758343026,[  6 107   0   0   0   0   3 209],8,265,0.0,NgReg,757927506,1761498818,1643.0,211.0,0
1761498818860330911,[  6 107   0   0   0   0   3 209],8,265,0.0,NgReg,860163839,1761498818,1643.0,211.0,0
1761498818953648329,[  6 107   0   0   0   0   3 209],8,265,0.0,NgReg,953347049,1761498818,1643.0,211.0,0
1761498819065894297,[  6 107   0   0   0   0   3 209],8,265,0.0,NgReg,65598233,1761498819,1643.0,211.0,0
1761498819158240703,[  6 107   0   0   0   0   3 209],8,265,0.0,NgReg,157933151,1761498819,1643.0,211.0,0
1761498819302672475,[  6 108   0   0   0  23   3 218],8,265,23.0,NgReg,302421883,1761498819,1644.0,219.0,0
1761498819374729625,[  6 118   0   0   0  87   3 243],8,265,87.0,NgReg,374474072,1761498819,1654.0,243.0,0
1761498819466866783,[  6 138   0   0   0 148   4  14],8,265,148.0,NgReg,466618111,1761498819,1674.0,14.0,0
1761498819558863173,[  6 168   0   0   0 216   4  46],8,265,216.0,NgReg,558506053,1761498819,1704.0,46.0,0
1761498819670830963,[  6 209   0   0   1  15   4  78],8,265,271.0,NgReg,670634547,1761498819,1745.0,78.0,0
1761498819752412277,[  7   3   0   0   1  62   4 108],8,265,318.0,NgReg,752197237,1761498819,1795.0,108.0,0
1761498819865027747,[  7  60   0   0   1  99   4 138],8,265,355.0,NgReg,864743523,1761498819,1852.0,142.0,0
1761498819956978506,[  7 125   0   0   1 126   4 166],8,265,382.0,NgReg,956690345,1761498819,1917.0,166.0,0
1761498820069136790,[  7 196   0   0   1 140   4 191],8,265,396.0,NgReg,68566902,1761498820,1988.0,191.0,0
1761498820160749145,[  8  14   0   0   1 142   4 214],8,265,398.0,NgReg,160551961,1761498820,2062.0,214.0,0
1761498820314618164,[  8  91   0   0   1 140   4 233],8,265,396.0,NgReg,314453236,1761498820,2139.0,237.0,0
1761498820386693040,[  8 148   0   0   1  74   4 226],8,265,330.0,NgReg,386460464,1761498820,2196.0,230.0,0
1761498820469543151,[  8 206   0   0   0 243   4 213],8,265,243.0,NgReg,468483055,1761498820,2254.0,213.0,0
1761498820560789586,[  8 248   0   0   0 169   4 199],8,265,169.0,NgReg,560409202,1761498820,2296.0,199.0,0
1761498820673268125,[  9  21   0   0   0 109   4 188],8,265,109.0,NgReg,672884477,1761498820,2325.0,188.0,0
1761498820755040381,[  9  40   0   0   0  67   4 179],8,265,67.0,NgReg,754793181,1761498820,2344.0,183.0,0
1761498820868946280,[  9  51   0   0   0  44   4 176],8,265,44.0,NgReg,868319688,1761498820,2355.0,180.0,0
1761498820960835212,[  9  60   0   0   0  29   4 173],8,265,29.0,NgReg,960270603,1761498820,2364.0,173.0,0
1761498821072490004,[  9  66   0   0   0  23   4 172],8,265,23.0,NgReg,72245588,1761498821,2370.0,172.0,0
1761498821164313813,[  9  70   0   0   0  13   4 170],8,265,13.0,NgReg,164073493,1761498821,2374.0,174.0,0
1761498821318673643,[  9  73   0   0   0  11   4 170],8,265,11.0,NgReg,318432395,1761498821,2377.0,174.0,0
1761498821391282629,[  9  76   0   0   0  14   4 172],8,265,14.0,NgReg,390971013,1761498821,2380.0,172.0,0
1761498821473240098,[  9  79   0   0   0  11   4 172],8,265,11.0,NgReg,472979809,1761498821,2383.0,172.0,0
1761498821565305794,[  9  81   0   0   0   4   4 170],8,265,4.0,NgReg,565001922,1761498821,2385.0,174.0,0
1761498821677632106,[  9  81   0   0   0   0   4 169],8,265,0.0,NgReg,677306890,1761498821,2385.0,173.0,0
1761498821759758503,[  9  81   0   0   0   0   4 168],8,265,0.0,NgReg,759278534,1761498821,2385.0,172.0,0
1761498821872230638,[  9  81   0   0   0   7   4 171],8,265,7.0,NgReg,871881262,1761498821,2385.0,175.0,0
1761498821963452942,[  9  83   0   0   0   5   4 172],8,265,5.0,NgReg,963213006,1761498821,2387.0,172.0,0
1761498822075982996,[  9  87   0   0   0  10   4 174],8,265,10.0,NgReg,75585268,1761498822,2391.0,174.0,0
1761498822168066674,[  9  90   0   0   0  17   4 177],8,265,17.0,NgReg,167736530,1761498822,2394.0,181.0,0
1761498822321644387,[  9  93   0   0   0  13   4 177],8,265,13.0,NgReg,321360835,1761498822,2397.0,181.0,0
1761498822393570842,[  9  96   0   0   0  11   4 177],8,265,11.0,NgReg,393343802,1761498822,2400.0,181.0,0
1761498822475986997,[  9  98   0   0   0  10   4 177],8,265,10.0,NgReg,475705045,1761498822,2402.0,181.0,0
1761498822567977779,[  9 101   0   0   0  12   4 179],8,265,12.0,NgReg,567748754,1761498822,2405.0,183.0,0
1761498822680283191,[  9 103   0   0   0   4   4 177],8,265,4.0,NgReg,679932663,1761498822,2407.0,181.0,0
1761498822762501201,[  9 105   0   0   0  15   4 180],8,265,15.0,NgReg,761743345,1761498822,2409.0,180.0,0
1761498822873917045,[  9 110   0   0   0  27   4 186],8,265,27.0,NgReg,873615125,1761498822,2414.0,190.0,0
1761498822965700211,[  9 118   0   0   0  32   4 190],8,265,32.0,NgReg,965440691,1761498822,2422.0,190.0,0
1761498823078129045,[  9 126   0   0   0  41   4 196],8,265,41.0,NgReg,77870133,1761498823,2430.0,196.0,0
1761498823170219632,[  9 135   0   0   0  34   4 196],8,265,34.0,NgReg,169876016,1761498823,2439.0,196.0,0
1761498823324048477,[  9 141   0   0   0  24   4 195],8,265,24.0,NgReg,323619485,1761498823,2445.0,199.0,0
1761498823396138610,[  9 146   0   0   0  20   4 194],8,265,20.0,NgReg,395927442,1761498823,2450.0,198.0,0
1761498823478307242,[  9 150   0   0   0  12   4 194],8,265,12.0,NgReg,477907210,1761498823,2454.0,198.0,0
1761498823569985573,[  9 153   0   0   0  14   4 195],8,265,14.0,NgReg,569548612,1761498823,2457.0,199.0,0
1761498823682288069,[  9 157   0   0   0  12   4 195],8,265,12.0,NgReg,681972741,1761498823,2461.0,199.0,0
1761498823775141985,[  9 159   0   0   0   6   4 194],8,265,6.0,NgReg,774654688,1761498823,2463.0,198.0,0
1761498823877147006,[  9 160   0   0   0   5   4 193],8,265,5.0,NgReg,876905374,1761498823,2464.0,197.0,0
1761498823973287610,[  9 161   0   0   0   6   4 194],8,265,6.0,NgReg,973049722,1761498823,2465.0,198.0,0
1761498824085704505,[  9 163   0   0   0   1   4 193],8,265,1.0,NgReg,85373241,1761498824,2467.0,197.0,0
1761498824167722574,[  9 163   0   0 255 254   4 191],8,265,-2.0,NgReg,167417230,1761498824,2467.0,191.0,0
1761498824321461015,[  9 160   0   0 255 250   4 189],8,265,-6.0,NgReg,321279895,1761498824,2464.0,189.0,0
1761498824393912650,[  9 160   0   0 255 255   4 191],8,265,-1.0,NgReg,393601194,1761498824,2464.0,191.0,0
1761498824486268450,[  9 160   0   0 255 253   4 191],8,265,-3.0,NgReg,485801666,1761498824,2464.0,191.0,0
1761498824568036600,[  9 158   0   0 255 250   4 189],8,265,-6.0,NgReg,567729176,1761498824,2462.0,189.0,0
1761498824680700117,[  9 158   0   0   0   0   4 191],8,265,0.0,NgReg,680203573,1761498824,2462.0,191.0,0
1761498824772716237,[  9 158   0   0 255 255   4 190],8,265,-1.0,NgReg,772291053,1761498824,2462.0,190.0,0
1761498824884913867,[  9 157   0   0 255 255   4 190],8,265,-1.0,NgReg,884708683,1761498824,2461.0,190.0,0
1761498824977844579,[  9 155   0   0 255 245   4 186],8,265,-11.0,NgReg,977600227,1761498824,2459.0,190.0,0
1761498825080655452,[  9 153   0   0 255 248   4 187],8,265,-8.0,NgReg,80029020,1761498825,2457.0,191.0,0
1761498825172691921,[  9 151   0   0 255 245   4 185],8,265,-11.0,NgReg,172220369,1761498825,2455.0,189.0,0
1761498825327456085,[  9 148   0   0 255 244   4 183],8,265,-12.0,NgReg,326895413,1761498825,2452.0,183.0,0
1761498825399541766,[  9 144   0   0 255 242   4 182],8,265,-14.0,NgReg,399178566,1761498825,2448.0,182.0,0
1761498825481333081,[  9 142   0   0 255 248   4 182],8,265,-8.0,NgReg,481031961,1761498825,2446.0,182.0,0
1761498825573553743,[  9 140   0   0 255 255   4 184],8,265,-1.0,NgReg,573282415,1761498825,2444.0,188.0,0
1761498825686353417,[  9 140   0   0   0   0   4 184],8,265,0.0,NgReg,685977769,1761498825,2444.0,188.0,0
1761498825779666847,[  9 140   0   0 255 254   4 183],8,265,-2.0,NgReg,779163007,1761498825,2444.0,183.0,0
1761498825891888249,[  9 139   0   0   0   0   4 184],8,265,0.0,NgReg,891699417,1761498825,2443.0,188.0,0
1761498825973796428,[  9 139   0   0   0   0   4 184],8,265,0.0,NgReg,973524844,1761498825,2443.0,188.0,0
1761498826086505700,[  9 139   0   0   0   0   4 184],8,265,0.0,NgReg,86177316,1761498826,2443.0,188.0,0
1761498826178970615,[  9 139   0   0   0   1   4 185],8,265,1.0,NgReg,178588727,1761498826,2443.0,189.0,0
1761498826333633110,[  9 141   0   0   0   2   4 186],8,265,2.0,NgReg,333277526,1761498826,2445.0,190.0,0
1761498826405666245,[  9 141   0   0   0   0   4 185],8,265,0.0,NgReg,405442565,1761498826,2445.0,189.0,0
1761498826488306134,[  9 141   0   0   0   0   4 185],8,265,0.0,NgReg,487922806,1761498826,2445.0,189.0,0
1761498826580696265,[  9 141   0   0   0   0   4 185],8,265,0.0,NgReg,580365289,1761498826,2445.0,189.0,0
1761498826693256960,[  9 141   0   0   0   0   4 185],8,265,0.0,NgReg,692887551,1761498826,2445.0,189.0,0
1761498826776110832,[  9 142   0   0   0  10   4 188],8,265,10.0,NgReg,775765232,1761498826,2446.0,188.0,0
1761498826888379367,[  9 144   0   0   0  10   4 190],8,265,10.0,NgReg,888126503,1761498826,2448.0,190.0,0
1761498826980879418,[  9 147   0   0   0  10   4 189],8,265,10.0,NgReg,980626746,1761498826,2451.0,189.0,0
1761498827094146159,[  9 149   0   0   0   9   4 191],8,265,9.0,NgReg,93670447,1761498827,2453.0,191.0,0
1761498827186427871,[  9 151   0   0   0  10   4 192],8,265,10.0,NgReg,185859007,1761498827,2455.0,196.0,0
1761498827333031608,[  9 154   0   0   0  13   4 193],8,265,13.0,NgReg,332742040,1761498827,2458.0,197.0,0
1761498827405644837,[  9 157   0   0   0  15   4 195],8,265,15.0,NgReg,405384613,1761498827,2461.0,199.0,0
1761498827488207219,[  9 162   0   0   0  19   4 197],8,265,19.0,NgReg,487766867,1761498827,2466.0,197.0,0
1761498827580443460,[  9 165   0   0   0  10   4 196],8,265,10.0,NgReg,580256516,1761498827,2469.0,196.0,0
1761498827692816439,[  9 167   0   0   0   9   4 194],8,265,9.0,NgReg,692640791,1761498827,2471.0,198.0,0
1761498827785113319,[  9 168   0   0   0   0   4 192],8,265,0.0,NgReg,784811431,1761498827,2472.0,196.0,0
1761498827897290715,[  9 167   0   0 255 254   4 192],8,265,-2.0,NgReg,896960955,1761498827,2471.0,196.0,0
1761498827979322217,[  9 167   0   0   0   0   4 192],8,265,0.0,NgReg,978856265,1761498827,2471.0,196.0,0
1761498828091001690,[  9 167   0   0   0   1   4 193],8,265,1.0,NgReg,90716666,1761498828,2471.0,197.0,0
1761498828185232360,[  9 168   0   0   0   0   4 193],8,265,0.0,NgReg,184817512,1761498828,2472.0,197.0,0
1761498828339261918,[  9 167   0   0 255 254   4 191],8,265,-2.0,NgReg,339000094,1761498828,2471.0,191.0,0
1761498828411396361,[  9 166   0   0 255 253   4 191],8,265,-3.0,NgReg,411087881,1761498828,2470.0,191.0,0
1761498828493195637,[  9 165   0   0 255 250   4 190],8,265,-6.0,NgReg,492907029,1761498828,2469.0,190.0,0
1761498828585008546,[  9 165   0   0   0   1   4 192],8,265,1.0,NgReg,584783522,1761498828,2469.0,196.0,0
1761498828696980979,[  9 165   0   0   0   0   4 192],8,265,0.0,NgReg,696819699,1761498828,2469.0,196.0,0
1761498828789035392,[  9 165   0   0   0   0   4 192],8,265,0.0,NgReg,788845696,1761498828,2469.0,196.0,0
1761498828901424656,[  9 164   0   0 255 254   4 191],8,265,-2.0,NgReg,901128272,1761498828,2468.0,191.0,0
1761498828983023132,[  9 162   0   0 255 246   4 187],8,265,-10.0,NgReg,982754812,1761498828,2466.0,191.0,0
1761498829095120106,[  9 161   0   0 255 255   4 189],8,265,-1.0,NgReg,94883786,1761498829,2465.0,189.0,0
1761498829187598101,[  9 160   0   0 255 253   4 189],8,265,-3.0,NgReg,186983669,1761498829,2464.0,189.0,0
1761498829341343815,[  9 160   0   0   0   0   4 190],8,265,0.0,NgReg,341076903,1761498829,2464.0,190.0,0
1761498829413875439,[  9 159   0   0 255 254   4 190],8,265,-2.0,NgReg,413553359,1761498829,2463.0,190.0,0
1761498829496202361,[  9 159   0   0 255 248   4 188],8,265,-8.0,NgReg,495502233,1761498829,2463.0,188.0,0
1761498829587608388,[  9 158   0   0   0   0   4 189],8,265,0.0,NgReg,587218596,1761498829,2462.0,189.0,0
1761498829699726225,[  9 160   0   0   0  13   4 194],8,265,13.0,NgReg,699512529,1761498829,2464.0,198.0,0
1761498829791810172,[  9 163   0   0   0  19   4 198],8,265,19.0,NgReg,791492412,1761498829,2467.0,198.0,0
1761498829904410889,[  9 168   0   0   0  17   4 199],8,265,17.0,NgReg,904211529,1761498829,2472.0,199.0,0
1761498829986616211,[  9 172   0   0   0  17   4 200],8,265,17.0,NgReg,986114930,1761498829,2476.0,204.0,0
1761498830098589885,[  9 176   0   0   0  22   4 203],8,265,22.0,NgReg,98286333,1761498830,2480.0,207.0,0
1761498830190765861,[  9 182   0   0   0  25   4 205],8,265,25.0,NgReg,190457445,1761498830,2486.0,205.0,0
1761498830345102259,[  9 188   0   0   0  22   4 206],8,265,22.0,NgReg,344680147,1761498830,2492.0,206.0,0
1761498830417666073,[  9 192   0   0   0  17   4 206],8,265,17.0,NgReg,417045465,1761498830,2496.0,206.0,0
1761498830499108416,[  9 197   0   0   0  22   4 208],8,265,22.0,NgReg,498821760,1761498830,2501.0,212.0,0
1761498830591149993,[  9 203   0   0   0  28   4 212],8,265,28.0,NgReg,590833865,1761498830,2507.0,212.0,0
1761498830703645971,[  9 208   0   0   0  19   4 211],8,265,19.0,NgReg,703294995,1761498830,2512.0,215.0,0
1761498830797733883,[  9 211   0   0   0  10   4 209],8,265,10.0,NgReg,797260603,1761498830,2515.0,213.0,0
1761498830900190564,[  9 214   0   0   0  14   4 211],8,265,14.0,NgReg,899853092,1761498830,2518.0,215.0,0
1761498830992130988,[  9 216   0   0   0  10   4 210],8,265,10.0,NgReg,991845004,1761498830,2520.0,214.0,0
1761498831104495219,[  9 219   0   0   0  14   4 212],8,265,14.0,NgReg,104128403,1761498831,2523.0,212.0,0
1761498831196515833,[  9 222   0   0   0  10   4 212],8,265,10.0,NgReg,196127961,1761498831,2526.0,212.0,0
1761498831350381346,[  9 223   0   0   0   0   4 209],8,265,0.0,NgReg,350204386,1761498831,2527.0,213.0,0
1761498831422617895,[  9 222   0   0 255 252   4 207],8,265,-4.0,NgReg,422324839,1761498831,2526.0,207.0,0
1761498831504721676,[  9 220   0   0 255 246   4 204],8,265,-10.0,NgReg,504489068,1761498831,2524.0,204.0,0
1761498831597343761,[  9 218   0   0 255 244   4 203],8,265,-12.0,NgReg,597010001,1761498831,2522.0,207.0,0
1761498831709766680,[  9 215   0   0 255 251   4 204],8,265,-5.0,NgReg,709476088,1761498831,2519.0,204.0,0
1761498831792159933,[  9 215   0   0   0   0   4 206],8,265,0.0,NgReg,791673181,1761498831,2519.0,206.0,0
1761498831904042500,[  9 215   0   0   0   0   4 206],8,265,0.0,NgReg,903754660,1761498831,2519.0,206.0,0
1761498831996038505,[  9 215   0   0   0   0   4 208],8,265,0.0,NgReg,995802633,1761498831,2519.0,212.0,0
1761498832108245293,[  9 217   0   0   0   4   4 209],8,265,4.0,NgReg,107976813,1761498832,2521.0,213.0,0
1761498832200264208,[  9 219   0   0   0  12   4 211],8,265,12.0,NgReg,200046672,1761498832,2523.0,215.0,0
1761498832346573077,[  9 220   0   0   0   0   4 208],8,265,0.0,NgReg,346152149,1761498832,2524.0,212.0,0
1761498832419041527,[  9 220   0   0   0   0   4 208],8,265,0.0,NgReg,418447703,1761498832,2524.0,212.0,0
1761498832510843770,[  9 220   0   0   0   1   4 209],8,265,1.0,NgReg,510530234,1761498832,2524.0,213.0,0
1761498832602416637,[  9 221   0   0   0   3   4 209],8,265,3.0,NgReg,601995261,1761498832,2525.0,213.0,0
1761498832714879681,[  9 221   0   0   0   0   4 208],8,265,0.0,NgReg,714563073,1761498832,2525.0,212.0,0
1761498832796830372,[  9 222   0   0   0   0   4 208],8,265,0.0,NgReg,796554660,1761498832,2526.0,212.0,0
1761498832909243751,[  9 222   0   0   0   0   4 208],8,265,0.0,NgReg,908990631,1761498832,2526.0,212.0,0
1761498833001253930,[  9 222   0   0   0   3   4 211],8,265,3.0,NgReg,936138,1761498833,2526.0,215.0,0
1761498833113659787,[  9 225   0   0   0   8   4 212],8,265,8.0,NgReg,113363595,1761498833,2529.0,212.0,0
1761498833205594508,[  9 226   0   0   0   1   4 210],8,265,1.0,NgReg,205330060,1761498833,2530.0,214.0,0
1761498833350766828,[  9 226   0   0   0   0   4 209],8,265,0.0,NgReg,350397612,1761498833,2530.0,213.0,0
1761498833423055277,[  9 226   0   0   0   1   4 211],8,265,1.0,NgReg,422393037,1761498833,2530.0,215.0,0
1761498833514850765,[  9 227   0   0   0   0   4 211],8,265,0.0,NgReg,514540717,1761498833,2531.0,215.0,0
1761498833607170638,[  9 228   0   0   0   1   4 210],8,265,1.0,NgReg,606817966,1761498833,2532.0,214.0,0
1761498833709416526,[  9 228   0   0   0   3   4 211],8,265,3.0,NgReg,709122638,1761498833,2532.0,215.0,0
1761498833801723278,[  9 228   0   0   0   0   4 210],8,265,0.0,NgReg,801455086,1761498833,2532.0,214.0,0
1761498833914382639,[  9 228   0   0   0   0   4 208],8,265,0.0,NgReg,914079695,1761498833,2532.0,212.0,0
1761498834006309167,[  9 227   0   0   0   0   4 210],8,265,0.0,NgReg,5999439,1761498834,2531.0,214.0,0
1761498834118748621,[  9 227   0   0   0   0   4 211],8,265,0.0,NgReg,118489261,1761498834,2531.0,215.0,0
1761498834200253163,[  9 229   0   0   0   9   4 214],8,265,9.0,NgReg,200009867,1761498834,2533.0,214.0,0
1761498834353648008,[  9 231   0   0   0   8   4 213],8,265,8.0,NgReg,353393064,1761498834,2535.0,213.0,0
1761498834425825862,[  9 232   0   0   0   1   4 212],8,265,1.0,NgReg,425656678,1761498834,2536.0,212.0,0
1761498834517926148,[  9 233   0   0   0   3   4 212],8,265,3.0,NgReg,517467972,1761498834,2537.0,212.0,0
1761498834609865794,[  9 233   0   0   0   0   4 212],8,265,0.0,NgReg,609552130,1761498834,2537.0,212.0,0
1761498834712205375,[  9 233   0   0   0   0   4 212],8,265,0.0,NgReg,712002783,1761498834,2537.0,212.0,0
1761498834804413149,[  9 233   0   0 255 255   4 211],8,265,-1.0,NgReg,804161373,1761498834,2537.0,215.0,0
1761498834916529467,[  9 232   0   0 255 251   4 210],8,265,-5.0,NgReg,916299451,1761498834,2536.0,214.0,0
1761498835008106425,[  9 232   0   0 255 253   4 210],8,265,-3.0,NgReg,7897497,1761498835,2536.0,214.0,0
1761498835120356371,[  9 232   0   0   0   4   4 212],8,265,4.0,NgReg,120009651,1761498835,2536.0,212.0,0
1761498835212001774,[  9 232   0   0   0   0   4 211],8,265,0.0,NgReg,211757294,1761498835,2536.0,215.0,0
1761498835355455783,[  9 231   0   0 255 251   4 209],8,265,-5.0,NgReg,355201671,1761498835,2535.0,213.0,0
1761498835428072580,[  9 233   0   0   0  14   4 216],8,265,14.0,NgReg,427868548,1761498835,2537.0,220.0,0
1761498835520087711,[  9 236   0   0   0  14   4 217],8,265,14.0,NgReg,519911999,1761498835,2540.0,221.0,0
1761498835612264954,[  9 239   0   0   0   5   4 216],8,265,5.0,NgReg,611917594,1761498835,2543.0,220.0,0
1761498835724293173,[  9 239   0   0   0   0   4 213],8,265,0.0,NgReg,723980245,1761498835,2543.0,213.0,0
1761498835806008113,[  9 239   0   0 255 250   4 212],8,265,-6.0,NgReg,805702289,1761498835,2543.0,212.0,0
1761498835918276651,[  9 235   0   0 255 239   4 207],8,265,-17.0,NgReg,917855563,1761498835,2539.0,207.0,0
1761498836009802662,[  9 233   0   0 255 253   4 209],8,265,-3.0,NgReg,9484326,1761498836,2537.0,213.0,0
1761498836123120446,[  9 230   0   0 255 239   4 206],8,265,-17.0,NgReg,122810686,1761498836,2534.0,206.0,0
1761498836215186615,[  9 231   0   0   0  41   4 219],8,265,41.0,NgReg,214746167,1761498836,2535.0,223.0,0
1761498836359552171,[  9 255   0   0   0 142   5  11],8,265,142.0,NgReg,359117068,1761498836,2559.0,15.0,0
1761498836432055430,[ 10  44   0   0   0 226   5  46],8,265,226.0,NgReg,431836294,1761498836,2604.0,47.0,0
1761498836524154015,[ 10 105   0   0   1  28   5  84],8,265,284.0,NgReg,523921183,1761498836,2665.0,85.0,0
1761498836615889688,[ 10 182   0   0   1  93   5 126],8,265,349.0,NgReg,615705080,1761498836,2742.0,127.0,0
1761498836718142928,[ 11  21   0   0   1 166   5 179],8,265,422.0,NgReg,717852624,1761498836,2837.0,183.0,0
1761498836810029385,[ 11 134   0   0   1 218   5 230],8,265,474.0,NgReg,809871209,1761498836,2950.0,231.0,0
1761498836922626912,[12  6  0  0  2 14  6 29],8,265,526.0,NgReg,922188704,1761498836,3078.0,31.0,0
1761498837014501625,[ 12 148   0   0   2  36   6  79],8,265,548.0,NgReg,14178201,1761498837,3220.0,79.0,0
1761498837126793389,[ 13  33   0   0   1 209   6 101],8,265,465.0,NgReg,126426221,1761498837,3361.0,103.0,0
1761498837218377060,[ 13 140   0   0   1  57   6  83],8,265,313.0,NgReg,218129092,1761498837,3468.0,87.0,0
1761498837364245556,[ 13 207   0   0   0 177   6  51],8,265,177.0,NgReg,364041172,1761498837,3535.0,55.0,0
1761498837436225837,[ 13 242   0   0   0  72   6  29],8,265,72.0,NgReg,435978285,1761498837,3570.0,31.0,0
1761498837528027651,[ 13 255   0   0   0  15   6   7],8,265,15.0,NgReg,527844739,1761498837,3583.0,7.0,0
1761498837610695099,[ 13 249   0   0 255 229   5 247],8,265,-27.0,NgReg,610199899,1761498837,3577.0,247.0,0
1761498837723251055,[ 13 234   0   0 255 200   5 234],8,265,-56.0,NgReg,722891375,1761498837,3562.0,239.0,0
1761498837815818277,[ 13 214   0   0 255 194   5 225],8,265,-62.0,NgReg,815652646,1761498837,3542.0,229.0,0
1761498837927879930,[ 13 197   0   0 255 218   5 228],8,265,-38.0,NgReg,927697626,1761498837,3525.0,229.0,0
1761498838020348880,[ 13 185   0   0 255 217   5 224],8,265,-39.0,NgReg,19783056,1761498838,3513.0,229.0,0
1761498838132048705,[ 13 172   0   0 255 219   5 222],8,265,-37.0,NgReg,131836129,1761498838,3500.0,223.0,0
1761498838215450806,[ 13 161   0   0 255 225   5 221],8,265,-31.0,NgReg,215089974,1761498838,3489.0,221.0,0
1761498838368940354,[ 13 158   0   0   0   0   5 229],8,265,0.0,NgReg,368703874,1761498838,3486.0,229.0,0
1761498838441904057,[ 13 158   0   0   0   3   5 231],8,265,3.0,NgReg,441588601,1761498838,3486.0,231.0,0
1761498838534397613,[ 13 159   0   0   0   0   5 231],8,265,0.0,NgReg,534160429,1761498838,3487.0,231.0,0
1761498838616128546,[ 13 158   0   0   0   0   5 230],8,265,0.0,NgReg,615953666,1761498838,3486.0,231.0,0
1761498838728132755,[ 13 159   0   0   0   2   5 231],8,265,2.0,NgReg,727944595,1761498838,3487.0,231.0,0
1761498838820517159,[ 13 159   0   0 255 255   5 230],8,265,-1.0,NgReg,820249223,1761498838,3487.0,231.0,0
1761498838932846361,[ 13 160   0   0   0  14   5 241],8,265,14.0,NgReg,932673561,1761498838,3488.0,245.0,0
1761498839024766252,[ 13 173   0   0   0  50   6   1],8,265,50.0,NgReg,24525516,1761498839,3501.0,7.0,0
1761498839126938300,[ 13 199   0   0   0 109   6  27],8,265,109.0,NgReg,126656124,1761498839,3527.0,31.0,0
1761498839219156750,[ 13 235   0   0   0 118   6  40],8,265,118.0,NgReg,218586990,1761498839,3563.0,46.0,0
1761498839374027285,[ 14  20   0   0   0 145   6  62],8,265,145.0,NgReg,373759221,1761498839,3604.0,62.0,0
1761498839446120298,[ 14  65   0   0   0 143   6  74],8,265,143.0,NgReg,445821834,1761498839,3649.0,78.0,0
1761498839527771197,[ 14 110   0   0   0 148   6  88],8,265,148.0,NgReg,527564509,1761498839,3694.0,94.0,0
1761498839620020559,[ 14 154   0   0   0 138   6  97],8,265,138.0,NgReg,619191247,1761498839,3738.0,103.0,0
1761498839732165789,[ 14 195   0   0   0 127   6 105],8,265,127.0,NgReg,731667773,1761498839,3779.0,111.0,0
1761498839824253070,[ 14 233   0   0   0 122   6 116],8,265,122.0,NgReg,823944111,1761498839,3817.0,118.0,0
1761498839936862205,[ 15  15   0   0   0 123   6 126],8,265,123.0,NgReg,936623261,1761498839,3855.0,126.0,0
1761498840019030703,[ 15  53   0   0   0 125   6 140],8,265,125.0,NgReg,18689520,1761498840,3893.0,142.0,0
1761498840133829274,[ 15  95   0   0   0 137   6 153],8,265,137.0,NgReg,133613818,1761498840,3935.0,159.0,0
1761498840225801418,[ 15 135   0   0   0 126   6 159],8,265,126.0,NgReg,225595210,1761498840,3975.0,159.0,0
1761498840379622701,[ 15 172   0   0   0 117   6 167],8,265,117.0,NgReg,379226925,1761498840,4012.0,167.0,0
1761498840453028736,[ 15 206   0   0   0 102   6 172],8,265,102.0,NgReg,452415104,1761498840,4046.0,174.0,0
1761498840534801521,[ 15 235   0   0   0  85   6 175],8,265,85.0,NgReg,534467793,1761498840,4075.0,175.0,0
1761498840626619072,[ 16   6   0   0   0  88   6 183],8,265,88.0,NgReg,626271712,1761498840,4102.0,183.0,0
1761498840738907180,[ 16  34   0   0   0  91   6 192],8,265,91.0,NgReg,738503820,1761498840,4130.0,198.0,0
1761498840830945755,[ 16  61   0   0   0  92   6 202],8,265,92.0,NgReg,830559643,1761498840,4157.0,206.0,0
1761498840933411240,[ 16  90   0   0   0  88   6 211],8,265,88.0,NgReg,932899176,1761498840,4186.0,215.0,0
1761498841025148566,[ 16 119   0   0   0  97   6 222],8,265,97.0,NgReg,24838583,1761498841,4215.0,222.0,0
1761498841137776095,[ 16 151   0   0   0 102   6 231],8,265,102.0,NgReg,137444671,1761498841,4247.0,231.0,0
1761498841229656460,[ 16 182   0   0   0  98   6 242],8,265,98.0,NgReg,229354764,1761498841,4278.0,246.0,0
1761498841383352715,[ 16 216   0   0   0 115   6 253],8,265,115.0,NgReg,383098444,1761498841,4312.0,255.0,0
1761498841456625916,[ 16 247   0   0   0  98   7   3],8,265,98.0,NgReg,456352796,1761498841,4343.0,7.0,0
1761498841538821387,[17 23  0  0  0 99  7 11],8,265,99.0,NgReg,538481323,1761498841,4375.0,15.0,0
1761498841631356792,[17 50  0  0  0 80  7 12],8,265,80.0,NgReg,630979416,1761498841,4402.0,15.0,0
1761498841743971328,[17 74  0  0  0 73  7 19],8,265,73.0,NgReg,743682688,1761498841,4426.0,23.0,0
1761498841825771631,[17 99  0  0  0 77  7 25],8,265,77.0,NgReg,825532815,1761498841,4451.0,31.0,0
1761498841938719511,[ 17 121   0   0   0  71   7  29],8,265,71.0,NgReg,938230039,1761498841,4473.0,31.0,0
1761498842030851107,[ 17 143   0   0   0  71   7  38],8,265,71.0,NgReg,30490563,1761498842,4495.0,39.0,0
1761498842143153513,[ 17 174   0   0   0  64   7  42],8,265,64.0,NgReg,142876553,1761498842,4526.0,47.0,0
1761498842235154067,[ 17 191   0   0   0  45   7  40],8,265,45.0,NgReg,234850579,1761498842,4543.0,47.0,0
1761498842379552209,[ 17 204   0   0   0  41   7  42],8,265,41.0,NgReg,379241137,1761498842,4556.0,47.0,0
1761498842451932832,[ 17 216   0   0   0  32   7  43],8,265,32.0,NgReg,451727136,1761498842,4568.0,47.0,0
1761498842544127914,[ 17 225   0   0   0  34   7  45],8,265,34.0,NgReg,543859979,1761498842,4577.0,47.0,0
1761498842636132693,[ 17 239   0   0   0  41   7  52],8,265,41.0,NgReg,635842069,1761498842,4591.0,55.0,0
1761498842738853853,[ 17 252   0   0   0  41   7  56],8,265,41.0,NgReg,738409565,1761498842,4604.0,63.0,0
1761498842831047111,[18  8  0  0  0 33  7 57],8,265,33.0,NgReg,830707431,1761498842,4616.0,63.0,0
1761498842942956461,[18 17  0  0  0 28  7 58],8,265,28.0,NgReg,942669357,1761498842,4625.0,63.0,0
1761498843035443798,[18 26  0  0  0 32  7 61],8,265,32.0,NgReg,35125686,1761498843,4634.0,63.0,0
1761498843147988057,[18 38  0  0  0 43  7 68],8,265,43.0,NgReg,147746617,1761498843,4646.0,71.0,0
1761498843229975523,[18 52  0  0  0 42  7 73],8,265,42.0,NgReg,229650403,1761498843,4660.0,79.0,0
1761498843384157499,[18 67  0  0  0 52  7 79],8,265,52.0,NgReg,383837723,1761498843,4675.0,79.0,0
1761498843456298952,[18 84  0  0  0 54  7 85],8,265,54.0,NgReg,455985832,1761498843,4692.0,87.0,0
1761498843548440048,[ 18 104   0   0   0  70   7  96],8,265,70.0,NgReg,548107536,1761498843,4712.0,103.0,0
1761498843640120408,[ 18 127   0   0   0  71   7 103],8,265,71.0,NgReg,639916376,1761498843,4735.0,103.0,0
1761498843742560702,[ 18 145   0   0   0  49   7 103],8,265,49.0,NgReg,742229310,1761498843,4753.0,103.0,0
1761498843834481862,[ 18 159   0   0   0  44   7 104],8,265,44.0,NgReg,834200006,1761498843,4767.0,111.0,0
1761498843946464296,[ 18 173   0   0   0  43   7 108],8,265,43.0,NgReg,946194408,1761498843,4781.0,111.0,0
1761498844038497615,[ 18 186   0   0   0  34   7 109],8,265,34.0,NgReg,38212080,1761498844,4794.0,111.0,0
1761498844150714991,[ 18 197   0   0   0  42   7 115],8,265,42.0,NgReg,150448015,1761498844,4805.0,119.0,0
1761498844232601720,[ 18 212   0   0   0  51   7 121],8,265,51.0,NgReg,232173752,1761498844,4820.0,127.0,0
1761498844386227756,[ 18 225   0   0   0  31   7 120],8,265,31.0,NgReg,385805772,1761498844,4833.0,127.0,0
1761498844458287703,[ 18 238   0   0   0  43   7 127],8,265,43.0,NgReg,457900759,1761498844,4846.0,127.0,0
1761498844550467069,[ 18 251   0   0   0  36   7 129],8,265,36.0,NgReg,550054557,1761498844,4859.0,135.0,0
1761498844642279075,[ 19   6   0   0   0  33   7 131],8,265,33.0,NgReg,641932163,1761498844,4870.0,135.0,0
1761498844744576517,[ 19  14   0   0   0  28   7 131],8,265,28.0,NgReg,744217029,1761498844,4878.0,135.0,0
1761498844836467787,[ 19  20   0   0   0  12   7 127],8,265,12.0,NgReg,836204203,1761498844,4884.0,127.0,0
1761498844949423083,[ 19  22   0   0   0   0   7 124],8,265,0.0,NgReg,948974379,1761498844,4886.0,127.0,0
1761498845041493327,[ 19  21   0   0 255 249   7 122],8,265,-7.0,NgReg,41178927,1761498845,4885.0,127.0,0
1761498845154805228,[ 19  21   0   0   0   0   7 123],8,265,0.0,NgReg,154536044,1761498845,4885.0,127.0,0
1761498845236379891,[ 19  21   0   0   0   2   7 124],8,265,2.0,NgReg,236174227,1761498845,4885.0,127.0,0
1761498845390323075,[ 19  21   0   0   0   0   7 124],8,265,0.0,NgReg,390072451,1761498845,4885.0,127.0,0
1761498845462287372,[ 19  24   0   0   0  14   7 131],8,265,14.0,NgReg,462050220,1761498845,4888.0,135.0,0
1761498845554388240,[ 19  31   0   0   0  35   7 141],8,265,35.0,NgReg,554131664,1761498845,4895.0,143.0,0
1761498845646330003,[ 19  44   0   0   0  32   7 141],8,265,32.0,NgReg,645888755,1761498845,4908.0,143.0,0
1761498845748461299,[ 19  52   1   0   0  41   7 140],8,265,41.0,NgReg,748028275,1761498845,4916.0,143.0,256
1761498845840151190,[ 19  52   1   0   0  45   7 144],8,265,45.0,NgReg,839959799,1761498845,4916.0,151.0,256
1761498845952351252,[ 19  52   0   0   0  32   7 144],8,265,32.0,NgReg,952157588,1761498845,4916.0,151.0,0
1761498846044380630,[ 19  61   0   0   0  28   7 145],8,265,28.0,NgReg,44097814,1761498846,4925.0,151.0,0
1761498846156457008,[ 19  67   0   0   0   6   7 139],8,265,6.0,NgReg,156273680,1761498846,4931.0,143.0,0
1761498846248294001,[ 19  68   0   0   0   4   7 142],8,265,4.0,NgReg,248072593,1761498846,4932.0,143.0,0
1761498846392182913,[ 19  72   0   0   0   6   7 141],8,265,6.0,NgReg,391769057,1761498846,4936.0,143.0,0
1761498846464244520,[ 19  76   0   0   0  17   7 145],8,265,17.0,NgReg,463931177,1761498846,4940.0,151.0,0
1761498846557776233,[ 19  79   0   0   0   5   7 142],8,265,5.0,NgReg,557191145,1761498846,4943.0,143.0,0
1761498846649293834,[ 19  83   0   0   0  23   7 148],8,265,23.0,NgReg,649084234,1761498846,4947.0,151.0,0
1761498846751600968,[ 19  89   0   0   0  21   7 150],8,265,21.0,NgReg,751319752,1761498846,4953.0,151.0,0
1761498846843800617,[ 19  90   1   0   0  24   7 150],8,265,24.0,NgReg,843528489,1761498846,4954.0,151.0,256
1761498846955980611,[ 19  91   0   0   0   3   7 144],8,265,3.0,NgReg,955793347,1761498846,4955.0,151.0,0
1761498847047748547,[ 19  91   0   0   0   0   7 143],8,265,0.0,NgReg,47537539,1761498847,4955.0,143.0,0
1761498847159729946,[ 19  89   0   0 255 243   7 137],8,265,-13.0,NgReg,159548283,1761498847,4953.0,143.0,0
1761498847251725849,[ 19  86   0   0   0   1   7 142],8,265,1.0,NgReg,251369305,1761498847,4950.0,143.0,0
1761498847396997477,[ 19  86   0   0   0   0   7 142],8,265,0.0,NgReg,396754501,1761498847,4950.0,143.0,0
1761498847468730379,[ 19  87   0   0   0   0   7 143],8,265,0.0,NgReg,468558635,1761498847,4951.0,143.0,0
1761498847560651466,[ 19  87   0   0   0   3   7 144],8,265,3.0,NgReg,560491786,1761498847,4951.0,151.0,0
1761498847652724168,[ 19  89   0   0   0   9   7 144],8,265,9.0,NgReg,652528328,1761498847,4953.0,151.0,0
1761498847755111299,[ 19  89   0   0 255 255   7 144],8,265,-1.0,NgReg,754636675,1761498847,4953.0,151.0,0
1761498847847192418,[ 19  89   0   0   0   0   7 143],8,265,0.0,NgReg,846899138,1761498847,4953.0,143.0,0
1761498847960269689,[ 19  89   0   0 255 253   7 141],8,265,-3.0,NgReg,960113529,1761498847,4953.0,143.0,0
1761498848052464695,[ 19  86   0   0 255 239   7 135],8,265,-17.0,NgReg,52149687,1761498848,4950.0,135.0,0
1761498848165535403,[ 19  77   0   0 255 224   7 128],8,265,-32.0,NgReg,165362283,1761498848,4941.0,135.0,0
1761498848247634155,[ 19  66   0   0 255 218   7 124],8,265,-38.0,NgReg,247396011,1761498848,4930.0,127.0,0
1761498848401794352,[ 19  55   0   0 255 227   7 124],8,265,-29.0,NgReg,401564368,1761498848,4919.0,127.0,0
1761498848474943827,[ 19  48   0   0 255 239   7 124],8,265,-17.0,NgReg,474597332,1761498848,4912.0,127.0,0
1761498848557241396,[ 19  43   0   0 255 246   7 127],8,265,-10.0,NgReg,556966068,1761498848,4907.0,127.0,0
1761498848649807024,[ 19  41   0   0 255 249   7 128],8,265,-7.0,NgReg,649510992,1761498848,4905.0,135.0,0
1761498848762917220,[ 19  38   0   0 255 238   7 123],8,265,-18.0,NgReg,762226724,1761498848,4902.0,127.0,0
1761498848854767201,[ 19  29   0   0 255 224   7 115],8,265,-32.0,NgReg,854389345,1761498848,4893.0,119.0,0
1761498848967448405,[ 19  18   0   0 255 219   7 111],8,265,-37.0,NgReg,967096501,1761498848,4882.0,111.0,0
1761498849049435284,[ 19   5   0   0 255 213   7 103],8,265,-43.0,NgReg,49107797,1761498849,4869.0,103.0,0
1761498849162287014,[ 18 249   0   0 255 223   7 101],8,265,-33.0,NgReg,161928518,1761498849,4857.0,103.0,0
1761498849254335904,[ 18 240   0   0 255 230   7 102],8,265,-26.0,NgReg,253981472,1761498849,4848.0,103.0,0
1761498849408517153,[ 18 230   0   0 255 227   7 100],8,265,-29.0,NgReg,408275041,1761498849,4838.0,103.0,0
1761498849481053091,[ 18 219   0   0 255 225   7  96],8,265,-31.0,NgReg,480856003,1761498849,4827.0,103.0,0
1761498849563637569,[ 18 215   0   0 255 251   7 102],8,265,-5.0,NgReg,563366689,1761498849,4823.0,103.0,0
1761498849656319707,[ 18 212   0   0 255 237   7 100],8,265,-19.0,NgReg,656053499,1761498849,4820.0,103.0,0
1761498849769370989,[ 18 204   0   0 255 231   7  94],8,265,-25.0,NgReg,769037517,1761498849,4812.0,95.0,0
1761498849851893707,[ 18 198   0   0 255 230   7  93],8,265,-26.0,NgReg,851625835,1761498849,4806.0,95.0,0
1761498849964801373,[ 18 187   0   0 255 220   7  85],8,265,-36.0,NgReg,964473821,1761498849,4795.0,87.0,0
1761498850056649878,[ 18 176   0   0 255 221   7  83],8,265,-35.0,NgReg,56434518,1761498850,4784.0,87.0,0
1761498850169378821,[ 18 164   0   0 255 219   7  79],8,265,-37.0,NgReg,169198085,1761498850,4772.0,79.0,0
1761498850261758620,[ 18 149   0   0 255 205   7  70],8,265,-51.0,NgReg,261291293,1761498850,4757.0,71.0,0
1761498850405373726,[ 18 134   0   0 255 215   7  67],8,265,-41.0,NgReg,405067806,1761498850,4742.0,71.0,0
1761498850477447999,[ 18 119   0   0 255 207   7  62],8,265,-49.0,NgReg,477228447,1761498850,4727.0,63.0,0
1761498850569603606,[ 18 101   0   0 255 202   7  54],8,265,-54.0,NgReg,569345751,1761498850,4709.0,55.0,0
1761498850661992718,[ 18  84   0   0 255 211   7  52],8,265,-45.0,NgReg,661755374,1761498850,4692.0,55.0,0
1761498850764150850,[ 18  67   0   0 255 207   7  45],8,265,-49.0,NgReg,763911138,1761498850,4675.0,47.0,0
1761498850856120538,[ 18  57   0   0 255 227   7  50],8,265,-29.0,NgReg,855909594,1761498850,4665.0,55.0,0
1761498850969411337,[18 56  0  0  0  3  7 60],8,265,3.0,NgReg,968580233,1761498850,4664.0,63.0,0
1761498851060953087,[18 57  0  0  0  0  7 59],8,265,0.0,NgReg,60711839,1761498851,4665.0,63.0,0
1761498851173212588,[ 18  53   0   0 255 243   7  53],8,265,-13.0,NgReg,173039244,1761498851,4661.0,55.0,0
1761498851266014049,[ 18  48   0   0 255 241   7  52],8,265,-15.0,NgReg,265672321,1761498851,4656.0,55.0,0
1761498851410601887,[ 18  44   0   0 255 254   7  54],8,265,-2.0,NgReg,410327423,1761498851,4652.0,55.0,0
1761498851482613342,[ 18  43   0   0 255 245   7  52],8,265,-11.0,NgReg,482364030,1761498851,4651.0,55.0,0
1761498851574870771,[ 18  36   0   0 255 230   7  45],8,265,-26.0,NgReg,574337108,1761498851,4644.0,47.0,0
1761498851658529517,[ 18  29   0   0 255 240   7  44],8,265,-16.0,NgReg,657975341,1761498851,4637.0,47.0,0
1761498851770942137,[ 18  21   0   0 255 224   7  38],8,265,-32.0,NgReg,770640922,1761498851,4629.0,39.0,0
1761498851862249424,[ 18   8   0   0 255 214   7  31],8,265,-42.0,NgReg,861984528,1761498851,4616.0,31.0,0
1761498851974846396,[ 17 249   0   0 255 204   7  23],8,265,-52.0,NgReg,974365180,1761498851,4601.0,23.0,0
1761498852066342928,[ 17 232   0   0 255 208   7  19],8,265,-48.0,NgReg,65993745,1761498852,4584.0,23.0,0
1761498852178540730,[ 17 218   0   0 255 222   7  20],8,265,-34.0,NgReg,178284346,1761498852,4570.0,23.0,0
1761498852260422291,[ 17 208   0   0 255 222   7  16],8,265,-34.0,NgReg,259802259,1761498852,4560.0,23.0,0
1761498852413810441,[ 17 195   0   0 255 209   7   8],8,265,-47.0,NgReg,413553609,1761498852,4547.0,15.0,0
1761498852486060422,[ 17 182   0   0 255 229   7  12],8,265,-27.0,NgReg,485501030,1761498852,4534.0,15.0,0
1761498852578010073,[ 17 176   0   0 255 236   7  13],8,265,-20.0,NgReg,577501242,1761498852,4528.0,15.0,0
1761498852669795181,[ 17 169   0   0 255 242   7  13],8,265,-14.0,NgReg,669258477,1761498852,4521.0,15.0,0
1761498852771677052,[ 17 166   0   0 255 245   7  13],8,265,-11.0,NgReg,771351964,1761498852,4518.0,15.0,0
1761498852863150768,[ 17 161   0   0 255 242   7  10],8,265,-14.0,NgReg,862979632,1761498852,4513.0,15.0,0
1761498852975601657,[ 17 155   0   0 255 235   7   6],8,265,-21.0,NgReg,975274297,1761498852,4507.0,7.0,0
1761498853067927019,[ 17 145   0   0 255 222   6 255],8,265,-34.0,NgReg,67702923,1761498853,4497.0,255.0,0
1761498853180373618,[ 17 133   0   0 255 214   6 248],8,265,-42.0,NgReg,180137906,1761498853,4485.0,254.0,0
1761498853262690281,[ 17 119   0   0 255 213   6 242],8,265,-43.0,NgReg,262332073,1761498853,4471.0,246.0,0
1761498853417033370,[ 17 104   0   0 255 210   6 237],8,265,-46.0,NgReg,416763290,1761498853,4456.0,239.0,0
1761498853489251734,[ 17  87   0   0 255 208   6 235],8,265,-48.0,NgReg,489027606,1761498853,4439.0,239.0,0
1761498853581368583,[ 17  76   0   0 255 226   6 235],8,265,-30.0,NgReg,581137895,1761498853,4428.0,239.0,0
1761498853673395288,[ 17  66   0   0 255 225   6 234],8,265,-31.0,NgReg,673197209,1761498853,4418.0,238.0,0
1761498853776384356,[ 17  58   0   0 255 231   6 231],8,265,-25.0,NgReg,776079652,1761498853,4410.0,231.0,0
1761498853868635766,[ 17  48   0   0 255 226   6 229],8,265,-30.0,NgReg,868287254,1761498853,4400.0,231.0,0
1761498853981217629,[ 17  41   0   0 255 244   6 230],8,265,-12.0,NgReg,980957021,1761498853,4393.0,230.0,0
1761498854073657196,[ 17  35   0   0 255 236   6 226],8,265,-20.0,NgReg,73119308,1761498854,4387.0,230.0,0
1761498854175780854,[ 17  25   0   0 255 222   6 218],8,265,-34.0,NgReg,175535894,1761498854,4377.0,222.0,0
1761498854268331685,[ 17  10   0   0 255 204   6 208],8,265,-52.0,NgReg,267749989,1761498854,4362.0,214.0,0
1761498854421929427,[ 16 249   0   0 255 208   6 205],8,265,-48.0,NgReg,421641972,1761498854,4345.0,207.0,0
1761498854494519661,[ 16 234   0   0 255 211   6 201],8,265,-45.0,NgReg,494291949,1761498854,4330.0,207.0,0
1761498854586789756,[ 16 219   0   0 255 212   6 197],8,265,-44.0,NgReg,586459356,1761498854,4315.0,199.0,0
1761498854668710481,[ 16 203   0   0 255 205   6 190],8,265,-51.0,NgReg,668474961,1761498854,4299.0,190.0,0
1761498854781162293,[ 16 187   0   0 255 213   6 188],8,265,-43.0,NgReg,780932757,1761498854,4283.0,190.0,0
1761498854873000516,[ 16 172   0   0 255 210   6 185],8,265,-46.0,NgReg,872790500,1761498854,4268.0,191.0,0
1761498854985800104,[ 16 160   0   0 255 206   6 178],8,265,-50.0,NgReg,985551113,1761498854,4256.0,182.0,0
1761498855077695670,[ 16 143   0   0 255 208   6 173],8,265,-48.0,NgReg,77448342,1761498855,4239.0,175.0,0
1761498855180102429,[ 16 114   0   0 255 195   6 164],8,265,-61.0,NgReg,179819709,1761498855,4210.0,166.0,0
1761498855273187978,[ 16  91   0   0 255 187   6 154],8,265,-69.0,NgReg,272366730,1761498855,4187.0,158.0,0
1761498855426563893,[ 16  74   0   0 255 223   6 158],8,265,-33.0,NgReg,426279989,1761498855,4170.0,158.0,0
1761498855498504845,[ 16  63   0   0 255 212   6 156],8,265,-44.0,NgReg,498256845,1761498855,4159.0,158.0,0
1761498855580716192,[ 16  46   0   0 255 204   6 147],8,265,-52.0,NgReg,580347840,1761498855,4142.0,151.0,0
1761498855672873645,[ 16  28   0   0 255 205   6 142],8,265,-51.0,NgReg,672566573,1761498855,4124.0,142.0,0
1761498855785294254,[ 16  12   0   0 255 206   6 137],8,265,-50.0,NgReg,784947343,1761498855,4108.0,143.0,0
1761498855877729563,[ 15 253   0   0 255 208   6 134],8,265,-48.0,NgReg,877408859,1761498855,4093.0,134.0,0
1761498855990270173,[ 15 233   0   0 255 189   6 123],8,265,-67.0,NgReg,990049565,1761498855,4073.0,127.0,0
1761498856072565102,[ 15 210   0   0 255 188   6 115],8,265,-68.0,NgReg,72283918,1761498856,4050.0,119.0,0
1761498856184873837,[ 15 187   0   0 255 188   6 108],8,265,-68.0,NgReg,184593229,1761498856,4027.0,110.0,0
1761498856277765143,[ 15 167   0   0 255 203   6 106],8,265,-53.0,NgReg,277228472,1761498856,4007.0,110.0,0
1761498856431142943,[ 15 151   0   0 255 206   6 104],8,265,-50.0,NgReg,430875743,1761498856,3991.0,110.0,0
1761498856503350581,[ 15 135   0   0 255 213   6 100],8,265,-43.0,NgReg,503055061,1761498856,3975.0,102.0,0
1761498856585878598,[ 15 119   0   0 255 203   6  94],8,265,-53.0,NgReg,585340678,1761498856,3959.0,94.0,0
1761498856677753777,[ 15 106   0   0 255 227   6  96],8,265,-29.0,NgReg,677487793,1761498856,3946.0,102.0,0
1761498856790173232,[ 15  95   0   0 255 220   6  92],8,265,-36.0,NgReg,789907408,1761498856,3935.0,94.0,0
1761498856882191067,[ 15  83   0   0 255 212   6  87],8,265,-44.0,NgReg,881945883,1761498856,3923.0,87.0,0
1761498856995072410,[ 15  74   0   0 255 228   6  88],8,265,-28.0,NgReg,994749146,1761498856,3914.0,94.0,0
1761498857076902345,[ 15  68   0   0 255 245   6  92],8,265,-11.0,NgReg,76360393,1761498857,3908.0,94.0,0
1761498857189335109,[ 15  66   0   0 255 254   6  94],8,265,-2.0,NgReg,188571462,1761498857,3906.0,94.0,0
1761498857281108846,[15 67  0  0  0  5  6 97],8,265,5.0,NgReg,280855503,1761498857,3907.0,103.0,0
1761498857434927538,[15 67  0  0  0  0  6 95],8,265,0.0,NgReg,434571858,1761498857,3907.0,95.0,0
1761498857506792743,[ 15  61   0   0 255 227   6  84],8,265,-29.0,NgReg,506584967,1761498857,3901.0,86.0,0
1761498857588600566,[ 15  49   0   0 255 217   6  76],8,265,-39.0,NgReg,588404630,1761498857,3889.0,78.0,0
1761498857680430239,[ 15  31   0   0 255 192   6  63],8,265,-64.0,NgReg,680258719,1761498857,3871.0,63.0,0
1761498857793304155,[ 15   9   0   0 255 197   6  58],8,265,-59.0,NgReg,792998203,1761498857,3849.0,62.0,0
1761498857884879940,[ 14 246   0   0 255 200   6  54],8,265,-56.0,NgReg,884719300,1761498857,3830.0,54.0,0
1761498857997453761,[ 14 230   0   0 255 211   6  53],8,265,-45.0,NgReg,997115553,1761498857,3814.0,55.0,0
1761498858079332558,[ 14 217   0   0 255 222   6  53],8,265,-34.0,NgReg,79090990,1761498858,3801.0,55.0,0
1761498858191507720,[ 14 209   0   0 255 239   6  58],8,265,-17.0,NgReg,191133576,1761498858,3793.0,62.0,0
1761498858283533007,[ 14 208   0   0   0   0   6  62],8,265,0.0,NgReg,283206095,1761498858,3792.0,62.0,0
1761498858438913294,[ 14 207   0   0 255 252   6  57],8,265,-4.0,NgReg,438227183,1761498858,3791.0,63.0,0
1761498858511590529,[ 14 202   0   0 255 236   6  53],8,265,-20.0,NgReg,511179457,1761498858,3786.0,55.0,0
1761498858593873326,[ 14 193   0   0 255 227   6  48],8,265,-29.0,NgReg,593407150,1761498858,3777.0,54.0,0
1761498858685650037,[ 14 189   0   0 255 255   6  56],8,265,-1.0,NgReg,685266165,1761498858,3773.0,62.0,0
1761498858798216271,[ 14 188   0   0   0   2   6  58],8,265,2.0,NgReg,797914383,1761498858,3772.0,62.0,0
1761498858890263669,[ 14 189   0   0   0   0   6  57],8,265,0.0,NgReg,889992149,1761498858,3773.0,63.0,0
1761498858992417910,[ 14 189   0   0   0   0   6  56],8,265,0.0,NgReg,992081206,1761498858,3773.0,62.0,0
1761498859084148155,[ 14 189   0   0   0   0   6  57],8,265,0.0,NgReg,83902683,1761498859,3773.0,63.0,0
1761498859196253554,[ 14 186   0   0 255 239   6  50],8,265,-17.0,NgReg,196010035,1761498859,3770.0,54.0,0
1761498859299329776,[ 14 176   0   0 255 223   6  42],8,265,-33.0,NgReg,299042704,1761498859,3760.0,46.0,0
1761498859442692435,[ 14 168   0   0 255 241   6  46],8,265,-15.0,NgReg,442370388,1761498859,3752.0,46.0,0
1761498859514380517,[ 14 164   0   0 255 241   6  44],8,265,-15.0,NgReg,514137061,1761498859,3748.0,46.0,0
1761498859596195120,[ 14 159   0   0 255 244   6  44],8,265,-12.0,NgReg,596004337,1761498859,3743.0,46.0,0
1761498859687938133,[ 14 158   0   0   0   0   6  48],8,265,0.0,NgReg,687742229,1761498859,3742.0,54.0,0
1761498859800650573,[ 14 158   0   0   0   2   6  49],8,265,2.0,NgReg,800354861,1761498859,3742.0,55.0,0
1761498859893727601,[ 14 161   0   0   0  14   6  51],8,265,14.0,NgReg,893418737,1761498859,3745.0,55.0,0
1761498859996027695,[ 14 162   0   0   0   2   6  51],8,265,2.0,NgReg,995824079,1761498859,3746.0,55.0,0
1761498860088890001,[ 14 163   0   0   0   0   6  49],8,265,0.0,NgReg,88567985,1761498860,3747.0,55.0,0
1761498860200999078,[ 14 161   0   0 255 239   6  41],8,265,-17.0,NgReg,200721510,1761498860,3745.0,47.0,0
1761498860293092424,[ 14 152   0   0 255 226   6  35],8,265,-30.0,NgReg,292801577,1761498860,3736.0,39.0,0
1761498860446328610,[ 14 141   0   0 255 218   6  29],8,265,-38.0,NgReg,446136450,1761498860,3725.0,31.0,0
1761498860519207313,[ 14 128   0   0 255 221   6  27],8,265,-35.0,NgReg,518293842,1761498860,3712.0,31.0,0
1761498860600296987,[ 14 118   0   0 255 223   6  25],8,265,-33.0,NgReg,600090139,1761498860,3702.0,31.0,0
1761498860692571134,[ 14 109   0   0 255 242   6  31],8,265,-14.0,NgReg,692247998,1761498860,3693.0,31.0,0
1761498860804775347,[ 14 107   0   0 255 243   6  29],8,265,-13.0,NgReg,804531731,1761498860,3691.0,31.0,0
1761498860896697461,[ 14 103   0   0 255 247   6  29],8,265,-9.0,NgReg,896479350,1761498860,3687.0,31.0,0
1761498860999064049,[ 14 103   0   0   0   0   6  32],8,265,0.0,NgReg,998815409,1761498860,3687.0,38.0,0
1761498861091147474,[ 14 102   0   0 255 248   6  26],8,265,-8.0,NgReg,90851474,1761498861,3686.0,30.0,0
1761498861203685412,[ 14  97   0   0 255 250   6  29],8,265,-6.0,NgReg,203241092,1761498861,3681.0,31.0,0
1761498861295840581,[14 98  0  0  0 18  6 34],8,265,18.0,NgReg,295596229,1761498861,3682.0,38.0,0
1761498861449481275,[ 14 106   0   0   0  19   6  40],8,265,19.0,NgReg,449236539,1761498861,3690.0,46.0,0
1761498861521256233,[ 14 108   0   0   0   1   6  35],8,265,1.0,NgReg,521106121,1761498861,3692.0,39.0,0
1761498861603640944,[ 14 107   0   0 255 248   6  31],8,265,-8.0,NgReg,603331440,1761498861,3691.0,31.0,0
1761498861695543377,[ 14 101   0   0 255 233   6  25],8,265,-23.0,NgReg,695218193,1761498861,3685.0,31.0,0
1761498861808009731,[ 14  94   0   0 255 234   6  22],8,265,-22.0,NgReg,807812739,1761498861,3678.0,22.0,0
1761498861899949412,[ 14  85   0   0 255 221   6  16],8,265,-35.0,NgReg,899785188,1761498861,3669.0,22.0,0
1761498862002140701,[ 14  78   0   0 255 248   6  20],8,265,-8.0,NgReg,1901341,1761498862,3662.0,22.0,0
1761498862094110044,[14 78  0  0  0  4  6 25],8,265,4.0,NgReg,93816252,1761498862,3662.0,31.0,0
1761498862206524076,[14 80  0  0  0 11  6 29],8,265,11.0,NgReg,206023244,1761498862,3664.0,31.0,0
1761498862299348106,[14 83  0  0  0  6  6 29],8,265,6.0,NgReg,299011082,1761498862,3667.0,31.0,0
1761498862452276733,[14 84  0  0  0  0  6 27],8,265,0.0,NgReg,452104573,1761498862,3668.0,31.0,0
1761498862524473546,[ 14  83   0   0 255 253   6  26],8,265,-3.0,NgReg,524213898,1761498862,3667.0,30.0,0
1761498862606507343,[ 14  82   0   0 255 247   6  24],8,265,-9.0,NgReg,606164111,1761498862,3666.0,30.0,0
1761498862698248494,[ 14  77   0   0 255 249   6  21],8,265,-7.0,NgReg,697993998,1761498862,3661.0,23.0,0
1761498862810833918,[14 76  0  0  0  0  6 24],8,265,0.0,NgReg,810466334,1761498862,3660.0,30.0,0
1761498862902760508,[ 14  75   0   0 255 253   6  23],8,265,-3.0,NgReg,902510588,1761498862,3659.0,23.0,0
1761498863005378003,[ 14  70   0   0 255 239   6  17],8,265,-17.0,NgReg,4954803,1761498863,3654.0,23.0,0
1761498863097689583,[ 14  66   0   0 255 238   6  15],8,265,-18.0,NgReg,97369776,1761498863,3650.0,15.0,0
1761498863210225501,[ 14  59   0   0 255 234   6  11],8,265,-22.0,NgReg,209806685,1761498863,3643.0,15.0,0
1761498863302438713,[ 14  50   0   0 255 226   6   6],8,265,-30.0,NgReg,301985209,1761498863,3634.0,6.0,0
1761498863456138568,[ 14  40   0   0 255 231   6   6],8,265,-25.0,NgReg,455897737,1761498863,3624.0,6.0,0
1761498863528327251,[14 42  0  0  0 24  6 23],8,265,24.0,NgReg,528030804,1761498863,3626.0,23.0,0
1761498863610396951,[14 55  0  0  0 45  6 34],8,265,45.0,NgReg,610115063,1761498863,3639.0,38.0,0
1761498863703383347,[14 71  0  0  0 52  6 40],8,265,52.0,NgReg,702939699,1761498863,3655.0,46.0,0
1761498863815936960,[14 84  0  0  0 29  6 36],8,265,29.0,NgReg,815677857,1761498863,3668.0,38.0,0
1761498863897743076,[ 14  86   0   0 255 249   6  24],8,265,-7.0,NgReg,897410053,1761498863,3670.0,30.0,0
1761498864010472017,[ 14  76   0   0 255 211   6   9],8,265,-45.0,NgReg,9998930,1761498864,3660.0,15.0,0
1761498864102560524,[ 14  62   0   0 255 217   6   8],8,265,-39.0,NgReg,102082412,1761498864,3646.0,14.0,0
1761498864215400183,[14 59  0  0  0  4  6 20],8,265,4.0,NgReg,214855959,1761498864,3643.0,22.0,0
1761498864307354673,[14 60  0  0  0  0  6 21],8,265,0.0,NgReg,307054193,1761498864,3644.0,23.0,0
1761498864451734436,[14 66  0  0  0 25  6 30],8,265,25.0,NgReg,451129636,1761498864,3650.0,30.0,0
1761498864523774894,[14 72  0  0  0 15  6 30],8,265,15.0,NgReg,523488046,1761498864,3656.0,30.0,0
1761498864615836744,[14 78  0  0  0 16  6 31],8,265,16.0,NgReg,615543016,1761498864,3662.0,31.0,0
1761498864707790083,[14 81  0  0  0  0  6 26],8,265,0.0,NgReg,707553763,1761498864,3665.0,30.0,0
1761498864820390733,[ 14  77   0   0 255 235   6  17],8,265,-21.0,NgReg,820019182,1761498864,3661.0,23.0,0
1761498864902303664,[ 14  69   0   0 255 235   6  15],8,265,-21.0,NgReg,902057808,1761498864,3653.0,15.0,0
1761498865014663802,[ 14  63   0   0 255 235   6  13],8,265,-21.0,NgReg,14356123,1761498865,3647.0,15.0,0
1761498865107109843,[ 14  55   0   0 255 232   6  10],8,265,-24.0,NgReg,106628339,1761498865,3639.0,14.0,0
1761498865219588123,[ 14  49   0   0 255 243   6  11],8,265,-13.0,NgReg,218947900,1761498865,3633.0,15.0,0
1761498865311573556,[ 14  44   0   0 255 240   6  11],8,265,-16.0,NgReg,311256084,1761498865,3628.0,15.0,0
1761498865455830116,[14 43  0  0  0  2  6 16],8,265,2.0,NgReg,455565636,1761498865,3627.0,22.0,0
1761498865528352107,[14 45  0  0  0  4  6 19],8,265,4.0,NgReg,527882828,1761498865,3629.0,23.0,0
1761498865620305476,[14 54  0  0  0 35  6 29],8,265,35.0,NgReg,620003844,1761498865,3638.0,31.0,0
1761498865712169564,[14 65  0  0  0 41  6 35],8,265,41.0,NgReg,711843357,1761498865,3649.0,39.0,0
1761498865814402829,[14 76  0  0  0 22  6 33],8,265,22.0,NgReg,814225357,1761498865,3660.0,39.0,0
1761498865906379749,[14 79  0  0  0  0  6 25],8,265,0.0,NgReg,905981222,1761498865,3663.0,31.0,0
1761498866023628874,[ 14  75   0   0 255 236   6  16],8,265,-20.0,NgReg,20385516,1761498866,3659.0,22.0,0
1761498866110220421,[ 14  64   0   0 255 215   6   6],8,265,-41.0,NgReg,109907333,1761498866,3648.0,6.0,0
1761498866222219819,[ 14  49   0   0 255 208   6   0],8,265,-48.0,NgReg,222043915,1761498866,3633.0,6.0,0
1761498866314105730,[ 14  37   0   0 255 222   6   1],8,265,-34.0,NgReg,313931106,1761498866,3621.0,7.0,0
1761498866457641199,[ 14  28   0   0 255 242   6   8],8,265,-14.0,NgReg,457366607,1761498866,3612.0,14.0,0
1761498866530029205,[14 28  0  0  0  0  6 10],8,265,0.0,NgReg,529600886,1761498866,3612.0,14.0,0
1761498866621977612,[14 28  0  0  0  0  6 10],8,265,0.0,NgReg,621732812,1761498866,3612.0,14.0,0
1761498866713794659,[14 28  0  0  0  0  6 10],8,265,0.0,NgReg,713517411,1761498866,3612.0,14.0,0
1761498866826104553,[14 28  0  0  0  0  6 13],8,265,0.0,NgReg,825794985,1761498866,3612.0,15.0,0
1761498866907927496,[14 34  0  0  0 30  6 23],8,265,30.0,NgReg,907649800,1761498866,3618.0,23.0,0
1761498867020173838,[14 43  0  0  0 21  6 21],8,265,21.0,NgReg,19706638,1761498867,3627.0,23.0,0
1761498867112036130,[ 14  44   0   0 255 240   5 255],8,265,-16.0,NgReg,111860834,1761498867,3628.0,255.0,0
1761498867224408774,[ 14  15   0   2 255 115   5 213],8,265,-141.0,NgReg,224129606,1761498867,3599.0,213.0,2
1761498867316308315,[ 13 240   0   2 255  13   5 169],8,265,-243.0,NgReg,316081595,1761498867,3568.0,173.0,2
1761498867469844189,[ 13 193   0   2 254 186   5 126],8,265,-326.0,NgReg,469537053,1761498867,3521.0,127.0,2
1761498867542274914,[ 13 128   0   0 254 139   5  82],8,265,-373.0,NgReg,541977314,1761498867,3456.0,87.0,0
1761498867624209118,[ 12 207   0   0 254 195   5  60],8,265,-317.0,NgReg,623923263,1761498867,3279.0,61.0,0
1761498867715985843,[ 12 124   0   0 255  10   5  59],8,265,-246.0,NgReg,715725523,1761498867,3196.0,63.0,0
1761498867828345335,[ 12  64   0   0 255  76   5  65],8,265,-180.0,NgReg,828154007,1761498867,3136.0,69.0,0
1761498867920243436,[ 12  21   0   0 255 123   5  69],8,265,-133.0,NgReg,919986060,1761498867,3093.0,69.0,0
1761498868022174232,[ 11 245   0   0 255 161   5  72],8,265,-95.0,NgReg,22020312,1761498868,3061.0,77.0,0
1761498868114473258,[ 11 224   0   0 255 199   5  79],8,265,-57.0,NgReg,114276618,1761498868,3040.0,79.0,0
1761498868226571340,[ 11 212   0   0 255 225   5  85],8,265,-31.0,NgReg,226410988,1761498868,3028.0,85.0,0
1761498868319238782,[ 11 213   0   0   0  22   5 102],8,265,22.0,NgReg,319012158,1761498868,3029.0,103.0,0
1761498868473179741,[ 11 222   0   0   0  50   5 115],8,265,50.0,NgReg,472919421,1761498868,3038.0,119.0,0
1761498868544968448,[ 11 236   0   0   0  53   5 121],8,265,53.0,NgReg,544744160,1761498868,3052.0,125.0,0
1761498868627193915,[ 11 253   0   0   0  69   5 131],8,265,69.0,NgReg,626835675,1761498868,3069.0,135.0,0
1761498868719180398,[ 12  17   0   0   0  85   5 142],8,265,85.0,NgReg,718768270,1761498868,3089.0,143.0,0
1761498868831572847,[ 12  37   0   0   0  71   5 145],8,265,71.0,NgReg,831289135,1761498868,3109.0,149.0,0
1761498868923859906,[ 12  53   0   0   0  54   5 144],8,265,54.0,NgReg,923567970,1761498868,3125.0,149.0,0
1761498869025916107,[ 12  66   0   0   0  42   5 144],8,265,42.0,NgReg,25623820,1761498869,3138.0,149.0,0
1761498869118165564,[ 12  72   0   0   0  12   5 138],8,265,12.0,NgReg,117922588,1761498869,3144.0,143.0,0
1761498869231081114,[ 12  70   0   0 255 241   5 127],8,265,-15.0,NgReg,230573595,1761498869,3142.0,127.0,0
1761498869322384396,[ 12  64   0   0 255 225   5 119],8,265,-31.0,NgReg,322201228,1761498869,3136.0,119.0,0
1761498869475697288,[ 12  54   0   0 255 216   5 112],8,265,-40.0,NgReg,475335752,1761498869,3126.0,117.0,0
1761498869547733482,[ 12  41   0   0 255 207   5 106],8,265,-49.0,NgReg,547492938,1761498869,3113.0,111.0,0
1761498869629994115,[ 12  30   0   0 255 221   5 105],8,265,-35.0,NgReg,629475907,1761498869,3102.0,109.0,0
1761498869721545972,[ 12  19   0   0 255 218   5 102],8,265,-38.0,NgReg,721313684,1761498869,3091.0,103.0,0
1761498869834578738,[ 12   6   0   0 255 206   5  95],8,265,-50.0,NgReg,834229523,1761498869,3078.0,95.0,0
1761498869926945891,[ 11 250   0   0 255 213   5  93],8,265,-43.0,NgReg,926309827,1761498869,3066.0,93.0,0
1761498870029427242,[ 11 240   0   0 255 229   5  95],8,265,-27.0,NgReg,29103466,1761498870,3056.0,95.0,0
1761498870121502329,[ 11 234   0   0 255 235   5  96],8,265,-21.0,NgReg,121237657,1761498870,3050.0,101.0,0
1761498870233877621,[ 11 227   0   0 255 229   5  92],8,265,-27.0,NgReg,233267414,1761498870,3043.0,93.0,0
1761498870325644356,[ 11 218   0   0 255 224   5  88],8,265,-32.0,NgReg,325374085,1761498870,3034.0,93.0,0
1761498870479588445,[ 11 208   0   0 255 222   5  85],8,265,-34.0,NgReg,478720573,1761498870,3024.0,85.0,0
1761498870551083357,[ 11 202   0   0 255 240   5  88],8,265,-16.0,NgReg,550854846,1761498870,3018.0,93.0,0
1761498870633083349,[ 11 196   0   0 255 232   5  85],8,265,-24.0,NgReg,632795989,1761498870,3012.0,85.0,0
1761498870724857668,[ 11 191   0   0 255 240   5  85],8,265,-16.0,NgReg,724646564,1761498870,3007.0,85.0,0
1761498870837929280,[ 11 187   0   0 255 244   5  86],8,265,-12.0,NgReg,837586081,1761498870,3003.0,87.0,0
1761498870929901743,[ 11 187   0   0   0   5   5  91],8,265,5.0,NgReg,929625679,1761498870,3003.0,95.0,0
1761498871032494676,[ 11 187   0   0 255 255   5  90],8,265,-1.0,NgReg,32014260,1761498871,3003.0,95.0,0
1761498871123947457,[ 11 187   0   0   0   0   5  90],8,265,0.0,NgReg,123781730,1761498871,3003.0,95.0,0
1761498871236943323,[ 11 187   0   0   0   7   5  93],8,265,7.0,NgReg,236741595,1761498871,3003.0,93.0,0
1761498871330104231,[ 11 189   0   0   0   4   5  92],8,265,4.0,NgReg,329652616,1761498871,3005.0,93.0,0
1761498871483382813,[ 11 189   0   0   0   0   5  90],8,265,0.0,NgReg,483125501,1761498871,3005.0,95.0,0
1761498871555183228,[ 11 189   0   0 255 253   5  89],8,265,-3.0,NgReg,554874908,1761498871,3005.0,93.0,0
1761498871636844498,[ 11 187   0   0   0   0   5  90],8,265,0.0,NgReg,636637234,1761498871,3003.0,95.0,0
1761498871728613695,[ 11 188   0   0   0   2   5  91],8,265,2.0,NgReg,728385791,1761498871,3004.0,95.0,0
1761498871841180474,[ 11 190   0   0   0  18   5  97],8,265,18.0,NgReg,840927514,1761498871,3006.0,101.0,0
1761498871933314246,[ 11 196   0   0   0  20   5 100],8,265,20.0,NgReg,933022375,1761498871,3012.0,101.0,0
1761498872035238602,[ 11 199   0   0   0   5   5  96],8,265,5.0,NgReg,35007338,1761498872,3015.0,101.0,0
1761498872129254739,[ 11 200   0   0   0   0   5  94],8,265,0.0,NgReg,128980051,1761498872,3016.0,95.0,0
1761498872241521067,[ 11 199   0   0 255 243   5  89],8,265,-13.0,NgReg,241213867,1761498872,3015.0,93.0,0
1761498872333863958,[ 11 193   0   0 255 235   5  85],8,265,-21.0,NgReg,333380278,1761498872,3009.0,85.0,0
1761498872477946033,[ 11 187   0   0 255 237   5  84],8,265,-19.0,NgReg,477489585,1761498872,3003.0,85.0,0
1761498872550394190,[ 11 183   0   0 255 241   5  84],8,265,-15.0,NgReg,549990926,1761498872,2999.0,85.0,0
1761498872642657625,[ 11 181   0   0   0   0   5  88],8,265,0.0,NgReg,642232153,1761498872,2997.0,93.0,0
1761498872734871459,[ 11 182   0   0   0   2   5  90],8,265,2.0,NgReg,734370692,1761498872,2998.0,95.0,0
1761498872847644219,[ 11 185   0   0   0  10   5  92],8,265,10.0,NgReg,847308252,1761498872,3001.0,93.0,0
1761498872929661744,[ 11 186   0   0   0   0   5  90],8,265,0.0,NgReg,929345936,1761498872,3002.0,95.0,0
1761498873042451943,[ 11 185   0   0 255 253   5  87],8,265,-3.0,NgReg,41826023,1761498873,3001.0,87.0,0
1761498873134720463,[ 11 183   0   0 255 250   5  86],8,265,-6.0,NgReg,134401360,1761498873,2999.0,87.0,0
1761498873247311269,[ 11 180   0   0 255 243   5  83],8,265,-13.0,NgReg,246946470,1761498873,2996.0,87.0,0
1761498873337574544,[ 11 177   0   0 255 242   5  82],8,265,-14.0,NgReg,337087504,1761498873,2993.0,87.0,0
1761498873481618728,[ 11 173   0   0 255 246   5  81],8,265,-10.0,NgReg,481395528,1761498873,2989.0,85.0,0
1761498873554207492,[ 11 169   0   0 255 244   5  79],8,265,-12.0,NgReg,553877508,1761498873,2985.0,79.0,0
1761498873646617964,[ 11 165   0   0 255 244   5  79],8,265,-12.0,NgReg,646377453,1761498873,2981.0,79.0,0
1761498873738796661,[ 11 162   0   0 255 254   5  82],8,265,-2.0,NgReg,738558358,1761498873,2978.0,87.0,0
1761498873844026674,[ 11 162   0   0   0   0   5  85],8,265,0.0,NgReg,843575122,1761498873,2978.0,85.0,0
1761498873937267802,[ 11 168   0   0   0  34   5  95],8,265,34.0,NgReg,937025370,1761498873,2984.0,95.0,0
1761498874049831439,[ 11 176   0   0   0  28   5  96],8,265,28.0,NgReg,49624015,1761498874,2992.0,101.0,0
1761498874132193567,[ 11 182   0   0   0  23   5  96],8,265,23.0,NgReg,131963104,1761498874,2998.0,101.0,0
1761498874246981745,[ 11 187   0   0   0   0   5  90],8,265,0.0,NgReg,246616753,1761498874,3003.0,95.0,0
1761498874339689527,[ 11 183   0   0 255 239   5  84],8,265,-17.0,NgReg,339292056,1761498874,2999.0,85.0,0
1761498874497534815,[ 11 177   0   0 255 235   5  80],8,265,-21.0,NgReg,497185568,1761498874,2993.0,85.0,0
1761498874570730457,[ 11 175   0   0 255 254   5  85],8,265,-2.0,NgReg,570126041,1761498874,2991.0,85.0,0
1761498874652210474,[ 11 175   0   0   0   0   5  87],8,265,0.0,NgReg,652039722,1761498874,2991.0,87.0,0
1761498874734313531,[ 11 175   0   0   0   1   5  87],8,265,1.0,NgReg,734093915,1761498874,2991.0,87.0,0
1761498874848850573,[ 11 176   0   0   0   0   5  88],8,265,0.0,NgReg,848286413,1761498874,2992.0,93.0,0
1761498874941126196,[ 11 176   0   0 255 255   5  86],8,265,-1.0,NgReg,940740276,1761498874,2992.0,87.0,0
1761498875054424741,[ 11 178   0   0   0  11   5  91],8,265,11.0,NgReg,54157894,1761498875,2994.0,95.0,0
1761498875136247509,[ 11 178   0   0   0   0   5  88],8,265,0.0,NgReg,135974133,1761498875,2994.0,93.0,0
1761498875248352391,[ 11 178   0   0 255 249   5  86],8,265,-7.0,NgReg,248044103,1761498875,2994.0,87.0,0
1761498875340916427,[ 11 175   0   0 255 252   5  84],8,265,-4.0,NgReg,340591628,1761498875,2991.0,85.0,0
1761498875494621524,[ 11 175   0   0 255 254   5  86],8,265,-2.0,NgReg,494428148,1761498875,2991.0,87.0,0
1761498875567629196,[ 11 171   0   0 255 239   5  80],8,265,-17.0,NgReg,566959117,1761498875,2987.0,85.0,0
1761498875649009404,[ 11 168   0   0   0   0   5  83],8,265,0.0,NgReg,648825308,1761498875,2984.0,87.0,0
1761498875740993058,[ 11 168   0   0   0   2   5  85],8,265,2.0,NgReg,740787970,1761498875,2984.0,85.0,0
1761498875853482739,[ 11 172   0   0   0  21   5  92],8,265,21.0,NgReg,853169139,1761498875,2988.0,93.0,0
1761498875945368985,[ 11 177   0   0   0  16   5  92],8,265,16.0,NgReg,945085689,1761498875,2993.0,93.0,0
1761498876047537491,[ 11 178   0   0 255 254   5  87],8,265,-2.0,NgReg,47182260,1761498876,2994.0,87.0,0
1761498876139368919,[ 11 177   0   0   0   0   5  87],8,265,0.0,NgReg,139101207,1761498876,2993.0,87.0,0
1761498876251798918,[ 11 177   0   0 255 252   5  85],8,265,-4.0,NgReg,251632902,1761498876,2993.0,85.0,0
1761498876344244777,[ 11 172   0   0 255 237   5  79],8,265,-19.0,NgReg,343704298,1761498876,2988.0,79.0,0
1761498876497665455,[ 11 165   0   0 255 229   5  74],8,265,-27.0,NgReg,497275376,1761498876,2981.0,79.0,0
1761498876570309255,[ 11 159   0   0 255 239   5  75],8,265,-17.0,NgReg,569879111,1761498876,2975.0,79.0,0
1761498876651589589,[ 11 153   0   0 255 240   5  74],8,265,-16.0,NgReg,651345301,1761498876,2969.0,79.0,0
1761498876743282617,[ 11 148   0   0 255 232   5  71],8,265,-24.0,NgReg,743043321,1761498876,2964.0,71.0,0
1761498876855760680,[ 11 145   0   0   0   0   5  77],8,265,0.0,NgReg,855455656,1761498876,2961.0,77.0,0
1761498876947875148,[ 11 146   0   0   0  13   5  83],8,265,13.0,NgReg,947568172,1761498876,2962.0,87.0,0
1761498877060382362,[ 11 151   0   0   0  18   5  86],8,265,18.0,NgReg,60159674,1761498877,2967.0,87.0,0
1761498877142452166,[ 11 151   0   0 255 220   5  66],8,265,-36.0,NgReg,142100934,1761498877,2967.0,71.0,0
1761498877254989618,[ 11 124   0   0 255 126   5  34],8,265,-130.0,NgReg,254736435,1761498877,2940.0,39.0,0
1761498877347185844,[ 11  74   0   0 255  50   4 249],8,265,-206.0,NgReg,346901652,1761498877,2890.0,253.0,0
1761498877501561046,[ 11   8   0   0 254 247   4 202],8,265,-265.0,NgReg,501279222,1761498877,2824.0,206.0,0
1761498877574776939,[ 10 187   0   0 254 219   4 170],8,265,-293.0,NgReg,574488395,1761498877,2747.0,174.0,0
1761498877656607159,[ 10 107   0   0 254 218   4 148],8,265,-294.0,NgReg,656422840,1761498877,2667.0,148.0,0
1761498877749237881,[ 10  40   0   0 255  25   4 149],8,265,-231.0,NgReg,748779001,1761498877,2600.0,149.0,0
1761498877861363750,[  9 245   0   0 255  75   4 152],8,265,-181.0,NgReg,861118086,1761498877,2549.0,156.0,0
1761498877953670887,[  9 208   0   0 255 127   4 159],8,265,-129.0,NgReg,953388392,1761498877,2512.0,159.0,0
1761498878056267357,[  9 184   0   0 255 176   4 169],8,265,-80.0,NgReg,56021310,1761498878,2488.0,173.0,0
1761498878148058174,[  9 170   0   0 255 214   4 178],8,265,-42.0,NgReg,147897278,1761498878,2474.0,182.0,0
1761498878260455336,[  9 166   0   0 255 248   4 188],8,265,-8.0,NgReg,260132265,1761498878,2470.0,188.0,0
1761498878352568712,[  9 165   0   0   0   0   4 191],8,265,0.0,NgReg,352295465,1761498878,2469.0,191.0,0
1761498878506186600,[  9 166   0   0   0  11   4 196],8,265,11.0,NgReg,505961032,1761498878,2470.0,196.0,0
1761498878578614749,[  9 171   0   0   0  21   4 200],8,265,21.0,NgReg,578354077,1761498878,2475.0,204.0,0
1761498878660915527,[  9 176   0   0   0  20   4 202],8,265,20.0,NgReg,660525479,1761498878,2480.0,206.0,0
1761498878754533061,[  9 180   0   0   0  21   4 203],8,265,21.0,NgReg,753703142,1761498878,2484.0,207.0,0
1761498878866761616,[  9 186   0   0   0  35   4 210],8,265,35.0,NgReg,866484272,1761498878,2490.0,214.0,0
1761498878948701755,[  9 195   0   0   0  37   4 213],8,265,37.0,NgReg,948426587,1761498878,2499.0,213.0,0
1761498879061020164,[  9 203   0   0   0  34   4 214],8,265,34.0,NgReg,60797893,1761498879,2507.0,214.0,0
1761498879153504962,[  9 211   0   0   0  38   4 218],8,265,38.0,NgReg,153179906,1761498879,2515.0,222.0,0
1761498879267669257,[  9 220   0   0   0  33   4 220],8,265,33.0,NgReg,266176714,1761498879,2524.0,220.0,0
1761498879358617000,[  9 226   0   0   0  34   4 222],8,265,34.0,NgReg,358351592,1761498879,2530.0,222.0,0
1761498879502564239,[  9 235   0   0   0  33   4 223],8,265,33.0,NgReg,502317904,1761498879,2539.0,223.0,0
1761498879574918786,[  9 240   0   0   0  21   4 219],8,265,21.0,NgReg,574643523,1761498879,2544.0,223.0,0
1761498879667635392,[  9 242   0   0   0   4   4 215],8,265,4.0,NgReg,667165632,1761498879,2546.0,215.0,0
1761498879760138366,[  9 243   0   0   0   0   4 213],8,265,0.0,NgReg,759819966,1761498879,2547.0,213.0,0
1761498879862481681,[  9 241   0   0 255 241   4 208],8,265,-15.0,NgReg,862121681,1761498879,2545.0,212.0,0
1761498879954706351,[  9 237   0   0 255 241   4 207],8,265,-15.0,NgReg,954267439,1761498879,2541.0,207.0,0
1761498880066985462,[  9 233   0   0 255 238   4 207],8,265,-18.0,NgReg,66680759,1761498880,2537.0,207.0,0
1761498880159169011,[  9 231   0   0 255 251   4 209],8,265,-5.0,NgReg,158831219,1761498880,2535.0,213.0,0
1761498880262898019,[  9 229   0   0 255 244   4 205],8,265,-12.0,NgReg,262633187,1761498880,2533.0,205.0,0
1761498880354879039,[  9 225   0   0 255 240   4 202],8,265,-16.0,NgReg,354576511,1761498880,2529.0,206.0,0
1761498880509505848,[  9 218   0   0 255 235   4 200],8,265,-21.0,NgReg,509110904,1761498880,2522.0,204.0,0
1761498880581601898,[  9 216   0   0 255 237   4 198],8,265,-19.0,NgReg,581179018,1761498880,2520.0,198.0,0
1761498880663527185,[  9 211   0   0 255 233   4 196],8,265,-23.0,NgReg,663151634,1761498880,2515.0,196.0,0
1761498880755636782,[  9 200   0   0 255 228   4 192],8,265,-28.0,NgReg,755271470,1761498880,2504.0,196.0,0
1761498880867994676,[  9 196   0   0 255 242   4 195],8,265,-14.0,NgReg,867823892,1761498880,2500.0,199.0,0
1761498880959960593,[  9 193   0   0 255 246   4 196],8,265,-10.0,NgReg,959813457,1761498880,2497.0,196.0,0
1761498881072662774,[  9 191   0   0 255 252   4 196],8,265,-4.0,NgReg,72283446,1761498881,2495.0,196.0,0
1761498881154570971,[  9 190   0   0 255 253   4 198],8,265,-3.0,NgReg,154352028,1761498881,2494.0,198.0,0
1761498881267694847,[  9 188   0   0 255 247   4 195],8,265,-9.0,NgReg,267300127,1761498881,2492.0,199.0,0
1761498881359699514,[  9 186   0   0 255 245   4 194],8,265,-11.0,NgReg,359307066,1761498881,2490.0,198.0,0
1761498881513339089,[  9 185   0   0   0   1   4 197],8,265,1.0,NgReg,513093681,1761498881,2489.0,197.0,0
1761498881585276737,[  9 187   0   0   0  15   4 202],8,265,15.0,NgReg,585114370,1761498881,2491.0,206.0,0
1761498881668138566,[  9 192   0   0   0  19   4 206],8,265,19.0,NgReg,667637191,1761498881,2496.0,206.0,0
1761498881760290273,[  9 195   0   0   0  10   4 204],8,265,10.0,NgReg,760028833,1761498881,2499.0,204.0,0
1761498881871893094,[  9 196   0   0   0   0   4 201],8,265,0.0,NgReg,871720582,1761498881,2500.0,205.0,0
1761498881964311936,[  9 195   0   0 255 248   4 197],8,265,-8.0,NgReg,963945473,1761498881,2499.0,197.0,0
1761498882076599747,[  9 193   0   0 255 247   4 197],8,265,-9.0,NgReg,76387940,1761498882,2497.0,197.0,0
1761498882158824135,[  9 193   0   0   0   0   4 199],8,265,0.0,NgReg,158489736,1761498882,2497.0,199.0,0
1761498882271992233,[  9 193   0   0   0   0   4 199],8,265,0.0,NgReg,271672521,1761498882,2497.0,199.0,0
1761498882363782722,[  9 191   0   0 255 251   4 197],8,265,-5.0,NgReg,363159171,1761498882,2495.0,197.0,0
1761498882517660886,[  9 190   0   0   0   0   4 199],8,265,0.0,NgReg,517230646,1761498882,2494.0,199.0,0
1761498882589939045,[  9 191   0   0   0   0   4 201],8,265,0.0,NgReg,589391269,1761498882,2495.0,205.0,0
1761498882672096777,[  9 191   0   0   0   0   4 200],8,265,0.0,NgReg,671595401,1761498882,2495.0,204.0,0
1761498882763946338,[  9 191   0   0 255 247   4 197],8,265,-9.0,NgReg,763528034,1761498882,2495.0,197.0,0
1761498882876013765,[  9 188   0   0 255 244   4 195],8,265,-12.0,NgReg,875745989,1761498882,2492.0,199.0,0
1761498882967261630,[  9 184   0   0 255 241   4 193],8,265,-15.0,NgReg,967006751,1761498882,2488.0,197.0,0
1761498883079957055,[  9 181   0   0 255 241   4 192],8,265,-15.0,NgReg,79695487,1761498883,2485.0,196.0,0
1761498883162086241,[  9 176   0   0 255 238   4 190],8,265,-18.0,NgReg,161600514,1761498883,2480.0,190.0,0
1761498883274562753,[  9 174   0   0 255 253   4 193],8,265,-3.0,NgReg,274158626,1761498883,2478.0,197.0,0
1761498883366596569,[  9 174   0   0   0   0   4 195],8,265,0.0,NgReg,366259225,1761498883,2478.0,199.0,0
1761498883520897481,[  9 173   0   0 255 253   4 194],8,265,-3.0,NgReg,520538985,1761498883,2477.0,198.0,0
1761498883593488758,[  9 173   0   0   0   0   4 195],8,265,0.0,NgReg,593081207,1761498883,2477.0,199.0,0
1761498883675241785,[  9 173   0   0   0   3   4 196],8,265,3.0,NgReg,675044410,1761498883,2477.0,196.0,0
1761498883767719312,[  9 174   0   0   0   6   4 198],8,265,6.0,NgReg,767103089,1761498883,2478.0,198.0,0
1761498883879671697,[  9 176   0   0   0  10   4 199],8,265,10.0,NgReg,879481105,1761498883,2480.0,199.0,0
1761498883971312424,[  9 177   0   0   0   0   4 197],8,265,0.0,NgReg,971162953,1761498883,2481.0,197.0,0
1761498884083883335,[  9 178   0   0   0   3   4 197],8,265,3.0,NgReg,83714151,1761498884,2482.0,197.0,0
1761498884166039816,[  9 179   0   0   0   9   4 199],8,265,9.0,NgReg,165470728,1761498884,2483.0,199.0,0
1761498884278494886,[  9 180   0   0   0   1   4 197],8,265,1.0,NgReg,278114246,1761498884,2484.0,197.0,0
1761498884370157116,[  9 180   0   0   0   1   4 198],8,265,1.0,NgReg,369866716,1761498884,2484.0,198.0,0
1761498884523571178,[  9 181   0   0   0   0   4 197],8,265,0.0,NgReg,523240555,1761498884,2485.0,197.0,0
1761498884595618935,[  9 181   0   0   0   0   4 198],8,265,0.0,NgReg,595251159,1761498884,2485.0,198.0,0
1761498884677177657,[  9 182   0   0   0   1   4 198],8,265,1.0,NgReg,676988185,1761498884,2486.0,198.0,0
1761498884769935373,[  9 182   0   0   0   0   4 198],8,265,0.0,NgReg,769579598,1761498884,2486.0,198.0,0
1761498884883183306,[  9 182   0   0 255 253   4 196],8,265,-3.0,NgReg,882732171,1761498884,2486.0,196.0,0
1761498884974618080,[  9 180   0   0 255 237   4 189],8,265,-19.0,NgReg,974429121,1761498884,2484.0,189.0,0
1761498885086790660,[  9 167   0   0 255 172   4 164],8,265,-84.0,NgReg,86588022,1761498885,2471.0,164.0,0
1761498885168934702,[  9 138   0   0 255 109   4 133],8,265,-147.0,NgReg,168634860,1761498885,2442.0,133.0,0
1761498885281450754,[  9  95   0   0 255  46   4  99],8,265,-210.0,NgReg,281176462,1761498885,2399.0,103.0,0
1761498885373427250,[  9  39   0   0 254 243   4  62],8,265,-269.0,NgReg,373181934,1761498885,2343.0,62.0,0
1761498885526579360,[  8 227   0   0 254 197   4  27],8,265,-315.0,NgReg,526352581,1761498885,2275.0,31.0,0
1761498885598715077,[  8 170   0   0 254 207   4  13],8,265,-305.0,NgReg,598260079,1761498885,2218.0,13.0,0
1761498885680687218,[  8 109   0   0 255   6   4  16],8,265,-250.0,NgReg,680226873,1761498885,2157.0,20.0,0
1761498885772283989,[  8  62   0   0 255  65   4  22],8,265,-191.0,NgReg,772055385,1761498885,2110.0,22.0,0
1761498885884826391,[  8  27   0   0 255 110   4  28],8,265,-146.0,NgReg,884507915,1761498885,2075.0,28.0,0
1761498885976917029,[  8   2   0   0 255 148   4  35],8,265,-108.0,NgReg,976659482,1761498885,2050.0,39.0,0
1761498886089502074,[  7 240   0   0 255 181   4  41],8,265,-75.0,NgReg,89195221,1761498886,2032.0,45.0,0
1761498886181382522,[  7 229   0   0 255 213   4  48],8,265,-43.0,NgReg,181020600,1761498886,2021.0,52.0,0
1761498886283977846,[  7 222   0   0 255 227   4  51],8,265,-29.0,NgReg,283683544,1761498886,2014.0,55.0,0
1761498886376801393,[  7 218   0   0 255 246   4  58],8,265,-10.0,NgReg,375979191,1761498886,2010.0,62.0,0
1761498886530162924,[  7 218   0   0   0   5   4  63],8,265,5.0,NgReg,529625836,1761498886,2010.0,63.0,0
1761498886602272659,[  7 221   0   0   0  12   4  65],8,265,12.0,NgReg,601846446,1761498886,2013.0,69.0,0
1761498886684505911,[  7 224   0   0   0  20   4  69],8,265,20.0,NgReg,684141907,1761498886,2016.0,69.0,0
1761498886776653095,[  7 230   0   0   0  38   4  77],8,265,38.0,NgReg,776240329,1761498886,2022.0,77.0,0
1761498886890643018,[  7 238   0   0   0  47   4  85],8,265,47.0,NgReg,890368662,1761498886,2030.0,85.0,0
1761498886982577928,[  7 249   0   0   0  58   4  89],8,265,58.0,NgReg,982286475,1761498886,2041.0,93.0,0
1761498887094967320,[ 8  4  0  0  0 51  4 90],8,265,51.0,NgReg,94655922,1761498887,2052.0,94.0,0
1761498887176716389,[ 8 12  0  0  0 36  4 87],8,265,36.0,NgReg,176515418,1761498887,2060.0,87.0,0
1761498887291802181,[ 8 18  0  0  0 27  4 85],8,265,27.0,NgReg,291384038,1761498887,2066.0,85.0,0
1761498887383737290,[ 8 23  0  0  0 17  4 83],8,265,17.0,NgReg,383454324,1761498887,2071.0,87.0,0
1761498887538181480,[ 8 26  0  0  0 12  4 82],8,265,12.0,NgReg,537533103,1761498887,2074.0,86.0,0
1761498887610047967,[ 8 29  0  0  0 13  4 84],8,265,13.0,NgReg,609794616,1761498887,2077.0,84.0,0
1761498887692177463,[ 8 31  0  0  0 10  4 83],8,265,10.0,NgReg,691945852,1761498887,2079.0,87.0,0
1761498887784239681,[ 8 32  0  0  0  0  4 80],8,265,0.0,NgReg,784073160,1761498887,2080.0,84.0,0
1761498887898330414,[  8  31   0   0 255 245   4  77],8,265,-11.0,NgReg,897833157,1761498887,2079.0,77.0,0
1761498887979961020,[  8  27   0   0 255 234   4  71],8,265,-22.0,NgReg,979714040,1761498887,2075.0,71.0,0
1761498888092327207,[  8  22   0   0 255 237   4  70],8,265,-19.0,NgReg,92028841,1761498888,2070.0,70.0,0
1761498888184240299,[  8  18   0   0 255 235   4  69],8,265,-21.0,NgReg,184068496,1761498888,2066.0,69.0,0
1761498888297148926,[  8  13   0   0 255 227   4  65],8,265,-29.0,NgReg,296835255,1761498888,2061.0,69.0,0
1761498888389723936,[  8   7   0   0 255 229   4  63],8,265,-27.0,NgReg,389428548,1761498888,2055.0,63.0,0
1761498888533728967,[  8   2   0   0 255 232   4  63],8,265,-24.0,NgReg,533386193,1761498888,2050.0,63.0,0
1761498888606330840,[  7 255   0   0 255 247   4  67],8,265,-9.0,NgReg,605988130,1761498888,2047.0,71.0,0
1761498888698913983,[  7 253   0   0 255 247   4  67],8,265,-9.0,NgReg,698467378,1761498888,2045.0,71.0,0
1761498888791204587,[  7 253   0   0   0   0   4  70],8,265,0.0,NgReg,790936348,1761498888,2045.0,70.0,0
1761498888894428661,[  7 253   0   0   0   0   4  70],8,265,0.0,NgReg,893971042,1761498888,2045.0,70.0,0
1761498888986882743,[  7 253   0   0   0   0   4  70],8,265,0.0,NgReg,986379436,1761498888,2045.0,70.0,0
1761498889099377581,[  7 253   0   0   0   0   4  70],8,265,0.0,NgReg,99045182,1761498889,2045.0,70.0,0
1761498889191878162,[  7 253   0   0   0   0   4  70],8,265,0.0,NgReg,191615304,1761498889,2045.0,70.0,0
1761498889294887887,[  7 253   0   0   0   0   4  70],8,265,0.0,NgReg,294578636,1761498889,2045.0,70.0,0
1761498889387631796,[  7 253   0   0   0   0   4  70],8,265,0.0,NgReg,387298789,1761498889,2045.0,70.0,0
1761498889541836028,[  7 251   0   0 255 245   4  66],8,265,-11.0,NgReg,541290045,1761498889,2043.0,70.0,0
1761498889614002748,[  7 250   0   0 255 250   4  67],8,265,-6.0,NgReg,613569144,1761498889,2042.0,71.0,0
1761498889696319222,[  7 249   0   0 255 255   4  68],8,265,-1.0,NgReg,696072788,1761498889,2041.0,68.0,0
1761498889788433488,[  7 248   0   0 255 250   4  66],8,265,-6.0,NgReg,788189616,1761498889,2040.0,70.0,0
1761498889901108135,[  7 248   0   0   0   0   4  68],8,265,0.0,NgReg,900897336,1761498889,2040.0,68.0,0
1761498889993598247,[  7 248   0   0   0   3   4  69],8,265,3.0,NgReg,993085594,1761498889,2040.0,69.0,0
1761498890105671835,[  7 248   0   0 255 254   4  67],8,265,-2.0,NgReg,105370942,1761498890,2040.0,71.0,0
1761498890187806184,[  7 247   0   0   0   0   4  68],8,265,0.0,NgReg,187491396,1761498890,2039.0,68.0,0
1761498890300690032,[  7 247   0   0   0   0   4  68],8,265,0.0,NgReg,300322640,1761498890,2039.0,68.0,0
1761498890393013382,[  7 247   0   0   0   0   4  68],8,265,0.0,NgReg,392687260,1761498890,2039.0,68.0,0
1761498890547593886,[  7 247   0   0 255 255   4  68],8,265,-1.0,NgReg,547208404,1761498890,2039.0,68.0,0
1761498890619995856,[  7 247   0   0   0   0   4  68],8,265,0.0,NgReg,619661506,1761498890,2039.0,68.0,0
1761498890702159885,[  7 246   0   0 255 246   4  64],8,265,-10.0,NgReg,701790060,1761498890,2038.0,68.0,0
1761498890794710650,[  7 244   0   0 255 242   4  62],8,265,-14.0,NgReg,794319310,1761498890,2036.0,62.0,0
1761498890907178729,[  7 241   0   0 255 246   4  63],8,265,-10.0,NgReg,906835926,1761498890,2033.0,63.0,0
1761498890999312989,[  7 240   0   0 255 252   4  65],8,265,-4.0,NgReg,999022885,1761498890,2032.0,69.0,0
1761498891101074449,[  7 240   0   0   0   0   4  66],8,265,0.0,NgReg,100916415,1761498891,2032.0,70.0,0
1761498891193250540,[  7 240   0   0   0   0   4  66],8,265,0.0,NgReg,192940075,1761498891,2032.0,70.0,0
1761498891305138165,[  7 240   0   0 255 254   4  65],8,265,-2.0,NgReg,304973087,1761498891,2032.0,69.0,0
1761498891397289091,[  7 239   0   0 255 253   4  65],8,265,-3.0,NgReg,397120011,1761498891,2031.0,69.0,0
1761498891550959280,[  7 238   0   0 255 248   4  63],8,265,-8.0,NgReg,550753637,1761498891,2030.0,63.0,0
1761498891623920958,[  7 235   0   0 255 241   4  60],8,265,-15.0,NgReg,623003330,1761498891,2027.0,60.0,0
1761498891705605336,[  7 233   0   0 255 242   4  59],8,265,-14.0,NgReg,705313857,1761498891,2025.0,63.0,0
1761498891797718097,[  7 229   0   0 255 235   4  55],8,265,-21.0,NgReg,797371742,1761498891,2021.0,55.0,0
1761498891910018865,[  7 225   0   0 255 239   4  56],8,265,-17.0,NgReg,909747428,1761498891,2017.0,60.0,0
1761498892001645518,[  7 222   0   0 255 244   4  56],8,265,-12.0,NgReg,1381221,1761498892,2014.0,60.0,0
1761498892114918900,[  7 220   0   0 255 241   4  55],8,265,-15.0,NgReg,114013282,1761498892,2012.0,55.0,0
1761498892195633140,[  7 218   0   0 255 255   4  59],8,265,-1.0,NgReg,195321523,1761498892,2010.0,63.0,0
1761498892308612316,[  7 218   0   0   0   0   4  60],8,265,0.0,NgReg,308313826,1761498892,2010.0,60.0,0
1761498892400521249,[  7 218   0   0   0   1   4  61],8,265,1.0,NgReg,400264156,1761498892,2010.0,61.0,0
1761498892553934656,[  7 218   0   0   0   0   4  60],8,265,0.0,NgReg,553569284,1761498892,2010.0,60.0,0
1761498892625703553,[  7 218   0   0 255 255   4  59],8,265,-1.0,NgReg,625496950,1761498892,2010.0,63.0,0
1761498892709468867,[  7 218   0   0   0   0   4  60],8,265,0.0,NgReg,709174284,1761498892,2010.0,60.0,0
1761498892801429987,[  7 218   0   0   0   0   4  59],8,265,0.0,NgReg,801167804,1761498892,2010.0,63.0,0
1761498892913777253,[  7 218   0   0   0   0   4  60],8,265,0.0,NgReg,913550577,1761498892,2010.0,60.0,0
1761498893005869056,[  7 218   0   0   0   0   4  59],8,265,0.0,NgReg,5583598,1761498893,2010.0,63.0,0
1761498893118602774,[  7 217   0   0 255 252   4  58],8,265,-4.0,NgReg,118368670,1761498893,2009.0,62.0,0
1761498893200449592,[  7 217   0   0 255 248   4  51],8,265,-8.0,NgReg,200183792,1761498893,2009.0,55.0,0
1761498893313212766,[  7 207   0   0 255 180   4  24],8,265,-76.0,NgReg,312587422,1761498893,1999.0,28.0,0
1761498893405813884,[  7 184   0   0 255 115   3 251],8,265,-141.0,NgReg,405497018,1761498893,1976.0,251.0,0
1761498893559179262,[  7 150   0   0 255  63   3 224],8,265,-193.0,NgReg,558974165,1761498893,1942.0,227.0,0
1761498893631781928,[  7 109   0   0 255  24   3 197],8,265,-232.0,NgReg,631347114,1761498893,1901.0,199.0,0
1761498893713303364,[  7  60   0   0 254 252   3 175],8,265,-260.0,NgReg,713143090,1761498893,1852.0,175.0,0
1761498893806014586,[  7  10   0   0 254 255   3 167],8,265,-257.0,NgReg,805706172,1761498893,1802.0,167.0,0
1761498893918124978,[  6 224   0   0 255  46   3 171],8,265,-210.0,NgReg,917926028,1761498893,1760.0,171.0,0
1761498894010261002,[  6 191   0   0 255  89   3 175],8,265,-167.0,NgReg,9752648,1761498894,1727.0,175.0,0
1761498894112034994,[  6 156   0   0 255 132   3 179],8,265,-124.0,NgReg,111812865,1761498894,1692.0,179.0,0
1761498894204051358,[  6 137   0   0 255 158   3 183],8,265,-98.0,NgReg,203649042,1761498894,1673.0,183.0,0
1761498894316015454,[  6 123   0   0 255 182   3 187],8,265,-74.0,NgReg,315853579,1761498894,1659.0,187.0,0
1761498894408206819,[  6 112   0   0 255 201   3 190],8,265,-55.0,NgReg,407750427,1761498894,1648.0,191.0,0
1761498894561558366,[  6 105   0   0 255 214   3 193],8,265,-42.0,NgReg,561238523,1761498894,1641.0,195.0,0
1761498894633813206,[  6  99   0   0 255 225   3 195],8,265,-31.0,NgReg,633456545,1761498894,1635.0,195.0,0
1761498894715552127,[  6  95   0   0 255 241   3 199],8,265,-15.0,NgReg,715286072,1761498894,1631.0,199.0,0
1761498894808543066,[  6  94   0   0 255 250   3 202],8,265,-6.0,NgReg,807966197,1761498894,1630.0,203.0,0
1761498894920510427,[  6  93   0   0 255 253   3 204],8,265,-3.0,NgReg,920259644,1761498894,1629.0,207.0,0
1761498895012142630,[  6  93   0   0   0   0   3 205],8,265,0.0,NgReg,11959338,1761498895,1629.0,207.0,0
1761498895124889030,[  6  93   0   0   0   0   3 205],8,265,0.0,NgReg,124609209,1761498895,1629.0,207.0,0
1761498895206507378,[  6  93   0   0   0   2   3 206],8,265,2.0,NgReg,206219585,1761498895,1629.0,207.0,0
1761498895319296551,[  6  93   0   0   0   5   3 208],8,265,5.0,NgReg,319061489,1761498895,1629.0,211.0,0
1761498895411544100,[  6  96   0   0   0  21   3 213],8,265,21.0,NgReg,411203865,1761498895,1632.0,215.0,0
1761498895565053523,[  6 100   0   0   0  28   3 216],8,265,28.0,NgReg,564761952,1761498895,1636.0,219.0,0
1761498895637883247,[  6 104   0   0   0  27   3 218],8,265,27.0,NgReg,637430122,1761498895,1640.0,219.0,0
1761498895719649926,[  6 109   0   0   0  24   3 218],8,265,24.0,NgReg,719328836,1761498895,1645.0,219.0,0
1761498895811933685,[  6 112   0   0   0  16   3 216],8,265,16.0,NgReg,811609970,1761498895,1648.0,219.0,0
1761498895924469578,[  6 114   0   0   0  16   3 217],8,265,16.0,NgReg,924151466,1761498895,1650.0,219.0,0
1761498896016174794,[  6 117   0   0   0  14   3 217],8,265,14.0,NgReg,15974469,1761498896,1653.0,219.0,0
1761498896128641203,[  6 119   0   0   0   9   3 216],8,265,9.0,NgReg,128464699,1761498896,1655.0,219.0,0
1761498896210766304,[  6 119   0   0   0   0   3 213],8,265,0.0,NgReg,210462376,1761498896,1655.0,215.0,0
1761498896323785759,[  6 120   0   0   0   5   3 215],8,265,5.0,NgReg,323218018,1761498896,1656.0,215.0,0
1761498896415785982,[  6 120   0   0   0   0   3 213],8,265,0.0,NgReg,415422696,1761498896,1656.0,215.0,0
1761498896569131714,[  6 120   0   0   0   0   3 213],8,265,0.0,NgReg,568833933,1761498896,1656.0,215.0,0
1761498896641649699,[  6 121   0   0   0   5   3 215],8,265,5.0,NgReg,641345163,1761498896,1657.0,215.0,0
1761498896723812867,[  6 121   0   0   0   0   3 213],8,265,0.0,NgReg,723357727,1761498896,1657.0,215.0,0
1761498896816353873,[  6 121   0   0 255 250   3 211],8,265,-6.0,NgReg,816072356,1761498896,1657.0,211.0,0
1761498896928408396,[  6 119   0   0 255 244   3 208],8,265,-12.0,NgReg,928254431,1761498896,1655.0,211.0,0
1761498897020644614,[  6 117   0   0 255 241   3 207],8,265,-15.0,NgReg,20334027,1761498897,1653.0,207.0,0
1761498897133051340,[  6 115   0   0 255 243   3 206],8,265,-13.0,NgReg,132626777,1761498897,1651.0,207.0,0
1761498897214996451,[  6 113   0   0 255 247   3 207],8,265,-9.0,NgReg,214527801,1761498897,1649.0,207.0,0
1761498897327249820,[  6 111   0   0 255 244   3 206],8,265,-12.0,NgReg,327052762,1761498897,1647.0,207.0,0
1761498897419656166,[  6 109   0   0 255 244   3 205],8,265,-12.0,NgReg,419261698,1761498897,1645.0,207.0,0
1761498897574652268,[  6 107   0   0 255 241   3 204],8,265,-15.0,NgReg,574480503,1761498897,1643.0,207.0,0
1761498897647787173,[  6 104   0   0 255 239   3 202],8,265,-17.0,NgReg,647292911,1761498897,1640.0,203.0,0
1761498897729629256,[  6 102   0   0 255 243   3 203],8,265,-13.0,NgReg,729427908,1761498897,1638.0,203.0,0
1761498897821789880,[  6 100   0   0 255 243   3 202],8,265,-13.0,NgReg,821613920,1761498897,1636.0,203.0,0
1761498897935661046,[  6  97   0   0 255 242   3 201],8,265,-14.0,NgReg,935022073,1761498897,1633.0,203.0,0
1761498898016793817,[  6  95   0   0 255 239   3 200],8,265,-17.0,NgReg,16574445,1761498898,1631.0,203.0,0
1761498898129391579,[  6  92   0   0 255 244   3 200],8,265,-12.0,NgReg,129002427,1761498898,1628.0,203.0,0
1761498898221331073,[  6  91   0   0 255 250   3 202],8,265,-6.0,NgReg,221060155,1761498898,1627.0,203.0,0
1761498898334489527,[  6  89   0   0 255 246   3 200],8,265,-10.0,NgReg,334190724,1761498898,1625.0,203.0,0
1761498898426662641,[  6  87   0   0 255 242   3 198],8,265,-14.0,NgReg,425976414,1761498898,1623.0,199.0,0
1761498898569641073,[  6  85   0   0 255 241   3 197],8,265,-15.0,NgReg,569418723,1761498898,1621.0,199.0,0
1761498898641385599,[  6  82   0   0 255 237   3 195],8,265,-19.0,NgReg,641198659,1761498898,1618.0,195.0,0
1761498898734347806,[  6  79   0   0 255 242   3 196],8,265,-14.0,NgReg,734093953,1761498898,1615.0,199.0,0
1761498898826474400,[  6  77   0   0 255 239   3 194],8,265,-17.0,NgReg,825935030,1761498898,1613.0,195.0,0
1761498898938403384,[  6  74   0   0 255 237   3 193],8,265,-19.0,NgReg,938180682,1761498898,1610.0,195.0,0
1761498899020333043,[  6  71   0   0 255 242   3 193],8,265,-14.0,NgReg,20089212,1761498899,1607.0,195.0,0
1761498899132730483,[  6  68   0   0 255 242   3 193],8,265,-14.0,NgReg,132408693,1761498899,1604.0,195.0,0
1761498899224504205,[  6  66   0   0 255 242   3 192],8,265,-14.0,NgReg,224196919,1761498899,1602.0,195.0,0
1761498899338265418,[  6  64   0   0 255 243   3 192],8,265,-13.0,NgReg,337995782,1761498899,1600.0,195.0,0
1761498899430853140,[  6  62   0   0 255 246   3 192],8,265,-10.0,NgReg,430512493,1761498899,1598.0,195.0,0
1761498899574561843,[  6  60   0   0 255 247   3 194],8,265,-9.0,NgReg,574260703,1761498899,1596.0,195.0,0
1761498899646988154,[  6  60   0   0   0   2   3 197],8,265,2.0,NgReg,646667325,1761498899,1596.0,199.0,0
1761498899739070669,[  6  62   0   0   0  11   3 200],8,265,11.0,NgReg,738743212,1761498899,1598.0,203.0,0
1761498899831196948,[  6  64   0   0   0  15   3 203],8,265,15.0,NgReg,830849066,1761498899,1600.0,203.0,0
1761498899943581517,[  6  67   0   0   0  22   3 205],8,265,22.0,NgReg,943219196,1761498899,1603.0,207.0,0
1761498900025260934,[  6  71   0   0   0  22   3 206],8,265,22.0,NgReg,25031287,1761498900,1607.0,207.0,0
1761498900138144982,[  6  74   0   0   0  19   3 206],8,265,19.0,NgReg,137855049,1761498900,1610.0,207.0,0
1761498900229734689,[  6  76   0   0   0  12   3 205],8,265,12.0,NgReg,229413092,1761498900,1612.0,207.0,0
1761498900343601071,[  6  78   0   0   0   4   3 202],8,265,4.0,NgReg,343154486,1761498900,1614.0,203.0,0
1761498900435810759,[  6  78   0   0   0   2   3 202],8,265,2.0,NgReg,435122648,1761498900,1614.0,203.0,0
1761498900579146026,[  6  78   0   0   0   0   3 202],8,265,0.0,NgReg,578965970,1761498900,1614.0,203.0,0
1761498900651743280,[  6  78   0   0   0   0   3 201],8,265,0.0,NgReg,651369786,1761498900,1614.0,203.0,0
1761498900743813924,[  6  78   0   0   0   0   3 201],8,265,0.0,NgReg,743599356,1761498900,1614.0,203.0,0
1761498900836994454,[  6  78   0   0 255 254   3 201],8,265,-2.0,NgReg,836288286,1761498900,1614.0,203.0,0
1761498900938722635,[  6  77   0   0 255 246   3 198],8,265,-10.0,NgReg,938357881,1761498900,1613.0,199.0,0
1761498901030932807,[  6  76   0   0 255 253   3 199],8,265,-3.0,NgReg,30298996,1761498901,1612.0,199.0,0
1761498901142944150,[  6  75   0   0 255 246   3 197],8,265,-10.0,NgReg,142682519,1761498901,1611.0,199.0,0
1761498901234772159,[  6  73   0   0 255 243   3 195],8,265,-13.0,NgReg,234525800,1761498901,1609.0,195.0,0
1761498901347561863,[  6  71   0   0 255 246   3 196],8,265,-10.0,NgReg,347102888,1761498901,1607.0,199.0,0
1761498901439742075,[  6  69   0   0 255 242   3 194],8,265,-14.0,NgReg,439345243,1761498901,1605.0,195.0,0
1761498901582816285,[  6  67   0   0 255 244   3 194],8,265,-12.0,NgReg,582502982,1761498901,1603.0,195.0,0
1761498901655144365,[  6  64   0   0 255 240   3 192],8,265,-16.0,NgReg,654918144,1761498901,1600.0,195.0,0
1761498901747219279,[  6  62   0   0 255 245   3 193],8,265,-11.0,NgReg,746879882,1761498901,1598.0,195.0,0
1761498901839243447,[  6  61   0   0 255 248   3 194],8,265,-8.0,NgReg,839030128,1761498901,1597.0,195.0,0
1761498901951521415,[  6  59   0   0 255 244   3 192],8,265,-12.0,NgReg,951124327,1761498901,1595.0,195.0,0
1761498902033571698,[  6  57   0   0 255 247   3 192],8,265,-9.0,NgReg,32942916,1761498902,1593.0,195.0,0
1761498902145280666,[  6  56   0   0 255 249   3 192],8,265,-7.0,NgReg,145054221,1761498902,1592.0,195.0,0
1761498902237069599,[  6  55   0   0 255 253   3 193],8,265,-3.0,NgReg,236889576,1761498902,1591.0,195.0,0
1761498902349297568,[  6  54   0   0   0   0   3 194],8,265,0.0,NgReg,349104868,1761498902,1590.0,195.0,0
1761498902441742016,[  6  54   0   0   0   0   3 194],8,265,0.0,NgReg,441536093,1761498902,1590.0,195.0,0
1761498902585486568,[  6  54   0   0   0   0   3 194],8,265,0.0,NgReg,585208610,1761498902,1590.0,195.0,0
1761498902657656539,[  6  54   0   0   0   0   3 194],8,265,0.0,NgReg,657167920,1761498902,1590.0,195.0,0
1761498902749189125,[  6  54   0   0   0   0   3 195],8,265,0.0,NgReg,749004876,1761498902,1590.0,195.0,0
1761498902844526291,[  6  55   0   0   0   2   3 195],8,265,2.0,NgReg,844310251,1761498902,1591.0,195.0,0
1761498902947733862,[  6  55   0   0   0   1   3 195],8,265,1.0,NgReg,947553071,1761498902,1591.0,195.0,0
1761498903039846574,[  6  56   0   0   0   8   3 198],8,265,8.0,NgReg,39582832,1761498903,1592.0,199.0,0
1761498903152236330,[  6  54   0   0 255 223   3 183],8,265,-33.0,NgReg,151775726,1761498903,1590.0,183.0,0
1761498903243729170,[  6  44   0   0 255 168   3 161],8,265,-88.0,NgReg,243418686,1761498903,1580.0,163.0,0
1761498903356031075,[  6  25   0   0 255 121   3 139],8,265,-135.0,NgReg,355732277,1761498903,1561.0,139.0,0
1761498903437665740,[  5 255   0   0 255  79   3 117],8,265,-177.0,NgReg,437384069,1761498903,1535.0,119.0,0
1761498903591599606,[  5 224   0   0 255  39   3  93],8,265,-217.0,NgReg,591148382,1761498903,1504.0,95.0,0
1761498903663807244,[  5 187   0   0 255  24   3  78],8,265,-232.0,NgReg,663444415,1761498903,1467.0,79.0,0
1761498903756554091,[  5 155   0   0 255  55   3  79],8,265,-201.0,NgReg,756167538,1761498903,1435.0,79.0,0
1761498903848185589,[  5 127   0   0 255  80   3  79],8,265,-176.0,NgReg,847954375,1761498903,1407.0,79.0,0
1761498903950739323,[  5 108   0   0 255 101   3  81],8,265,-155.0,NgReg,950569258,1761498903,1388.0,83.0,0
1761498904042566466,[  5  87   0   0 255 127   3  84],8,265,-129.0,NgReg,42288639,1761498904,1367.0,87.0,0
1761498904154828112,[  5  71   0   0 255 151   3  88],8,265,-105.0,NgReg,154480812,1761498904,1351.0,91.0,0
1761498904246743637,[  5  57   0   0 255 169   3  91],8,265,-87.0,NgReg,246300066,1761498904,1337.0,91.0,0
1761498904358639509,[  5  46   0   0 255 186   3  94],8,265,-70.0,NgReg,358325440,1761498904,1326.0,95.0,0
1761498904450776963,[  5  38   0   0 255 201   3  96],8,265,-55.0,NgReg,450341076,1761498904,1318.0,99.0,0
1761498904593734434,[  5  31   0   0 255 213   3  98],8,265,-43.0,NgReg,593453917,1761498904,1311.0,99.0,0
1761498904665498233,[  5  26   0   0 255 220   3  99],8,265,-36.0,NgReg,665312577,1761498904,1306.0,99.0,0
1761498904757680540,[  5  22   0   0 255 227   3 101],8,265,-29.0,NgReg,757330870,1761498904,1302.0,103.0,0
1761498904849752170,[  5  18   0   0 255 235   3 102],8,265,-21.0,NgReg,849455390,1761498904,1298.0,103.0,0
1761498904962026142,[  5  16   0   0 255 237   3 102],8,265,-19.0,NgReg,961622751,1761498904,1296.0,103.0,0
1761498905043596794,[  5  13   0   0 255 243   3 104],8,265,-13.0,NgReg,43347396,1761498905,1293.0,107.0,0
1761498905155652505,[  5  12   0   0 255 252   3 107],8,265,-4.0,NgReg,155365714,1761498905,1292.0,107.0,0
1761498905247441495,[  5  12   0   0   0   0   3 108],8,265,0.0,NgReg,247187615,1761498905,1292.0,111.0,0
1761498905359836630,[  5  12   0   0   0   0   3 108],8,265,0.0,NgReg,359507195,1761498905,1292.0,111.0,0
1761498905451702840,[  5  12   0   0   0   3   3 109],8,265,3.0,NgReg,451352403,1761498905,1292.0,111.0,0
1761498905604995654,[  5  14   0   0   0  12   3 113],8,265,12.0,NgReg,604689910,1761498905,1294.0,115.0,0
1761498905677415592,[  5  16   0   0   0  14   3 114],8,265,14.0,NgReg,677137029,1761498905,1296.0,115.0,0
1761498905759517623,[  5  17   0   0   0  11   3 114],8,265,11.0,NgReg,759200866,1761498905,1297.0,115.0,0
1761498905851869469,[  5  19   0   0   0  13   3 114],8,265,13.0,NgReg,851311703,1761498905,1299.0,115.0,0
1761498905963882025,[  5  21   0   0   0  14   3 115],8,265,14.0,NgReg,963632051,1761498905,1301.0,115.0,0
1761498906056108439,[  5  22   0   0   0   8   3 113],8,265,8.0,NgReg,55782206,1761498906,1302.0,115.0,0
1761498906158658481,[  5  23   0   0   0   0   3 111],8,265,0.0,NgReg,157787162,1761498906,1303.0,111.0,0
1761498906249972521,[  5  23   0   0   0   1   3 111],8,265,1.0,NgReg,249719666,1761498906,1303.0,111.0,0
1761498906362831702,[  5  23   0   0   0   0   3 111],8,265,0.0,NgReg,362284246,1761498906,1303.0,111.0,0
1761498906454665632,[  5  23   0   0   0   0   3 111],8,265,0.0,NgReg,454288687,1761498906,1303.0,111.0,0
1761498906607983242,[  5  23   0   0   0   4   3 113],8,265,4.0,NgReg,607593332,1761498906,1303.0,115.0,0
1761498906679927460,[  5  24   0   0   0   2   3 112],8,265,2.0,NgReg,679627960,1761498906,1304.0,115.0,0
1761498906762149762,[  5  24   0   0   0   0   3 111],8,265,0.0,NgReg,761570163,1761498906,1304.0,111.0,0
1761498906854318216,[  5  24   0   0 255 255   3 111],8,265,-1.0,NgReg,853856241,1761498906,1304.0,111.0,0
1761498906966600264,[  5  24   0   0   0   0   3 111],8,265,0.0,NgReg,966292632,1761498906,1304.0,111.0,0
1761498907058883314,[  5  24   0   0   0   0   3 112],8,265,0.0,NgReg,58563934,1761498907,1304.0,115.0,0
1761498907171415678,[  5  24   0   0   0   2   3 112],8,265,2.0,NgReg,171063898,1761498907,1304.0,115.0,0
1761498907253382205,[  5  24   0   0   0   1   3 112],8,265,1.0,NgReg,252854856,1761498907,1304.0,115.0,0
1761498907365718830,[  5  25   0   0   0   8   3 114],8,265,8.0,NgReg,365488899,1761498907,1305.0,115.0,0
1761498907457429112,[  5  26   0   0   0   4   3 114],8,265,4.0,NgReg,457263756,1761498907,1306.0,115.0,0
1761498907612081507,[  5  27   0   0   0   8   3 115],8,265,8.0,NgReg,611727455,1761498907,1307.0,115.0,0
1761498907683398483,[  5  28   0   0   0   1   3 114],8,265,1.0,NgReg,683222018,1761498907,1308.0,115.0,0
1761498907765762924,[  5  28   0   0   0   0   3 112],8,265,0.0,NgReg,765233814,1761498907,1308.0,115.0,0
1761498907857613943,[  5  28   0   0 255 255   3 112],8,265,-1.0,NgReg,857211100,1761498907,1308.0,115.0,0
1761498907969609930,[  5  28   0   0   0   2   3 113],8,265,2.0,NgReg,969331177,1761498907,1308.0,115.0,0
1761498908061337348,[  5  29   0   0   0   8   3 116],8,265,8.0,NgReg,61125058,1761498908,1309.0,119.0,0
1761498908173625850,[  5  30   0   0   0   1   3 114],8,265,1.0,NgReg,173246923,1761498908,1310.0,115.0,0
1761498908255240242,[  5  30   0   0   0   0   3 113],8,265,0.0,NgReg,254961746,1761498908,1310.0,115.0,0
1761498908367831251,[  5  30   0   0   0   0   3 113],8,265,0.0,NgReg,367607660,1761498908,1310.0,115.0,0
1761498908460015924,[  5  30   0   0   0   0   3 113],8,265,0.0,NgReg,459437546,1761498908,1310.0,115.0,0
1761498908613504539,[  5  30   0   0   0   0   3 113],8,265,0.0,NgReg,613082552,1761498908,1310.0,115.0,0
1761498908685653736,[  5  30   0   0   0   0   3 113],8,265,0.0,NgReg,685154466,1761498908,1310.0,115.0,0
1761498908769650763,[  5  29   0   0 255 250   3 111],8,265,-6.0,NgReg,768437147,1761498908,1309.0,111.0,0
1761498908860947667,[  5  28   0   0 255 246   3 109],8,265,-10.0,NgReg,860532692,1761498908,1308.0,111.0,0
1761498908975406193,[  5  27   0   0 255 247   3 109],8,265,-9.0,NgReg,973539732,1761498908,1307.0,111.0,0
1761498909065746940,[  5  25   0   0 255 245   3 108],8,265,-11.0,NgReg,65424744,1761498909,1305.0,111.0,0
1761498909178394579,[  5  24   0   0 255 247   3 108],8,265,-9.0,NgReg,177982198,1761498909,1304.0,111.0,0
1761498909260387896,[  5  23   0   0 255 254   3 110],8,265,-2.0,NgReg,260122910,1761498909,1303.0,111.0,0
1761498909373211872,[  5  23   0   0   0   0   3 111],8,265,0.0,NgReg,373019784,1761498909,1303.0,111.0,0
1761498909465275463,[  5  22   0   0 255 250   3 108],8,265,-6.0,NgReg,465001578,1761498909,1302.0,111.0,0
1761498909619248039,[  5  21   0   0 255 245   3 106],8,265,-11.0,NgReg,618967078,1761498909,1301.0,107.0,0
1761498909691562172,[  5  19   0   0 255 244   3 106],8,265,-12.0,NgReg,691192531,1761498909,1299.0,107.0,0
1761498909773419330,[  5  18   0   0 255 244   3 105],8,265,-12.0,NgReg,773184951,1761498909,1298.0,107.0,0
1761498909865640786,[  5  16   0   0 255 244   3 105],8,265,-12.0,NgReg,865267559,1761498909,1296.0,107.0,0
1761498909977975866,[  5  15   0   0 255 248   3 106],8,265,-8.0,NgReg,977705950,1761498909,1295.0,107.0,0
1761498910069569083,[  5  15   0   0 255 255   3 108],8,265,-1.0,NgReg,69383494,1761498910,1295.0,111.0,0
1761498910182561422,[  5  14   0   0 255 254   3 107],8,265,-2.0,NgReg,181994925,1761498910,1294.0,107.0,0
1761498910264102405,[  5  14   0   0 255 253   3 107],8,265,-3.0,NgReg,263881984,1761498910,1294.0,107.0,0
1761498910376285032,[  5  13   0   0 255 250   3 106],8,265,-6.0,NgReg,376041017,1761498910,1293.0,107.0,0
1761498910468679525,[  5  12   0   0 255 255   3 107],8,265,-1.0,NgReg,468131820,1761498910,1292.0,107.0,0
1761498910621884903,[  5  13   0   0   0   4   3 111],8,265,4.0,NgReg,621619502,1761498910,1293.0,111.0,0
1761498910693652513,[  5  14   0   0   0   9   3 111],8,265,9.0,NgReg,693441409,1761498910,1294.0,111.0,0
1761498910776187739,[  5  15   0   0   0   5   3 111],8,265,5.0,NgReg,775690073,1761498910,1295.0,111.0,0
1761498910867805943,[  5  16   0   0   0   5   3 111],8,265,5.0,NgReg,867540575,1761498910,1296.0,111.0,0
1761498910980191223,[  5  16   0   0   0   1   3 109],8,265,1.0,NgReg,979839927,1761498910,1296.0,111.0,0
1761498911072072886,[  5  16   0   0   0   0   3 109],8,265,0.0,NgReg,71824902,1761498911,1296.0,111.0,0
1761498911184509776,[  5  16   0   0   0   0   3 109],8,265,0.0,NgReg,184220205,1761498911,1296.0,111.0,0
1761498911266625900,[  5  16   0   0   0   0   3 109],8,265,0.0,NgReg,266333800,1761498911,1296.0,111.0,0
1761498911379201221,[  5  16   0   0   0   0   3 109],8,265,0.0,NgReg,378728815,1761498911,1296.0,111.0,0
1761498911470987601,[  5  16   0   0   0   0   3 109],8,265,0.0,NgReg,470744387,1761498911,1296.0,111.0,0
1761498911625014121,[  5  16   0   0   0   0   3 109],8,265,0.0,NgReg,624722469,1761498911,1296.0,111.0,0
1761498911697136420,[  5  16   0   0 255 250   3 106],8,265,-6.0,NgReg,696878351,1761498911,1296.0,107.0,0
1761498911781820104,[  5  15   0   0 255 249   3 105],8,265,-7.0,NgReg,780929366,1761498911,1295.0,107.0,0
1761498911872796326,[  5  14   0   0 255 250   3 105],8,265,-6.0,NgReg,872633853,1761498911,1294.0,107.0,0
1761498911985086205,[  5  13   0   0 255 248   3 104],8,265,-8.0,NgReg,984922419,1761498911,1293.0,107.0,0
1761498912077216385,[  5  11   0   0 255 247   3 104],8,265,-9.0,NgReg,76919484,1761498912,1291.0,107.0,0
1761498912189229603,[  5  10   0   0 255 249   3 104],8,265,-7.0,NgReg,188992056,1761498912,1290.0,107.0,0
1761498912271325145,[  5  10   0   0 255 251   3 104],8,265,-5.0,NgReg,271051934,1761498912,1290.0,107.0,0
1761498912385005830,[  5   9   0   0 255 253   3 105],8,265,-3.0,NgReg,383528944,1761498912,1289.0,107.0,0
1761498912475791798,[  5   9   0   0 255 255   3 105],8,265,-1.0,NgReg,475326598,1761498912,1289.0,107.0,0
1761498912628776064,[  5   8   0   0 255 250   3 103],8,265,-6.0,NgReg,628501829,1761498912,1288.0,103.0,0
1761498912700607451,[  5   7   0   0 255 250   3 104],8,265,-6.0,NgReg,700433101,1761498912,1287.0,107.0,0
1761498912783354870,[  5   7   0   0 255 254   3 105],8,265,-2.0,NgReg,782808673,1761498912,1287.0,107.0,0
1761498912874898778,[  5   6   0   0   0   0   3 105],8,265,0.0,NgReg,874590479,1761498912,1286.0,107.0,0
1761498912986925441,[  5   6   0   0   0   0   3 105],8,265,0.0,NgReg,986611220,1761498912,1286.0,107.0,0
1761498913078687137,[  5   6   0   0 255 255   3 105],8,265,-1.0,NgReg,78396575,1761498913,1286.0,107.0,0
1761498913190945977,[  5   6   0   0 255 255   3 105],8,265,-1.0,NgReg,190694121,1761498913,1286.0,107.0,0
1761498913283429320,[  5   6   0   0   0   0   3 105],8,265,0.0,NgReg,282859946,1761498913,1286.0,107.0,0
1761498913384916289,[  5   6   0   0 255 255   3 105],8,265,-1.0,NgReg,384605271,1761498913,1286.0,107.0,0
1761498913476399411,[  5   6   0   0 255 254   3 104],8,265,-2.0,NgReg,476195992,1761498913,1286.0,107.0,0
1761498913630041710,[  5   5   0   0 255 249   3 102],8,265,-7.0,NgReg,629781914,1761498913,1285.0,103.0,0
1761498913701969112,[  5   4   0   0 255 247   3 101],8,265,-9.0,NgReg,701711877,1761498913,1284.0,103.0,0
1761498913794583265,[  5   2   0   0 255 248   3 101],8,265,-8.0,NgReg,793864513,1761498913,1282.0,103.0,0
1761498913886068115,[  5   2   0   0 255 254   3 103],8,265,-2.0,NgReg,885810208,1761498913,1282.0,103.0,0
1761498913987983115,[  5   2   0   0   0   0   3 104],8,265,0.0,NgReg,987762889,1761498913,1282.0,107.0,0
1761498914079831863,[  5   2   0   0   0   0   3 104],8,265,0.0,NgReg,79641283,1761498914,1282.0,107.0,0
1761498914193006896,[  5   2   0   0   0   0   3 104],8,265,0.0,NgReg,192734232,1761498914,1282.0,107.0,0
1761498914285291439,[  5   2   0   0   0   0   3 104],8,265,0.0,NgReg,284743324,1761498914,1282.0,107.0,0
1761498914397498075,[  5   2   0   0   0   0   3 104],8,265,0.0,NgReg,397185041,1761498914,1282.0,107.0,0
1761498914479134290,[  5   2   0   0   0   0   3 104],8,265,0.0,NgReg,478880258,1761498914,1282.0,107.0,0
1761498914632147141,[  5   1   0   0 255 255   3 104],8,265,-1.0,NgReg,631975641,1761498914,1281.0,107.0,0
1761498914704584182,[  5   1   0   0   0   0   3 104],8,265,0.0,NgReg,704254916,1761498914,1281.0,107.0,0
1761498914797653295,[  5   1   0   0   0   0   3 104],8,265,0.0,NgReg,797205833,1761498914,1281.0,107.0,0
1761498914889153362,[  5   1   0   0 255 251   3 103],8,265,-5.0,NgReg,888959869,1761498914,1281.0,103.0,0
1761498914991209524,[  5   0   0   0 255 249   3 101],8,265,-7.0,NgReg,990965128,1761498914,1280.0,103.0,0
1761498915083085370,[  4 255   0   0 255 250   3 101],8,265,-6.0,NgReg,82899560,1761498915,1279.0,103.0,0
1761498915195640398,[  4 255   0   0 255 254   3 102],8,265,-2.0,NgReg,195199532,1761498915,1279.0,103.0,0
1761498915287629876,[  4 254   0   0 255 255   3 103],8,265,-1.0,NgReg,287194709,1761498915,1278.0,103.0,0
1761498915399906414,[  4 254   0   0   0   0   3 103],8,265,0.0,NgReg,399629076,1761498915,1278.0,103.0,0
1761498915491782851,[  4 255   0   0   0   1   3 104],8,265,1.0,NgReg,491506922,1761498915,1279.0,107.0,0
1761498915635495859,[  4 255   0   0   0   1   3 104],8,265,1.0,NgReg,635182377,1761498915,1279.0,107.0,0
1761498915707997894,[  4 255   0   0   0   5   3 105],8,265,5.0,NgReg,707744727,1761498915,1279.0,107.0,0
1761498915800185092,[  5   0   0   0   0   0   3 104],8,265,0.0,NgReg,799946139,1761498915,1280.0,107.0,0
1761498915892154722,[  5   0   0   0   0   0   3 104],8,265,0.0,NgReg,891938787,1761498915,1280.0,107.0,0
1761498915994706538,[  5   0   0   0   0   0   3 103],8,265,0.0,NgReg,994396386,1761498915,1280.0,103.0,0
1761498916087001085,[  5   0   0   0   0   0   3 103],8,265,0.0,NgReg,86633661,1761498916,1280.0,103.0,0
1761498916199161333,[  5   0   0   0   0   0   3 103],8,265,0.0,NgReg,198913000,1761498916,1280.0,103.0,0
1761498916291302603,[  5   0   0   0   0   0   3 103],8,265,0.0,NgReg,291047676,1761498916,1280.0,103.0,0
1761498916403747711,[  4 255   0   0   0   0   3 103],8,265,0.0,NgReg,403528607,1761498916,1279.0,103.0,0
1761498916495638696,[  4 255   0   0   0   0   3 103],8,265,0.0,NgReg,495329633,1761498916,1279.0,103.0,0
1761498916639206187,[  5   0   0   0   0   0   3 103],8,265,0.0,NgReg,638935925,1761498916,1280.0,103.0,0
1761498916711731888,[  5   0   0   0   0   0   3 104],8,265,0.0,NgReg,711438320,1761498916,1280.0,107.0,0
1761498916804011683,[  5   0   0   0   0   4   3 105],8,265,4.0,NgReg,803792419,1761498916,1280.0,107.0,0
1761498916896314976,[  5   1   0   0   0   6   3 106],8,265,6.0,NgReg,895839184,1761498916,1281.0,107.0,0
1761498916998740894,[  5   2   0   0   0  10   3 108],8,265,10.0,NgReg,998416913,1761498916,1282.0,111.0,0
1761498917090911711,[  5   3   0   0   0  12   3 109],8,265,12.0,NgReg,90353132,1761498917,1283.0,111.0,0
1761498917202838148,[  5   5   0   0   0   8   3 108],8,265,8.0,NgReg,202548711,1761498917,1285.0,111.0,0
1761498917294957152,[  5   6   0   0   0   8   3 108],8,265,8.0,NgReg,294612586,1761498917,1286.0,111.0,0
1761498917406675115,[  5   6   0   0   0   0   3 106],8,265,0.0,NgReg,406502112,1761498917,1286.0,107.0,0
1761498917498625790,[  5   6   0   0   0   0   3 105],8,265,0.0,NgReg,498368494,1761498917,1286.0,107.0,0
1761498917642509440,[  5   6   0   0 255 255   3 105],8,265,-1.0,NgReg,642144450,1761498917,1286.0,107.0,0
1761498917715048276,[  5   6   0   0   0   0   3 105],8,265,0.0,NgReg,714787779,1761498917,1286.0,107.0,0
1761498917808886233,[  5   6   0   0   0   0   3 105],8,265,0.0,NgReg,808668507,1761498917,1286.0,107.0,0
1761498917901288976,[  5   6   0   0 255 254   3 104],8,265,-2.0,NgReg,901041060,1761498917,1286.0,107.0,0
1761498918004394819,[  5   5   0   0 255 247   3 102],8,265,-9.0,NgReg,4069591,1761498918,1285.0,103.0,0
1761498918098468185,[  5   4   0   0 255 251   3 102],8,265,-5.0,NgReg,98263329,1761498918,1284.0,103.0,0
1761498918211422576,[  5   3   0   0 255 253   3 103],8,265,-3.0,NgReg,210778203,1761498918,1283.0,103.0,0
1761498918294015800,[  5   3   0   0 255 252   3 103],8,265,-4.0,NgReg,293651419,1761498918,1283.0,103.0,0
1761498918406145420,[  5   2   0   0 255 246   3 101],8,265,-10.0,NgReg,405915945,1761498918,1282.0,103.0,0
1761498918498348029,[  5   1   0   0 255 251   3 103],8,265,-5.0,NgReg,498099090,1761498918,1281.0,103.0,0
1761498918651837760,[  5   1   0   0   0   2   3 105],8,265,2.0,NgReg,651543073,1761498918,1281.0,107.0,0
1761498918723668718,[  5   1   0   0   0   0   3 104],8,265,0.0,NgReg,723423012,1761498918,1281.0,107.0,0
1761498918805983101,[  5   1   0   0   0   0   3 104],8,265,0.0,NgReg,805707623,1761498918,1281.0,107.0,0
1761498918897773661,[  5   1   0   0   0   0   3 104],8,265,0.0,NgReg,897498278,1761498918,1281.0,107.0,0
1761498919009954068,[  5   1   0   0   0   0   3 104],8,265,0.0,NgReg,9722064,1761498919,1281.0,107.0,0
1761498919101856503,[  5   1   0   0 255 255   3 103],8,265,-1.0,NgReg,101566203,1761498919,1281.0,103.0,0
1761498919213686020,[  5   1   0   0 255 254   3 103],8,265,-2.0,NgReg,213466854,1761498919,1281.0,103.0,0
1761498919306007802,[  5   0   0   0 255 255   3 103],8,265,-1.0,NgReg,305783899,1761498919,1280.0,103.0,0
1761498919408084797,[  5   0   0   0 255 254   3 103],8,265,-2.0,NgReg,407890442,1761498919,1280.0,103.0,0
1761498919500156809,[  5   0   0   0   0   0   3 103],8,265,0.0,NgReg,499736469,1761498919,1280.0,103.0,0
1761498919653211346,[  5   0   0   0   0   0   3 104],8,265,0.0,NgReg,653030693,1761498919,1280.0,107.0,0
1761498919725567183,[  5   0   0   0   0   0   3 104],8,265,0.0,NgReg,725298716,1761498919,1280.0,107.0,0
1761498919818184740,[  5   0   0   0 255 254   3 103],8,265,-2.0,NgReg,817932760,1761498919,1280.0,103.0,0
1761498919900157169,[  4 255   0   0 255 252   3 103],8,265,-4.0,NgReg,899886365,1761498919,1279.0,103.0,0
1761498920012341884,[  4 255   0   0 255 252   3 103],8,265,-4.0,NgReg,12057635,1761498920,1279.0,103.0,0
1761498920104177561,[  4 254   0   0 255 255   3 103],8,265,-1.0,NgReg,103935730,1761498920,1278.0,103.0,0
1761498920217151144,[  4 254   0   0 255 255   3 103],8,265,-1.0,NgReg,216957526,1761498920,1278.0,103.0,0
1761498920310235447,[  4 254   0   0 255 254   3 103],8,265,-2.0,NgReg,309944828,1761498920,1278.0,103.0,0
1761498920412361063,[  4 254   0   0   0   0   3 103],8,265,0.0,NgReg,412176536,1761498920,1278.0,103.0,0
1761498920504291820,[  4 253   0   0 255 253   3 103],8,265,-3.0,NgReg,504050630,1761498920,1277.0,103.0,0
1761498920658042338,[  4 253   0   0 255 255   3 102],8,265,-1.0,NgReg,657648187,1761498920,1277.0,103.0,0
1761498920729812693,[  4 253   0   0   0   0   3 103],8,265,0.0,NgReg,729488619,1761498920,1277.0,103.0,0
1761498920822088909,[  4 253   0   0   0   3   3 104],8,265,3.0,NgReg,821594139,1761498920,1277.0,107.0,0
1761498920903672296,[  4 254   0   0   0   7   3 106],8,265,7.0,NgReg,903405879,1761498920,1278.0,107.0,0
1761498921015888401,[  4 254   0   0   0   1   3 105],8,265,1.0,NgReg,15722251,1761498921,1278.0,107.0,0
1761498921107851580,[  4 254   0   0   0   1   3 104],8,265,1.0,NgReg,107687479,1761498921,1278.0,107.0,0
1761498921219960218,[  4 254   0   0   0   0   3 104],8,265,0.0,NgReg,219759301,1761498921,1278.0,107.0,0
1761498921312232807,[  4 255   0   0   0   0   3 104],8,265,0.0,NgReg,311927431,1761498921,1279.0,107.0,0
1761498921424446801,[  4 255   0   0   0   3   3 105],8,265,3.0,NgReg,424138255,1761498921,1279.0,107.0,0
1761498921505833295,[  4 255   0   0   0   1   3 105],8,265,1.0,NgReg,505629337,1761498921,1279.0,107.0,0
1761498921659682325,[  4 255   0   0   0   0   3 104],8,265,0.0,NgReg,659330336,1761498921,1279.0,107.0,0
1761498921731549218,[  4 255   0   0 255 255   3 104],8,265,-1.0,NgReg,731252837,1761498921,1279.0,107.0,0
1761498921823631968,[  4 255   0   0   0   5   3 106],8,265,5.0,NgReg,823417733,1761498921,1279.0,107.0,0
1761498921915782874,[  5   0   0   0   0   9   3 108],8,265,9.0,NgReg,915573794,1761498921,1280.0,111.0,0
1761498922018341424,[  5   2   0   0   0   7   3 107],8,265,7.0,NgReg,18044404,1761498922,1282.0,107.0,0
1761498922109776440,[  5   3   0   0   0   6   3 107],8,265,6.0,NgReg,109521517,1761498922,1283.0,107.0,0
1761498922222405872,[  5   3   0   0   0   3   3 106],8,265,3.0,NgReg,221901437,1761498922,1283.0,107.0,0
1761498922314402179,[  5   4   0   0   0   1   3 106],8,265,1.0,NgReg,314133651,1761498922,1284.0,107.0,0
1761498922426485623,[  5   4   0   0   0   6   3 107],8,265,6.0,NgReg,426203008,1761498922,1284.0,107.0,0
1761498922518323944,[  5   5   0   0   0   0   3 106],8,265,0.0,NgReg,518056087,1761498922,1285.0,107.0,0
1761498922661980969,[  5   5   0   0   0   0   3 106],8,265,0.0,NgReg,661389361,1761498922,1285.0,107.0,0
1761498922733537351,[  5   5   0   0   0   0   3 106],8,265,0.0,NgReg,733357724,1761498922,1285.0,107.0,0
1761498922826371673,[  5   5   0   0   0   0   3 106],8,265,0.0,NgReg,825990938,1761498922,1285.0,107.0,0
1761498922918247610,[  5   5   0   0   0   1   3 106],8,265,1.0,NgReg,917740613,1761498922,1285.0,107.0,0
1761498923030647621,[  5   5   0   0   0   0   3 106],8,265,0.0,NgReg,30298548,1761498923,1285.0,107.0,0
1761498923112115254,[  5   5   0   0 255 255   3 105],8,265,-1.0,NgReg,111914883,1761498923,1285.0,107.0,0
1761498923224943138,[  5   5   0   0 255 253   3 104],8,265,-3.0,NgReg,224632929,1761498923,1285.0,107.0,0
1761498923317531208,[  5   4   0   0 255 254   3 104],8,265,-2.0,NgReg,317234284,1761498923,1284.0,107.0,0
1761498923430203763,[  5   4   0   0 255 255   3 105],8,265,-1.0,NgReg,429942215,1761498923,1284.0,107.0,0
1761498923522191903,[  5   4   0   0 255 255   3 105],8,265,-1.0,NgReg,521632278,1761498923,1284.0,107.0,0
1761498923665358910,[  5   3   0   0 255 250   3 103],8,265,-6.0,NgReg,665099378,1761498923,1283.0,103.0,0
1761498923737039398,[  5   2   0   0 255 249   3 102],8,265,-7.0,NgReg,736854873,1761498923,1282.0,103.0,0
1761498923829424406,[  5   1   0   0 255 253   3 103],8,265,-3.0,NgReg,829076486,1761498923,1281.0,103.0,0
1761498923920953923,[  5   1   0   0   0   0   3 105],8,265,0.0,NgReg,920757361,1761498923,1281.0,107.0,0
1761498924033024653,[  5   1   0   0   0   0   3 105],8,265,0.0,NgReg,32836511,1761498924,1281.0,107.0,0
1761498924114823234,[  5   1   0   0   0   3   3 106],8,265,3.0,NgReg,114509312,1761498924,1281.0,107.0,0
1761498924227039253,[  5   2   0   0   0   3   3 106],8,265,3.0,NgReg,226745083,1761498924,1282.0,107.0,0
1761498924319836877,[  5   2   0   0   0   5   3 107],8,265,5.0,NgReg,319309939,1761498924,1282.0,107.0,0
1761498924431794485,[  5   3   0   0   0   8   3 108],8,265,8.0,NgReg,431550160,1761498924,1283.0,111.0,0
1761498924524054575,[  5   4   0   0   0   2   3 106],8,265,2.0,NgReg,523487076,1761498924,1284.0,107.0,0
1761498924677580599,[  5   4   0   0   0   0   3 105],8,265,0.0,NgReg,677280635,1761498924,1284.0,107.0,0
1761498924750043385,[  5   4   0   0   0   0   3 105],8,265,0.0,NgReg,749701035,1761498924,1284.0,107.0,0
1761498924832170198,[  5   4   0   0   0   0   3 106],8,265,0.0,NgReg,831755754,1761498924,1284.0,107.0,0
1761498924924219672,[  5   4   0   0   0   0   3 106],8,265,0.0,NgReg,923885806,1761498924,1284.0,107.0,0
1761498925036558957,[  5   4   0   0   0   0   3 105],8,265,0.0,NgReg,36219842,1761498925,1284.0,107.0,0
1761498925118548045,[  5   4   0   0   0   0   3 105],8,265,0.0,NgReg,118256886,1761498925,1284.0,107.0,0
1761498925231286303,[  5   4   0   0 255 254   3 104],8,265,-2.0,NgReg,230906563,1761498925,1284.0,107.0,0
1761498925323359339,[  5   4   0   0 255 249   3 102],8,265,-7.0,NgReg,322986898,1761498925,1284.0,103.0,0
1761498925435871007,[  5   2   0   0 255 247   3 101],8,265,-9.0,NgReg,435668972,1761498925,1282.0,103.0,0
1761498925528302046,[  5   1   0   0 255 246   3 100],8,265,-10.0,NgReg,527933287,1761498925,1281.0,103.0,0
1761498925672024513,[  4 255   0   0 255 244   3  99],8,265,-12.0,NgReg,671763446,1761498925,1279.0,99.0,0
1761498925745056355,[  4 254   0   0 255 246   3  99],8,265,-10.0,NgReg,744620656,1761498925,1278.0,99.0,0
1761498925837840884,[  4 253   0   0 255 247   3  99],8,265,-9.0,NgReg,837228984,1761498925,1277.0,99.0,0
1761498925930079268,[  4 251   0   0 255 247   3  99],8,265,-9.0,NgReg,929722193,1761498925,1275.0,99.0,0
1761498926032889719,[  4 250   0   0 255 247   3  99],8,265,-9.0,NgReg,32679009,1761498926,1274.0,99.0,0
1761498926125353477,[  4 248   0   0 255 247   3  98],8,265,-9.0,NgReg,125007896,1761498926,1272.0,99.0,0
1761498926237810796,[  4 247   0   0 255 249   3  98],8,265,-7.0,NgReg,237473762,1761498926,1271.0,99.0,0
1761498926330202044,[  4 246   0   0 255 251   3  99],8,265,-5.0,NgReg,329953782,1761498926,1270.0,99.0,0
1761498926443840837,[  4 245   0   0 255 251   3  98],8,265,-5.0,NgReg,442351461,1761498926,1269.0,99.0,0
1761498926524609168,[  4 244   0   0 255 249   3  98],8,265,-7.0,NgReg,524411360,1761498926,1268.0,99.0,0
1761498926678825630,[  4 243   0   0 255 248   3  97],8,265,-8.0,NgReg,678508733,1761498926,1267.0,99.0,0
1761498926751223764,[  4 242   0   0 255 255   3  98],8,265,-1.0,NgReg,750792612,1761498926,1266.0,99.0,0
1761498926843285406,[  4 242   0   0   0   0   3 100],8,265,0.0,NgReg,842989125,1761498926,1266.0,103.0,0
1761498926925299301,[  4 242   0   0   0   0   3 100],8,265,0.0,NgReg,925000075,1761498926,1266.0,103.0,0
1761498927037095651,[  4 242   0   0 255 255   3  99],8,265,-1.0,NgReg,36850175,1761498927,1266.0,99.0,0
1761498927129050436,[  4 242   0   0   0   0   3 100],8,265,0.0,NgReg,128887907,1761498927,1266.0,103.0,0
1761498927241499028,[  4 242   0   0 255 255   3  99],8,265,-1.0,NgReg,241187766,1761498927,1266.0,99.0,0
1761498927334378797,[  4 242   0   0   0   0   3  99],8,265,0.0,NgReg,333897418,1761498927,1266.0,99.0,0
1761498927446285601,[  4 242   0   0 255 255   3  99],8,265,-1.0,NgReg,446042334,1761498927,1266.0,99.0,0
1761498927528322545,[  4 242   0   0 255 255   3  99],8,265,-1.0,NgReg,527985961,1761498927,1266.0,99.0,0
1761498927682009218,[  4 241   0   0 255 255   3  99],8,265,-1.0,NgReg,681700805,1761498927,1265.0,99.0,0
1761498927754398414,[  4 241   0   0 255 255   3  99],8,265,-1.0,NgReg,754039004,1761498927,1265.0,99.0,0
1761498927846463452,[  4 241   0   0   0   0   3  99],8,265,0.0,NgReg,846109869,1761498927,1265.0,99.0,0
1761498927938597222,[  4 241   0   0   0   0   3  99],8,265,0.0,NgReg,938180638,1761498927,1265.0,99.0,0
1761498928040390581,[  4 241   0   0 255 255   3  99],8,265,-1.0,NgReg,40181761,1761498928,1265.0,99.0,0
1761498928132030526,[  4 241   0   0 255 254   3  98],8,265,-2.0,NgReg,131857049,1761498928,1265.0,99.0,0
1761498928244058931,[  4 240   0   0 255 253   3  98],8,265,-3.0,NgReg,243856610,1761498928,1264.0,99.0,0
1761498928335875075,[  4 240   0   0 255 252   3  97],8,265,-4.0,NgReg,335706111,1761498928,1264.0,99.0,0
1761498928451117445,[  4 239   0   0 255 248   3  96],8,265,-8.0,NgReg,450879878,1761498928,1263.0,99.0,0
1761498928532554341,[  4 238   0   0 255 248   3  95],8,265,-8.0,NgReg,532390275,1761498928,1262.0,95.0,0
1761498928686060395,[  4 236   0   0 255 248   3  95],8,265,-8.0,NgReg,685822828,1761498928,1260.0,95.0,0
1761498928758933525,[  4 236   0   0 255 255   3  97],8,265,-1.0,NgReg,758319166,1761498928,1260.0,99.0,0
1761498928851905302,[  4 236   0   0 255 255   3  97],8,265,-1.0,NgReg,851729231,1761498928,1260.0,99.0,0
1761498928933637197,[  4 235   0   0 255 253   3  97],8,265,-3.0,NgReg,933380261,1761498928,1259.0,99.0,0
1761498929045385728,[  4 235   0   0 255 255   3  97],8,265,-1.0,NgReg,45113971,1761498929,1259.0,99.0,0
1761498929137269139,[  4 235   0   0 255 255   3  97],8,265,-1.0,NgReg,137040984,1761498929,1259.0,99.0,0
1761498929249824844,[  4 234   0   0 255 252   3  96],8,265,-4.0,NgReg,249399170,1761498929,1258.0,99.0,0
1761498929341588048,[  4 234   0   0 255 252   3  96],8,265,-4.0,NgReg,341355603,1761498929,1258.0,99.0,0
1761498929453709820,[  4 233   0   0 255 250   3  95],8,265,-6.0,NgReg,453449524,1761498929,1257.0,95.0,0
1761498929535768312,[  4 232   0   0 255 250   3  94],8,265,-6.0,NgReg,535228704,1761498929,1256.0,95.0,0
1761498929689099674,[  4 231   0   0 255 250   3  95],8,265,-6.0,NgReg,688873568,1761498929,1255.0,95.0,0
1761498929761534769,[  4 230   0   0 255 249   3  94],8,265,-7.0,NgReg,761235609,1761498929,1254.0,95.0,0
1761498929853470873,[  4 229   0   0 255 247   3  93],8,265,-9.0,NgReg,853171874,1761498929,1253.0,95.0,0
1761498929944972276,[  4 228   0   0 255 246   3  92],8,265,-10.0,NgReg,944828826,1761498929,1252.0,95.0,0
1761498930047436502,[  4 227   0   0 255 246   3  92],8,265,-10.0,NgReg,47122041,1761498930,1251.0,95.0,0
1761498930139787117,[  4 225   0   0 255 247   3  91],8,265,-9.0,NgReg,139183261,1761498930,1249.0,91.0,0
1761498930252268155,[  4 224   0   0 255 246   3  91],8,265,-10.0,NgReg,251628189,1761498930,1248.0,91.0,0
1761498930343934723,[  4 222   0   0 255 246   3  90],8,265,-10.0,NgReg,343673883,1761498930,1246.0,91.0,0
1761498930456124125,[  4 221   0   0 255 245   3  90],8,265,-11.0,NgReg,455797756,1761498930,1245.0,91.0,0
1761498930548272740,[  4 219   0   0 255 245   3  89],8,265,-11.0,NgReg,548045290,1761498930,1243.0,91.0,0
1761498930691613870,[  4 218   0   0 255 247   3  90],8,265,-9.0,NgReg,691190598,1761498930,1242.0,91.0,0
1761498930763955613,[  4 217   0   0 255 249   3  90],8,265,-7.0,NgReg,763679792,1761498930,1241.0,91.0,0
1761498930855509432,[  4 216   0   0 255 250   3  90],8,265,-6.0,NgReg,855231113,1761498930,1240.0,91.0,0
1761498930947369420,[  4 215   0   0 255 252   3  90],8,265,-4.0,NgReg,947088604,1761498930,1239.0,91.0,0
1761498931059859656,[  4 215   0   0 255 254   3  91],8,265,-2.0,NgReg,59562419,1761498931,1239.0,91.0,0
1761498931141429743,[  4 215   0   0 255 253   3  91],8,265,-3.0,NgReg,141005511,1761498931,1239.0,91.0,0
1761498931253426676,[  4 214   0   0 255 252   3  90],8,265,-4.0,NgReg,253210046,1761498931,1238.0,91.0,0
1761498931346584596,[  4 213   0   0 255 251   3  89],8,265,-5.0,NgReg,346317450,1761498931,1237.0,91.0,0
1761498931459038029,[  4 213   0   0 255 250   3  89],8,265,-6.0,NgReg,458706890,1761498931,1237.0,91.0,0
1761498931551374537,[  4 212   0   0 255 253   3  90],8,265,-3.0,NgReg,551078932,1761498931,1236.0,91.0,0
1761498931694538512,[  4 212   0   0 255 255   3  90],8,265,-1.0,NgReg,694279370,1761498931,1236.0,91.0,0
1761498931766731077,[  4 212   0   0   0   0   3  90],8,265,0.0,NgReg,766412967,1761498931,1236.0,91.0,0
1761498931858705842,[  4 211   0   0 255 255   3  90],8,265,-1.0,NgReg,858360682,1761498931,1235.0,91.0,0
1761498931950822391,[  4 211   0   0 255 254   3  90],8,265,-2.0,NgReg,950467083,1761498931,1235.0,91.0,0
1761498932063255723,[  4 211   0   0 255 254   3  90],8,265,-2.0,NgReg,62757864,1761498932,1235.0,91.0,0
1761498932144769444,[  4 210   0   0 255 253   3  89],8,265,-3.0,NgReg,144500027,1761498932,1234.0,91.0,0
1761498932257200716,[  4 210   0   0 255 253   3  89],8,265,-3.0,NgReg,256878286,1761498932,1234.0,91.0,0
1761498932348813914,[  4 209   0   0 255 253   3  89],8,265,-3.0,NgReg,348631698,1761498932,1233.0,91.0,0
1761498932461146267,[  4 209   0   0 255 255   3  90],8,265,-1.0,NgReg,460813176,1761498932,1233.0,91.0,0
1761498932554570286,[  4 209   0   0   0   0   3  90],8,265,0.0,NgReg,554252241,1761498932,1233.0,91.0,0
1761498932697750594,[  4 209   0   0 255 255   3  89],8,265,-1.0,NgReg,697479736,1761498932,1233.0,91.0,0
1761498932773078533,[  4 208   0   0   0   0   3  90],8,265,0.0,NgReg,772774478,1761498932,1232.0,91.0,0
1761498932864984997,[  4 208   0   0   0   0   3  90],8,265,0.0,NgReg,864726656,1761498932,1232.0,91.0,0
1761498932958039143,[  4 208   0   0   0   0   3  90],8,265,0.0,NgReg,957559627,1761498932,1232.0,91.0,0
1761498933060349310,[  2 220   0   5   0  11   0   0],8,265,11.0,NgReg,60041254,1761498933,732.0,0.0,5
1761498933152417645,[255 173   2   5   0 117   0   0],8,265,117.0,NgReg,152064131,1761498933,65453.0,0.0,517
1761498933264589386,[255  33   2   5   0 203   0   0],8,265,203.0,NgReg,264310173,1761498933,65313.0,0.0,517
1761498933356565141,[254 199   2   5   1  19   0   0],8,265,275.0,NgReg,356339549,1761498933,65223.0,0.0,517
1761498933469139855,[254 123   2   5   1  80   0   0],8,265,336.0,NgReg,468894767,1761498933,65147.0,0.0,517
1761498933550988854,[254  71   2   5   1 122   0   0],8,265,378.0,NgReg,550802797,1761498933,65095.0,0.0,517
1761498933704643295,[254  13   2   5   1 169   0   0],8,265,425.0,NgReg,704418088,1761498933,65037.0,0.0,517
1761498933777471184,[253 218   2   5   1 211   0   0],8,265,467.0,NgReg,777124841,1761498933,64986.0,0.0,517
1761498933873047412,[253 173   2   5   1 247   0   0],8,265,503.0,NgReg,872760901,1761498933,64941.0,0.0,517
1761498933955174535,[253 133   2   5   2  24   0   0],8,265,536.0,NgReg,954911841,1761498933,64901.0,0.0,517
1761498934067449809,[253  96   2   5   2  53   0   0],8,265,565.0,NgReg,67206419,1761498934,64864.0,0.0,517
1761498934159364822,[253  64   2   5   2  80   0   0],8,265,592.0,NgReg,159086954,1761498934,64832.0,0.0,517
1761498934271663777,[253  35   2   5   2 104   0   0],8,265,616.0,NgReg,271384789,1761498934,64803.0,0.0,517
1761498934354333905,[253   8   2   5   2 126   0   0],8,265,638.0,NgReg,353918481,1761498934,64776.0,0.0,517
1761498934467042363,[252 239   2   5   2 146   0   0],8,265,658.0,NgReg,466622584,1761498934,64751.0,0.0,517
1761498934560253205,[252 216   2   5   2 165   0   0],8,265,677.0,NgReg,559610428,1761498934,64728.0,0.0,517
1761498934714458181,[252 196   2   5   2 182   0   0],8,265,694.0,NgReg,714198592,1761498934,64708.0,0.0,517
1761498934787205017,[252 176   2   5   2 197   0   0],8,265,709.0,NgReg,786752266,1761498934,64688.0,0.0,517
1761498934869903796,[252 159   2   5   2 212   0   0],8,265,724.0,NgReg,869614244,1761498934,64671.0,0.0,517
1761498934961590849,[252 142   2   5   2 226   0   0],8,265,738.0,NgReg,961332701,1761498934,64654.0,0.0,517
1761498935073946775,[252 126   2   5   2 238   0   0],8,265,750.0,NgReg,73637408,1761498935,64638.0,0.0,517
1761498935155678378,[252 112   2   5   2 250   0   0],8,265,762.0,NgReg,155378295,1761498935,64624.0,0.0,517
1761498935267978645,[252  99   2   5   3   5   0   0],8,265,773.0,NgReg,267800945,1761498935,64611.0,0.0,517
1761498935362722988,[252  86   2   5   3  16   0   0],8,265,784.0,NgReg,360939519,1761498935,64598.0,0.0,517
1761498935475130912,[252  74   2   5   3  25   0   0],8,265,793.0,NgReg,474409707,1761498935,64586.0,0.0,517
1761498935566902849,[252  63   2   5   3  35   0   0],8,265,803.0,NgReg,566637211,1761498935,64575.0,0.0,517
1761498935710318742,[252  52   2   5   3  43   0   0],8,265,811.0,NgReg,710043020,1761498935,64564.0,0.0,517
1761498935782640588,[252  42   2   5   3  52   0   0],8,265,820.0,NgReg,782316496,1761498935,64554.0,0.0,517
1761498935874843027,[252  33   2   5   3  60   0   0],8,265,828.0,NgReg,874487019,1761498935,64545.0,0.0,517
1761498935966947893,[252  24   2   5   3  67   0   0],8,265,835.0,NgReg,966599727,1761498935,64536.0,0.0,517
1761498936068888911,[252  15   2   5   3  74   0   0],8,265,842.0,NgReg,68617896,1761498936,64527.0,0.0,517
1761498936161076101,[252   7   2   5   3  81   0   0],8,265,849.0,NgReg,160569188,1761498936,64519.0,0.0,517
1761498936273090564,[252   0   2   5   3  87   0   0],8,265,855.0,NgReg,272716693,1761498936,64512.0,0.0,517
1761498936365053188,[251 248   2   5   3  93   0   0],8,265,861.0,NgReg,364776186,1761498936,64504.0,0.0,517
1761498936477053470,[251 241   2   5   3  99   0   0],8,265,867.0,NgReg,476853169,1761498936,64497.0,0.0,517
1761498936569196770,[251 235   2   5   3 104   0   0],8,265,872.0,NgReg,568731057,1761498936,64491.0,0.0,517
1761498936712155099,[251 228   2   5   3 109   0   0],8,265,877.0,NgReg,711952077,1761498936,64484.0,0.0,517
1761498936784041970,[251 222   2   5   3 115   0   0],8,265,883.0,NgReg,783835844,1761498936,64478.0,0.0,517
1761498936876017239,[251 216   2   5   3 119   0   0],8,265,887.0,NgReg,875816042,1761498936,64472.0,0.0,517
1761498936968020775,[251 211   2   5   3 124   0   0],8,265,892.0,NgReg,967857897,1761498936,64467.0,0.0,517
1761498937080436892,[251 205   2   5   3 129   0   0],8,265,897.0,NgReg,80267644,1761498937,64461.0,0.0,517
1761498937162919596,[251 200   2   5   3 133   0   0],8,265,901.0,NgReg,162575977,1761498937,64456.0,0.0,517
1761498937276160768,[251 195   2   5   3 137   0   0],8,265,905.0,NgReg,275592552,1761498937,64451.0,0.0,517
1761498937367830472,[251 190   2   5   3 141   0   0],8,265,909.0,NgReg,367623705,1761498937,64446.0,0.0,517
1761498937480014411,[251 186   2   5   3 145   0   0],8,265,913.0,NgReg,479810718,1761498937,64442.0,0.0,517
1761498937572151268,[251 182   2   5   3 147   0   0],8,265,915.0,NgReg,571906856,1761498937,64438.0,0.0,517
1761498937725491599,[251 178   2   5   3 151   0   0],8,265,919.0,NgReg,725246066,1761498937,64434.0,0.0,517
1761498937797873933,[251 174   2   5   3 154   0   0],8,265,922.0,NgReg,797404539,1761498937,64430.0,0.0,517
1761498937880440380,[251 170   2   5   3 158   0   0],8,265,926.0,NgReg,879722540,1761498937,64426.0,0.0,517
1761498937972577045,[251 166   2   5   3 161   0   0],8,265,929.0,NgReg,972020706,1761498937,64422.0,0.0,517
1761498938084360533,[251 162   2   5   3 164   0   0],8,265,932.0,NgReg,84162827,1761498938,64418.0,0.0,517
1761498938166535234,[251 158   2   5   3 167   0   0],8,265,935.0,NgReg,166230575,1761498938,64414.0,0.0,517
1761498938278637453,[251 155   2   5   3 170   0   0],8,265,938.0,NgReg,278412568,1761498938,64411.0,0.0,517
1761498938370439648,[251 152   2   5   3 173   0   0],8,265,941.0,NgReg,370162392,1761498938,64408.0,0.0,517
1761498938483683064,[251 148   2   5   3 176   0   0],8,265,944.0,NgReg,483038438,1761498938,64404.0,0.0,517
1761498938575203938,[251 145   2   5   3 178   0   0],8,265,946.0,NgReg,574940383,1761498938,64401.0,0.0,517
1761498938729603354,[251 142   2   5   3 181   0   0],8,265,949.0,NgReg,729353628,1761498938,64398.0,0.0,517
1761498938802741182,[251 139   2   5   3 183   0   0],8,265,951.0,NgReg,802452465,1761498938,64395.0,0.0,517
1761498938884988357,[251 141   2   5   3 181   0   0],8,265,949.0,NgReg,884661002,1761498938,64397.0,0.0,517
1761498938977197746,[251 146   2   5   3 176   0   0],8,265,944.0,NgReg,976954518,1761498938,64402.0,0.0,517
1761498939090124795,[251 151   2   5   3 172   0   0],8,265,940.0,NgReg,89696923,1761498939,64407.0,0.0,517
1761498939172087499,[251 156   2   5   3 168   0   0],8,265,936.0,NgReg,171836205,1761498939,64412.0,0.0,517
1761498939284985672,[251 163   2   5   3 162   0   0],8,265,930.0,NgReg,284642568,1761498939,64419.0,0.0,517
1761498939376695476,[251 165   2   5   3 160   0   0],8,265,928.0,NgReg,376529974,1761498939,64421.0,0.0,517
1761498939490866381,[251 173   2   5   3 154   0   0],8,265,922.0,NgReg,490335238,1761498939,64429.0,0.0,517
1761498939572860136,[251 176   2   5   3 151   0   0],8,265,919.0,NgReg,572661182,1761498939,64432.0,0.0,517
1761498939727046448,[251 180   2   5   3 148   0   0],8,265,916.0,NgReg,726823517,1761498939,64436.0,0.0,517
1761498939800142798,[251 183   2   5   3 145   0   0],8,265,913.0,NgReg,799733845,1761498939,64439.0,0.0,517
1761498939892245901,[251 186   2   5   3 143   0   0],8,265,911.0,NgReg,892013462,1761498939,64442.0,0.0,517
1761498939974027545,[251 189   2   5   3 141   0   0],8,265,909.0,NgReg,973783230,1761498939,64445.0,0.0,517
1761498940086602159,[251 191   2   5   3 139   0   0],8,265,907.0,NgReg,86320839,1761498940,64447.0,0.0,517
1761498940178786408,[251 193   2   5   3 137   0   0],8,265,905.0,NgReg,178315481,1761498940,64449.0,0.0,517
1761498940291056517,[251 195   2   5   3 136   0   0],8,265,904.0,NgReg,290727466,1761498940,64451.0,0.0,517
1761498940383100009,[251 196   2   5   3 135   0   0],8,265,903.0,NgReg,382677036,1761498940,64452.0,0.0,517
1761498940485375878,[251 197   2   5   3 134   0   0],8,265,902.0,NgReg,485014400,1761498940,64453.0,0.0,517
1761498940577187925,[251 198   2   5   3 133   0   0],8,265,901.0,NgReg,576991308,1761498940,64454.0,0.0,517
1761498940731245904,[251 199   2   5   3 133   0   0],8,265,901.0,NgReg,730963367,1761498940,64455.0,0.0,517
1761498940803667614,[251 199   2   5   3 132   0   0],8,265,900.0,NgReg,803322142,1761498940,64455.0,0.0,517
1761498940896203129,[251 200   2   5   3 132   0   0],8,265,900.0,NgReg,895789760,1761498940,64456.0,0.0,517
1761498940977816925,[251 200   2   5   3 132   0   0],8,265,900.0,NgReg,977425964,1761498940,64456.0,0.0,517
1761498941090322460,[251 200   2   5   3 132   0   0],8,265,900.0,NgReg,90038707,1761498941,64456.0,0.0,517
1761498941182826344,[251 200   2   5   3 132   0   0],8,265,900.0,NgReg,182251284,1761498941,64456.0,0.0,517
1761498941295088654,[251 200   2   5   3 132   0   0],8,265,900.0,NgReg,294898056,1761498941,64456.0,0.0,517
1761498941387389008,[251 200   2   5   3 132   0   0],8,265,900.0,NgReg,387071098,1761498941,64456.0,0.0,517
1761498941489801892,[251 199   2   5   3 132   0   0],8,265,900.0,NgReg,489350878,1761498941,64455.0,0.0,517
1761498941581855082,[251 199   2   5   3 133   0   0],8,265,901.0,NgReg,581381116,1761498941,64455.0,0.0,517
1761498941736021523,[251 199   2   5   3 133   0   0],8,265,901.0,NgReg,735749646,1761498941,64455.0,0.0,517
1761498941807910346,[251 199   2   5   3 133   0   0],8,265,901.0,NgReg,807730984,1761498941,64455.0,0.0,517
1761498941900042062,[251 198   2   5   3 133   0   0],8,265,901.0,NgReg,899809336,1761498941,64454.0,0.0,517
1761498941981963867,[251 198   2   5   3 134   0   0],8,265,902.0,NgReg,981451838,1761498941,64454.0,0.0,517
1761498942094278167,[251 198   2   5   3 134   0   0],8,265,902.0,NgReg,93989037,1761498942,64454.0,0.0,517
1761498942186544651,[251 197   2   5   3 134   0   0],8,265,902.0,NgReg,186243069,1761498942,64453.0,0.0,517
1761498942299280141,[251 197   2   5   3 134   0   0],8,265,902.0,NgReg,299000230,1761498942,64453.0,0.0,517
1761498942391354907,[251 197   2   5   3 135   0   0],8,265,903.0,NgReg,391055501,1761498942,64453.0,0.0,517
1761498942493637158,[251 197   2   5   3 135   0   0],8,265,903.0,NgReg,493331126,1761498942,64453.0,0.0,517
1761498942585805782,[251 196   2   5   3 135   0   0],8,265,903.0,NgReg,585552441,1761498942,64452.0,0.0,517
1761498942739618501,[251 196   2   5   3 135   0   0],8,265,903.0,NgReg,739289357,1761498942,64452.0,0.0,517
1761498942812098086,[251 196   2   5   3 135   0   0],8,265,903.0,NgReg,811820961,1761498942,64452.0,0.0,517
1761498942894259204,[251 196   2   5   3 135   0   0],8,265,903.0,NgReg,893903553,1761498942,64452.0,0.0,517
1761498942986194559,[251 196   2   5   3 136   0   0],8,265,904.0,NgReg,985914616,1761498942,64452.0,0.0,517
1761498943098862625,[251 196   2   5   3 136   0   0],8,265,904.0,NgReg,98524166,1761498943,64452.0,0.0,517
1761498943190559335,[251 195   2   5   3 136   0   0],8,265,904.0,NgReg,190320720,1761498943,64451.0,0.0,517
1761498943304847405,[251 195   2   5   3 136   0   0],8,265,904.0,NgReg,304572105,1761498943,64451.0,0.0,517
1761498943387161404,[251 195   2   5   3 136   0   0],8,265,904.0,NgReg,386666856,1761498943,64451.0,0.0,517
1761498943499553488,[251 195   2   5   3 136   0   0],8,265,904.0,NgReg,499018221,1761498943,64451.0,0.0,517
1761498943591744170,[251 195   2   5   3 136   0   0],8,265,904.0,NgReg,591307082,1761498943,64451.0,0.0,517
1761498943745102239,[251 195   2   5   3 136   0   0],8,265,904.0,NgReg,744702094,1761498943,64451.0,0.0,517
1761498943817333079,[251 195   2   5   3 136   0   0],8,265,904.0,NgReg,817081915,1761498943,64451.0,0.0,517
1761498943899726274,[251 195   2   5   3 137   0   0],8,265,905.0,NgReg,899162100,1761498943,64451.0,0.0,517
1761498943991327685,[251 194   2   5   3 137   0   0],8,265,905.0,NgReg,991058435,1761498943,64450.0,0.0,517
1761498944104161737,[251 193   2   5   3 138   0   0],8,265,906.0,NgReg,103789410,1761498944,64449.0,0.0,517
1761498944195955542,[251 192   2   5   3 139   0   0],8,265,907.0,NgReg,195716319,1761498944,64448.0,0.0,517
1761498944308984675,[251 191   2   5   3 140   0   0],8,265,908.0,NgReg,308716866,1761498944,64447.0,0.0,517
1761498944391630052,[251 189   2   5   3 141   0   0],8,265,909.0,NgReg,391209643,1761498944,64445.0,0.0,517
1761498944503756394,[251 188   2   5   3 142   0   0],8,265,910.0,NgReg,503277757,1761498944,64444.0,0.0,517
1761498944595813334,[251 186   2   5   3 143   0   0],8,265,911.0,NgReg,595347726,1761498944,64442.0,0.0,517
1761498944749430554,[251 185   2   5   3 145   0   0],8,265,913.0,NgReg,749224271,1761498944,64441.0,0.0,517
1761498944822968893,[251 183   2   5   3 146   0   0],8,265,914.0,NgReg,822671986,1761498944,64439.0,0.0,517
1761498944904908863,[251 181   2   5   3 148   0   0],8,265,916.0,NgReg,904626937,1761498944,64437.0,0.0,517
1761498944998114603,[251 179   2   5   3 149   0   0],8,265,917.0,NgReg,997697012,1761498944,64435.0,0.0,517
1761498945110728011,[251 177   2   5   3 151   0   0],8,265,919.0,NgReg,110373548,1761498945,64433.0,0.0,517
1761498945192462624,[251 175   2   5   3 153   0   0],8,265,921.0,NgReg,192149200,1761498945,64431.0,0.0,517
1761498945305090736,[251 173   2   5   3 155   0   0],8,265,923.0,NgReg,304791109,1761498945,64429.0,0.0,517
1761498945396710404,[251 171   2   5   3 157   0   0],8,265,925.0,NgReg,396513246,1761498945,64427.0,0.0,517
1761498945508981076,[251 168   2   5   3 159   0   0],8,265,927.0,NgReg,508722839,1761498945,64424.0,0.0,517
1761498945600887119,[251 166   2   5   3 161   0   0],8,265,929.0,NgReg,600640919,1761498945,64422.0,0.0,517
1761498945754541138,[251 164   2   5   3 162   0   0],8,265,930.0,NgReg,754301724,1761498945,64420.0,0.0,517
1761498945827290315,[251 161   2   5   3 164   0   0],8,265,932.0,NgReg,826980924,1761498945,64417.0,0.0,517
1761498945909144363,[251 159   2   5   3 166   0   0],8,265,934.0,NgReg,908939201,1761498945,64415.0,0.0,517
1761498946001242155,[251 157   2   5   3 168   0   0],8,265,936.0,NgReg,1015802,1761498946,64413.0,0.0,517
1761498946114270318,[251 155   2   5   3 170   0   0],8,265,938.0,NgReg,113921266,1761498946,64411.0,0.0,517
1761498946195986332,[251 153   2   5   3 171   0   0],8,265,939.0,NgReg,195694067,1761498946,64409.0,0.0,517
1761498946308065726,[251 151   2   5   3 173   0   0],8,265,941.0,NgReg,307895809,1761498946,64407.0,0.0,517
1761498946400067906,[251 150   2   5   3 174   0   0],8,265,942.0,NgReg,399883136,1761498946,64406.0,0.0,517
1761498946512242022,[251 148   2   5   3 175   0   0],8,265,943.0,NgReg,512058053,1761498946,64404.0,0.0,517
1761498946604660063,[251 147   2   5   3 176   0   0],8,265,944.0,NgReg,604006006,1761498946,64403.0,0.0,517
1761498946759172554,[251 146   2   5   3 177   0   0],8,265,945.0,NgReg,758616612,1761498946,64402.0,0.0,517
1761498946830952861,[251 145   2   5   3 178   0   0],8,265,946.0,NgReg,830649105,1761498946,64401.0,0.0,517
1761498946913250010,[251 144   2   5   3 179   0   0],8,265,947.0,NgReg,913036270,1761498946,64400.0,0.0,517
1761498947005277059,[251 143   2   5   3 180   0   0],8,265,948.0,NgReg,5040527,1761498947,64399.0,0.0,517
1761498947118455492,[251 142   2   5   3 180   0   0],8,265,948.0,NgReg,118147735,1761498947,64398.0,0.0,517
1761498947200542326,[251 142   2   5   3 181   0   0],8,265,949.0,NgReg,200091702,1761498947,64398.0,0.0,517
1761498947313509164,[251 141   2   5   3 181   0   0],8,265,949.0,NgReg,313160688,1761498947,64397.0,0.0,517
1761498947405655372,[251 141   2   5   3 181   0   0],8,265,949.0,NgReg,405347231,1761498947,64397.0,0.0,517
1761498947518533699,[251 140   2   5   3 182   0   0],8,265,950.0,NgReg,518066557,1761498947,64396.0,0.0,517
1761498947610310080,[251 140   2   5   3 182   0   0],8,265,950.0,NgReg,609918325,1761498947,64396.0,0.0,517
1761498947753923529,[251 140   2   5   3 182   0   0],8,265,950.0,NgReg,753327957,1761498947,64396.0,0.0,517
1761498947826712345,[251 140   2   5   3 182   0   0],8,265,950.0,NgReg,826328881,1761498947,64396.0,0.0,517
1761498947918347748,[251 140   2   5   3 182   0   0],8,265,950.0,NgReg,918148253,1761498947,64396.0,0.0,517
1761498948010608380,[251 140   2   5   3 182   0   0],8,265,950.0,NgReg,10318422,1761498948,64396.0,0.0,517
1761498948123740934,[251 141   2   5   3 181   0   0],8,265,949.0,NgReg,123269824,1761498948,64397.0,0.0,517
1761498948205191288,[251 141   2   5   3 181   0   0],8,265,949.0,NgReg,204888366,1761498948,64397.0,0.0,517
1761498948317636080,[251 141   2   5   3 181   0   0],8,265,949.0,NgReg,317379254,1761498948,64397.0,0.0,517
1761498948409409335,[251 141   2   5   3 181   0   0],8,265,949.0,NgReg,409187497,1761498948,64397.0,0.0,517
1761498948521678385,[251 141   2   5   3 181   0   0],8,265,949.0,NgReg,521421494,1761498948,64397.0,0.0,517
1761498948613831165,[251 142   2   5   3 180   0   0],8,265,948.0,NgReg,613460058,1761498948,64398.0,0.0,517
1761498948757012031,[251 142   2   5   3 180   0   0],8,265,948.0,NgReg,756766857,1761498948,64398.0,0.0,517
1761498948830117782,[251 142   2   5   3 180   0   0],8,265,948.0,NgReg,829370255,1761498948,64398.0,0.0,517
1761498948921785592,[251 143   2   5   3 180   0   0],8,265,948.0,NgReg,921510967,1761498948,64399.0,0.0,517
1761498949014108391,[251 143   2   5   3 179   0   0],8,265,947.0,NgReg,13583888,1761498949,64399.0,0.0,517
1761498949126565664,[251 143   2   5   3 179   0   0],8,265,947.0,NgReg,126119940,1761498949,64399.0,0.0,517
1761498949207963396,[251 143   2   5   3 179   0   0],8,265,947.0,NgReg,207749434,1761498949,64399.0,0.0,517
1761498949320488853,[251 144   2   5   3 179   0   0],8,265,947.0,NgReg,320214389,1761498949,64400.0,0.0,517
1761498949412446537,[251 144   2   5   3 179   0   0],8,265,947.0,NgReg,412018707,1761498949,64400.0,0.0,517
1761498949524603096,[251 144   2   5   3 179   0   0],8,265,947.0,NgReg,524369255,1761498949,64400.0,0.0,517
1761498949617193897,[251 144   2   5   3 178   0   0],8,265,946.0,NgReg,616922346,1761498949,64400.0,0.0,517
1761498949762460860,[251 144   2   5   3 178   0   0],8,265,946.0,NgReg,761757990,1761498949,64400.0,0.0,517
1761498949834370440,[251 144   2   5   3 178   0   0],8,265,946.0,NgReg,834122961,1761498949,64400.0,0.0,517
1761498949926913320,[251 144   2   5   3 178   0   0],8,265,946.0,NgReg,926611294,1761498949,64400.0,0.0,517
1761498950018998468,[251 145   2   5   3 178   0   0],8,265,946.0,NgReg,18744428,1761498950,64401.0,0.0,517
1761498950121602426,[251 145   2   5   3 178   0   0],8,265,946.0,NgReg,121343200,1761498950,64401.0,0.0,517
1761498950214591810,[251 145   2   5   3 178   0   0],8,265,946.0,NgReg,214010968,1761498950,64401.0,0.0,517
1761498950326919981,[251 145   2   5   3 178   0   0],8,265,946.0,NgReg,326578326,1761498950,64401.0,0.0,517
1761498950419233514,[251 145   2   5   3 178   0   0],8,265,946.0,NgReg,418878478,1761498950,64401.0,0.0,517
1761498950531627723,[251 145   2   5   3 178   0   0],8,265,946.0,NgReg,531375412,1761498950,64401.0,0.0,517
1761498950613522562,[251 145   2   5   3 178   0   0],8,265,946.0,NgReg,613242337,1761498950,64401.0,0.0,517
1761498950767601151,[251 145   2   5   3 178   0   0],8,265,946.0,NgReg,767180237,1761498950,64401.0,0.0,517
1761498950840048033,[251 145   2   5   3 178   0   0],8,265,946.0,NgReg,839526156,1761498950,64401.0,0.0,517
1761498950932290854,[251 145   2   5   3 178   0   0],8,265,946.0,NgReg,931685651,1761498950,64401.0,0.0,517
1761498951015139341,[251 145   2   5   3 178   0   0],8,265,946.0,NgReg,14544480,1761498951,64401.0,0.0,517
1761498951127129348,[251 144   2   5   3 178   0   0],8,265,946.0,NgReg,126904727,1761498951,64400.0,0.0,517
1761498951219532590,[251 144   2   5   3 178   0   0],8,265,946.0,NgReg,219129251,1761498951,64400.0,0.0,517
1761498951331848118,[251 144   2   5   3 178   0   0],8,265,946.0,NgReg,331586171,1761498951,64400.0,0.0,517
1761498951423804774,[251 144   2   5   3 178   0   0],8,265,946.0,NgReg,423586586,1761498951,64400.0,0.0,517
1761498951525753361,[251 144   2   5   3 178   0   0],8,265,946.0,NgReg,525528227,1761498951,64400.0,0.0,517
1761498951617903331,[251 144   2   5   3 178   0   0],8,265,946.0,NgReg,617582645,1761498951,64400.0,0.0,517
1761498951772624417,[251 144   2   5   3 178   0   0],8,265,946.0,NgReg,772236027,1761498951,64400.0,0.0,517
1761498951844241280,[251 144   2   5   3 178   0   0],8,265,946.0,NgReg,844080552,1761498951,64400.0,0.0,517
1761498951936600059,[251 144   2   5   3 178   0   0],8,265,946.0,NgReg,936322811,1761498951,64400.0,0.0,517
1761498952018772501,[251 144   2   5   3 178   0   0],8,265,946.0,NgReg,18486963,1761498952,64400.0,0.0,517
1761498952131779757,[251 144   2   5   3 178   0   0],8,265,946.0,NgReg,131453917,1761498952,64400.0,0.0,517
1761498952224144825,[251 144   2   5   3 178   0   0],8,265,946.0,NgReg,223833391,1761498952,64400.0,0.0,517
1761498952336050103,[251 144   2   5   3 178   0   0],8,265,946.0,NgReg,335834413,1761498952,64400.0,0.0,517
1761498952428095734,[251 144   2   5   3 178   0   0],8,265,946.0,NgReg,427883534,1761498952,64400.0,0.0,517
1761498952530530627,[251 144   2   5   3 178   0   0],8,265,946.0,NgReg,530131802,1761498952,64400.0,0.0,517
1761498952622515853,[251 144   2   5   3 178   0   0],8,265,946.0,NgReg,622219207,1761498952,64400.0,0.0,517
1761498952776752296,[251 144   2   5   3 178   0   0],8,265,946.0,NgReg,776438364,1761498952,64400.0,0.0,517
1761498952850641329,[251 144   2   5   3 178   0   0],8,265,946.0,NgReg,850432009,1761498952,64400.0,0.0,517
1761498952933079824,[251 144   2   5   3 178   0   0],8,265,946.0,NgReg,932692235,1761498952,64400.0,0.0,517
1761498953024616209,[251 144   2   5   3 178   0   0],8,265,946.0,NgReg,24282432,1761498953,64400.0,0.0,517
1761498953136761767,[251 144   2   5   3 178   0   0],8,265,946.0,NgReg,136538331,1761498953,64400.0,0.0,517
1761498953228900856,[251 144   2   5   3 178   0   0],8,265,946.0,NgReg,228597393,1761498953,64400.0,0.0,517
1761498953342278770,[251 144   2   5   3 178   0   0],8,265,946.0,NgReg,341271643,1761498953,64400.0,0.0,517
1761498953425758588,[251 144   2   5   3 178   0   0],8,265,946.0,NgReg,425379386,1761498953,64400.0,0.0,517
1761498953538931247,[251 144   2   5   3 178   0   0],8,265,946.0,NgReg,538586394,1761498953,64400.0,0.0,517
1761498953631178373,[251 144   2   5   3 178   0   0],8,265,946.0,NgReg,630899975,1761498953,64400.0,0.0,517
1761498953785671679,[251 144   2   5   3 178   0   0],8,265,946.0,NgReg,785332395,1761498953,64400.0,0.0,517
1761498953858158693,[251 144   2   5   3 178   0   0],8,265,946.0,NgReg,857740311,1761498953,64400.0,0.0,517
1761498953940268028,[251 144   2   5   3 178   0   0],8,265,946.0,NgReg,939865779,1761498953,64400.0,0.0,517
1761498954032233970,[251 144   2   5   3 178   0   0],8,265,946.0,NgReg,31981085,1761498954,64400.0,0.0,517
1761498954144281966,[251 144   2   5   3 178   0   0],8,265,946.0,NgReg,144124217,1761498954,64400.0,0.0,517
1761498954226365894,[251 144   2   5   3 178   0   0],8,265,946.0,NgReg,226108079,1761498954,64400.0,0.0,517
1761498954339281800,[251 144   2   5   3 178   0   0],8,265,946.0,NgReg,338945782,1761498954,64400.0,0.0,517
1761498954431446005,[251 144   2   5   3 178   0   0],8,265,946.0,NgReg,430874836,1761498954,64400.0,0.0,517
1761498954543728705,[251 144   2   5   3 178   0   0],8,265,946.0,NgReg,543552901,1761498954,64400.0,0.0,517
1761498954635926362,[251 144   2   5   3 178   0   0],8,265,946.0,NgReg,635446839,1761498954,64400.0,0.0,517
1761498954779808755,[251 144   2   5   3 178   0   0],8,265,946.0,NgReg,779251446,1761498954,64400.0,0.0,517
1761498954851407948,[251 144   2   5   3 178   0   0],8,265,946.0,NgReg,851167963,1761498954,64400.0,0.0,517
1761498954943757368,[251 144   2   5   3 178   0   0],8,265,946.0,NgReg,943228293,1761498954,64400.0,0.0,517
1761498955035590159,[251 144   2   5   3 178   0   0],8,265,946.0,NgReg,35122129,1761498955,64400.0,0.0,517
1761498955147775747,[251 144   2   5   3 178   0   0],8,265,946.0,NgReg,147321034,1761498955,64400.0,0.0,517
1761498955229384454,[251 144   2   5   3 178   0   0],8,265,946.0,NgReg,229145974,1761498955,64400.0,0.0,517
1761498955342344574,[251 144   2   5   3 178   0   0],8,265,946.0,NgReg,342012622,1761498955,64400.0,0.0,517
1761498955434181203,[251 144   2   5   3 178   0   0],8,265,946.0,NgReg,433873163,1761498955,64400.0,0.0,517
1761498955546586352,[251 144   2   5   3 178   0   0],8,265,946.0,NgReg,546290061,1761498955,64400.0,0.0,517
1761498955638830926,[251 144   2   5   3 178   0   0],8,265,946.0,NgReg,638519878,1761498955,64400.0,0.0,517
1761498955783139258,[251 144   2   5   3 178   0   0],8,265,946.0,NgReg,782588609,1761498955,64400.0,0.0,517
1761498955855746249,[251 144   2   5   3 178   0   0],8,265,946.0,NgReg,855126456,1761498955,64400.0,0.0,517
1761498955947820077,[251 144   2   5   3 178   0   0],8,265,946.0,NgReg,947495552,1761498955,64400.0,0.0,517
1761498956039801667,[251 144   2   5   3 178   0   0],8,265,946.0,NgReg,39541164,1761498956,64400.0,0.0,517
1761498956152075712,[251 144   2   5   3 178   0   0],8,265,946.0,NgReg,151891202,1761498956,64400.0,0.0,517
1761498956234035014,[251 144   2   5   3 178   0   0],8,265,946.0,NgReg,233810363,1761498956,64400.0,0.0,517
1761498956346463670,[251 144   2   5   3 178   0   0],8,265,946.0,NgReg,346210401,1761498956,64400.0,0.0,517
1761498956438503206,[251 144   2   5   3 178   0   0],8,265,946.0,NgReg,438261973,1761498956,64400.0,0.0,517
1761498956550683651,[251 144   2   5   3 178   0   0],8,265,946.0,NgReg,550377309,1761498956,64400.0,0.0,517
1761498956642542359,[251 144   2   5   3 178   0   0],8,265,946.0,NgReg,642253814,1761498956,64400.0,0.0,517
1761498956786363173,[251 144   2   5   3 178   0   0],8,265,946.0,NgReg,786032694,1761498956,64400.0,0.0,517
1761498956858402135,[251 144   2   5   3 178   0   0],8,265,946.0,NgReg,858159846,1761498956,64400.0,0.0,517
1761498956950498490,[251 144   2   5   3 178   0   0],8,265,946.0,NgReg,950188786,1761498956,64400.0,0.0,517
1761498957042553027,[251 144   2   5   3 178   0   0],8,265,946.0,NgReg,42302448,1761498957,64400.0,0.0,517
1761498957154941426,[251 144   2   5   3 178   0   0],8,265,946.0,NgReg,154624137,1761498957,64400.0,0.0,517
1761498957236653173,[251 144   2   5   3 179   0   0],8,265,947.0,NgReg,236380154,1761498957,64400.0,0.0,517
1761498957349304123,[251 144   2   5   3 179   0   0],8,265,947.0,NgReg,348929599,1761498957,64400.0,0.0,517
1761498957440991919,[251 144   2   5   3 179   0   0],8,265,947.0,NgReg,440481701,1761498957,64400.0,0.0,517
1761498957553362424,[251 144   2   5   3 179   0   0],8,265,947.0,NgReg,553064629,1761498957,64400.0,0.0,517
1761498957645239499,[251 144   2   5   3 179   0   0],8,265,947.0,NgReg,644993081,1761498957,64400.0,0.0,517
1761498957799236117,[251 144   2   5   3 179   0   0],8,265,947.0,NgReg,798923981,1761498957,64400.0,0.0,517
1761498957871251395,[251 144   2   5   3 179   0   0],8,265,947.0,NgReg,871078250,1761498957,64400.0,0.0,517
1761498957953276782,[251 144   2   5   3 179   0   0],8,265,947.0,NgReg,953107190,1761498957,64400.0,0.0,517
1761498958045198102,[251 144   2   5   3 179   0   0],8,265,947.0,NgReg,45024925,1761498958,64400.0,0.0,517
1761498958157790006,[251 144   2   5   3 179   0   0],8,265,947.0,NgReg,157355559,1761498958,64400.0,0.0,517
1761498958239861344,[251 144   2   5   3 179   0   0],8,265,947.0,NgReg,239579683,1761498958,64400.0,0.0,517
1761498958352301135,[251 144   2   5   3 179   0   0],8,265,947.0,NgReg,351783460,1761498958,64400.0,0.0,517
1761498958444016423,[251 144   2   5   3 179   0   0],8,265,947.0,NgReg,443768853,1761498958,64400.0,0.0,517
1761498958556727311,[251 144   2   5   3 179   0   0],8,265,947.0,NgReg,556403108,1761498958,64400.0,0.0,517
1761498958648364909,[251 144   2   5   3 178   0   0],8,265,946.0,NgReg,648156072,1761498958,64400.0,0.0,517
1761498958802285139,[251 144   2   5   3 178   0   0],8,265,946.0,NgReg,802086033,1761498958,64400.0,0.0,517
1761498958874787783,[251 144   2   5   3 178   0   0],8,265,946.0,NgReg,874465885,1761498958,64400.0,0.0,517
1761498958956524803,[251 144   2   5   3 178   0   0],8,265,946.0,NgReg,956325601,1761498958,64400.0,0.0,517
1761498959048450752,[251 144   2   5   3 178   0   0],8,265,946.0,NgReg,48268677,1761498959,64400.0,0.0,517
1761498959160950611,[251 144   2   5   3 178   0   0],8,265,946.0,NgReg,160721160,1761498959,64400.0,0.0,517
1761498959252654051,[251 144   2   5   3 178   0   0],8,265,946.0,NgReg,252479594,1761498959,64400.0,0.0,517
1761498959355226687,[251 144   2   5   3 178   0   0],8,265,946.0,NgReg,354980975,1761498959,64400.0,0.0,517
1761498959447299305,[251 144   2   5   3 178   0   0],8,265,946.0,NgReg,447025551,1761498959,64400.0,0.0,517
1761498959559450473,[251 144   2   5   3 178   0   0],8,265,946.0,NgReg,559192885,1761498959,64400.0,0.0,517
1761498959651234068,[251 144   2   5   3 178   0   0],8,265,946.0,NgReg,651005769,1761498959,64400.0,0.0,517
1761498959804909345,[251 144   2   5   3 178   0   0],8,265,946.0,NgReg,804695323,1761498959,64400.0,0.0,517
1761498959877328736,[251 144   2   5   3 178   0   0],8,265,946.0,NgReg,877027389,1761498959,64400.0,0.0,517
1761498959959661712,[251 144   2   5   3 178   0   0],8,265,946.0,NgReg,959309117,1761498959,64400.0,0.0,517
1761498960051384802,[251 144   2   5   3 179   0   0],8,265,947.0,NgReg,51104454,1761498960,64400.0,0.0,517
1761498960163885575,[251 144   2   5   3 179   0   0],8,265,947.0,NgReg,163423632,1761498960,64400.0,0.0,517
1761498960256026916,[251 144   2   5   3 179   0   0],8,265,947.0,NgReg,255651722,1761498960,64400.0,0.0,517
1761498960358301478,[251 144   2   5   3 179   0   0],8,265,947.0,NgReg,357864279,1761498960,64400.0,0.0,517
1761498960450001715,[251 144   2   5   3 178   0   0],8,265,946.0,NgReg,449767591,1761498960,64400.0,0.0,517
1761498960562686260,[251 144   2   5   3 178   0   0],8,265,946.0,NgReg,562436963,1761498960,64400.0,0.0,517
1761498960654824656,[251 144   2   5   3 179   0   0],8,265,947.0,NgReg,654370236,1761498960,64400.0,0.0,517
1761498960809237737,[251 144   2   5   3 179   0   0],8,265,947.0,NgReg,808983830,1761498960,64400.0,0.0,517
1761498960881412606,[251 144   2   5   3 178   0   0],8,265,946.0,NgReg,881175185,1761498960,64400.0,0.0,517
1761498960963800050,[251 144   2   5   3 178   0   0],8,265,946.0,NgReg,963084521,1761498960,64400.0,0.0,517
1761498961055339807,[251 144   2   5   3 178   0   0],8,265,946.0,NgReg,54870823,1761498961,64400.0,0.0,517
1761498961167623953,[251 144   2   5   3 178   0   0],8,265,946.0,NgReg,167144918,1761498961,64400.0,0.0,517
1761498961259833411,[251 144   2   5   3 179   0   0],8,265,947.0,NgReg,259201687,1761498961,64400.0,0.0,517
1761498961362049563,[251 144   2   5   3 179   0   0],8,265,947.0,NgReg,361467327,1761498961,64400.0,0.0,517
1761498961453635043,[251 144   2   5   3 178   0   0],8,265,946.0,NgReg,453378384,1761498961,64400.0,0.0,517
1761498961565882922,[251 144   2   5   3 179   0   0],8,265,947.0,NgReg,565581833,1761498961,64400.0,0.0,517
1761498961658712549,[251 144   2   5   3 178   0   0],8,265,946.0,NgReg,658472087,1761498961,64400.0,0.0,517
1761498961813557253,[251 144   2   5   3 178   0   0],8,265,946.0,NgReg,813258500,1761498961,64400.0,0.0,517
1761498961885642630,[251 144   2   5   3 178   0   0],8,265,946.0,NgReg,885332610,1761498961,64400.0,0.0,517
1761498961967682877,[251 144   2   5   3 179   0   0],8,265,947.0,NgReg,967292575,1761498961,64400.0,0.0,517
1761498962059585495,[251 144   2   5   3 178   0   0],8,265,946.0,NgReg,59198266,1761498962,64400.0,0.0,517
1761498962171855771,[251 144   2   5   3 178   0   0],8,265,946.0,NgReg,171519215,1761498962,64400.0,0.0,517
1761498962265626787,[251 144   2   5   3 178   0   0],8,265,946.0,NgReg,264513309,1761498962,64400.0,0.0,517
1761498962367860556,[251 144   2   5   3 179   0   0],8,265,947.0,NgReg,367620863,1761498962,64400.0,0.0,517
1761498962459804456,[251 144   2   5   3 179   0   0],8,265,947.0,NgReg,459342260,1761498962,64400.0,0.0,517
1761498962571908695,[251 144   2   5   3 179   0   0],8,265,947.0,NgReg,571619930,1761498962,64400.0,0.0,517
1761498962663900803,[251 144   2   5   3 178   0   0],8,265,946.0,NgReg,663590847,1761498962,64400.0,0.0,517
1761498962817622424,[251 144   2   5   3 179   0   0],8,265,947.0,NgReg,817375913,1761498962,64400.0,0.0,517
1761498962889523335,[251 144   2   5   3 179   0   0],8,265,947.0,NgReg,889364949,1761498962,64400.0,0.0,517
1761498962972310115,[251 144   2   5   3 179   0   0],8,265,947.0,NgReg,971405120,1761498962,64400.0,0.0,517
1761498963063703474,[251 144   2   5   3 178   0   0],8,265,946.0,NgReg,63519672,1761498963,64400.0,0.0,517
1761498963176636770,[251 144   2   5   3 179   0   0],8,265,947.0,NgReg,176204728,1761498963,64400.0,0.0,517
1761498963258194571,[251 144   2   5   3 179   0   0],8,265,947.0,NgReg,257929110,1761498963,64400.0,0.0,517
1761498963370656420,[251 144   2   5   3 179   0   0],8,265,947.0,NgReg,370436510,1761498963,64400.0,0.0,517
1761498963463343760,[251 144   2   5   3 178   0   0],8,265,946.0,NgReg,463151123,1761498963,64400.0,0.0,517
1761498963576005161,[251 144   2   5   3 178   0   0],8,265,946.0,NgReg,575721583,1761498963,64400.0,0.0,517
1761498963667966157,[251 144   2   5   3 179   0   0],8,265,947.0,NgReg,667785780,1761498963,64400.0,0.0,517
1761498963811702190,[251 144   2   5   3 179   0   0],8,265,947.0,NgReg,811495084,1761498963,64400.0,0.0,517
1761498963883785316,[251 144   2   5   3 178   0   0],8,265,946.0,NgReg,883457275,1761498963,64400.0,0.0,517
1761498963975636132,[251 144   2   5   3 178   0   0],8,265,946.0,NgReg,975437701,1761498963,64400.0,0.0,517
1761498964067520140,[251 144   2   5   3 179   0   0],8,265,947.0,NgReg,67296165,1761498964,64400.0,0.0,517
1761498964179922540,[251 144   2   5   3 178   0   0],8,265,946.0,NgReg,179757880,1761498964,64400.0,0.0,517
1761498964262735548,[251 144   2   5   3 179   0   0],8,265,947.0,NgReg,261928924,1761498964,64400.0,0.0,517
1761498964375198735,[251 144   2   5   3 178   0   0],8,265,946.0,NgReg,375016501,1761498964,64400.0,0.0,517
1761498964467621737,[251 144   2   5   3 178   0   0],8,265,946.0,NgReg,467250387,1761498964,64400.0,0.0,517
1761498964580195231,[251 144   2   5   3 179   0   0],8,265,947.0,NgReg,579931244,1761498964,64400.0,0.0,517
1761498964672499316,[251 144   2   5   3 178   0   0],8,265,946.0,NgReg,672242594,1761498964,64400.0,0.0,517
1761498964816680155,[251 144   2   5   3 178   0   0],8,265,946.0,NgReg,816490143,1761498964,64400.0,0.0,517
1761498964888995494,[251 144   2   5   3 179   0   0],8,265,947.0,NgReg,888815245,1761498964,64400.0,0.0,517
1761498964981287703,[251 144   2   5   3 178   0   0],8,265,946.0,NgReg,981102044,1761498964,64400.0,0.0,517
1761498965073672246,[251 144   2   5   3 178   0   0],8,265,946.0,NgReg,73361588,1761498965,64400.0,0.0,517
1761498965175976993,[251 144   2   5   3 179   0   0],8,265,947.0,NgReg,175538902,1761498965,64400.0,0.0,517
1761498965268113284,[251 144   2   5   3 178   0   0],8,265,946.0,NgReg,267907779,1761498965,64400.0,0.0,517
1761498965380843303,[251 144   2   5   3 178   0   0],8,265,946.0,NgReg,380491704,1761498965,64400.0,0.0,517
1761498965472796593,[251 144   2   5   3 179   0   0],8,265,947.0,NgReg,472485647,1761498965,64400.0,0.0,517
1761498965585109392,[251 144   2   5   3 179   0   0],8,265,947.0,NgReg,584799342,1761498965,64400.0,0.0,517
1761498965667042209,[251 144   2   5   3 179   0   0],8,265,947.0,NgReg,666772780,1761498965,64400.0,0.0,517
1761498965822504266,[251 144   2   5   3 179   0   0],8,265,947.0,NgReg,822291559,1761498965,64400.0,0.0,517
1761498965894593979,[251 144   2   5   3 179   0   0],8,265,947.0,NgReg,894326118,1761498965,64400.0,0.0,517
1761498965986900244,[251 144   2   5   3 179   0   0],8,265,947.0,NgReg,986469196,1761498965,64400.0,0.0,517
1761498966068315487,[251 144   2   5   3 178   0   0],8,265,946.0,NgReg,67840074,1761498966,64400.0,0.0,517
1761498966180186097,[251 144   2   5   3 179   0   0],8,265,947.0,NgReg,179888788,1761498966,64400.0,0.0,517
1761498966272477643,[251 144   2   5   3 178   0   0],8,265,946.0,NgReg,272240577,1761498966,64400.0,0.0,517
1761498966384691561,[251 144   2   5   3 179   0   0],8,265,947.0,NgReg,384443259,1761498966,64400.0,0.0,517
1761498966476747417,[251 144   2   5   3 178   0   0],8,265,946.0,NgReg,476500332,1761498966,64400.0,0.0,517
1761498966589483066,[251 144   2   5   3 179   0   0],8,265,947.0,NgReg,589182172,1761498966,64400.0,0.0,517
1761498966671585979,[251 144   2   5   3 178   0   0],8,265,946.0,NgReg,671078076,1761498966,64400.0,0.0,517
1761498966824863101,[251 144   2   5   3 179   0   0],8,265,947.0,NgReg,824670209,1761498966,64400.0,0.0,517
1761498966896774981,[251 144   2   5   3 179   0   0],8,265,947.0,NgReg,896591596,1761498966,64400.0,0.0,517
1761498966989122641,[251 144   2   5   3 178   0   0],8,265,946.0,NgReg,988869698,1761498966,64400.0,0.0,517
1761498967081044924,[251 144   2   5   3 179   0   0],8,265,947.0,NgReg,80851104,1761498967,64400.0,0.0,517
1761498967183534021,[251 144   2   5   3 179   0   0],8,265,947.0,NgReg,183152174,1761498967,64400.0,0.0,517
1761498967278619852,[251 144   2   5   3 179   0   0],8,265,947.0,NgReg,278311052,1761498967,64400.0,0.0,517
1761498967391155661,[251 144   2   5   3 178   0   0],8,265,946.0,NgReg,390875894,1761498967,64400.0,0.0,517
1761498967483077019,[251 144   2   5   3 179   0   0],8,265,947.0,NgReg,482760313,1761498967,64400.0,0.0,517
1761498967585294736,[251 144   2   5   3 178   0   0],8,265,946.0,NgReg,584892947,1761498967,64400.0,0.0,517
1761498967676820707,[251 144   2   5   3 179   0   0],8,265,947.0,NgReg,676627687,1761498967,64400.0,0.0,517
1761498967831012142,[251 144   2   5   3 178   0   0],8,265,946.0,NgReg,830806894,1761498967,64400.0,0.0,517
1761498967903055695,[251 144   2   5   3 178   0   0],8,265,946.0,NgReg,902767445,1761498967,64400.0,0.0,517
1761498967984917633,[251 144   2   5   3 178   0   0],8,265,946.0,NgReg,984645804,1761498967,64400.0,0.0,517
1761498968076452102,[251 144   2   5   3 179   0   0],8,265,947.0,NgReg,76251848,1761498968,64400.0,0.0,517
1761498968188845659,[251 144   2   5   3 179   0   0],8,265,947.0,NgReg,188536475,1761498968,64400.0,0.0,517
1761498968281086037,[251 144   2   5   3 179   0   0],8,265,947.0,NgReg,280796892,1761498968,64400.0,0.0,517
1761498968393448385,[251 144   2   5   3 179   0   0],8,265,947.0,NgReg,393223740,1761498968,64400.0,0.0,517
1761498968485911904,[251 144   2   5   3 179   0   0],8,265,947.0,NgReg,485558323,1761498968,64400.0,0.0,517
1761498968588259314,[251 144   2   5   3 179   0   0],8,265,947.0,NgReg,587894497,1761498968,64400.0,0.0,517
1761498968680258593,[251 144   2   5   3 179   0   0],8,265,947.0,NgReg,680016886,1761498968,64400.0,0.0,517
1761498968834531892,[251 144   2   5   3 179   0   0],8,265,947.0,NgReg,834195532,1761498968,64400.0,0.0,517
1761498968906707054,[251 144   2   5   3 179   0   0],8,265,947.0,NgReg,906463331,1761498968,64400.0,0.0,517
1761498968988767195,[251 144   2   5   3 178   0   0],8,265,946.0,NgReg,988527056,1761498968,64400.0,0.0,517
1761498969080691811,[251 144   2   5   3 179   0   0],8,265,947.0,NgReg,80530065,1761498969,64400.0,0.0,517
1761498969193260849,[251 144   2   5   3 179   0   0],8,265,947.0,NgReg,193004578,1761498969,64400.0,0.0,517
1761498969286928620,[251 144   2   5   3 179   0   0],8,265,947.0,NgReg,286620717,1761498969,64400.0,0.0,517
1761498969399907416,[251 144   2   5   3 178   0   0],8,265,946.0,NgReg,399394298,1761498969,64400.0,0.0,517
1761498969481842172,[251 144   2   5   3 179   0   0],8,265,947.0,NgReg,481497522,1761498969,64400.0,0.0,517
1761498969594022770,[251 144   2   5   3 179   0   0],8,265,947.0,NgReg,593752767,1761498969,64400.0,0.0,517
1761498969685837364,[251 144   2   5   3 179   0   0],8,265,947.0,NgReg,685552252,1761498969,64400.0,0.0,517
1761498969839678545,[251 144   2   5   3 179   0   0],8,265,947.0,NgReg,839338537,1761498969,64400.0,0.0,517
1761498969911824949,[251 144   2   5   3 179   0   0],8,265,947.0,NgReg,911611443,1761498969,64400.0,0.0,517
1761498969994022922,[251 144   2   5   3 179   0   0],8,265,947.0,NgReg,993721101,1761498969,64400.0,0.0,517
1761498970086094465,[251 144   2   5   3 179   0   0],8,265,947.0,NgReg,85779136,1761498970,64400.0,0.0,517
1761498970198392703,[251 144   2   5   3 179   0   0],8,265,947.0,NgReg,198083617,1761498970,64400.0,0.0,517
1761498970291327299,[251 144   2   5   3 179   0   0],8,265,947.0,NgReg,290404970,1761498970,64400.0,0.0,517
1761498970403355600,[251 144   2   5   3 179   0   0],8,265,947.0,NgReg,402873341,1761498970,64400.0,0.0,517
1761498970485092087,[251 144   2   5   3 179   0   0],8,265,947.0,NgReg,484811490,1761498970,64400.0,0.0,517
1761498970597382164,[251 144   2   5   3 179   0   0],8,265,947.0,NgReg,597048398,1761498970,64400.0,0.0,517
1761498970689281147,[251 144   2   5   3 179   0   0],8,265,947.0,NgReg,688973694,1761498970,64400.0,0.0,517
1761498970843208583,[251 144   2   5   3 179   0   0],8,265,947.0,NgReg,842872448,1761498970,64400.0,0.0,517
1761498970915241978,[251 144   2   5   3 179   0   0],8,265,947.0,NgReg,914941726,1761498970,64400.0,0.0,517
1761498970997122990,[251 144   2   5   3 179   0   0],8,265,947.0,NgReg,996849402,1761498970,64400.0,0.0,517
1761498971088833622,[251 144   2   5   3 179   0   0],8,265,947.0,NgReg,88565957,1761498971,64400.0,0.0,517
1761498971201097841,[251 144   2   5   3 179   0   0],8,265,947.0,NgReg,200835329,1761498971,64400.0,0.0,517
1761498971293227180,[251 144   2   5   3 179   0   0],8,265,947.0,NgReg,292954265,1761498971,64400.0,0.0,517
1761498971405781023,[251 144   2   5   3 179   0   0],8,265,947.0,NgReg,405524209,1761498971,64400.0,0.0,517
1761498971488074609,[251 144   2   5   3 179   0   0],8,265,947.0,NgReg,487852141,1761498971,64400.0,0.0,517
1761498971600754409,[251 144   2   5   3 179   0   0],8,265,947.0,NgReg,600429927,1761498971,64400.0,0.0,517
1761498971692943351,[251 144   2   5   3 179   0   0],8,265,947.0,NgReg,692665826,1761498971,64400.0,0.0,517
1761498971847381298,[251 144   2   5   3 179   0   0],8,265,947.0,NgReg,847108479,1761498971,64400.0,0.0,517
1761498971919070353,[251 144   2   5   3 179   0   0],8,265,947.0,NgReg,918908832,1761498971,64400.0,0.0,517
1761498972001078252,[251 144   2   5   3 179   0   0],8,265,947.0,NgReg,879504,1761498972,64400.0,0.0,517
1761498972093198168,[251 144   2   5   3 179   0   0],8,265,947.0,NgReg,92920804,1761498972,64400.0,0.0,517
1761498972205620426,[251 144   2   5   3 179   0   0],8,265,947.0,NgReg,205364093,1761498972,64400.0,0.0,517
1761498972297799139,[251 144   2   5   3 179   0   0],8,265,947.0,NgReg,297548407,1761498972,64400.0,0.0,517
1761498972410311888,[251 144   2   5   3 179   0   0],8,265,947.0,NgReg,409935679,1761498972,64400.0,0.0,517
1761498972492445972,[251 144   2   5   3 179   0   0],8,265,947.0,NgReg,491985225,1761498972,64400.0,0.0,517
1761498972605197289,[251 144   2   5   3 179   0   0],8,265,947.0,NgReg,604722010,1761498972,64400.0,0.0,517
1761498972697267521,[251 144   2   5   3 179   0   0],8,265,947.0,NgReg,696972488,1761498972,64400.0,0.0,517
1761498972851024262,[251 144   2   5   3 179   0   0],8,265,947.0,NgReg,850812934,1761498972,64400.0,0.0,517
1761498972923067462,[251 144   2   5   3 179   0   0],8,265,947.0,NgReg,922763946,1761498972,64400.0,0.0,517
1761498973005139443,[251 144   2   5   3 179   0   0],8,265,947.0,NgReg,4840473,1761498973,64400.0,0.0,517
1761498973097015361,[251 144   2   5   3 179   0   0],8,265,947.0,NgReg,96753907,1761498973,64400.0,0.0,517
1761498973209547613,[251 144   2   5   3 179   0   0],8,265,947.0,NgReg,209101624,1761498973,64400.0,0.0,517
1761498973301206218,[251 144   2   5   3 179   0   0],8,265,947.0,NgReg,301016689,1761498973,64400.0,0.0,517
1761498973413582264,[251 144   2   5   3 178   0   0],8,265,946.0,NgReg,413309158,1761498973,64400.0,0.0,517
1761498973495337772,[251 144   2   5   3 178   0   0],8,265,946.0,NgReg,495097188,1761498973,64400.0,0.0,517
1761498973607578738,[251 144   2   5   3 178   0   0],8,265,946.0,NgReg,607227368,1761498973,64400.0,0.0,517
1761498973699409042,[251 144   2   5   3 178   0   0],8,265,946.0,NgReg,699092403,1761498973,64400.0,0.0,517
1761498973853426207,[251 144   2   5   3 178   0   0],8,265,946.0,NgReg,853160175,1761498973,64400.0,0.0,517
1761498973925612256,[251 144   2   5   3 179   0   0],8,265,947.0,NgReg,925275483,1761498973,64400.0,0.0,517
1761498974007874884,[251 144   2   5   3 179   0   0],8,265,947.0,NgReg,7225251,1761498974,64400.0,0.0,517
1761498974099576560,[251 144   2   5   3 179   0   0],8,265,947.0,NgReg,99243149,1761498974,64400.0,0.0,517
1761498974212018780,[251 144   2   5   3 178   0   0],8,265,946.0,NgReg,211824290,1761498974,64400.0,0.0,517
1761498974304011487,[251 144   2   5   3 178   0   0],8,265,946.0,NgReg,303793054,1761498974,64400.0,0.0,517
1761498974416590068,[251 144   2   5   3 179   0   0],8,265,947.0,NgReg,416394874,1761498974,64400.0,0.0,517
1761498974498594040,[251 144   2   5   3 179   0   0],8,265,947.0,NgReg,498336299,1761498974,64400.0,0.0,517
1761498974610743629,[251 144   2   5   3 178   0   0],8,265,946.0,NgReg,610470139,1761498974,64400.0,0.0,517
1761498974702766584,[251 144   2   5   3 179   0   0],8,265,947.0,NgReg,702497480,1761498974,64400.0,0.0,517
1761498974856790819,[251 144   2   5   3 178   0   0],8,265,946.0,NgReg,856602251,1761498974,64400.0,0.0,517
1761498974928766333,[251 144   2   5   3 178   0   0],8,265,946.0,NgReg,928584935,1761498974,64400.0,0.0,517
1761498975010805149,[251 144   2   5   3 178   0   0],8,265,946.0,NgReg,10516072,1761498975,64400.0,0.0,517
1761498975102554891,[251 144   2   5   3 178   0   0],8,265,946.0,NgReg,102296671,1761498975,64400.0,0.0,517
1761498975215164469,[251 144   2   5   3 178   0   0],8,265,946.0,NgReg,214863452,1761498975,64400.0,0.0,517
1761498975307874847,[251 144   2   5   3 178   0   0],8,265,946.0,NgReg,307259337,1761498975,64400.0,0.0,517
1761498975420179439,[251 144   2   5   3 179   0   0],8,265,947.0,NgReg,419939400,1761498975,64400.0,0.0,517
1761498975502976516,[251 144   2   5   3 178   0   0],8,265,946.0,NgReg,502435492,1761498975,64400.0,0.0,517
1761498975615451878,[251 144   2   5   3 178   0   0],8,265,946.0,NgReg,615142987,1761498975,64400.0,0.0,517
1761498975707556029,[251 144   2   5   3 179   0   0],8,265,947.0,NgReg,707283532,1761498975,64400.0,0.0,517
1761498975862163923,[251 144   2   5   3 178   0   0],8,265,946.0,NgReg,861673986,1761498975,64400.0,0.0,517
1761498975935062294,[251 144   2   5   3 178   0   0],8,265,946.0,NgReg,934783107,1761498975,64400.0,0.0,517
1761498976017275364,[251 144   2   5   3 178   0   0],8,265,946.0,NgReg,16935168,1761498976,64400.0,0.0,517
1761498976109642716,[251 144   2   5   3 179   0   0],8,265,947.0,NgReg,109376750,1761498976,64400.0,0.0,517
1761498976222942207,[251 144   2   5   3 179   0   0],8,265,947.0,NgReg,222352945,1761498976,64400.0,0.0,517
1761498976315134467,[251 144   2   5   3 179   0   0],8,265,947.0,NgReg,314835595,1761498976,64400.0,0.0,517
1761498976417576366,[251 144   2   5   3 178   0   0],8,265,946.0,NgReg,417325316,1761498976,64400.0,0.0,517
1761498976510401356,[251 144   2   5   3 178   0   0],8,265,946.0,NgReg,509801212,1761498976,64400.0,0.0,517
1761498976623110306,[251 144   2   5   3 179   0   0],8,265,947.0,NgReg,622905061,1761498976,64400.0,0.0,517
1761498976715914170,[251 144   2   5   3 179   0   0],8,265,947.0,NgReg,715385022,1761498976,64400.0,0.0,517
1761498976860010909,[251 144   2   5   3 178   0   0],8,265,946.0,NgReg,859725961,1761498976,64400.0,0.0,517
1761498976931931929,[251 144   2   5   3 178   0   0],8,265,946.0,NgReg,931747810,1761498976,64400.0,0.0,517
1761498977023984430,[251 144   2   5   3 179   0   0],8,265,947.0,NgReg,23732292,1761498977,64400.0,0.0,517
1761498977115881266,[251 144   2   5   3 179   0   0],8,265,947.0,NgReg,115579353,1761498977,64400.0,0.0,517
1761498977227968833,[251 144   2   5   3 179   0   0],8,265,947.0,NgReg,227804080,1761498977,64400.0,0.0,517
1761498977310201212,[251 144   2   5   3 179   0   0],8,265,947.0,NgReg,309905638,1761498977,64400.0,0.0,517
1761498977423098328,[251 144   2   5   3 178   0   0],8,265,946.0,NgReg,422389865,1761498977,64400.0,0.0,517
1761498977514588805,[251 144   2   5   3 178   0   0],8,265,946.0,NgReg,514313428,1761498977,64400.0,0.0,517
1761498977627326258,[251 144   2   5   3 178   0   0],8,265,946.0,NgReg,626935487,1761498977,64400.0,0.0,517
1761498977719210962,[251 144   2   5   3 178   0   0],8,265,946.0,NgReg,718958248,1761498977,64400.0,0.0,517
1761498977864073065,[251 144   2   5   3 179   0   0],8,265,947.0,NgReg,863524393,1761498977,64400.0,0.0,517
1761498977936140139,[251 144   2   5   3 179   0   0],8,265,947.0,NgReg,935839475,1761498977,64400.0,0.0,517
1761498978028782745,[251 144   2   5   3 178   0   0],8,265,946.0,NgReg,28435797,1761498978,64400.0,0.0,517
1761498978121885426,[251 144   2   5   3 179   0   0],8,265,947.0,NgReg,120999537,1761498978,64400.0,0.0,517
1761498978223865405,[251 144   2   5   3 178   0   0],8,265,946.0,NgReg,223571975,1761498978,64400.0,0.0,517
1761498978316150184,[251 144   2   5   3 178   0   0],8,265,946.0,NgReg,315799778,1761498978,64400.0,0.0,517
1761498978428929074,[251 144   2   5   3 178   0   0],8,265,946.0,NgReg,428683499,1761498978,64400.0,0.0,517
1761498978521159373,[251 144   2   5   3 179   0   0],8,265,947.0,NgReg,520931467,1761498978,64400.0,0.0,517
1761498978624416651,[251 144   2   5   3 179   0   0],8,265,947.0,NgReg,624158848,1761498978,64400.0,0.0,517
1761498978716484567,[251 144   2   5   3 179   0   0],8,265,947.0,NgReg,716121838,1761498978,64400.0,0.0,517
1761498978870555062,[251 144   2   5   3 178   0   0],8,265,946.0,NgReg,870289833,1761498978,64400.0,0.0,517
1761498978942442111,[251 144   2   5   3 178   0   0],8,265,946.0,NgReg,942156300,1761498978,64400.0,0.0,517
1761498979034955891,[251 144   2   5   3 179   0   0],8,265,947.0,NgReg,34510323,1761498979,64400.0,0.0,517
1761498979116449677,[251 144   2   5   3 178   0   0],8,265,946.0,NgReg,116183040,1761498979,64400.0,0.0,517
1761498979228868769,[251 144   2   5   3 179   0   0],8,265,947.0,NgReg,228580430,1761498979,64400.0,0.0,517
1761498979320939623,[251 144   2   5   3 179   0   0],8,265,947.0,NgReg,320673498,1761498979,64400.0,0.0,517
1761498979433631818,[251 144   2   5   3 178   0   0],8,265,946.0,NgReg,433391109,1761498979,64400.0,0.0,517
1761498979526307038,[251 144   2   5   3 178   0   0],8,265,946.0,NgReg,525963067,1761498979,64400.0,0.0,517
1761498979628698597,[251 144   2   5   3 178   0   0],8,265,946.0,NgReg,628372295,1761498979,64400.0,0.0,517
1761498979721355892,[251 144   2   5   3 179   0   0],8,265,947.0,NgReg,721056926,1761498979,64400.0,0.0,517
1761498979871908323,[251 144   2   5   3 178   0   0],8,265,946.0,NgReg,871710346,1761498979,64400.0,0.0,517
1761498979944557093,[251 144   2   5   3 179   0   0],8,265,947.0,NgReg,944331588,1761498979,64400.0,0.0,517
1761498980037006042,[251 144   2   5   3 179   0   0],8,265,947.0,NgReg,36818725,1761498980,64400.0,0.0,517
1761498980119624355,[251 144   2   5   3 178   0   0],8,265,946.0,NgReg,119313002,1761498980,64400.0,0.0,517
1761498980231896930,[251 144   2   5   3 179   0   0],8,265,947.0,NgReg,231590538,1761498980,64400.0,0.0,517
1761498980324421923,[251 144   2   5   3 178   0   0],8,265,946.0,NgReg,324049112,1761498980,64400.0,0.0,517
1761498980436908288,[251 144   2   5   3 179   0   0],8,265,947.0,NgReg,436603240,1761498980,64400.0,0.0,517
1761498980529468939,[251 144   2   5   3 178   0   0],8,265,946.0,NgReg,528966299,1761498980,64400.0,0.0,517
1761498980632256011,[251 144   2   5   3 178   0   0],8,265,946.0,NgReg,632016710,1761498980,64400.0,0.0,517
1761498980724470547,[251 144   2   5   3 178   0   0],8,265,946.0,NgReg,724242449,1761498980,64400.0,0.0,517
1761498980879191773,[251 144   2   5   3 179   0   0],8,265,947.0,NgReg,878868224,1761498980,64400.0,0.0,517
1761498980951570414,[251 144   2   5   3 179   0   0],8,265,947.0,NgReg,951149237,1761498980,64400.0,0.0,517
1761498981033771112,[251 144   2   5   3 179   0   0],8,265,947.0,NgReg,33416771,1761498981,64400.0,0.0,517
1761498981126050909,[251 144   2   5   3 178   0   0],8,265,946.0,NgReg,125742566,1761498981,64400.0,0.0,517
1761498981238844648,[251 144   2   5   3 178   0   0],8,265,946.0,NgReg,238518987,1761498981,64400.0,0.0,517
1761498981331733354,[251 144   2   5   3 178   0   0],8,265,946.0,NgReg,331540307,1761498981,64400.0,0.0,517
1761498981433889918,[251 144   2   5   3 179   0   0],8,265,947.0,NgReg,433619121,1761498981,64400.0,0.0,517
1761498981525518233,[251 144   2   5   3 178   0   0],8,265,946.0,NgReg,525338406,1761498981,64400.0,0.0,517
1761498981637941690,[251 144   2   5   3 178   0   0],8,265,946.0,NgReg,637669261,1761498981,64400.0,0.0,517
1761498981729893234,[251 144   2   5   3 179   0   0],8,265,947.0,NgReg,729610913,1761498981,64400.0,0.0,517
1761498981883972592,[251 144   2   5   3 178   0   0],8,265,946.0,NgReg,883562363,1761498981,64400.0,0.0,517
1761498981956243232,[251 144   2   5   3 178   0   0],8,265,946.0,NgReg,955636851,1761498981,64400.0,0.0,517
1761498982037959325,[251 144   2   5   3 178   0   0],8,265,946.0,NgReg,37400510,1761498982,64400.0,0.0,517
1761498982129416485,[251 144   2   5   3 178   0   0],8,265,946.0,NgReg,129151962,1761498982,64400.0,0.0,517
1761498982242078209,[251 144   2   5   3 178   0   0],8,265,946.0,NgReg,241489690,1761498982,64400.0,0.0,517
1761498982333951070,[251 144   2   5   3 178   0   0],8,265,946.0,NgReg,333658828,1761498982,64400.0,0.0,517
1761498982446484950,[251 144   2   5   3 178   0   0],8,265,946.0,NgReg,446151160,1761498982,64400.0,0.0,517
1761498982528237859,[251 144   2   5   3 178   0   0],8,265,946.0,NgReg,527998399,1761498982,64400.0,0.0,517
1761498982640624849,[251 144   2   5   3 179   0   0],8,265,947.0,NgReg,640373033,1761498982,64400.0,0.0,517
1761498982732882171,[251 144   2   5   3 178   0   0],8,265,946.0,NgReg,732551870,1761498982,64400.0,0.0,517
1761498982886949091,[251 144   2   5   3 179   0   0],8,265,947.0,NgReg,886697084,1761498982,64400.0,0.0,517
1761498982959782706,[251 144   2   5   3 179   0   0],8,265,947.0,NgReg,959074185,1761498982,64400.0,0.0,517
1761498983041715157,[251 144   2   5   3 178   0   0],8,265,946.0,NgReg,41389881,1761498983,64400.0,0.0,517
1761498983133518685,[251 144   2   5   3 178   0   0],8,265,946.0,NgReg,133265941,1761498983,64400.0,0.0,517
1761498983245886943,[251 144   2   5   3 178   0   0],8,265,946.0,NgReg,245598158,1761498983,64400.0,0.0,517
1761498983338302867,[251 144   2   5   3 178   0   0],8,265,946.0,NgReg,338015362,1761498983,64400.0,0.0,517
1761498983450979532,[251 144   2   5   3 179   0   0],8,265,947.0,NgReg,450682585,1761498983,64400.0,0.0,517
1761498983532766962,[251 144   2   5   3 178   0   0],8,265,946.0,NgReg,532596450,1761498983,64400.0,0.0,517
1761498983645350513,[251 144   2   5   3 178   0   0],8,265,946.0,NgReg,645141046,1761498983,64400.0,0.0,517
1761498983737300706,[251 144   2   5   3 179   0   0],8,265,947.0,NgReg,737142582,1761498983,64400.0,0.0,517
1761498983891737762,[251 144   2   5   3 178   0   0],8,265,946.0,NgReg,891494974,1761498983,64400.0,0.0,517
1761498983964199464,[251 144   2   5   3 178   0   0],8,265,946.0,NgReg,963868523,1761498983,64400.0,0.0,517
1761498984046276532,[251 144   2   5   3 178   0   0],8,265,946.0,NgReg,45996645,1761498984,64400.0,0.0,517
1761498984138531961,[251 144   2   5   3 179   0   0],8,265,947.0,NgReg,138261805,1761498984,64400.0,0.0,517
1761498984250988687,[251 144   2   5   3 178   0   0],8,265,946.0,NgReg,250699582,1761498984,64400.0,0.0,517
1761498984343183012,[251 144   2   5   3 178   0   0],8,265,946.0,NgReg,342837475,1761498984,64400.0,0.0,517
1761498984445349500,[251 144   2   5   3 179   0   0],8,265,947.0,NgReg,445110650,1761498984,64400.0,0.0,517
1761498984537484704,[251 144   2   5   3 178   0   0],8,265,946.0,NgReg,537193071,1761498984,64400.0,0.0,517
1761498984650398230,[251 144   2   5   3 178   0   0],8,265,946.0,NgReg,649901547,1761498984,64400.0,0.0,517
1761498984742282932,[251 144   2   5   3 179   0   0],8,265,947.0,NgReg,742046610,1761498984,64400.0,0.0,517
1761498984897584759,[251 144   2   5   3 178   0   0],8,265,946.0,NgReg,897352310,1761498984,64400.0,0.0,517
1761498984969900052,[251 144   2   5   3 178   0   0],8,265,946.0,NgReg,969465979,1761498984,64400.0,0.0,517
1761498985052017555,[251 144   2   5   3 178   0   0],8,265,946.0,NgReg,51774031,1761498985,64400.0,0.0,517
1761498985144062493,[251 144   2   5   3 178   0   0],8,265,946.0,NgReg,143723583,1761498985,64400.0,0.0,517
1761498985256104316,[251 144   2   5   3 178   0   0],8,265,946.0,NgReg,255898755,1761498985,64400.0,0.0,517
1761498985338315290,[251 144   2   5   3 178   0   0],8,265,946.0,NgReg,337994625,1761498985,64400.0,0.0,517
1761498985450586201,[251 144   2   5   3 178   0   0],8,265,946.0,NgReg,450270529,1761498985,64400.0,0.0,517
1761498985542530760,[251 144   2   5   3 178   0   0],8,265,946.0,NgReg,542290021,1761498985,64400.0,0.0,517
1761498985655061167,[251 144   2   5   3 178   0   0],8,265,946.0,NgReg,654702347,1761498985,64400.0,0.0,517
1761498985746801605,[251 144   2   5   3 178   0   0],8,265,946.0,NgReg,746536027,1761498985,64400.0,0.0,517
1761498985901030544,[251 144   2   5   3 178   0   0],8,265,946.0,NgReg,900644132,1761498985,64400.0,0.0,517
1761498985973205160,[251 144   2   5   3 179   0   0],8,265,947.0,NgReg,972871147,1761498985,64400.0,0.0,517
1761498986054982036,[251 144   2   5   3 178   0   0],8,265,946.0,NgReg,54671967,1761498986,64400.0,0.0,517
1761498986146504656,[251 144   2   5   3 178   0   0],8,265,946.0,NgReg,146345796,1761498986,64400.0,0.0,517
1761498986259745593,[251 144   2   5   3 179   0   0],8,265,947.0,NgReg,259222985,1761498986,64400.0,0.0,517
1761498986341285776,[251 144   2   5   3 178   0   0],8,265,946.0,NgReg,341035819,1761498986,64400.0,0.0,517
1761498986455204340,[251 144   2   5   3 178   0   0],8,265,946.0,NgReg,454938571,1761498986,64400.0,0.0,517
1761498986547353436,[251 144   2   5   3 178   0   0],8,265,946.0,NgReg,546833005,1761498986,64400.0,0.0,517
1761498986659641567,[251 144   2   5   3 178   0   0],8,265,946.0,NgReg,659355984,1761498986,64400.0,0.0,517
1761498986751711281,[251 144   2   5   3 178   0   0],8,265,946.0,NgReg,751328583,1761498986,64400.0,0.0,517
1761498986895733711,[251 144   2   5   3 178   0   0],8,265,946.0,NgReg,895311995,1761498986,64400.0,0.0,517
1761498986968188377,[251 144   2   5   3 178   0   0],8,265,946.0,NgReg,967926128,1761498986,64400.0,0.0,517
1761498987060287954,[251 144   2   5   3 178   0   0],8,265,946.0,NgReg,59998979,1761498987,64400.0,0.0,517
1761498987153068906,[251 144   2   5   3 179   0   0],8,265,947.0,NgReg,152767703,1761498987,64400.0,0.0,517
1761498987255060002,[251 144   2   5   3 179   0   0],8,265,947.0,NgReg,254817535,1761498987,64400.0,0.0,517
1761498987347386205,[251 144   2   5   3 178   0   0],8,265,946.0,NgReg,347090732,1761498987,64400.0,0.0,517
1761498987459585959,[251 144   2   5   3 178   0   0],8,265,946.0,NgReg,459296663,1761498987,64400.0,0.0,517
1761498987551826571,[251 144   2   5   3 179   0   0],8,265,947.0,NgReg,551347335,1761498987,64400.0,0.0,517
1761498987663946782,[251 144   2   5   3 178   0   0],8,265,946.0,NgReg,663806616,1761498987,64400.0,0.0,517
1761498987746075659,[251 144   2   5   3 179   0   0],8,265,947.0,NgReg,745753651,1761498987,64400.0,0.0,517
1761498987899824352,[251 144   2   5   3 178   0   0],8,265,946.0,NgReg,899509482,1761498987,64400.0,0.0,517
1761498987971796105,[251 144   2   5   3 178   0   0],8,265,946.0,NgReg,971393274,1761498987,64400.0,0.0,517
1761498988063938187,[251 144   2   5   3 178   0   0],8,265,946.0,NgReg,63552162,1761498988,64400.0,0.0,517
1761498988155654211,[251 144   2   5   3 179   0   0],8,265,947.0,NgReg,155161084,1761498988,64400.0,0.0,517
1761498988267669884,[251 144   2   5   3 178   0   0],8,265,946.0,NgReg,267347524,1761498988,64400.0,0.0,517
1761498988349325500,[251 144   2   5   3 178   0   0],8,265,946.0,NgReg,349117187,1761498988,64400.0,0.0,517
1761498988461637413,[251 144   2   5   3 178   0   0],8,265,946.0,NgReg,461470328,1761498988,64400.0,0.0,517
1761498988553639403,[251 144   2   5   3 179   0   0],8,265,947.0,NgReg,553389927,1761498988,64400.0,0.0,517
1761498988666201273,[251 144   2   5   3 178   0   0],8,265,946.0,NgReg,665865694,1761498988,64400.0,0.0,517
1761498988758030608,[251 144   2   5   3 178   0   0],8,265,946.0,NgReg,757731871,1761498988,64400.0,0.0,517
1761498988904457011,[251 144   2   5   3 178   0   0],8,265,946.0,NgReg,903945127,1761498988,64400.0,0.0,517
1761498988975805559,[251 144   2   5   3 178   0   0],8,265,946.0,NgReg,975596638,1761498988,64400.0,0.0,517
1761498989067884550,[251 144   2   5   3 178   0   0],8,265,946.0,NgReg,67599801,1761498989,64400.0,0.0,517
1761498989159607269,[251 144   2   5   3 178   0   0],8,265,946.0,NgReg,159235296,1761498989,64400.0,0.0,517
1761498989262139863,[251 144   2   5   3 178   0   0],8,265,946.0,NgReg,261556312,1761498989,64400.0,0.0,517
1761498989354204307,[251 144   2   5   3 178   0   0],8,265,946.0,NgReg,353818314,1761498989,64400.0,0.0,517
1761498989467028170,[251 144   2   5   3 178   0   0],8,265,946.0,NgReg,466805869,1761498989,64400.0,0.0,517
1761498989559349003,[251 144   2   5   3 179   0   0],8,265,947.0,NgReg,559103945,1761498989,64400.0,0.0,517
1761498989672023322,[251 144   2   5   3 179   0   0],8,265,947.0,NgReg,671790106,1761498989,64400.0,0.0,517
1761498989754058487,[251 144   2   5   3 178   0   0],8,265,946.0,NgReg,753615263,1761498989,64400.0,0.0,517
1761498989908270017,[251 144   2   5   3 178   0   0],8,265,946.0,NgReg,908042723,1761498989,64400.0,0.0,517
1761498989981112963,[251 144   2   5   3 178   0   0],8,265,946.0,NgReg,980796717,1761498989,64400.0,0.0,517
1761498990073472089,[251 144   2   5   3 178   0   0],8,265,946.0,NgReg,73171208,1761498990,64400.0,0.0,517
1761498990155937793,[251 144   2   5   3 178   0   0],8,265,946.0,NgReg,155649812,1761498990,64400.0,0.0,517
1761498990268275001,[251 144   2   5   3 179   0   0],8,265,947.0,NgReg,268068641,1761498990,64400.0,0.0,517
1761498990360783698,[251 144   2   5   3 179   0   0],8,265,947.0,NgReg,360449432,1761498990,64400.0,0.0,517
1761498990473903677,[251 144   2   5   3 178   0   0],8,265,946.0,NgReg,473596842,1761498990,64400.0,0.0,517
1761498990566181880,[251 144   2   5   3 178   0   0],8,265,946.0,NgReg,565904397,1761498990,64400.0,0.0,517
1761498990668736164,[251 144   2   5   3 178   0   0],8,265,946.0,NgReg,668415982,1761498990,64400.0,0.0,517
1761498990761244254,[251 144   2   5   3 179   0   0],8,265,947.0,NgReg,760949262,1761498990,64400.0,0.0,517
1761498990915529562,[251 144   2   5   3 178   0   0],8,265,946.0,NgReg,915196128,1761498990,64400.0,0.0,517
1761498990988323668,[251 144   2   5   3 178   0   0],8,265,946.0,NgReg,988034214,1761498990,64400.0,0.0,517
1761498991070603067,[251 144   2   5   3 178   0   0],8,265,946.0,NgReg,70293320,1761498991,64400.0,0.0,517
1761498991162938669,[251 144   2   5   3 178   0   0],8,265,946.0,NgReg,162435878,1761498991,64400.0,0.0,517
1761498991275628168,[251 144   2   5   3 178   0   0],8,265,946.0,NgReg,275133764,1761498991,64400.0,0.0,517
1761498991367598456,[251 144   2   5   3 178   0   0],8,265,946.0,NgReg,367200077,1761498991,64400.0,0.0,517
1761498991470339436,[251 144   2   5   3 178   0   0],8,265,946.0,NgReg,469981676,1761498991,64400.0,0.0,517
1761498991562452322,[251 144   2   5   3 178   0   0],8,265,946.0,NgReg,562105861,1761498991,64400.0,0.0,517
1761498991675327247,[251 144   2   5   3 178   0   0],8,265,946.0,NgReg,675053702,1761498991,64400.0,0.0,517
1761498991767928616,[251 144   2   5   3 178   0   0],8,265,946.0,NgReg,767733332,1761498991,64400.0,0.0,517
1761498991921952254,[251 144   2   5   3 178   0   0],8,265,946.0,NgReg,921732355,1761498991,64400.0,0.0,517
1761498991994453169,[251 144   2   5   3 178   0   0],8,265,946.0,NgReg,994176199,1761498991,64400.0,0.0,517
1761498992076845988,[251 144   2   5   3 179   0   0],8,265,947.0,NgReg,76607365,1761498992,64400.0,0.0,517
1761498992169231083,[251 144   2   5   3 178   0   0],8,265,946.0,NgReg,168903860,1761498992,64400.0,0.0,517
1761498992282440535,[251 144   2   5   3 179   0   0],8,265,947.0,NgReg,282159212,1761498992,64400.0,0.0,517
1761498992364750918,[251 144   2   5   3 179   0   0],8,265,947.0,NgReg,364250624,1761498992,64400.0,0.0,517
1761498992477456460,[251 144   2   5   3 178   0   0],8,265,946.0,NgReg,477129493,1761498992,64400.0,0.0,517
1761498992570508580,[251 144   2   5   3 178   0   0],8,265,946.0,NgReg,569891264,1761498992,64400.0,0.0,517
1761498992682870735,[251 144   2   5   3 178   0   0],8,265,946.0,NgReg,682641426,1761498992,64400.0,0.0,517
1761498992765258226,[251 144   2   5   3 178   0   0],8,265,946.0,NgReg,764916919,1761498992,64400.0,0.0,517
1761498992919347516,[251 144   2   5   3 178   0   0],8,265,946.0,NgReg,919121439,1761498992,64400.0,0.0,517
1761498992992242816,[251 144   2   5   3 178   0   0],8,265,946.0,NgReg,991908424,1761498992,64400.0,0.0,517
1761498993084266307,[251 144   2   5   3 178   0   0],8,265,946.0,NgReg,84092277,1761498993,64400.0,0.0,517
1761498993166069285,[251 144   2   5   3 179   0   0],8,265,947.0,NgReg,165857517,1761498993,64400.0,0.0,517
1761498993278542005,[251 144   2   5   3 178   0   0],8,265,946.0,NgReg,278316922,1761498993,64400.0,0.0,517
1761498993370517945,[251 144   2   5   3 178   0   0],8,265,946.0,NgReg,370201350,1761498993,64400.0,0.0,517
1761498993482871946,[251 144   2   5   3 178   0   0],8,265,946.0,NgReg,482567866,1761498993,64400.0,0.0,517
1761498993574671039,[251 144   2   5   3 178   0   0],8,265,946.0,NgReg,574403193,1761498993,64400.0,0.0,517
1761498993687085504,[251 144   2   5   3 178   0   0],8,265,946.0,NgReg,686800789,1761498993,64400.0,0.0,517
1761498993769556723,[251 144   2   5   3 178   0   0],8,265,946.0,NgReg,768868253,1761498993,64400.0,0.0,517
1761498993923158976,[251 144   2   5   3 178   0   0],8,265,946.0,NgReg,922595179,1761498993,64400.0,0.0,517
1761498993995035649,[251 144   2   5   3 178   0   0],8,265,946.0,NgReg,994731888,1761498993,64400.0,0.0,517
1761498994087012990,[251 144   2   5   3 178   0   0],8,265,946.0,NgReg,86732884,1761498994,64400.0,0.0,517
1761498994168618663,[251 144   2   5   3 178   0   0],8,265,946.0,NgReg,168455836,1761498994,64400.0,0.0,517
1761498994281245898,[251 144   2   5   3 179   0   0],8,265,947.0,NgReg,281035346,1761498994,64400.0,0.0,517
1761498994373948536,[251 144   2   5   3 179   0   0],8,265,947.0,NgReg,373624002,1761498994,64400.0,0.0,517
1761498994488845903,[251 144   2   5   3 178   0   0],8,265,946.0,NgReg,486930360,1761498994,64400.0,0.0,517
1761498994580493352,[251 144   2   5   3 178   0   0],8,265,946.0,NgReg,580060246,1761498994,64400.0,0.0,517
1761498994683811420,[251 144   2   5   3 178   0   0],8,265,946.0,NgReg,683610567,1761498994,64400.0,0.0,517
1761498994776132965,[251 144   2   5   3 178   0   0],8,265,946.0,NgReg,775853244,1761498994,64400.0,0.0,517
1761498994930136163,[251 144   2   5   3 179   0   0],8,265,947.0,NgReg,929800651,1761498994,64400.0,0.0,517
1761498995002324865,[251 144   2   5   3 179   0   0],8,265,947.0,NgReg,2087843,1761498995,64400.0,0.0,517
1761498995084441903,[251 144   2   5   3 179   0   0],8,265,947.0,NgReg,84197007,1761498995,64400.0,0.0,517
1761498995176778152,[251 144   2   5   3 178   0   0],8,265,946.0,NgReg,176484987,1761498995,64400.0,0.0,517
1761498995291397150,[251 144   2   5   3 179   0   0],8,265,947.0,NgReg,291157087,1761498995,64400.0,0.0,517
1761498995374022382,[251 144   2   5   3 178   0   0],8,265,946.0,NgReg,373689911,1761498995,64400.0,0.0,517
1761498995486053664,[251 144   2   5   3 178   0   0],8,265,946.0,NgReg,485762900,1761498995,64400.0,0.0,517
1761498995578258583,[251 144   2   5   3 178   0   0],8,265,946.0,NgReg,578028891,1761498995,64400.0,0.0,517
1761498995690923566,[251 144   2   5   3 178   0   0],8,265,946.0,NgReg,690316816,1761498995,64400.0,0.0,517
1761498995782945589,[251 144   2   5   3 178   0   0],8,265,946.0,NgReg,782618304,1761498995,64400.0,0.0,517
1761498995936487715,[251 144   2   5   3 178   0   0],8,265,946.0,NgReg,936184468,1761498995,64400.0,0.0,517
1761498996008166465,[251 144   2   5   3 178   0   0],8,265,946.0,NgReg,7976975,1761498996,64400.0,0.0,517
1761498996090452405,[251 144   2   5   3 178   0   0],8,265,946.0,NgReg,89847704,1761498996,64400.0,0.0,517
1761498996182349513,[251 144   2   5   3 178   0   0],8,265,946.0,NgReg,181718757,1761498996,64400.0,0.0,517
1761498996294947003,[251 144   2   5   3 178   0   0],8,265,946.0,NgReg,294513034,1761498996,64400.0,0.0,517
1761498996377419904,[251 144   2   5   3 178   0   0],8,265,946.0,NgReg,377110384,1761498996,64400.0,0.0,517
1761498996489898644,[251 144   2   5   3 179   0   0],8,265,947.0,NgReg,489556571,1761498996,64400.0,0.0,517
1761498996582083570,[251 144   2   5   3 178   0   0],8,265,946.0,NgReg,581498010,1761498996,64400.0,0.0,517
1761498996694163134,[251 144   2   5   3 178   0   0],8,265,946.0,NgReg,693881493,1761498996,64400.0,0.0,517
1761498996786663182,[251 144   2   5   3 178   0   0],8,265,946.0,NgReg,786310035,1761498996,64400.0,0.0,517
1761498996930108874,[251 144   2   5   3 178   0   0],8,265,946.0,NgReg,929875245,1761498996,64400.0,0.0,517
1761498997002635736,[251 144   2   5   3 178   0   0],8,265,946.0,NgReg,2152795,1761498997,64400.0,0.0,517
1761498997094490231,[251 144   2   5   3 179   0   0],8,265,947.0,NgReg,94266046,1761498997,64400.0,0.0,517
1761498997186645436,[251 144   2   5   3 178   0   0],8,265,946.0,NgReg,186406879,1761498997,64400.0,0.0,517
1761498997299886050,[251 144   2   5   3 178   0   0],8,265,946.0,NgReg,299204691,1761498997,64400.0,0.0,517
1761498997381436087,[251 144   2   5   3 179   0   0],8,265,947.0,NgReg,381148140,1761498997,64400.0,0.0,517
1761498997495344041,[251 144   2   5   3 178   0   0],8,265,946.0,NgReg,495061856,1761498997,64400.0,0.0,517
1761498997587328962,[251 144   2   5   3 178   0   0],8,265,946.0,NgReg,587057948,1761498997,64400.0,0.0,517
1761498997699892249,[251 144   2   5   3 178   0   0],8,265,946.0,NgReg,699685284,1761498997,64400.0,0.0,517
1761498997783087190,[251 144   2   5   3 178   0   0],8,265,946.0,NgReg,782592214,1761498997,64400.0,0.0,517
1761498997936784772,[251 144   2   5   3 178   0   0],8,265,946.0,NgReg,936580751,1761498997,64400.0,0.0,517
1761498998008854856,[251 144   2   5   3 179   0   0],8,265,947.0,NgReg,8568798,1761498998,64400.0,0.0,517
1761498998100628314,[251 140   2   5   3 183   0   0],8,265,951.0,NgReg,100436969,1761498998,64396.0,0.0,517
1761498998192708187,[251 137   2   5   3 185   0   0],8,265,953.0,NgReg,192460411,1761498998,64393.0,0.0,517
1761498998295234131,[251 134   2   5   3 187   0   0],8,265,955.0,NgReg,294946121,1761498998,64390.0,0.0,517
1761498998387117505,[251 130   2   5   3 191   0   0],8,265,959.0,NgReg,386870306,1761498998,64386.0,0.0,517
1761498998499565802,[251 127   2   5   3 194   0   0],8,265,962.0,NgReg,499257819,1761498998,64383.0,0.0,517
1761498998591379783,[251 124   2   5   3 196   0   0],8,265,964.0,NgReg,591115972,1761498998,64380.0,0.0,517
