timestamp,ambient_temperature,can_msg.data,can_msg.dlc,can_msg.id,engine_box_pressure,fuel_consumed,fuel_flow,header.frame_id,header.stamp.nanosec,header.stamp.sec
1763324729750427629,20,[  0   0   0  34 184 175  20   0],7,258,945.5800170898438,340,0,Fuel/Ambient,749898921,1763324729
1763324729951920330,20,[  0   0   0  34 184 175  20   0],7,258,945.5800170898438,340,0,Fuel/Ambient,951156356,1763324729
1763324730146700502,20,[  0   0   0  34 184 175  20   0],7,258,945.5800170898438,340,0,Fuel/Ambient,145908496,1763324730
1763324730351418989,20,[  0   0   0  34 184 175  20   0],7,258,945.5800170898438,340,0,Fuel/Ambient,350564487,1763324730
1763324730550057335,20,[  0   0   0  34 184 175  20   0],7,258,945.5800170898438,340,0,Fuel/Ambient,546586525,1763324730
1763324730753230051,20,[  0   0   0  34 184 175  20   0],7,258,945.5800170898438,340,0,Fuel/Ambient,752688575,1763324730
1763324730950924806,20,[  0   0   0  34 184 176  20   0],7,258,945.5999755859375,340,0,Fuel/Ambient,948665141,1763324730
1763324731153489519,20,[  0   0   0  34 184 176  20   0],7,258,945.5999755859375,340,0,Fuel/Ambient,152588136,1763324731
1763324731358226728,20,[  0   0   0  34 184 176  20   0],7,258,945.5999755859375,340,0,Fuel/Ambient,357964582,1763324731
1763324731554435138,20,[  0   0   0  34 184 176  20   0],7,258,945.5999755859375,340,0,Fuel/Ambient,553826878,1763324731
1763324731753133967,20,[  0   0   0  34 184 176  20   0],7,258,945.5999755859375,340,0,Fuel/Ambient,752488906,1763324731
1763324731952152350,20,[  0   0   0  34 184 176  20   0],7,258,945.5999755859375,340,0,Fuel/Ambient,951270295,1763324731
1763324732158641223,20,[  0   0   0  34 184 176  20   0],7,258,945.5999755859375,340,0,Fuel/Ambient,158350340,1763324732
1763324732355364615,20,[  0   0   0  34 184 176  20   0],7,258,945.5999755859375,340,0,Fuel/Ambient,355021764,1763324732
1763324732562336979,20,[  0   0   0  34 184 176  20   0],7,258,945.5999755859375,340,0,Fuel/Ambient,561667118,1763324732
1763324732755186679,20,[  0   0   0  34 184 176  20   0],7,258,945.5999755859375,340,0,Fuel/Ambient,752263297,1763324732
1763324732960109044,20,[  0   0   0  34 184 176  20   0],7,258,945.5999755859375,340,0,Fuel/Ambient,959595344,1763324732
1763324733155133097,20,[  0   0   0  34 184 176  20   0],7,258,945.5999755859375,340,0,Fuel/Ambient,154450980,1763324733
1763324733363769733,20,[  0   0   0  34 184 176  20   0],7,258,945.5999755859375,340,0,Fuel/Ambient,362694141,1763324733
1763324733558410999,20,[  0   0   0  34 184 176  20   0],7,258,945.5999755859375,340,0,Fuel/Ambient,558194902,1763324733
1763324733757611756,20,[  0   0   0  34 184 177  20   0],7,258,945.6199951171875,340,0,Fuel/Ambient,755906143,1763324733
1763324733963985943,20,[  0   0   0  34 184 177  20   0],7,258,945.6199951171875,340,0,Fuel/Ambient,962776686,1763324733
1763324734165059964,20,[  0   0   0  34 184 177  20   0],7,258,945.6199951171875,340,0,Fuel/Ambient,164635128,1763324734
1763324734364389780,20,[  0   0   0  34 184 177  20   0],7,258,945.6199951171875,340,0,Fuel/Ambient,363596750,1763324734
1763324734558587845,20,[  0   0   0  34 184 177  20   0],7,258,945.6199951171875,340,0,Fuel/Ambient,557944385,1763324734
1763324734765332373,20,[  0   0   0  34 184 177  20   0],7,258,945.6199951171875,340,0,Fuel/Ambient,765077587,1763324734
1763324734960210636,20,[  0   0   0  34 184 177  20   0],7,258,945.6199951171875,340,0,Fuel/Ambient,959887177,1763324734
1763324735166060887,20,[  0   0   0  34 184 178  20   0],7,258,945.6400146484375,340,0,Fuel/Ambient,165885237,1763324735
1763324735364130952,20,[  0   0   0  34 184 178  20   0],7,258,945.6400146484375,340,0,Fuel/Ambient,363381218,1763324735
1763324735563821989,20,[  0   0   0  34 184 178  20   0],7,258,945.6400146484375,340,0,Fuel/Ambient,563182400,1763324735
1763324735769884402,20,[  0   0   0  34 184 178  20   0],7,258,945.6400146484375,340,0,Fuel/Ambient,769685104,1763324735
1763324735967733761,20,[  0   0   0  34 184 178  20   0],7,258,945.6400146484375,340,0,Fuel/Ambient,966988603,1763324735
1763324736168043045,20,[  0   0   0  34 184 178  20   0],7,258,945.6400146484375,340,0,Fuel/Ambient,166940220,1763324736
1763324736373827730,20,[  0   0   0  34 184 178  20   0],7,258,945.6400146484375,340,0,Fuel/Ambient,371664354,1763324736
1763324736568405515,20,[  0   0   0  34 184 178  20   0],7,258,945.6400146484375,340,0,Fuel/Ambient,567957831,1763324736
1763324736776267336,20,[  0   0   0  34 184 178  20   0],7,258,945.6400146484375,340,0,Fuel/Ambient,775145119,1763324736
1763324736971180835,20,[  0   0   0  34 184 178  20   0],7,258,945.6400146484375,340,0,Fuel/Ambient,970804192,1763324736
1763324737168222064,20,[  0   0   0  34 184 178  20   0],7,258,945.6400146484375,340,0,Fuel/Ambient,167242729,1763324737
1763324737373960319,20,[  0   0   0  34 184 178  20   0],7,258,945.6400146484375,340,0,Fuel/Ambient,373217242,1763324737
1763324737572777210,20,[  0   0   0  34 184 178  20   0],7,258,945.6400146484375,340,0,Fuel/Ambient,572036149,1763324737
1763324737771207891,20,[  0   0   0  34 184 178  20   0],7,258,945.6400146484375,340,0,Fuel/Ambient,769710087,1763324737
1763324737982950127,20,[  0   0   0  34 184 179  20   0],7,258,945.6599731445312,340,0,Fuel/Ambient,979134386,1763324737
1763324738174873848,20,[  0   0   0  34 184 179  20   0],7,258,945.6599731445312,340,0,Fuel/Ambient,174235731,1763324738
1763324738380007813,20,[  0   0   0  34 184 179  20   0],7,258,945.6599731445312,340,0,Fuel/Ambient,379559426,1763324738
1763324738575141094,20,[  0   0   0  34 184 179  20   0],7,258,945.6599731445312,340,0,Fuel/Ambient,574339936,1763324738
1763324738778286820,20,[  0   0   0  34 184 178  20   0],7,258,945.6400146484375,340,0,Fuel/Ambient,777418302,1763324738
1763324738984967869,20,[  0   0   0  34 184 178  20   0],7,258,945.6400146484375,340,0,Fuel/Ambient,983684659,1763324738
1763324739181309290,20,[  0   0   0  34 184 178  20   0],7,258,945.6400146484375,340,0,Fuel/Ambient,180571332,1763324739
1763324739380131753,20,[  0   0   0  34 184 178  20   0],7,258,945.6400146484375,340,0,Fuel/Ambient,379732550,1763324739
1763324739580289939,20,[  0   0   0  34 184 178  20   0],7,258,945.6400146484375,340,0,Fuel/Ambient,579546317,1763324739
1763324739776021947,20,[  0   0   0  34 184 178  20   0],7,258,945.6400146484375,340,0,Fuel/Ambient,774963699,1763324739
1763324739981741743,20,[  0   0   0  34 184 179  20   0],7,258,945.6599731445312,340,0,Fuel/Ambient,981241291,1763324739
1763324740186701599,20,[  0   0   0  34 184 179  20   0],7,258,945.6599731445312,340,0,Fuel/Ambient,185917273,1763324740
1763324740381404097,20,[  0   0   0  34 184 179  20   0],7,258,945.6599731445312,340,0,Fuel/Ambient,380774652,1763324740
1763324740586138992,20,[  0   0   0  34 184 179  20   0],7,258,945.6599731445312,340,0,Fuel/Ambient,585402282,1763324740
1763324740784546862,20,[  0   0   0  34 184 179  20   0],7,258,945.6599731445312,340,0,Fuel/Ambient,781947707,1763324740
1763324740991080395,20,[  0   0   0  34 184 179  20   0],7,258,945.6599731445312,340,0,Fuel/Ambient,990358309,1763324740
1763324741185729743,20,[  0   0   0  34 184 179  20   0],7,258,945.6599731445312,340,0,Fuel/Ambient,185113290,1763324741
1763324741385220792,20,[  0   0   0  34 184 179  20   0],7,258,945.6599731445312,340,0,Fuel/Ambient,384859477,1763324741
1763324741582562097,20,[  0   0   0  34 184 179  20   0],7,258,945.6599731445312,340,0,Fuel/Ambient,582260174,1763324741
1763324741782953569,20,[  0   0   0  34 184 179  20   0],7,258,945.6599731445312,340,0,Fuel/Ambient,782510653,1763324741
1763324741993546910,20,[  0   0   0  34 184 179  20   0],7,258,945.6599731445312,340,0,Fuel/Ambient,992868697,1763324741
1763324742193623949,20,[  0   0   0  34 184 179  20   0],7,258,945.6599731445312,340,0,Fuel/Ambient,192994889,1763324742
1763324742394247201,20,[  0   0   0  34 184 179  20   0],7,258,945.6599731445312,340,0,Fuel/Ambient,392962136,1763324742
1763324742592269537,20,[  0   0   0  34 184 179  20   0],7,258,945.6599731445312,340,0,Fuel/Ambient,591377467,1763324742
1763324742788121137,20,[  0   0   0  34 184 179  20   0],7,258,945.6599731445312,340,0,Fuel/Ambient,786927944,1763324742
1763324742991710044,20,[  0   0   0  34 184 179  20   0],7,258,945.6599731445312,340,0,Fuel/Ambient,991431129,1763324742
1763324743187841295,20,[  0   0   0  34 184 179  20   0],7,258,945.6599731445312,340,0,Fuel/Ambient,187336044,1763324743
1763324743393372715,20,[  0   0   0  34 184 179  20   0],7,258,945.6599731445312,340,0,Fuel/Ambient,392647461,1763324743
1763324743589641856,20,[  0   0   0  34 184 179  20   0],7,258,945.6599731445312,340,0,Fuel/Ambient,589168476,1763324743
1763324743795701151,19,[  0   0   0  34 184 180  19   0],7,258,945.6799926757812,340,0,Fuel/Ambient,795320316,1763324743
1763324743995498319,19,[  0   0   0  34 184 180  19   0],7,258,945.6799926757812,340,0,Fuel/Ambient,995110732,1763324743
1763324744191000417,19,[  0   0   0  34 184 179  19   0],7,258,945.6599731445312,340,0,Fuel/Ambient,190591005,1763324744
1763324744398472909,19,[  0   0   0  34 184 179  19   0],7,258,945.6599731445312,340,0,Fuel/Ambient,397808872,1763324744
1763324744595503466,19,[  0   0   0  34 184 179  19   0],7,258,945.6599731445312,340,0,Fuel/Ambient,594331489,1763324744
1763324744792578087,19,[  0   0   0  34 184 179  19   0],7,258,945.6599731445312,340,0,Fuel/Ambient,791424831,1763324744
1763324745000990651,19,[  0   0   0  34 184 179  19   0],7,258,945.6599731445312,340,0,Fuel/Ambient,401239,1763324745
1763324745197235508,19,[  0   0   0  34 184 179  19   0],7,258,945.6599731445312,340,0,Fuel/Ambient,196710608,1763324745
1763324745401637484,19,[  0   0   0  34 184 179  19   0],7,258,945.6599731445312,340,0,Fuel/Ambient,400838150,1763324745
1763324745598255656,20,[  0   0   0  34 184 180  20   0],7,258,945.6799926757812,340,0,Fuel/Ambient,597273600,1763324745
1763324745804792272,20,[  0   0   0  34 184 180  20   0],7,258,945.6799926757812,340,0,Fuel/Ambient,804219819,1763324745
1763324746003606556,20,[  0   0   0  34 184 180  20   0],7,258,945.6799926757812,340,0,Fuel/Ambient,2122769,1763324746
1763324746198107210,20,[  0   0   0  34 184 180  20   0],7,258,945.6799926757812,340,0,Fuel/Ambient,197415141,1763324746
1763324746406082783,20,[  0   0   0  34 184 180  20   0],7,258,945.6799926757812,340,0,Fuel/Ambient,405426810,1763324746
1763324746605000239,19,[  0   0   0  34 184 180  19   0],7,258,945.6799926757812,340,0,Fuel/Ambient,604259818,1763324746
1763324746808370817,19,[  0   0   0  34 184 180  19   0],7,258,945.6799926757812,340,0,Fuel/Ambient,805273321,1763324746
1763324747005620068,19,[  0   0   0  34 184 179  19   0],7,258,945.6599731445312,340,0,Fuel/Ambient,4398651,1763324747
1763324747200518679,19,[  0   0   0  34 184 180  19   0],7,258,945.6799926757812,340,0,Fuel/Ambient,200051572,1763324747
1763324747406781474,19,[  0   0   0  34 184 180  19   0],7,258,945.6799926757812,340,0,Fuel/Ambient,406170525,1763324747
1763324747602126296,19,[  0   0   0  34 184 180  19   0],7,258,945.6799926757812,340,0,Fuel/Ambient,601657653,1763324747
1763324747807809438,19,[  0   0   0  34 184 179  19   0],7,258,945.6599731445312,340,0,Fuel/Ambient,807604668,1763324747
1763324748010494413,19,[  0   0   0  34 184 179  19   0],7,258,945.6599731445312,340,0,Fuel/Ambient,9199427,1763324748
1763324748204895134,19,[  0   0   0  34 184 179  19   0],7,258,945.6599731445312,340,0,Fuel/Ambient,204564988,1763324748
1763324748410295492,19,[  0   0   0  34 184 179  19   0],7,258,945.6599731445312,340,0,Fuel/Ambient,409061467,1763324748
1763324748605585309,19,[  0   0   0  34 184 178  19   0],7,258,945.6400146484375,340,0,Fuel/Ambient,605149273,1763324748
1763324748812414478,19,[  0   0   0  34 184 178  19   0],7,258,945.6400146484375,340,0,Fuel/Ambient,812139563,1763324748
1763324749012591819,19,[  0   0   0  34 184 178  19   0],7,258,945.6400146484375,340,0,Fuel/Ambient,12166568,1763324749
1763324749208422474,19,[  0   0   0  34 184 178  19   0],7,258,945.6400146484375,340,0,Fuel/Ambient,208060583,1763324749
1763324749406933565,19,[  0   0   0  34 184 177  19   0],7,258,945.6199951171875,340,0,Fuel/Ambient,406714076,1763324749
1763324749612863562,19,[  0   0   0  34 184 177  19   0],7,258,945.6199951171875,340,0,Fuel/Ambient,612324134,1763324749
1763324749810149492,19,[  0   0   0  34 184 176  19   0],7,258,945.5999755859375,340,0,Fuel/Ambient,808681160,1763324749
1763324750016314754,19,[  0   0   0  34 184 176  19   0],7,258,945.5999755859375,340,0,Fuel/Ambient,15697341,1763324750
1763324750212432261,19,[  0   0   0  34 184 176  19   0],7,258,945.5999755859375,340,0,Fuel/Ambient,212131298,1763324750
1763324750417596973,19,[  0   0   0  34 184 175  19   0],7,258,945.5800170898438,340,0,Fuel/Ambient,417117290,1763324750
1763324750614804377,19,[  0   0   0  34 184 175  19   0],7,258,945.5800170898438,340,0,Fuel/Ambient,614462102,1763324750
1763324750822035377,19,[  0   0   0  34 184 175  19   0],7,258,945.5800170898438,340,0,Fuel/Ambient,821386028,1763324750
1763324751016676713,19,[  0   0   0  34 184 174  19   0],7,258,945.5599975585938,340,0,Fuel/Ambient,16461639,1763324751
1763324751223163550,19,[  0   0   0  34 184 174  19   0],7,258,945.5599975585938,340,0,Fuel/Ambient,222948092,1763324751
1763324751420992689,19,[  0   0   0  34 184 174  19   0],7,258,945.5599975585938,340,0,Fuel/Ambient,420648046,1763324751
1763324751617847099,19,[  0   0   0  34 184 173  19   0],7,258,945.5399780273438,340,0,Fuel/Ambient,617469721,1763324751
1763324751825708283,19,[  0   0   0  34 184 173  19   0],7,258,945.5399780273438,340,0,Fuel/Ambient,824708179,1763324751
1763324752022093795,19,[  0   0   0  34 184 173  19   0],7,258,945.5399780273438,340,0,Fuel/Ambient,21852641,1763324752
1763324752221091456,19,[  0   0   0  34 184 173  19   0],7,258,945.5399780273438,340,0,Fuel/Ambient,220855774,1763324752
1763324752417047366,19,[  0   0   0  34 184 173  19   0],7,258,945.5399780273438,340,0,Fuel/Ambient,416834629,1763324752
1763324752623559486,19,[  0   0   0  34 184 173  19   0],7,258,945.5399780273438,340,0,Fuel/Ambient,622570358,1763324752
1763324752822855454,19,[  0   0   0  34 184 173  19   0],7,258,945.5399780273438,340,0,Fuel/Ambient,822279481,1763324752
1763324753020780275,19,[  0   0   0  34 184 173  19   0],7,258,945.5399780273438,340,0,Fuel/Ambient,20318223,1763324753
1763324753229094747,19,[  0   0   0  34 184 173  19   0],7,258,945.5399780273438,340,0,Fuel/Ambient,228534742,1763324753
1763324753425833449,19,[  0   0   0  34 184 173  19   0],7,258,945.5399780273438,340,0,Fuel/Ambient,425458918,1763324753
1763324753624823337,19,[  0   0   0  34 184 173  19   0],7,258,945.5399780273438,340,0,Fuel/Ambient,623266653,1763324753
1763324753831318402,19,[  0   0   0  34 184 173  19   0],7,258,945.5399780273438,340,0,Fuel/Ambient,831136449,1763324753
1763324754028792759,19,[  0   0   0  34 184 173  19   0],7,258,945.5399780273438,340,0,Fuel/Ambient,28098385,1763324754
1763324754226414222,19,[  0   0   0  34 184 174  19   0],7,258,945.5599975585938,340,0,Fuel/Ambient,225103332,1763324754
1763324754433890193,19,[  0   0   0  34 184 174  19   0],7,258,945.5599975585938,340,0,Fuel/Ambient,433278413,1763324754
1763324754629445113,19,[  0   0   0  34 184 174  19   0],7,258,945.5599975585938,340,0,Fuel/Ambient,628663315,1763324754
1763324754825359331,19,[  0   0   0  34 184 174  19   0],7,258,945.5599975585938,340,0,Fuel/Ambient,824451324,1763324754
1763324755029917648,19,[  0   0   0  34 184 174  19   0],7,258,945.5599975585938,340,0,Fuel/Ambient,29206954,1763324755
1763324755238191292,19,[  0   0   0  34 184 174  19   0],7,258,945.5599975585938,340,0,Fuel/Ambient,236493455,1763324755
1763324755433416867,19,[  0   0   0  34 184 174  19   0],7,258,945.5599975585938,340,0,Fuel/Ambient,433084864,1763324755
1763324755629834867,19,[  0   0   0  34 184 174  19   0],7,258,945.5599975585938,340,0,Fuel/Ambient,628614345,1763324755
1763324755837093559,19,[  0   0   0  34 184 174  19   0],7,258,945.5599975585938,340,0,Fuel/Ambient,836362257,1763324755
1763324756032059068,19,[  0   0   0  34 184 175  19   0],7,258,945.5800170898438,340,0,Fuel/Ambient,31271574,1763324756
1763324756237439092,19,[  0   0   0  34 184 175  19   0],7,258,945.5800170898438,340,0,Fuel/Ambient,236900560,1763324756
1763324756432328890,19,[  0   0   0  34 184 175  19   0],7,258,945.5800170898438,340,0,Fuel/Ambient,431906615,1763324756
1763324756637782066,19,[  0   0   0  34 184 175  19   0],7,258,945.5800170898438,340,0,Fuel/Ambient,637357967,1763324756
1763324756834895178,19,[  0   0   0  34 184 175  19   0],7,258,945.5800170898438,340,0,Fuel/Ambient,834343654,1763324756
1763324757040073185,19,[  0   0   0  34 184 175  19   0],7,258,945.5800170898438,340,0,Fuel/Ambient,39582301,1763324757
1763324757235057194,19,[  0   0   0  34 184 175  19   0],7,258,945.5800170898438,340,0,Fuel/Ambient,234554790,1763324757
1763324757441373323,19,[  0   0   0  34 184 175  19   0],7,258,945.5800170898438,340,0,Fuel/Ambient,440922984,1763324757
1763324757637465501,19,[  0   0   0  34 184 175  19   0],7,258,945.5800170898438,340,0,Fuel/Ambient,636924569,1763324757
1763324757844499844,19,[  0   0   0  34 184 175  19   0],7,258,945.5800170898438,340,0,Fuel/Ambient,843681789,1763324757
1763324758046050144,19,[  0   0   0  34 184 176  19   0],7,258,945.5999755859375,340,0,Fuel/Ambient,45374971,1763324758
1763324758242261653,19,[  0   0   0  34 184 176  19   0],7,258,945.5999755859375,340,0,Fuel/Ambient,241702961,1763324758
1763324758440154455,19,[  0   0   0  34 184 176  19   0],7,258,945.5999755859375,340,0,Fuel/Ambient,439801877,1763324758
1763324758647176160,19,[  0   0   0  34 184 176  19   0],7,258,945.5999755859375,340,0,Fuel/Ambient,645293746,1763324758
1763324758844410333,19,[  0   0   0  34 184 176  19   0],7,258,945.5999755859375,340,0,Fuel/Ambient,843821145,1763324758
1763324759042194207,19,[  0   0   0  34 184 176  19   0],7,258,945.5999755859375,340,0,Fuel/Ambient,41919293,1763324759
1763324759239861089,19,[  0   0   0  34 184 177  19   0],7,258,945.6199951171875,340,0,Fuel/Ambient,239528510,1763324759
1763324759445936613,19,[  0   0   0  34 184 177  19   0],7,258,945.6199951171875,340,0,Fuel/Ambient,445279648,1763324759
1763324759642794945,19,[  0   0   0  34 184 176  19   0],7,258,945.5999755859375,340,0,Fuel/Ambient,642520255,1763324759
1763324759850433585,19,[  0   0   0  34 184 176  19   0],7,258,945.5999755859375,340,0,Fuel/Ambient,850178863,1763324759
1763324760046907915,19,[  0   0   0  34 184 177  19   0],7,258,945.6199951171875,340,0,Fuel/Ambient,45870018,1763324760
1763324760251160386,19,[  0   0   0  34 184 177  19   0],7,258,945.6199951171875,340,0,Fuel/Ambient,250777695,1763324760
1763324760446323347,19,[  0   0   0  34 184 177  19   0],7,258,945.6199951171875,340,0,Fuel/Ambient,446035601,1763324760
1763324760651103631,19,[  0   0   0  34 184 177  19   0],7,258,945.6199951171875,340,0,Fuel/Ambient,650669260,1763324760
1763324760848733491,19,[  0   0   0  34 184 177  19   0],7,258,945.6199951171875,340,0,Fuel/Ambient,847837580,1763324760
1763324761055000892,19,[  0   0   0  34 184 177  19   0],7,258,945.6199951171875,340,0,Fuel/Ambient,53500048,1763324761
1763324761250095662,19,[  0   0   0  34 184 177  19   0],7,258,945.6199951171875,340,0,Fuel/Ambient,249452009,1763324761
1763324761455533649,19,[  0   0   0  34 184 177  19   0],7,258,945.6199951171875,340,0,Fuel/Ambient,454812108,1763324761
1763324761650289121,19,[  0   0   0  34 184 177  19   0],7,258,945.6199951171875,340,0,Fuel/Ambient,649963295,1763324761
1763324761856482218,19,[  0   0   0  34 184 177  19   0],7,258,945.6199951171875,340,0,Fuel/Ambient,856083783,1763324761
1763324762052954408,19,[  0   0   0  34 184 177  19   0],7,258,945.6199951171875,340,0,Fuel/Ambient,52593381,1763324762
1763324762249333863,19,[  0   0   0  34 184 177  19   0],7,258,945.6199951171875,340,0,Fuel/Ambient,248841987,1763324762
1763324762456726364,19,[  0   0   0  34 184 176  19   0],7,258,945.5999755859375,340,0,Fuel/Ambient,456211384,1763324762
1763324762651524942,19,[  0   0   0  34 184 176  19   0],7,258,945.5999755859375,340,0,Fuel/Ambient,651172747,1763324762
1763324762861072628,19,[  0   0   0  34 184 176  19   0],7,258,945.5999755859375,340,0,Fuel/Ambient,859870666,1763324762
1763324763057271282,19,[  0   0   0  34 184 176  19   0],7,258,945.5999755859375,340,0,Fuel/Ambient,56963983,1763324763
1763324763253789523,19,[  0   0   0  34 184 176  19   0],7,258,945.5999755859375,340,0,Fuel/Ambient,253337072,1763324763
1763324763459439069,20,[  0   0   0  34 184 176  20   0],7,258,945.5999755859375,340,0,Fuel/Ambient,459190971,1763324763
1763324763654407475,20,[  0   0   0  34 184 176  20   0],7,258,945.5999755859375,340,0,Fuel/Ambient,654228753,1763324763
1763324763861917322,20,[  0   0   0  34 184 176  20   0],7,258,945.5999755859375,340,0,Fuel/Ambient,861191973,1763324763
1763324764057154307,20,[  0   0   0  34 184 176  20   0],7,258,945.5999755859375,340,0,Fuel/Ambient,56900193,1763324764
1763324764261950888,20,[  0   0   0  34 184 176  20   0],7,258,945.5999755859375,340,0,Fuel/Ambient,261685734,1763324764
1763324764457386947,20,[  0   0   0  34 184 176  20   0],7,258,945.5999755859375,340,0,Fuel/Ambient,456461212,1763324764
1763324764658366538,20,[  0   0   0   0 184 176  20   0],7,258,945.5999755859375,0,0,Fuel/Ambient,657495907,1763324764
1763324764867870516,20,[  0   0   0   0 184 176  20   0],7,258,945.5999755859375,0,0,Fuel/Ambient,865461985,1763324764
1763324765064035638,20,[  0   0   0   0 184 176  20   0],7,258,945.5999755859375,0,0,Fuel/Ambient,63474513,1763324765
1763324765261368706,20,[  0   0   0   0 184 176  20   0],7,258,945.5999755859375,0,0,Fuel/Ambient,260735325,1763324765
1763324765467856023,20,[  0   0   0   0 184 176  20   0],7,258,945.5999755859375,0,0,Fuel/Ambient,467185585,1763324765
1763324765665294468,20,[  0   0   0   0 184 176  20   0],7,258,945.5999755859375,0,0,Fuel/Ambient,664515870,1763324765
1763324765862485935,20,[  0   0   0   0 184 176  20   0],7,258,945.5999755859375,0,0,Fuel/Ambient,861792746,1763324765
1763324766070519153,19,[  0   0   0   0 184 176  19   0],7,258,945.5999755859375,0,0,Fuel/Ambient,69700458,1763324766
1763324766266490356,19,[  0   0   0   0 184 176  19   0],7,258,945.5999755859375,0,0,Fuel/Ambient,265680622,1763324766
1763324766471329726,19,[  0   0   0   0 184 176  19   0],7,258,945.5999755859375,0,0,Fuel/Ambient,471143997,1763324766
1763324766667029696,19,[  0   0   0   0 184 176  19   0],7,258,945.5999755859375,0,0,Fuel/Ambient,666474715,1763324766
1763324766868351182,19,[  0   0   0   0 184 177  19   0],7,258,945.6199951171875,0,0,Fuel/Ambient,867044803,1763324766
1763324767073239448,19,[  0   0   0   0 184 177  19   0],7,258,945.6199951171875,0,0,Fuel/Ambient,72032367,1763324767
1763324767269737539,19,[  0   0   0   0 184 177  19   0],7,258,945.6199951171875,0,0,Fuel/Ambient,269372768,1763324767
1763324767476669663,19,[  0   0   0   0 184 177  19   0],7,258,945.6199951171875,0,0,Fuel/Ambient,476208827,1763324767
1763324767674473331,19,[  0   0   0   0 184 177  19   0],7,258,945.6199951171875,0,0,Fuel/Ambient,673550796,1763324767
1763324767871539394,19,[  0   0   0   0 184 177  19   0],7,258,945.6199951171875,0,0,Fuel/Ambient,871013886,1763324767
1763324768073924027,19,[  0   0   0   0 184 178  19   0],7,258,945.6400146484375,0,0,Fuel/Ambient,73414135,1763324768
1763324768278969931,19,[  0   0   0   0 184 178  19   0],7,258,945.6400146484375,0,0,Fuel/Ambient,278666728,1763324768
1763324768477598952,19,[  0   0   0   0 184 178  19   0],7,258,945.6400146484375,0,0,Fuel/Ambient,475215989,1763324768
1763324768671050108,19,[  0   0   0   0 184 178  19   0],7,258,945.6400146484375,0,0,Fuel/Ambient,670140693,1763324768
1763324768879264356,19,[  0   0   0   0 184 178  19   0],7,258,945.6400146484375,0,0,Fuel/Ambient,878969922,1763324768
1763324769078949674,19,[  0   0   0   0 184 179  19   0],7,258,945.6599731445312,0,0,Fuel/Ambient,78410982,1763324769
1763324769276152478,19,[  0   0   0   0 184 179  19   0],7,258,945.6599731445312,0,0,Fuel/Ambient,275307704,1763324769
1763324769481608083,19,[  0   0   0   0 184 179  19   0],7,258,945.6599731445312,0,0,Fuel/Ambient,481274865,1763324769
1763324769677295131,19,[  0   0   0   0 184 179  19   0],7,258,945.6599731445312,0,0,Fuel/Ambient,676773207,1763324769
1763324769877782537,19,[  0   0   0   0 184 179  19   0],7,258,945.6599731445312,0,0,Fuel/Ambient,875678264,1763324769
1763324770075620642,19,[  0   0   0   0 184 179  19   0],7,258,945.6599731445312,0,0,Fuel/Ambient,75170527,1763324770
1763324770280615254,19,[  0   0   0   0 184 179  19   0],7,258,945.6599731445312,0,0,Fuel/Ambient,280165714,1763324770
1763324770479899836,19,[  0   0   0   0 184 180  19   0],7,258,945.6799926757812,0,0,Fuel/Ambient,477613226,1763324770
1763324770684968240,19,[  0   0   0   0 184 180  19   0],7,258,945.6799926757812,0,0,Fuel/Ambient,683667078,1763324770
1763324770879625554,19,[  0   0   0   0 184 180  19   0],7,258,945.6799926757812,0,0,Fuel/Ambient,879200495,1763324770
1763324771086871096,19,[  0   0   0   0 184 181  19   0],7,258,945.7000122070312,0,0,Fuel/Ambient,86041394,1763324771
1763324771287294954,19,[  0   0   0   0 184 181  19   0],7,258,945.7000122070312,0,0,Fuel/Ambient,286902375,1763324771
1763324771481172264,19,[  0   0   0   0 184 181  19   0],7,258,945.7000122070312,0,0,Fuel/Ambient,480619939,1763324771
1763324771681302775,19,[  0   0   0   0 184 182  19   0],7,258,945.719970703125,0,0,Fuel/Ambient,680979892,1763324771
1763324771888697888,18,[  0   0   0   0 184 182  18   0],7,258,945.719970703125,0,0,Fuel/Ambient,888243644,1763324771
1763324772086692383,18,[  0   0   0   0 184 182  18   0],7,258,945.719970703125,0,0,Fuel/Ambient,85926969,1763324772
1763324772284848608,18,[  0   0   0   0 184 182  18   0],7,258,945.719970703125,0,0,Fuel/Ambient,284159355,1763324772
1763324772490080442,18,[  0   0   0   0 184 183  18   0],7,258,945.739990234375,0,0,Fuel/Ambient,489674455,1763324772
1763324772685801704,18,[  0   0   0   0 184 183  18   0],7,258,945.739990234375,0,0,Fuel/Ambient,685193732,1763324772
1763324772895194947,18,[  0   0   0   0 184 183  18   0],7,258,945.739990234375,0,0,Fuel/Ambient,894804416,1763324772
1763324773090025035,18,[  0   0   0   0 184 184  18   0],7,258,945.760009765625,0,0,Fuel/Ambient,89700425,1763324773
1763324773296281551,18,[  0   0   0   0 184 184  18   0],7,258,945.760009765625,0,0,Fuel/Ambient,295354792,1763324773
1763324773493179465,18,[  0   0   0   0 184 184  18   0],7,258,945.760009765625,0,0,Fuel/Ambient,492761158,1763324773
1763324773691549423,18,[  0   0   0   0 184 185  18   0],7,258,945.780029296875,0,0,Fuel/Ambient,689717664,1763324773
1763324773897843891,18,[  0   0   0   0 184 185  18   0],7,258,945.780029296875,0,0,Fuel/Ambient,897083693,1763324773
1763324774096531228,18,[  0   0   0   0 184 185  18   0],7,258,945.780029296875,0,0,Fuel/Ambient,94067912,1763324774
1763324774290459744,18,[  0   0   0   0 184 185  18   0],7,258,945.780029296875,0,0,Fuel/Ambient,290244606,1763324774
1763324774499435996,18,[  0   0   0   0 184 185  18   0],7,258,945.780029296875,0,0,Fuel/Ambient,499246298,1763324774
1763324774697817763,18,[  0   0   0   0 184 185  18   0],7,258,945.780029296875,0,0,Fuel/Ambient,697599522,1763324774
1763324774895288484,18,[  0   0   0   0 184 186  18   0],7,258,945.7999877929688,0,0,Fuel/Ambient,894726207,1763324774
1763324775101892910,18,[  0   0   0   0 184 186  18   0],7,258,945.7999877929688,0,0,Fuel/Ambient,100248385,1763324775
1763324775297934789,18,[  0   0   0   0 184 186  18   0],7,258,945.7999877929688,0,0,Fuel/Ambient,297204191,1763324775
1763324775494635841,18,[  0   0   0   0 184 186  18   0],7,258,945.7999877929688,0,0,Fuel/Ambient,493965596,1763324775
1763324775702490582,18,[  0   0   0   0 184 185  18   0],7,258,945.780029296875,0,0,Fuel/Ambient,701504046,1763324775
1763324775900643646,18,[  0   0   0   0 184 185  18   0],7,258,945.780029296875,0,0,Fuel/Ambient,899857720,1763324775
1763324776095574061,18,[  0   0   0   0 184 185  18   0],7,258,945.780029296875,0,0,Fuel/Ambient,95357580,1763324776
1763324776308301643,18,[  0   0   0   0 184 184  18   0],7,258,945.760009765625,0,0,Fuel/Ambient,304589102,1763324776
1763324776501471022,18,[  0   0   0   0 184 184  18   0],7,258,945.760009765625,0,0,Fuel/Ambient,500620391,1763324776
1763324776706188972,18,[  0   0   0   0 184 184  18   0],7,258,945.760009765625,0,0,Fuel/Ambient,705762024,1763324776
1763324776903075916,18,[  0   0   0   0 184 183  18   0],7,258,945.739990234375,0,0,Fuel/Ambient,902579720,1763324776
1763324777108437936,18,[  0   0   0   0 184 183  18   0],7,258,945.739990234375,0,0,Fuel/Ambient,107681482,1763324777
1763324777305566772,18,[  0   0   0   0 184 182  18   0],7,258,945.719970703125,0,0,Fuel/Ambient,304890255,1763324777
1763324777502375349,18,[  0   0   0   0 184 182  18   0],7,258,945.719970703125,0,0,Fuel/Ambient,502117203,1763324777
1763324777710402352,18,[  0   0   0   0 184 181  18   0],7,258,945.7000122070312,0,0,Fuel/Ambient,709820523,1763324777
1763324777905693637,18,[  0   0   0   0 184 181  18   0],7,258,945.7000122070312,0,0,Fuel/Ambient,905488388,1763324777
1763324778110856298,18,[  0   0   0   0 184 181  18   0],7,258,945.7000122070312,0,0,Fuel/Ambient,110128901,1763324778
1763324778308971640,18,[  0   0   0   0 184 181  18   0],7,258,945.7000122070312,0,0,Fuel/Ambient,308749366,1763324778
1763324778507790700,18,[  0   0   0   0 184 180  18   0],7,258,945.6799926757812,0,0,Fuel/Ambient,507116774,1763324778
1763324778703714600,18,[  0   0   0   0 184 180  18   0],7,258,945.6799926757812,0,0,Fuel/Ambient,703147459,1763324778
1763324778904625388,18,[  0   0   0   0 184 181  18   0],7,258,945.7000122070312,0,0,Fuel/Ambient,903883782,1763324778
1763324779113328591,18,[  0   0   0   0 184 181  18   0],7,258,945.7000122070312,0,0,Fuel/Ambient,110468089,1763324779
1763324779306272438,18,[  0   0   0   0 184 181  18   0],7,258,945.7000122070312,0,0,Fuel/Ambient,305955155,1763324779
1763324779516346693,18,[  0   0   0   0 184 181  18   0],7,258,945.7000122070312,0,0,Fuel/Ambient,514932570,1763324779
1763324779711261372,18,[  0   0   0   0 184 181  18   0],7,258,945.7000122070312,0,0,Fuel/Ambient,710368436,1763324779
1763324779912280675,18,[  0   0   0   0 184 181  18   0],7,258,945.7000122070312,0,0,Fuel/Ambient,910913816,1763324779
1763324780116729190,18,[  0   0   0   0 184 180  18   0],7,258,945.6799926757812,0,0,Fuel/Ambient,116437380,1763324780
1763324780314486645,18,[  0   0   0   0 184 180  18   0],7,258,945.6799926757812,0,0,Fuel/Ambient,313894097,1763324780
1763324780511884257,18,[  0   0   0   0 184 180  18   0],7,258,945.6799926757812,0,0,Fuel/Ambient,511087547,1763324780
1763324780716173637,18,[  0   0   0   0 184 180  18   0],7,258,945.6799926757812,0,0,Fuel/Ambient,715620480,1763324780
1763324780916964716,18,[  0   0   0   0 184 180  18   0],7,258,945.6799926757812,0,0,Fuel/Ambient,916451656,1763324780
1763324781120619340,18,[  0   0   0   0 184 180  18   0],7,258,945.6799926757812,0,0,Fuel/Ambient,120231369,1763324781
1763324781316176715,18,[  0   0   0   0 184 180  18   0],7,258,945.6799926757812,0,0,Fuel/Ambient,314479165,1763324781
1763324781521904572,18,[  0   0   0   0 184 179  18   0],7,258,945.6599731445312,0,0,Fuel/Ambient,520466385,1763324781
1763324781714700517,18,[  0   0   0   0 184 179  18   0],7,258,945.6599731445312,0,0,Fuel/Ambient,714196129,1763324781
1763324781924750873,18,[  0   0   0   0 184 179  18   0],7,258,945.6599731445312,0,0,Fuel/Ambient,924404150,1763324781
1763324782120967711,18,[  0   0   0   0 184 179  18   0],7,258,945.6599731445312,0,0,Fuel/Ambient,119402418,1763324782
1763324782317415144,18,[  0   0   0   0 184 179  18   0],7,258,945.6599731445312,0,0,Fuel/Ambient,316773986,1763324782
1763324782524265604,18,[  0   0   0   0 184 179  18   0],7,258,945.6599731445312,0,0,Fuel/Ambient,522825784,1763324782
1763324782717769589,18,[  0   0   0   0 184 179  18   0],7,258,945.6599731445312,0,0,Fuel/Ambient,717470482,1763324782
1763324782924557680,17,[  0   0   0   0 184 179  17   0],7,258,945.6599731445312,0,0,Fuel/Ambient,924349391,1763324782
1763324783121280572,17,[  0   0   0   0 184 179  17   0],7,258,945.6599731445312,0,0,Fuel/Ambient,119732848,1763324783
1763324783329945193,17,[  0   0   0   0 184 179  17   0],7,258,945.6599731445312,0,0,Fuel/Ambient,329667463,1763324783
1763324783525478316,17,[  0   0   0   0 184 179  17   0],7,258,945.6599731445312,0,0,Fuel/Ambient,525131882,1763324783
1763324783721558964,17,[  0   1   0   0 184 179  17   0],7,258,945.6599731445312,0,1,Fuel/Ambient,720505676,1763324783
1763324783930060384,17,[  0   1   0   0 184 179  17   0],7,258,945.6599731445312,0,1,Fuel/Ambient,927630412,1763324783
1763324784124072728,17,[  0   1   0   0 184 179  17   0],7,258,945.6599731445312,0,1,Fuel/Ambient,123293778,1763324784
1763324784322446804,17,[  0   2   0   0 184 179  17   0],7,258,945.6599731445312,0,2,Fuel/Ambient,322144754,1763324784
1763324784528221068,17,[  0   3   0   0 184 178  17   0],7,258,945.6400146484375,0,3,Fuel/Ambient,527490758,1763324784
1763324784725320190,17,[  0   4   0   0 184 178  17   0],7,258,945.6400146484375,0,4,Fuel/Ambient,724640504,1763324784
1763324784926350639,17,[  0   4   0   0 184 178  17   0],7,258,945.6400146484375,0,4,Fuel/Ambient,925652586,1763324784
1763324785133572308,17,[  0   7   0   0 184 178  17   0],7,258,945.6400146484375,0,7,Fuel/Ambient,132957807,1763324785
1763324785332342485,17,[  0   7   0   0 184 177  17   0],7,258,945.6199951171875,0,7,Fuel/Ambient,331731024,1763324785
1763324785529730220,17,[  0   9   0   0 184 177  17   0],7,258,945.6199951171875,0,9,Fuel/Ambient,528411169,1763324785
1763324785737837112,17,[  0  10   0   0 184 177  17   0],7,258,945.6199951171875,0,10,Fuel/Ambient,736768080,1763324785
1763324785933805347,17,[  0  11   0   0 184 177  17   0],7,258,945.6199951171875,0,11,Fuel/Ambient,933377344,1763324785
1763324786131184827,17,[  0  13   0   0 184 177  17   0],7,258,945.6199951171875,0,13,Fuel/Ambient,129812144,1763324786
1763324786335795821,17,[  0  13   0   0 184 177  17   0],7,258,945.6199951171875,0,13,Fuel/Ambient,335565675,1763324786
1763324786534108045,17,[  0  14   0   0 184 177  17   0],7,258,945.6199951171875,0,14,Fuel/Ambient,533535912,1763324786
1763324786731292804,17,[  0  15   0   0 184 178  17   0],7,258,945.6400146484375,0,15,Fuel/Ambient,731098082,1763324786
1763324786937857094,17,[  0  15   0   0 184 178  17   0],7,258,945.6400146484375,0,15,Fuel/Ambient,937615268,1763324786
1763324787133697555,17,[  0  16   0   0 184 178  17   0],7,258,945.6400146484375,0,16,Fuel/Ambient,133442929,1763324787
1763324787340042998,17,[  0  16   0   0 184 178  17   0],7,258,945.6400146484375,0,16,Fuel/Ambient,339587250,1763324787
1763324787535121085,17,[  0  17   0   0 184 178  17   0],7,258,945.6400146484375,0,17,Fuel/Ambient,534849339,1763324787
1763324787736414807,17,[  0  17   0   0 184 178  17   0],7,258,945.6400146484375,0,17,Fuel/Ambient,736244790,1763324787
1763324787937694289,17,[  0  18   0   0 184 178  17   0],7,258,945.6400146484375,0,18,Fuel/Ambient,936824042,1763324787
1763324788142926924,17,[  0  19   0   0 184 178  17   0],7,258,945.6400146484375,0,19,Fuel/Ambient,142606121,1763324788
1763324788342155767,17,[  0  19   0   0 184 178  17   0],7,258,945.6400146484375,0,19,Fuel/Ambient,341758388,1763324788
1763324788536580924,17,[  0  19   0   0 184 178  17   0],7,258,945.6400146484375,0,19,Fuel/Ambient,536330074,1763324788
1763324788744163370,17,[  0  20   0   0 184 178  17   0],7,258,945.6400146484375,0,20,Fuel/Ambient,742930560,1763324788
1763324788940834817,17,[  0  22   0   0 184 178  17   0],7,258,945.6400146484375,0,22,Fuel/Ambient,939720632,1763324788
1763324789148713492,17,[  0  22   0   0 184 178  17   0],7,258,945.6400146484375,0,22,Fuel/Ambient,147376105,1763324789
1763324789345597294,17,[  0  22   0   0 184 178  17   0],7,258,945.6400146484375,0,22,Fuel/Ambient,344914056,1763324789
1763324789545181790,17,[  0  23   0   0 184 178  17   0],7,258,945.6400146484375,0,23,Fuel/Ambient,544957884,1763324789
1763324789745114321,17,[  0  24   0   0 184 178  17   0],7,258,945.6400146484375,0,24,Fuel/Ambient,740414251,1763324789
1763324789947121301,17,[  0  25   0   0 184 177  17   0],7,258,945.6199951171875,0,25,Fuel/Ambient,946912467,1763324789
1763324790148787607,17,[  0  26   0   0 184 177  17   0],7,258,945.6199951171875,0,26,Fuel/Ambient,147893200,1763324790
1763324790347983974,17,[  0  26   0   0 184 177  17   0],7,258,945.6199951171875,0,26,Fuel/Ambient,347481250,1763324790
1763324790544655137,17,[  0  28   0   0 184 176  17   0],7,258,945.5999755859375,0,28,Fuel/Ambient,543827898,1763324790
1763324790751679919,17,[  0  28   0   0 184 176  17   0],7,258,945.5999755859375,0,28,Fuel/Ambient,750860105,1763324790
1763324790947997927,17,[  0  30   0   0 184 176  17   0],7,258,945.5999755859375,0,30,Fuel/Ambient,947288193,1763324790
1763324791145542698,17,[  0  32   0   0 184 175  17   0],7,258,945.5800170898438,0,32,Fuel/Ambient,144934949,1763324791
1763324791354413482,17,[  0  32   0   0 184 175  17   0],7,258,945.5800170898438,0,32,Fuel/Ambient,353858309,1763324791
1763324791549275703,17,[  0  32   0   0 184 175  17   0],7,258,945.5800170898438,0,32,Fuel/Ambient,548627762,1763324791
1763324791755429793,17,[  0  33   0   0 184 175  17   0],7,258,945.5800170898438,0,33,Fuel/Ambient,754956733,1763324791
1763324791953741835,17,[  0  34   0   0 184 175  17   0],7,258,945.5800170898438,0,34,Fuel/Ambient,952500321,1763324791
1763324792151034542,17,[  0  34   0   0 184 175  17   0],7,258,945.5800170898438,0,34,Fuel/Ambient,150415945,1763324792
1763324792349957695,17,[  0  35   0   0 184 175  17   0],7,258,945.5800170898438,0,35,Fuel/Ambient,349345946,1763324792
1763324792559686183,17,[  0  37   0   0 184 175  17   0],7,258,945.5800170898438,0,37,Fuel/Ambient,558393245,1763324792
1763324792758583800,17,[  0  38   0   0 184 175  17   0],7,258,945.5800170898438,0,38,Fuel/Ambient,755815810,1763324792
1763324792957306759,17,[  0  39   0   0 184 175  17   0],7,258,945.5800170898438,0,39,Fuel/Ambient,956586881,1763324792
1763324793153154241,17,[  0  39   0   0 184 175  17   0],7,258,945.5800170898438,0,39,Fuel/Ambient,152864222,1763324793
1763324793359757362,17,[  0  40   0   0 184 175  17   0],7,258,945.5800170898438,0,40,Fuel/Ambient,359019820,1763324793
1763324793556308785,17,[  0  42   0   0 184 175  17   0],7,258,945.5800170898438,0,42,Fuel/Ambient,554931750,1763324793
1763324793761423863,17,[  0  43   0   0 184 175  17   0],7,258,945.5800170898438,0,43,Fuel/Ambient,760706193,1763324793
1763324793957579283,17,[  0  45   0   0 184 175  17   0],7,258,945.5800170898438,0,45,Fuel/Ambient,957301841,1763324793
1763324794154972923,17,[  0  45   0   0 184 175  17   0],7,258,945.5800170898438,0,45,Fuel/Ambient,154800474,1763324794
1763324794366403030,17,[  0  46   0   0 184 175  17   0],7,258,945.5800170898438,0,46,Fuel/Ambient,366075315,1763324794
1763324794562146385,17,[  0  48   0   0 184 175  17   0],7,258,945.5800170898438,0,48,Fuel/Ambient,561683277,1763324794
1763324794757741098,17,[  0  49   0   0 184 176  17   0],7,258,945.5999755859375,0,49,Fuel/Ambient,757317319,1763324794
1763324794961826569,17,[  0  51   0   0 184 175  17   0],7,258,945.5800170898438,0,51,Fuel/Ambient,961014499,1763324794
1763324795166880402,17,[  0  51   0   0 184 175  17   0],7,258,945.5800170898438,0,51,Fuel/Ambient,166270637,1763324795
1763324795364654111,17,[  0  53   0   0 184 176  17   0],7,258,945.5999755859375,0,53,Fuel/Ambient,361860265,1763324795
1763324795569323045,17,[  0  55   0   0 184 176  17   0],7,258,945.5999755859375,0,55,Fuel/Ambient,568257628,1763324795
1763324795762369452,17,[  0  58   0   1 184 176  17   0],7,258,945.5999755859375,10,58,Fuel/Ambient,761904360,1763324795
1763324795968559742,17,[  0  60   0   1 184 175  17   0],7,258,945.5800170898438,10,60,Fuel/Ambient,967602198,1763324795
1763324796164047099,17,[  0  60   0   1 184 175  17   0],7,258,945.5800170898438,10,60,Fuel/Ambient,163610999,1763324796
1763324796371834844,17,[  0  62   0   1 184 175  17   0],7,258,945.5800170898438,10,62,Fuel/Ambient,370964373,1763324796
1763324796568462018,17,[  0  64   0   1 184 175  17   0],7,258,945.5800170898438,10,64,Fuel/Ambient,567815581,1763324796
1763324796766271186,17,[  0  68   0   1 184 174  17   0],7,258,945.5599975585938,10,68,Fuel/Ambient,763426075,1763324796
1763324796974379606,17,[  0  67   0   1 184 174  17   0],7,258,945.5599975585938,10,67,Fuel/Ambient,972646984,1763324796
1763324797172669483,17,[  0  67   0   1 184 174  17   0],7,258,945.5599975585938,10,67,Fuel/Ambient,171839396,1763324797
1763324797371051041,17,[  0  71   0   1 184 173  17   0],7,258,945.5399780273438,10,71,Fuel/Ambient,369430644,1763324797
1763324797585082968,17,[  0  75   0   1 184 173  17   0],7,258,945.5399780273438,10,75,Fuel/Ambient,584407122,1763324797
1763324797774236643,17,[  0  78   0   1 184 172  17   0],7,258,945.52001953125,10,78,Fuel/Ambient,773751647,1763324797
1763324797970870859,17,[  0  80   0   1 184 172  17   0],7,258,945.52001953125,10,80,Fuel/Ambient,970423943,1763324797
1763324798176263293,17,[  0  80   0   1 184 171  17   0],7,258,945.5,10,80,Fuel/Ambient,175469622,1763324798
1763324798372297378,17,[  0  84   0   1 184 171  17   0],7,258,945.5,10,84,Fuel/Ambient,371452539,1763324798
1763324798579797285,17,[  0  87   0   1 184 171  17   0],7,258,945.5,10,87,Fuel/Ambient,576874861,1763324798
1763324798773446487,17,[  0  91   0   1 184 171  17   0],7,258,945.5,10,91,Fuel/Ambient,773262293,1763324798
1763324798972204882,17,[  0  95   0   1 184 171  17   0],7,258,945.5,10,95,Fuel/Ambient,970429636,1763324798
1763324799178163338,17,[  0  98   0   1 184 171  17   0],7,258,945.5,10,98,Fuel/Ambient,177623398,1763324799
1763324799378526197,17,[  0  98   0   1 184 171  17   0],7,258,945.5,10,98,Fuel/Ambient,377613581,1763324799
1763324799576646157,17,[  0 101   0   1 184 171  17   0],7,258,945.5,10,101,Fuel/Ambient,575923367,1763324799
1763324799772765205,17,[  0 102   0   1 184 171  17   0],7,258,945.5,10,102,Fuel/Ambient,772528947,1763324799
1763324799979734838,17,[  0 103   0   1 184 171  17   0],7,258,945.5,10,103,Fuel/Ambient,979029200,1763324799
1763324800175085849,17,[  0  98   0   1 184 171  17   0],7,258,945.5,10,98,Fuel/Ambient,174499348,1763324800
1763324800381288598,17,[  0  98   0   1 184 171  17   0],7,258,945.5,10,98,Fuel/Ambient,380416719,1763324800
1763324800583108974,17,[  0  92   0   1 184 170  17   0],7,258,945.47998046875,10,92,Fuel/Ambient,582679083,1763324800
1763324800778169263,17,[  0  90   0   1 184 170  17   0],7,258,945.47998046875,10,90,Fuel/Ambient,776878437,1763324800
1763324800983177474,17,[  0  89   0   1 184 169  17   0],7,258,945.4600219726562,10,89,Fuel/Ambient,982850592,1763324800
1763324801183892148,17,[  0  88   0   1 184 168  17   0],7,258,945.4400024414062,10,88,Fuel/Ambient,183054189,1763324801
1763324801380280450,17,[  0  88   0   1 184 167  17   0],7,258,945.4199829101562,10,88,Fuel/Ambient,379410490,1763324801
1763324801585130805,17,[  0  86   0   1 184 167  17   0],7,258,945.4199829101562,10,86,Fuel/Ambient,584709778,1763324801
1763324801782279017,16,[  0  85   0   1 184 167  16   0],7,258,945.4199829101562,10,85,Fuel/Ambient,781810213,1763324801
1763324801989482224,16,[  0  85   0   1 184 166  16   0],7,258,945.4000244140625,10,85,Fuel/Ambient,989193422,1763324801
1763324802185839584,16,[  0  85   0   1 184 166  16   0],7,258,945.4000244140625,10,85,Fuel/Ambient,185645406,1763324802
1763324802382484178,16,[  0  85   0   1 184 165  16   0],7,258,945.3800048828125,10,85,Fuel/Ambient,382013710,1763324802
1763324802590873988,16,[  0  85   0   1 184 165  16   0],7,258,945.3800048828125,10,85,Fuel/Ambient,589786204,1763324802
1763324802785945802,16,[  0  86   0   1 184 165  16   0],7,258,945.3800048828125,10,86,Fuel/Ambient,785671207,1763324802
1763324802984354474,16,[  0  88   0   2 184 165  16   0],7,258,945.3800048828125,20,88,Fuel/Ambient,983260161,1763324802
1763324803190832463,16,[  0  87   0   2 184 165  16   0],7,258,945.3800048828125,20,87,Fuel/Ambient,190276010,1763324803
1763324803389148625,16,[  0  87   0   2 184 165  16   0],7,258,945.3800048828125,20,87,Fuel/Ambient,387829190,1763324803
1763324803593446628,16,[  0  87   0   2 184 166  16   0],7,258,945.4000244140625,20,87,Fuel/Ambient,593232514,1763324803
1763324803792286858,16,[  0  87   0   2 184 166  16   0],7,258,945.4000244140625,20,87,Fuel/Ambient,789533875,1763324803
1763324803996527708,16,[  0  87   0   2 184 166  16   0],7,258,945.4000244140625,20,87,Fuel/Ambient,995892311,1763324803
1763324804192199882,16,[  0  87   0   2 184 166  16   0],7,258,945.4000244140625,20,87,Fuel/Ambient,191152770,1763324804
1763324804396506271,16,[  0  87   0   2 184 167  16   0],7,258,945.4199829101562,20,87,Fuel/Ambient,396260253,1763324804
1763324804592308014,16,[  0  87   0   2 184 167  16   0],7,258,945.4199829101562,20,87,Fuel/Ambient,591876811,1763324804
1763324804797497163,16,[  0  92   0   2 184 168  16   0],7,258,945.4400024414062,20,92,Fuel/Ambient,796934054,1763324804
1763324804996283698,16,[  0 109   0   2 184 168  16   0],7,258,945.4400024414062,20,109,Fuel/Ambient,995503052,1763324804
1763324805193851666,16,[  0 126   0   2 184 169  16   0],7,258,945.4600219726562,20,126,Fuel/Ambient,192993259,1763324805
1763324805393078015,16,[  0 147   0   2 184 169  16   0],7,258,945.4600219726562,20,147,Fuel/Ambient,392371289,1763324805
1763324805598809698,16,[  0 147   0   2 184 170  16   0],7,258,945.47998046875,20,147,Fuel/Ambient,598263998,1763324805
1763324805794265616,16,[  0 163   0   2 184 170  16   0],7,258,945.47998046875,20,163,Fuel/Ambient,793973006,1763324805
1763324806003123789,16,[  0 182   0   2 184 170  16   0],7,258,945.47998046875,20,182,Fuel/Ambient,1023996,1763324806
1763324806198717790,16,[  0 196   0   2 184 169  16   0],7,258,945.4600219726562,20,196,Fuel/Ambient,198120697,1763324806
1763324806395455929,16,[  0 206   0   2 184 168  16   0],7,258,945.4400024414062,20,206,Fuel/Ambient,394472432,1763324806
1763324806603493841,16,[  0 206   0   2 184 166  16   0],7,258,945.4000244140625,20,206,Fuel/Ambient,602765995,1763324806
1763324806800228459,16,[  0 229   0   2 184 164  16   0],7,258,945.3599853515625,20,229,Fuel/Ambient,799604998,1763324806
1763324807000148832,16,[  1   3   0   2 184 162  16   0],7,258,945.3200073242188,20,259,Fuel/Ambient,998602163,1763324806
1763324807204636125,16,[  1  32   0   3 184 159  16   0],7,258,945.260009765625,30,288,Fuel/Ambient,204449371,1763324807
1763324807402536995,16,[  1  63   0   3 184 156  16   0],7,258,945.2000122070312,30,319,Fuel/Ambient,401980990,1763324807
1763324807608349451,16,[  1  63   0   3 184 152  16   0],7,258,945.1199951171875,30,319,Fuel/Ambient,607644037,1763324807
1763324807803652027,16,[  1 123   0   3 184 147  16   0],7,258,945.02001953125,30,379,Fuel/Ambient,802917877,1763324807
1763324808001143902,16,[  1 200   0   3 184 143  16   0],7,258,944.9400024414062,30,456,Fuel/Ambient,999862163,1763324807
1763324808205999360,16,[  2  11   0   3 184 134  16   0],7,258,944.760009765625,30,523,Fuel/Ambient,205103096,1763324808
1763324808402427484,16,[  2 145   0   3 184 126  16   0],7,258,944.5999755859375,30,657,Fuel/Ambient,401482708,1763324808
1763324808607497535,16,[  2 145   0   3 184 118  16   0],7,258,944.4400024414062,30,657,Fuel/Ambient,606540823,1763324808
1763324808804714178,16,[  2 176   0   4 184 109  16   0],7,258,944.260009765625,40,688,Fuel/Ambient,804461280,1763324808
1763324809008361177,15,[  2 116   0   4 184 102  15   0],7,258,944.1199951171875,40,628,Fuel/Ambient,7398065,1763324809
1763324809203597005,15,[  2  58   0   4 184  96  15   0],7,258,944.0,40,570,Fuel/Ambient,203196938,1763324809
1763324809410645379,15,[  2  11   0   4 184  91  15   0],7,258,943.9000244140625,40,523,Fuel/Ambient,410102527,1763324809
1763324809605842519,15,[  2  11   0   4 184  87  15   0],7,258,943.8200073242188,40,523,Fuel/Ambient,605615413,1763324809
1763324809813491346,15,[  1 228   0   5 184  86  15   0],7,258,943.7999877929688,50,484,Fuel/Ambient,812966350,1763324809
1763324810011488253,15,[  1 208   0   5 184  86  15   0],7,258,943.7999877929688,50,464,Fuel/Ambient,10925752,1763324810
1763324810216538884,15,[  1 190   0   5 184  86  15   0],7,258,943.7999877929688,50,446,Fuel/Ambient,215734269,1763324810
1763324810411585496,15,[  1 172   0   5 184  88  15   0],7,258,943.8400268554688,50,428,Fuel/Ambient,410828082,1763324810
1763324810616318333,15,[  1 172   0   5 184  89  15   0],7,258,943.8599853515625,50,428,Fuel/Ambient,615530039,1763324810
1763324810813806822,15,[  1 155   0   5 184  91  15   0],7,258,943.9000244140625,50,411,Fuel/Ambient,813295586,1763324810
1763324811011179629,15,[  1 133   0   6 184  93  15   0],7,258,943.9400024414062,60,389,Fuel/Ambient,10556712,1763324811
1763324811216699291,15,[  1 112   0   6 184  96  15   0],7,258,944.0,60,368,Fuel/Ambient,216450905,1763324811
1763324811413197661,15,[  1  96   0   6 184  99  15   0],7,258,944.0599975585938,60,352,Fuel/Ambient,412067828,1763324811
1763324811617585185,15,[  1  96   0   6 184 102  15   0],7,258,944.1199951171875,60,352,Fuel/Ambient,617390783,1763324811
1763324811817031004,15,[  1  63   0   6 184 106  15   0],7,258,944.2000122070312,60,319,Fuel/Ambient,816390198,1763324811
1763324812014525222,15,[  1  37   0   6 184 109  15   0],7,258,944.260009765625,60,293,Fuel/Ambient,13971138,1763324812
1763324812213416126,15,[  1  14   0   6 184 113  15   0],7,258,944.3400268554688,60,270,Fuel/Ambient,213073404,1763324812
1763324812418595243,15,[  0 249   0   6 184 117  15   0],7,258,944.4199829101562,60,249,Fuel/Ambient,418375625,1763324812
1763324812615678420,15,[  0 230   0   6 184 120  15   0],7,258,944.47998046875,60,230,Fuel/Ambient,614339561,1763324812
1763324812820744735,15,[  0 230   0   6 184 124  15   0],7,258,944.5599975585938,60,230,Fuel/Ambient,820302716,1763324812
1763324813018246412,15,[  0 215   0   7 184 127  15   0],7,258,944.6199951171875,70,215,Fuel/Ambient,17549030,1763324813
1763324813226520212,15,[  0 206   0   7 184 131  15   0],7,258,944.7000122070312,70,206,Fuel/Ambient,224915239,1763324813
1763324813419711167,15,[  0 197   0   7 184 133  15   0],7,258,944.739990234375,70,197,Fuel/Ambient,418651574,1763324813
1763324813624791020,15,[  0 189   0   7 184 136  15   0],7,258,944.7999877929688,70,189,Fuel/Ambient,623875365,1763324813
1763324813823994473,15,[  0 189   0   7 184 139  15   0],7,258,944.8599853515625,70,189,Fuel/Ambient,823027553,1763324813
1763324814020044108,15,[  0 181   0   7 184 141  15   0],7,258,944.9000244140625,70,181,Fuel/Ambient,19569704,1763324814
1763324814226432198,15,[  0 177   0   7 184 143  15   0],7,258,944.9400024414062,70,177,Fuel/Ambient,225542911,1763324814
1763324814422016167,15,[  0 174   0   7 184 146  15   0],7,258,945.0,70,174,Fuel/Ambient,421762628,1763324814
1763324814628967110,15,[  0 172   0   7 184 148  15   0],7,258,945.0399780273438,70,172,Fuel/Ambient,628200287,1763324814
1763324814827542847,15,[  0 172   0   7 184 149  15   0],7,258,945.0599975585938,70,172,Fuel/Ambient,827117180,1763324814
1763324815029548757,15,[  0 171   0   7 184 151  15   0],7,258,945.0999755859375,70,171,Fuel/Ambient,28159498,1763324815
1763324815224272752,15,[  0 171   0   7 184 152  15   0],7,258,945.1199951171875,70,171,Fuel/Ambient,223350249,1763324815
1763324815432670110,15,[  0 174   0   7 184 153  15   0],7,258,945.1400146484375,70,174,Fuel/Ambient,431577269,1763324815
1763324815629255304,15,[  0 178   0   7 184 153  15   0],7,258,945.1400146484375,70,178,Fuel/Ambient,629075463,1763324815
1763324815828522985,15,[  0 178   0   7 184 154  15   0],7,258,945.1599731445312,70,178,Fuel/Ambient,827918788,1763324815
1763324816026527584,15,[  0 183   0   7 184 155  15   0],7,258,945.1799926757812,70,183,Fuel/Ambient,26101533,1763324816
1763324816227850548,15,[  0 188   0   8 184 156  15   0],7,258,945.2000122070312,80,188,Fuel/Ambient,227663507,1763324816
1763324816433784687,15,[  0 196   0   8 184 155  15   0],7,258,945.1799926757812,80,196,Fuel/Ambient,433571565,1763324816
1763324816629756662,15,[  0 204   0   8 184 155  15   0],7,258,945.1799926757812,80,204,Fuel/Ambient,629392275,1763324816
1763324816837759170,15,[  0 204   0   8 184 155  15   0],7,258,945.1799926757812,80,204,Fuel/Ambient,837355615,1763324816
1763324817034227310,15,[  0 215   0   8 184 155  15   0],7,258,945.1799926757812,80,215,Fuel/Ambient,33526632,1763324817
1763324817232820910,15,[  0 235   0   8 184 154  15   0],7,258,945.1599731445312,80,235,Fuel/Ambient,231557603,1763324817
1763324817430312164,15,[  1   4   0   8 184 153  15   0],7,258,945.1400146484375,80,260,Fuel/Ambient,429788511,1763324817
1763324817636551555,15,[  1  28   0   8 184 153  15   0],7,258,945.1400146484375,80,284,Fuel/Ambient,636303585,1763324817
1763324817833906328,15,[  1  65   0   8 184 152  15   0],7,258,945.1199951171875,80,321,Fuel/Ambient,833673750,1763324817
1763324818036069141,15,[  1  65   0   8 184 150  15   0],7,258,945.0800170898438,80,321,Fuel/Ambient,35081037,1763324818
1763324818239287965,15,[  1 124   0   8 184 148  15   0],7,258,945.0399780273438,80,380,Fuel/Ambient,238897562,1763324818
1763324818436705492,15,[  1 187   0   9 184 144  15   0],7,258,944.9600219726562,90,443,Fuel/Ambient,436527923,1763324818
1763324818642834805,15,[  2  28   0   9 184 139  15   0],7,258,944.8599853515625,90,540,Fuel/Ambient,642303056,1763324818
1763324818841454166,15,[  2 122   0   9 184 134  15   0],7,258,944.760009765625,90,634,Fuel/Ambient,840959890,1763324818
1763324819040723741,15,[  2 122   0   9 184 124  15   0],7,258,944.5599975585938,90,634,Fuel/Ambient,39125744,1763324819
1763324819246230650,15,[  2 236   0   9 184 117  15   0],7,258,944.4199829101562,90,748,Fuel/Ambient,245644213,1763324819
1763324819442871597,15,[  3   6   0  10 184 106  15   0],7,258,944.2000122070312,100,774,Fuel/Ambient,441896229,1763324819
1763324819640134725,15,[  2 221   0  10 184  95  15   0],7,258,943.97998046875,100,733,Fuel/Ambient,639418527,1763324819
1763324819849514947,15,[  2 151   0  10 184  86  15   0],7,258,943.7999877929688,100,663,Fuel/Ambient,847714708,1763324819
1763324820047273087,15,[  2 151   0  10 184  80  15   0],7,258,943.6799926757812,100,663,Fuel/Ambient,46610362,1763324820
1763324820243737554,15,[  2  96   0  10 184  75  15   0],7,258,943.5800170898438,100,608,Fuel/Ambient,242194117,1763324820
1763324820448906670,15,[  2  55   0  11 184  73  15   0],7,258,943.5399780273438,110,567,Fuel/Ambient,448088616,1763324820
1763324820643612115,15,[  2  26   0  11 184  72  15   0],7,258,943.52001953125,110,538,Fuel/Ambient,643031246,1763324820
1763324820850976449,15,[  2   4   0  11 184  72  15   0],7,258,943.52001953125,110,516,Fuel/Ambient,850648383,1763324820
1763324821050565775,15,[  2   4   0  11 184  73  15   0],7,258,943.5399780273438,110,516,Fuel/Ambient,49971658,1763324821
1763324821246643745,15,[  1 236   0  11 184  75  15   0],7,258,943.5800170898438,110,492,Fuel/Ambient,246046076,1763324821
1763324821453732143,15,[  1 218   0  12 184  77  15   0],7,258,943.6199951171875,120,474,Fuel/Ambient,453495085,1763324821
1763324821652422551,15,[  1 201   0  12 184  80  15   0],7,258,943.6799926757812,120,457,Fuel/Ambient,651521231,1763324821
1763324821848099173,15,[  1 194   0  12 184  83  15   0],7,258,943.739990234375,120,450,Fuel/Ambient,847118653,1763324821
1763324822056319646,15,[  1 194   0  12 184  86  15   0],7,258,943.7999877929688,120,450,Fuel/Ambient,55782233,1763324822
1763324822252871317,15,[  1 187   0  12 184  88  15   0],7,258,943.8400268554688,120,443,Fuel/Ambient,252689588,1763324822
1763324822457212078,15,[  1 180   0  12 184  92  15   0],7,258,943.9199829101562,120,436,Fuel/Ambient,454668249,1763324822
1763324822650909678,15,[  1 183   0  12 184  94  15   0],7,258,943.9600219726562,120,439,Fuel/Ambient,650051911,1763324822
1763324822856305712,15,[  1 195   0  13 184  96  15   0],7,258,944.0,130,451,Fuel/Ambient,855238983,1763324822
1763324823052406436,15,[  1 195   0  13 184  98  15   0],7,258,944.0399780273438,130,451,Fuel/Ambient,51883968,1763324823
1763324823261689097,15,[  1 211   0  13 184  99  15   0],7,258,944.0599975585938,130,467,Fuel/Ambient,260585664,1763324823
1763324823453953374,15,[  1 234   0  13 184  99  15   0],7,258,944.0599975585938,130,490,Fuel/Ambient,453411322,1763324823
1763324823658191577,15,[  2  19   0  13 184  99  15   0],7,258,944.0599975585938,130,531,Fuel/Ambient,657984471,1763324823
1763324823854505424,15,[  2  63   0  14 184  98  15   0],7,258,944.0399780273438,140,575,Fuel/Ambient,854217102,1763324823
1763324824052543511,15,[  2 113   0  14 184  96  15   0],7,258,944.0,140,625,Fuel/Ambient,51900593,1763324824
1763324824259837005,15,[  2 113   0  14 184  93  15   0],7,258,943.9400024414062,140,625,Fuel/Ambient,259191431,1763324824
1763324824455546945,15,[  2 170   0  14 184  90  15   0],7,258,943.8800048828125,140,682,Fuel/Ambient,455274399,1763324824
1763324824663196186,15,[  2 222   0  14 184  85  15   0],7,258,943.780029296875,140,734,Fuel/Ambient,662674870,1763324824
1763324824862572877,15,[  2 255   0  15 184  81  15   0],7,258,943.7000122070312,150,767,Fuel/Ambient,860322650,1763324824
1763324825059553837,15,[  3   3   0  15 184  75  15   0],7,258,943.5800170898438,150,771,Fuel/Ambient,58782534,1763324825
1763324825264243759,15,[  3   3   0  15 184  70  15   0],7,258,943.47998046875,150,771,Fuel/Ambient,263402983,1763324825
1763324825459652226,15,[  2 233   0  15 184  65  15   0],7,258,943.3800048828125,150,745,Fuel/Ambient,459321215,1763324825
1763324825665225932,15,[  2 190   0  16 184  62  15   0],7,258,943.3200073242188,160,702,Fuel/Ambient,665004458,1763324825
1763324825862458606,15,[  2 151   0  16 184  60  15   0],7,258,943.280029296875,160,663,Fuel/Ambient,861791913,1763324825
1763324826068767007,15,[  2 116   0  16 184  59  15   0],7,258,943.260009765625,160,628,Fuel/Ambient,67919832,1763324826
1763324826265494975,15,[  2 116   0  16 184  60  15   0],7,258,943.280029296875,160,628,Fuel/Ambient,265258429,1763324826
1763324826461452505,15,[  2 104   0  16 184  60  15   0],7,258,943.280029296875,160,616,Fuel/Ambient,461205271,1763324826
1763324826667271207,15,[  2 123   0  17 184  61  15   0],7,258,943.2999877929688,170,635,Fuel/Ambient,666259614,1763324826
1763324826862682300,15,[  2 135   0  17 184  62  15   0],7,258,943.3200073242188,170,647,Fuel/Ambient,861750260,1763324826
1763324827072029832,15,[  2 132   0  17 184  62  15   0],7,258,943.3200073242188,170,644,Fuel/Ambient,69793909,1763324827
1763324827268563689,15,[  2 132   0  17 184  63  15   0],7,258,943.3400268554688,170,644,Fuel/Ambient,264376390,1763324827
1763324827466252212,15,[  2 146   0  17 184  64  15   0],7,258,943.3599853515625,170,658,Fuel/Ambient,465735055,1763324827
1763324827673875026,15,[  2 173   0  18 184  63  15   0],7,258,943.3400268554688,180,685,Fuel/Ambient,672709640,1763324827
1763324827868874982,15,[  2 205   0  18 184  62  15   0],7,258,943.3200073242188,180,717,Fuel/Ambient,868675268,1763324827
1763324828068208223,15,[  2 234   0  18 184  61  15   0],7,258,943.2999877929688,180,746,Fuel/Ambient,65442024,1763324828
1763324828271336794,16,[  2 234   0  18 184  59  16   0],7,258,943.260009765625,180,746,Fuel/Ambient,270921334,1763324828
1763324828467036405,16,[  3   4   0  19 184  57  16   0],7,258,943.219970703125,190,772,Fuel/Ambient,466613554,1763324828
1763324828674511285,16,[  3   4   0  19 184  54  16   0],7,258,943.1599731445312,190,772,Fuel/Ambient,673908048,1763324828
1763324828869918830,16,[  2 255   0  19 184  52  16   0],7,258,943.1199951171875,190,767,Fuel/Ambient,869366377,1763324828
1763324829076283780,16,[  2 243   0  20 184  49  16   0],7,258,943.0599975585938,200,755,Fuel/Ambient,75742560,1763324829
1763324829274501175,16,[  2 243   0  20 184  48  16   0],7,258,943.0399780273438,200,755,Fuel/Ambient,273251213,1763324829
1763324829478519611,16,[  2 244   0  20 184  46  16   0],7,258,943.0,200,756,Fuel/Ambient,478182680,1763324829
1763324829673560755,16,[  2 215   0  20 184  46  16   0],7,258,943.0,200,727,Fuel/Ambient,673228432,1763324829
1763324829878838626,16,[  2 184   0  21 184  46  16   0],7,258,943.0,210,696,Fuel/Ambient,878052059,1763324829
1763324830078786244,16,[  2 205   0  21 184  46  16   0],7,258,943.0,210,717,Fuel/Ambient,77923645,1763324830
1763324830274470083,16,[  2 239   0  21 184  46  16   0],7,258,943.0,210,751,Fuel/Ambient,273619932,1763324830
1763324830479115854,16,[  2 239   0  21 184  46  16   0],7,258,943.0,210,751,Fuel/Ambient,478259687,1763324830
1763324830674439466,16,[  2 254   0  21 184  45  16   0],7,258,942.97998046875,210,766,Fuel/Ambient,674156968,1763324830
1763324830881228776,16,[  3   5   0  22 184  43  16   0],7,258,942.9400024414062,220,773,Fuel/Ambient,880887397,1763324830
1763324831078259155,16,[  3   3   0  22 184  42  16   0],7,258,942.9199829101562,220,771,Fuel/Ambient,77638990,1763324831
1763324831283850568,16,[  3   5   0  22 184  39  16   0],7,258,942.8599853515625,220,773,Fuel/Ambient,283065634,1763324831
1763324831479724747,16,[  3   5   0  22 184  37  16   0],7,258,942.8200073242188,220,773,Fuel/Ambient,479132454,1763324831
1763324831686493642,16,[  3   4   0  23 184  35  16   0],7,258,942.780029296875,230,772,Fuel/Ambient,685645603,1763324831
1763324831883655864,16,[  3   1   0  23 184  33  16   0],7,258,942.739990234375,230,769,Fuel/Ambient,883233556,1763324831
1763324832083790207,16,[  3   5   0  23 184  31  16   0],7,258,942.7000122070312,230,773,Fuel/Ambient,80037119,1763324832
1763324832286614495,16,[  3   4   0  24 184  30  16   0],7,258,942.6799926757812,240,772,Fuel/Ambient,285761048,1763324832
1763324832488251252,16,[  3   4   0  24 184  29  16   0],7,258,942.6599731445312,240,772,Fuel/Ambient,487424397,1763324832
1763324832684782718,16,[  3   5   0  24 184  29  16   0],7,258,942.6599731445312,240,773,Fuel/Ambient,684457276,1763324832
1763324832891509791,16,[  3   2   0  24 184  29  16   0],7,258,942.6599731445312,240,770,Fuel/Ambient,891297373,1763324832
1763324833089167540,16,[  3   4   0  25 184  28  16   0],7,258,942.6400146484375,250,772,Fuel/Ambient,88751920,1763324833
1763324833283639630,16,[  3   3   0  25 184  27  16   0],7,258,942.6199951171875,250,771,Fuel/Ambient,283148394,1763324833
1763324833491334393,16,[  3   3   0  25 184  26  16   0],7,258,942.5999755859375,250,771,Fuel/Ambient,490188079,1763324833
1763324833689861078,16,[  3   4   0  25 184  24  16   0],7,258,942.5599975585938,250,772,Fuel/Ambient,688837037,1763324833
1763324833884605970,16,[  3   4   0  26 184  23  16   0],7,258,942.5399780273438,260,772,Fuel/Ambient,884338192,1763324833
1763324834092134621,16,[  3   4   0  26 184  22  16   0],7,258,942.52001953125,260,772,Fuel/Ambient,91707193,1763324834
1763324834287818659,16,[  2 225   0  26 184  22  16   0],7,258,942.52001953125,260,737,Fuel/Ambient,287324447,1763324834
1763324834493405918,16,[  2 225   0  26 184  23  16   0],7,258,942.5399780273438,260,737,Fuel/Ambient,493217885,1763324834
1763324834690993717,16,[  2 241   0  27 184  23  16   0],7,258,942.5399780273438,270,753,Fuel/Ambient,689151013,1763324834
1763324834889586612,16,[  3   3   0  27 184  24  16   0],7,258,942.5599975585938,270,771,Fuel/Ambient,889360178,1763324834
1763324835091696690,16,[  3   4   0  27 184  25  16   0],7,258,942.5800170898438,270,772,Fuel/Ambient,91216398,1763324835
1763324835296575113,16,[  3   2   0  27 184  26  16   0],7,258,942.5999755859375,270,770,Fuel/Ambient,296124645,1763324835
1763324835493809119,16,[  3   2   0  27 184  26  16   0],7,258,942.5999755859375,270,770,Fuel/Ambient,493296634,1763324835
1763324835699994177,16,[  3   4   0  28 184  27  16   0],7,258,942.6199951171875,280,772,Fuel/Ambient,699326555,1763324835
1763324835896455696,16,[  3   6   0  28 184  27  16   0],7,258,942.6199951171875,280,774,Fuel/Ambient,896177517,1763324835
1763324836095562902,16,[  3   4   0  28 184  26  16   0],7,258,942.5999755859375,280,772,Fuel/Ambient,94318635,1763324836
1763324836302148829,16,[  3   4   0  29 184  27  16   0],7,258,942.6199951171875,290,772,Fuel/Ambient,301381879,1763324836
1763324836498510637,16,[  3   4   0  29 184  27  16   0],7,258,942.6199951171875,290,772,Fuel/Ambient,497981897,1763324836
1763324836694800669,16,[  3   3   0  29 184  28  16   0],7,258,942.6400146484375,290,771,Fuel/Ambient,694192087,1763324836
1763324836902101322,16,[  3   4   0  29 184  28  16   0],7,258,942.6400146484375,290,772,Fuel/Ambient,901312323,1763324836
1763324837102619262,16,[  3   2   0  30 184  28  16   0],7,258,942.6400146484375,300,770,Fuel/Ambient,101998649,1763324837
1763324837297881703,16,[  3   3   0  30 184  27  16   0],7,258,942.6199951171875,300,771,Fuel/Ambient,297166625,1763324837
1763324837502350302,16,[  3   5   0  30 184  27  16   0],7,258,942.6199951171875,300,773,Fuel/Ambient,501758265,1763324837
1763324837697980713,16,[  3   5   0  30 184  27  16   0],7,258,942.6199951171875,300,773,Fuel/Ambient,697327972,1763324837
1763324837904676148,16,[  3   4   0  31 184  25  16   0],7,258,942.5800170898438,310,772,Fuel/Ambient,903764556,1763324837
1763324838102915478,16,[  3   4   0  31 184  24  16   0],7,258,942.5599975585938,310,772,Fuel/Ambient,102366354,1763324838
1763324838308075157,16,[  3   2   0  31 184  22  16   0],7,258,942.52001953125,310,770,Fuel/Ambient,307735410,1763324838
1763324838504954125,16,[  3   4   0  32 184  22  16   0],7,258,942.52001953125,320,772,Fuel/Ambient,504084966,1763324838
1763324838700952510,16,[  3   4   0  32 184  21  16   0],7,258,942.5,320,772,Fuel/Ambient,699782420,1763324838
1763324838908716115,16,[  3   4   0  32 184  20  16   0],7,258,942.47998046875,320,772,Fuel/Ambient,908386064,1763324838
1763324839102424913,16,[  3   3   0  32 184  18  16   0],7,258,942.4400024414062,320,771,Fuel/Ambient,102178351,1763324839
1763324839309694692,16,[  3   3   0  33 184  17  16   0],7,258,942.4199829101562,330,771,Fuel/Ambient,308438873,1763324839
1763324839506024441,16,[  3   3   0  33 184  16  16   0],7,258,942.4000244140625,330,771,Fuel/Ambient,505022736,1763324839
1763324839712697959,16,[  3   3   0  33 184  15  16   0],7,258,942.3800048828125,330,771,Fuel/Ambient,711053592,1763324839
1763324839907057963,16,[  3   4   0  33 184  14  16   0],7,258,942.3599853515625,330,772,Fuel/Ambient,906546182,1763324839
1763324840106775038,16,[  3   3   0  34 184  13  16   0],7,258,942.3400268554688,340,771,Fuel/Ambient,106280954,1763324840
1763324840312964073,16,[  3   4   0  34 184  13  16   0],7,258,942.3400268554688,340,772,Fuel/Ambient,312629671,1763324840
1763324840508845724,16,[  3   4   0  34 184  13  16   0],7,258,942.3400268554688,340,772,Fuel/Ambient,507901364,1763324840
1763324840713324889,16,[  3   4   0  34 184  12  16   0],7,258,942.3200073242188,340,772,Fuel/Ambient,713124696,1763324840
1763324840910757466,16,[  3   6   0  35 184  12  16   0],7,258,942.3200073242188,350,774,Fuel/Ambient,908226820,1763324840
1763324841117432939,16,[  3   4   0  35 184  12  16   0],7,258,942.3200073242188,350,772,Fuel/Ambient,116355681,1763324841
1763324841311845683,16,[  3   3   0  35 184  12  16   0],7,258,942.3200073242188,350,771,Fuel/Ambient,311551344,1763324841
1763324841518639813,16,[  3   3   0  35 184  11  16   0],7,258,942.2999877929688,350,771,Fuel/Ambient,518045472,1763324841
1763324841713572338,16,[  3   3   0  35 184  10  16   0],7,258,942.280029296875,350,771,Fuel/Ambient,713186191,1763324841
1763324841919803968,16,[  3   2   0  36 184   9  16   0],7,258,942.260009765625,360,770,Fuel/Ambient,919483421,1763324841
1763324842116024377,16,[  3   3   0  36 184   7  16   0],7,258,942.219970703125,360,771,Fuel/Ambient,115332307,1763324842
1763324842321771556,16,[  3   3   0  36 184   5  16   0],7,258,942.1799926757812,360,771,Fuel/Ambient,321002366,1763324842
1763324842516837524,16,[  3   1   0  37 184   4  16   0],7,258,942.1599731445312,370,769,Fuel/Ambient,516612274,1763324842
1763324842724650737,16,[  3   1   0  37 184   3  16   0],7,258,942.1400146484375,370,769,Fuel/Ambient,723540392,1763324842
1763324842919109532,16,[  3   3   0  37 184   2  16   0],7,258,942.1199951171875,370,771,Fuel/Ambient,918834745,1763324842
1763324843116621121,16,[  3   3   0  37 184   3  16   0],7,258,942.1400146484375,370,771,Fuel/Ambient,116399584,1763324843
1763324843325314888,16,[  3   2   0  38 184   4  16   0],7,258,942.1599731445312,380,770,Fuel/Ambient,321491175,1763324843
1763324843518019365,16,[  3   3   0  38 184   4  16   0],7,258,942.1599731445312,380,771,Fuel/Ambient,517053373,1763324843
1763324843716842519,16,[  3   5   0  38 184   4  16   0],7,258,942.1599731445312,380,773,Fuel/Ambient,716612405,1763324843
1763324843923480908,16,[  3   5   0  38 184   4  16   0],7,258,942.1599731445312,380,773,Fuel/Ambient,922695142,1763324843
1763324844124056462,16,[  3   5   0  39 184   3  16   0],7,258,942.1400146484375,390,773,Fuel/Ambient,123459497,1763324844
1763324844321228788,16,[  3   3   0  39 184   3  16   0],7,258,942.1400146484375,390,771,Fuel/Ambient,320962609,1763324844
1763324844526625408,16,[  3   3   0  39 184   3  16   0],7,258,942.1400146484375,390,771,Fuel/Ambient,526411998,1763324844
1763324844722323705,16,[  3   3   0  40 184   3  16   0],7,258,942.1400146484375,400,771,Fuel/Ambient,721103278,1763324844
1763324844931110594,16,[  3   3   0  40 184   3  16   0],7,258,942.1400146484375,400,771,Fuel/Ambient,927454115,1763324844
1763324845128840270,16,[  3   5   0  40 184   3  16   0],7,258,942.1400146484375,400,773,Fuel/Ambient,128399274,1763324845
1763324845328773261,16,[  3   2   0  40 184   4  16   0],7,258,942.1599731445312,400,770,Fuel/Ambient,325423408,1763324845
1763324845532002824,16,[  3   4   0  41 184   4  16   0],7,258,942.1599731445312,410,772,Fuel/Ambient,531392899,1763324845
1763324845728545034,16,[  3   4   0  41 184   5  16   0],7,258,942.1799926757812,410,772,Fuel/Ambient,725911987,1763324845
1763324845931236033,16,[  3   4   0  41 184   6  16   0],7,258,942.2000122070312,410,772,Fuel/Ambient,930821213,1763324845
1763324846129112495,16,[  3   4   0  41 184   6  16   0],7,258,942.2000122070312,410,772,Fuel/Ambient,128636043,1763324846
1763324846325890869,16,[  3   4   0  42 184   5  16   0],7,258,942.1799926757812,420,772,Fuel/Ambient,325074190,1763324846
1763324846530761664,16,[  2 255   0  42 184   5  16   0],7,258,942.1799926757812,420,767,Fuel/Ambient,530401341,1763324846
1763324846737380731,16,[  3   3   0  42 184   6  16   0],7,258,942.2000122070312,420,771,Fuel/Ambient,736906743,1763324846
1763324846932590291,16,[  3   3   0  42 184   6  16   0],7,258,942.2000122070312,420,771,Fuel/Ambient,932155215,1763324846
1763324847129288793,16,[  3   2   0  43 184   6  16   0],7,258,942.2000122070312,430,770,Fuel/Ambient,128841813,1763324847
1763324847335568339,16,[  3   3   0  43 184   6  16   0],7,258,942.2000122070312,430,771,Fuel/Ambient,335043086,1763324847
1763324847532619260,16,[  3   3   0  43 184   6  16   0],7,258,942.2000122070312,430,771,Fuel/Ambient,529952357,1763324847
1763324847740629125,16,[  3   3   0  43 184   6  16   0],7,258,942.2000122070312,430,771,Fuel/Ambient,740309282,1763324847
1763324847940772969,16,[  3   3   0  43 184   6  16   0],7,258,942.2000122070312,430,771,Fuel/Ambient,938821496,1763324847
1763324848137058382,16,[  3   3   0  44 184   6  16   0],7,258,942.2000122070312,440,771,Fuel/Ambient,135780227,1763324848
1763324848333696630,16,[  3   1   0  44 184   6  16   0],7,258,942.2000122070312,440,769,Fuel/Ambient,333123761,1763324848
1763324848541131867,16,[  3   5   0  44 184   5  16   0],7,258,942.1799926757812,440,773,Fuel/Ambient,540613495,1763324848
1763324848740580443,16,[  3   4   0  45 184   5  16   0],7,258,942.1799926757812,450,772,Fuel/Ambient,740308825,1763324848
1763324848937714344,16,[  3   4   0  45 184   4  16   0],7,258,942.1599731445312,450,772,Fuel/Ambient,936825024,1763324848
1763324849144288455,16,[  3   2   0  45 184   5  16   0],7,258,942.1799926757812,450,770,Fuel/Ambient,143919204,1763324849
1763324849339969960,16,[  3   3   0  45 184   5  16   0],7,258,942.1799926757812,450,771,Fuel/Ambient,339757958,1763324849
1763324849536191310,16,[  3   3   0  46 184   6  16   0],7,258,942.2000122070312,460,771,Fuel/Ambient,535697290,1763324849
1763324849745405573,16,[  3   6   0  46 184   5  16   0],7,258,942.1799926757812,460,774,Fuel/Ambient,744132218,1763324849
1763324849940083710,16,[  3   6   0  46 184   5  16   0],7,258,942.1799926757812,460,774,Fuel/Ambient,939161814,1763324849
1763324850147791401,16,[  2 248   0  46 184   6  16   0],7,258,942.2000122070312,460,760,Fuel/Ambient,147309413,1763324850
1763324850344870296,17,[  2 244   0  47 184   7  17   0],7,258,942.219970703125,470,756,Fuel/Ambient,344608630,1763324850
1763324850544423997,17,[  3   4   0  47 184   8  17   0],7,258,942.239990234375,470,772,Fuel/Ambient,541746278,1763324850
1763324850748609354,17,[  3   5   0  47 184   8  17   0],7,258,942.239990234375,470,773,Fuel/Ambient,748380008,1763324850
1763324850946261022,17,[  3   4   0  48 184   8  17   0],7,258,942.239990234375,480,772,Fuel/Ambient,946030268,1763324850
1763324851145159903,17,[  3   4   0  48 184   8  17   0],7,258,942.239990234375,480,772,Fuel/Ambient,144559674,1763324851
1763324851352106214,17,[  3   3   0  48 184   7  17   0],7,258,942.219970703125,480,771,Fuel/Ambient,351704450,1763324851
1763324851545991995,17,[  3   4   0  48 184   6  17   0],7,258,942.2000122070312,480,772,Fuel/Ambient,545797977,1763324851
1763324851752579583,17,[  3   5   0  49 184   5  17   0],7,258,942.1799926757812,490,773,Fuel/Ambient,752020922,1763324851
1763324851947529277,17,[  3   4   0  49 184   3  17   0],7,258,942.1400146484375,490,772,Fuel/Ambient,947362620,1763324851
1763324852146098141,17,[  3   4   0  49 184   2  17   0],7,258,942.1199951171875,490,772,Fuel/Ambient,145480791,1763324852
1763324852352086077,17,[  3   4   0  49 184   2  17   0],7,258,942.1199951171875,490,772,Fuel/Ambient,351711034,1763324852
1763324852548298121,17,[  3   5   0  50 184   2  17   0],7,258,942.1199951171875,500,773,Fuel/Ambient,547868741,1763324852
1763324852757021633,17,[  3   6   0  50 184   2  17   0],7,258,942.1199951171875,500,774,Fuel/Ambient,756306107,1763324852
1763324852956567241,17,[  3   6   0  50 184   2  17   0],7,258,942.1199951171875,500,774,Fuel/Ambient,955034940,1763324852
1763324853151596811,17,[  3   6   0  50 184   2  17   0],7,258,942.1199951171875,500,774,Fuel/Ambient,151002310,1763324853
1763324853357779599,17,[  3   5   0  51 184   2  17   0],7,258,942.1199951171875,510,773,Fuel/Ambient,357289611,1763324853
1763324853554232479,17,[  3   4   0  51 184   2  17   0],7,258,942.1199951171875,510,772,Fuel/Ambient,553745434,1763324853
1763324853749811494,17,[  3   4   0  51 184   2  17   0],7,258,942.1199951171875,510,772,Fuel/Ambient,749485955,1763324853
1763324853957028979,17,[  3   6   0  51 184   2  17   0],7,258,942.1199951171875,510,774,Fuel/Ambient,955906473,1763324853
1763324854152527163,17,[  3   6   0  51 184   2  17   0],7,258,942.1199951171875,510,774,Fuel/Ambient,152213081,1763324854
1763324854358162844,17,[  2 242   0  52 184   3  17   0],7,258,942.1400146484375,520,754,Fuel/Ambient,357322613,1763324854
1763324854554858000,17,[  2 216   0  52 184   4  17   0],7,258,942.1599731445312,520,728,Fuel/Ambient,552240665,1763324854
1763324854758593696,17,[  2 208   0  52 184   5  17   0],7,258,942.1799926757812,520,720,Fuel/Ambient,757566455,1763324854
1763324854954562573,17,[  2 232   0  53 184   6  17   0],7,258,942.2000122070312,530,744,Fuel/Ambient,953178721,1763324854
1763324855161442586,17,[  2 232   0  53 184   7  17   0],7,258,942.219970703125,530,744,Fuel/Ambient,160449265,1763324855
1763324855357262983,17,[  2 252   0  53 184   7  17   0],7,258,942.219970703125,530,764,Fuel/Ambient,355825883,1763324855
1763324855565664738,17,[  3   5   0  53 184   8  17   0],7,258,942.239990234375,530,773,Fuel/Ambient,563923091,1763324855
1763324855761710929,17,[  3   3   0  54 184   8  17   0],7,258,942.239990234375,540,771,Fuel/Ambient,761192525,1763324855
1763324855957830657,17,[  2 252   0  54 184   8  17   0],7,258,942.239990234375,540,764,Fuel/Ambient,957556895,1763324855
1763324856167548841,17,[  2 252   0  54 184   9  17   0],7,258,942.260009765625,540,764,Fuel/Ambient,166973284,1763324856
1763324856364010142,17,[  3   4   0  54 184   9  17   0],7,258,942.260009765625,540,772,Fuel/Ambient,363621946,1763324856
1763324856562089921,17,[  3   0   0  55 184   9  17   0],7,258,942.260009765625,550,768,Fuel/Ambient,561163320,1763324856
1763324856767486435,17,[  2 201   0  55 184   9  17   0],7,258,942.260009765625,550,713,Fuel/Ambient,767287649,1763324856
1763324856965385412,17,[  2 147   0  55 184  10  17   0],7,258,942.280029296875,550,659,Fuel/Ambient,964195898,1763324856
1763324857163862124,17,[  2  45   0  55 184  11  17   0],7,258,942.2999877929688,550,557,Fuel/Ambient,163259207,1763324857
1763324857369860246,17,[  2  45   0  55 184  12  17   0],7,258,942.3200073242188,550,557,Fuel/Ambient,369366065,1763324857
1763324857565341411,17,[  1 232   0  56 184  14  17   0],7,258,942.3599853515625,560,488,Fuel/Ambient,564829439,1763324857
1763324857764327888,17,[  1 163   0  56 184  16  17   0],7,258,942.4000244140625,560,419,Fuel/Ambient,764019373,1763324857
1763324857971706118,17,[  1 130   0  56 184  19  17   0],7,258,942.4600219726562,560,386,Fuel/Ambient,971372355,1763324857
1763324858168115677,17,[  1 101   0  56 184  22  17   0],7,258,942.52001953125,560,357,Fuel/Ambient,167778042,1763324858
1763324858368148884,17,[  1 101   0  56 184  27  17   0],7,258,942.6199951171875,560,357,Fuel/Ambient,366788456,1763324858
1763324858577757215,17,[  1  64   0  56 184  32  17   0],7,258,942.719970703125,560,320,Fuel/Ambient,577131738,1763324858
1763324858774211479,17,[  1  35   0  56 184  36  17   0],7,258,942.7999877929688,560,291,Fuel/Ambient,773611346,1763324858
1763324858970491662,17,[  1   7   0  57 184  42  17   0],7,258,942.9199829101562,570,263,Fuel/Ambient,969389732,1763324858
1763324859168968089,17,[  0 233   0  57 184  48  17   0],7,258,943.0399780273438,570,233,Fuel/Ambient,168592982,1763324859
1763324859376268274,17,[  0 233   0  57 184  54  17   0],7,258,943.1599731445312,570,233,Fuel/Ambient,375780302,1763324859
1763324859574826654,17,[  0 212   0  57 184  59  17   0],7,258,943.260009765625,570,212,Fuel/Ambient,571682275,1763324859
1763324859777393293,17,[  0 189   0  57 184  64  17   0],7,258,943.3599853515625,570,189,Fuel/Ambient,776982250,1763324859
1763324859976444830,17,[  0 166   0  57 184  71  17   0],7,258,943.5,570,166,Fuel/Ambient,972257561,1763324859
1763324860179623412,17,[  0 148   0  57 184  76  17   0],7,258,943.5999755859375,570,148,Fuel/Ambient,179100080,1763324860
1763324860378381348,17,[  0 148   0  57 184  81  17   0],7,258,943.7000122070312,570,148,Fuel/Ambient,377946112,1763324860
1763324860574847263,17,[  0 127   0  57 184  86  17   0],7,258,943.7999877929688,570,127,Fuel/Ambient,574260122,1763324860
1763324860780707693,17,[  0 110   0  57 184  91  17   0],7,258,943.9000244140625,570,110,Fuel/Ambient,779802502,1763324860
1763324860978251667,17,[  0 102   0  57 184  96  17   0],7,258,944.0,570,102,Fuel/Ambient,977748334,1763324860
1763324861184579558,17,[  0  96   0  57 184 101  17   0],7,258,944.0999755859375,570,96,Fuel/Ambient,184049730,1763324861
1763324861381402823,17,[  0  96   0  57 184 105  17   0],7,258,944.1799926757812,570,96,Fuel/Ambient,381152261,1763324861
1763324861579453458,17,[  0  93   0  57 184 109  17   0],7,258,944.260009765625,570,93,Fuel/Ambient,578104070,1763324861
1763324861783980694,17,[  0  95   0  57 184 113  17   0],7,258,944.3400268554688,570,95,Fuel/Ambient,783523858,1763324861
1763324861978857862,17,[  0  96   0  57 184 117  17   0],7,258,944.4199829101562,570,96,Fuel/Ambient,978377377,1763324861
1763324862187562832,17,[  0 102   0  57 184 120  17   0],7,258,944.47998046875,570,102,Fuel/Ambient,187217741,1763324862
1763324862383279240,17,[  0 102   0  57 184 123  17   0],7,258,944.5399780273438,570,102,Fuel/Ambient,382992390,1763324862
1763324862585915166,17,[  0 109   0  57 184 126  17   0],7,258,944.5999755859375,570,109,Fuel/Ambient,584785748,1763324862
1763324862781321364,17,[  0 115   0  57 184 129  17   0],7,258,944.6599731445312,570,115,Fuel/Ambient,780854991,1763324862
1763324862988056301,17,[  0 119   0  57 184 131  17   0],7,258,944.7000122070312,570,119,Fuel/Ambient,987397575,1763324862
1763324863184778032,17,[  0 123   0  57 184 133  17   0],7,258,944.739990234375,570,123,Fuel/Ambient,184221675,1763324863
1763324863382532252,17,[  0 125   0  58 184 134  17   0],7,258,944.760009765625,580,125,Fuel/Ambient,382073304,1763324863
1763324863589193910,18,[  0 125   0  58 184 136  18   0],7,258,944.7999877929688,580,125,Fuel/Ambient,588552241,1763324863
1763324863785446965,18,[  0 128   0  58 184 137  18   0],7,258,944.8200073242188,580,128,Fuel/Ambient,785094066,1763324863
1763324863992110384,18,[  0 129   0  58 184 138  18   0],7,258,944.8400268554688,580,129,Fuel/Ambient,991611436,1763324863
1763324864192916537,18,[  0 125   0  58 184 138  18   0],7,258,944.8400268554688,580,125,Fuel/Ambient,192445844,1763324864
1763324864390740839,18,[  0 122   0  58 184 139  18   0],7,258,944.8599853515625,580,122,Fuel/Ambient,390444933,1763324864
1763324864589154875,18,[  0 122   0  58 184 140  18   0],7,258,944.8800048828125,580,122,Fuel/Ambient,588410932,1763324864
1763324864786159426,18,[  0 118   0  58 184 140  18   0],7,258,944.8800048828125,580,118,Fuel/Ambient,785786943,1763324864
1763324864992922367,18,[  0 114   0  58 184 141  18   0],7,258,944.9000244140625,580,114,Fuel/Ambient,992189625,1763324864
1763324865190261707,18,[  0 113   0  58 184 141  18   0],7,258,944.9000244140625,580,113,Fuel/Ambient,189625734,1763324865
1763324865396909449,18,[  0 111   0  58 184 141  18   0],7,258,944.9000244140625,580,111,Fuel/Ambient,396151043,1763324865
1763324865595605057,18,[  0 111   0  58 184 141  18   0],7,258,944.9000244140625,580,111,Fuel/Ambient,593914194,1763324865
1763324865790421303,18,[  0 108   0  58 184 141  18   0],7,258,944.9000244140625,580,108,Fuel/Ambient,790240853,1763324865
1763324866000523763,18,[  0 104   0  58 184 141  18   0],7,258,944.9000244140625,580,104,Fuel/Ambient,286929,1763324866
1763324866197843745,18,[  0 101   0  58 184 141  18   0],7,258,944.9000244140625,580,101,Fuel/Ambient,197004890,1763324866
1763324866394782827,18,[  0  99   0  58 184 141  18   0],7,258,944.9000244140625,580,99,Fuel/Ambient,394482536,1763324866
1763324866600237056,18,[  0  99   0  58 184 141  18   0],7,258,944.9000244140625,580,99,Fuel/Ambient,599484730,1763324866
1763324866793969550,18,[  0  98   0  58 184 141  18   0],7,258,944.9000244140625,580,98,Fuel/Ambient,793764429,1763324866
1763324866999152993,18,[  0  97   0  58 184 141  18   0],7,258,944.9000244140625,580,97,Fuel/Ambient,998852639,1763324866
1763324867201115225,18,[  0  97   0  58 184 141  18   0],7,258,944.9000244140625,580,97,Fuel/Ambient,200244082,1763324867
1763324867398116038,18,[  0  96   0  58 184 141  18   0],7,258,944.9000244140625,580,96,Fuel/Ambient,397013212,1763324867
1763324867602236145,18,[  0  96   0  58 184 141  18   0],7,258,944.9000244140625,580,96,Fuel/Ambient,602041264,1763324867
1763324867802704348,18,[  0  98   0  58 184 141  18   0],7,258,944.9000244140625,580,98,Fuel/Ambient,801803188,1763324867
1763324867998797121,18,[  0 105   0  58 184 141  18   0],7,258,944.9000244140625,580,105,Fuel/Ambient,998592863,1763324867
1763324868206592814,18,[  0 111   0  58 184 141  18   0],7,258,944.9000244140625,580,111,Fuel/Ambient,205584549,1763324868
1763324868401305032,18,[  0 115   0  58 184 141  18   0],7,258,944.9000244140625,580,115,Fuel/Ambient,400843908,1763324868
1763324868607866571,18,[  0 115   0  58 184 141  18   0],7,258,944.9000244140625,580,115,Fuel/Ambient,607038660,1763324868
1763324868804923162,18,[  0 114   0  58 184 141  18   0],7,258,944.9000244140625,580,114,Fuel/Ambient,804726808,1763324868
1763324869001700582,18,[  0 113   0  59 184 141  18   0],7,258,944.9000244140625,590,113,Fuel/Ambient,819838,1763324869
1763324869210426237,18,[  0 114   0  59 184 141  18   0],7,258,944.9000244140625,590,114,Fuel/Ambient,208173130,1763324869
1763324869403481706,18,[  0 113   0  59 184 141  18   0],7,258,944.9000244140625,590,113,Fuel/Ambient,402914341,1763324869
1763324869607862972,18,[  0 113   0  59 184 141  18   0],7,258,944.9000244140625,590,113,Fuel/Ambient,607555897,1763324869
1763324869804270566,18,[  0 121   0  59 184 141  18   0],7,258,944.9000244140625,590,121,Fuel/Ambient,803680929,1763324869
1763324870012634363,18,[  0 123   0  59 184 141  18   0],7,258,944.9000244140625,590,123,Fuel/Ambient,12231863,1763324870
1763324870209107112,18,[  0 125   0  59 184 141  18   0],7,258,944.9000244140625,590,125,Fuel/Ambient,208189664,1763324870
1763324870416606774,18,[  0 123   0  59 184 141  18   0],7,258,944.9000244140625,590,123,Fuel/Ambient,415754479,1763324870
1763324870612679168,18,[  0 125   0  59 184 141  18   0],7,258,944.9000244140625,590,125,Fuel/Ambient,612014522,1763324870
1763324870809378383,18,[  0 125   0  59 184 141  18   0],7,258,944.9000244140625,590,125,Fuel/Ambient,808708905,1763324870
1763324871016135479,18,[  0 126   0  59 184 141  18   0],7,258,944.9000244140625,590,126,Fuel/Ambient,15695379,1763324871
1763324871213625134,18,[  0 129   0  59 184 141  18   0],7,258,944.9000244140625,590,129,Fuel/Ambient,212571781,1763324871
1763324871410444256,18,[  0 131   0  59 184 141  18   0],7,258,944.9000244140625,590,131,Fuel/Ambient,409474616,1763324871
1763324871618514358,18,[  0 137   0  59 184 141  18   0],7,258,944.9000244140625,590,137,Fuel/Ambient,617647182,1763324871
1763324871814845987,18,[  0 137   0  59 184 141  18   0],7,258,944.9000244140625,590,137,Fuel/Ambient,814345151,1763324871
1763324872014014826,18,[  0 145   0  59 184 141  18   0],7,258,944.9000244140625,590,145,Fuel/Ambient,13301283,1763324872
1763324872210593339,18,[  0 155   0  59 184 141  18   0],7,258,944.9000244140625,590,155,Fuel/Ambient,210126071,1763324872
1763324872416769409,18,[  0 169   0  59 184 141  18   0],7,258,944.9000244140625,590,169,Fuel/Ambient,416237725,1763324872
1763324872615392869,18,[  0 174   0  59 184 140  18   0],7,258,944.8800048828125,590,174,Fuel/Ambient,614479133,1763324872
1763324872820605507,18,[  0 174   0  59 184 140  18   0],7,258,944.8800048828125,590,174,Fuel/Ambient,820236191,1763324872
1763324873017696697,18,[  0 172   0  59 184 140  18   0],7,258,944.8800048828125,590,172,Fuel/Ambient,17062259,1763324873
1763324873214624207,18,[  0 167   0  60 184 139  18   0],7,258,944.8599853515625,600,167,Fuel/Ambient,213944265,1763324873
1763324873421001369,18,[  0 166   0  60 184 138  18   0],7,258,944.8400268554688,600,166,Fuel/Ambient,420128049,1763324873
1763324873616412833,18,[  0 168   0  60 184 138  18   0],7,258,944.8400268554688,600,168,Fuel/Ambient,616009438,1763324873
1763324873822747147,18,[  0 168   0  60 184 137  18   0],7,258,944.8200073242188,600,168,Fuel/Ambient,821844003,1763324873
1763324874017492878,18,[  0 167   0  60 184 137  18   0],7,258,944.8200073242188,600,167,Fuel/Ambient,17133035,1763324874
1763324874224947587,18,[  0 184   0  60 184 136  18   0],7,258,944.7999877929688,600,184,Fuel/Ambient,223693048,1763324874
1763324874419815881,18,[  0 196   0  60 184 136  18   0],7,258,944.7999877929688,600,196,Fuel/Ambient,419257156,1763324874
1763324874624978826,18,[  0 204   0  60 184 135  18   0],7,258,944.780029296875,600,204,Fuel/Ambient,624465125,1763324874
1763324874820768887,18,[  0 204   0  60 184 135  18   0],7,258,944.780029296875,600,204,Fuel/Ambient,820191634,1763324874
1763324875026118170,18,[  0 207   0  60 184 134  18   0],7,258,944.760009765625,600,207,Fuel/Ambient,25527477,1763324875
1763324875222052811,18,[  0 210   0  60 184 133  18   0],7,258,944.739990234375,600,210,Fuel/Ambient,221686088,1763324875
1763324875428939581,18,[  0 215   0  60 184 132  18   0],7,258,944.719970703125,600,215,Fuel/Ambient,427701810,1763324875
1763324875625655029,18,[  0 226   0  60 184 131  18   0],7,258,944.7000122070312,600,226,Fuel/Ambient,624822701,1763324875
1763324875833650705,18,[  0 226   0  60 184 130  18   0],7,258,944.6799926757812,600,226,Fuel/Ambient,833269997,1763324875
1763324876028113108,18,[  0 252   0  60 184 129  18   0],7,258,944.6599731445312,600,252,Fuel/Ambient,26736168,1763324876
1763324876224979823,18,[  1   9   0  61 184 128  18   0],7,258,944.6400146484375,610,265,Fuel/Ambient,224776205,1763324876
1763324876430305589,18,[  1  11   0  61 184 126  18   0],7,258,944.5999755859375,610,267,Fuel/Ambient,429685935,1763324876
1763324876625909092,18,[  1   6   0  61 184 125  18   0],7,258,944.5800170898438,610,262,Fuel/Ambient,625657218,1763324876
1763324876825940699,18,[  1   2   0  61 184 123  18   0],7,258,944.5399780273438,610,258,Fuel/Ambient,825746969,1763324876
1763324877034610079,18,[  1   2   0  61 184 121  18   0],7,258,944.5,610,258,Fuel/Ambient,34263932,1763324877
1763324877231182201,18,[  1   0   0  61 184 120  18   0],7,258,944.47998046875,610,256,Fuel/Ambient,230655924,1763324877
1763324877436861924,18,[  1  12   0  61 184 118  18   0],7,258,944.4400024414062,610,268,Fuel/Ambient,436631362,1763324877
1763324877634082531,18,[  1  51   0  61 184 116  18   0],7,258,944.4000244140625,610,307,Fuel/Ambient,633354493,1763324877
1763324877832409805,18,[  1  81   0  61 184 115  18   0],7,258,944.3800048828125,610,337,Fuel/Ambient,832061130,1763324877
1763324878029758637,18,[  1  81   0  61 184 113  18   0],7,258,944.3400268554688,610,337,Fuel/Ambient,29483915,1763324878
1763324878238473845,18,[  1  94   0  61 184 112  18   0],7,258,944.3200073242188,610,350,Fuel/Ambient,238005873,1763324878
1763324878433613540,18,[  1 101   0  62 184 110  18   0],7,258,944.280029296875,620,357,Fuel/Ambient,433253921,1763324878
1763324878640535164,18,[  1 101   0  62 184 108  18   0],7,258,944.239990234375,620,357,Fuel/Ambient,640204441,1763324878
1763324878837428922,18,[  1 110   0  62 184 105  18   0],7,258,944.1799926757812,620,366,Fuel/Ambient,836699443,1763324878
1763324879043056678,18,[  1 110   0  62 184 103  18   0],7,258,944.1400146484375,620,366,Fuel/Ambient,42198495,1763324879
1763324879242179162,18,[  1 140   0  62 184 101  18   0],7,258,944.0999755859375,620,396,Fuel/Ambient,241909848,1763324879
1763324879438432629,18,[  1 197   0  62 184  98  18   0],7,258,944.0399780273438,620,453,Fuel/Ambient,437919280,1763324879
1763324879645547600,18,[  2  20   0  62 184  96  18   0],7,258,944.0,620,532,Fuel/Ambient,644492710,1763324879
1763324879848552838,17,[  2  28   0  63 184  93  17   0],7,258,943.9400024414062,630,540,Fuel/Ambient,847673759,1763324879
1763324880046615729,17,[  2  28   0  63 184  88  17   0],7,258,943.8400268554688,630,540,Fuel/Ambient,44670624,1763324880
1763324880246776688,17,[  2  34   0  63 184  84  17   0],7,258,943.760009765625,630,546,Fuel/Ambient,241320895,1763324880
1763324880448064953,17,[  2  30   0  63 184  79  17   0],7,258,943.6599731445312,630,542,Fuel/Ambient,447209809,1763324880
1763324880646836747,17,[  2  27   0  63 184  75  17   0],7,258,943.5800170898438,630,539,Fuel/Ambient,645932835,1763324880
1763324880842244384,17,[  2  37   0  64 184  70  17   0],7,258,943.47998046875,640,549,Fuel/Ambient,841822140,1763324880
1763324881041801145,17,[  2  37   0  64 184  67  17   0],7,258,943.4199829101562,640,549,Fuel/Ambient,39018464,1763324881
1763324881246452866,17,[  2  39   0  64 184  64  17   0],7,258,943.3599853515625,640,551,Fuel/Ambient,246147519,1763324881
1763324881442548030,17,[  2  54   0  64 184  60  17   0],7,258,943.280029296875,640,566,Fuel/Ambient,442296892,1763324881
1763324881648848470,17,[  2  93   0  64 184  57  17   0],7,258,943.219970703125,640,605,Fuel/Ambient,648141583,1763324881
1763324881846878787,17,[  2 159   0  65 184  54  17   0],7,258,943.1599731445312,650,671,Fuel/Ambient,846007643,1763324881
1763324882053045274,17,[  2 159   0  65 184  51  17   0],7,258,943.0999755859375,650,671,Fuel/Ambient,52525813,1763324882
1763324882249126776,17,[  2 187   0  65 184  49  17   0],7,258,943.0599975585938,650,699,Fuel/Ambient,248711476,1763324882
1763324882445525816,17,[  2 211   0  65 184  46  17   0],7,258,943.0,650,723,Fuel/Ambient,444958291,1763324882
1763324882653241598,17,[  2 241   0  65 184  43  17   0],7,258,942.9400024414062,650,753,Fuel/Ambient,650986186,1763324882
1763324882851469327,17,[  3   2   0  66 184  40  17   0],7,258,942.8800048828125,660,770,Fuel/Ambient,849494493,1763324882
1763324883055894424,17,[  3   4   0  66 184  36  17   0],7,258,942.7999877929688,660,772,Fuel/Ambient,55422804,1763324883
1763324883254934610,17,[  3   4   0  66 184  33  17   0],7,258,942.739990234375,660,772,Fuel/Ambient,254719280,1763324883
1763324883451959642,17,[  3   3   0  66 184  30  17   0],7,258,942.6799926757812,660,771,Fuel/Ambient,451485653,1763324883
1763324883657168587,17,[  3   3   0  67 184  27  17   0],7,258,942.6199951171875,670,771,Fuel/Ambient,655991424,1763324883
1763324883852547044,17,[  3   6   0  67 184  24  17   0],7,258,942.5599975585938,670,774,Fuel/Ambient,851663740,1763324883
1763324884058709310,17,[  2 227   0  67 184  22  17   0],7,258,942.52001953125,670,739,Fuel/Ambient,58114169,1763324884
1763324884255675847,17,[  2 227   0  67 184  19  17   0],7,258,942.4600219726562,670,739,Fuel/Ambient,255248195,1763324884
1763324884451065122,16,[  2 191   0  68 184  19  16   0],7,258,942.4600219726562,680,703,Fuel/Ambient,450861056,1763324884
1763324884658197030,16,[  2 184   0  68 184  19  16   0],7,258,942.4600219726562,680,696,Fuel/Ambient,657478112,1763324884
1763324884853887684,16,[  2 184   0  68 184  19  16   0],7,258,942.4600219726562,680,696,Fuel/Ambient,853293598,1763324884
1763324885062117650,16,[  2 197   0  68 184  20  16   0],7,258,942.47998046875,680,709,Fuel/Ambient,61909360,1763324885
1763324885264471309,16,[  2 197   0  68 184  21  16   0],7,258,942.5,680,709,Fuel/Ambient,263565445,1763324885
1763324885459502247,16,[  2 208   0  69 184  21  16   0],7,258,942.5,690,720,Fuel/Ambient,458725376,1763324885
1763324885656930645,16,[  2 221   0  69 184  21  16   0],7,258,942.5,690,733,Fuel/Ambient,655810635,1763324885
1763324885863275764,16,[  2 236   0  69 184  22  16   0],7,258,942.52001953125,690,748,Fuel/Ambient,862433613,1763324885
1763324886059739963,16,[  2 246   0  70 184  21  16   0],7,258,942.5,700,758,Fuel/Ambient,58224237,1763324886
1763324886266529055,16,[  2 246   0  70 184  21  16   0],7,258,942.5,700,758,Fuel/Ambient,266261149,1763324886
1763324886463745678,16,[  2 254   0  70 184  20  16   0],7,258,942.47998046875,700,766,Fuel/Ambient,463492876,1763324886
1763324886659669265,16,[  3   4   0  70 184  19  16   0],7,258,942.4600219726562,700,772,Fuel/Ambient,659038123,1763324886
1763324886865504589,16,[  3   3   0  71 184  17  16   0],7,258,942.4199829101562,710,771,Fuel/Ambient,865018345,1763324886
1763324887065805656,16,[  3   3   0  71 184  16  16   0],7,258,942.4000244140625,710,771,Fuel/Ambient,64040904,1763324887
1763324887262065055,16,[  3   3   0  71 184  15  16   0],7,258,942.3800048828125,710,771,Fuel/Ambient,260994678,1763324887
1763324887472141251,16,[  2 247   0  71 184  14  16   0],7,258,942.3599853515625,710,759,Fuel/Ambient,470704310,1763324887
1763324887667002910,16,[  2 243   0  72 184  15  16   0],7,258,942.3800048828125,720,755,Fuel/Ambient,666316376,1763324887
1763324887865423449,16,[  2 252   0  72 184  15  16   0],7,258,942.3800048828125,720,764,Fuel/Ambient,864747731,1763324887
1763324888075364733,16,[  3   3   0  72 184  15  16   0],7,258,942.3800048828125,720,771,Fuel/Ambient,70633618,1763324888
1763324888267827268,16,[  3   3   0  72 184  15  16   0],7,258,942.3800048828125,720,771,Fuel/Ambient,267015260,1763324888
1763324888473934790,16,[  3   2   0  73 184  15  16   0],7,258,942.3800048828125,730,770,Fuel/Ambient,473314944,1763324888
1763324888672621413,16,[  3   2   0  73 184  14  16   0],7,258,942.3599853515625,730,770,Fuel/Ambient,672142176,1763324888
1763324888868957231,16,[  3   1   0  73 184  14  16   0],7,258,942.3599853515625,730,769,Fuel/Ambient,868277897,1763324888
1763324889073812230,16,[  3   5   0  74 184  14  16   0],7,258,942.3599853515625,740,773,Fuel/Ambient,73484707,1763324889
1763324889279051234,16,[  2 252   0  74 184  13  16   0],7,258,942.3400268554688,740,764,Fuel/Ambient,275812101,1763324889
1763324889472077680,16,[  2 252   0  74 184  13  16   0],7,258,942.3400268554688,740,764,Fuel/Ambient,471658860,1763324889
1763324889668797535,16,[  2 228   0  74 184  14  16   0],7,258,942.3599853515625,740,740,Fuel/Ambient,668398139,1763324889
1763324889873731448,16,[  2 153   0  74 184  14  16   0],7,258,942.3599853515625,740,665,Fuel/Ambient,873405173,1763324889
1763324890074168585,16,[  2 113   0  75 184  15  16   0],7,258,942.3800048828125,750,625,Fuel/Ambient,73287489,1763324890
1763324890271917987,16,[  2  86   0  75 184  16  16   0],7,258,942.4000244140625,750,598,Fuel/Ambient,271407902,1763324890
1763324890477274434,16,[  2  86   0  75 184  17  16   0],7,258,942.4199829101562,750,598,Fuel/Ambient,476733661,1763324890
1763324890674390518,16,[  2  21   0  75 184  20  16   0],7,258,942.47998046875,750,533,Fuel/Ambient,673827985,1763324890
1763324890881695782,16,[  1 223   0  75 184  22  16   0],7,258,942.52001953125,750,479,Fuel/Ambient,880373818,1763324890
1763324891081224849,16,[  1 143   0  76 184  25  16   0],7,258,942.5800170898438,760,399,Fuel/Ambient,77458671,1763324891
1763324891274811495,16,[  1 105   0  76 184  29  16   0],7,258,942.6599731445312,760,361,Fuel/Ambient,273276793,1763324891
1763324891481732533,16,[  1 105   0  76 184  33  16   0],7,258,942.739990234375,760,361,Fuel/Ambient,481506387,1763324891
1763324891676452693,16,[  1  60   0  76 184  38  16   0],7,258,942.8400268554688,760,316,Fuel/Ambient,675791631,1763324891
1763324891881822294,16,[  1  20   0  76 184  43  16   0],7,258,942.9400024414062,760,276,Fuel/Ambient,881307985,1763324891
1763324892080642204,16,[  0 237   0  76 184  48  16   0],7,258,943.0399780273438,760,237,Fuel/Ambient,80456474,1763324892
1763324892279805894,16,[  0 205   0  76 184  54  16   0],7,258,943.1599731445312,760,205,Fuel/Ambient,278351193,1763324892
1763324892484765508,16,[  0 205   0  76 184  59  16   0],7,258,943.260009765625,760,205,Fuel/Ambient,484163519,1763324892
1763324892680700625,16,[  0 180   0  76 184  64  16   0],7,258,943.3599853515625,760,180,Fuel/Ambient,680429583,1763324892
1763324892886934811,16,[  0 155   0  76 184  70  16   0],7,258,943.47998046875,760,155,Fuel/Ambient,886407735,1763324892
1763324893084573688,16,[  0 131   0  76 184  75  16   0],7,258,943.5800170898438,760,131,Fuel/Ambient,83619664,1763324893
1763324893282147734,16,[  0 111   0  76 184  82  16   0],7,258,943.719970703125,760,111,Fuel/Ambient,280129379,1763324893
1763324893486186157,16,[  0 111   0  76 184  87  16   0],7,258,943.8200073242188,760,111,Fuel/Ambient,485303877,1763324893
1763324893683301831,16,[  0 102   0  77 184  94  16   0],7,258,943.9600219726562,770,102,Fuel/Ambient,682517216,1763324893
1763324893890539963,16,[  0  99   0  77 184  99  16   0],7,258,944.0599975585938,770,99,Fuel/Ambient,889873589,1763324893
1763324894089857257,16,[  0  98   0  77 184 104  16   0],7,258,944.1599731445312,770,98,Fuel/Ambient,89555335,1763324894
1763324894288505426,16,[  0  96   0  77 184 109  16   0],7,258,944.260009765625,770,96,Fuel/Ambient,287758795,1763324894
1763324894486414292,16,[  0  96   0  77 184 114  16   0],7,258,944.3599853515625,770,96,Fuel/Ambient,485841711,1763324894
1763324894684662521,16,[  0 102   0  77 184 118  16   0],7,258,944.4400024414062,770,102,Fuel/Ambient,684441239,1763324894
1763324894892065105,16,[  0 113   0  77 184 122  16   0],7,258,944.52001953125,770,113,Fuel/Ambient,890439330,1763324894
1763324895086436980,16,[  0 128   0  77 184 126  16   0],7,258,944.5999755859375,770,128,Fuel/Ambient,85470315,1763324895
1763324895297481103,16,[  0 137   0  77 184 129  16   0],7,258,944.6599731445312,770,137,Fuel/Ambient,296643047,1763324895
1763324895492472824,16,[  0 137   0  77 184 132  16   0],7,258,944.719970703125,770,137,Fuel/Ambient,491652944,1763324895
1763324895696706549,16,[  0 143   0  77 184 134  16   0],7,258,944.760009765625,770,143,Fuel/Ambient,696036751,1763324895
1763324895891434108,16,[  0 145   0  77 184 137  16   0],7,258,944.8200073242188,770,145,Fuel/Ambient,890851638,1763324895
1763324896095378199,17,[  0 146   0  77 184 139  17   0],7,258,944.8599853515625,770,146,Fuel/Ambient,95026612,1763324896
1763324896291313610,17,[  0 146   0  77 184 141  17   0],7,258,944.9000244140625,770,146,Fuel/Ambient,290420322,1763324896
1763324896495800939,17,[  0 144   0  77 184 142  17   0],7,258,944.9199829101562,770,144,Fuel/Ambient,495357895,1763324896
1763324896692674151,17,[  0 144   0  77 184 143  17   0],7,258,944.9400024414062,770,144,Fuel/Ambient,692120866,1763324896
1763324896896982854,17,[  0 140   0  77 184 144  17   0],7,258,944.9600219726562,770,140,Fuel/Ambient,896808101,1763324896
1763324897091743248,17,[  0 133   0  77 184 145  17   0],7,258,944.97998046875,770,133,Fuel/Ambient,91360844,1763324897
1763324897292514033,17,[  0 127   0  77 184 145  17   0],7,258,944.97998046875,770,127,Fuel/Ambient,292173870,1763324897
1763324897497098676,17,[  0 122   0  77 184 145  17   0],7,258,944.97998046875,770,122,Fuel/Ambient,496942707,1763324897
1763324897704248815,17,[  0 122   0  77 184 145  17   0],7,258,944.97998046875,770,122,Fuel/Ambient,702729921,1763324897
1763324897897913968,17,[  0 118   0  77 184 146  17   0],7,258,945.0,770,118,Fuel/Ambient,897458859,1763324897
1763324898102806807,17,[  0 114   0  77 184 146  17   0],7,258,945.0,770,114,Fuel/Ambient,102307570,1763324898
1763324898298452587,17,[  0 113   0  77 184 147  17   0],7,258,945.02001953125,770,113,Fuel/Ambient,298089671,1763324898
1763324898504538462,17,[  0 111   0  78 184 147  17   0],7,258,945.02001953125,780,111,Fuel/Ambient,504105434,1763324898
1763324898699262697,17,[  0 111   0  78 184 147  17   0],7,258,945.02001953125,780,111,Fuel/Ambient,698800677,1763324898
1763324898907248813,17,[  0 110   0  78 184 148  17   0],7,258,945.0399780273438,780,110,Fuel/Ambient,906765385,1763324898
1763324899106403682,17,[  0 110   0  78 184 148  17   0],7,258,945.0399780273438,780,110,Fuel/Ambient,105597051,1763324899
1763324899302308954,17,[  0 108   0  78 184 148  17   0],7,258,945.0399780273438,780,108,Fuel/Ambient,301777749,1763324899
1763324899501995060,17,[  0 108   0  78 184 149  17   0],7,258,945.0599975585938,780,108,Fuel/Ambient,501229454,1763324899
1763324899707345410,17,[  0 108   0  78 184 149  17   0],7,258,945.0599975585938,780,108,Fuel/Ambient,706386810,1763324899
1763324899906954876,17,[  0 107   0  78 184 149  17   0],7,258,945.0599975585938,780,107,Fuel/Ambient,906182229,1763324899
1763324900105137002,18,[  0 107   0  78 184 149  18   0],7,258,945.0599975585938,780,107,Fuel/Ambient,104710342,1763324900
1763324900312174185,18,[  0 107   0  78 184 149  18   0],7,258,945.0599975585938,780,107,Fuel/Ambient,311440770,1763324900
1763324900508191075,18,[  0 109   0  78 184 150  18   0],7,258,945.0800170898438,780,109,Fuel/Ambient,507297147,1763324900
1763324900714336762,18,[  0 109   0  78 184 150  18   0],7,258,945.0800170898438,780,109,Fuel/Ambient,713549523,1763324900
1763324900909694991,18,[  0 109   0  78 184 150  18   0],7,258,945.0800170898438,780,109,Fuel/Ambient,908810150,1763324900
1763324901115612932,18,[  0 109   0  78 184 150  18   0],7,258,945.0800170898438,780,109,Fuel/Ambient,114584475,1763324901
1763324901313600978,18,[  0 109   0  78 184 150  18   0],7,258,945.0800170898438,780,109,Fuel/Ambient,313299184,1763324901
1763324901508030784,18,[  0 109   0  78 184 150  18   0],7,258,945.0800170898438,780,109,Fuel/Ambient,507598652,1763324901
1763324901714129528,18,[  0 109   0  78 184 151  18   0],7,258,945.0999755859375,780,109,Fuel/Ambient,713419506,1763324901
1763324901910543640,18,[  0 108   0  78 184 151  18   0],7,258,945.0999755859375,780,108,Fuel/Ambient,909340717,1763324901
1763324902115379814,18,[  0 107   0  78 184 151  18   0],7,258,945.0999755859375,780,107,Fuel/Ambient,114892833,1763324902
1763324902312939441,18,[  0 107   0  78 184 151  18   0],7,258,945.0999755859375,780,107,Fuel/Ambient,312444557,1763324902
1763324902520573689,18,[  0 107   0  78 184 151  18   0],7,258,945.0999755859375,780,107,Fuel/Ambient,520294871,1763324902
1763324902715630766,18,[  0 108   0  78 184 151  18   0],7,258,945.0999755859375,780,108,Fuel/Ambient,715351756,1763324902
1763324902913446332,18,[  0 108   0  78 184 151  18   0],7,258,945.0999755859375,780,108,Fuel/Ambient,912296146,1763324902
1763324903120269022,18,[  0 109   0  78 184 151  18   0],7,258,945.0999755859375,780,109,Fuel/Ambient,119373718,1763324903
1763324903317163749,18,[  0 109   0  78 184 152  18   0],7,258,945.1199951171875,780,109,Fuel/Ambient,316891523,1763324903
1763324903515626139,18,[  0 108   0  78 184 152  18   0],7,258,945.1199951171875,780,108,Fuel/Ambient,515401465,1763324903
1763324903723629160,18,[  0 106   0  78 184 152  18   0],7,258,945.1199951171875,780,106,Fuel/Ambient,723176420,1763324903
1763324903921831451,18,[  0 106   0  78 184 151  18   0],7,258,945.0999755859375,780,106,Fuel/Ambient,921626745,1763324903
1763324904120209265,18,[  0 106   0  79 184 151  18   0],7,258,945.0999755859375,790,106,Fuel/Ambient,119700716,1763324904
1763324904325725385,18,[  0 110   0  79 184 151  18   0],7,258,945.0999755859375,790,110,Fuel/Ambient,324765248,1763324904
1763324904520615007,18,[  0 111   0  79 184 150  18   0],7,258,945.0800170898438,790,111,Fuel/Ambient,519647319,1763324904
1763324904727799207,18,[  0 111   0  79 184 150  18   0],7,258,945.0800170898438,790,111,Fuel/Ambient,725436625,1763324904
1763324904923370051,18,[  0 111   0  79 184 149  18   0],7,258,945.0599975585938,790,111,Fuel/Ambient,922627837,1763324904
1763324905127541968,18,[  0 111   0  79 184 149  18   0],7,258,945.0599975585938,790,111,Fuel/Ambient,127056268,1763324905
1763324905323633939,18,[  0 114   0  79 184 149  18   0],7,258,945.0599975585938,790,114,Fuel/Ambient,323086446,1763324905
1763324905529149837,18,[  0 121   0  79 184 149  18   0],7,258,945.0599975585938,790,121,Fuel/Ambient,528660392,1763324905
1763324905730726498,18,[  0 129   0  79 184 149  18   0],7,258,945.0599975585938,790,129,Fuel/Ambient,730305406,1763324905
1763324905927323242,18,[  0 129   0  79 184 149  18   0],7,258,945.0599975585938,790,129,Fuel/Ambient,925761020,1763324905
1763324906131904124,18,[  0 137   0  79 184 149  18   0],7,258,945.0599975585938,790,137,Fuel/Ambient,131484440,1763324906
1763324906329866674,18,[  0 150   0  79 184 149  18   0],7,258,945.0599975585938,790,150,Fuel/Ambient,329658544,1763324906
1763324906527906505,18,[  0 163   0  79 184 149  18   0],7,258,945.0599975585938,790,163,Fuel/Ambient,525575187,1763324906
1763324906731543507,18,[  0 178   0  79 184 148  18   0],7,258,945.0399780273438,790,178,Fuel/Ambient,731328081,1763324906
1763324906927381525,18,[  0 178   0  79 184 148  18   0],7,258,945.0399780273438,790,178,Fuel/Ambient,927022514,1763324906
1763324907132990514,18,[  0 182   0  79 184 147  18   0],7,258,945.02001953125,790,182,Fuel/Ambient,132287628,1763324907
1763324907329955009,18,[  0 177   0  79 184 147  18   0],7,258,945.02001953125,790,177,Fuel/Ambient,329222586,1763324907
1763324907535440605,18,[  0 170   0  79 184 146  18   0],7,258,945.0,790,170,Fuel/Ambient,535228283,1763324907
1763324907731831494,18,[  0 162   0  79 184 144  18   0],7,258,944.9600219726562,790,162,Fuel/Ambient,730826333,1763324907
1763324907928472946,18,[  0 162   0  79 184 143  18   0],7,258,944.9400024414062,790,162,Fuel/Ambient,927910573,1763324907
1763324908138033973,18,[  0 159   0  79 184 142  18   0],7,258,944.9199829101562,790,159,Fuel/Ambient,136640328,1763324908
1763324908334311935,18,[  0 156   0  80 184 141  18   0],7,258,944.9000244140625,800,156,Fuel/Ambient,333785498,1763324908
1763324908531419408,18,[  0 156   0  80 184 141  18   0],7,258,944.9000244140625,800,156,Fuel/Ambient,530973260,1763324908
1763324908738280667,18,[  0 161   0  80 184 140  18   0],7,258,944.8800048828125,800,161,Fuel/Ambient,737497812,1763324908
1763324908936626712,18,[  0 161   0  80 184 140  18   0],7,258,944.8800048828125,800,161,Fuel/Ambient,935761104,1763324908
1763324909132979971,18,[  0 161   0  80 184 139  18   0],7,258,944.8599853515625,800,161,Fuel/Ambient,131918969,1763324909
1763324909340888857,18,[  0 162   0  80 184 139  18   0],7,258,944.8599853515625,800,162,Fuel/Ambient,340206835,1763324909
1763324909538732211,18,[  0 164   0  80 184 138  18   0],7,258,944.8400268554688,800,164,Fuel/Ambient,538347311,1763324909
1763324909733393967,18,[  0 166   0  80 184 138  18   0],7,258,944.8400268554688,800,166,Fuel/Ambient,733127917,1763324909
1763324909942184622,18,[  0 167   0  80 184 137  18   0],7,258,944.8200073242188,800,167,Fuel/Ambient,941365254,1763324909
1763324910139077824,18,[  0 167   0  80 184 137  18   0],7,258,944.8200073242188,800,167,Fuel/Ambient,138602427,1763324910
1763324910336274517,18,[  0 166   0  80 184 137  18   0],7,258,944.8200073242188,800,166,Fuel/Ambient,335659631,1763324910
1763324910541826903,18,[  0 165   0  80 184 136  18   0],7,258,944.7999877929688,800,165,Fuel/Ambient,541194705,1763324910
1763324910738114820,18,[  0 170   0  80 184 136  18   0],7,258,944.7999877929688,800,170,Fuel/Ambient,737271612,1763324910
1763324910947328648,18,[  0 171   0  80 184 135  18   0],7,258,944.780029296875,800,171,Fuel/Ambient,946533537,1763324910
1763324911145079747,18,[  0 171   0  80 184 135  18   0],7,258,944.780029296875,800,171,Fuel/Ambient,144445950,1763324911
1763324911343537190,18,[  0 177   0  80 184 135  18   0],7,258,944.780029296875,800,177,Fuel/Ambient,343033569,1763324911
1763324911540650588,18,[  0 180   0  80 184 135  18   0],7,258,944.780029296875,800,180,Fuel/Ambient,539925045,1763324911
1763324911748214034,18,[  0 185   0  80 184 136  18   0],7,258,944.7999877929688,800,185,Fuel/Ambient,747767630,1763324911
1763324911946745878,18,[  0 188   0  81 184 136  18   0],7,258,944.7999877929688,810,188,Fuel/Ambient,945942318,1763324911
1763324912143874701,18,[  0 188   0  81 184 136  18   0],7,258,944.7999877929688,810,188,Fuel/Ambient,143267623,1763324912
1763324912345085866,18,[  0 190   0  81 184 136  18   0],7,258,944.7999877929688,810,190,Fuel/Ambient,342925463,1763324912
1763324912549891721,18,[  0 187   0  81 184 137  18   0],7,258,944.8200073242188,810,187,Fuel/Ambient,548517116,1763324912
1763324912746791935,18,[  0 186   0  81 184 137  18   0],7,258,944.8200073242188,810,186,Fuel/Ambient,745720085,1763324912
1763324912955459489,18,[  0 183   0  81 184 136  18   0],7,258,944.7999877929688,810,183,Fuel/Ambient,953546287,1763324912
1763324913154598957,18,[  0 183   0  81 184 136  18   0],7,258,944.7999877929688,810,183,Fuel/Ambient,153780933,1763324913
1763324913355004388,18,[  0 183   0  81 184 136  18   0],7,258,944.7999877929688,810,183,Fuel/Ambient,353826809,1763324913
1763324913550097899,18,[  0 180   0  81 184 135  18   0],7,258,944.780029296875,810,180,Fuel/Ambient,548590365,1763324913
1763324913748899572,18,[  0 178   0  81 184 135  18   0],7,258,944.780029296875,810,178,Fuel/Ambient,748091084,1763324913
1763324913954385402,18,[  0 180   0  81 184 135  18   0],7,258,944.780029296875,810,180,Fuel/Ambient,953978998,1763324913
1763324914149276416,19,[  0 190   0  81 184 135  19   0],7,258,944.780029296875,810,190,Fuel/Ambient,148803868,1763324914
1763324914359073104,19,[  0 190   0  81 184 135  19   0],7,258,944.780029296875,810,190,Fuel/Ambient,358404682,1763324914
1763324914555182818,19,[  0 212   0  81 184 135  19   0],7,258,944.780029296875,810,212,Fuel/Ambient,554486075,1763324914
1763324914751361204,19,[  0 221   0  81 184 135  19   0],7,258,944.780029296875,810,221,Fuel/Ambient,749875174,1763324914
1763324914957400449,19,[  0 241   0  82 184 135  19   0],7,258,944.780029296875,820,241,Fuel/Ambient,956897373,1763324914
1763324915155373381,19,[  1  23   0  82 184 135  19   0],7,258,944.780029296875,820,279,Fuel/Ambient,154368508,1763324915
1763324915354239794,19,[  1  23   0  82 184 135  19   0],7,258,944.780029296875,820,279,Fuel/Ambient,353580268,1763324915
1763324915554437643,19,[  1  70   0  82 184 134  19   0],7,258,944.760009765625,820,326,Fuel/Ambient,552893373,1763324915
1763324915763504950,19,[  1 105   0  82 184 132  19   0],7,258,944.719970703125,820,361,Fuel/Ambient,762040872,1763324915
1763324915960490609,19,[  1 118   0  82 184 130  19   0],7,258,944.6799926757812,820,374,Fuel/Ambient,960261583,1763324915
1763324916156534181,19,[  1 100   0  82 184 128  19   0],7,258,944.6400146484375,820,356,Fuel/Ambient,155883615,1763324916
1763324916366489305,18,[  1 100   0  82 184 123  18   0],7,258,944.5399780273438,820,356,Fuel/Ambient,365030380,1763324916
1763324916563616824,18,[  1  85   0  82 184 119  18   0],7,258,944.4600219726562,820,341,Fuel/Ambient,563265716,1763324916
1763324916761293819,18,[  1  85   0  82 184 115  18   0],7,258,944.3800048828125,820,341,Fuel/Ambient,760983576,1763324916
1763324916967352235,18,[  1  88   0  83 184 111  18   0],7,258,944.2999877929688,830,344,Fuel/Ambient,966688677,1763324916
1763324917162270934,18,[  1  91   0  83 184 108  18   0],7,258,944.239990234375,830,347,Fuel/Ambient,161766354,1763324917
1763324917358871601,18,[  1  91   0  83 184 105  18   0],7,258,944.1799926757812,830,347,Fuel/Ambient,358551918,1763324917
1763324917564725218,18,[  1  95   0  83 184 102  18   0],7,258,944.1199951171875,830,351,Fuel/Ambient,564354654,1763324917
1763324917764551194,18,[  1  95   0  83 184 100  18   0],7,258,944.0800170898438,830,351,Fuel/Ambient,760631446,1763324917
1763324917970725326,18,[  1 103   0  83 184  99  18   0],7,258,944.0599975585938,830,359,Fuel/Ambient,969439042,1763324917
1763324918166004958,18,[  1 127   0  83 184  97  18   0],7,258,944.02001953125,830,383,Fuel/Ambient,165508377,1763324918
1763324918363236032,18,[  1 127   0  83 184  96  18   0],7,258,944.0,830,383,Fuel/Ambient,363012958,1763324918
1763324918570025179,18,[  1 187   0  84 184  95  18   0],7,258,943.97998046875,840,443,Fuel/Ambient,569406069,1763324918
1763324918767194620,18,[  1 207   0  84 184  93  18   0],7,258,943.9400024414062,840,463,Fuel/Ambient,766515030,1763324918
1763324918973812438,18,[  1 211   0  84 184  90  18   0],7,258,943.8800048828125,840,467,Fuel/Ambient,972876653,1763324918
1763324919169432618,18,[  2  12   0  84 184  88  18   0],7,258,943.8400268554688,840,524,Fuel/Ambient,168534210,1763324919
1763324919366805679,18,[  2  12   0  84 184  85  18   0],7,258,943.780029296875,840,524,Fuel/Ambient,365593732,1763324919
1763324919572926213,18,[  2  79   0  84 184  80  18   0],7,258,943.6799926757812,840,591,Fuel/Ambient,571359191,1763324919
1763324919769156224,18,[  2 144   0  85 184  75  18   0],7,258,943.5800170898438,850,656,Fuel/Ambient,768217687,1763324919
1763324919968191828,18,[  2 199   0  85 184  70  18   0],7,258,943.47998046875,850,711,Fuel/Ambient,967556303,1763324919
1763324920176674882,18,[  2 231   0  85 184  66  18   0],7,258,943.4000244140625,850,743,Fuel/Ambient,176345023,1763324920
1763324920372553435,18,[  2 231   0  85 184  60  18   0],7,258,943.280029296875,850,743,Fuel/Ambient,372220792,1763324920
1763324920574779086,18,[  2 251   0  85 184  54  18   0],7,258,943.1599731445312,850,763,Fuel/Ambient,573927750,1763324920
1763324920771031755,18,[  3   6   0  86 184  49  18   0],7,258,943.0599975585938,860,774,Fuel/Ambient,769694846,1763324920
1763324920975779350,17,[  3   4   0  86 184  43  17   0],7,258,942.9400024414062,860,772,Fuel/Ambient,975159280,1763324920
1763324921172717370,17,[  3   5   0  86 184  38  17   0],7,258,942.8400268554688,860,773,Fuel/Ambient,172107572,1763324921
1763324921380587619,17,[  2 235   0  87 184  35  17   0],7,258,942.780029296875,870,747,Fuel/Ambient,380247392,1763324921
1763324921578567505,17,[  2 235   0  87 184  32  17   0],7,258,942.719970703125,870,747,Fuel/Ambient,577646729,1763324921
1763324921776145371,17,[  2 187   0  87 184  30  17   0],7,258,942.6799926757812,870,699,Fuel/Ambient,773864934,1763324921
1763324921981684207,17,[  2 172   0  87 184  29  17   0],7,258,942.6599731445312,870,684,Fuel/Ambient,981142090,1763324921
1763324922178403251,17,[  2 158   0  88 184  29  17   0],7,258,942.6599731445312,880,670,Fuel/Ambient,177577771,1763324922
1763324922377371787,17,[  2 165   0  88 184  30  17   0],7,258,942.6799926757812,880,677,Fuel/Ambient,377137065,1763324922
1763324922582840928,17,[  2 165   0  88 184  31  17   0],7,258,942.7000122070312,880,677,Fuel/Ambient,582441213,1763324922
1763324922779750790,17,[  2 178   0  88 184  32  17   0],7,258,942.719970703125,880,690,Fuel/Ambient,779056832,1763324922
1763324922986267397,17,[  2 188   0  89 184  33  17   0],7,258,942.739990234375,890,700,Fuel/Ambient,985490301,1763324922
1763324923181641085,17,[  2 199   0  89 184  33  17   0],7,258,942.739990234375,890,711,Fuel/Ambient,181348123,1763324923
1763324923380643800,17,[  2 220   0  89 184  32  17   0],7,258,942.719970703125,890,732,Fuel/Ambient,380160211,1763324923
1763324923586388017,17,[  2 220   0  89 184  31  17   0],7,258,942.7000122070312,890,732,Fuel/Ambient,585670666,1763324923
1763324923787209052,17,[  2 232   0  89 184  31  17   0],7,258,942.7000122070312,890,744,Fuel/Ambient,786431509,1763324923
1763324923988927632,17,[  2 241   0  90 184  29  17   0],7,258,942.6599731445312,900,753,Fuel/Ambient,987796422,1763324923
1763324924185708887,17,[  2 254   0  90 184  28  17   0],7,258,942.6400146484375,900,766,Fuel/Ambient,185529206,1763324924
1763324924382310461,17,[  3   5   0  90 184  27  17   0],7,258,942.6199951171875,900,773,Fuel/Ambient,382123579,1763324924
1763324924592187326,17,[  3   5   0  90 184  25  17   0],7,258,942.5800170898438,900,773,Fuel/Ambient,591731578,1763324924
1763324924790428275,17,[  3   3   0  91 184  23  17   0],7,258,942.5399780273438,910,771,Fuel/Ambient,789804589,1763324924
1763324924985698572,16,[  3   3   0  91 184  21  16   0],7,258,942.5,910,771,Fuel/Ambient,985223816,1763324924
1763324925192116463,16,[  3   2   0  91 184  20  16   0],7,258,942.47998046875,910,770,Fuel/Ambient,191779020,1763324925
1763324925391375887,16,[  3   2   0  92 184  19  16   0],7,258,942.4600219726562,920,770,Fuel/Ambient,390435878,1763324925
1763324925587719636,16,[  3   2   0  92 184  18  16   0],7,258,942.4400024414062,920,770,Fuel/Ambient,587163439,1763324925
1763324925795292577,16,[  3   2   0  92 184  16  16   0],7,258,942.4000244140625,920,770,Fuel/Ambient,794919390,1763324925
1763324925993138452,16,[  3   2   0  92 184  16  16   0],7,258,942.4000244140625,920,770,Fuel/Ambient,992653296,1763324925
1763324926189004406,16,[  3   2   0  93 184  15  16   0],7,258,942.3800048828125,930,770,Fuel/Ambient,188441809,1763324926
1763324926395957823,16,[  3   3   0  93 184  14  16   0],7,258,942.3599853515625,930,771,Fuel/Ambient,395454330,1763324926
1763324926593816628,16,[  3   3   0  93 184  13  16   0],7,258,942.3400268554688,930,771,Fuel/Ambient,592121860,1763324926
1763324926797892034,16,[  3   3   0  93 184  12  16   0],7,258,942.3200073242188,930,771,Fuel/Ambient,796964537,1763324926
1763324926992744858,16,[  3   2   0  94 184  11  16   0],7,258,942.2999877929688,940,770,Fuel/Ambient,992130005,1763324926
1763324927197555089,16,[  3   1   0  94 184  11  16   0],7,258,942.2999877929688,940,769,Fuel/Ambient,197121997,1763324927
1763324927396049549,16,[  3   1   0  94 184  11  16   0],7,258,942.2999877929688,940,769,Fuel/Ambient,395549289,1763324927
1763324927594030980,16,[  3   1   0  95 184  11  16   0],7,258,942.2999877929688,950,769,Fuel/Ambient,592759353,1763324927
1763324927801098096,16,[  3   1   0  95 184  11  16   0],7,258,942.2999877929688,950,769,Fuel/Ambient,800564779,1763324927
1763324927995248068,16,[  3   2   0  95 184  11  16   0],7,258,942.2999877929688,950,770,Fuel/Ambient,994619966,1763324927
1763324928201782956,16,[  3   2   0  95 184  11  16   0],7,258,942.2999877929688,950,770,Fuel/Ambient,201183687,1763324928
1763324928399122687,16,[  3   0   0  95 184  11  16   0],7,258,942.2999877929688,950,768,Fuel/Ambient,398439993,1763324928
1763324928604919777,16,[  3   3   0  96 184  10  16   0],7,258,942.280029296875,960,771,Fuel/Ambient,604250202,1763324928
1763324928801908528,16,[  3   3   0  96 184   9  16   0],7,258,942.260009765625,960,771,Fuel/Ambient,801287402,1763324928
1763324929006784073,16,[  3   3   0  96 184   8  16   0],7,258,942.239990234375,960,771,Fuel/Ambient,6034690,1763324929
1763324929201801576,16,[  2 252   0  96 184   7  16   0],7,258,942.219970703125,960,764,Fuel/Ambient,200998304,1763324929
1763324929398147443,16,[  2 250   0  97 184   6  16   0],7,258,942.2000122070312,970,762,Fuel/Ambient,397941329,1763324929
1763324929604732189,16,[  3   2   0  97 184   6  16   0],7,258,942.2000122070312,970,770,Fuel/Ambient,604214393,1763324929
1763324929800413346,16,[  3   2   0  97 184   7  16   0],7,258,942.219970703125,970,770,Fuel/Ambient,799671323,1763324929
1763324930014153648,16,[  2 252   0  97 184   7  16   0],7,258,942.219970703125,970,764,Fuel/Ambient,9478660,1763324930
1763324930206281397,16,[  2 166   0  98 184   7  16   0],7,258,942.219970703125,980,678,Fuel/Ambient,205567470,1763324930
1763324930404222352,16,[  2  90   0  98 184   8  16   0],7,258,942.239990234375,980,602,Fuel/Ambient,403440745,1763324930
1763324930611282529,16,[  2  17   0  98 184   9  16   0],7,258,942.260009765625,980,529,Fuel/Ambient,610384088,1763324930
1763324930807921328,16,[  2  17   0  98 184  11  16   0],7,258,942.2999877929688,980,529,Fuel/Ambient,807188649,1763324930
1763324931017214838,16,[  1 219   0  98 184  13  16   0],7,258,942.3400268554688,980,475,Fuel/Ambient,12012677,1763324931
1763324931208165841,16,[  1 174   0  99 184  17  16   0],7,258,942.4199829101562,990,430,Fuel/Ambient,204131595,1763324931
1763324931414039992,16,[  1 104   0  99 184  20  16   0],7,258,942.47998046875,990,360,Fuel/Ambient,412661227,1763324931
1763324931607757902,16,[  1  51   0  99 184  25  16   0],7,258,942.5800170898438,990,307,Fuel/Ambient,607508651,1763324931
1763324931814629278,16,[  1  51   0  99 184  30  16   0],7,258,942.6799926757812,990,307,Fuel/Ambient,814200890,1763324931
1763324932015077747,16,[  1  13   0  99 184  35  16   0],7,258,942.780029296875,990,269,Fuel/Ambient,14748656,1763324932
1763324932214837698,16,[  0 253   0  99 184  41  16   0],7,258,942.9000244140625,990,253,Fuel/Ambient,210861821,1763324932
1763324932420820716,16,[  0 239   0  99 184  47  16   0],7,258,943.02001953125,990,239,Fuel/Ambient,420463817,1763324932
1763324932613867421,16,[  0 216   0  99 184  55  16   0],7,258,943.1799926757812,990,216,Fuel/Ambient,613024981,1763324932
1763324932820285131,16,[  0 216   0  99 184  62  16   0],7,258,943.3200073242188,990,216,Fuel/Ambient,819246849,1763324932
1763324933016541401,16,[  0 193   0  99 184  68  16   0],7,258,943.4400024414062,990,193,Fuel/Ambient,14648392,1763324933
1763324933219776907,16,[  0 171   0  99 184  75  16   0],7,258,943.5800170898438,990,171,Fuel/Ambient,219329063,1763324933
1763324933417478665,16,[  0 156   0 100 184  80  16   0],7,258,943.6799926757812,1000,156,Fuel/Ambient,416980068,1763324933
1763324933615224871,16,[  0 141   0 100 184  86  16   0],7,258,943.7999877929688,1000,141,Fuel/Ambient,614907812,1763324933
1763324933823699786,16,[  0 141   0 100 184  92  16   0],7,258,943.9199829101562,1000,141,Fuel/Ambient,822311101,1763324933
1763324934020953315,16,[  0 131   0 100 184  97  16   0],7,258,944.02001953125,1000,131,Fuel/Ambient,20302717,1763324934
1763324934214322010,16,[  0 120   0 100 184 103  16   0],7,258,944.1400146484375,1000,120,Fuel/Ambient,213669524,1763324934
1763324934422711485,16,[  0 115   0 100 184 107  16   0],7,258,944.219970703125,1000,115,Fuel/Ambient,422100024,1763324934
1763324934617928837,16,[  0 109   0 100 184 112  16   0],7,258,944.3200073242188,1000,109,Fuel/Ambient,617386368,1763324934
1763324934826820078,16,[  0 109   0 100 184 117  16   0],7,258,944.4199829101562,1000,109,Fuel/Ambient,825091997,1763324934
1763324935021115245,16,[  0 109   0 100 184 121  16   0],7,258,944.5,1000,109,Fuel/Ambient,20532392,1763324935
1763324935227086203,16,[  0 114   0 100 184 126  16   0],7,258,944.5999755859375,1000,114,Fuel/Ambient,225870960,1763324935
1763324935423745042,17,[  0 122   0 100 184 129  17   0],7,258,944.6599731445312,1000,122,Fuel/Ambient,423145421,1763324935
1763324935619684803,17,[  0 129   0 100 184 133  17   0],7,258,944.739990234375,1000,129,Fuel/Ambient,619339423,1763324935
1763324935825466319,17,[  0 135   0 100 184 136  17   0],7,258,944.7999877929688,1000,135,Fuel/Ambient,824943722,1763324935
1763324936020706713,17,[  0 135   0 100 184 139  17   0],7,258,944.8599853515625,1000,135,Fuel/Ambient,20302325,1763324936
1763324936230067209,17,[  0 140   0 100 184 141  17   0],7,258,944.9000244140625,1000,140,Fuel/Ambient,229544452,1763324936
1763324936426360190,17,[  0 142   0 100 184 143  17   0],7,258,944.9400024414062,1000,142,Fuel/Ambient,425380693,1763324936
1763324936635925328,17,[  0 142   0 100 184 144  17   0],7,258,944.9600219726562,1000,142,Fuel/Ambient,632280749,1763324936
1763324936827769243,17,[  0 141   0 100 184 146  17   0],7,258,945.0,1000,141,Fuel/Ambient,827250838,1763324936
1763324937031668216,17,[  0 141   0 100 184 147  17   0],7,258,945.02001953125,1000,141,Fuel/Ambient,31458838,1763324937
1763324937228599444,17,[  0 136   0 100 184 148  17   0],7,258,945.0399780273438,1000,136,Fuel/Ambient,228373970,1763324937
1763324937428650894,17,[  0 130   0 100 184 148  17   0],7,258,945.0399780273438,1000,130,Fuel/Ambient,428350539,1763324937
1763324937635148293,17,[  0 124   0 100 184 149  17   0],7,258,945.0599975585938,1000,124,Fuel/Ambient,634570111,1763324937
1763324937831911936,17,[  0 121   0 100 184 150  17   0],7,258,945.0800170898438,1000,121,Fuel/Ambient,830009486,1763324937
1763324938037091466,17,[  0 121   0 100 184 150  17   0],7,258,945.0800170898438,1000,121,Fuel/Ambient,36420420,1763324938
1763324938232216535,17,[  0 115   0 101 184 150  17   0],7,258,945.0800170898438,1010,115,Fuel/Ambient,231207758,1763324938
1763324938429494136,17,[  0 114   0 101 184 151  17   0],7,258,945.0999755859375,1010,114,Fuel/Ambient,429286038,1763324938
1763324938637279773,17,[  0 113   0 101 184 151  17   0],7,258,945.0999755859375,1010,113,Fuel/Ambient,636836056,1763324938
1763324938834384508,17,[  0 113   0 101 184 151  17   0],7,258,945.0999755859375,1010,113,Fuel/Ambient,832454730,1763324938
1763324939038563903,17,[  0 113   0 101 184 151  17   0],7,258,945.0999755859375,1010,113,Fuel/Ambient,38178619,1763324939
1763324939236715946,17,[  0 111   0 101 184 151  17   0],7,258,945.0999755859375,1010,111,Fuel/Ambient,235885186,1763324939
1763324939435001590,17,[  0 110   0 101 184 151  17   0],7,258,945.0999755859375,1010,110,Fuel/Ambient,434705331,1763324939
1763324939640386149,17,[  0 110   0 101 184 151  17   0],7,258,945.0999755859375,1010,110,Fuel/Ambient,639776352,1763324939
1763324939837668424,17,[  0 110   0 101 184 151  17   0],7,258,945.0999755859375,1010,110,Fuel/Ambient,837243716,1763324939
1763324940033946242,17,[  0 110   0 101 184 151  17   0],7,258,945.0999755859375,1010,110,Fuel/Ambient,32675542,1763324940
1763324940242059724,17,[  0 110   0 101 184 151  17   0],7,258,945.0999755859375,1010,110,Fuel/Ambient,241063459,1763324940
1763324940437573856,17,[  0 110   0 101 184 151  17   0],7,258,945.0999755859375,1010,110,Fuel/Ambient,436608791,1763324940
1763324940641865478,17,[  0 110   0 101 184 151  17   0],7,258,945.0999755859375,1010,110,Fuel/Ambient,641448355,1763324940
1763324940837982080,17,[  0 108   0 101 184 151  17   0],7,258,945.0999755859375,1010,108,Fuel/Ambient,837590204,1763324940
1763324941045402116,17,[  0 107   0 101 184 151  17   0],7,258,945.0999755859375,1010,107,Fuel/Ambient,44293274,1763324941
1763324941240732695,17,[  0 107   0 101 184 151  17   0],7,258,945.0999755859375,1010,107,Fuel/Ambient,240243155,1763324941
1763324941448360223,17,[  0 107   0 101 184 151  17   0],7,258,945.0999755859375,1010,107,Fuel/Ambient,446925329,1763324941
1763324941644689148,17,[  0 107   0 101 184 150  17   0],7,258,945.0800170898438,1010,107,Fuel/Ambient,643865556,1763324941
1763324941840735414,18,[  0 107   0 101 184 150  18   0],7,258,945.0800170898438,1010,107,Fuel/Ambient,840386099,1763324941
1763324942046866512,18,[  0 109   0 101 184 149  18   0],7,258,945.0599975585938,1010,109,Fuel/Ambient,45955559,1763324942
1763324942244276472,18,[  0 109   0 101 184 149  18   0],7,258,945.0599975585938,1010,109,Fuel/Ambient,242936876,1763324942
1763324942451151962,18,[  0 111   0 101 184 148  18   0],7,258,945.0399780273438,1010,111,Fuel/Ambient,450206417,1763324942
1763324942645956074,18,[  0 111   0 101 184 148  18   0],7,258,945.0399780273438,1010,111,Fuel/Ambient,644448252,1763324942
1763324942843259442,18,[  0 114   0 101 184 148  18   0],7,258,945.0399780273438,1010,114,Fuel/Ambient,842079846,1763324942
1763324943049730768,18,[  0 119   0 101 184 148  18   0],7,258,945.0399780273438,1010,119,Fuel/Ambient,49274540,1763324943
1763324943244903141,18,[  0 119   0 101 184 148  18   0],7,258,945.0399780273438,1010,119,Fuel/Ambient,244604674,1763324943
1763324943453533337,18,[  0 135   0 101 184 148  18   0],7,258,945.0399780273438,1010,135,Fuel/Ambient,452871443,1763324943
1763324943649201715,18,[  0 153   0 102 184 148  18   0],7,258,945.0399780273438,1020,153,Fuel/Ambient,648583693,1763324943
1763324943855053068,18,[  0 164   0 102 184 148  18   0],7,258,945.0399780273438,1020,164,Fuel/Ambient,853842625,1763324943
1763324944057044866,18,[  0 165   0 102 184 147  18   0],7,258,945.02001953125,1020,165,Fuel/Ambient,56586174,1763324944
1763324944253965353,18,[  0 165   0 102 184 147  18   0],7,258,945.02001953125,1020,165,Fuel/Ambient,253598470,1763324944
1763324944450765391,18,[  0 161   0 102 184 147  18   0],7,258,945.02001953125,1020,161,Fuel/Ambient,450479084,1763324944
1763324944656188518,18,[  0 157   0 102 184 147  18   0],7,258,945.02001953125,1020,157,Fuel/Ambient,655432831,1763324944
1763324944852521447,18,[  0 151   0 102 184 146  18   0],7,258,945.0,1020,151,Fuel/Ambient,851877505,1763324944
1763324945061038108,18,[  0 170   0 102 184 146  18   0],7,258,945.0,1020,170,Fuel/Ambient,60735322,1763324945
1763324945256692953,18,[  0 170   0 102 184 146  18   0],7,258,945.0,1020,170,Fuel/Ambient,255817137,1763324945
1763324945454561866,18,[  0 195   0 102 184 145  18   0],7,258,944.97998046875,1020,195,Fuel/Ambient,454384905,1763324945
1763324945660990061,18,[  0 204   0 102 184 145  18   0],7,258,944.97998046875,1020,204,Fuel/Ambient,660452168,1763324945
1763324945858627708,18,[  0 199   0 102 184 144  18   0],7,258,944.9600219726562,1020,199,Fuel/Ambient,858112151,1763324945
1763324946057125299,18,[  0 193   0 102 184 142  18   0],7,258,944.9199829101562,1020,193,Fuel/Ambient,56854065,1763324946
1763324946256460308,18,[  0 193   0 102 184 141  18   0],7,258,944.9000244140625,1020,193,Fuel/Ambient,256248530,1763324946
1763324946464959084,18,[  0 193   0 102 184 140  18   0],7,258,944.8800048828125,1020,193,Fuel/Ambient,464182980,1763324946
1763324946661329840,18,[  0 220   0 102 184 138  18   0],7,258,944.8400268554688,1020,220,Fuel/Ambient,658629495,1763324946
1763324946865164700,18,[  1   1   0 103 184 137  18   0],7,258,944.8200073242188,1030,257,Fuel/Ambient,863821071,1763324946
1763324947063251857,18,[  1   9   0 103 184 135  18   0],7,258,944.780029296875,1030,265,Fuel/Ambient,60860058,1763324947
1763324947257335586,18,[  1   0   0 103 184 133  18   0],7,258,944.739990234375,1030,256,Fuel/Ambient,256775036,1763324947
1763324947468999929,18,[  1   0   0 103 184 130  18   0],7,258,944.6799926757812,1030,256,Fuel/Ambient,468343986,1763324947
1763324947663617166,18,[  0 249   0 103 184 127  18   0],7,258,944.6199951171875,1030,249,Fuel/Ambient,662735014,1763324947
1763324947868700807,18,[  1  11   0 103 184 125  18   0],7,258,944.5800170898438,1030,267,Fuel/Ambient,868422116,1763324947
1763324948063306429,18,[  1  58   0 103 184 123  18   0],7,258,944.5399780273438,1030,314,Fuel/Ambient,62982618,1763324948
1763324948269395680,18,[  1  85   0 103 184 121  18   0],7,258,944.5,1030,341,Fuel/Ambient,268618073,1763324948
1763324948465396165,18,[  1  85   0 103 184 118  18   0],7,258,944.4400024414062,1030,341,Fuel/Ambient,465064097,1763324948
1763324948670908483,18,[  1  78   0 103 184 116  18   0],7,258,944.4000244140625,1030,334,Fuel/Ambient,670325917,1763324948
1763324948868272084,18,[  1  70   0 104 184 113  18   0],7,258,944.3400268554688,1040,326,Fuel/Ambient,866962119,1763324948
1763324949072897898,18,[  1  61   0 104 184 110  18   0],7,258,944.280029296875,1040,317,Fuel/Ambient,72196356,1763324949
1763324949269081778,18,[  1  70   0 104 184 108  18   0],7,258,944.239990234375,1040,326,Fuel/Ambient,268568813,1763324949
1763324949467266668,18,[  1  70   0 104 184 105  18   0],7,258,944.1799926757812,1040,326,Fuel/Ambient,466806119,1763324949
1763324949672705867,18,[  1 149   0 104 184 103  18   0],7,258,944.1400146484375,1040,405,Fuel/Ambient,672505481,1763324949
1763324949868214348,18,[  1 187   0 104 184 100  18   0],7,258,944.0800170898438,1040,443,Fuel/Ambient,867395684,1763324949
1763324950074085648,18,[  1 171   0 104 184  97  18   0],7,258,944.02001953125,1040,427,Fuel/Ambient,73681260,1763324950
1763324950269399024,18,[  1 157   0 104 184  95  18   0],7,258,943.97998046875,1040,413,Fuel/Ambient,268672969,1763324950
1763324950478202481,18,[  1 157   0 104 184  92  18   0],7,258,943.9199829101562,1040,413,Fuel/Ambient,477902542,1763324950
1763324950673379856,18,[  1 184   0 105 184  89  18   0],7,258,943.8599853515625,1050,440,Fuel/Ambient,672971340,1763324950
1763324950878902897,18,[  2  37   0 105 184  87  18   0],7,258,943.8200073242188,1050,549,Fuel/Ambient,878038537,1763324950
1763324951076911948,18,[  2  51   0 105 184  83  18   0],7,258,943.739990234375,1050,563,Fuel/Ambient,74837080,1763324951
1763324951272716435,18,[  2  39   0 105 184  79  18   0],7,258,943.6599731445312,1050,551,Fuel/Ambient,271805226,1763324951
1763324951474800629,17,[  2  39   0 105 184  76  17   0],7,258,943.5999755859375,1050,551,Fuel/Ambient,472513951,1763324951
1763324951681568740,17,[  2  26   0 106 184  71  17   0],7,258,943.5,1060,538,Fuel/Ambient,680968478,1763324951
1763324951877796206,17,[  2  53   0 106 184  67  17   0],7,258,943.4199829101562,1060,565,Fuel/Ambient,876670244,1763324951
1763324952073526837,17,[  2 141   0 106 184  63  17   0],7,258,943.3400268554688,1060,653,Fuel/Ambient,73313683,1763324952
1763324952281403888,17,[  2 182   0 106 184  59  17   0],7,258,943.260009765625,1060,694,Fuel/Ambient,280952363,1763324952
1763324952482180263,17,[  2 182   0 106 184  56  17   0],7,258,943.2000122070312,1060,694,Fuel/Ambient,480418358,1763324952
1763324952676615394,17,[  2 193   0 107 184  52  17   0],7,258,943.1199951171875,1070,705,Fuel/Ambient,676060157,1763324952
1763324952885162147,17,[  2 217   0 107 184  48  17   0],7,258,943.0399780273438,1070,729,Fuel/Ambient,884516957,1763324952
1763324953080560232,17,[  2 202   0 107 184  45  17   0],7,258,942.97998046875,1070,714,Fuel/Ambient,79174779,1763324953
1763324953286664596,17,[  2 165   0 107 184  42  17   0],7,258,942.9199829101562,1070,677,Fuel/Ambient,285915085,1763324953
1763324953487914705,17,[  2 143   0 108 184  39  17   0],7,258,942.8599853515625,1080,655,Fuel/Ambient,487257259,1763324953
1763324953686288307,17,[  2 143   0 108 184  38  17   0],7,258,942.8400268554688,1080,655,Fuel/Ambient,685264745,1763324953
1763324953885076153,17,[  2 131   0 108 184  37  17   0],7,258,942.8200073242188,1080,643,Fuel/Ambient,882637378,1763324953
1763324954080910883,17,[  2 116   0 108 184  38  17   0],7,258,942.8400268554688,1080,628,Fuel/Ambient,79910394,1763324954
1763324954286311466,17,[  2 105   0 109 184  39  17   0],7,258,942.8599853515625,1090,617,Fuel/Ambient,286059495,1763324954
1763324954482820475,17,[  2 105   0 109 184  40  17   0],7,258,942.8800048828125,1090,617,Fuel/Ambient,482421112,1763324954
1763324954692226760,17,[  2 105   0 109 184  41  17   0],7,258,942.9000244140625,1090,617,Fuel/Ambient,690457399,1763324954
1763324954888215157,17,[  2 114   0 109 184  42  17   0],7,258,942.9199829101562,1090,626,Fuel/Ambient,885812990,1763324954
1763324955092022445,17,[  2 124   0 109 184  43  17   0],7,258,942.9400024414062,1090,636,Fuel/Ambient,91787882,1763324955
1763324955287437013,17,[  2 129   0 110 184  44  17   0],7,258,942.9600219726562,1100,641,Fuel/Ambient,286793967,1763324955
1763324955486766371,17,[  2 140   0 110 184  44  17   0],7,258,942.9600219726562,1100,652,Fuel/Ambient,486281759,1763324955
1763324955692576143,17,[  2 140   0 110 184  44  17   0],7,258,942.9600219726562,1100,652,Fuel/Ambient,692315949,1763324955
1763324955894451157,17,[  2 166   0 110 184  44  17   0],7,258,942.9600219726562,1100,678,Fuel/Ambient,891861661,1763324955
1763324956087288134,17,[  2 178   0 110 184  43  17   0],7,258,942.9400024414062,1100,690,Fuel/Ambient,86485822,1763324956
1763324956299092845,17,[  2 185   0 111 184  42  17   0],7,258,942.9199829101562,1110,697,Fuel/Ambient,295511594,1763324956
1763324956493384748,17,[  2 217   0 111 184  41  17   0],7,258,942.9000244140625,1110,729,Fuel/Ambient,493115561,1763324956
1763324956689622686,17,[  2 217   0 111 184  39  17   0],7,258,942.8599853515625,1110,729,Fuel/Ambient,688634100,1763324956
1763324956896311700,17,[  2 232   0 111 184  37  17   0],7,258,942.8200073242188,1110,744,Fuel/Ambient,895863855,1763324956
1763324957094606330,17,[  2 231   0 112 184  35  17   0],7,258,942.780029296875,1120,743,Fuel/Ambient,92452197,1763324957
1763324957292825504,17,[  2 230   0 112 184  32  17   0],7,258,942.719970703125,1120,742,Fuel/Ambient,291899415,1763324957
1763324957499584920,17,[  2 220   0 112 184  30  17   0],7,258,942.6799926757812,1120,732,Fuel/Ambient,498790129,1763324957
1763324957697830047,17,[  2 220   0 112 184  29  17   0],7,258,942.6599731445312,1120,732,Fuel/Ambient,696251856,1763324957
1763324957892989800,17,[  2 201   0 112 184  29  17   0],7,258,942.6599731445312,1120,713,Fuel/Ambient,892082271,1763324957
1763324958099513374,17,[  2 181   0 113 184  28  17   0],7,258,942.6400146484375,1130,693,Fuel/Ambient,99212635,1763324958
1763324958296614267,17,[  2 177   0 113 184  29  17   0],7,258,942.6599731445312,1130,689,Fuel/Ambient,295149773,1763324958
1763324958502836848,17,[  2 169   0 113 184  29  17   0],7,258,942.6599731445312,1130,681,Fuel/Ambient,502031432,1763324958
1763324958700101422,17,[  2 169   0 113 184  30  17   0],7,258,942.6799926757812,1130,681,Fuel/Ambient,699357255,1763324958
1763324958897992019,17,[  2 160   0 114 184  30  17   0],7,258,942.6799926757812,1140,672,Fuel/Ambient,896827784,1763324958
1763324959096600319,17,[  2 167   0 114 184  31  17   0],7,258,942.7000122070312,1140,679,Fuel/Ambient,96257820,1763324959
1763324959302242735,17,[  2 176   0 114 184  32  17   0],7,258,942.719970703125,1140,688,Fuel/Ambient,301999661,1763324959
1763324959499012779,17,[  2 129   0 114 184  33  17   0],7,258,942.739990234375,1140,641,Fuel/Ambient,498466533,1763324959
1763324959708501696,17,[  2 129   0 114 184  34  17   0],7,258,942.760009765625,1140,641,Fuel/Ambient,705991752,1763324959
1763324959900254731,17,[  2   0   0 115 184  35  17   0],7,258,942.780029296875,1150,512,Fuel/Ambient,899778983,1763324959
1763324960106099710,17,[  1 168   0 115 184  36  17   0],7,258,942.7999877929688,1150,424,Fuel/Ambient,105481336,1763324960
1763324960301902226,17,[  1  92   0 115 184  39  17   0],7,258,942.8599853515625,1150,348,Fuel/Ambient,301522894,1763324960
1763324960511396584,17,[  1  43   0 115 184  42  17   0],7,258,942.9199829101562,1150,299,Fuel/Ambient,509528502,1763324960
1763324960708963757,17,[  1  14   0 115 184  46  17   0],7,258,943.0,1150,270,Fuel/Ambient,708153189,1763324960
1763324960906044684,17,[  1  14   0 115 184  51  17   0],7,258,943.0999755859375,1150,270,Fuel/Ambient,905173188,1763324960
1763324961112882058,17,[  1  11   0 115 184  56  17   0],7,258,943.2000122070312,1150,267,Fuel/Ambient,111735967,1763324961
1763324961309492743,17,[  1  25   0 116 184  62  17   0],7,258,943.3200073242188,1160,281,Fuel/Ambient,308326140,1763324961
1763324961505234556,17,[  1  43   0 116 184  68  17   0],7,258,943.4400024414062,1160,299,Fuel/Ambient,504918201,1763324961
1763324961711466996,17,[  1  68   0 116 184  73  17   0],7,258,943.5399780273438,1160,324,Fuel/Ambient,711084433,1763324961
1763324961908225363,17,[  1  68   0 116 184  79  17   0],7,258,943.6599731445312,1160,324,Fuel/Ambient,906953542,1763324961
1763324962112709660,17,[  1  86   0 116 184  85  17   0],7,258,943.780029296875,1160,342,Fuel/Ambient,112245335,1763324962
1763324962307706890,17,[  1  97   0 116 184  89  17   0],7,258,943.8599853515625,1160,353,Fuel/Ambient,307381927,1763324962
1763324962516183482,17,[  1  95   0 116 184  93  17   0],7,258,943.9400024414062,1160,351,Fuel/Ambient,515291122,1763324962
1763324962712573366,17,[  1  79   0 116 184  96  17   0],7,258,944.0,1160,335,Fuel/Ambient,711574157,1763324962
1763324962908129130,17,[  1  79   0 116 184  98  17   0],7,258,944.0399780273438,1160,335,Fuel/Ambient,907899112,1763324962
1763324963115130733,17,[  1  57   0 117 184 100  17   0],7,258,944.0800170898438,1170,313,Fuel/Ambient,114833770,1763324963
1763324963310862660,17,[  1  29   0 117 184 101  17   0],7,258,944.0999755859375,1170,285,Fuel/Ambient,310328063,1763324963
1763324963519437814,17,[  1   2   0 117 184 102  17   0],7,258,944.1199951171875,1170,258,Fuel/Ambient,518864401,1763324963
1763324963718672559,17,[  0 229   0 117 184 103  17   0],7,258,944.1400146484375,1170,229,Fuel/Ambient,717560996,1763324963
1763324963914305573,17,[  0 229   0 117 184 104  17   0],7,258,944.1599731445312,1170,229,Fuel/Ambient,913639103,1763324963
1763324964122516629,17,[  0 216   0 117 184 106  17   0],7,258,944.2000122070312,1170,216,Fuel/Ambient,122155570,1763324964
1763324964318152845,17,[  0 213   0 117 184 107  17   0],7,258,944.219970703125,1170,213,Fuel/Ambient,317331781,1763324964
1763324964514601708,17,[  0 215   0 117 184 109  17   0],7,258,944.260009765625,1170,215,Fuel/Ambient,513785732,1763324964
1763324964719446332,17,[  0 223   0 117 184 111  17   0],7,258,944.2999877929688,1170,223,Fuel/Ambient,719067929,1763324964
1763324964920115332,17,[  0 223   0 117 184 113  17   0],7,258,944.3400268554688,1170,223,Fuel/Ambient,919330653,1763324964
1763324965120923886,17,[  0 235   0 117 184 115  17   0],7,258,944.3800048828125,1170,235,Fuel/Ambient,120466378,1763324965
1763324965317075180,17,[  0 235   0 117 184 118  17   0],7,258,944.4400024414062,1170,235,Fuel/Ambient,316471655,1763324965
1763324965526378185,17,[  0 217   0 117 184 120  17   0],7,258,944.47998046875,1170,217,Fuel/Ambient,525970213,1763324965
1763324965721201786,17,[  0 198   0 118 184 122  17   0],7,258,944.52001953125,1180,198,Fuel/Ambient,720955640,1763324965
1763324965918700325,17,[  0 198   0 118 184 124  17   0],7,258,944.5599975585938,1180,198,Fuel/Ambient,918229440,1763324965
1763324966123415446,17,[  0 189   0 118 184 125  17   0],7,258,944.5800170898438,1180,189,Fuel/Ambient,123247924,1763324966
1763324966320299421,17,[  0 192   0 118 184 127  17   0],7,258,944.6199951171875,1180,192,Fuel/Ambient,319547637,1763324966
1763324966529140598,17,[  0 199   0 118 184 129  17   0],7,258,944.6599731445312,1180,199,Fuel/Ambient,528948724,1763324966
1763324966723681638,17,[  0 201   0 118 184 130  17   0],7,258,944.6799926757812,1180,201,Fuel/Ambient,723430852,1763324966
1763324966930048264,17,[  0 201   0 118 184 131  17   0],7,258,944.7000122070312,1180,201,Fuel/Ambient,929552387,1763324966
1763324967128881282,17,[  0 201   0 118 184 132  17   0],7,258,944.719970703125,1180,201,Fuel/Ambient,127501428,1763324967
1763324967322883534,17,[  0 202   0 118 184 133  17   0],7,258,944.739990234375,1180,202,Fuel/Ambient,322658252,1763324967
1763324967531450982,17,[  0 202   0 118 184 134  17   0],7,258,944.760009765625,1180,202,Fuel/Ambient,530767200,1763324967
1763324967728097612,17,[  0 185   0 118 184 135  17   0],7,258,944.780029296875,1180,185,Fuel/Ambient,727513350,1763324967
1763324967932187353,17,[  0 169   0 118 184 136  17   0],7,258,944.7999877929688,1180,169,Fuel/Ambient,931995639,1763324967
1763324968128606429,17,[  0 169   0 118 184 137  17   0],7,258,944.8200073242188,1180,169,Fuel/Ambient,127830262,1763324968
1763324968336198734,17,[  0 160   0 118 184 137  17   0],7,258,944.8200073242188,1180,160,Fuel/Ambient,333772214,1763324968
1763324968530430558,17,[  0 155   0 118 184 138  17   0],7,258,944.8400268554688,1180,155,Fuel/Ambient,530293596,1763324968
1763324968730961674,17,[  0 157   0 118 184 138  17   0],7,258,944.8400268554688,1180,157,Fuel/Ambient,730087266,1763324968
1763324968929604132,17,[  0 157   0 119 184 139  17   0],7,258,944.8599853515625,1190,157,Fuel/Ambient,929022719,1763324968
1763324969136130795,17,[  0 157   0 119 184 140  17   0],7,258,944.8800048828125,1190,157,Fuel/Ambient,135715335,1763324969
1763324969333396602,17,[  0 161   0 119 184 140  17   0],7,258,944.8800048828125,1190,161,Fuel/Ambient,332268303,1763324969
1763324969534117385,17,[  0 162   0 119 184 141  17   0],7,258,944.9000244140625,1190,162,Fuel/Ambient,530853898,1763324969
1763324969736236903,17,[  0 164   0 119 184 142  17   0],7,258,944.9199829101562,1190,164,Fuel/Ambient,735035483,1763324969
1763324969935921676,17,[  0 170   0 119 184 143  17   0],7,258,944.9400024414062,1190,170,Fuel/Ambient,934908867,1763324969
1763324970141425227,17,[  0 170   0 119 184 143  17   0],7,258,944.9400024414062,1190,170,Fuel/Ambient,141163369,1763324970
1763324970337416559,17,[  0 176   0 119 184 144  17   0],7,258,944.9600219726562,1190,176,Fuel/Ambient,336961322,1763324970
1763324970533255473,17,[  0 193   0 119 184 144  17   0],7,258,944.9600219726562,1190,193,Fuel/Ambient,533041263,1763324970
1763324970740420928,17,[  0 215   0 119 184 145  17   0],7,258,944.97998046875,1190,215,Fuel/Ambient,739222708,1763324970
1763324970945198136,17,[  0 220   0 119 184 145  17   0],7,258,944.97998046875,1190,220,Fuel/Ambient,944681491,1763324970
1763324971141288990,17,[  0 220   0 119 184 145  17   0],7,258,944.97998046875,1190,220,Fuel/Ambient,140224243,1763324971
1763324971345931510,17,[  0 216   0 119 184 145  17   0],7,258,944.97998046875,1190,216,Fuel/Ambient,344963469,1763324971
1763324971542994533,17,[  0 205   0 119 184 145  17   0],7,258,944.97998046875,1190,205,Fuel/Ambient,542099645,1763324971
1763324971748498374,17,[  0 194   0 119 184 144  17   0],7,258,944.9600219726562,1190,194,Fuel/Ambient,746956791,1763324971
1763324971944980720,17,[  0 189   0 119 184 143  17   0],7,258,944.9400024414062,1190,189,Fuel/Ambient,944392170,1763324971
1763324972141027894,17,[  0 189   0 119 184 143  17   0],7,258,944.9400024414062,1190,189,Fuel/Ambient,140672339,1763324972
1763324972348194185,17,[  0 193   0 120 184 142  17   0],7,258,944.9199829101562,1200,193,Fuel/Ambient,347529090,1763324972
1763324972546123746,17,[  0 219   0 120 184 141  17   0],7,258,944.9000244140625,1200,219,Fuel/Ambient,545458619,1763324972
1763324972741762532,17,[  0 246   0 120 184 141  17   0],7,258,944.9000244140625,1200,246,Fuel/Ambient,740484632,1763324972
1763324972951281773,17,[  0 253   0 120 184 140  17   0],7,258,944.8800048828125,1200,253,Fuel/Ambient,950204579,1763324972
1763324973148225438,17,[  0 250   0 120 184 139  17   0],7,258,944.8599853515625,1200,250,Fuel/Ambient,147678745,1763324973
1763324973344378215,17,[  0 250   0 120 184 138  17   0],7,258,944.8400268554688,1200,250,Fuel/Ambient,343375838,1763324973
1763324973552177729,17,[  0 247   0 120 184 137  17   0],7,258,944.8200073242188,1200,247,Fuel/Ambient,551805502,1763324973
1763324973750915651,17,[  0 238   0 120 184 135  17   0],7,258,944.780029296875,1200,238,Fuel/Ambient,750463327,1763324973
1763324973952332032,17,[  0 227   0 120 184 134  17   0],7,258,944.760009765625,1200,227,Fuel/Ambient,951182324,1763324973
1763324974145987474,17,[  0 227   0 120 184 132  17   0],7,258,944.719970703125,1200,227,Fuel/Ambient,145512461,1763324974
1763324974353512746,17,[  0 227   0 120 184 131  17   0],7,258,944.7000122070312,1200,227,Fuel/Ambient,352565473,1763324974
1763324974551265092,17,[  1  10   0 120 184 130  17   0],7,258,944.6799926757812,1200,266,Fuel/Ambient,548890254,1763324974
1763324974756367782,17,[  1  65   0 121 184 129  17   0],7,258,944.6599731445312,1210,321,Fuel/Ambient,755046265,1763324974
1763324974951059554,17,[  1  80   0 121 184 129  17   0],7,258,944.6599731445312,1210,336,Fuel/Ambient,950818528,1763324974
1763324975156325990,17,[  1  78   0 121 184 127  17   0],7,258,944.6199951171875,1210,334,Fuel/Ambient,155966947,1763324975
1763324975352635220,17,[  1  78   0 121 184 125  17   0],7,258,944.5800170898438,1210,334,Fuel/Ambient,352320753,1763324975
1763324975561966911,17,[  1  64   0 121 184 123  17   0],7,258,944.5399780273438,1210,320,Fuel/Ambient,561159000,1763324975
1763324975760831014,17,[  1  52   0 121 184 120  17   0],7,258,944.47998046875,1210,308,Fuel/Ambient,760157951,1763324975
1763324975953476464,17,[  1  53   0 121 184 118  17   0],7,258,944.4400024414062,1210,309,Fuel/Ambient,953185933,1763324975
1763324976159685630,17,[  1 113   0 121 184 116  17   0],7,258,944.4000244140625,1210,369,Fuel/Ambient,158479411,1763324976
1763324976355491720,17,[  1 113   0 121 184 114  17   0],7,258,944.3599853515625,1210,369,Fuel/Ambient,354630336,1763324976
1763324976561956666,17,[  1 196   0 122 184 113  17   0],7,258,944.3400268554688,1220,452,Fuel/Ambient,561134162,1763324976
1763324976757725123,17,[  1 212   0 122 184 109  17   0],7,258,944.260009765625,1220,468,Fuel/Ambient,756524344,1763324976
1763324976965227967,17,[  1 199   0 122 184 107  17   0],7,258,944.219970703125,1220,455,Fuel/Ambient,964104820,1763324976
1763324977161579951,17,[  1 189   0 122 184 103  17   0],7,258,944.1400146484375,1220,445,Fuel/Ambient,161198476,1763324977
1763324977365592586,17,[  1 189   0 122 184 100  17   0],7,258,944.0800170898438,1220,445,Fuel/Ambient,361388962,1763324977
1763324977560355564,17,[  1 210   0 122 184  96  17   0],7,258,944.0,1220,466,Fuel/Ambient,559404611,1763324977
1763324977766298970,17,[  2  34   0 123 184  93  17   0],7,258,943.9400024414062,1230,546,Fuel/Ambient,765491826,1763324977
1763324977963434962,17,[  2  56   0 123 184  89  17   0],7,258,943.8599853515625,1230,568,Fuel/Ambient,962455560,1763324977
1763324978168706970,17,[  2  78   0 123 184  86  17   0],7,258,943.7999877929688,1230,590,Fuel/Ambient,164794292,1763324978
1763324978360382111,17,[  2  78   0 123 184  82  17   0],7,258,943.719970703125,1230,590,Fuel/Ambient,359820698,1763324978
1763324978567596091,17,[  2  77   0 123 184  79  17   0],7,258,943.6599731445312,1230,589,Fuel/Ambient,566695218,1763324978
1763324978763795243,17,[  2 138   0 123 184  75  17   0],7,258,943.5800170898438,1230,650,Fuel/Ambient,763394247,1763324978
1763324978972172306,17,[  2 170   0 124 184  72  17   0],7,258,943.52001953125,1240,682,Fuel/Ambient,970007389,1763324978
1763324979167360698,17,[  2 169   0 124 184  69  17   0],7,258,943.4600219726562,1240,681,Fuel/Ambient,166777940,1763324979
1763324979363453067,17,[  2 169   0 124 184  66  17   0],7,258,943.4000244140625,1240,681,Fuel/Ambient,362183391,1763324979
1763324979572261144,17,[  2 157   0 124 184  64  17   0],7,258,943.3599853515625,1240,669,Fuel/Ambient,571204173,1763324979
1763324979767396895,17,[  2 141   0 125 184  62  17   0],7,258,943.3200073242188,1250,653,Fuel/Ambient,766972923,1763324979
1763324979973504017,17,[  2 126   0 125 184  60  17   0],7,258,943.280029296875,1250,638,Fuel/Ambient,972120548,1763324979
1763324980169207968,17,[  2 104   0 125 184  60  17   0],7,258,943.280029296875,1250,616,Fuel/Ambient,167678193,1763324980
1763324980374087528,17,[  2  86   0 125 184  59  17   0],7,258,943.260009765625,1250,598,Fuel/Ambient,373588067,1763324980
1763324980573379769,17,[  2  86   0 125 184  59  17   0],7,258,943.260009765625,1250,598,Fuel/Ambient,572773875,1763324980
1763324980770175282,17,[  2  83   0 126 184  60  17   0],7,258,943.280029296875,1260,595,Fuel/Ambient,769393355,1763324980
1763324980977594835,17,[  2  79   0 126 184  60  17   0],7,258,943.280029296875,1260,591,Fuel/Ambient,976252390,1763324980
1763324981172171224,17,[  2  68   0 126 184  61  17   0],7,258,943.2999877929688,1260,580,Fuel/Ambient,171318607,1763324981
1763324981380068702,17,[  2  62   0 126 184  62  17   0],7,258,943.3200073242188,1260,574,Fuel/Ambient,378163980,1763324981
1763324981570692125,17,[  2  62   0 126 184  63  17   0],7,258,943.3400268554688,1260,574,Fuel/Ambient,570489627,1763324981
1763324981775661639,17,[  2  60   0 127 184  64  17   0],7,258,943.3599853515625,1270,572,Fuel/Ambient,775280547,1763324981
1763324981980992820,17,[  2  71   0 127 184  65  17   0],7,258,943.3800048828125,1270,583,Fuel/Ambient,980226509,1763324981
1763324982176167904,17,[  2  73   0 127 184  66  17   0],7,258,943.4000244140625,1270,585,Fuel/Ambient,175739804,1763324982
1763324982384798064,17,[  1 236   0 127 184  66  17   0],7,258,943.4000244140625,1270,492,Fuel/Ambient,383831270,1763324982
1763324982582381875,17,[  1 236   0 127 184  66  17   0],7,258,943.4000244140625,1270,492,Fuel/Ambient,581913231,1763324982
1763324982780395547,17,[  1 158   0 127 184  66  17   0],7,258,943.4000244140625,1270,414,Fuel/Ambient,778841036,1763324982
1763324982976264878,17,[  1  88   0 128 184  66  17   0],7,258,943.4000244140625,1280,344,Fuel/Ambient,975697576,1763324982
1763324983182605192,17,[  1  37   0 128 184  66  17   0],7,258,943.4000244140625,1280,293,Fuel/Ambient,180981272,1763324983
1763324983378813216,17,[  0 252   0 128 184  68  17   0],7,258,943.4400024414062,1280,252,Fuel/Ambient,378129017,1763324983
1763324983577438351,17,[  0 252   0 128 184  71  17   0],7,258,943.5,1280,252,Fuel/Ambient,576950154,1763324983
1763324983783337701,17,[  0 222   0 128 184  74  17   0],7,258,943.5599975585938,1280,222,Fuel/Ambient,782502013,1763324983
1763324983982770236,17,[  0 197   0 128 184  78  17   0],7,258,943.6400146484375,1280,197,Fuel/Ambient,978381329,1763324983
1763324984187163748,17,[  0 173   0 128 184  82  17   0],7,258,943.719970703125,1280,173,Fuel/Ambient,186906114,1763324984
1763324984385315344,17,[  0 151   0 128 184  88  17   0],7,258,943.8400268554688,1280,151,Fuel/Ambient,384260998,1763324984
1763324984581386728,17,[  0 151   0 128 184  93  17   0],7,258,943.9400024414062,1280,151,Fuel/Ambient,580758274,1763324984
1763324984788807598,17,[  0 129   0 128 184  98  17   0],7,258,944.0399780273438,1280,129,Fuel/Ambient,788212937,1763324984
1763324984983289910,17,[  0 112   0 128 184 104  17   0],7,258,944.1599731445312,1280,112,Fuel/Ambient,983018260,1763324984
1763324985193184182,17,[  0 109   0 128 184 109  17   0],7,258,944.260009765625,1280,109,Fuel/Ambient,192496463,1763324985
1763324985393484568,17,[  0 114   0 128 184 114  17   0],7,258,944.3599853515625,1280,114,Fuel/Ambient,392889651,1763324985
1763324985591245538,17,[  0 114   0 128 184 119  17   0],7,258,944.4600219726562,1280,114,Fuel/Ambient,590057398,1763324985
1763324985786643476,17,[  0 126   0 128 184 123  17   0],7,258,944.5399780273438,1280,126,Fuel/Ambient,786418418,1763324985
1763324985993017010,17,[  0 138   0 129 184 128  17   0],7,258,944.6400146484375,1290,138,Fuel/Ambient,992590958,1763324985
1763324986188929899,17,[  0 150   0 129 184 132  17   0],7,258,944.719970703125,1290,150,Fuel/Ambient,188214788,1763324986
1763324986395136072,17,[  0 159   0 129 184 135  17   0],7,258,944.780029296875,1290,159,Fuel/Ambient,394841925,1763324986
1763324986592354189,17,[  0 163   0 129 184 138  17   0],7,258,944.8400268554688,1290,163,Fuel/Ambient,591483301,1763324986
1763324986791094370,17,[  0 163   0 129 184 141  17   0],7,258,944.9000244140625,1290,163,Fuel/Ambient,790677758,1763324986
1763324986993074902,17,[  0 163   0 129 184 144  17   0],7,258,944.9600219726562,1290,163,Fuel/Ambient,992860564,1763324986
1763324987189762040,17,[  0 164   0 129 184 146  17   0],7,258,945.0,1290,164,Fuel/Ambient,189185522,1763324987
1763324987394722090,17,[  0 162   0 129 184 148  17   0],7,258,945.0399780273438,1290,162,Fuel/Ambient,394264518,1763324987
1763324987593305886,17,[  0 156   0 129 184 149  17   0],7,258,945.0599975585938,1290,156,Fuel/Ambient,592388981,1763324987
1763324987800341637,17,[  0 156   0 129 184 151  17   0],7,258,945.0999755859375,1290,156,Fuel/Ambient,799596638,1763324987
1763324987999702081,17,[  0 148   0 129 184 152  17   0],7,258,945.1199951171875,1290,148,Fuel/Ambient,997273417,1763324987
1763324988194256527,17,[  0 138   0 129 184 152  17   0],7,258,945.1199951171875,1290,138,Fuel/Ambient,193127300,1763324988
1763324988400377391,17,[  0 132   0 129 184 153  17   0],7,258,945.1400146484375,1290,132,Fuel/Ambient,400142124,1763324988
1763324988599563530,17,[  0 128   0 129 184 153  17   0],7,258,945.1400146484375,1290,128,Fuel/Ambient,599121798,1763324988
1763324988795696584,17,[  0 128   0 129 184 154  17   0],7,258,945.1599731445312,1290,128,Fuel/Ambient,795168483,1763324988
1763324989004589250,17,[  0 127   0 129 184 154  17   0],7,258,945.1599731445312,1290,127,Fuel/Ambient,3138484,1763324989
1763324989203335707,17,[  0 127   0 129 184 155  17   0],7,258,945.1799926757812,1290,127,Fuel/Ambient,202374577,1763324989
1763324989402714746,17,[  0 127   0 129 184 155  17   0],7,258,945.1799926757812,1290,127,Fuel/Ambient,402191669,1763324989
1763324989603266404,17,[  0 127   0 129 184 155  17   0],7,258,945.1799926757812,1290,127,Fuel/Ambient,599823426,1763324989
1763324989808223321,17,[  0 127   0 129 184 156  17   0],7,258,945.2000122070312,1290,127,Fuel/Ambient,806027428,1763324989
1763324989999132837,17,[  0 138   0 129 184 156  17   0],7,258,945.2000122070312,1290,138,Fuel/Ambient,997640823,1763324989
1763324990204945636,17,[  0 154   0 130 184 156  17   0],7,258,945.2000122070312,1300,154,Fuel/Ambient,203723416,1763324990
1763324990401506249,17,[  0 177   0 130 184 156  17   0],7,258,945.2000122070312,1300,177,Fuel/Ambient,401231782,1763324990
1763324990609837281,17,[  0 196   0 130 184 156  17   0],7,258,945.2000122070312,1300,196,Fuel/Ambient,609549214,1763324990
1763324990807295438,17,[  0 196   0 130 184 156  17   0],7,258,945.2000122070312,1300,196,Fuel/Ambient,806953931,1763324990
1763324991007275764,17,[  0 204   0 130 184 155  17   0],7,258,945.1799926757812,1300,204,Fuel/Ambient,5285281,1763324991
1763324991206329362,17,[  0 200   0 130 184 154  17   0],7,258,945.1599731445312,1300,200,Fuel/Ambient,205822637,1763324991
1763324991405645075,17,[  0 198   0 130 184 153  17   0],7,258,945.1400146484375,1300,198,Fuel/Ambient,405150126,1763324991
1763324991607600910,17,[  0 193   0 130 184 152  17   0],7,258,945.1199951171875,1300,193,Fuel/Ambient,604584945,1763324991
1763324991812274916,17,[  0 198   0 130 184 151  17   0],7,258,945.0999755859375,1300,198,Fuel/Ambient,811630205,1763324991
1763324992009139660,17,[  0 198   0 130 184 150  17   0],7,258,945.0800170898438,1300,198,Fuel/Ambient,8853130,1763324992
1763324992215268466,17,[  0 218   0 130 184 148  17   0],7,258,945.0399780273438,1300,218,Fuel/Ambient,214133158,1763324992
1763324992409509282,17,[  0 225   0 130 184 146  17   0],7,258,945.0,1300,225,Fuel/Ambient,409247199,1763324992
1763324992609628620,17,[  0 226   0 130 184 144  17   0],7,258,944.9600219726562,1300,226,Fuel/Ambient,609090471,1763324992
1763324992816105429,17,[  0 224   0 130 184 142  17   0],7,258,944.9199829101562,1300,224,Fuel/Ambient,815581936,1763324992
1763324993012079318,17,[  0 224   0 130 184 141  17   0],7,258,944.9000244140625,1300,224,Fuel/Ambient,11746131,1763324993
1763324993211313753,17,[  0 221   0 131 184 139  17   0],7,258,944.8599853515625,1310,221,Fuel/Ambient,210958550,1763324993
1763324993418753420,17,[  0 219   0 131 184 138  17   0],7,258,944.8400268554688,1310,219,Fuel/Ambient,418227079,1763324993
1763324993621614195,17,[  0 215   0 131 184 136  17   0],7,258,944.7999877929688,1310,215,Fuel/Ambient,618686326,1763324993
1763324993816804110,17,[  0 213   0 131 184 135  17   0],7,258,944.780029296875,1310,213,Fuel/Ambient,815633667,1763324993
1763324994015687790,17,[  0 213   0 131 184 134  17   0],7,258,944.760009765625,1310,213,Fuel/Ambient,15111272,1763324994
1763324994211677362,17,[  0 211   0 131 184 134  17   0],7,258,944.760009765625,1310,211,Fuel/Ambient,211435183,1763324994
1763324994417803578,17,[  0 215   0 131 184 133  17   0],7,258,944.739990234375,1310,215,Fuel/Ambient,417379862,1763324994
1763324994616225174,17,[  0 218   0 131 184 133  17   0],7,258,944.739990234375,1310,218,Fuel/Ambient,614438212,1763324994
1763324994821808697,17,[  0 221   0 131 184 133  17   0],7,258,944.739990234375,1310,221,Fuel/Ambient,821293843,1763324994
1763324995022409130,17,[  0 221   0 131 184 133  17   0],7,258,944.739990234375,1310,221,Fuel/Ambient,21129662,1763324995
1763324995218385168,17,[  0 222   0 131 184 133  17   0],7,258,944.739990234375,1310,222,Fuel/Ambient,217971628,1763324995
1763324995420119438,17,[  0 226   0 131 184 133  17   0],7,258,944.739990234375,1310,226,Fuel/Ambient,418931906,1763324995
1763324995617845477,17,[  0 230   0 131 184 133  17   0],7,258,944.739990234375,1310,230,Fuel/Ambient,616736570,1763324995
1763324995822265725,17,[  0 232   0 132 184 133  17   0],7,258,944.739990234375,1320,232,Fuel/Ambient,821922746,1763324995
1763324996024628258,17,[  0 232   0 132 184 133  17   0],7,258,944.739990234375,1320,232,Fuel/Ambient,24401631,1763324996
1763324996220684553,17,[  0 231   0 132 184 134  17   0],7,258,944.760009765625,1320,231,Fuel/Ambient,220462215,1763324996
1763324996427308889,17,[  0 228   0 132 184 134  17   0],7,258,944.760009765625,1320,228,Fuel/Ambient,427055542,1763324996
1763324996627056453,17,[  0 226   0 132 184 134  17   0],7,258,944.760009765625,1320,226,Fuel/Ambient,626253053,1763324996
1763324996822629640,17,[  0 228   0 132 184 135  17   0],7,258,944.780029296875,1320,228,Fuel/Ambient,822357573,1763324996
1763324997030393315,17,[  0 228   0 132 184 135  17   0],7,258,944.780029296875,1320,228,Fuel/Ambient,29396377,1763324997
1763324997226650702,17,[  0 229   0 132 184 135  17   0],7,258,944.780029296875,1320,229,Fuel/Ambient,226248970,1763324997
1763324997424022532,17,[  0 228   0 132 184 134  17   0],7,258,944.760009765625,1320,228,Fuel/Ambient,423546591,1763324997
1763324997631336411,17,[  0 228   0 132 184 135  17   0],7,258,944.780029296875,1320,228,Fuel/Ambient,630785494,1763324997
1763324997827086337,17,[  0 228   0 132 184 135  17   0],7,258,944.780029296875,1320,228,Fuel/Ambient,826749918,1763324997
1763324998035380995,17,[  0 230   0 132 184 135  17   0],7,258,944.780029296875,1320,230,Fuel/Ambient,32612552,1763324998
1763324998228263150,17,[  0 230   0 132 184 135  17   0],7,258,944.780029296875,1320,230,Fuel/Ambient,228044844,1763324998
1763324998435776745,17,[  0 231   0 133 184 136  17   0],7,258,944.7999877929688,1330,231,Fuel/Ambient,433786582,1763324998
1763324998634635567,17,[  0 230   0 133 184 136  17   0],7,258,944.7999877929688,1330,230,Fuel/Ambient,633429795,1763324998
1763324998830788826,17,[  0 231   0 133 184 136  17   0],7,258,944.7999877929688,1330,231,Fuel/Ambient,830223349,1763324998
1763324999028117585,17,[  0 230   0 133 184 136  17   0],7,258,944.7999877929688,1330,230,Fuel/Ambient,27704461,1763324999
1763324999236589975,17,[  0 230   0 133 184 136  17   0],7,258,944.7999877929688,1330,230,Fuel/Ambient,236114707,1763324999
1763324999434728888,17,[  0 228   0 133 184 136  17   0],7,258,944.7999877929688,1330,228,Fuel/Ambient,434487189,1763324999
1763324999630389407,17,[  0 231   0 133 184 137  17   0],7,258,944.8200073242188,1330,231,Fuel/Ambient,629601880,1763324999
1763324999838241663,17,[  0 233   0 133 184 137  17   0],7,258,944.8200073242188,1330,233,Fuel/Ambient,837813307,1763324999
1763325000035297557,17,[  0 233   0 133 184 137  17   0],7,258,944.8200073242188,1330,233,Fuel/Ambient,34506349,1763325000
1763325000240841376,17,[  0 233   0 133 184 136  17   0],7,258,944.7999877929688,1330,233,Fuel/Ambient,240291034,1763325000
1763325000437647892,17,[  0 232   0 133 184 136  17   0],7,258,944.7999877929688,1330,232,Fuel/Ambient,437217840,1763325000
1763325000636240986,17,[  0 229   0 133 184 136  17   0],7,258,944.7999877929688,1330,229,Fuel/Ambient,635860022,1763325000
1763325000841472609,17,[  0 229   0 133 184 136  17   0],7,258,944.7999877929688,1330,229,Fuel/Ambient,841023389,1763325000
1763325001037917426,17,[  0 230   0 134 184 136  17   0],7,258,944.7999877929688,1340,230,Fuel/Ambient,37489134,1763325001
1763325001234722920,17,[  0 230   0 134 184 136  17   0],7,258,944.7999877929688,1340,230,Fuel/Ambient,234007297,1763325001
1763325001440566999,17,[  0 229   0 134 184 136  17   0],7,258,944.7999877929688,1340,229,Fuel/Ambient,439718863,1763325001
1763325001636487396,17,[  0 230   0 134 184 136  17   0],7,258,944.7999877929688,1340,230,Fuel/Ambient,635793437,1763325001
1763325001844021603,17,[  0 231   0 134 184 136  17   0],7,258,944.7999877929688,1340,231,Fuel/Ambient,843115323,1763325001
1763325002037833308,17,[  0 232   0 134 184 136  17   0],7,258,944.7999877929688,1340,232,Fuel/Ambient,37656186,1763325002
1763325002246116644,17,[  0 232   0 134 184 136  17   0],7,258,944.7999877929688,1340,232,Fuel/Ambient,245775457,1763325002
1763325002442232468,17,[  0 232   0 134 184 136  17   0],7,258,944.7999877929688,1340,232,Fuel/Ambient,441890801,1763325002
1763325002641190945,17,[  0 231   0 134 184 136  17   0],7,258,944.7999877929688,1340,231,Fuel/Ambient,640649723,1763325002
1763325002846510348,17,[  0 231   0 134 184 136  17   0],7,258,944.7999877929688,1340,231,Fuel/Ambient,845964774,1763325002
1763325003041513937,17,[  0 231   0 134 184 136  17   0],7,258,944.7999877929688,1340,231,Fuel/Ambient,41050765,1763325003
1763325003250759172,17,[  0 231   0 134 184 135  17   0],7,258,944.780029296875,1340,231,Fuel/Ambient,249554265,1763325003
1763325003444457374,17,[  0 232   0 134 184 135  17   0],7,258,944.780029296875,1340,232,Fuel/Ambient,443736439,1763325003
1763325003651892063,17,[  0 232   0 135 184 135  17   0],7,258,944.780029296875,1350,232,Fuel/Ambient,651519708,1763325003
1763325003848046353,17,[  0 231   0 135 184 134  17   0],7,258,944.760009765625,1350,231,Fuel/Ambient,847416939,1763325003
1763325004047042688,17,[  0 233   0 135 184 134  17   0],7,258,944.760009765625,1350,233,Fuel/Ambient,45805427,1763325004
1763325004252669840,17,[  0 233   0 135 184 134  17   0],7,258,944.760009765625,1350,233,Fuel/Ambient,252289677,1763325004
1763325004446958257,17,[  0 233   0 135 184 133  17   0],7,258,944.739990234375,1350,233,Fuel/Ambient,446362731,1763325004
1763325004654256723,17,[  0 231   0 135 184 133  17   0],7,258,944.739990234375,1350,231,Fuel/Ambient,653838447,1763325004
1763325004851276526,17,[  0 228   0 135 184 132  17   0],7,258,944.719970703125,1350,228,Fuel/Ambient,850951755,1763325004
1763325005048275146,17,[  0 231   0 135 184 132  17   0],7,258,944.719970703125,1350,231,Fuel/Ambient,47585731,1763325005
1763325005256310868,17,[  0 232   0 135 184 132  17   0],7,258,944.719970703125,1350,232,Fuel/Ambient,255150825,1763325005
1763325005451506719,17,[  0 232   0 135 184 131  17   0],7,258,944.7000122070312,1350,232,Fuel/Ambient,451135420,1763325005
1763325005659324903,17,[  0 232   0 135 184 131  17   0],7,258,944.7000122070312,1350,232,Fuel/Ambient,658616768,1763325005
1763325005854361905,17,[  0 233   0 135 184 131  17   0],7,258,944.7000122070312,1350,233,Fuel/Ambient,854031726,1763325005
1763325006060223270,17,[  0 235   0 135 184 130  17   0],7,258,944.6799926757812,1350,235,Fuel/Ambient,59273468,1763325006
1763325006257721129,17,[  0 233   0 136 184 130  17   0],7,258,944.6799926757812,1360,233,Fuel/Ambient,257397510,1763325006
1763325006453883647,17,[  0 233   0 136 184 130  17   0],7,258,944.6799926757812,1360,233,Fuel/Ambient,453410362,1763325006
1763325006660178297,17,[  0 229   0 136 184 130  17   0],7,258,944.6799926757812,1360,229,Fuel/Ambient,659422706,1763325006
1763325006854651966,17,[  0 226   0 136 184 129  17   0],7,258,944.6599731445312,1360,226,Fuel/Ambient,854396348,1763325006
1763325007060697462,17,[  0 223   0 136 184 129  17   0],7,258,944.6599731445312,1360,223,Fuel/Ambient,60212946,1763325007
1763325007260423089,17,[  0 218   0 136 184 129  17   0],7,258,944.6599731445312,1360,218,Fuel/Ambient,259209957,1763325007
1763325007457911925,17,[  0 218   0 136 184 128  17   0],7,258,944.6400146484375,1360,218,Fuel/Ambient,456904971,1763325007
1763325007656244546,17,[  0 212   0 136 184 128  17   0],7,258,944.6400146484375,1360,212,Fuel/Ambient,655732893,1763325007
1763325007862369340,17,[  0 208   0 136 184 128  17   0],7,258,944.6400146484375,1360,208,Fuel/Ambient,862045721,1763325007
1763325008057651883,17,[  0 210   0 136 184 128  17   0],7,258,944.6400146484375,1360,210,Fuel/Ambient,57131206,1763325008
1763325008263813606,17,[  0 211   0 136 184 128  17   0],7,258,944.6400146484375,1360,211,Fuel/Ambient,263423587,1763325008
1763325008459138615,17,[  0 211   0 136 184 127  17   0],7,258,944.6199951171875,1360,211,Fuel/Ambient,458671922,1763325008
1763325008667550057,17,[  0 213   0 136 184 127  17   0],7,258,944.6199951171875,1360,213,Fuel/Ambient,667222565,1763325008
1763325008865647476,17,[  0 215   0 136 184 127  17   0],7,258,944.6199951171875,1360,215,Fuel/Ambient,865278801,1763325008
1763325009062619541,17,[  0 217   0 137 184 127  17   0],7,258,944.6199951171875,1370,217,Fuel/Ambient,62115376,1763325009
1763325009270225121,16,[  0 219   0 137 184 127  16   0],7,258,944.6199951171875,1370,219,Fuel/Ambient,270023455,1763325009
1763325009465993879,16,[  0 219   0 137 184 127  16   0],7,258,944.6199951171875,1370,219,Fuel/Ambient,465483921,1763325009
1763325009662540180,16,[  0 216   0 137 184 127  16   0],7,258,944.6199951171875,1370,216,Fuel/Ambient,661746988,1763325009
1763325009867844681,16,[  0 212   0 137 184 126  16   0],7,258,944.5999755859375,1370,212,Fuel/Ambient,866997568,1763325009
1763325010066462555,16,[  0 209   0 137 184 126  16   0],7,258,944.5999755859375,1370,209,Fuel/Ambient,65259439,1763325010
1763325010271130155,16,[  0 207   0 137 184 126  16   0],7,258,944.5999755859375,1370,207,Fuel/Ambient,270249474,1763325010
1763325010466071642,16,[  0 207   0 137 184 126  16   0],7,258,944.5999755859375,1370,207,Fuel/Ambient,465404531,1763325010
1763325010673494149,16,[  0 207   0 137 184 125  16   0],7,258,944.5800170898438,1370,207,Fuel/Ambient,673233186,1763325010
1763325010870032932,16,[  0 207   0 137 184 125  16   0],7,258,944.5800170898438,1370,207,Fuel/Ambient,868456724,1763325010
1763325011075131512,16,[  0 204   0 137 184 126  16   0],7,258,944.5999755859375,1370,204,Fuel/Ambient,73158756,1763325011
1763325011269666660,16,[  0 208   0 137 184 126  16   0],7,258,944.5999755859375,1370,208,Fuel/Ambient,268778139,1763325011
1763325011477887480,16,[  0 232   0 137 184 126  16   0],7,258,944.5999755859375,1370,232,Fuel/Ambient,476765901,1763325011
1763325011677172244,16,[  0 232   0 137 184 126  16   0],7,258,944.5999755859375,1370,232,Fuel/Ambient,676454445,1763325011
1763325011876948596,16,[  1  14   0 138 184 127  16   0],7,258,944.6199951171875,1380,270,Fuel/Ambient,872742890,1763325011
1763325012072730349,16,[  1  46   0 138 184 127  16   0],7,258,944.6199951171875,1380,302,Fuel/Ambient,72314121,1763325012
1763325012284186563,16,[  1  81   0 138 184 126  16   0],7,258,944.5999755859375,1380,337,Fuel/Ambient,279774615,1763325012
1763325012477692838,16,[  1 116   0 138 184 126  16   0],7,258,944.5999755859375,1380,372,Fuel/Ambient,476703005,1763325012
1763325012677015043,16,[  1 116   0 138 184 124  16   0],7,258,944.5599975585938,1380,372,Fuel/Ambient,676395357,1763325012
1763325012874058026,16,[  1 128   0 138 184 122  16   0],7,258,944.52001953125,1380,384,Fuel/Ambient,873828648,1763325012
1763325013080269580,16,[  1 144   0 138 184 118  16   0],7,258,944.4400024414062,1380,400,Fuel/Ambient,79484740,1763325013
1763325013277913594,16,[  1 165   0 138 184 115  16   0],7,258,944.3800048828125,1380,421,Fuel/Ambient,277685752,1763325013
1763325013484115933,16,[  1 183   0 139 184 111  16   0],7,258,944.2999877929688,1390,439,Fuel/Ambient,483743353,1763325013
1763325013682611891,16,[  1 183   0 139 184 107  16   0],7,258,944.219970703125,1390,439,Fuel/Ambient,680654783,1763325013
1763325013880440578,16,[  1 176   0 139 184 103  16   0],7,258,944.1400146484375,1390,432,Fuel/Ambient,879860701,1763325013
1763325014085785181,16,[  1 171   0 139 184  98  16   0],7,258,944.0399780273438,1390,427,Fuel/Ambient,85132183,1763325014
1763325014283565454,16,[  1 176   0 139 184  94  16   0],7,258,943.9600219726562,1390,432,Fuel/Ambient,283052297,1763325014
1763325014480550486,16,[  1 171   0 139 184  90  16   0],7,258,943.8800048828125,1390,427,Fuel/Ambient,479576877,1763325014
1763325014686179253,16,[  1 171   0 139 184  87  16   0],7,258,943.8200073242188,1390,427,Fuel/Ambient,685762033,1763325014
1763325014881550541,16,[  1 195   0 140 184  84  16   0],7,258,943.760009765625,1400,451,Fuel/Ambient,880740101,1763325014
1763325015088003700,16,[  1 219   0 140 184  81  16   0],7,258,943.7000122070312,1400,475,Fuel/Ambient,87391918,1763325015
1763325015284026709,16,[  1 236   0 140 184  78  16   0],7,258,943.6400146484375,1400,492,Fuel/Ambient,283472303,1763325015
1763325015488595914,16,[  1 250   0 140 184  76  16   0],7,258,943.5999755859375,1400,506,Fuel/Ambient,488317031,1763325015
1763325015687627240,16,[  1 250   0 140 184  74  16   0],7,258,943.5599975585938,1400,506,Fuel/Ambient,686488221,1763325015
1763325015884071725,16,[  1 253   0 140 184  72  16   0],7,258,943.52001953125,1400,509,Fuel/Ambient,883479783,1763325015
1763325016089464171,16,[  1 243   0 141 184  71  16   0],7,258,943.5,1410,499,Fuel/Ambient,88909253,1763325016
1763325016285285546,16,[  1 246   0 141 184  69  16   0],7,258,943.4600219726562,1410,502,Fuel/Ambient,284785765,1763325016
1763325016491177422,16,[  2   3   0 141 184  67  16   0],7,258,943.4199829101562,1410,515,Fuel/Ambient,490716649,1763325016
1763325016690243918,16,[  2   3   0 141 184  66  16   0],7,258,943.4000244140625,1410,515,Fuel/Ambient,689608359,1763325016
1763325016888863401,16,[  2  15   0 141 184  66  16   0],7,258,943.4000244140625,1410,527,Fuel/Ambient,888180034,1763325016
1763325017095458805,16,[  2  47   0 141 184  65  16   0],7,258,943.3800048828125,1410,559,Fuel/Ambient,95184434,1763325017
1763325017296887757,16,[  2  63   0 142 184  64  16   0],7,258,943.3599853515625,1420,575,Fuel/Ambient,296635723,1763325017
1763325017491798821,16,[  2  65   0 142 184  64  16   0],7,258,943.3599853515625,1420,577,Fuel/Ambient,491625475,1763325017
1763325017698050958,16,[  2  86   0 142 184  63  16   0],7,258,943.3400268554688,1420,598,Fuel/Ambient,697551881,1763325017
1763325017893902927,16,[  2  86   0 142 184  61  16   0],7,258,943.2999877929688,1420,598,Fuel/Ambient,893437898,1763325017
1763325018089816785,16,[  2  92   0 142 184  60  16   0],7,258,943.280029296875,1420,604,Fuel/Ambient,89572943,1763325018
1763325018296752706,16,[  2  92   0 143 184  59  16   0],7,258,943.260009765625,1430,604,Fuel/Ambient,296180412,1763325018
1763325018491642171,16,[  2  98   0 143 184  58  16   0],7,258,943.239990234375,1430,610,Fuel/Ambient,491150070,1763325018
1763325018701052548,16,[  2 107   0 143 184  56  16   0],7,258,943.2000122070312,1430,619,Fuel/Ambient,700494943,1763325018
1763325018898555319,16,[  2 107   0 143 184  55  16   0],7,258,943.1799926757812,1430,619,Fuel/Ambient,898074066,1763325018
1763325019093710419,16,[  2 104   0 143 184  54  16   0],7,258,943.1599731445312,1430,616,Fuel/Ambient,93325551,1763325019
1763325019300825927,16,[  2  97   0 144 184  52  16   0],7,258,943.1199951171875,1440,609,Fuel/Ambient,300502212,1763325019
1763325019497916119,16,[  2  90   0 144 184  51  16   0],7,258,943.0999755859375,1440,602,Fuel/Ambient,496457257,1763325019
1763325019707242465,16,[  2  83   0 144 184  51  16   0],7,258,943.0999755859375,1440,595,Fuel/Ambient,704750024,1763325019
1763325019902143995,16,[  2  83   0 144 184  51  16   0],7,258,943.0999755859375,1440,595,Fuel/Ambient,901879865,1763325019
1763325020099475022,16,[  2  78   0 144 184  51  16   0],7,258,943.0999755859375,1440,590,Fuel/Ambient,98927017,1763325020
1763325020307221802,16,[  2  79   0 145 184  51  16   0],7,258,943.0999755859375,1450,591,Fuel/Ambient,306528547,1763325020
1763325020507401882,16,[  2  95   0 145 184  51  16   0],7,258,943.0999755859375,1450,607,Fuel/Ambient,506586354,1763325020
1763325020704761198,16,[  2 110   0 145 184  51  16   0],7,258,943.0999755859375,1450,622,Fuel/Ambient,704168808,1763325020
1763325020900093454,16,[  2 110   0 145 184  51  16   0],7,258,943.0999755859375,1450,622,Fuel/Ambient,899571017,1763325020
1763325021106879489,16,[  2  99   0 145 184  51  16   0],7,258,943.0999755859375,1450,611,Fuel/Ambient,106446748,1763325021
1763325021306626510,16,[  2  85   0 146 184  50  16   0],7,258,943.0800170898438,1460,597,Fuel/Ambient,306302506,1763325021
1763325021503480446,16,[  2  73   0 146 184  49  16   0],7,258,943.0599975585938,1460,585,Fuel/Ambient,502927384,1763325021
1763325021710238449,16,[  2  65   0 146 184  48  16   0],7,258,943.0399780273438,1460,577,Fuel/Ambient,709893070,1763325021
1763325021908297485,16,[  2  65   0 146 184  47  16   0],7,258,943.02001953125,1460,577,Fuel/Ambient,907776744,1763325021
1763325022108881539,16,[  2  73   0 146 184  46  16   0],7,258,943.0,1460,585,Fuel/Ambient,108147612,1763325022
1763325022308184941,16,[  2  80   0 147 184  46  16   0],7,258,943.0,1470,592,Fuel/Ambient,306918913,1763325022
1763325022515141444,16,[  2  89   0 147 184  46  16   0],7,258,943.0,1470,601,Fuel/Ambient,513741654,1763325022
1763325022710918187,16,[  2  95   0 147 184  46  16   0],7,258,943.0,1470,607,Fuel/Ambient,710317413,1763325022
1763325022906944916,16,[  2  95   0 147 184  45  16   0],7,258,942.97998046875,1470,607,Fuel/Ambient,906363790,1763325022
1763325023115448826,16,[  2  87   0 147 184  44  16   0],7,258,942.9600219726562,1470,599,Fuel/Ambient,114674515,1763325023
1763325023310729181,16,[  2  91   0 148 184  44  16   0],7,258,942.9600219726562,1480,603,Fuel/Ambient,310448603,1763325023
1763325023507833139,16,[  2  74   0 148 184  44  16   0],7,258,942.9600219726562,1480,586,Fuel/Ambient,507436431,1763325023
1763325023717023841,16,[  2  70   0 148 184  44  16   0],7,258,942.9600219726562,1480,582,Fuel/Ambient,715970070,1763325023
1763325023914769244,16,[  2  70   0 148 184  45  16   0],7,258,942.97998046875,1480,582,Fuel/Ambient,911907840,1763325023
1763325024118860152,16,[  2  61   0 148 184  46  16   0],7,258,943.0,1480,573,Fuel/Ambient,118139985,1763325024
1763325024316907896,16,[  2  48   0 149 184  47  16   0],7,258,943.02001953125,1490,560,Fuel/Ambient,314969221,1763325024
1763325024511268659,16,[  2  52   0 149 184  47  16   0],7,258,943.02001953125,1490,564,Fuel/Ambient,510948080,1763325024
1763325024720086879,16,[  2  53   0 149 184  48  16   0],7,258,943.0399780273438,1490,565,Fuel/Ambient,719718587,1763325024
1763325024916595664,16,[  2  43   0 149 184  48  16   0],7,258,943.0399780273438,1490,555,Fuel/Ambient,916075786,1763325024
1763325025121803320,16,[  2  43   0 149 184  49  16   0],7,258,943.0599975585938,1490,555,Fuel/Ambient,121610038,1763325025
1763325025318873039,16,[  2  48   0 149 184  50  16   0],7,258,943.0800170898438,1490,560,Fuel/Ambient,318079560,1763325025
1763325025523097935,16,[  2  37   0 150 184  50  16   0],7,258,943.0800170898438,1500,549,Fuel/Ambient,522697931,1763325025
1763325025719873443,16,[  2  25   0 150 184  51  16   0],7,258,943.0999755859375,1500,537,Fuel/Ambient,719164412,1763325025
1763325025924185155,16,[  2  23   0 150 184  51  16   0],7,258,943.0999755859375,1500,535,Fuel/Ambient,923351547,1763325025
1763325026125179203,16,[  2  23   0 150 184  51  16   0],7,258,943.0999755859375,1500,535,Fuel/Ambient,124339898,1763325026
1763325026322944098,16,[  2  30   0 150 184  52  16   0],7,258,943.1199951171875,1500,542,Fuel/Ambient,322578751,1763325026
1763325026521909838,16,[  2  33   0 151 184  52  16   0],7,258,943.1199951171875,1510,545,Fuel/Ambient,521046789,1763325026
1763325026721290398,16,[  2  31   0 151 184  53  16   0],7,258,943.1400146484375,1510,543,Fuel/Ambient,720841241,1763325026
1763325026926566153,16,[  2  35   0 151 184  52  16   0],7,258,943.1199951171875,1510,547,Fuel/Ambient,926311174,1763325026
1763325027124159879,16,[  2  35   0 151 184  52  16   0],7,258,943.1199951171875,1510,547,Fuel/Ambient,123446176,1763325027
1763325027320714396,16,[  2  30   0 151 184  51  16   0],7,258,943.0999755859375,1510,542,Fuel/Ambient,319863156,1763325027
1763325027526637295,16,[  2  36   0 152 184  50  16   0],7,258,943.0800170898438,1520,548,Fuel/Ambient,526342796,1763325027
1763325027725625212,16,[  2  49   0 152 184  49  16   0],7,258,943.0599975585938,1520,561,Fuel/Ambient,724399280,1763325027
1763325027933781925,16,[  2  53   0 152 184  48  16   0],7,258,943.0399780273438,1520,565,Fuel/Ambient,931782385,1763325027
1763325028130709375,16,[  2  53   0 152 184  48  16   0],7,258,943.0399780273438,1520,565,Fuel/Ambient,130137049,1763325028
1763325028329603180,16,[  2  69   0 152 184  48  16   0],7,258,943.0399780273438,1520,581,Fuel/Ambient,328493377,1763325028
1763325028525261273,16,[  2  71   0 152 184  48  16   0],7,258,943.0399780273438,1520,583,Fuel/Ambient,524882037,1763325028
1763325028732377145,16,[  2  71   0 153 184  48  16   0],7,258,943.0399780273438,1530,583,Fuel/Ambient,732146903,1763325028
1763325028928151144,16,[  2  66   0 153 184  48  16   0],7,258,943.0399780273438,1530,578,Fuel/Ambient,927447648,1763325028
1763325029134620162,16,[  2  66   0 153 184  48  16   0],7,258,943.0399780273438,1530,578,Fuel/Ambient,134167293,1763325029
1763325029332762217,16,[  2  58   0 153 184  49  16   0],7,258,943.0599975585938,1530,570,Fuel/Ambient,332089666,1763325029
1763325029529297440,16,[  2  70   0 153 184  49  16   0],7,258,943.0599975585938,1530,582,Fuel/Ambient,528137333,1763325029
1763325029736975911,16,[  2  76   0 154 184  49  16   0],7,258,943.0599975585938,1540,588,Fuel/Ambient,736146271,1763325029
1763325029936984801,16,[  2  82   0 154 184  50  16   0],7,258,943.0800170898438,1540,594,Fuel/Ambient,935849206,1763325029
1763325030139080241,16,[  2  82   0 154 184  50  16   0],7,258,943.0800170898438,1540,594,Fuel/Ambient,138817455,1763325030
1763325030334788673,16,[  2  75   0 154 184  50  16   0],7,258,943.0800170898438,1540,587,Fuel/Ambient,333993017,1763325030
1763325030535975528,16,[  2  75   0 154 184  50  16   0],7,258,943.0800170898438,1540,587,Fuel/Ambient,535311554,1763325030
1763325030734438964,16,[  2  71   0 155 184  50  16   0],7,258,943.0800170898438,1550,583,Fuel/Ambient,732954597,1763325030
1763325030943919983,16,[  2  67   0 155 184  51  16   0],7,258,943.0999755859375,1550,579,Fuel/Ambient,940637390,1763325030
1763325031139703872,16,[  2  62   0 155 184  51  16   0],7,258,943.0999755859375,1550,574,Fuel/Ambient,139462142,1763325031
1763325031338314895,16,[  2  62   0 155 184  52  16   0],7,258,943.1199951171875,1550,574,Fuel/Ambient,337891882,1763325031
1763325031536134453,16,[  2  56   0 155 184  53  16   0],7,258,943.1400146484375,1550,568,Fuel/Ambient,535399566,1763325031
1763325031742782100,16,[  2  61   0 156 184  53  16   0],7,258,943.1400146484375,1560,573,Fuel/Ambient,742515762,1763325031
1763325031938704424,16,[  2  67   0 156 184  54  16   0],7,258,943.1599731445312,1560,579,Fuel/Ambient,938229059,1763325031
1763325032146055887,16,[  2  74   0 156 184  54  16   0],7,258,943.1599731445312,1560,586,Fuel/Ambient,144953156,1763325032
1763325032343576916,16,[  2  74   0 156 184  55  16   0],7,258,943.1799926757812,1560,586,Fuel/Ambient,343149936,1763325032
1763325032542044770,16,[  2  79   0 156 184  55  16   0],7,258,943.1799926757812,1560,591,Fuel/Ambient,541757695,1763325032
1763325032739877642,16,[  2  64   0 157 184  55  16   0],7,258,943.1799926757812,1570,576,Fuel/Ambient,739648168,1763325032
1763325032946171623,16,[  2  61   0 157 184  55  16   0],7,258,943.1799926757812,1570,573,Fuel/Ambient,945613282,1763325032
1763325033143647756,16,[  2  58   0 157 184  55  16   0],7,258,943.1799926757812,1570,570,Fuel/Ambient,143434506,1763325033
1763325033341320340,16,[  2  58   0 157 184  56  16   0],7,258,943.2000122070312,1570,570,Fuel/Ambient,341123154,1763325033
1763325033548984608,16,[  2  61   0 157 184  55  16   0],7,258,943.1799926757812,1570,573,Fuel/Ambient,548718333,1763325033
1763325033745596253,16,[  2  65   0 158 184  55  16   0],7,258,943.1799926757812,1580,577,Fuel/Ambient,745394075,1763325033
1763325033947261101,16,[  2  68   0 158 184  54  16   0],7,258,943.1599731445312,1580,580,Fuel/Ambient,946035200,1763325033
1763325034144728435,16,[  2  66   0 158 184  54  16   0],7,258,943.1599731445312,1580,578,Fuel/Ambient,144002252,1763325034
1763325034352495010,16,[  2  66   0 158 184  54  16   0],7,258,943.1599731445312,1580,578,Fuel/Ambient,351609881,1763325034
1763325034549159136,16,[  2  62   0 158 184  54  16   0],7,258,943.1599731445312,1580,574,Fuel/Ambient,548390361,1763325034
1763325034744386896,16,[  2  66   0 158 184  54  16   0],7,258,943.1599731445312,1580,578,Fuel/Ambient,744105614,1763325034
1763325034951571065,16,[  2  72   0 159 184  54  16   0],7,258,943.1599731445312,1590,584,Fuel/Ambient,950780369,1763325034
1763325035146817546,16,[  2  81   0 159 184  54  16   0],7,258,943.1599731445312,1590,593,Fuel/Ambient,146248197,1763325035
1763325035348899265,16,[  2  81   0 159 184  55  16   0],7,258,943.1799926757812,1590,593,Fuel/Ambient,348568509,1763325035
1763325035554572508,16,[  2  82   0 159 184  55  16   0],7,258,943.1799926757812,1590,594,Fuel/Ambient,554389754,1763325035
1763325035751867330,16,[  2  85   0 159 184  55  16   0],7,258,943.1799926757812,1590,597,Fuel/Ambient,751125434,1763325035
1763325035956845685,16,[  2  84   0 160 184  56  16   0],7,258,943.2000122070312,1600,596,Fuel/Ambient,955994029,1763325035
1763325036152760079,16,[  2  78   0 160 184  56  16   0],7,258,943.2000122070312,1600,590,Fuel/Ambient,150936828,1763325036
1763325036358285513,16,[  2  78   0 160 184  55  16   0],7,258,943.1799926757812,1600,590,Fuel/Ambient,357362752,1763325036
1763325036553174840,16,[  2  81   0 160 184  56  16   0],7,258,943.2000122070312,1600,593,Fuel/Ambient,552679059,1763325036
1763325036755164655,16,[  2  75   0 160 184  56  16   0],7,258,943.2000122070312,1600,587,Fuel/Ambient,754845868,1763325036
1763325036953689411,16,[  2  82   0 161 184  57  16   0],7,258,943.219970703125,1610,594,Fuel/Ambient,953315007,1763325036
1763325037160901360,16,[  2  81   0 161 184  58  16   0],7,258,943.239990234375,1610,593,Fuel/Ambient,160514156,1763325037
1763325037356177284,16,[  2  81   0 161 184  58  16   0],7,258,943.239990234375,1610,593,Fuel/Ambient,355351612,1763325037
1763325037563033037,16,[  2  81   0 161 184  59  16   0],7,258,943.260009765625,1610,593,Fuel/Ambient,562182469,1763325037
1763325037760740058,16,[  2  72   0 161 184  59  16   0],7,258,943.260009765625,1610,584,Fuel/Ambient,760277205,1763325037
1763325037957206426,16,[  2  78   0 162 184  59  16   0],7,258,943.260009765625,1620,590,Fuel/Ambient,956417778,1763325037
1763325038161690861,16,[  2  74   0 162 184  59  16   0],7,258,943.260009765625,1620,586,Fuel/Ambient,161408650,1763325038
1763325038356514878,16,[  2  78   0 162 184  59  16   0],7,258,943.260009765625,1620,590,Fuel/Ambient,356051193,1763325038
1763325038563595723,16,[  2  78   0 162 184  59  16   0],7,258,943.260009765625,1620,590,Fuel/Ambient,562812899,1763325038
1763325038760577425,16,[  2  76   0 162 184  59  16   0],7,258,943.260009765625,1620,588,Fuel/Ambient,759984971,1763325038
1763325038968707721,16,[  2  74   0 163 184  59  16   0],7,258,943.260009765625,1630,586,Fuel/Ambient,968492391,1763325038
1763325039164609734,16,[  2  77   0 163 184  60  16   0],7,258,943.280029296875,1630,589,Fuel/Ambient,164312515,1763325039
1763325039363655522,16,[  2  81   0 163 184  60  16   0],7,258,943.280029296875,1630,593,Fuel/Ambient,362855578,1763325039
1763325039563901964,16,[  2  81   0 163 184  60  16   0],7,258,943.280029296875,1630,593,Fuel/Ambient,563148452,1763325039
1763325039765132702,16,[  2  74   0 163 184  61  16   0],7,258,943.2999877929688,1630,586,Fuel/Ambient,764357591,1763325039
1763325039971396932,16,[  2  75   0 164 184  62  16   0],7,258,943.3200073242188,1640,587,Fuel/Ambient,968988204,1763325039
1763325040165349679,16,[  2  60   0 164 184  62  16   0],7,258,943.3200073242188,1640,572,Fuel/Ambient,164881482,1763325040
1763325040372301021,16,[  2  46   0 164 184  62  16   0],7,258,943.3200073242188,1640,558,Fuel/Ambient,371538453,1763325040
1763325040566877742,17,[  2  46   0 164 184  63  17   0],7,258,943.3400268554688,1640,558,Fuel/Ambient,566541514,1763325040
1763325040767450779,17,[  2  38   0 164 184  64  17   0],7,258,943.3599853515625,1640,550,Fuel/Ambient,766391761,1763325040
1763325040973107516,17,[  2  19   0 165 184  65  17   0],7,258,943.3800048828125,1650,531,Fuel/Ambient,972662008,1763325040
1763325041168567031,17,[  2  14   0 165 184  66  17   0],7,258,943.4000244140625,1650,526,Fuel/Ambient,167580589,1763325041
1763325041375091778,17,[  1 254   0 165 184  68  17   0],7,258,943.4400024414062,1650,510,Fuel/Ambient,374397947,1763325041
1763325041572562226,17,[  1 254   0 165 184  70  17   0],7,258,943.47998046875,1650,510,Fuel/Ambient,572023308,1763325041
1763325041771389487,17,[  1 254   0 165 184  71  17   0],7,258,943.5,1650,510,Fuel/Ambient,771076268,1763325041
1763325041972119807,17,[  1 243   0 165 184  73  17   0],7,258,943.5399780273438,1650,499,Fuel/Ambient,971801980,1763325041
1763325042177684418,17,[  1 237   0 166 184  74  17   0],7,258,943.5599975585938,1660,493,Fuel/Ambient,177020315,1763325042
1763325042374415371,17,[  1 229   0 166 184  75  17   0],7,258,943.5800170898438,1660,485,Fuel/Ambient,374125064,1763325042
1763325042580800566,17,[  1 229   0 166 184  77  17   0],7,258,943.6199951171875,1660,485,Fuel/Ambient,579916781,1763325042
1763325042777977955,17,[  1 228   0 166 184  78  17   0],7,258,943.6400146484375,1660,484,Fuel/Ambient,777708257,1763325042
1763325042975009904,17,[  1 219   0 166 184  79  17   0],7,258,943.6599731445312,1660,475,Fuel/Ambient,974789485,1763325042
1763325043173180616,17,[  1 221   0 166 184  81  17   0],7,258,943.7000122070312,1660,477,Fuel/Ambient,172535042,1763325043
1763325043380022201,17,[  1 219   0 167 184  82  17   0],7,258,943.719970703125,1670,475,Fuel/Ambient,379356979,1763325043
1763325043577737710,17,[  1 219   0 167 184  83  17   0],7,258,943.739990234375,1670,475,Fuel/Ambient,575637880,1763325043
1763325043784931842,17,[  1 218   0 167 184  85  17   0],7,258,943.780029296875,1670,474,Fuel/Ambient,784506654,1763325043
1763325043980653154,17,[  1 218   0 167 184  86  17   0],7,258,943.7999877929688,1670,474,Fuel/Ambient,979830938,1763325043
1763325044177721169,17,[  1 215   0 167 184  86  17   0],7,258,943.7999877929688,1670,471,Fuel/Ambient,177105547,1763325044
1763325044383518841,17,[  1 230   0 167 184  87  17   0],7,258,943.8200073242188,1670,486,Fuel/Ambient,383028148,1763325044
1763325044582362458,17,[  1 249   0 168 184  88  17   0],7,258,943.8400268554688,1680,505,Fuel/Ambient,581515633,1763325044
1763325044784993825,17,[  1 249   0 168 184  88  17   0],7,258,943.8400268554688,1680,505,Fuel/Ambient,784475452,1763325044
1763325044982660118,17,[  1 251   0 168 184  88  17   0],7,258,943.8400268554688,1680,507,Fuel/Ambient,981132711,1763325044
1763325045185584578,17,[  2   8   0 168 184  88  17   0],7,258,943.8400268554688,1680,520,Fuel/Ambient,185359871,1763325045
1763325045385709201,17,[  2  22   0 168 184  87  17   0],7,258,943.8200073242188,1680,534,Fuel/Ambient,385485519,1763325045
1763325045584284208,17,[  2  35   0 168 184  87  17   0],7,258,943.8200073242188,1680,547,Fuel/Ambient,583628138,1763325045
1763325045782965201,17,[  2  35   0 168 184  86  17   0],7,258,943.7999877929688,1680,547,Fuel/Ambient,782622222,1763325045
1763325045982812605,17,[  2  44   0 169 184  85  17   0],7,258,943.780029296875,1690,556,Fuel/Ambient,982453178,1763325045
1763325046193226390,17,[  2  51   0 169 184  85  17   0],7,258,943.780029296875,1690,563,Fuel/Ambient,192281805,1763325046
1763325046388913274,17,[  2  58   0 169 184  83  17   0],7,258,943.739990234375,1690,570,Fuel/Ambient,387694893,1763325046
1763325046587961215,17,[  2  68   0 169 184  82  17   0],7,258,943.719970703125,1690,580,Fuel/Ambient,587425370,1763325046
1763325046785131346,17,[  2  68   0 169 184  81  17   0],7,258,943.7000122070312,1690,580,Fuel/Ambient,784205320,1763325046
1763325046990952380,17,[  2  72   0 170 184  79  17   0],7,258,943.6599731445312,1700,584,Fuel/Ambient,989951890,1763325046
1763325047197211980,17,[  2  68   0 170 184  77  17   0],7,258,943.6199951171875,1700,580,Fuel/Ambient,196506373,1763325047
1763325047392447084,17,[  2  68   0 170 184  75  17   0],7,258,943.5800170898438,1700,580,Fuel/Ambient,391045598,1763325047
1763325047587880334,17,[  2  71   0 170 184  74  17   0],7,258,943.5599975585938,1700,583,Fuel/Ambient,587456554,1763325047
1763325047795397771,17,[  2  71   0 170 184  72  17   0],7,258,943.52001953125,1700,583,Fuel/Ambient,794721572,1763325047
1763325047994670196,17,[  2  71   0 171 184  71  17   0],7,258,943.5,1710,583,Fuel/Ambient,992263484,1763325047
1763325048199241620,17,[  2  68   0 171 184  70  17   0],7,258,943.47998046875,1710,580,Fuel/Ambient,198514445,1763325048
1763325048396948911,17,[  2  65   0 171 184  69  17   0],7,258,943.4600219726562,1710,577,Fuel/Ambient,396376937,1763325048
1763325048592230448,17,[  2  57   0 171 184  69  17   0],7,258,943.4600219726562,1710,569,Fuel/Ambient,591758667,1763325048
1763325048800256019,17,[  2  57   0 171 184  69  17   0],7,258,943.4600219726562,1710,569,Fuel/Ambient,799488204,1763325048
1763325048996483231,17,[  2  55   0 172 184  68  17   0],7,258,943.4400024414062,1720,567,Fuel/Ambient,995242930,1763325048
1763325049203050132,17,[  2  57   0 172 184  68  17   0],7,258,943.4400024414062,1720,569,Fuel/Ambient,201915145,1763325049
1763325049397738513,17,[  2  52   0 172 184  68  17   0],7,258,943.4400024414062,1720,564,Fuel/Ambient,396849544,1763325049
1763325049594951016,17,[  2  56   0 172 184  68  17   0],7,258,943.4400024414062,1720,568,Fuel/Ambient,594026270,1763325049
1763325049801034201,17,[  2  56   0 172 184  68  17   0],7,258,943.4400024414062,1720,568,Fuel/Ambient,800437235,1763325049
1763325049996431069,17,[  2  62   0 172 184  68  17   0],7,258,943.4400024414062,1720,574,Fuel/Ambient,995058575,1763325049
1763325050203767548,17,[  2  63   0 173 184  68  17   0],7,258,943.4400024414062,1730,575,Fuel/Ambient,200932895,1763325050
1763325050398147030,17,[  2  66   0 173 184  68  17   0],7,258,943.4400024414062,1730,578,Fuel/Ambient,397048299,1763325050
1763325050605054321,17,[  2  73   0 173 184  68  17   0],7,258,943.4400024414062,1730,585,Fuel/Ambient,604260265,1763325050
1763325050804177052,17,[  2  73   0 173 184  68  17   0],7,258,943.4400024414062,1730,585,Fuel/Ambient,800860634,1763325050
1763325051007772373,17,[  2  73   0 173 184  68  17   0],7,258,943.4400024414062,1730,585,Fuel/Ambient,7531442,1763325051
1763325051204887533,17,[  2  68   0 174 184  68  17   0],7,258,943.4400024414062,1740,580,Fuel/Ambient,204310215,1763325051
1763325051399243657,17,[  2  64   0 174 184  68  17   0],7,258,943.4400024414062,1740,576,Fuel/Ambient,398980710,1763325051
1763325051605930402,17,[  2  58   0 174 184  68  17   0],7,258,943.4400024414062,1740,570,Fuel/Ambient,604795383,1763325051
1763325051802488212,17,[  2  52   0 174 184  68  17   0],7,258,943.4400024414062,1740,564,Fuel/Ambient,802273074,1763325051
1763325052007530173,17,[  2  52   0 174 184  68  17   0],7,258,943.4400024414062,1740,564,Fuel/Ambient,6909047,1763325052
1763325052203561771,17,[  2  43   0 175 184  68  17   0],7,258,943.4400024414062,1750,555,Fuel/Ambient,203159463,1763325052
1763325052408350291,17,[  2  40   0 175 184  68  17   0],7,258,943.4400024414062,1750,552,Fuel/Ambient,408076592,1763325052
1763325052604954695,17,[  2  33   0 175 184  68  17   0],7,258,943.4400024414062,1750,545,Fuel/Ambient,604378081,1763325052
1763325052814856674,17,[  2  43   0 175 184  69  17   0],7,258,943.4600219726562,1750,555,Fuel/Ambient,812304776,1763325052
1763325053007843857,17,[  2  43   0 175 184  69  17   0],7,258,943.4600219726562,1750,555,Fuel/Ambient,7611919,1763325053
1763325053208142508,17,[  2  49   0 176 184  69  17   0],7,258,943.4600219726562,1760,561,Fuel/Ambient,207492805,1763325053
1763325053406276337,17,[  2  54   0 176 184  69  17   0],7,258,943.4600219726562,1760,566,Fuel/Ambient,405688523,1763325053
1763325053612506504,17,[  2  56   0 176 184  69  17   0],7,258,943.4600219726562,1760,568,Fuel/Ambient,611476702,1763325053
1763325053810027303,17,[  2  58   0 176 184  69  17   0],7,258,943.4600219726562,1760,570,Fuel/Ambient,809644771,1763325053
1763325054015371509,17,[  2  58   0 176 184  68  17   0],7,258,943.4400024414062,1760,570,Fuel/Ambient,13792549,1763325054
1763325054209198799,17,[  2  55   0 176 184  67  17   0],7,258,943.4199829101562,1760,567,Fuel/Ambient,208459623,1763325054
1763325054418389734,17,[  2  52   0 177 184  67  17   0],7,258,943.4199829101562,1770,564,Fuel/Ambient,417965954,1763325054
1763325054615165854,17,[  2  59   0 177 184  67  17   0],7,258,943.4199829101562,1770,571,Fuel/Ambient,614957372,1763325054
1763325054814286990,17,[  2  63   0 177 184  66  17   0],7,258,943.4000244140625,1770,575,Fuel/Ambient,813929802,1763325054
1763325055021513713,17,[  2  63   0 177 184  66  17   0],7,258,943.4000244140625,1770,575,Fuel/Ambient,21260974,1763325055
1763325055220523041,17,[  2  61   0 177 184  67  17   0],7,258,943.4199829101562,1770,573,Fuel/Ambient,220111421,1763325055
1763325055416300464,17,[  2  59   0 178 184  67  17   0],7,258,943.4199829101562,1780,571,Fuel/Ambient,415539368,1763325055
1763325055622366184,17,[  2  62   0 178 184  67  17   0],7,258,943.4199829101562,1780,574,Fuel/Ambient,621569248,1763325055
1763325055821196630,17,[  2  67   0 178 184  67  17   0],7,258,943.4199829101562,1780,579,Fuel/Ambient,820846035,1763325055
1763325056017713389,17,[  2  67   0 178 184  67  17   0],7,258,943.4199829101562,1780,579,Fuel/Ambient,16797924,1763325056
1763325056223025727,17,[  2  71   0 178 184  67  17   0],7,258,943.4199829101562,1780,583,Fuel/Ambient,222537722,1763325056
1763325056418684462,17,[  2  66   0 179 184  67  17   0],7,258,943.4199829101562,1790,578,Fuel/Ambient,417991527,1763325056
1763325056624511749,17,[  2  66   0 179 184  66  17   0],7,258,943.4000244140625,1790,578,Fuel/Ambient,624113025,1763325056
1763325056821584258,17,[  2  63   0 179 184  65  17   0],7,258,943.3800048828125,1790,575,Fuel/Ambient,820707321,1763325056
1763325057018200283,17,[  2  60   0 179 184  65  17   0],7,258,943.3800048828125,1790,572,Fuel/Ambient,17980953,1763325057
1763325057225170943,17,[  2  60   0 179 184  65  17   0],7,258,943.3800048828125,1790,572,Fuel/Ambient,224371703,1763325057
1763325057420983633,17,[  2  51   0 180 184  64  17   0],7,258,943.3599853515625,1800,563,Fuel/Ambient,420741615,1763325057
1763325057626080930,17,[  2  49   0 180 184  64  17   0],7,258,943.3599853515625,1800,561,Fuel/Ambient,625875488,1763325057
1763325057823806151,17,[  2  42   0 180 184  64  17   0],7,258,943.3599853515625,1800,554,Fuel/Ambient,823201377,1763325057
1763325058023847108,17,[  2  43   0 180 184  64  17   0],7,258,943.3599853515625,1800,555,Fuel/Ambient,23613442,1763325058
1763325058222775511,17,[  2  43   0 180 184  64  17   0],7,258,943.3599853515625,1800,555,Fuel/Ambient,222485972,1763325058
1763325058434398700,17,[  2  40   0 181 184  64  17   0],7,258,943.3599853515625,1810,552,Fuel/Ambient,433988808,1763325058
1763325058631308906,17,[  2  37   0 181 184  64  17   0],7,258,943.3599853515625,1810,549,Fuel/Ambient,628298827,1763325058
1763325058828018918,17,[  2  38   0 181 184  64  17   0],7,258,943.3599853515625,1810,550,Fuel/Ambient,827349760,1763325058
1763325059027535263,17,[  2  35   0 181 184  64  17   0],7,258,943.3599853515625,1810,547,Fuel/Ambient,26528789,1763325059
1763325059233698718,17,[  2  35   0 181 184  65  17   0],7,258,943.3800048828125,1810,547,Fuel/Ambient,233449627,1763325059
1763325059429936278,17,[  2  36   0 181 184  65  17   0],7,258,943.3800048828125,1810,548,Fuel/Ambient,429417937,1763325059
1763325059636457080,17,[  2  34   0 182 184  65  17   0],7,258,943.3800048828125,1820,546,Fuel/Ambient,635508462,1763325059
1763325059833914877,17,[  2  31   0 182 184  66  17   0],7,258,943.4000244140625,1820,543,Fuel/Ambient,833478585,1763325059
1763325060030984126,17,[  2  30   0 182 184  66  17   0],7,258,943.4000244140625,1820,542,Fuel/Ambient,30271959,1763325060
1763325060235841520,17,[  2  30   0 182 184  66  17   0],7,258,943.4000244140625,1820,542,Fuel/Ambient,235576429,1763325060
1763325060433191605,17,[  2  32   0 182 184  67  17   0],7,258,943.4199829101562,1820,544,Fuel/Ambient,431652134,1763325060
1763325060639915386,17,[  2  34   0 183 184  67  17   0],7,258,943.4199829101562,1830,546,Fuel/Ambient,638693134,1763325060
1763325060834829415,17,[  2  36   0 183 184  68  17   0],7,258,943.4400024414062,1830,548,Fuel/Ambient,834531139,1763325060
1763325061041199912,17,[  2  33   0 183 184  68  17   0],7,258,943.4400024414062,1830,545,Fuel/Ambient,40413056,1763325061
1763325061237435171,17,[  2  33   0 183 184  68  17   0],7,258,943.4400024414062,1830,545,Fuel/Ambient,235857171,1763325061
1763325061432687348,17,[  2  41   0 183 184  69  17   0],7,258,943.4600219726562,1830,553,Fuel/Ambient,431883020,1763325061
1763325061641911188,17,[  2  56   0 183 184  69  17   0],7,258,943.4600219726562,1830,568,Fuel/Ambient,641576944,1763325061
1763325061839836928,17,[  2  61   0 184 184  69  17   0],7,258,943.4600219726562,1840,573,Fuel/Ambient,839392988,1763325061
1763325062035483669,17,[  2  76   0 184 184  68  17   0],7,258,943.4400024414062,1840,588,Fuel/Ambient,35094161,1763325062
1763325062241903034,16,[  2  76   0 184 184  68  16   0],7,258,943.4400024414062,1840,588,Fuel/Ambient,241515254,1763325062
1763325062437878419,16,[  2  76   0 184 184  67  16   0],7,258,943.4199829101562,1840,588,Fuel/Ambient,437319725,1763325062
1763325062642176482,16,[  2  68   0 184 184  66  16   0],7,258,943.4000244140625,1840,580,Fuel/Ambient,641497627,1763325062
1763325062844087864,16,[  2  76   0 185 184  65  16   0],7,258,943.3800048828125,1850,588,Fuel/Ambient,842947628,1763325062
1763325063039788207,16,[  2  78   0 185 184  64  16   0],7,258,943.3599853515625,1850,590,Fuel/Ambient,39590893,1763325063
1763325063245271787,16,[  2  78   0 185 184  63  16   0],7,258,943.3400268554688,1850,590,Fuel/Ambient,244687845,1763325063
1763325063442358513,16,[  2  72   0 185 184  63  16   0],7,258,943.3400268554688,1850,584,Fuel/Ambient,441841611,1763325063
1763325063647462729,16,[  2  56   0 185 184  62  16   0],7,258,943.3200073242188,1850,568,Fuel/Ambient,647059173,1763325063
1763325063844279404,16,[  2  37   0 186 184  62  16   0],7,258,943.3200073242188,1860,549,Fuel/Ambient,843636709,1763325063
1763325064050585009,16,[  2  25   0 186 184  62  16   0],7,258,943.3200073242188,1860,537,Fuel/Ambient,49908074,1763325064
1763325064247272180,16,[  2   7   0 186 184  63  16   0],7,258,943.3400268554688,1860,519,Fuel/Ambient,246567757,1763325064
1763325064447269465,16,[  2   7   0 186 184  64  16   0],7,258,943.3599853515625,1860,519,Fuel/Ambient,445360005,1763325064
1763325064653138714,16,[  1 254   0 186 184  65  16   0],7,258,943.3800048828125,1860,510,Fuel/Ambient,652083727,1763325064
1763325064849965343,16,[  1 236   0 186 184  66  16   0],7,258,943.4000244140625,1860,492,Fuel/Ambient,849400665,1763325064
1763325065045854618,16,[  1 234   0 187 184  68  16   0],7,258,943.4400024414062,1870,490,Fuel/Ambient,45649496,1763325065
1763325065254925533,16,[  1 226   0 187 184  69  16   0],7,258,943.4600219726562,1870,482,Fuel/Ambient,251971231,1763325065
1763325065448599554,16,[  1 226   0 187 184  71  16   0],7,258,943.5,1870,482,Fuel/Ambient,448244703,1763325065
1763325065655644113,16,[  1 223   0 187 184  73  16   0],7,258,943.5399780273438,1870,479,Fuel/Ambient,655290573,1763325065
1763325065854741230,16,[  1 229   0 187 184  75  16   0],7,258,943.5800170898438,1870,485,Fuel/Ambient,853940390,1763325065
1763325066050941165,16,[  1 233   0 187 184  76  16   0],7,258,943.5999755859375,1870,489,Fuel/Ambient,49900835,1763325066
1763325066256024585,16,[  1 245   0 188 184  78  16   0],7,258,943.6400146484375,1880,501,Fuel/Ambient,255394050,1763325066
1763325066452247882,16,[  1 245   0 188 184  78  16   0],7,258,943.6400146484375,1880,501,Fuel/Ambient,451789925,1763325066
1763325066658713459,16,[  2   4   0 188 184  79  16   0],7,258,943.6599731445312,1880,516,Fuel/Ambient,658203182,1763325066
1763325066855166582,16,[  2  13   0 188 184  79  16   0],7,258,943.6599731445312,1880,525,Fuel/Ambient,854952532,1763325066
1763325067051716347,16,[  2  32   0 188 184  79  16   0],7,258,943.6599731445312,1880,544,Fuel/Ambient,51039220,1763325067
1763325067257290748,16,[  2  37   0 189 184  78  16   0],7,258,943.6400146484375,1890,549,Fuel/Ambient,256727063,1763325067
1763325067456790656,16,[  2  37   0 189 184  78  16   0],7,258,943.6400146484375,1890,549,Fuel/Ambient,456564062,1763325067
1763325067653491079,16,[  2  42   0 189 184  78  16   0],7,258,943.6400146484375,1890,554,Fuel/Ambient,653234788,1763325067
1763325067860912187,16,[  2  50   0 189 184  77  16   0],7,258,943.6199951171875,1890,562,Fuel/Ambient,860703641,1763325067
1763325068056554776,16,[  2  53   0 189 184  77  16   0],7,258,943.6199951171875,1890,565,Fuel/Ambient,56140691,1763325068
1763325068262364221,16,[  2  50   0 190 184  77  16   0],7,258,943.6199951171875,1900,562,Fuel/Ambient,261738295,1763325068
1763325068458630048,16,[  2  50   0 190 184  76  16   0],7,258,943.5999755859375,1900,562,Fuel/Ambient,458343261,1763325068
1763325068665139309,16,[  2  43   0 190 184  75  16   0],7,258,943.5800170898438,1900,555,Fuel/Ambient,664451558,1763325068
1763325068864622898,16,[  2  40   0 190 184  75  16   0],7,258,943.5800170898438,1900,552,Fuel/Ambient,862068599,1763325068
1763325069061421595,16,[  2  33   0 190 184  74  16   0],7,258,943.5599975585938,1900,545,Fuel/Ambient,60527602,1763325069
1763325069266114646,16,[  2  30   0 190 184  74  16   0],7,258,943.5599975585938,1900,542,Fuel/Ambient,265866964,1763325069
1763325069461806293,16,[  2  30   0 190 184  75  16   0],7,258,943.5800170898438,1900,542,Fuel/Ambient,461338576,1763325069
1763325069666990421,16,[  2  18   0 191 184  75  16   0],7,258,943.5800170898438,1910,530,Fuel/Ambient,666541616,1763325069
1763325069866297753,16,[  2  20   0 191 184  75  16   0],7,258,943.5800170898438,1910,532,Fuel/Ambient,865186221,1763325069
1763325070061476338,16,[  2  13   0 191 184  75  16   0],7,258,943.5800170898438,1910,525,Fuel/Ambient,60669578,1763325070
1763325070269953878,16,[  2   1   0 191 184  76  16   0],7,258,943.5999755859375,1910,513,Fuel/Ambient,269538098,1763325070
1763325070469090937,16,[  1 254   0 192 184  76  16   0],7,258,943.5999755859375,1920,510,Fuel/Ambient,468163536,1763325070
1763325070664974331,16,[  1 254   0 192 184  76  16   0],7,258,943.5999755859375,1920,510,Fuel/Ambient,664343668,1763325070
1763325070872782455,16,[  1 247   0 192 184  77  16   0],7,258,943.6199951171875,1920,503,Fuel/Ambient,872390323,1763325070
1763325071071530935,16,[  1 237   0 192 184  77  16   0],7,258,943.6199951171875,1920,493,Fuel/Ambient,70953873,1763325071
1763325071266962581,16,[  1 231   0 192 184  78  16   0],7,258,943.6400146484375,1920,487,Fuel/Ambient,266463184,1763325071
1763325071473295876,16,[  1 225   0 192 184  78  16   0],7,258,943.6400146484375,1920,481,Fuel/Ambient,472193529,1763325071
1763325071671350045,16,[  1 225   0 192 184  78  16   0],7,258,943.6400146484375,1920,481,Fuel/Ambient,669839502,1763325071
1763325071872406869,16,[  1 220   0 193 184  79  16   0],7,258,943.6599731445312,1930,476,Fuel/Ambient,871391371,1763325071
1763325072070201804,16,[  1 226   0 193 184  80  16   0],7,258,943.6799926757812,1930,482,Fuel/Ambient,68918655,1763325072
1763325072269310994,16,[  1 227   0 193 184  80  16   0],7,258,943.6799926757812,1930,483,Fuel/Ambient,267855043,1763325072
1763325072476300360,16,[  1 229   0 193 184  80  16   0],7,258,943.6799926757812,1930,485,Fuel/Ambient,475908420,1763325072
1763325072673279383,16,[  1 229   0 193 184  81  16   0],7,258,943.7000122070312,1930,485,Fuel/Ambient,672615441,1763325072
1763325072880420976,16,[  1 236   0 193 184  81  16   0],7,258,943.7000122070312,1930,492,Fuel/Ambient,879700648,1763325072
1763325073076078034,16,[  1 243   0 194 184  81  16   0],7,258,943.7000122070312,1940,499,Fuel/Ambient,74448897,1763325073
1763325073279910505,16,[  1 250   0 194 184  82  16   0],7,258,943.719970703125,1940,506,Fuel/Ambient,279395908,1763325073
1763325073474668130,16,[  2   6   0 194 184  81  16   0],7,258,943.7000122070312,1940,518,Fuel/Ambient,474466304,1763325073
1763325073680174059,16,[  2   6   0 194 184  81  16   0],7,258,943.7000122070312,1940,518,Fuel/Ambient,679688902,1763325073
1763325073880928162,16,[  2  22   0 194 184  81  16   0],7,258,943.7000122070312,1940,534,Fuel/Ambient,880143514,1763325073
1763325074080465742,16,[  2  33   0 194 184  80  16   0],7,258,943.6799926757812,1940,545,Fuel/Ambient,79612197,1763325074
1763325074276960634,16,[  2  44   0 195 184  79  16   0],7,258,943.6599731445312,1950,556,Fuel/Ambient,276346644,1763325074
1763325074482262050,16,[  2  56   0 195 184  78  16   0],7,258,943.6400146484375,1950,568,Fuel/Ambient,481352312,1763325074
1763325074680415360,16,[  2  56   0 195 184  77  16   0],7,258,943.6199951171875,1950,568,Fuel/Ambient,679694136,1763325074
1763325074886447279,16,[  2  64   0 195 184  76  16   0],7,258,943.5999755859375,1950,576,Fuel/Ambient,885911177,1763325074
1763325075081865745,16,[  2  63   0 195 184  75  16   0],7,258,943.5800170898438,1950,575,Fuel/Ambient,81546029,1763325075
1763325075280827864,16,[  2  64   0 196 184  73  16   0],7,258,943.5399780273438,1960,576,Fuel/Ambient,280082736,1763325075
1763325075487401038,16,[  2  58   0 196 184  72  16   0],7,258,943.52001953125,1960,570,Fuel/Ambient,486657894,1763325075
1763325075683682233,16,[  2  54   0 196 184  71  16   0],7,258,943.5,1960,566,Fuel/Ambient,683028179,1763325075
1763325075881516789,16,[  2  54   0 196 184  70  16   0],7,258,943.47998046875,1960,566,Fuel/Ambient,880473322,1763325075
1763325076089447801,16,[  2  45   0 196 184  69  16   0],7,258,943.4600219726562,1960,557,Fuel/Ambient,89076502,1763325076
1763325076287260406,16,[  2  39   0 197 184  69  16   0],7,258,943.4600219726562,1970,551,Fuel/Ambient,286743441,1763325076
1763325076486065181,16,[  2  31   0 197 184  69  16   0],7,258,943.4600219726562,1970,543,Fuel/Ambient,485629880,1763325076
1763325076685499242,16,[  2  28   0 197 184  69  16   0],7,258,943.4600219726562,1970,540,Fuel/Ambient,685061413,1763325076
1763325076890779444,16,[  2  28   0 197 184  69  16   0],7,258,943.4600219726562,1970,540,Fuel/Ambient,889947147,1763325076
1763325077086936288,16,[  2  22   0 197 184  69  16   0],7,258,943.4600219726562,1970,534,Fuel/Ambient,86353050,1763325077
1763325077291646373,16,[  2  16   0 197 184  70  16   0],7,258,943.47998046875,1970,528,Fuel/Ambient,291205504,1763325077
1763325077488288374,16,[  2  11   0 198 184  71  16   0],7,258,943.5,1980,523,Fuel/Ambient,487993555,1763325077
1763325077695014064,16,[  2   4   0 198 184  72  16   0],7,258,943.52001953125,1980,516,Fuel/Ambient,693931141,1763325077
1763325077891874532,16,[  2   4   0 198 184  73  16   0],7,258,943.5399780273438,1980,516,Fuel/Ambient,891662786,1763325077
1763325078088670328,16,[  2   0   0 198 184  74  16   0],7,258,943.5599975585938,1980,512,Fuel/Ambient,87630957,1763325078
1763325078295835671,16,[  1 242   0 198 184  76  16   0],7,258,943.5999755859375,1980,498,Fuel/Ambient,294550602,1763325078
1763325078492180423,16,[  1 244   0 198 184  77  16   0],7,258,943.6199951171875,1980,500,Fuel/Ambient,491705666,1763325078
1763325078698687136,16,[  1 237   0 199 184  78  16   0],7,258,943.6400146484375,1990,493,Fuel/Ambient,697598068,1763325078
1763325078894052261,16,[  1 237   0 199 184  80  16   0],7,258,943.6799926757812,1990,493,Fuel/Ambient,893461183,1763325078
1763325079102171887,16,[  1 239   0 199 184  81  16   0],7,258,943.7000122070312,1990,495,Fuel/Ambient,101882412,1763325079
1763325079298697698,16,[  1 242   0 199 184  82  16   0],7,258,943.719970703125,1990,498,Fuel/Ambient,297691575,1763325079
1763325079496686404,16,[  2   3   0 199 184  83  16   0],7,258,943.739990234375,1990,515,Fuel/Ambient,496369152,1763325079
1763325079695880850,16,[  2   6   0 200 184  83  16   0],7,258,943.739990234375,2000,518,Fuel/Ambient,695094602,1763325079
1763325079894375577,16,[  2   6   0 200 184  83  16   0],7,258,943.739990234375,2000,518,Fuel/Ambient,894005813,1763325079
1763325080101914910,16,[  2  12   0 200 184  83  16   0],7,258,943.739990234375,2000,524,Fuel/Ambient,101672476,1763325080
1763325080300693513,16,[  2  15   0 200 184  82  16   0],7,258,943.719970703125,2000,527,Fuel/Ambient,300491879,1763325080
1763325080499247378,16,[  2  21   0 200 184  82  16   0],7,258,943.719970703125,2000,533,Fuel/Ambient,498966927,1763325080
1763325080695799558,16,[  2  20   0 200 184  81  16   0],7,258,943.7000122070312,2000,532,Fuel/Ambient,695200224,1763325080
1763325080902977576,16,[  2  20   0 200 184  80  16   0],7,258,943.6799926757812,2000,532,Fuel/Ambient,902796454,1763325080
1763325081101242959,16,[  2  31   0 201 184  79  16   0],7,258,943.6599731445312,2010,543,Fuel/Ambient,100686377,1763325081
1763325081308631572,16,[  2  36   0 201 184  78  16   0],7,258,943.6400146484375,2010,548,Fuel/Ambient,308011150,1763325081
1763325081506089235,16,[  2  44   0 201 184  77  16   0],7,258,943.6199951171875,2010,556,Fuel/Ambient,505593454,1763325081
1763325081703385424,16,[  2  45   0 201 184  75  16   0],7,258,943.5800170898438,2010,557,Fuel/Ambient,702466118,1763325081
1763325081900719501,16,[  2  49   0 202 184  74  16   0],7,258,943.5599975585938,2020,561,Fuel/Ambient,900541227,1763325081
1763325082108151092,16,[  2  49   0 202 184  72  16   0],7,258,943.52001953125,2020,561,Fuel/Ambient,107532269,1763325082
1763325082303616319,16,[  2  49   0 202 184  71  16   0],7,258,943.5,2020,561,Fuel/Ambient,302925815,1763325082
1763325082511020005,16,[  2  47   0 202 184  71  16   0],7,258,943.5,2020,559,Fuel/Ambient,509213363,1763325082
1763325082703633651,16,[  2  42   0 202 184  70  16   0],7,258,943.47998046875,2020,554,Fuel/Ambient,703073293,1763325082
1763325082912213158,16,[  2  34   0 202 184  70  16   0],7,258,943.47998046875,2020,546,Fuel/Ambient,911452286,1763325082
1763325083111717532,16,[  2  34   0 202 184  69  16   0],7,258,943.4600219726562,2020,546,Fuel/Ambient,111503481,1763325083
1763325083306763203,16,[  2  26   0 203 184  69  16   0],7,258,943.4600219726562,2030,538,Fuel/Ambient,306584450,1763325083
1763325083512732029,16,[  2  26   0 203 184  69  16   0],7,258,943.4600219726562,2030,538,Fuel/Ambient,512210999,1763325083
1763325083710247230,16,[  2  20   0 203 184  69  16   0],7,258,943.4600219726562,2030,532,Fuel/Ambient,709385973,1763325083
1763325083907794528,16,[  2  20   0 203 184  68  16   0],7,258,943.4400024414062,2030,532,Fuel/Ambient,907605854,1763325083
1763325084114605026,16,[  2  20   0 203 184  68  16   0],7,258,943.4400024414062,2030,532,Fuel/Ambient,113506039,1763325084
1763325084310209617,16,[  2  14   0 204 184  69  16   0],7,258,943.4600219726562,2040,526,Fuel/Ambient,309818253,1763325084
1763325084518320098,16,[  2   7   0 204 184  69  16   0],7,258,943.4600219726562,2040,519,Fuel/Ambient,517799964,1763325084
1763325084713496044,16,[  2   2   0 204 184  70  16   0],7,258,943.47998046875,2040,514,Fuel/Ambient,713267146,1763325084
1763325084911248849,16,[  1 247   0 204 184  70  16   0],7,258,943.47998046875,2040,503,Fuel/Ambient,910871565,1763325084
1763325085117609936,16,[  1 247   0 204 184  71  16   0],7,258,943.5,2040,503,Fuel/Ambient,116661606,1763325085
1763325085314752624,16,[  1 245   0 204 184  72  16   0],7,258,943.52001953125,2040,501,Fuel/Ambient,312767707,1763325085
1763325085518400243,16,[  1 236   0 205 184  73  16   0],7,258,943.5399780273438,2050,492,Fuel/Ambient,517947855,1763325085
1763325085714389063,16,[  1 236   0 205 184  74  16   0],7,258,943.5599975585938,2050,492,Fuel/Ambient,714004003,1763325085
1763325085921427950,16,[  1 231   0 205 184  76  16   0],7,258,943.5999755859375,2050,487,Fuel/Ambient,920609829,1763325085
1763325086120203455,16,[  1 231   0 205 184  78  16   0],7,258,943.6400146484375,2050,487,Fuel/Ambient,117362050,1763325086
1763325086322650327,16,[  1 222   0 205 184  79  16   0],7,258,943.6599731445312,2050,478,Fuel/Ambient,321001702,1763325086
1763325086518646060,16,[  1 219   0 205 184  80  16   0],7,258,943.6799926757812,2050,475,Fuel/Ambient,518307849,1763325086
1763325086716596374,16,[  1 217   0 206 184  82  16   0],7,258,943.719970703125,2060,473,Fuel/Ambient,716074064,1763325086
1763325086925213646,16,[  1 216   0 206 184  83  16   0],7,258,943.739990234375,2060,472,Fuel/Ambient,924198787,1763325086
1763325087119816533,16,[  1 216   0 206 184  84  16   0],7,258,943.760009765625,2060,472,Fuel/Ambient,119088526,1763325087
1763325087318248261,16,[  1 210   0 206 184  85  16   0],7,258,943.780029296875,2060,466,Fuel/Ambient,317717151,1763325087
1763325087523919039,16,[  1 215   0 206 184  86  16   0],7,258,943.7999877929688,2060,471,Fuel/Ambient,523658301,1763325087
1763325087720219609,16,[  1 218   0 206 184  87  16   0],7,258,943.8200073242188,2060,474,Fuel/Ambient,720024599,1763325087
1763325087928121675,16,[  1 219   0 207 184  88  16   0],7,258,943.8400268554688,2070,475,Fuel/Ambient,927012703,1763325087
1763325088127401668,16,[  1 219   0 207 184  89  16   0],7,258,943.8599853515625,2070,475,Fuel/Ambient,126152919,1763325088
1763325088324026754,16,[  1 229   0 207 184  89  16   0],7,258,943.8599853515625,2070,485,Fuel/Ambient,323355515,1763325088
1763325088532552699,16,[  1 238   0 207 184  88  16   0],7,258,943.8400268554688,2070,494,Fuel/Ambient,531472080,1763325088
1763325088732072983,16,[  1 251   0 207 184  88  16   0],7,258,943.8400268554688,2070,507,Fuel/Ambient,730416262,1763325088
1763325088930328262,16,[  2  11   0 207 184  87  16   0],7,258,943.8200073242188,2070,523,Fuel/Ambient,926617663,1763325088
1763325089124204712,16,[  2  21   0 208 184  86  16   0],7,258,943.7999877929688,2080,533,Fuel/Ambient,123800804,1763325089
1763325089331324308,16,[  2  21   0 208 184  84  16   0],7,258,943.760009765625,2080,533,Fuel/Ambient,330418731,1763325089
1763325089527062762,16,[  2  36   0 208 184  82  16   0],7,258,943.719970703125,2080,548,Fuel/Ambient,526525892,1763325089
1763325089734573018,16,[  2  53   0 208 184  80  16   0],7,258,943.6799926757812,2080,565,Fuel/Ambient,734218390,1763325089
1763325089935893994,16,[  2  64   0 208 184  78  16   0],7,258,943.6400146484375,2080,576,Fuel/Ambient,935302532,1763325089
1763325090132814157,16,[  2  71   0 209 184  77  16   0],7,258,943.6199951171875,2090,583,Fuel/Ambient,132522154,1763325090
1763325090330077715,16,[  2  71   0 209 184  75  16   0],7,258,943.5800170898438,2090,583,Fuel/Ambient,329379052,1763325090
1763325090537220609,16,[  2  70   0 209 184  74  16   0],7,258,943.5599975585938,2090,582,Fuel/Ambient,536557978,1763325090
1763325090733230939,16,[  2  65   0 209 184  72  16   0],7,258,943.52001953125,2090,577,Fuel/Ambient,732914103,1763325090
1763325090933702147,16,[  2  60   0 209 184  71  16   0],7,258,943.5,2090,572,Fuel/Ambient,929163987,1763325090
1763325091137683504,16,[  2  50   0 210 184  70  16   0],7,258,943.47998046875,2100,562,Fuel/Ambient,136567204,1763325091
1763325091335236283,16,[  2  50   0 210 184  70  16   0],7,258,943.47998046875,2100,562,Fuel/Ambient,333953838,1763325091
1763325091541861828,16,[  2  38   0 210 184  69  16   0],7,258,943.4600219726562,2100,550,Fuel/Ambient,541413760,1763325091
1763325091738048577,16,[  2  32   0 210 184  69  16   0],7,258,943.4600219726562,2100,544,Fuel/Ambient,737743166,1763325091
1763325091940858179,16,[  2  22   0 210 184  70  16   0],7,258,943.47998046875,2100,534,Fuel/Ambient,940645792,1763325091
1763325092136754941,16,[  2  15   0 210 184  71  16   0],7,258,943.5,2100,527,Fuel/Ambient,136148759,1763325092
1763325092342151995,16,[  2  15   0 210 184  72  16   0],7,258,943.52001953125,2100,527,Fuel/Ambient,341935224,1763325092
1763325092537655537,16,[  1 254   0 211 184  73  16   0],7,258,943.5399780273438,2110,510,Fuel/Ambient,536600710,1763325092
1763325092744772577,16,[  1 247   0 211 184  74  16   0],7,258,943.5599975585938,2110,503,Fuel/Ambient,742257479,1763325092
1763325092947288129,16,[  1 243   0 211 184  75  16   0],7,258,943.5800170898438,2110,499,Fuel/Ambient,946787419,1763325092
1763325093141652588,16,[  1 241   0 211 184  76  16   0],7,258,943.5999755859375,2110,497,Fuel/Ambient,141252776,1763325093
1763325093337641769,16,[  1 241   0 211 184  77  16   0],7,258,943.6199951171875,2110,497,Fuel/Ambient,337225156,1763325093
1763325093544234164,16,[  1 232   0 211 184  78  16   0],7,258,943.6400146484375,2110,488,Fuel/Ambient,543282570,1763325093
1763325093749560626,16,[  1 225   0 212 184  79  16   0],7,258,943.6599731445312,2120,481,Fuel/Ambient,749117006,1763325093
1763325093948552462,16,[  1 231   0 212 184  80  16   0],7,258,943.6799926757812,2120,487,Fuel/Ambient,947295905,1763325093
1763325094144321226,16,[  1 232   0 212 184  81  16   0],7,258,943.7000122070312,2120,488,Fuel/Ambient,143530113,1763325094
1763325094352257700,16,[  1 232   0 212 184  82  16   0],7,258,943.719970703125,2120,488,Fuel/Ambient,351326362,1763325094
1763325094546645169,16,[  1 230   0 212 184  83  16   0],7,258,943.739990234375,2120,486,Fuel/Ambient,546136108,1763325094
1763325094746031763,16,[  1 231   0 212 184  84  16   0],7,258,943.760009765625,2120,487,Fuel/Ambient,744614756,1763325094
1763325094952581183,16,[  1 242   0 213 184  84  16   0],7,258,943.760009765625,2130,498,Fuel/Ambient,951889943,1763325094
1763325095148739583,16,[  1 243   0 213 184  85  16   0],7,258,943.780029296875,2130,499,Fuel/Ambient,148442012,1763325095
1763325095346041516,16,[  1 245   0 213 184  85  16   0],7,258,943.780029296875,2130,501,Fuel/Ambient,344642589,1763325095
1763325095552363159,16,[  1 245   0 213 184  85  16   0],7,258,943.780029296875,2130,501,Fuel/Ambient,551906130,1763325095
1763325095750130344,16,[  1 250   0 213 184  85  16   0],7,258,943.780029296875,2130,506,Fuel/Ambient,749219551,1763325095
1763325095947681719,16,[  2   3   0 214 184  85  16   0],7,258,943.780029296875,2140,515,Fuel/Ambient,946200968,1763325095
1763325096151562314,16,[  1 251   0 214 184  85  16   0],7,258,943.780029296875,2140,507,Fuel/Ambient,151264006,1763325096
1763325096357292687,16,[  1 249   0 214 184  84  16   0],7,258,943.760009765625,2140,505,Fuel/Ambient,356929612,1763325096
1763325096555211012,16,[  1 249   0 214 184  84  16   0],7,258,943.760009765625,2140,505,Fuel/Ambient,554969249,1763325096
1763325096753029815,16,[  1 243   0 214 184  84  16   0],7,258,943.760009765625,2140,499,Fuel/Ambient,751547079,1763325096
1763325096949763967,16,[  1 234   0 214 184  84  16   0],7,258,943.760009765625,2140,490,Fuel/Ambient,948968534,1763325096
1763325097157611355,16,[  1 227   0 215 184  83  16   0],7,258,943.739990234375,2150,483,Fuel/Ambient,157257112,1763325097
1763325097355356591,16,[  1 217   0 215 184  83  16   0],7,258,943.739990234375,2150,473,Fuel/Ambient,355008587,1763325097
1763325097562276194,16,[  1 217   0 215 184  83  16   0],7,258,943.739990234375,2150,473,Fuel/Ambient,560753618,1763325097
1763325097759841268,16,[  1 215   0 215 184  83  16   0],7,258,943.739990234375,2150,471,Fuel/Ambient,758831913,1763325097
1763325097959078327,16,[  1 211   0 215 184  83  16   0],7,258,943.739990234375,2150,467,Fuel/Ambient,958850197,1763325097
1763325098155606143,16,[  1 213   0 215 184  83  16   0],7,258,943.739990234375,2150,469,Fuel/Ambient,153785324,1763325098
1763325098361268678,16,[  1 209   0 216 184  84  16   0],7,258,943.760009765625,2160,465,Fuel/Ambient,360178203,1763325098
1763325098561873785,16,[  1 209   0 216 184  84  16   0],7,258,943.760009765625,2160,465,Fuel/Ambient,560729805,1763325098
1763325098755848390,16,[  1 206   0 216 184  85  16   0],7,258,943.780029296875,2160,462,Fuel/Ambient,755529058,1763325098
1763325098969885093,16,[  1 211   0 216 184  86  16   0],7,258,943.7999877929688,2160,467,Fuel/Ambient,969103165,1763325098
1763325099161371129,16,[  1 215   0 216 184  87  16   0],7,258,943.8200073242188,2160,471,Fuel/Ambient,160586225,1763325099
1763325099360273051,16,[  1 215   0 216 184  88  16   0],7,258,943.8400268554688,2160,471,Fuel/Ambient,359402097,1763325099
1763325099559349054,16,[  1 215   0 216 184  88  16   0],7,258,943.8400268554688,2160,471,Fuel/Ambient,559046843,1763325099
1763325099766730585,16,[  1 221   0 217 184  88  16   0],7,258,943.8400268554688,2170,477,Fuel/Ambient,766045650,1763325099
1763325099963218881,16,[  1 226   0 217 184  89  16   0],7,258,943.8599853515625,2170,482,Fuel/Ambient,962724860,1763325099
1763325100169599634,16,[  1 238   0 217 184  88  16   0],7,258,943.8400268554688,2170,494,Fuel/Ambient,168954540,1763325100
1763325100368755352,16,[  1 235   0 217 184  88  16   0],7,258,943.8400268554688,2170,491,Fuel/Ambient,367579756,1763325100
1763325100563922260,16,[  1 235   0 217 184  87  16   0],7,258,943.8200073242188,2170,491,Fuel/Ambient,562253410,1763325100
1763325100772463548,16,[  1 249   0 217 184  86  16   0],7,258,943.7999877929688,2170,505,Fuel/Ambient,771669107,1763325100
1763325100968608866,16,[  2   1   0 218 184  85  16   0],7,258,943.780029296875,2180,513,Fuel/Ambient,968218782,1763325100
1763325101164449509,16,[  2  16   0 218 184  85  16   0],7,258,943.780029296875,2180,528,Fuel/Ambient,164194115,1763325101
1763325101371880451,16,[  2  10   0 218 184  84  16   0],7,258,943.760009765625,2180,522,Fuel/Ambient,371606400,1763325101
1763325101570081375,16,[  2   9   0 218 184  83  16   0],7,258,943.739990234375,2180,521,Fuel/Ambient,568535919,1763325101
1763325101774509245,16,[  2   9   0 218 184  82  16   0],7,258,943.719970703125,2180,521,Fuel/Ambient,774320507,1763325101
1763325101973068030,16,[  2  11   0 218 184  81  16   0],7,258,943.7000122070312,2180,523,Fuel/Ambient,971908914,1763325101
1763325102168808834,16,[  2   2   0 219 184  81  16   0],7,258,943.7000122070312,2190,514,Fuel/Ambient,168321052,1763325102
1763325102376603204,16,[  1 245   0 219 184  80  16   0],7,258,943.6799926757812,2190,501,Fuel/Ambient,375840796,1763325102
1763325102571327805,16,[  1 236   0 219 184  80  16   0],7,258,943.6799926757812,2190,492,Fuel/Ambient,570961305,1763325102
1763325102768739795,16,[  1 236   0 219 184  80  16   0],7,258,943.6799926757812,2190,492,Fuel/Ambient,768248078,1763325102
1763325102978819277,16,[  1 230   0 219 184  80  16   0],7,258,943.6799926757812,2190,486,Fuel/Ambient,976674230,1763325102
1763325103173026178,16,[  1 218   0 219 184  80  16   0],7,258,943.6799926757812,2190,474,Fuel/Ambient,172752511,1763325103
1763325103372112810,16,[  1 218   0 220 184  81  16   0],7,258,943.7000122070312,2200,474,Fuel/Ambient,371305473,1763325103
1763325103578455838,16,[  1 207   0 220 184  82  16   0],7,258,943.719970703125,2200,463,Fuel/Ambient,577683318,1763325103
1763325103774297604,16,[  1 207   0 220 184  82  16   0],7,258,943.719970703125,2200,463,Fuel/Ambient,774050978,1763325103
1763325103973477005,16,[  1 215   0 220 184  82  16   0],7,258,943.719970703125,2200,471,Fuel/Ambient,972705477,1763325103
1763325104182988388,16,[  1 213   0 220 184  83  16   0],7,258,943.739990234375,2200,469,Fuel/Ambient,182793922,1763325104
1763325104379845942,16,[  1 212   0 220 184  83  16   0],7,258,943.739990234375,2200,468,Fuel/Ambient,379573587,1763325104
1763325104574743475,16,[  1 213   0 221 184  84  16   0],7,258,943.760009765625,2210,469,Fuel/Ambient,574497968,1763325104
1763325104783057085,16,[  1 213   0 221 184  84  16   0],7,258,943.760009765625,2210,469,Fuel/Ambient,782498199,1763325104
1763325104979501131,16,[  1 223   0 221 184  85  16   0],7,258,943.780029296875,2210,479,Fuel/Ambient,978790467,1763325104
1763325105186443367,16,[  1 225   0 221 184  85  16   0],7,258,943.780029296875,2210,481,Fuel/Ambient,185838753,1763325105
1763325105381663017,16,[  1 232   0 221 184  86  16   0],7,258,943.7999877929688,2210,488,Fuel/Ambient,380808096,1763325105
1763325105577682419,16,[  1 246   0 221 184  86  16   0],7,258,943.7999877929688,2210,502,Fuel/Ambient,577447345,1763325105
1763325105784717841,16,[  1 246   0 221 184  86  16   0],7,258,943.7999877929688,2210,502,Fuel/Ambient,784408462,1763325105
1763325105981795366,16,[  1 255   0 222 184  85  16   0],7,258,943.780029296875,2220,511,Fuel/Ambient,981544068,1763325105
1763325106187031922,16,[  2  10   0 222 184  85  16   0],7,258,943.780029296875,2220,522,Fuel/Ambient,186615374,1763325106
1763325106384815312,16,[  2  29   0 222 184  84  16   0],7,258,943.760009765625,2220,541,Fuel/Ambient,384578861,1763325106
1763325106582498797,16,[  2  38   0 222 184  82  16   0],7,258,943.719970703125,2220,550,Fuel/Ambient,581858118,1763325106
1763325106789022182,16,[  2  38   0 222 184  80  16   0],7,258,943.6799926757812,2220,550,Fuel/Ambient,788078812,1763325106
1763325106986187229,16,[  2  55   0 222 184  78  16   0],7,258,943.6400146484375,2220,567,Fuel/Ambient,985714648,1763325106
1763325107194899023,16,[  2  52   0 223 184  76  16   0],7,258,943.5999755859375,2230,564,Fuel/Ambient,193054492,1763325107
1763325107391514146,16,[  2  38   0 223 184  74  16   0],7,258,943.5599975585938,2230,550,Fuel/Ambient,389134665,1763325107
1763325107584026697,16,[  2  30   0 223 184  73  16   0],7,258,943.5399780273438,2230,542,Fuel/Ambient,583729190,1763325107
1763325107789772475,16,[  2  30   0 223 184  72  16   0],7,258,943.52001953125,2230,542,Fuel/Ambient,789155861,1763325107
1763325107987617531,16,[  2  15   0 223 184  73  16   0],7,258,943.5399780273438,2230,527,Fuel/Ambient,987113270,1763325107
1763325108195366788,16,[  2   2   0 224 184  73  16   0],7,258,943.5399780273438,2240,514,Fuel/Ambient,194866558,1763325108
1763325108391695412,16,[  1 246   0 224 184  74  16   0],7,258,943.5599975585938,2240,502,Fuel/Ambient,391469458,1763325108
1763325108590177147,16,[  1 230   0 224 184  75  16   0],7,258,943.5800170898438,2240,486,Fuel/Ambient,589553141,1763325108
1763325108796933722,16,[  1 219   0 224 184  76  16   0],7,258,943.5999755859375,2240,475,Fuel/Ambient,796450773,1763325108
1763325108994587512,16,[  1 219   0 224 184  77  16   0],7,258,943.6199951171875,2240,475,Fuel/Ambient,993891121,1763325108
1763325109189746750,16,[  1 205   0 224 184  79  16   0],7,258,943.6599731445312,2240,461,Fuel/Ambient,189233944,1763325109
1763325109398022509,16,[  1 196   0 225 184  80  16   0],7,258,943.6799926757812,2250,452,Fuel/Ambient,397804459,1763325109
1763325109596120273,16,[  1 188   0 225 184  82  16   0],7,258,943.719970703125,2250,444,Fuel/Ambient,595457898,1763325109
1763325109797501240,16,[  1 181   0 225 184  83  16   0],7,258,943.739990234375,2250,437,Fuel/Ambient,797077172,1763325109
1763325109995179000,16,[  1 181   0 225 184  85  16   0],7,258,943.780029296875,2250,437,Fuel/Ambient,994563346,1763325109
1763325110203227750,16,[  1 182   0 225 184  87  16   0],7,258,943.8200073242188,2250,438,Fuel/Ambient,201724822,1763325110
1763325110399615321,16,[  1 179   0 225 184  88  16   0],7,258,943.8400268554688,2250,435,Fuel/Ambient,399265814,1763325110
1763325110596970391,16,[  1 183   0 226 184  90  16   0],7,258,943.8800048828125,2260,439,Fuel/Ambient,596107982,1763325110
1763325110804696418,16,[  1 190   0 226 184  91  16   0],7,258,943.9000244140625,2260,446,Fuel/Ambient,803051408,1763325110
1763325111002938281,16,[  1 190   0 226 184  92  16   0],7,258,943.9199829101562,2260,446,Fuel/Ambient,532111,1763325111
1763325111198899097,16,[  1 195   0 226 184  92  16   0],7,258,943.9199829101562,2260,451,Fuel/Ambient,198647894,1763325111
1763325111404875986,16,[  1 199   0 226 184  93  16   0],7,258,943.9400024414062,2260,455,Fuel/Ambient,404663696,1763325111
1763325111600368125,16,[  1 207   0 226 184  93  16   0],7,258,943.9400024414062,2260,463,Fuel/Ambient,599715350,1763325111
1763325111805468973,16,[  1 217   0 226 184  94  16   0],7,258,943.9600219726562,2260,473,Fuel/Ambient,805141002,1763325111
1763325112001978659,16,[  1 217   0 226 184  93  16   0],7,258,943.9400024414062,2260,473,Fuel/Ambient,1579807,1763325112
1763325112207639098,16,[  1 230   0 227 184  93  16   0],7,258,943.9400024414062,2270,486,Fuel/Ambient,207213910,1763325112
1763325112402997413,16,[  1 244   0 227 184  92  16   0],7,258,943.9199829101562,2270,500,Fuel/Ambient,402396862,1763325112
1763325112611176311,16,[  2   2   0 227 184  91  16   0],7,258,943.9000244140625,2270,514,Fuel/Ambient,609669351,1763325112
1763325112809390911,16,[  2  16   0 227 184  90  16   0],7,258,943.8800048828125,2270,528,Fuel/Ambient,809007835,1763325112
1763325113006035256,16,[  2  16   0 227 184  88  16   0],7,258,943.8400268554688,2270,528,Fuel/Ambient,5692756,1763325113
1763325113205651120,16,[  2  28   0 228 184  86  16   0],7,258,943.7999877929688,2280,540,Fuel/Ambient,204684230,1763325113
1763325113413740482,16,[  2  34   0 228 184  85  16   0],7,258,943.780029296875,2280,546,Fuel/Ambient,410310046,1763325113
1763325113605786827,16,[  2  34   0 228 184  84  16   0],7,258,943.760009765625,2280,546,Fuel/Ambient,605608073,1763325113
1763325113814681829,16,[  2  39   0 228 184  82  16   0],7,258,943.719970703125,2280,551,Fuel/Ambient,811815207,1763325113
1763325114012363018,16,[  2  39   0 228 184  81  16   0],7,258,943.7000122070312,2280,551,Fuel/Ambient,10985019,1763325114
1763325114207812503,16,[  2  31   0 228 184  80  16   0],7,258,943.6799926757812,2280,543,Fuel/Ambient,207508372,1763325114
1763325114414172408,16,[  2  25   0 229 184  79  16   0],7,258,943.6599731445312,2290,537,Fuel/Ambient,413250862,1763325114
1763325114612097504,16,[  2  20   0 229 184  79  16   0],7,258,943.6599731445312,2290,532,Fuel/Ambient,611254903,1763325114
1763325114812372993,16,[  2  16   0 229 184  78  16   0],7,258,943.6400146484375,2290,528,Fuel/Ambient,811425719,1763325114
1763325115011310291,16,[  1 254   0 229 184  78  16   0],7,258,943.6400146484375,2290,510,Fuel/Ambient,10961807,1763325115
1763325115216578506,16,[  1 254   0 229 184  77  16   0],7,258,943.6199951171875,2290,510,Fuel/Ambient,216010148,1763325115
1763325115413017603,16,[  1 251   0 230 184  77  16   0],7,258,943.6199951171875,2300,507,Fuel/Ambient,412708768,1763325115
1763325115619631975,16,[  1 240   0 230 184  78  16   0],7,258,943.6400146484375,2300,496,Fuel/Ambient,619265060,1763325115
1763325115816792264,16,[  1 234   0 230 184  78  16   0],7,258,943.6400146484375,2300,490,Fuel/Ambient,816009440,1763325115
1763325116014030730,16,[  1 229   0 230 184  78  16   0],7,258,943.6400146484375,2300,485,Fuel/Ambient,13589189,1763325116
1763325116220116266,16,[  1 229   0 230 184  77  16   0],7,258,943.6199951171875,2300,485,Fuel/Ambient,219717766,1763325116
1763325116420795697,16,[  1 219   0 230 184  77  16   0],7,258,943.6199951171875,2300,475,Fuel/Ambient,418827484,1763325116
1763325116624720603,16,[  1 217   0 231 184  78  16   0],7,258,943.6400146484375,2310,473,Fuel/Ambient,624218133,1763325116
1763325116821145365,16,[  1 218   0 231 184  78  16   0],7,258,943.6400146484375,2310,474,Fuel/Ambient,820917138,1763325116
1763325117019105535,16,[  1 219   0 231 184  79  16   0],7,258,943.6599731445312,2310,475,Fuel/Ambient,18217302,1763325117
1763325117226609231,16,[  1 219   0 231 184  80  16   0],7,258,943.6799926757812,2310,475,Fuel/Ambient,225282369,1763325117
1763325117424048693,16,[  1 215   0 231 184  81  16   0],7,258,943.7000122070312,2310,471,Fuel/Ambient,423861747,1763325117
1763325117621344570,16,[  1 216   0 231 184  81  16   0],7,258,943.7000122070312,2310,472,Fuel/Ambient,621018582,1763325117
1763325117821532605,16,[  1 221   0 232 184  82  16   0],7,258,943.719970703125,2320,477,Fuel/Ambient,820827157,1763325117
1763325118020411602,16,[  1 226   0 232 184  83  16   0],7,258,943.739990234375,2320,482,Fuel/Ambient,19713386,1763325118
1763325118226536949,16,[  1 226   0 232 184  83  16   0],7,258,943.739990234375,2320,482,Fuel/Ambient,225549930,1763325118
1763325118422637421,16,[  1 231   0 232 184  83  16   0],7,258,943.739990234375,2320,487,Fuel/Ambient,422281130,1763325118
1763325118628584078,16,[  1 246   0 232 184  83  16   0],7,258,943.739990234375,2320,502,Fuel/Ambient,628207242,1763325118
1763325118826609979,16,[  1 250   0 232 184  82  16   0],7,258,943.719970703125,2320,506,Fuel/Ambient,825386671,1763325118
1763325119024194116,16,[  1 253   0 233 184  82  16   0],7,258,943.719970703125,2330,509,Fuel/Ambient,23394108,1763325119
1763325119224390633,16,[  1 253   0 233 184  82  16   0],7,258,943.719970703125,2330,509,Fuel/Ambient,223545664,1763325119
1763325119432412801,16,[  2   4   0 233 184  81  16   0],7,258,943.7000122070312,2330,516,Fuel/Ambient,432182079,1763325119
1763325119629550278,16,[  2   4   0 233 184  81  16   0],7,258,943.7000122070312,2330,516,Fuel/Ambient,628773022,1763325119
1763325119832535337,16,[  2   7   0 233 184  80  16   0],7,258,943.6799926757812,2330,519,Fuel/Ambient,830596916,1763325119
1763325120030642808,16,[  2  14   0 233 184  80  16   0],7,258,943.6799926757812,2330,526,Fuel/Ambient,29422475,1763325120
1763325120236487610,16,[  2  14   0 233 184  79  16   0],7,258,943.6599731445312,2330,526,Fuel/Ambient,236221847,1763325120
1763325120433708705,17,[  2  18   0 234 184  79  17   0],7,258,943.6599731445312,2340,530,Fuel/Ambient,433181659,1763325120
1763325120630936136,17,[  2  15   0 234 184  78  17   0],7,258,943.6400146484375,2340,527,Fuel/Ambient,629632506,1763325120
1763325120835484988,17,[  2  13   0 234 184  77  17   0],7,258,943.6199951171875,2340,525,Fuel/Ambient,835211225,1763325120
1763325121033143303,17,[  2  13   0 234 184  77  17   0],7,258,943.6199951171875,2340,525,Fuel/Ambient,31489238,1763325121
1763325121238713480,17,[  2  10   0 235 184  76  17   0],7,258,943.5999755859375,2350,522,Fuel/Ambient,238009280,1763325121
1763325121436867289,17,[  2  10   0 235 184  76  17   0],7,258,943.5999755859375,2350,522,Fuel/Ambient,435786830,1763325121
1763325121638046635,17,[  2   7   0 235 184  76  17   0],7,258,943.5999755859375,2350,519,Fuel/Ambient,636815358,1763325121
1763325121833662594,17,[  1 255   0 235 184  75  17   0],7,258,943.5800170898438,2350,511,Fuel/Ambient,833071452,1763325121
1763325122032120535,17,[  1 251   0 235 184  75  17   0],7,258,943.5800170898438,2350,507,Fuel/Ambient,31756243,1763325122
1763325122237808121,17,[  1 243   0 235 184  76  17   0],7,258,943.5999755859375,2350,499,Fuel/Ambient,237400213,1763325122
1763325122436625107,17,[  1 243   0 235 184  76  17   0],7,258,943.5999755859375,2350,499,Fuel/Ambient,436165166,1763325122
1763325122645126292,17,[  1 231   0 236 184  76  17   0],7,258,943.5999755859375,2360,487,Fuel/Ambient,644602638,1763325122
1763325122841979129,17,[  1 216   0 236 184  78  17   0],7,258,943.6400146484375,2360,472,Fuel/Ambient,841343986,1763325122
1763325123047664475,17,[  1 206   0 236 184  79  17   0],7,258,943.6599731445312,2360,462,Fuel/Ambient,44332312,1763325123
1763325123240860987,17,[  1 202   0 236 184  79  17   0],7,258,943.6599731445312,2360,458,Fuel/Ambient,240088530,1763325123
1763325123437010937,17,[  1 202   0 236 184  80  17   0],7,258,943.6799926757812,2360,458,Fuel/Ambient,436189968,1763325123
1763325123645823358,17,[  1 196   0 236 184  81  17   0],7,258,943.7000122070312,2360,452,Fuel/Ambient,644424527,1763325123
1763325123841044851,17,[  1 183   0 237 184  83  17   0],7,258,943.739990234375,2370,439,Fuel/Ambient,840789168,1763325123
1763325124038560256,17,[  1 174   0 237 184  84  17   0],7,258,943.760009765625,2370,430,Fuel/Ambient,38342814,1763325124
1763325124246229402,17,[  1 165   0 237 184  86  17   0],7,258,943.7999877929688,2370,421,Fuel/Ambient,244401126,1763325124
1763325124440962954,17,[  1 165   0 237 184  87  17   0],7,258,943.8200073242188,2370,421,Fuel/Ambient,440161282,1763325124
1763325124647665818,17,[  1 163   0 237 184  88  17   0],7,258,943.8400268554688,2370,419,Fuel/Ambient,647408343,1763325124
1763325124847402143,17,[  1 155   0 237 184  90  17   0],7,258,943.8800048828125,2370,411,Fuel/Ambient,846678392,1763325124
1763325125045401811,17,[  1 144   0 237 184  91  17   0],7,258,943.9000244140625,2370,400,Fuel/Ambient,44722540,1763325125
1763325125251866369,17,[  1 142   0 238 184  92  17   0],7,258,943.9199829101562,2380,398,Fuel/Ambient,250961943,1763325125
1763325125446516370,17,[  1 142   0 238 184  93  17   0],7,258,943.9400024414062,2380,398,Fuel/Ambient,446276431,1763325125
1763325125653343939,17,[  1 137   0 238 184  94  17   0],7,258,943.9600219726562,2380,393,Fuel/Ambient,653137857,1763325125
1763325125850895763,17,[  1 138   0 238 184  95  17   0],7,258,943.97998046875,2380,394,Fuel/Ambient,850582704,1763325125
1763325126047148213,17,[  1 141   0 238 184  96  17   0],7,258,944.0,2380,397,Fuel/Ambient,46257579,1763325126
1763325126253611652,17,[  1 143   0 238 184  97  17   0],7,258,944.02001953125,2380,399,Fuel/Ambient,252988125,1763325126
1763325126448966333,17,[  1 143   0 238 184  98  17   0],7,258,944.0399780273438,2380,399,Fuel/Ambient,448749403,1763325126
1763325126657103806,17,[  1 148   0 238 184  99  17   0],7,258,944.0599975585938,2380,404,Fuel/Ambient,656402231,1763325126
1763325126853010621,17,[  1 153   0 239 184  99  17   0],7,258,944.0599975585938,2390,409,Fuel/Ambient,852439031,1763325126
1763325127050966578,17,[  1 163   0 239 184  99  17   0],7,258,944.0599975585938,2390,419,Fuel/Ambient,50337676,1763325127
1763325127257261889,17,[  1 180   0 239 184  99  17   0],7,258,944.0599975585938,2390,436,Fuel/Ambient,256541497,1763325127
1763325127452643035,17,[  1 180   0 239 184  99  17   0],7,258,944.0599975585938,2390,436,Fuel/Ambient,451814163,1763325127
1763325127661038304,17,[  1 193   0 239 184  98  17   0],7,258,944.0399780273438,2390,449,Fuel/Ambient,658607846,1763325127
1763325127855206574,17,[  1 205   0 239 184  97  17   0],7,258,944.02001953125,2390,461,Fuel/Ambient,854459846,1763325127
1763325128052414940,17,[  1 224   0 239 184  96  17   0],7,258,944.0,2390,480,Fuel/Ambient,52229786,1763325128
1763325128258621547,17,[  1 244   0 240 184  95  17   0],7,258,943.97998046875,2400,500,Fuel/Ambient,258047780,1763325128
1763325128457620333,17,[  2  11   0 240 184  93  17   0],7,258,943.9400024414062,2400,523,Fuel/Ambient,456999174,1763325128
1763325128653846385,17,[  2  11   0 240 184  91  17   0],7,258,943.9000244140625,2400,523,Fuel/Ambient,653273035,1763325128
1763325128858633905,17,[  2  31   0 240 184  89  17   0],7,258,943.8599853515625,2400,543,Fuel/Ambient,858375662,1763325128
1763325129058731423,17,[  2  47   0 240 184  86  17   0],7,258,943.7999877929688,2400,559,Fuel/Ambient,57448849,1763325129
1763325129265298418,17,[  2  56   0 241 184  84  17   0],7,258,943.760009765625,2410,568,Fuel/Ambient,264785325,1763325129
1763325129464734906,17,[  2  60   0 241 184  81  17   0],7,258,943.7000122070312,2410,572,Fuel/Ambient,464209044,1763325129
1763325129659907252,17,[  2  60   0 241 184  78  17   0],7,258,943.6400146484375,2410,572,Fuel/Ambient,659378734,1763325129
1763325129866691306,17,[  2  61   0 241 184  75  17   0],7,258,943.5800170898438,2410,573,Fuel/Ambient,865981762,1763325129
1763325130065775534,17,[  2  53   0 241 184  72  17   0],7,258,943.52001953125,2410,565,Fuel/Ambient,64290366,1763325130
1763325130264150924,17,[  2  47   0 241 184  70  17   0],7,258,943.47998046875,2410,559,Fuel/Ambient,260029824,1763325130
1763325130467510878,17,[  2  37   0 242 184  69  17   0],7,258,943.4600219726562,2420,549,Fuel/Ambient,467247259,1763325130
1763325130664989074,17,[  2  37   0 242 184  68  17   0],7,258,943.4400024414062,2420,549,Fuel/Ambient,664542957,1763325130
1763325130862109506,17,[  2  28   0 242 184  67  17   0],7,258,943.4199829101562,2420,540,Fuel/Ambient,861746078,1763325130
1763325131061979504,17,[  2  18   0 242 184  67  17   0],7,258,943.4199829101562,2420,530,Fuel/Ambient,61680109,1763325131
1763325131268372740,17,[  2   3   0 242 184  67  17   0],7,258,943.4199829101562,2420,515,Fuel/Ambient,267729117,1763325131
1763325131464218215,17,[  1 243   0 243 184  68  17   0],7,258,943.4400024414062,2430,499,Fuel/Ambient,462731255,1763325131
1763325131675081035,17,[  1 243   0 243 184  69  17   0],7,258,943.4600219726562,2430,499,Fuel/Ambient,673050325,1763325131
1763325131871961465,17,[  1 232   0 243 184  70  17   0],7,258,943.47998046875,2430,488,Fuel/Ambient,869727617,1763325131
1763325132070150134,17,[  1 216   0 243 184  72  17   0],7,258,943.52001953125,2430,472,Fuel/Ambient,69610384,1763325132
1763325132267322217,17,[  1 206   0 243 184  73  17   0],7,258,943.5399780273438,2430,462,Fuel/Ambient,266927877,1763325132
1763325132474881354,16,[  1 196   0 243 184  75  16   0],7,258,943.5800170898438,2430,452,Fuel/Ambient,474608679,1763325132
1763325132673111304,16,[  1 196   0 243 184  77  16   0],7,258,943.6199951171875,2430,452,Fuel/Ambient,672487425,1763325132
1763325132868687754,16,[  1 185   0 244 184  79  16   0],7,258,943.6599731445312,2440,441,Fuel/Ambient,868063907,1763325132
1763325133076373261,16,[  1 173   0 244 184  81  16   0],7,258,943.7000122070312,2440,429,Fuel/Ambient,75558756,1763325133
1763325133271599116,16,[  1 164   0 244 184  83  16   0],7,258,943.739990234375,2440,420,Fuel/Ambient,270972837,1763325133
1763325133470605139,16,[  1 158   0 244 184  85  16   0],7,258,943.780029296875,2440,414,Fuel/Ambient,469855019,1763325133
1763325133674731505,16,[  1 158   0 244 184  87  16   0],7,258,943.8200073242188,2440,414,Fuel/Ambient,674497262,1763325133
1763325133882443701,16,[  1 160   0 244 184  89  16   0],7,258,943.8599853515625,2440,416,Fuel/Ambient,881277576,1763325133
1763325134078949890,16,[  1 158   0 244 184  91  16   0],7,258,943.9000244140625,2440,414,Fuel/Ambient,78605758,1763325134
1763325134274836073,16,[  1 158   0 245 184  92  16   0],7,258,943.9199829101562,2450,414,Fuel/Ambient,273948928,1763325134
1763325134482150410,16,[  1 162   0 245 184  93  16   0],7,258,943.9400024414062,2450,418,Fuel/Ambient,480330039,1763325134
1763325134676455680,16,[  1 168   0 245 184  94  16   0],7,258,943.9600219726562,2450,424,Fuel/Ambient,675472790,1763325134
1763325134882676981,16,[  1 168   0 245 184  95  16   0],7,258,943.97998046875,2450,424,Fuel/Ambient,882182480,1763325134
1763325135082355717,16,[  1 177   0 245 184  96  16   0],7,258,944.0,2450,433,Fuel/Ambient,81575165,1763325135
1763325135278723442,16,[  1 181   0 245 184  96  16   0],7,258,944.0,2450,437,Fuel/Ambient,278077772,1763325135
1763325135476908915,16,[  1 193   0 246 184  96  16   0],7,258,944.0,2460,449,Fuel/Ambient,476028746,1763325135
1763325135683766800,16,[  1 195   0 246 184  96  16   0],7,258,944.0,2460,451,Fuel/Ambient,683332683,1763325135
1763325135879850714,16,[  1 195   0 246 184  96  16   0],7,258,944.0,2460,451,Fuel/Ambient,879192243,1763325135
1763325136087431455,16,[  1 213   0 246 184  96  16   0],7,258,944.0,2460,469,Fuel/Ambient,86899898,1763325136
1763325136285019355,16,[  1 226   0 246 184  96  16   0],7,258,944.0,2460,482,Fuel/Ambient,284787480,1763325136
1763325136483284061,16,[  1 243   0 246 184  95  16   0],7,258,943.97998046875,2460,499,Fuel/Ambient,483106587,1763325136
1763325136680634294,16,[  2   0   0 246 184  93  16   0],7,258,943.9400024414062,2460,512,Fuel/Ambient,680231570,1763325136
1763325136886169990,16,[  2   0   0 246 184  92  16   0],7,258,943.9199829101562,2460,512,Fuel/Ambient,885919363,1763325136
1763325137086259548,16,[  2  18   0 247 184  90  16   0],7,258,943.8800048828125,2470,530,Fuel/Ambient,85726935,1763325137
1763325137290698274,16,[  2  32   0 247 184  89  16   0],7,258,943.8599853515625,2470,544,Fuel/Ambient,290479583,1763325137
1763325137488215165,16,[  2  43   0 247 184  87  16   0],7,258,943.8200073242188,2470,555,Fuel/Ambient,487467061,1763325137
1763325137684481579,16,[  2  53   0 247 184  84  16   0],7,258,943.760009765625,2470,565,Fuel/Ambient,684118504,1763325137
1763325137890871206,16,[  2  53   0 247 184  83  16   0],7,258,943.739990234375,2470,565,Fuel/Ambient,889654809,1763325137
1763325138086949042,16,[  2  47   0 248 184  80  16   0],7,258,943.6799926757812,2480,559,Fuel/Ambient,86666447,1763325138
1763325138294075061,16,[  2  47   0 248 184  79  16   0],7,258,943.6599731445312,2480,559,Fuel/Ambient,293386190,1763325138
1763325138488644978,16,[  2  38   0 248 184  77  16   0],7,258,943.6199951171875,2480,550,Fuel/Ambient,488440112,1763325138
1763325138695811798,16,[  2  32   0 248 184  76  16   0],7,258,943.5999755859375,2480,544,Fuel/Ambient,694989389,1763325138
1763325138890762967,16,[  2  32   0 248 184  74  16   0],7,258,943.5599975585938,2480,544,Fuel/Ambient,890366611,1763325138
1763325139090181256,16,[  2  24   0 249 184  74  16   0],7,258,943.5599975585938,2490,536,Fuel/Ambient,89611938,1763325139
1763325139295386520,16,[  2  13   0 249 184  73  16   0],7,258,943.5399780273438,2490,525,Fuel/Ambient,295129173,1763325139
1763325139491489094,16,[  2   4   0 249 184  73  16   0],7,258,943.5399780273438,2490,516,Fuel/Ambient,491204227,1763325139
1763325139699319922,16,[  1 246   0 249 184  74  16   0],7,258,943.5599975585938,2490,502,Fuel/Ambient,698152134,1763325139
1763325139894542999,16,[  1 246   0 249 184  74  16   0],7,258,943.5599975585938,2490,502,Fuel/Ambient,894125107,1763325139
1763325140092797021,16,[  1 232   0 249 184  75  16   0],7,258,943.5800170898438,2490,488,Fuel/Ambient,92225879,1763325140
1763325140299362332,16,[  1 229   0 250 184  76  16   0],7,258,943.5999755859375,2500,485,Fuel/Ambient,298746134,1763325140
1763325140502034994,16,[  1 217   0 250 184  76  16   0],7,258,943.5999755859375,2500,473,Fuel/Ambient,500972199,1763325140
1763325140700332569,16,[  1 202   0 250 184  78  16   0],7,258,943.6400146484375,2500,458,Fuel/Ambient,699816979,1763325140
1763325140896547882,16,[  1 196   0 250 184  79  16   0],7,258,943.6599731445312,2500,452,Fuel/Ambient,894264337,1763325140
1763325141104108308,16,[  1 196   0 250 184  81  16   0],7,258,943.7000122070312,2500,452,Fuel/Ambient,103087817,1763325141
1763325141299238490,16,[  1 193   0 250 184  82  16   0],7,258,943.719970703125,2500,449,Fuel/Ambient,298619603,1763325141
1763325141500891302,16,[  1 187   0 251 184  83  16   0],7,258,943.739990234375,2510,443,Fuel/Ambient,500647267,1763325141
1763325141705860085,16,[  1 186   0 251 184  85  16   0],7,258,943.780029296875,2510,442,Fuel/Ambient,705492657,1763325141
1763325141902568716,16,[  1 190   0 251 184  86  16   0],7,258,943.7999877929688,2510,446,Fuel/Ambient,902069767,1763325141
1763325142100628530,16,[  1 190   0 251 184  87  16   0],7,258,943.8200073242188,2510,446,Fuel/Ambient,100127501,1763325142
1763325142306961009,16,[  1 193   0 251 184  88  16   0],7,258,943.8400268554688,2510,449,Fuel/Ambient,306604013,1763325142
1763325142505941921,16,[  1 191   0 251 184  89  16   0],7,258,943.8599853515625,2510,447,Fuel/Ambient,505665438,1763325142
1763325142703049181,16,[  1 191   0 251 184  89  16   0],7,258,943.8599853515625,2510,447,Fuel/Ambient,702818203,1763325142
1763325142910760619,16,[  1 198   0 252 184  89  16   0],7,258,943.8599853515625,2520,454,Fuel/Ambient,910161861,1763325142
1763325143110482340,16,[  1 198   0 252 184  89  16   0],7,258,943.8599853515625,2520,454,Fuel/Ambient,109953694,1763325143
1763325143305298216,16,[  1 206   0 252 184  90  16   0],7,258,943.8800048828125,2520,462,Fuel/Ambient,305094918,1763325143
1763325143511895915,16,[  1 211   0 252 184  90  16   0],7,258,943.8800048828125,2520,467,Fuel/Ambient,511311365,1763325143
1763325143706502926,16,[  1 224   0 252 184  89  16   0],7,258,943.8599853515625,2520,480,Fuel/Ambient,706101513,1763325143
1763325143913979322,16,[  1 234   0 252 184  89  16   0],7,258,943.8599853515625,2520,490,Fuel/Ambient,913324499,1763325143
1763325144112138051,16,[  1 234   0 252 184  88  16   0],7,258,943.8400268554688,2520,490,Fuel/Ambient,111640925,1763325144
1763325144307202763,16,[  1 241   0 253 184  87  16   0],7,258,943.8200073242188,2530,497,Fuel/Ambient,305704635,1763325144
1763325144512655715,16,[  1 246   0 253 184  87  16   0],7,258,943.8200073242188,2530,502,Fuel/Ambient,512447232,1763325144
1763325144708193840,16,[  1 253   0 253 184  85  16   0],7,258,943.780029296875,2530,509,Fuel/Ambient,707465800,1763325144
1763325144916064802,16,[  1 255   0 253 184  84  16   0],7,258,943.760009765625,2530,511,Fuel/Ambient,915468923,1763325144
1763325145113549220,16,[  1 255   0 253 184  82  16   0],7,258,943.719970703125,2530,511,Fuel/Ambient,112517305,1763325145
1763325145309439511,16,[  2   5   0 253 184  82  16   0],7,258,943.719970703125,2530,517,Fuel/Ambient,308809136,1763325145
1763325145513469152,16,[  2  15   0 254 184  81  16   0],7,258,943.7000122070312,2540,527,Fuel/Ambient,513174461,1763325145
1763325145714953486,16,[  2  20   0 254 184  80  16   0],7,258,943.6799926757812,2540,532,Fuel/Ambient,714041252,1763325145
1763325145921637684,16,[  2  19   0 254 184  79  16   0],7,258,943.6599731445312,2540,531,Fuel/Ambient,917092131,1763325145
1763325146113173816,16,[  2  19   0 254 184  78  16   0],7,258,943.6400146484375,2540,531,Fuel/Ambient,111643240,1763325146
1763325146319036694,16,[  2  15   0 254 184  77  16   0],7,258,943.6199951171875,2540,527,Fuel/Ambient,318241869,1763325146
1763325146514896361,16,[  2   8   0 255 184  76  16   0],7,258,943.5999755859375,2550,520,Fuel/Ambient,513946687,1763325146
1763325146723162337,16,[  2   9   0 255 184  75  16   0],7,258,943.5800170898438,2550,521,Fuel/Ambient,722416569,1763325146
1763325146919029652,16,[  1 245   0 255 184  75  16   0],7,258,943.5800170898438,2550,501,Fuel/Ambient,918743729,1763325146
1763325147120890311,16,[  1 236   0 255 184  74  16   0],7,258,943.5599975585938,2550,492,Fuel/Ambient,120611588,1763325147
1763325147316740539,16,[  1 236   0 255 184  75  16   0],7,258,943.5800170898438,2550,492,Fuel/Ambient,316142293,1763325147
1763325147523107904,16,[  1 224   0 255 184  75  16   0],7,258,943.5800170898438,2550,480,Fuel/Ambient,522021940,1763325147
1763325147721362733,16,[  1 210   1   0 184  76  16   0],7,258,943.5999755859375,2560,466,Fuel/Ambient,720841960,1763325147
1763325147917579301,16,[  1 199   1   0 184  77  16   0],7,258,943.6199951171875,2560,455,Fuel/Ambient,917301090,1763325147
1763325148128241592,16,[  1 183   1   0 184  79  16   0],7,258,943.6599731445312,2560,439,Fuel/Ambient,127602513,1763325148
1763325148323185731,16,[  1 183   1   0 184  81  16   0],7,258,943.7000122070312,2560,439,Fuel/Ambient,322599837,1763325148
1763325148529174500,16,[  1 172   1   0 184  82  16   0],7,258,943.719970703125,2560,428,Fuel/Ambient,528476797,1763325148
1763325148725859746,16,[  1 160   1   0 184  84  16   0],7,258,943.760009765625,2560,416,Fuel/Ambient,725409565,1763325148
1763325148924720151,16,[  1 148   1   1 184  87  16   0],7,258,943.8200073242188,2570,404,Fuel/Ambient,924332339,1763325148
1763325149122734692,16,[  1 135   1   1 184  89  16   0],7,258,943.8599853515625,2570,391,Fuel/Ambient,122378624,1763325149
1763325149329828562,16,[  1 135   1   1 184  91  16   0],7,258,943.9000244140625,2570,391,Fuel/Ambient,328809095,1763325149
1763325149524061398,16,[  1 127   1   1 184  94  16   0],7,258,943.9600219726562,2570,383,Fuel/Ambient,523727315,1763325149
1763325149732690901,16,[  1 117   1   1 184  96  16   0],7,258,944.0,2570,373,Fuel/Ambient,731208261,1763325149
1763325149929102385,16,[  1 112   1   1 184  98  16   0],7,258,944.0399780273438,2570,368,Fuel/Ambient,928398474,1763325149
1763325150125612271,16,[  1 106   1   1 184  99  16   0],7,258,944.0599975585938,2570,362,Fuel/Ambient,124884263,1763325150
1763325150336521127,16,[  1 106   1   1 184 101  16   0],7,258,944.0999755859375,2570,362,Fuel/Ambient,336138659,1763325150
1763325150532317405,16,[  1 103   1   1 184 103  16   0],7,258,944.1400146484375,2570,359,Fuel/Ambient,528369939,1763325150
1763325150735192895,16,[  1  99   1   2 184 104  16   0],7,258,944.1599731445312,2580,355,Fuel/Ambient,734497432,1763325150
1763325150931407962,16,[  1 102   1   2 184 105  16   0],7,258,944.1799926757812,2580,358,Fuel/Ambient,930187949,1763325150
1763325151137693153,16,[  1  96   1   2 184 106  16   0],7,258,944.2000122070312,2580,352,Fuel/Ambient,137362046,1763325151
1763325151337836295,16,[  1  96   1   2 184 108  16   0],7,258,944.239990234375,2580,352,Fuel/Ambient,337109087,1763325151
1763325151533485789,16,[  1 102   1   2 184 108  16   0],7,258,944.239990234375,2580,358,Fuel/Ambient,533029656,1763325151
1763325151739484737,16,[  1 109   1   2 184 109  16   0],7,258,944.260009765625,2580,365,Fuel/Ambient,739228094,1763325151
1763325151934538608,16,[  1 118   1   2 184 109  16   0],7,258,944.260009765625,2580,374,Fuel/Ambient,933613574,1763325151
1763325152132924676,16,[  1 128   1   2 184 109  16   0],7,258,944.260009765625,2580,384,Fuel/Ambient,131050608,1763325152
1763325152337196055,16,[  1 128   1   2 184 109  16   0],7,258,944.260009765625,2580,384,Fuel/Ambient,336799987,1763325152
1763325152542070257,16,[  1 139   1   3 184 109  16   0],7,258,944.260009765625,2590,395,Fuel/Ambient,541507979,1763325152
1763325152737738312,16,[  1 149   1   3 184 109  16   0],7,258,944.260009765625,2590,405,Fuel/Ambient,736784573,1763325152
1763325152942677666,16,[  1 169   1   3 184 108  16   0],7,258,944.239990234375,2590,425,Fuel/Ambient,941662295,1763325152
1763325153139177282,16,[  1 188   1   3 184 107  16   0],7,258,944.219970703125,2590,444,Fuel/Ambient,138959808,1763325153
1763325153334638264,16,[  1 202   1   3 184 105  16   0],7,258,944.1799926757812,2590,458,Fuel/Ambient,334287572,1763325153
1763325153541277253,16,[  1 202   1   3 184 104  16   0],7,258,944.1599731445312,2590,458,Fuel/Ambient,540854369,1763325153
1763325153737166719,16,[  1 215   1   4 184 103  16   0],7,258,944.1400146484375,2600,471,Fuel/Ambient,736473656,1763325153
1763325153942484671,16,[  1 217   1   4 184 101  16   0],7,258,944.0999755859375,2600,473,Fuel/Ambient,941542837,1763325153
1763325154144911616,16,[  1 165   1   4 184  99  16   0],7,258,944.0599975585938,2600,421,Fuel/Ambient,142330244,1763325154
1763325154340338358,16,[  1 123   1   4 184  98  16   0],7,258,944.0399780273438,2600,379,Fuel/Ambient,339820976,1763325154
1763325154546850147,16,[  1 123   1   4 184  96  16   0],7,258,944.0,2600,379,Fuel/Ambient,545540757,1763325154
1763325154748144569,16,[  1  85   1   4 184  95  16   0],7,258,943.97998046875,2600,341,Fuel/Ambient,747467025,1763325154
1763325154945274145,16,[  1  51   1   4 184  95  16   0],7,258,943.97998046875,2600,307,Fuel/Ambient,943478350,1763325154
1763325155141810820,16,[  1  21   1   5 184  94  16   0],7,258,943.9600219726562,2610,277,Fuel/Ambient,141284990,1763325155
1763325155349302525,16,[  0 253   1   5 184  94  16   0],7,258,943.9600219726562,2610,253,Fuel/Ambient,348801079,1763325155
1763325155544181998,16,[  0 253   1   5 184  96  16   0],7,258,944.0,2610,253,Fuel/Ambient,543606791,1763325155
1763325155750064021,16,[  0 233   1   5 184  97  16   0],7,258,944.02001953125,2610,233,Fuel/Ambient,749770258,1763325155
1763325155946021650,16,[  0 218   1   5 184 100  16   0],7,258,944.0800170898438,2610,218,Fuel/Ambient,945664078,1763325155
1763325156153374154,16,[  0 205   1   5 184 103  16   0],7,258,944.1400146484375,2610,205,Fuel/Ambient,153103975,1763325156
1763325156348891267,16,[  0 198   1   5 184 105  16   0],7,258,944.1799926757812,2610,198,Fuel/Ambient,348629472,1763325156
1763325156547103801,16,[  0 198   1   5 184 109  16   0],7,258,944.260009765625,2610,198,Fuel/Ambient,546586452,1763325156
1763325156754286128,16,[  0 203   1   5 184 113  16   0],7,258,944.3400268554688,2610,203,Fuel/Ambient,753723530,1763325156
1763325156951595516,16,[  0 213   1   5 184 116  16   0],7,258,944.4000244140625,2610,213,Fuel/Ambient,950854580,1763325156
1763325157148286434,16,[  0 221   1   5 184 119  16   0],7,258,944.4600219726562,2610,221,Fuel/Ambient,147830493,1763325157
1763325157355679644,16,[  0 221   1   5 184 122  16   0],7,258,944.52001953125,2610,221,Fuel/Ambient,355334969,1763325157
1763325157551903550,16,[  0 221   1   5 184 126  16   0],7,258,944.5999755859375,2610,221,Fuel/Ambient,551709372,1763325157
1763325157760482853,16,[  0 221   1   5 184 129  16   0],7,258,944.6599731445312,2610,221,Fuel/Ambient,760183009,1763325157
1763325157959442308,16,[  0 222   1   6 184 132  16   0],7,258,944.719970703125,2620,222,Fuel/Ambient,958828189,1763325157
1763325158155646374,16,[  0 216   1   6 184 135  16   0],7,258,944.780029296875,2620,216,Fuel/Ambient,154956606,1763325158
1763325158353819293,16,[  0 208   1   6 184 136  16   0],7,258,944.7999877929688,2620,208,Fuel/Ambient,353220951,1763325158
1763325158562448197,16,[  0 208   1   6 184 138  16   0],7,258,944.8400268554688,2620,208,Fuel/Ambient,561295833,1763325158
1763325158756679347,16,[  0 202   1   6 184 139  16   0],7,258,944.8599853515625,2620,202,Fuel/Ambient,756310767,1763325158
1763325158964246223,16,[  0 195   1   6 184 140  16   0],7,258,944.8800048828125,2620,195,Fuel/Ambient,962808064,1763325158
1763325159160977976,17,[  0 191   1   6 184 141  17   0],7,258,944.9000244140625,2620,191,Fuel/Ambient,160510643,1763325159
1763325159357044794,17,[  0 186   1   6 184 141  17   0],7,258,944.9000244140625,2620,186,Fuel/Ambient,356640758,1763325159
1763325159565910662,17,[  0 179   1   6 184 142  17   0],7,258,944.9199829101562,2620,179,Fuel/Ambient,564998620,1763325159
1763325159762934962,17,[  0 179   1   6 184 143  17   0],7,258,944.9400024414062,2620,179,Fuel/Ambient,761419842,1763325159
1763325159956794972,17,[  0 171   1   6 184 144  17   0],7,258,944.9600219726562,2620,171,Fuel/Ambient,956430296,1763325159
1763325160164478940,17,[  0 171   1   6 184 145  17   0],7,258,944.97998046875,2620,171,Fuel/Ambient,163733460,1763325160
1763325160362143920,17,[  0 171   1   6 184 146  17   0],7,258,945.0,2620,171,Fuel/Ambient,361309895,1763325160
1763325160569536877,17,[  0 173   1   6 184 147  17   0],7,258,945.02001953125,2620,173,Fuel/Ambient,568475521,1763325160
1763325160767026175,17,[  0 173   1   6 184 147  17   0],7,258,945.02001953125,2620,173,Fuel/Ambient,766674459,1763325160
1763325160964699731,17,[  0 173   1   6 184 148  17   0],7,258,945.0399780273438,2620,173,Fuel/Ambient,964465745,1763325160
1763325161160815831,17,[  0 172   1   7 184 148  17   0],7,258,945.0399780273438,2630,172,Fuel/Ambient,160581717,1763325161
1763325161366344769,17,[  0 174   1   7 184 149  17   0],7,258,945.0599975585938,2630,174,Fuel/Ambient,365214965,1763325161
1763325161570654462,17,[  0 176   1   7 184 149  17   0],7,258,945.0599975585938,2630,176,Fuel/Ambient,570347258,1763325161
1763325161765942681,17,[  0 176   1   7 184 149  17   0],7,258,945.0599975585938,2630,176,Fuel/Ambient,765045455,1763325161
1763325161971344450,17,[  0 176   1   7 184 149  17   0],7,258,945.0599975585938,2630,176,Fuel/Ambient,971002238,1763325161
1763325162168367153,17,[  0 174   1   7 184 149  17   0],7,258,945.0599975585938,2630,174,Fuel/Ambient,167375206,1763325162
1763325162366202664,17,[  0 170   1   7 184 149  17   0],7,258,945.0599975585938,2630,170,Fuel/Ambient,365757508,1763325162
1763325162572706526,17,[  0 168   1   7 184 149  17   0],7,258,945.0599975585938,2630,168,Fuel/Ambient,572225145,1763325162
1763325162767663543,17,[  0 168   1   7 184 149  17   0],7,258,945.0599975585938,2630,168,Fuel/Ambient,766981007,1763325162
1763325162972969279,17,[  0 170   1   7 184 149  17   0],7,258,945.0599975585938,2630,170,Fuel/Ambient,972189975,1763325162
1763325163169192838,17,[  0 170   1   7 184 149  17   0],7,258,945.0599975585938,2630,170,Fuel/Ambient,168396574,1763325163
1763325163375787102,17,[  0 170   1   7 184 149  17   0],7,258,945.0599975585938,2630,170,Fuel/Ambient,375515227,1763325163
1763325163571774019,17,[  0 167   1   7 184 149  17   0],7,258,945.0599975585938,2630,167,Fuel/Ambient,571371422,1763325163
1763325163777343439,17,[  0 167   1   7 184 149  17   0],7,258,945.0599975585938,2630,167,Fuel/Ambient,776616359,1763325163
1763325163974884484,17,[  0 164   1   7 184 149  17   0],7,258,945.0599975585938,2630,164,Fuel/Ambient,974532929,1763325163
1763325164172927648,17,[  0 163   1   7 184 149  17   0],7,258,945.0599975585938,2630,163,Fuel/Ambient,172424123,1763325164
1763325164380193120,17,[  0 166   1   7 184 149  17   0],7,258,945.0599975585938,2630,166,Fuel/Ambient,379735099,1763325164
1763325164577092144,17,[  0 166   1   8 184 149  17   0],7,258,945.0599975585938,2640,166,Fuel/Ambient,576273095,1763325164
1763325164778240173,17,[  0 166   1   8 184 149  17   0],7,258,945.0599975585938,2640,166,Fuel/Ambient,776857950,1763325164
1763325164973979344,17,[  0 165   1   8 184 148  17   0],7,258,945.0399780273438,2640,165,Fuel/Ambient,973293353,1763325164
1763325165179670464,17,[  0 163   1   8 184 148  17   0],7,258,945.0399780273438,2640,163,Fuel/Ambient,177454056,1763325165
1763325165382429904,17,[  0 162   1   8 184 148  17   0],7,258,945.0399780273438,2640,162,Fuel/Ambient,381985931,1763325165
1763325165579028893,17,[  0 163   1   8 184 148  17   0],7,258,945.0399780273438,2640,163,Fuel/Ambient,578315157,1763325165
1763325165785777048,17,[  0 165   1   8 184 148  17   0],7,258,945.0399780273438,2640,165,Fuel/Ambient,784799758,1763325165
1763325165984746975,17,[  0 165   1   8 184 147  17   0],7,258,945.02001953125,2640,165,Fuel/Ambient,984226106,1763325165
1763325166181307085,17,[  0 167   1   8 184 147  17   0],7,258,945.02001953125,2640,167,Fuel/Ambient,181140619,1763325166
1763325166386586777,17,[  0 167   1   8 184 148  17   0],7,258,945.0399780273438,2640,167,Fuel/Ambient,386363895,1763325166
1763325166582772643,17,[  0 166   1   8 184 148  17   0],7,258,945.0399780273438,2640,166,Fuel/Ambient,582269534,1763325166
1763325166788992890,17,[  0 166   1   8 184 148  17   0],7,258,945.0399780273438,2640,166,Fuel/Ambient,788189617,1763325166
1763325166984544349,17,[  0 166   1   8 184 147  17   0],7,258,945.02001953125,2640,166,Fuel/Ambient,984322810,1763325166
1763325167182935743,17,[  0 164   1   8 184 148  17   0],7,258,945.0399780273438,2640,164,Fuel/Ambient,182572091,1763325167
1763325167389026677,17,[  0 160   1   8 184 148  17   0],7,258,945.0399780273438,2640,160,Fuel/Ambient,388696178,1763325167
1763325167585895879,17,[  0 162   1   8 184 149  17   0],7,258,945.0599975585938,2640,162,Fuel/Ambient,585138975,1763325167
1763325167792712677,17,[  0 165   1   8 184 149  17   0],7,258,945.0599975585938,2640,165,Fuel/Ambient,791897500,1763325167
1763325167987865285,17,[  0 165   1   8 184 149  17   0],7,258,945.0599975585938,2640,165,Fuel/Ambient,987260094,1763325167
1763325168184564310,17,[  0 166   1   8 184 149  17   0],7,258,945.0599975585938,2640,166,Fuel/Ambient,183989840,1763325168
1763325168393023943,17,[  0 165   1   9 184 149  17   0],7,258,945.0599975585938,2650,165,Fuel/Ambient,392471361,1763325168
1763325168588853391,17,[  0 163   1   9 184 149  17   0],7,258,945.0599975585938,2650,163,Fuel/Ambient,588391594,1763325168
1763325168794058972,17,[  0 161   1   9 184 148  17   0],7,258,945.0399780273438,2650,161,Fuel/Ambient,793676664,1763325168
1763325168992790499,17,[  0 161   1   9 184 148  17   0],7,258,945.0399780273438,2650,161,Fuel/Ambient,992292094,1763325168
1763325169191899632,17,[  0 164   1   9 184 148  17   0],7,258,945.0399780273438,2650,164,Fuel/Ambient,189926426,1763325169
1763325169396030963,17,[  0 164   1   9 184 148  17   0],7,258,945.0399780273438,2650,164,Fuel/Ambient,394303328,1763325169
1763325169590805552,17,[  0 163   1   9 184 147  17   0],7,258,945.02001953125,2650,163,Fuel/Ambient,590401676,1763325169
1763325169795814076,17,[  0 161   1   9 184 147  17   0],7,258,945.02001953125,2650,161,Fuel/Ambient,794743409,1763325169
1763325169989808785,17,[  0 161   1   9 184 147  17   0],7,258,945.02001953125,2650,161,Fuel/Ambient,989200075,1763325169
1763325170200172760,17,[  0 162   1   9 184 147  17   0],7,258,945.02001953125,2650,162,Fuel/Ambient,198308036,1763325170
1763325170393119011,17,[  0 160   1   9 184 146  17   0],7,258,945.0,2650,160,Fuel/Ambient,392635486,1763325170
1763325170599772418,17,[  0 161   1   9 184 145  17   0],7,258,944.97998046875,2650,161,Fuel/Ambient,599357086,1763325170
1763325170796549014,17,[  0 161   1   9 184 145  17   0],7,258,944.97998046875,2650,161,Fuel/Ambient,796146066,1763325170
1763325170995815205,17,[  0 161   1   9 184 145  17   0],7,258,944.97998046875,2650,161,Fuel/Ambient,995488386,1763325170
1763325171197596240,17,[  0 162   1   9 184 145  17   0],7,258,944.97998046875,2650,162,Fuel/Ambient,197193260,1763325171
1763325171397579208,17,[  0 161   1   9 184 145  17   0],7,258,944.97998046875,2650,161,Fuel/Ambient,397087235,1763325171
1763325171597012058,17,[  0 162   1   9 184 145  17   0],7,258,944.97998046875,2650,162,Fuel/Ambient,596444244,1763325171
1763325171803232213,17,[  0 164   1   9 184 145  17   0],7,258,944.97998046875,2650,164,Fuel/Ambient,802940082,1763325171
1763325171999132129,17,[  0 164   1   9 184 146  17   0],7,258,945.0,2650,164,Fuel/Ambient,998658396,1763325171
1763325172205502015,17,[  0 164   1  10 184 146  17   0],7,258,945.0,2660,164,Fuel/Ambient,204586389,1763325172
1763325172408822844,17,[  0 162   1  10 184 146  17   0],7,258,945.0,2660,162,Fuel/Ambient,407116937,1763325172
1763325172604779433,17,[  0 163   1  10 184 146  17   0],7,258,945.0,2660,163,Fuel/Ambient,604154658,1763325172
1763325172800093615,17,[  0 162   1  10 184 146  17   0],7,258,945.0,2660,162,Fuel/Ambient,799779500,1763325172
1763325173009770577,17,[  0 162   1  10 184 146  17   0],7,258,945.0,2660,162,Fuel/Ambient,8950440,1763325173
1763325173205701311,17,[  0 162   1  10 184 146  17   0],7,258,945.0,2660,162,Fuel/Ambient,205365019,1763325173
1763325173410859825,17,[  0 163   1  10 184 147  17   0],7,258,945.02001953125,2660,163,Fuel/Ambient,410170761,1763325173
1763325173605120620,17,[  0 165   1  10 184 147  17   0],7,258,945.02001953125,2660,165,Fuel/Ambient,604748776,1763325173
1763325173809970331,17,[  0 168   1  10 184 147  17   0],7,258,945.02001953125,2660,168,Fuel/Ambient,809744024,1763325173
1763325174007262007,17,[  0 167   1  10 184 148  17   0],7,258,945.0399780273438,2660,167,Fuel/Ambient,6963732,1763325174
1763325174204660310,17,[  0 167   1  10 184 148  17   0],7,258,945.0399780273438,2660,167,Fuel/Ambient,204270610,1763325174
1763325174410962869,17,[  0 167   1  10 184 149  17   0],7,258,945.0599975585938,2660,167,Fuel/Ambient,410298254,1763325174
1763325174608358804,17,[  0 166   1  10 184 149  17   0],7,258,945.0599975585938,2660,166,Fuel/Ambient,607344105,1763325174
1763325174812506396,17,[  0 163   1  10 184 150  17   0],7,258,945.0800170898438,2660,163,Fuel/Ambient,809242008,1763325174
1763325175015702553,17,[  0 166   1  10 184 150  17   0],7,258,945.0800170898438,2660,166,Fuel/Ambient,15287957,1763325175
1763325175214933581,17,[  0 166   1  10 184 150  17   0],7,258,945.0800170898438,2660,166,Fuel/Ambient,213931650,1763325175
1763325175409585422,17,[  0 164   1  10 184 150  17   0],7,258,945.0800170898438,2660,164,Fuel/Ambient,408443778,1763325175
1763325175617944261,17,[  0 162   1  10 184 150  17   0],7,258,945.0800170898438,2660,162,Fuel/Ambient,617589825,1763325175
1763325175813577585,17,[  0 160   1  11 184 150  17   0],7,258,945.0800170898438,2670,160,Fuel/Ambient,813140205,1763325175
1763325176010663278,17,[  0 158   1  11 184 150  17   0],7,258,945.0800170898438,2670,158,Fuel/Ambient,10229641,1763325176
1763325176221131036,17,[  0 158   1  11 184 150  17   0],7,258,945.0800170898438,2670,158,Fuel/Ambient,219547403,1763325176
1763325176417431377,17,[  0 157   1  11 184 150  17   0],7,258,945.0800170898438,2670,157,Fuel/Ambient,416714729,1763325176
1763325176613285952,17,[  0 158   1  11 184 151  17   0],7,258,945.0999755859375,2670,158,Fuel/Ambient,613054110,1763325176
1763325176821035537,17,[  0 162   1  11 184 151  17   0],7,258,945.0999755859375,2670,162,Fuel/Ambient,820792623,1763325176
1763325177019142298,17,[  0 161   1  11 184 151  17   0],7,258,945.0999755859375,2670,161,Fuel/Ambient,18341297,1763325177
1763325177218415472,17,[  0 161   1  11 184 151  17   0],7,258,945.0999755859375,2670,161,Fuel/Ambient,216011189,1763325177
1763325177422520218,17,[  0 159   1  11 184 152  17   0],7,258,945.1199951171875,2670,159,Fuel/Ambient,422247095,1763325177
1763325177620364032,17,[  0 160   1  11 184 152  17   0],7,258,945.1199951171875,2670,160,Fuel/Ambient,619157811,1763325177
1763325177816402579,17,[  0 160   1  11 184 152  17   0],7,258,945.1199951171875,2670,160,Fuel/Ambient,816206993,1763325177
1763325178024754411,17,[  0 160   1  11 184 152  17   0],7,258,945.1199951171875,2670,160,Fuel/Ambient,24296838,1763325178
1763325178220216953,17,[  0 160   1  11 184 152  17   0],7,258,945.1199951171875,2670,160,Fuel/Ambient,219760532,1763325178
1763325178428065133,17,[  0 160   1  11 184 153  17   0],7,258,945.1400146484375,2670,160,Fuel/Ambient,427096450,1763325178
1763325178625702418,17,[  0 160   1  11 184 153  17   0],7,258,945.1400146484375,2670,160,Fuel/Ambient,624615110,1763325178
1763325178820810971,17,[  0 159   1  11 184 153  17   0],7,258,945.1400146484375,2670,159,Fuel/Ambient,819680687,1763325178
1763325179026158932,17,[  0 158   1  11 184 154  17   0],7,258,945.1599731445312,2670,158,Fuel/Ambient,25722927,1763325179
1763325179223793466,17,[  0 157   1  11 184 155  17   0],7,258,945.1799926757812,2670,157,Fuel/Ambient,222532556,1763325179
1763325179428655407,17,[  0 157   1  11 184 155  17   0],7,258,945.1799926757812,2670,157,Fuel/Ambient,427620547,1763325179
1763325179623766649,17,[  0 156   1  12 184 155  17   0],7,258,945.1799926757812,2680,156,Fuel/Ambient,622867919,1763325179
1763325179829390518,17,[  0 157   1  12 184 155  17   0],7,258,945.1799926757812,2680,157,Fuel/Ambient,827870629,1763325179
1763325180026580791,17,[  0 160   1  12 184 155  17   0],7,258,945.1799926757812,2680,160,Fuel/Ambient,26317204,1763325180
1763325180225599373,17,[  0 159   1  12 184 155  17   0],7,258,945.1799926757812,2680,159,Fuel/Ambient,225291626,1763325180
1763325180432846172,17,[  0 159   1  12 184 155  17   0],7,258,945.1799926757812,2680,159,Fuel/Ambient,432319383,1763325180
1763325180629339831,17,[  0 158   1  12 184 156  17   0],7,258,945.2000122070312,2680,158,Fuel/Ambient,629096340,1763325180
1763325180826281142,17,[  0 158   1  12 184 156  17   0],7,258,945.2000122070312,2680,158,Fuel/Ambient,825903218,1763325180
1763325181033134017,17,[  0 156   1  12 184 156  17   0],7,258,945.2000122070312,2680,156,Fuel/Ambient,32405337,1763325181
1763325181230547239,17,[  0 158   1  12 184 156  17   0],7,258,945.2000122070312,2680,158,Fuel/Ambient,230183107,1763325181
1763325181429457980,17,[  0 158   1  12 184 157  17   0],7,258,945.219970703125,2680,158,Fuel/Ambient,428578707,1763325181
1763325181636210760,17,[  0 158   1  12 184 157  17   0],7,258,945.219970703125,2680,158,Fuel/Ambient,635649505,1763325181
1763325181834940379,17,[  0 159   1  12 184 158  17   0],7,258,945.239990234375,2680,159,Fuel/Ambient,834224787,1763325181
1763325182032017213,17,[  0 158   1  12 184 158  17   0],7,258,945.239990234375,2680,158,Fuel/Ambient,31807419,1763325182
1763325182232433124,17,[  0 159   1  12 184 158  17   0],7,258,945.239990234375,2680,159,Fuel/Ambient,231692924,1763325182
1763325182438710539,17,[  0 159   1  12 184 159  17   0],7,258,945.260009765625,2680,159,Fuel/Ambient,438267270,1763325182
1763325182639098258,17,[  0 157   1  12 184 159  17   0],7,258,945.260009765625,2680,157,Fuel/Ambient,638306281,1763325182
1763325182833997117,17,[  0 158   1  12 184 159  17   0],7,258,945.260009765625,2680,158,Fuel/Ambient,833335509,1763325182
1763325183038942165,17,[  0 158   1  12 184 159  17   0],7,258,945.260009765625,2680,158,Fuel/Ambient,38758515,1763325183
1763325183236918850,17,[  0 159   1  13 184 159  17   0],7,258,945.260009765625,2690,159,Fuel/Ambient,236349948,1763325183
1763325183445660709,17,[  0 159   1  13 184 159  17   0],7,258,945.260009765625,2690,159,Fuel/Ambient,444950845,1763325183
1763325183641286169,17,[  0 159   1  13 184 159  17   0],7,258,945.260009765625,2690,159,Fuel/Ambient,640566193,1763325183
1763325183840820791,17,[  0 159   1  13 184 159  17   0],7,258,945.260009765625,2690,159,Fuel/Ambient,839741163,1763325183
1763325184038436673,17,[  0 156   1  13 184 159  17   0],7,258,945.260009765625,2690,156,Fuel/Ambient,37385013,1763325184
1763325184245395857,17,[  0 158   1  13 184 158  17   0],7,258,945.239990234375,2690,158,Fuel/Ambient,244432999,1763325184
1763325184439768344,17,[  0 158   1  13 184 158  17   0],7,258,945.239990234375,2690,158,Fuel/Ambient,439504469,1763325184
1763325184646955499,17,[  0 157   1  13 184 157  17   0],7,258,945.219970703125,2690,157,Fuel/Ambient,646012864,1763325184
1763325184842300444,17,[  0 157   1  13 184 156  17   0],7,258,945.2000122070312,2690,157,Fuel/Ambient,841383762,1763325184
1763325185048655142,17,[  0 158   1  13 184 156  17   0],7,258,945.2000122070312,2690,158,Fuel/Ambient,47822365,1763325185
1763325185246885912,17,[  0 156   1  13 184 155  17   0],7,258,945.1799926757812,2690,156,Fuel/Ambient,246451507,1763325185
1763325185445562831,17,[  0 156   1  13 184 155  17   0],7,258,945.1799926757812,2690,156,Fuel/Ambient,443625466,1763325185
1763325185650534955,17,[  0 155   1  13 184 154  17   0],7,258,945.1599731445312,2690,155,Fuel/Ambient,649938052,1763325185
1763325185845539481,17,[  0 156   1  13 184 154  17   0],7,258,945.1599731445312,2690,156,Fuel/Ambient,844629616,1763325185
1763325186052098022,17,[  0 157   1  13 184 153  17   0],7,258,945.1400146484375,2690,157,Fuel/Ambient,50894585,1763325186
1763325186247410490,17,[  0 159   1  13 184 153  17   0],7,258,945.1400146484375,2690,159,Fuel/Ambient,246642481,1763325186
1763325186453861926,17,[  0 159   1  13 184 153  17   0],7,258,945.1400146484375,2690,159,Fuel/Ambient,453311360,1763325186
1763325186648463762,17,[  0 159   1  13 184 153  17   0],7,258,945.1400146484375,2690,159,Fuel/Ambient,648245839,1763325186
1763325186847037896,17,[  0 161   1  13 184 153  17   0],7,258,945.1400146484375,2690,161,Fuel/Ambient,845963453,1763325186
1763325187052362761,17,[  0 160   1  14 184 154  17   0],7,258,945.1599731445312,2700,160,Fuel/Ambient,52101766,1763325187
1763325187249563409,17,[  0 159   1  14 184 154  17   0],7,258,945.1599731445312,2700,159,Fuel/Ambient,248646247,1763325187
1763325187455056469,17,[  0 158   1  14 184 153  17   0],7,258,945.1400146484375,2700,158,Fuel/Ambient,454106090,1763325187
1763325187651050160,17,[  0 158   1  14 184 153  17   0],7,258,945.1400146484375,2700,158,Fuel/Ambient,650778253,1763325187
1763325187859610869,17,[  0 159   1  14 184 153  17   0],7,258,945.1400146484375,2700,159,Fuel/Ambient,859001454,1763325187
1763325188054106848,17,[  0 163   1  14 184 153  17   0],7,258,945.1400146484375,2700,163,Fuel/Ambient,53526010,1763325188
1763325188251419659,17,[  0 165   1  14 184 153  17   0],7,258,945.1400146484375,2700,165,Fuel/Ambient,250930053,1763325188
1763325188460507606,17,[  0 167   1  14 184 153  17   0],7,258,945.1400146484375,2700,167,Fuel/Ambient,460112050,1763325188
1763325188658525769,17,[  0 167   1  14 184 153  17   0],7,258,945.1400146484375,2700,167,Fuel/Ambient,658079396,1763325188
1763325188855258317,17,[  0 169   1  14 184 153  17   0],7,258,945.1400146484375,2700,169,Fuel/Ambient,854851337,1763325188
1763325189060331853,17,[  0 170   1  14 184 154  17   0],7,258,945.1599731445312,2700,170,Fuel/Ambient,60085642,1763325189
1763325189258006972,17,[  0 170   1  14 184 154  17   0],7,258,945.1599731445312,2700,170,Fuel/Ambient,257756698,1763325189
1763325189455879790,17,[  0 169   1  14 184 154  17   0],7,258,945.1599731445312,2700,169,Fuel/Ambient,455469514,1763325189
1763325189661527221,17,[  0 169   1  14 184 153  17   0],7,258,945.1400146484375,2700,169,Fuel/Ambient,660108390,1763325189
1763325189856125059,17,[  0 169   1  14 184 153  17   0],7,258,945.1400146484375,2700,169,Fuel/Ambient,855609885,1763325189
1763325190063990018,17,[  0 172   1  14 184 153  17   0],7,258,945.1400146484375,2700,172,Fuel/Ambient,63526429,1763325190
1763325190260824906,17,[  0 174   1  14 184 153  17   0],7,258,945.1400146484375,2700,174,Fuel/Ambient,260288868,1763325190
1763325190465836490,17,[  0 174   1  14 184 153  17   0],7,258,945.1400146484375,2700,174,Fuel/Ambient,465491623,1763325190
1763325190662468144,17,[  0 174   1  14 184 153  17   0],7,258,945.1400146484375,2700,174,Fuel/Ambient,661031392,1763325190
1763325190858384429,17,[  0 175   1  15 184 153  17   0],7,258,945.1400146484375,2710,175,Fuel/Ambient,857784934,1763325190
1763325191063427502,17,[  0 178   1  15 184 153  17   0],7,258,945.1400146484375,2710,178,Fuel/Ambient,63162443,1763325191
1763325191260214262,17,[  0 178   1  15 184 153  17   0],7,258,945.1400146484375,2710,178,Fuel/Ambient,259681200,1763325191
1763325191468234009,17,[  0 178   1  15 184 153  17   0],7,258,945.1400146484375,2710,178,Fuel/Ambient,464967285,1763325191
1763325191670612734,16,[  0 178   1  15 184 153  16   0],7,258,945.1400146484375,2710,178,Fuel/Ambient,670115800,1763325191
1763325191870528616,16,[  0 180   1  15 184 154  16   0],7,258,945.1599731445312,2710,180,Fuel/Ambient,869322874,1763325191
1763325192065924608,16,[  0 181   1  15 184 154  16   0],7,258,945.1599731445312,2710,181,Fuel/Ambient,65201945,1763325192
1763325192269128655,16,[  0 182   1  15 184 153  16   0],7,258,945.1400146484375,2710,182,Fuel/Ambient,268735723,1763325192
1763325192464330215,16,[  0 182   1  15 184 153  16   0],7,258,945.1400146484375,2710,182,Fuel/Ambient,463975971,1763325192
1763325192671514977,16,[  0 183   1  15 184 153  16   0],7,258,945.1400146484375,2710,183,Fuel/Ambient,670986203,1763325192
1763325192870608131,16,[  0 183   1  15 184 154  16   0],7,258,945.1599731445312,2710,183,Fuel/Ambient,870035229,1763325192
1763325193065992125,16,[  0 186   1  15 184 154  16   0],7,258,945.1599731445312,2710,186,Fuel/Ambient,65140755,1763325193
1763325193272245710,16,[  0 188   1  15 184 154  16   0],7,258,945.1599731445312,2710,188,Fuel/Ambient,271865098,1763325193
1763325193469146553,16,[  0 189   1  15 184 154  16   0],7,258,945.1599731445312,2710,189,Fuel/Ambient,468203662,1763325193
1763325193668609856,16,[  0 190   1  15 184 155  16   0],7,258,945.1799926757812,2710,190,Fuel/Ambient,668254076,1763325193
1763325193874378476,16,[  0 190   1  15 184 155  16   0],7,258,945.1799926757812,2710,190,Fuel/Ambient,873406497,1763325193
1763325194073994036,16,[  0 195   1  16 184 155  16   0],7,258,945.1799926757812,2720,195,Fuel/Ambient,72773255,1763325194
1763325194279556959,16,[  0 197   1  16 184 156  16   0],7,258,945.2000122070312,2720,197,Fuel/Ambient,279062522,1763325194
1763325194476210440,16,[  0 200   1  16 184 156  16   0],7,258,945.2000122070312,2720,200,Fuel/Ambient,475646178,1763325194
1763325194673611033,16,[  0 202   1  16 184 156  16   0],7,258,945.2000122070312,2720,202,Fuel/Ambient,673231573,1763325194
1763325194882275846,16,[  0 202   1  16 184 156  16   0],7,258,945.2000122070312,2720,202,Fuel/Ambient,880914967,1763325194
1763325195079485973,16,[  0 204   1  16 184 156  16   0],7,258,945.2000122070312,2720,204,Fuel/Ambient,77468863,1763325195
1763325195278182198,16,[  0 207   1  16 184 156  16   0],7,258,945.2000122070312,2720,207,Fuel/Ambient,276178496,1763325195
1763325195482311281,16,[  0 208   1  16 184 155  16   0],7,258,945.1799926757812,2720,208,Fuel/Ambient,481837740,1763325195
1763325195679054172,16,[  0 212   1  16 184 155  16   0],7,258,945.1799926757812,2720,212,Fuel/Ambient,678287796,1763325195
1763325195876684145,16,[  0 212   1  16 184 155  16   0],7,258,945.1799926757812,2720,212,Fuel/Ambient,875452452,1763325195
1763325196081982746,16,[  0 213   1  16 184 154  16   0],7,258,945.1599731445312,2720,213,Fuel/Ambient,81547765,1763325196
1763325196278895496,16,[  0 214   1  16 184 154  16   0],7,258,945.1599731445312,2720,214,Fuel/Ambient,278389026,1763325196
1763325196488156701,16,[  0 215   1  16 184 153  16   0],7,258,945.1400146484375,2720,215,Fuel/Ambient,486114406,1763325196
1763325196683252791,16,[  0 219   1  16 184 153  16   0],7,258,945.1400146484375,2720,219,Fuel/Ambient,681023102,1763325196
1763325196884651189,16,[  0 219   1  16 184 153  16   0],7,258,945.1400146484375,2720,219,Fuel/Ambient,884291505,1763325196
1763325197088278829,16,[  0 221   1  17 184 153  16   0],7,258,945.1400146484375,2730,221,Fuel/Ambient,87843272,1763325197
1763325197285362078,16,[  0 223   1  17 184 152  16   0],7,258,945.1199951171875,2730,223,Fuel/Ambient,284856984,1763325197
1763325197481821703,16,[  0 223   1  17 184 152  16   0],7,258,945.1199951171875,2730,223,Fuel/Ambient,480759036,1763325197
1763325197689349834,16,[  0 221   1  17 184 151  16   0],7,258,945.0999755859375,2730,221,Fuel/Ambient,688727235,1763325197
1763325197884425797,16,[  0 221   1  17 184 151  16   0],7,258,945.0999755859375,2730,221,Fuel/Ambient,884115649,1763325197
1763325198092396749,16,[  0 221   1  17 184 152  16   0],7,258,945.1199951171875,2730,221,Fuel/Ambient,91085791,1763325198
1763325198290515050,16,[  0 219   1  17 184 152  16   0],7,258,945.1199951171875,2730,219,Fuel/Ambient,290296967,1763325198
1763325198487665404,16,[  0 217   1  17 184 152  16   0],7,258,945.1199951171875,2730,217,Fuel/Ambient,487355992,1763325198
1763325198693369484,16,[  0 215   1  17 184 152  16   0],7,258,945.1199951171875,2730,215,Fuel/Ambient,692999720,1763325198
1763325198889385009,16,[  0 213   1  17 184 152  16   0],7,258,945.1199951171875,2730,213,Fuel/Ambient,889142959,1763325198
1763325199088116789,16,[  0 213   1  17 184 152  16   0],7,258,945.1199951171875,2730,213,Fuel/Ambient,87548911,1763325199
1763325199293316961,16,[  0 210   1  17 184 153  16   0],7,258,945.1400146484375,2730,210,Fuel/Ambient,292858171,1763325199
1763325199493823416,16,[  0 210   1  17 184 153  16   0],7,258,945.1400146484375,2730,210,Fuel/Ambient,493367315,1763325199
1763325199692188217,16,[  0 210   1  18 184 154  16   0],7,258,945.1599731445312,2740,210,Fuel/Ambient,691400144,1763325199
1763325199897662919,16,[  0 210   1  18 184 155  16   0],7,258,945.1799926757812,2740,210,Fuel/Ambient,896391641,1763325199
1763325200097114900,16,[  0   0   1  18 184 156  16   0],7,258,945.2000122070312,2740,0,Fuel/Ambient,95869446,1763325200
1763325200294235527,16,[  0   0   1  18 184 158  16   0],7,258,945.239990234375,2740,0,Fuel/Ambient,293229052,1763325200
1763325200491180121,16,[  0   0   1  18 184 159  16   0],7,258,945.260009765625,2740,0,Fuel/Ambient,490147438,1763325200
1763325200704969636,16,[  0   0   1  18 184 160  16   0],7,258,945.280029296875,2740,0,Fuel/Ambient,704463518,1763325200
1763325200896212183,16,[  0   0   1  18 184 162  16   0],7,258,945.3200073242188,2740,0,Fuel/Ambient,894964585,1763325200
1763325201094646937,16,[  0   0   1  18 184 163  16   0],7,258,945.3400268554688,2740,0,Fuel/Ambient,94277237,1763325201
1763325201293612002,16,[  0   0   1  18 184 165  16   0],7,258,945.3800048828125,2740,0,Fuel/Ambient,293187293,1763325201
1763325201499764089,16,[  0   0   1  18 184 166  16   0],7,258,945.4000244140625,2740,0,Fuel/Ambient,499191475,1763325201
1763325201697497013,16,[  0   0   1  18 184 167  16   0],7,258,945.4199829101562,2740,0,Fuel/Ambient,696706796,1763325201
1763325201904758168,16,[  0   0   1  18 184 168  16   0],7,258,945.4400024414062,2740,0,Fuel/Ambient,903432618,1763325201
1763325202104076998,16,[  0   0   1  18 184 169  16   0],7,258,945.4600219726562,2740,0,Fuel/Ambient,103164700,1763325202
1763325202300906392,16,[  0   0   1  18 184 170  16   0],7,258,945.47998046875,2740,0,Fuel/Ambient,300504947,1763325202
1763325202507443253,16,[  0   0   1  18 184 171  16   0],7,258,945.5,2740,0,Fuel/Ambient,506658412,1763325202
1763325202702059982,16,[  0   0   1  18 184 172  16   0],7,258,945.52001953125,2740,0,Fuel/Ambient,701743243,1763325202
1763325202900945783,16,[  0   0   1  18 184 172  16   0],7,258,945.52001953125,2740,0,Fuel/Ambient,900646164,1763325202
1763325203109871983,16,[  0   0   1  18 184 173  16   0],7,258,945.5399780273438,2740,0,Fuel/Ambient,108606017,1763325203
1763325203308469013,16,[  0   0   1  18 184 173  16   0],7,258,945.5399780273438,2740,0,Fuel/Ambient,307806990,1763325203
1763325203505594988,16,[  0   0   1  18 184 173  16   0],7,258,945.5399780273438,2740,0,Fuel/Ambient,504925924,1763325203
1763325203710994973,16,[  0   0   1  18 184 174  16   0],7,258,945.5599975585938,2740,0,Fuel/Ambient,710162900,1763325203
1763325203906688419,16,[  0   0   1  18 184 174  16   0],7,258,945.5599975585938,2740,0,Fuel/Ambient,905859002,1763325203
1763325204111341709,16,[  0   0   1  18 184 174  16   0],7,258,945.5599975585938,2740,0,Fuel/Ambient,110649221,1763325204
1763325204309796243,16,[  0   0   1  18 184 175  16   0],7,258,945.5800170898438,2740,0,Fuel/Ambient,308778984,1763325204
1763325204507630290,17,[  0   0   1  18 184 175  17   0],7,258,945.5800170898438,2740,0,Fuel/Ambient,506951370,1763325204
1763325204713385672,17,[  0   0   1  18 184 175  17   0],7,258,945.5800170898438,2740,0,Fuel/Ambient,712761281,1763325204
1763325204912732856,17,[  0   0   1  18 184 175  17   0],7,258,945.5800170898438,2740,0,Fuel/Ambient,911880558,1763325204
1763325205109627085,17,[  0   0   1  18 184 175  17   0],7,258,945.5800170898438,2740,0,Fuel/Ambient,109374442,1763325205
1763325205308815164,17,[  0   0   1  18 184 175  17   0],7,258,945.5800170898438,2740,0,Fuel/Ambient,307565390,1763325205
1763325205515014360,17,[  0   0   1  18 184 175  17   0],7,258,945.5800170898438,2740,0,Fuel/Ambient,514235407,1763325205
1763325205713096666,17,[  0   0   1  18 184 174  17   0],7,258,945.5599975585938,2740,0,Fuel/Ambient,712398418,1763325205
1763325205918684943,17,[  0   0   1  18 184 174  17   0],7,258,945.5599975585938,2740,0,Fuel/Ambient,917735525,1763325205
1763325206115906313,17,[  0   0   1  18 184 174  17   0],7,258,945.5599975585938,2740,0,Fuel/Ambient,114370296,1763325206
1763325206312609789,17,[  0   0   1  18 184 173  17   0],7,258,945.5399780273438,2740,0,Fuel/Ambient,312181209,1763325206
1763325206520102761,17,[  0   0   1  18 184 173  17   0],7,258,945.5399780273438,2740,0,Fuel/Ambient,519421633,1763325206
1763325206717451684,17,[  0   0   1  18 184 173  17   0],7,258,945.5399780273438,2740,0,Fuel/Ambient,716551354,1763325206
1763325206913050028,17,[  0   0   1  18 184 173  17   0],7,258,945.5399780273438,2740,0,Fuel/Ambient,912290884,1763325206
1763325207119378379,17,[  0   0   1  18 184 173  17   0],7,258,945.5399780273438,2740,0,Fuel/Ambient,118623267,1763325207
1763325207315716572,17,[  0   0   1  18 184 173  17   0],7,258,945.5399780273438,2740,0,Fuel/Ambient,314820018,1763325207
1763325207521930266,17,[  0   0   1  18 184 173  17   0],7,258,945.5399780273438,2740,0,Fuel/Ambient,521016720,1763325207
1763325207720476356,17,[  0   0   1  18 184 173  17   0],7,258,945.5399780273438,2740,0,Fuel/Ambient,719758492,1763325207
1763325207918273445,17,[  0   0   1  18 184 174  17   0],7,258,945.5599975585938,2740,0,Fuel/Ambient,917727999,1763325207
1763325208125516079,17,[  0   0   1  18 184 174  17   0],7,258,945.5599975585938,2740,0,Fuel/Ambient,124999017,1763325208
1763325208325476521,17,[  0   0   1  18 184 174  17   0],7,258,945.5599975585938,2740,0,Fuel/Ambient,325044964,1763325208
1763325208518601816,17,[  0   0   1  18 184 175  17   0],7,258,945.5800170898438,2740,0,Fuel/Ambient,518359957,1763325208
1763325208724515475,17,[  0   0   1  18 184 175  17   0],7,258,945.5800170898438,2740,0,Fuel/Ambient,723792011,1763325208
1763325208920715844,17,[  0   0   1  18 184 175  17   0],7,258,945.5800170898438,2740,0,Fuel/Ambient,920332703,1763325208
1763325209129216732,17,[  0   0   1  18 184 175  17   0],7,258,945.5800170898438,2740,0,Fuel/Ambient,128379027,1763325209
1763325209326333112,17,[  0   0   1  18 184 175  17   0],7,258,945.5800170898438,2740,0,Fuel/Ambient,325626928,1763325209
1763325209523976217,17,[  0   0   1  18 184 176  17   0],7,258,945.5999755859375,2740,0,Fuel/Ambient,522562698,1763325209
1763325209728119298,17,[  0   0   1  18 184 176  17   0],7,258,945.5999755859375,2740,0,Fuel/Ambient,727287993,1763325209
1763325209924089777,17,[  0   0   1  18 184 176  17   0],7,258,945.5999755859375,2740,0,Fuel/Ambient,923127079,1763325209
1763325210129727371,17,[  0   0   1  18 184 176  17   0],7,258,945.5999755859375,2740,0,Fuel/Ambient,129426696,1763325210
1763325210326644197,17,[  0   0   1  18 184 176  17   0],7,258,945.5999755859375,2740,0,Fuel/Ambient,326025311,1763325210
1763325210532350913,17,[  0   0   1  18 184 176  17   0],7,258,945.5999755859375,2740,0,Fuel/Ambient,531600920,1763325210
1763325210731442675,17,[  0   0   1  18 184 177  17   0],7,258,945.6199951171875,2740,0,Fuel/Ambient,730329830,1763325210
1763325210932010101,17,[  0   0   1  18 184 177  17   0],7,258,945.6199951171875,2740,0,Fuel/Ambient,931503824,1763325210
1763325211129427926,17,[  0   0   1  18 184 177  17   0],7,258,945.6199951171875,2740,0,Fuel/Ambient,128807503,1763325211
1763325211327615839,17,[  0   0   1  18 184 177  17   0],7,258,945.6199951171875,2740,0,Fuel/Ambient,326598355,1763325211
1763325211533063288,17,[  0   0   1  18 184 177  17   0],7,258,945.6199951171875,2740,0,Fuel/Ambient,532603635,1763325211
1763325211729180394,17,[  0   0   1  18 184 177  17   0],7,258,945.6199951171875,2740,0,Fuel/Ambient,728648036,1763325211
1763325211936751291,17,[  0   0   1  18 184 178  17   0],7,258,945.6400146484375,2740,0,Fuel/Ambient,935517421,1763325211
1763325212132236071,17,[  0   0   1  18 184 178  17   0],7,258,945.6400146484375,2740,0,Fuel/Ambient,132035973,1763325212
1763325212334494878,17,[  0   0   1  18 184 178  17   0],7,258,945.6400146484375,2740,0,Fuel/Ambient,333899927,1763325212
1763325212530535184,17,[  0   0   1  18 184 178  17   0],7,258,945.6400146484375,2740,0,Fuel/Ambient,530307245,1763325212
1763325212736698930,17,[  0   0   1  18 184 178  17   0],7,258,945.6400146484375,2740,0,Fuel/Ambient,736129708,1763325212
1763325212932248063,17,[  0   0   1  18 184 178  17   0],7,258,945.6400146484375,2740,0,Fuel/Ambient,931798170,1763325212
1763325213133461579,17,[  0   0   1  18 184 177  17   0],7,258,945.6199951171875,2740,0,Fuel/Ambient,132725699,1763325213
1763325213333270280,17,[  0   0   1  18 184 177  17   0],7,258,945.6199951171875,2740,0,Fuel/Ambient,332657185,1763325213
1763325213541237247,17,[  0   0   1  18 184 177  17   0],7,258,945.6199951171875,2740,0,Fuel/Ambient,540806298,1763325213
1763325213741220829,17,[  0   0   1  18 184 177  17   0],7,258,945.6199951171875,2740,0,Fuel/Ambient,739624044,1763325213
1763325213936169956,17,[  0   0   1  18 184 177  17   0],7,258,945.6199951171875,2740,0,Fuel/Ambient,935637919,1763325213
1763325214144706050,17,[  0   0   1  18 184 177  17   0],7,258,945.6199951171875,2740,0,Fuel/Ambient,143060336,1763325214
1763325214341083834,17,[  0   0   1  18 184 176  17   0],7,258,945.5999755859375,2740,0,Fuel/Ambient,340680598,1763325214
1763325214537241199,17,[  0   0   1  18 184 176  17   0],7,258,945.5999755859375,2740,0,Fuel/Ambient,536904524,1763325214
1763325214744797891,17,[  0   0   1  18 184 176  17   0],7,258,945.5999755859375,2740,0,Fuel/Ambient,743879000,1763325214
1763325214938371131,17,[  0   0   1  18 184 176  17   0],7,258,945.5999755859375,2740,0,Fuel/Ambient,937854742,1763325214
1763325215144392798,17,[  0   0   1  18 184 175  17   0],7,258,945.5800170898438,2740,0,Fuel/Ambient,144120059,1763325215
1763325215342096006,17,[  0   0   1  18 184 175  17   0],7,258,945.5800170898438,2740,0,Fuel/Ambient,341864611,1763325215
1763325215550328897,17,[  0   0   1  18 184 175  17   0],7,258,945.5800170898438,2740,0,Fuel/Ambient,548514541,1763325215
1763325215745958834,17,[  0   0   1  18 184 175  17   0],7,258,945.5800170898438,2740,0,Fuel/Ambient,744899494,1763325215
1763325215950423780,17,[  0   0   1  18 184 174  17   0],7,258,945.5599975585938,2740,0,Fuel/Ambient,950187617,1763325215
1763325216146086261,18,[  0   0   1  18 184 174  18   0],7,258,945.5599975585938,2740,0,Fuel/Ambient,144737958,1763325216
1763325216344124769,18,[  0   0   1  18 184 173  18   0],7,258,945.5399780273438,2740,0,Fuel/Ambient,343337304,1763325216
1763325216550157605,18,[  0   0   1  18 184 173  18   0],7,258,945.5399780273438,2740,0,Fuel/Ambient,549473598,1763325216
1763325216746336253,18,[  0   0   1  18 184 173  18   0],7,258,945.5399780273438,2740,0,Fuel/Ambient,745500051,1763325216
1763325216950548909,18,[  0   0   1  18 184 172  18   0],7,258,945.52001953125,2740,0,Fuel/Ambient,950175273,1763325216
1763325217146071293,18,[  0   0   1  18 184 172  18   0],7,258,945.52001953125,2740,0,Fuel/Ambient,144904624,1763325217
1763325217352037186,18,[  0   0   1  18 184 172  18   0],7,258,945.52001953125,2740,0,Fuel/Ambient,351696478,1763325217
1763325217549225509,18,[  0   0   1  18 184 171  18   0],7,258,945.5,2740,0,Fuel/Ambient,548684799,1763325217
1763325217754644931,18,[  0   0   1  18 184 171  18   0],7,258,945.5,2740,0,Fuel/Ambient,754370016,1763325217
1763325217951145215,18,[  0   0   1  18 184 171  18   0],7,258,945.5,2740,0,Fuel/Ambient,949982930,1763325217
1763325218158518164,18,[  0   0   1  18 184 171  18   0],7,258,945.5,2740,0,Fuel/Ambient,155002509,1763325218
1763325218352761656,18,[  0   0   1  18 184 170  18   0],7,258,945.47998046875,2740,0,Fuel/Ambient,351415497,1763325218
1763325218558237239,18,[  0   0   1  18 184 170  18   0],7,258,945.47998046875,2740,0,Fuel/Ambient,557826739,1763325218
1763325218754281679,18,[  0   0   1  18 184 169  18   0],7,258,945.4600219726562,2740,0,Fuel/Ambient,753925259,1763325218
1763325218960617624,18,[  0   0   1  18 184 169  18   0],7,258,945.4600219726562,2740,0,Fuel/Ambient,960226836,1763325218
1763325219156989556,18,[  0   0   1  18 184 168  18   0],7,258,945.4400024414062,2740,0,Fuel/Ambient,156462734,1763325219
1763325219353545522,18,[  0   0   1  18 184 168  18   0],7,258,945.4400024414062,2740,0,Fuel/Ambient,352859787,1763325219
1763325219562726812,18,[  0   0   1  18 184 168  18   0],7,258,945.4400024414062,2740,0,Fuel/Ambient,560589093,1763325219
1763325219760144196,18,[  0   0   1  18 184 167  18   0],7,258,945.4199829101562,2740,0,Fuel/Ambient,758972983,1763325219
1763325219956539904,18,[  0   0   1  18 184 167  18   0],7,258,945.4199829101562,2740,0,Fuel/Ambient,956100059,1763325219
1763325220162144611,18,[  0   0   1  18 184 167  18   0],7,258,945.4199829101562,2740,0,Fuel/Ambient,161541276,1763325220
1763325220360183475,18,[  0   0   1  18 184 167  18   0],7,258,945.4199829101562,2740,0,Fuel/Ambient,358712802,1763325220
1763325220566461373,18,[  0   0   1  18 184 167  18   0],7,258,945.4199829101562,2740,0,Fuel/Ambient,564479847,1763325220
1763325220761395626,18,[  0   0   1  18 184 167  18   0],7,258,945.4199829101562,2740,0,Fuel/Ambient,760500736,1763325220
1763325220966728010,18,[  0   0   1  18 184 168  18   0],7,258,945.4400024414062,2740,0,Fuel/Ambient,966217093,1763325220
1763325221163601261,18,[  0   0   1  18 184 168  18   0],7,258,945.4400024414062,2740,0,Fuel/Ambient,163052039,1763325221
1763325221361216057,18,[  0   0   1  18 184 168  18   0],7,258,945.4400024414062,2740,0,Fuel/Ambient,360501553,1763325221
1763325221566875102,18,[  0   0   1  18 184 169  18   0],7,258,945.4600219726562,2740,0,Fuel/Ambient,566415160,1763325221
1763325221763640416,18,[  0   0   1  18 184 169  18   0],7,258,945.4600219726562,2740,0,Fuel/Ambient,762943768,1763325221
1763325221968995329,18,[  0   0   1  18 184 170  18   0],7,258,945.47998046875,2740,0,Fuel/Ambient,967655090,1763325221
1763325222164114514,18,[  0   0   1  18 184 170  18   0],7,258,945.47998046875,2740,0,Fuel/Ambient,162913028,1763325222
1763325222376388704,18,[  0   0   1  18 184 171  18   0],7,258,945.5,2740,0,Fuel/Ambient,373771459,1763325222
1763325222570388197,18,[  0   0   1  18 184 171  18   0],7,258,945.5,2740,0,Fuel/Ambient,569633500,1763325222
1763325222765430517,18,[  0   0   1  18 184 172  18   0],7,258,945.52001953125,2740,0,Fuel/Ambient,764363081,1763325222
1763325222970329330,18,[  0   0   1  18 184 172  18   0],7,258,945.52001953125,2740,0,Fuel/Ambient,969740075,1763325222
1763325223167509658,18,[  0   0   1  18 184 173  18   0],7,258,945.5399780273438,2740,0,Fuel/Ambient,164800252,1763325223
1763325223373407171,18,[  0   0   1  18 184 173  18   0],7,258,945.5399780273438,2740,0,Fuel/Ambient,372864477,1763325223
1763325223570708493,18,[  0   0   1  18 184 174  18   0],7,258,945.5599975585938,2740,0,Fuel/Ambient,569431679,1763325223
1763325223776766584,18,[  0   0   1  18 184 174  18   0],7,258,945.5599975585938,2740,0,Fuel/Ambient,775868782,1763325223
1763325223973000310,18,[  0   0   1  18 184 175  18   0],7,258,945.5800170898438,2740,0,Fuel/Ambient,971378244,1763325223
1763325224178307673,18,[  0   0   1  18 184 175  18   0],7,258,945.5800170898438,2740,0,Fuel/Ambient,177392271,1763325224
1763325224373985330,18,[  0   0   1  18 184 175  18   0],7,258,945.5800170898438,2740,0,Fuel/Ambient,373641006,1763325224
1763325224570478164,18,[  0   0   1  18 184 176  18   0],7,258,945.5999755859375,2740,0,Fuel/Ambient,569994318,1763325224
1763325224776418622,18,[  0   0   1  18 184 176  18   0],7,258,945.5999755859375,2740,0,Fuel/Ambient,775667862,1763325224
1763325224973155138,18,[  0   0   1  18 184 176  18   0],7,258,945.5999755859375,2740,0,Fuel/Ambient,972264985,1763325224
1763325225171069781,18,[  0   0   1  18 184 176  18   0],7,258,945.5999755859375,2740,0,Fuel/Ambient,170878290,1763325225
1763325225379071639,18,[  0   0   1  18 184 176  18   0],7,258,945.5999755859375,2740,0,Fuel/Ambient,378605362,1763325225
1763325225576381634,18,[  0   0   1  18 184 177  18   0],7,258,945.6199951171875,2740,0,Fuel/Ambient,575737147,1763325225
1763325225783512507,18,[  0   0   1  18 184 177  18   0],7,258,945.6199951171875,2740,0,Fuel/Ambient,783101078,1763325225
1763325225980015454,18,[  0   0   1  18 184 177  18   0],7,258,945.6199951171875,2740,0,Fuel/Ambient,978109736,1763325225
1763325226178474327,18,[  0   0   1  18 184 177  18   0],7,258,945.6199951171875,2740,0,Fuel/Ambient,178014642,1763325226
1763325226384622917,18,[  0   0   1  18 184 177  18   0],7,258,945.6199951171875,2740,0,Fuel/Ambient,384284322,1763325226
1763325226584975764,18,[  0   0   1  18 184 177  18   0],7,258,945.6199951171875,2740,0,Fuel/Ambient,583610084,1763325226
1763325226780885840,18,[  0   0   1  18 184 178  18   0],7,258,945.6400146484375,2740,0,Fuel/Ambient,779377728,1763325226
1763325226984741318,18,[  0   0   1  18 184 178  18   0],7,258,945.6400146484375,2740,0,Fuel/Ambient,984411522,1763325226
1763325227180100989,18,[  0   0   1  18 184 178  18   0],7,258,945.6400146484375,2740,0,Fuel/Ambient,179691033,1763325227
1763325227387663068,18,[  0   0   1  18 184 178  18   0],7,258,945.6400146484375,2740,0,Fuel/Ambient,386780210,1763325227
1763325227581901928,18,[  0   0   1  18 184 178  18   0],7,258,945.6400146484375,2740,0,Fuel/Ambient,581674277,1763325227
1763325227787396496,18,[  0   0   1  18 184 178  18   0],7,258,945.6400146484375,2740,0,Fuel/Ambient,787130093,1763325227
1763325227983312974,18,[  0   0   1  18 184 178  18   0],7,258,945.6400146484375,2740,0,Fuel/Ambient,982707719,1763325227
1763325228187955821,18,[  0   0   1  18 184 178  18   0],7,258,945.6400146484375,2740,0,Fuel/Ambient,187419687,1763325228
1763325228384901015,18,[  0   0   1  18 184 178  18   0],7,258,945.6400146484375,2740,0,Fuel/Ambient,384457138,1763325228
1763325228589908091,18,[  0   0   1  18 184 178  18   0],7,258,945.6400146484375,2740,0,Fuel/Ambient,589669752,1763325228
1763325228785981435,18,[  0   0   1  18 184 178  18   0],7,258,945.6400146484375,2740,0,Fuel/Ambient,785253491,1763325228
1763325228992702610,18,[  0   0   1  18 184 178  18   0],7,258,945.6400146484375,2740,0,Fuel/Ambient,991972458,1763325228
1763325229190573543,18,[  0   0   1  18 184 177  18   0],7,258,945.6199951171875,2740,0,Fuel/Ambient,190121602,1763325229
1763325229388907778,18,[  0   0   1  18 184 177  18   0],7,258,945.6199951171875,2740,0,Fuel/Ambient,388656639,1763325229
1763325229586080527,18,[  0   0   1  18 184 178  18   0],7,258,945.6400146484375,2740,0,Fuel/Ambient,585553513,1763325229
1763325229788211444,18,[  0   0   1  18 184 178  18   0],7,258,945.6400146484375,2740,0,Fuel/Ambient,787123656,1763325229
1763325229992665906,18,[  0   0   1  18 184 178  18   0],7,258,945.6400146484375,2740,0,Fuel/Ambient,992365487,1763325229
1763325230188213710,18,[  0   0   1  18 184 178  18   0],7,258,945.6400146484375,2740,0,Fuel/Ambient,187974828,1763325230
1763325230400126881,18,[  0   0   1  18 184 178  18   0],7,258,945.6400146484375,2740,0,Fuel/Ambient,398260364,1763325230
1763325230597265807,18,[  0   0   1  18 184 178  18   0],7,258,945.6400146484375,2740,0,Fuel/Ambient,596437861,1763325230
1763325230795848109,18,[  0   0   1  18 184 177  18   0],7,258,945.6199951171875,2740,0,Fuel/Ambient,795261382,1763325230
1763325230991772333,18,[  0   0   1  18 184 176  18   0],7,258,945.5999755859375,2740,0,Fuel/Ambient,991090790,1763325230
1763325231199445905,18,[  0   0   1  18 184 175  18   0],7,258,945.5800170898438,2740,0,Fuel/Ambient,198469766,1763325231
1763325231396942212,18,[  0   0   1  18 184 175  18   0],7,258,945.5800170898438,2740,0,Fuel/Ambient,395217137,1763325231
1763325231602742163,18,[  0   0   1  18 184 174  18   0],7,258,945.5599975585938,2740,0,Fuel/Ambient,600421785,1763325231
1763325231797255013,18,[  0   0   1  18 184 173  18   0],7,258,945.5399780273438,2740,0,Fuel/Ambient,796512764,1763325231
1763325232003215893,18,[  0   0   1  18 184 173  18   0],7,258,945.5399780273438,2740,0,Fuel/Ambient,2144042,1763325232
1763325232200901867,18,[  0   0   1  18 184 172  18   0],7,258,945.52001953125,2740,0,Fuel/Ambient,198285326,1763325232
1763325232396147302,18,[  0   0   1  18 184 172  18   0],7,258,945.52001953125,2740,0,Fuel/Ambient,395948068,1763325232
1763325232602291962,18,[  0   0   1  18 184 171  18   0],7,258,945.5,2740,0,Fuel/Ambient,602023415,1763325232
1763325232797230225,18,[  0   0   1  18 184 171  18   0],7,258,945.5,2740,0,Fuel/Ambient,796841773,1763325232
1763325233003781769,18,[  0   0   1  18 184 170  18   0],7,258,945.47998046875,2740,0,Fuel/Ambient,2651741,1763325233
1763325233198947396,18,[  0   0   1  18 184 170  18   0],7,258,945.47998046875,2740,0,Fuel/Ambient,198668257,1763325233
1763325233400940234,18,[  0   0   1  18 184 170  18   0],7,258,945.47998046875,2740,0,Fuel/Ambient,399685884,1763325233
1763325233606562297,18,[  0   0   1  18 184 170  18   0],7,258,945.47998046875,2740,0,Fuel/Ambient,606209749,1763325233
1763325233802899265,18,[  0   0   1  18 184 169  18   0],7,258,945.4600219726562,2740,0,Fuel/Ambient,802503068,1763325233
1763325234009507067,18,[  0   0   1  18 184 169  18   0],7,258,945.4600219726562,2740,0,Fuel/Ambient,9263928,1763325234
1763325234205324477,18,[  0   0   1  18 184 169  18   0],7,258,945.4600219726562,2740,0,Fuel/Ambient,204603189,1763325234
1763325234401986889,18,[  0   0   1  18 184 169  18   0],7,258,945.4600219726562,2740,0,Fuel/Ambient,401565797,1763325234
1763325234608080767,18,[  0   0   1  18 184 168  18   0],7,258,945.4400024414062,2740,0,Fuel/Ambient,607674970,1763325234
1763325234803652862,18,[  0   0   1  18 184 168  18   0],7,258,945.4400024414062,2740,0,Fuel/Ambient,803083320,1763325234
1763325235010993985,18,[  0   0   1  18 184 167  18   0],7,258,945.4199829101562,2740,0,Fuel/Ambient,10581149,1763325235
1763325235206746820,18,[  0   0   1  18 184 167  18   0],7,258,945.4199829101562,2740,0,Fuel/Ambient,206069725,1763325235
1763325235408148262,18,[  0   0   1  18 184 167  18   0],7,258,945.4199829101562,2740,0,Fuel/Ambient,406643733,1763325235
1763325235606754472,18,[  0   0   1  18 184 167  18   0],7,258,945.4199829101562,2740,0,Fuel/Ambient,605850270,1763325235
1763325235812572027,18,[  0   0   1  18 184 167  18   0],7,258,945.4199829101562,2740,0,Fuel/Ambient,810906409,1763325235
1763325236017014719,18,[  0   0   1  18 184 167  18   0],7,258,945.4199829101562,2740,0,Fuel/Ambient,16728892,1763325236
1763325236217205012,18,[  0   0   1  18 184 167  18   0],7,258,945.4199829101562,2740,0,Fuel/Ambient,216132296,1763325236
1763325236414287654,18,[  0   0   1  18 184 167  18   0],7,258,945.4199829101562,2740,0,Fuel/Ambient,412985784,1763325236
1763325236610358125,18,[  0   0   1  18 184 167  18   0],7,258,945.4199829101562,2740,0,Fuel/Ambient,609727750,1763325236
1763325236816775112,18,[  0   0   1  18 184 167  18   0],7,258,945.4199829101562,2740,0,Fuel/Ambient,816511429,1763325236
1763325237013229779,18,[  0   0   1  18 184 167  18   0],7,258,945.4199829101562,2740,0,Fuel/Ambient,12539500,1763325237
1763325237219592142,18,[  0   0   1  18 184 167  18   0],7,258,945.4199829101562,2740,0,Fuel/Ambient,219234954,1763325237
1763325237416649505,18,[  0   0   1  18 184 166  18   0],7,258,945.4000244140625,2740,0,Fuel/Ambient,416045242,1763325237
1763325237614299194,18,[  0   0   1  18 184 166  18   0],7,258,945.4000244140625,2740,0,Fuel/Ambient,613122381,1763325237
1763325237818668863,18,[  0   0   1  18 184 166  18   0],7,258,945.4000244140625,2740,0,Fuel/Ambient,817910230,1763325237
1763325238014228737,18,[  0   0   1  18 184 166  18   0],7,258,945.4000244140625,2740,0,Fuel/Ambient,13584218,1763325238
1763325238223435580,18,[  0   0   1  18 184 166  18   0],7,258,945.4000244140625,2740,0,Fuel/Ambient,223187802,1763325238
1763325238422359077,18,[  0   0   1  18 184 166  18   0],7,258,945.4000244140625,2740,0,Fuel/Ambient,421815327,1763325238
1763325238617127199,18,[  0   0   1  18 184 167  18   0],7,258,945.4199829101562,2740,0,Fuel/Ambient,616483928,1763325238
1763325238823221336,18,[  0   0   1  18 184 167  18   0],7,258,945.4199829101562,2740,0,Fuel/Ambient,822464655,1763325238
1763325239017526061,18,[  0   0   1  18 184 167  18   0],7,258,945.4199829101562,2740,0,Fuel/Ambient,17317515,1763325239
1763325239224798260,18,[  0   0   1  18 184 168  18   0],7,258,945.4400024414062,2740,0,Fuel/Ambient,224608850,1763325239
1763325239423187351,18,[  0   0   1  18 184 168  18   0],7,258,945.4400024414062,2740,0,Fuel/Ambient,422410254,1763325239
1763325239620463374,18,[  0   0   1  18 184 169  18   0],7,258,945.4600219726562,2740,0,Fuel/Ambient,619827879,1763325239
1763325239828540318,18,[  0   0   1  18 184 169  18   0],7,258,945.4600219726562,2740,0,Fuel/Ambient,827579155,1763325239
1763325240029119962,18,[  0   0   1  18 184 169  18   0],7,258,945.4600219726562,2740,0,Fuel/Ambient,28153807,1763325240
1763325240226832407,18,[  0   0   1  18 184 170  18   0],7,258,945.47998046875,2740,0,Fuel/Ambient,225561480,1763325240
1763325240423619785,18,[  0   0   1  18 184 170  18   0],7,258,945.47998046875,2740,0,Fuel/Ambient,422892193,1763325240
1763325240628839002,18,[  0   0   1  18 184 170  18   0],7,258,945.47998046875,2740,0,Fuel/Ambient,628617463,1763325240
1763325240824368670,18,[  0   0   1  18 184 170  18   0],7,258,945.47998046875,2740,0,Fuel/Ambient,823982618,1763325240
1763325241031432387,18,[  0   0   1  18 184 170  18   0],7,258,945.47998046875,2740,0,Fuel/Ambient,30722171,1763325241
1763325241225768347,18,[  0   0   1  18 184 170  18   0],7,258,945.47998046875,2740,0,Fuel/Ambient,225354199,1763325241
1763325241431971832,18,[  0   0   1  18 184 170  18   0],7,258,945.47998046875,2740,0,Fuel/Ambient,431456882,1763325241
1763325241627413884,18,[  0   0   1  18 184 171  18   0],7,258,945.5,2740,0,Fuel/Ambient,627035448,1763325241
1763325241832426155,18,[  0   0   1  18 184 171  18   0],7,258,945.5,2740,0,Fuel/Ambient,832121063,1763325241
1763325242027744494,18,[  0   0   1  18 184 171  18   0],7,258,945.5,2740,0,Fuel/Ambient,26992614,1763325242
1763325242234080205,18,[  0   0   1  18 184 171  18   0],7,258,945.5,2740,0,Fuel/Ambient,233693896,1763325242
1763325242434242310,18,[  0   0   1  18 184 171  18   0],7,258,945.5,2740,0,Fuel/Ambient,432405202,1763325242
1763325242631644065,18,[  0   0   1  18 184 171  18   0],7,258,945.5,2740,0,Fuel/Ambient,630834520,1763325242
1763325242841284165,18,[  0   0   1  18 184 171  18   0],7,258,945.5,2740,0,Fuel/Ambient,839908118,1763325242
1763325243035877665,18,[  0   0   1  18 184 172  18   0],7,258,945.52001953125,2740,0,Fuel/Ambient,35069656,1763325243
1763325243242493955,18,[  0   0   1  18 184 172  18   0],7,258,945.52001953125,2740,0,Fuel/Ambient,241107252,1763325243
1763325243439458394,18,[  0   0   1  18 184 172  18   0],7,258,945.52001953125,2740,0,Fuel/Ambient,439086390,1763325243
1763325243636737653,18,[  0   0   1  18 184 172  18   0],7,258,945.52001953125,2740,0,Fuel/Ambient,636289616,1763325243
1763325243832935299,18,[  0   0   1  18 184 172  18   0],7,258,945.52001953125,2740,0,Fuel/Ambient,832685088,1763325243
1763325244038410713,18,[  0   0   1  18 184 173  18   0],7,258,945.5399780273438,2740,0,Fuel/Ambient,38203767,1763325244
1763325244234314885,18,[  0   0   1  18 184 173  18   0],7,258,945.5399780273438,2740,0,Fuel/Ambient,233900705,1763325244
1763325244440896456,18,[  0   0   1  18 184 173  18   0],7,258,945.5399780273438,2740,0,Fuel/Ambient,440326818,1763325244
1763325244635687528,18,[  0   0   1  18 184 174  18   0],7,258,945.5599975585938,2740,0,Fuel/Ambient,635265219,1763325244
1763325244844218305,18,[  0   0   1  18 184 174  18   0],7,258,945.5599975585938,2740,0,Fuel/Ambient,842410349,1763325244
1763325245040542098,18,[  0   0   1  18 184 175  18   0],7,258,945.5800170898438,2740,0,Fuel/Ambient,40126285,1763325245
1763325245240031110,18,[  0   0   1  18 184 175  18   0],7,258,945.5800170898438,2740,0,Fuel/Ambient,239490944,1763325245
1763325245444926296,18,[  0   0   1  18 184 175  18   0],7,258,945.5800170898438,2740,0,Fuel/Ambient,444685269,1763325245
1763325245639513174,18,[  0   0   1  18 184 175  18   0],7,258,945.5800170898438,2740,0,Fuel/Ambient,639252083,1763325245
1763325245845093615,18,[  0   0   1  18 184 175  18   0],7,258,945.5800170898438,2740,0,Fuel/Ambient,844824267,1763325245
1763325246049974080,18,[  0   0   1  18 184 175  18   0],7,258,945.5800170898438,2740,0,Fuel/Ambient,49532475,1763325246
1763325246246831960,18,[  0   0   1  18 184 175  18   0],7,258,945.5800170898438,2740,0,Fuel/Ambient,246569653,1763325246
1763325246444974015,18,[  0   0   1  18 184 175  18   0],7,258,945.5800170898438,2740,0,Fuel/Ambient,444248342,1763325246
1763325246652053897,18,[  0   0   1  18 184 175  18   0],7,258,945.5800170898438,2740,0,Fuel/Ambient,651781414,1763325246
1763325246849904140,18,[  0   0   1  18 184 175  18   0],7,258,945.5800170898438,2740,0,Fuel/Ambient,848806336,1763325246
1763325247045428854,18,[  0   0   1  18 184 175  18   0],7,258,945.5800170898438,2740,0,Fuel/Ambient,44364970,1763325247
1763325247247298151,18,[  0   0   1  18 184 175  18   0],7,258,945.5800170898438,2740,0,Fuel/Ambient,246011032,1763325247
1763325247445692081,18,[  0   0   1  18 184 175  18   0],7,258,945.5800170898438,2740,0,Fuel/Ambient,445054602,1763325247
1763325247653723495,18,[  0   0   1  18 184 175  18   0],7,258,945.5800170898438,2740,0,Fuel/Ambient,653194753,1763325247
1763325247849455828,18,[  0   0   1  18 184 175  18   0],7,258,945.5800170898438,2740,0,Fuel/Ambient,848563466,1763325247
1763325248054658986,18,[  0   0   1  18 184 175  18   0],7,258,945.5800170898438,2740,0,Fuel/Ambient,54172421,1763325248
1763325248249449485,18,[  0   0   1  18 184 175  18   0],7,258,945.5800170898438,2740,0,Fuel/Ambient,249068169,1763325248
1763325248455586062,18,[  0   0   1  18 184 175  18   0],7,258,945.5800170898438,2740,0,Fuel/Ambient,455275211,1763325248
1763325248651774593,18,[  0   0   1  18 184 175  18   0],7,258,945.5800170898438,2740,0,Fuel/Ambient,651365084,1763325248
1763325248857220411,18,[  0   0   1  18 184 175  18   0],7,258,945.5800170898438,2740,0,Fuel/Ambient,856964056,1763325248
1763325249052967720,18,[  0   0   1  18 184 175  18   0],7,258,945.5800170898438,2740,0,Fuel/Ambient,52418210,1763325249
1763325249259015626,18,[  0   0   1  18 184 175  18   0],7,258,945.5800170898438,2740,0,Fuel/Ambient,258200481,1763325249
1763325249457020273,18,[  0   0   1  18 184 175  18   0],7,258,945.5800170898438,2740,0,Fuel/Ambient,456681262,1763325249
1763325249660475382,18,[  0   0   1  18 184 175  18   0],7,258,945.5800170898438,2740,0,Fuel/Ambient,660284084,1763325249
1763325249856242180,18,[  0   0   1  18 184 175  18   0],7,258,945.5800170898438,2740,0,Fuel/Ambient,855204025,1763325249
1763325250063699606,18,[  0   0   1  18 184 175  18   0],7,258,945.5800170898438,2740,0,Fuel/Ambient,62703371,1763325250
1763325250257320877,18,[  0   0   1  18 184 175  18   0],7,258,945.5800170898438,2740,0,Fuel/Ambient,257091275,1763325250
1763325250456370689,18,[  0   0   1  18 184 175  18   0],7,258,945.5800170898438,2740,0,Fuel/Ambient,455532536,1763325250
1763325250662349475,17,[  0   0   1  18 184 175  17   0],7,258,945.5800170898438,2740,0,Fuel/Ambient,661892670,1763325250
1763325250856858276,17,[  0   0   1  18 184 175  17   0],7,258,945.5800170898438,2740,0,Fuel/Ambient,855870553,1763325250
1763325251062739461,17,[  0   0   1  18 184 175  17   0],7,258,945.5800170898438,2740,0,Fuel/Ambient,61314965,1763325251
1763325251266714993,17,[  0   0   1  18 184 175  17   0],7,258,945.5800170898438,2740,0,Fuel/Ambient,266315564,1763325251
1763325251463481164,17,[  0   0   1  18 184 174  17   0],7,258,945.5599975585938,2740,0,Fuel/Ambient,462902277,1763325251
1763325251662160285,17,[  0   0   1  18 184 175  17   0],7,258,945.5800170898438,2740,0,Fuel/Ambient,661673143,1763325251
1763325251868189920,17,[  0   0   1  18 184 175  17   0],7,258,945.5800170898438,2740,0,Fuel/Ambient,867877340,1763325251
1763325252067368118,17,[  0   0   1  18 184 175  17   0],7,258,945.5800170898438,2740,0,Fuel/Ambient,66461964,1763325252
1763325252263687021,17,[  0   0   1  18 184 174  17   0],7,258,945.5599975585938,2740,0,Fuel/Ambient,262316670,1763325252
1763325252470232215,17,[  0   0   1  18 184 174  17   0],7,258,945.5599975585938,2740,0,Fuel/Ambient,469614256,1763325252
1763325252665729637,17,[  0   0   1  18 184 174  17   0],7,258,945.5599975585938,2740,0,Fuel/Ambient,665355457,1763325252
1763325252872104333,17,[  0   0   1  18 184 174  17   0],7,258,945.5599975585938,2740,0,Fuel/Ambient,871751753,1763325252
1763325253066901395,17,[  0   0   1  18 184 174  17   0],7,258,945.5599975585938,2740,0,Fuel/Ambient,66687920,1763325253
1763325253272137903,17,[  0   0   1  18 184 174  17   0],7,258,945.5599975585938,2740,0,Fuel/Ambient,271891404,1763325253
1763325253470372188,17,[  0   0   1  18 184 175  17   0],7,258,945.5800170898438,2740,0,Fuel/Ambient,469431153,1763325253
1763325253675566071,17,[  0   0   1  18 184 175  17   0],7,258,945.5800170898438,2740,0,Fuel/Ambient,674565068,1763325253
1763325253869752375,17,[  0   0   1  18 184 175  17   0],7,258,945.5800170898438,2740,0,Fuel/Ambient,869465716,1763325253
1763325254066916313,17,[  0   0   1  18 184 175  17   0],7,258,945.5800170898438,2740,0,Fuel/Ambient,66568565,1763325254
1763325254272478361,17,[  0   0   1  18 184 176  17   0],7,258,945.5999755859375,2740,0,Fuel/Ambient,272128981,1763325254
1763325254469297560,17,[  0   0   1  18 184 176  17   0],7,258,945.5999755859375,2740,0,Fuel/Ambient,468654384,1763325254
1763325254675745954,18,[  0   0   1  18 184 176  18   0],7,258,945.5999755859375,2740,0,Fuel/Ambient,675243228,1763325254
1763325254873230120,18,[  0   0   1  18 184 175  18   0],7,258,945.5800170898438,2740,0,Fuel/Ambient,872584224,1763325254
1763325255079184333,18,[  0   0   1  18 184 175  18   0],7,258,945.5800170898438,2740,0,Fuel/Ambient,78966506,1763325255
1763325255275308644,18,[  0   0   1  18 184 175  18   0],7,258,945.5800170898438,2740,0,Fuel/Ambient,274530843,1763325255
1763325255471799391,18,[  0   0   1  18 184 175  18   0],7,258,945.5800170898438,2740,0,Fuel/Ambient,471461724,1763325255
1763325255677540386,18,[  0   0   1  18 184 175  18   0],7,258,945.5800170898438,2740,0,Fuel/Ambient,676726393,1763325255
1763325255884794007,18,[  0   0   1  18 184 175  18   0],7,258,945.5800170898438,2740,0,Fuel/Ambient,884353586,1763325255
1763325256079605023,18,[  0   0   1  18 184 175  18   0],7,258,945.5800170898438,2740,0,Fuel/Ambient,79390397,1763325256
1763325256277254377,18,[  0   0   1  18 184 175  18   0],7,258,945.5800170898438,2740,0,Fuel/Ambient,276458752,1763325256
1763325256483628212,18,[  0   0   1  18 184 175  18   0],7,258,945.5800170898438,2740,0,Fuel/Ambient,483434322,1763325256
1763325256679004644,18,[  0   0   1  18 184 175  18   0],7,258,945.5800170898438,2740,0,Fuel/Ambient,678699968,1763325256
1763325256883660155,18,[  0   0   1  18 184 175  18   0],7,258,945.5800170898438,2740,0,Fuel/Ambient,883322552,1763325256
1763325257079045067,18,[  0   0   1  18 184 175  18   0],7,258,945.5800170898438,2740,0,Fuel/Ambient,78627847,1763325257
1763325257283823878,18,[  0   0   1  18 184 175  18   0],7,258,945.5800170898438,2740,0,Fuel/Ambient,283307360,1763325257
1763325257483996812,18,[  0   0   1  18 184 175  18   0],7,258,945.5800170898438,2740,0,Fuel/Ambient,483099042,1763325257
1763325257681629750,18,[  0   0   1  18 184 175  18   0],7,258,945.5800170898438,2740,0,Fuel/Ambient,680981486,1763325257
1763325257890821441,18,[  0   0   1  18 184 174  18   0],7,258,945.5599975585938,2740,0,Fuel/Ambient,887343738,1763325257
1763325258082035491,18,[  0   0   1  18 184 174  18   0],7,258,945.5599975585938,2740,0,Fuel/Ambient,81454653,1763325258
1763325258287827178,18,[  0   0   1  18 184 174  18   0],7,258,945.5599975585938,2740,0,Fuel/Ambient,287415653,1763325258
1763325258485014127,18,[  0   0   1  18 184 174  18   0],7,258,945.5599975585938,2740,0,Fuel/Ambient,484664683,1763325258
1763325258682015667,18,[  0   0   1  18 184 174  18   0],7,258,945.5599975585938,2740,0,Fuel/Ambient,681537902,1763325258
1763325258887574455,18,[  0   0   1  18 184 174  18   0],7,258,945.5599975585938,2740,0,Fuel/Ambient,886875439,1763325258
1763325259094270535,18,[  0   0   1  18 184 174  18   0],7,258,945.5599975585938,2740,0,Fuel/Ambient,93043066,1763325259
1763325259290037022,18,[  0   0   1  18 184 174  18   0],7,258,945.5599975585938,2740,0,Fuel/Ambient,288361771,1763325259
1763325259485282702,18,[  0   0   1  18 184 174  18   0],7,258,945.5599975585938,2740,0,Fuel/Ambient,484800777,1763325259
1763325259692176226,18,[  0   0   1  18 184 174  18   0],7,258,945.5599975585938,2740,0,Fuel/Ambient,690806131,1763325259
1763325259892747694,18,[  0   0   1  18 184 174  18   0],7,258,945.5599975585938,2740,0,Fuel/Ambient,892178952,1763325259
1763325260089893173,18,[  0   0   1  18 184 174  18   0],7,258,945.5599975585938,2740,0,Fuel/Ambient,89300046,1763325260
1763325260295428986,18,[  0   0   1  18 184 174  18   0],7,258,945.5599975585938,2740,0,Fuel/Ambient,294375982,1763325260
1763325260493828047,18,[  0   0   1  18 184 174  18   0],7,258,945.5599975585938,2740,0,Fuel/Ambient,492007770,1763325260
1763325260698837774,18,[  0   0   1  18 184 174  18   0],7,258,945.5599975585938,2740,0,Fuel/Ambient,697602400,1763325260
1763325260894305090,18,[  0   0   1  18 184 173  18   0],7,258,945.5399780273438,2740,0,Fuel/Ambient,893948862,1763325260
1763325261099925896,18,[  0   0   1  18 184 173  18   0],7,258,945.5399780273438,2740,0,Fuel/Ambient,99025470,1763325261
1763325261296682315,18,[  0   0   1  18 184 173  18   0],7,258,945.5399780273438,2740,0,Fuel/Ambient,295618943,1763325261
1763325261493956404,18,[  0   0   1  18 184 172  18   0],7,258,945.52001953125,2740,0,Fuel/Ambient,493289325,1763325261
1763325261701463728,18,[  0   0   1  18 184 172  18   0],7,258,945.52001953125,2740,0,Fuel/Ambient,700768009,1763325261
1763325261899221151,18,[  0   0   1  18 184 172  18   0],7,258,945.52001953125,2740,0,Fuel/Ambient,898690681,1763325261
1763325262095254074,18,[  0   0   1  18 184 172  18   0],7,258,945.52001953125,2740,0,Fuel/Ambient,94651124,1763325262
1763325262301095204,18,[  0   0   1  18 184 172  18   0],7,258,945.52001953125,2740,0,Fuel/Ambient,300505406,1763325262
1763325262497288290,18,[  0   0   1  18 184 172  18   0],7,258,945.52001953125,2740,0,Fuel/Ambient,496705404,1763325262
1763325262703299342,18,[  0   0   1  18 184 172  18   0],7,258,945.52001953125,2740,0,Fuel/Ambient,702953034,1763325262
1763325262899530092,18,[  0   0   1  18 184 172  18   0],7,258,945.52001953125,2740,0,Fuel/Ambient,898606274,1763325262
1763325263106529284,18,[  0   0   1  18 184 172  18   0],7,258,945.52001953125,2740,0,Fuel/Ambient,105352567,1763325263
1763325263301253522,18,[  0   0   1  18 184 171  18   0],7,258,945.5,2740,0,Fuel/Ambient,300559722,1763325263
1763325263498051671,18,[  0   0   1  18 184 171  18   0],7,258,945.5,2740,0,Fuel/Ambient,497307823,1763325263
1763325263704377960,18,[  0   0   1  18 184 171  18   0],7,258,945.5,2740,0,Fuel/Ambient,703806657,1763325263
1763325263903836971,18,[  0   0   1  18 184 171  18   0],7,258,945.5,2740,0,Fuel/Ambient,902942817,1763325263
1763325264109697558,18,[  0   0   1  18 184 171  18   0],7,258,945.5,2740,0,Fuel/Ambient,109058319,1763325264
1763325264305682867,18,[  0   0   1  18 184 171  18   0],7,258,945.5,2740,0,Fuel/Ambient,304263235,1763325264
1763325264504208749,18,[  0   0   1  18 184 171  18   0],7,258,945.5,2740,0,Fuel/Ambient,503812744,1763325264
1763325264712131184,18,[  0   0   1  18 184 171  18   0],7,258,945.5,2740,0,Fuel/Ambient,711064740,1763325264
1763325264907008320,18,[  0   0   1  18 184 171  18   0],7,258,945.5,2740,0,Fuel/Ambient,906803646,1763325264
1763325265104833939,18,[  0   0   1  18 184 171  18   0],7,258,945.5,2740,0,Fuel/Ambient,104174475,1763325265
1763325265312624885,18,[  0   0   1  18 184 171  18   0],7,258,945.5,2740,0,Fuel/Ambient,311257990,1763325265
1763325265509421052,18,[  0   0   1  18 184 171  18   0],7,258,945.5,2740,0,Fuel/Ambient,509155481,1763325265
1763325265708159161,18,[  0   0   1  18 184 171  18   0],7,258,945.5,2740,0,Fuel/Ambient,706576071,1763325265
1763325265913580385,18,[  0   0   1  18 184 171  18   0],7,258,945.5,2740,0,Fuel/Ambient,912411987,1763325265
1763325266109210395,18,[  0   0   1  18 184 171  18   0],7,258,945.5,2740,0,Fuel/Ambient,108897175,1763325266
1763325266317157216,18,[  0   0   1  18 184 171  18   0],7,258,945.5,2740,0,Fuel/Ambient,316711227,1763325266
1763325266514670864,18,[  0   0   1  18 184 171  18   0],7,258,945.5,2740,0,Fuel/Ambient,514019592,1763325266
1763325266711813915,18,[  0   0   1  18 184 172  18   0],7,258,945.52001953125,2740,0,Fuel/Ambient,710713871,1763325266
1763325266918959255,18,[  0   0   1  18 184 172  18   0],7,258,945.52001953125,2740,0,Fuel/Ambient,918288848,1763325266
1763325267114597586,18,[  0   0   1  18 184 172  18   0],7,258,945.52001953125,2740,0,Fuel/Ambient,113887946,1763325267
1763325267320404160,18,[  0   0   1  18 184 172  18   0],7,258,945.52001953125,2740,0,Fuel/Ambient,319661592,1763325267
1763325267517204137,18,[  0   0   1  18 184 173  18   0],7,258,945.5399780273438,2740,0,Fuel/Ambient,516932038,1763325267
1763325267715411489,18,[  0   0   1  18 184 173  18   0],7,258,945.5399780273438,2740,0,Fuel/Ambient,714877595,1763325267
1763325267921529202,18,[  0   0   1  18 184 173  18   0],7,258,945.5399780273438,2740,0,Fuel/Ambient,920626824,1763325267
1763325268117828790,18,[  0   0   1  18 184 174  18   0],7,258,945.5599975585938,2740,0,Fuel/Ambient,116794826,1763325268
1763325268322969277,18,[  0   0   1  18 184 174  18   0],7,258,945.5599975585938,2740,0,Fuel/Ambient,322560440,1763325268
1763325268527205146,18,[  0   0   1  18 184 175  18   0],7,258,945.5800170898438,2740,0,Fuel/Ambient,524032086,1763325268
1763325268723575774,18,[  0   0   1  18 184 175  18   0],7,258,945.5800170898438,2740,0,Fuel/Ambient,720733598,1763325268
1763325268925952230,18,[  0   0   1  18 184 175  18   0],7,258,945.5800170898438,2740,0,Fuel/Ambient,925332671,1763325268
1763325269120888091,18,[  0   0   1  18 184 176  18   0],7,258,945.5999755859375,2740,0,Fuel/Ambient,120377141,1763325269
1763325269318711665,18,[  0   0   1  18 184 176  18   0],7,258,945.5999755859375,2740,0,Fuel/Ambient,317895015,1763325269
1763325269526916123,18,[  0   0   1  18 184 176  18   0],7,258,945.5999755859375,2740,0,Fuel/Ambient,526570263,1763325269
1763325269724651632,18,[  0   0   1  18 184 176  18   0],7,258,945.5999755859375,2740,0,Fuel/Ambient,723884135,1763325269
1763325269924204537,18,[  0   0   1  18 184 176  18   0],7,258,945.5999755859375,2740,0,Fuel/Ambient,923898677,1763325269
1763325270121398280,18,[  0   0   1  18 184 176  18   0],7,258,945.5999755859375,2740,0,Fuel/Ambient,120848866,1763325270
1763325270327254777,18,[  0   0   1  18 184 175  18   0],7,258,945.5800170898438,2740,0,Fuel/Ambient,326853012,1763325270
1763325270528124721,18,[  0   0   1  18 184 175  18   0],7,258,945.5800170898438,2740,0,Fuel/Ambient,525146384,1763325270
1763325270730014358,18,[  0   0   1  18 184 175  18   0],7,258,945.5800170898438,2740,0,Fuel/Ambient,729573169,1763325270
1763325270925648947,18,[  0   0   1  18 184 175  18   0],7,258,945.5800170898438,2740,0,Fuel/Ambient,924566279,1763325270
1763325271129886066,18,[  0   0   1  18 184 175  18   0],7,258,945.5800170898438,2740,0,Fuel/Ambient,129364365,1763325271
1763325271326888000,18,[  0   0   1  18 184 175  18   0],7,258,945.5800170898438,2740,0,Fuel/Ambient,326427227,1763325271
1763325271533799902,18,[  0   0   1  18 184 175  18   0],7,258,945.5800170898438,2740,0,Fuel/Ambient,533275448,1763325271
1763325271728552946,18,[  0   0   1  18 184 175  18   0],7,258,945.5800170898438,2740,0,Fuel/Ambient,727859531,1763325271
1763325271936307994,18,[  0   0   1  18 184 175  18   0],7,258,945.5800170898438,2740,0,Fuel/Ambient,934886186,1763325271
1763325272132869699,18,[  0   0   1  18 184 175  18   0],7,258,945.5800170898438,2740,0,Fuel/Ambient,131770615,1763325272
1763325272328060221,18,[  0   0   1  18 184 175  18   0],7,258,945.5800170898438,2740,0,Fuel/Ambient,327611320,1763325272
1763325272535632355,18,[  0   0   1  18 184 175  18   0],7,258,945.5800170898438,2740,0,Fuel/Ambient,535376416,1763325272
1763325272731486565,18,[  0   0   1  18 184 175  18   0],7,258,945.5800170898438,2740,0,Fuel/Ambient,730417721,1763325272
1763325272937054164,18,[  0   0   1  18 184 175  18   0],7,258,945.5800170898438,2740,0,Fuel/Ambient,936264331,1763325272
1763325273135908856,18,[  0   0   1  18 184 175  18   0],7,258,945.5800170898438,2740,0,Fuel/Ambient,135145744,1763325273
1763325273334297175,18,[  0   0   1  18 184 174  18   0],7,258,945.5599975585938,2740,0,Fuel/Ambient,333722577,1763325273
1763325273540182539,18,[  0   0   1  18 184 174  18   0],7,258,945.5599975585938,2740,0,Fuel/Ambient,539149599,1763325273
1763325273735164580,18,[  0   0   1  18 184 174  18   0],7,258,945.5599975585938,2740,0,Fuel/Ambient,734058519,1763325273
1763325273942687306,18,[  0   0   1  18 184 174  18   0],7,258,945.5599975585938,2740,0,Fuel/Ambient,940907990,1763325273
1763325274136065937,18,[  0   0   1  18 184 173  18   0],7,258,945.5399780273438,2740,0,Fuel/Ambient,135766222,1763325274
1763325274335083544,18,[  0   0   1  18 184 173  18   0],7,258,945.5399780273438,2740,0,Fuel/Ambient,334487537,1763325274
1763325274542872226,18,[  0   0   1  18 184 173  18   0],7,258,945.5399780273438,2740,0,Fuel/Ambient,541929431,1763325274
1763325274738725381,18,[  0   0   1  18 184 173  18   0],7,258,945.5399780273438,2740,0,Fuel/Ambient,738073470,1763325274
1763325274944574137,18,[  0   0   1  18 184 173  18   0],7,258,945.5399780273438,2740,0,Fuel/Ambient,944121204,1763325274
1763325275140876322,18,[  0   0   1  18 184 173  18   0],7,258,945.5399780273438,2740,0,Fuel/Ambient,140660416,1763325275
1763325275346307762,18,[  0   0   1  18 184 172  18   0],7,258,945.52001953125,2740,0,Fuel/Ambient,345967822,1763325275
1763325275544052108,18,[  0   0   1  18 184 172  18   0],7,258,945.52001953125,2740,0,Fuel/Ambient,543351620,1763325275
1763325275740227955,18,[  0   0   1  18 184 172  18   0],7,258,945.52001953125,2740,0,Fuel/Ambient,739570828,1763325275
1763325275945549890,18,[  0   0   1  18 184 172  18   0],7,258,945.52001953125,2740,0,Fuel/Ambient,945157022,1763325275
1763325276141267941,18,[  0   0   1  18 184 171  18   0],7,258,945.5,2740,0,Fuel/Ambient,140348315,1763325276
1763325276348438346,18,[  0   0   1  18 184 171  18   0],7,258,945.5,2740,0,Fuel/Ambient,347471199,1763325276
1763325276544724404,18,[  0   0   1  18 184 171  18   0],7,258,945.5,2740,0,Fuel/Ambient,544161741,1763325276
1763325276750766860,18,[  0   0   1  18 184 171  18   0],7,258,945.5,2740,0,Fuel/Ambient,750116292,1763325276
1763325276947317112,18,[  0   0   1  18 184 171  18   0],7,258,945.5,2740,0,Fuel/Ambient,946221580,1763325276
1763325277145428567,18,[  0   0   1  18 184 171  18   0],7,258,945.5,2740,0,Fuel/Ambient,144952754,1763325277
1763325277350544997,18,[  0   0   1  18 184 171  18   0],7,258,945.5,2740,0,Fuel/Ambient,350176129,1763325277
1763325277551583109,18,[  0   0   1  18 184 171  18   0],7,258,945.5,2740,0,Fuel/Ambient,550945694,1763325277
1763325277747119527,18,[  0   0   1  18 184 171  18   0],7,258,945.5,2740,0,Fuel/Ambient,745585846,1763325277
1763325277952390487,18,[  0   0   1  18 184 171  18   0],7,258,945.5,2740,0,Fuel/Ambient,951810865,1763325277
1763325278146531818,18,[  0   0   1  18 184 172  18   0],7,258,945.52001953125,2740,0,Fuel/Ambient,145820866,1763325278
1763325278352768038,18,[  0   0   1  18 184 172  18   0],7,258,945.52001953125,2740,0,Fuel/Ambient,352569540,1763325278
1763325278552894877,18,[  0   0   1  18 184 172  18   0],7,258,945.52001953125,2740,0,Fuel/Ambient,552349942,1763325278
1763325278748726179,18,[  0   0   1  18 184 172  18   0],7,258,945.52001953125,2740,0,Fuel/Ambient,747637430,1763325278
1763325278954384728,18,[  0   0   1  18 184 172  18   0],7,258,945.52001953125,2740,0,Fuel/Ambient,953697584,1763325278
1763325279160323185,18,[  0   0   1  18 184 173  18   0],7,258,945.5399780273438,2740,0,Fuel/Ambient,158916513,1763325279
1763325279354875657,18,[  0   0   1  18 184 173  18   0],7,258,945.5399780273438,2740,0,Fuel/Ambient,354212770,1763325279
1763325279552275874,18,[  0   0   1  18 184 173  18   0],7,258,945.5399780273438,2740,0,Fuel/Ambient,551744828,1763325279
1763325279759315911,18,[  0   0   1  18 184 173  18   0],7,258,945.5399780273438,2740,0,Fuel/Ambient,758253947,1763325279
1763325279955286608,18,[  0   0   1  18 184 172  18   0],7,258,945.52001953125,2740,0,Fuel/Ambient,953154520,1763325279
1763325280159359989,19,[  0   0   1  18 184 172  19   0],7,258,945.52001953125,2740,0,Fuel/Ambient,158583212,1763325280
1763325280354315986,19,[  0   0   1  18 184 172  19   0],7,258,945.52001953125,2740,0,Fuel/Ambient,353756620,1763325280
1763325280562702472,19,[  0   0   1  18 184 172  19   0],7,258,945.52001953125,2740,0,Fuel/Ambient,562357380,1763325280
1763325280757793831,19,[  0   0   1  18 184 172  19   0],7,258,945.52001953125,2740,0,Fuel/Ambient,757472900,1763325280
1763325280962872535,19,[  0   0   1  18 184 172  19   0],7,258,945.52001953125,2740,0,Fuel/Ambient,962583252,1763325280
1763325281161195100,19,[  0   0   1  18 184 172  19   0],7,258,945.52001953125,2740,0,Fuel/Ambient,159276582,1763325281
1763325281365799463,19,[  0   0   1  18 184 172  19   0],7,258,945.52001953125,2740,0,Fuel/Ambient,365148544,1763325281
1763325281564214477,19,[  0   0   1  18 184 172  19   0],7,258,945.52001953125,2740,0,Fuel/Ambient,563632742,1763325281
1763325281766120922,19,[  0   0   1  18 184 172  19   0],7,258,945.52001953125,2740,0,Fuel/Ambient,765580788,1763325281
1763325281967640867,19,[  0   0   1  18 184 172  19   0],7,258,945.52001953125,2740,0,Fuel/Ambient,966005008,1763325281
1763325282162573890,19,[  0   0   1  18 184 173  19   0],7,258,945.5399780273438,2740,0,Fuel/Ambient,162352959,1763325282
1763325282368618111,19,[  0   0   1  18 184 173  19   0],7,258,945.5399780273438,2740,0,Fuel/Ambient,368178682,1763325282
1763325282567375913,19,[  0   0   1  18 184 173  19   0],7,258,945.5399780273438,2740,0,Fuel/Ambient,566058554,1763325282
1763325282762932751,19,[  0   0   1  18 184 173  19   0],7,258,945.5399780273438,2740,0,Fuel/Ambient,762722700,1763325282
1763325282970116664,19,[  0   0   1  18 184 174  19   0],7,258,945.5599975585938,2740,0,Fuel/Ambient,968295716,1763325282
1763325283164097165,19,[  0   0   1  18 184 174  19   0],7,258,945.5599975585938,2740,0,Fuel/Ambient,163076962,1763325283
1763325283369745094,19,[  0   0   1  18 184 175  19   0],7,258,945.5800170898438,2740,0,Fuel/Ambient,369471651,1763325283
1763325283568813941,19,[  0   0   1  18 184 175  19   0],7,258,945.5800170898438,2740,0,Fuel/Ambient,568646483,1763325283
1763325283765583945,19,[  0   0   1  18 184 176  19   0],7,258,945.5999755859375,2740,0,Fuel/Ambient,764577694,1763325283
1763325283971278339,19,[  0   0   1  18 184 176  19   0],7,258,945.5999755859375,2740,0,Fuel/Ambient,970947743,1763325283
1763325284165646077,19,[  0   0   1  18 184 177  19   0],7,258,945.6199951171875,2740,0,Fuel/Ambient,165379834,1763325284
1763325284370840402,19,[  0   0   1  18 184 178  19   0],7,258,945.6400146484375,2740,0,Fuel/Ambient,370319564,1763325284
1763325284567723528,19,[  0   0   1  18 184 178  19   0],7,258,945.6400146484375,2740,0,Fuel/Ambient,566779230,1763325284
1763325284773960617,19,[  0   0   1  18 184 179  19   0],7,258,945.6599731445312,2740,0,Fuel/Ambient,772990174,1763325284
1763325284978731673,19,[  0   0   1  18 184 180  19   0],7,258,945.6799926757812,2740,0,Fuel/Ambient,977694221,1763325284
1763325285174064542,19,[  0   0   1  18 184 180  19   0],7,258,945.6799926757812,2740,0,Fuel/Ambient,173512248,1763325285
1763325285379579896,19,[  0   0   1  18 184 180  19   0],7,258,945.6799926757812,2740,0,Fuel/Ambient,379133747,1763325285
1763325285575472868,19,[  0   0   1  18 184 181  19   0],7,258,945.7000122070312,2740,0,Fuel/Ambient,575255585,1763325285
1763325285771306575,19,[  0   0   1  18 184 181  19   0],7,258,945.7000122070312,2740,0,Fuel/Ambient,771012140,1763325285
1763325285976955850,19,[  0   0   1  18 184 181  19   0],7,258,945.7000122070312,2740,0,Fuel/Ambient,976569573,1763325285
1763325286184426778,19,[  0   0   1  18 184 181  19   0],7,258,945.7000122070312,2740,0,Fuel/Ambient,183536816,1763325286
1763325286377597672,19,[  0   0   1  18 184 181  19   0],7,258,945.7000122070312,2740,0,Fuel/Ambient,376511516,1763325286
1763325286576815834,19,[  0   0   1  18 184 182  19   0],7,258,945.719970703125,2740,0,Fuel/Ambient,576219700,1763325286
1763325286782829786,19,[  0   0   1  18 184 182  19   0],7,258,945.719970703125,2740,0,Fuel/Ambient,782468310,1763325286
1763325286977046516,19,[  0   0   1  18 184 182  19   0],7,258,945.719970703125,2740,0,Fuel/Ambient,976651823,1763325286
1763325287177321811,19,[  0   0   1  18 184 182  19   0],7,258,945.719970703125,2740,0,Fuel/Ambient,176150886,1763325287
1763325287384425728,19,[  0   0   1  18 184 182  19   0],7,258,945.719970703125,2740,0,Fuel/Ambient,383886490,1763325287
1763325287582077985,19,[  0   0   1  18 184 182  19   0],7,258,945.719970703125,2740,0,Fuel/Ambient,581658557,1763325287
1763325287778923418,19,[  0   0   1  18 184 182  19   0],7,258,945.719970703125,2740,0,Fuel/Ambient,778521077,1763325287
1763325287983818862,19,[  0   0   1  18 184 182  19   0],7,258,945.719970703125,2740,0,Fuel/Ambient,983623371,1763325287
1763325288181194157,19,[  0   0   1  18 184 182  19   0],7,258,945.719970703125,2740,0,Fuel/Ambient,180079008,1763325288
1763325288387122093,19,[  0   0   1  18 184 182  19   0],7,258,945.719970703125,2740,0,Fuel/Ambient,385650012,1763325288
1763325288583665923,19,[  0   0   1  18 184 181  19   0],7,258,945.7000122070312,2740,0,Fuel/Ambient,583355359,1763325288
1763325288789533698,19,[  0   0   1  18 184 181  19   0],7,258,945.7000122070312,2740,0,Fuel/Ambient,788742361,1763325288
1763325288983890975,19,[  0   0   1  18 184 180  19   0],7,258,945.6799926757812,2740,0,Fuel/Ambient,983430074,1763325288
1763325289189184761,19,[  0   0   1  18 184 180  19   0],7,258,945.6799926757812,2740,0,Fuel/Ambient,188928822,1763325289
1763325289384400544,19,[  0   0   1  18 184 179  19   0],7,258,945.6599731445312,2740,0,Fuel/Ambient,384194014,1763325289
1763325289592521530,19,[  0   0   1  18 184 178  19   0],7,258,945.6400146484375,2740,0,Fuel/Ambient,591372269,1763325289
1763325289787917092,19,[  0   0   1  18 184 178  19   0],7,258,945.6400146484375,2740,0,Fuel/Ambient,787652449,1763325289
1763325289994527405,19,[  0   0   1  18 184 178  19   0],7,258,945.6400146484375,2740,0,Fuel/Ambient,994177865,1763325289
1763325290188976332,19,[  0   0   1  18 184 177  19   0],7,258,945.6199951171875,2740,0,Fuel/Ambient,188421094,1763325290
1763325290395171857,19,[  0   0   1  18 184 177  19   0],7,258,945.6199951171875,2740,0,Fuel/Ambient,394641867,1763325290
1763325290592878069,19,[  0   0   1  18 184 177  19   0],7,258,945.6199951171875,2740,0,Fuel/Ambient,591271715,1763325290
1763325290797099268,19,[  0   0   1  18 184 177  19   0],7,258,945.6199951171875,2740,0,Fuel/Ambient,796370299,1763325290
1763325290991241312,19,[  0   0   1  18 184 176  19   0],7,258,945.5999755859375,2740,0,Fuel/Ambient,990646617,1763325290
1763325291196725277,19,[  0   0   1  18 184 176  19   0],7,258,945.5999755859375,2740,0,Fuel/Ambient,196520987,1763325291
1763325291392708463,19,[  0   0   1  18 184 176  19   0],7,258,945.5999755859375,2740,0,Fuel/Ambient,391844773,1763325291
1763325291599043766,19,[  0   0   1  18 184 175  19   0],7,258,945.5800170898438,2740,0,Fuel/Ambient,598830836,1763325291
1763325291794678916,19,[  0   0   1  18 184 175  19   0],7,258,945.5800170898438,2740,0,Fuel/Ambient,794449665,1763325291
1763325292001232013,19,[  0   0   1  18 184 175  19   0],7,258,945.5800170898438,2740,0,Fuel/Ambient,868393,1763325292
1763325292198496270,19,[  0   0   1  18 184 174  19   0],7,258,945.5599975585938,2740,0,Fuel/Ambient,196610841,1763325292
1763325292402700126,19,[  0   0   1  18 184 173  19   0],7,258,945.5399780273438,2740,0,Fuel/Ambient,402348250,1763325292
1763325292599171862,19,[  0   0   1  18 184 173  19   0],7,258,945.5399780273438,2740,0,Fuel/Ambient,598308588,1763325292
1763325292796050867,19,[  0   0   1  18 184 173  19   0],7,258,945.5399780273438,2740,0,Fuel/Ambient,795408235,1763325292
1763325293003144931,19,[  0   0   1  18 184 173  19   0],7,258,945.5399780273438,2740,0,Fuel/Ambient,2575741,1763325293
1763325293204934264,19,[  0   0   1  18 184 173  19   0],7,258,945.5399780273438,2740,0,Fuel/Ambient,201796341,1763325293
1763325293399186008,19,[  0   0   1  18 184 173  19   0],7,258,945.5399780273438,2740,0,Fuel/Ambient,398666258,1763325293
1763325293606205960,19,[  0   0   1  18 184 173  19   0],7,258,945.5399780273438,2740,0,Fuel/Ambient,605810916,1763325293
1763325293801958297,19,[  0   0   1  18 184 173  19   0],7,258,945.5399780273438,2740,0,Fuel/Ambient,801760663,1763325293
1763325294007351223,19,[  0   0   1  18 184 172  19   0],7,258,945.52001953125,2740,0,Fuel/Ambient,6963379,1763325294
1763325294202616963,19,[  0   0   1  18 184 172  19   0],7,258,945.52001953125,2740,0,Fuel/Ambient,201799450,1763325294
1763325294407415067,19,[  0   0   1  18 184 172  19   0],7,258,945.52001953125,2740,0,Fuel/Ambient,406803956,1763325294
1763325294606238799,19,[  0   0   1  18 184 171  19   0],7,258,945.5,2740,0,Fuel/Ambient,605687529,1763325294
1763325294800748690,19,[  0   0   1  18 184 171  19   0],7,258,945.5,2740,0,Fuel/Ambient,800466159,1763325294
1763325295010868103,19,[  0   0   1  18 184 172  19   0],7,258,945.52001953125,2740,0,Fuel/Ambient,7729603,1763325295
1763325295206293109,19,[  0   0   1  18 184 172  19   0],7,258,945.52001953125,2740,0,Fuel/Ambient,205459404,1763325295
1763325295410517672,19,[  0   0   1  18 184 172  19   0],7,258,945.52001953125,2740,0,Fuel/Ambient,410239204,1763325295
1763325295609192859,19,[  0   0   1  18 184 172  19   0],7,258,945.52001953125,2740,0,Fuel/Ambient,608944280,1763325295
1763325295805385618,19,[  0   0   1  18 184 172  19   0],7,258,945.52001953125,2740,0,Fuel/Ambient,804826635,1763325295
1763325296012048704,19,[  0   0   1  18 184 173  19   0],7,258,945.5399780273438,2740,0,Fuel/Ambient,11582139,1763325296
1763325296209517958,19,[  0   0   1  18 184 173  19   0],7,258,945.5399780273438,2740,0,Fuel/Ambient,209120770,1763325296
1763325296414810501,19,[  0   0   1  18 184 173  19   0],7,258,945.5399780273438,2740,0,Fuel/Ambient,414567587,1763325296
1763325296613249111,19,[  0   0   1  18 184 173  19   0],7,258,945.5399780273438,2740,0,Fuel/Ambient,612368813,1763325296
1763325296810175575,19,[  0   0   1  18 184 174  19   0],7,258,945.5599975585938,2740,0,Fuel/Ambient,809925172,1763325296
1763325297017082665,19,[  0   0   1  18 184 174  19   0],7,258,945.5599975585938,2740,0,Fuel/Ambient,16822694,1763325297
1763325297216411973,19,[  0   0   1  18 184 174  19   0],7,258,945.5599975585938,2740,0,Fuel/Ambient,215844766,1763325297
1763325297415546815,19,[  0   0   1  18 184 174  19   0],7,258,945.5599975585938,2740,0,Fuel/Ambient,415225947,1763325297
1763325297611611670,19,[  0   0   1  18 184 174  19   0],7,258,945.5599975585938,2740,0,Fuel/Ambient,611277842,1763325297
1763325297817849825,19,[  0   0   1  18 184 173  19   0],7,258,945.5399780273438,2740,0,Fuel/Ambient,817504029,1763325297
1763325298017510401,19,[  0   0   1  18 184 173  19   0],7,258,945.5399780273438,2740,0,Fuel/Ambient,16824377,1763325298
1763325298213352406,19,[  0   0   1  18 184 173  19   0],7,258,945.5399780273438,2740,0,Fuel/Ambient,212869680,1763325298
1763325298420950161,19,[  0   0   1  18 184 173  19   0],7,258,945.5399780273438,2740,0,Fuel/Ambient,420455275,1763325298
1763325298621069399,19,[  0   0   1  18 184 172  19   0],7,258,945.52001953125,2740,0,Fuel/Ambient,620616146,1763325298
1763325298816970093,19,[  0   0   1  18 184 173  19   0],7,258,945.5399780273438,2740,0,Fuel/Ambient,816417254,1763325298
1763325299028231378,19,[  0   0   1  18 184 173  19   0],7,258,945.5399780273438,2740,0,Fuel/Ambient,24812491,1763325299
1763325299221862926,19,[  0   0   1  18 184 174  19   0],7,258,945.5599975585938,2740,0,Fuel/Ambient,221173095,1763325299
1763325299418157354,19,[  0   0   1  18 184 174  19   0],7,258,945.5599975585938,2740,0,Fuel/Ambient,415926192,1763325299
1763325299624632825,19,[  0   0   1  18 184 174  19   0],7,258,945.5599975585938,2740,0,Fuel/Ambient,624229812,1763325299
1763325299820649585,19,[  0   0   1  18 184 175  19   0],7,258,945.5800170898438,2740,0,Fuel/Ambient,820158763,1763325299
1763325300027090111,19,[  0   0   1  18 184 175  19   0],7,258,945.5800170898438,2740,0,Fuel/Ambient,26633210,1763325300
1763325300222271279,19,[  0   0   1  18 184 175  19   0],7,258,945.5800170898438,2740,0,Fuel/Ambient,221656392,1763325300
1763325300428124023,19,[  0   0   1  18 184 175  19   0],7,258,945.5800170898438,2740,0,Fuel/Ambient,427567697,1763325300
1763325300625095739,19,[  0   0   1  18 184 175  19   0],7,258,945.5800170898438,2740,0,Fuel/Ambient,624887352,1763325300
1763325300825901066,19,[  0   0   1  18 184 175  19   0],7,258,945.5800170898438,2740,0,Fuel/Ambient,823243212,1763325300
1763325301031163884,19,[  0   0   1  18 184 175  19   0],7,258,945.5800170898438,2740,0,Fuel/Ambient,29919646,1763325301
1763325301226545086,19,[  0   0   1  18 184 175  19   0],7,258,945.5800170898438,2740,0,Fuel/Ambient,226307644,1763325301
1763325301422994237,19,[  0   0   1  18 184 175  19   0],7,258,945.5800170898438,2740,0,Fuel/Ambient,422398134,1763325301
1763325301630007188,19,[  0   0   1  18 184 175  19   0],7,258,945.5800170898438,2740,0,Fuel/Ambient,629305260,1763325301
1763325301825531911,19,[  0   0   1  18 184 174  19   0],7,258,945.5599975585938,2740,0,Fuel/Ambient,825231460,1763325301
1763325302031995000,19,[  0   0   1  18 184 174  19   0],7,258,945.5599975585938,2740,0,Fuel/Ambient,31482130,1763325302
1763325302228263797,19,[  0   0   1  18 184 174  19   0],7,258,945.5599975585938,2740,0,Fuel/Ambient,227774991,1763325302
1763325302433251413,19,[  0   0   1  18 184 174  19   0],7,258,945.5599975585938,2740,0,Fuel/Ambient,432953586,1763325302
1763325302632560853,19,[  0   0   1  18 184 174  19   0],7,258,945.5599975585938,2740,0,Fuel/Ambient,632279058,1763325302
1763325302836413769,19,[  0   0   1  18 184 174  19   0],7,258,945.5599975585938,2740,0,Fuel/Ambient,835246555,1763325302
1763325303032053951,19,[  0   0   1  18 184 174  19   0],7,258,945.5599975585938,2740,0,Fuel/Ambient,31149652,1763325303
1763325303238989526,19,[  0   0   1  18 184 174  19   0],7,258,945.5599975585938,2740,0,Fuel/Ambient,237980171,1763325303
1763325303432806904,19,[  0   0   1  18 184 174  19   0],7,258,945.5599975585938,2740,0,Fuel/Ambient,432593621,1763325303
1763325303630950379,19,[  0   0   1  18 184 174  19   0],7,258,945.5599975585938,2740,0,Fuel/Ambient,630257763,1763325303
1763325303837876418,19,[  0   0   1  18 184 174  19   0],7,258,945.5599975585938,2740,0,Fuel/Ambient,834806751,1763325303
1763325304034616774,19,[  0   0   1  18 184 174  19   0],7,258,945.5599975585938,2740,0,Fuel/Ambient,34401507,1763325304
1763325304240671028,19,[  0   0   1  18 184 174  19   0],7,258,945.5599975585938,2740,0,Fuel/Ambient,240285775,1763325304
1763325304437326455,19,[  0   0   1  18 184 174  19   0],7,258,945.5599975585938,2740,0,Fuel/Ambient,436617519,1763325304
1763325304634232956,19,[  0   0   1  18 184 174  19   0],7,258,945.5599975585938,2740,0,Fuel/Ambient,633585525,1763325304
1763325304839549122,19,[  0   0   1  18 184 174  19   0],7,258,945.5599975585938,2740,0,Fuel/Ambient,838436533,1763325304
1763325305044504260,19,[  0   0   1  18 184 174  19   0],7,258,945.5599975585938,2740,0,Fuel/Ambient,44226529,1763325305
1763325305241123207,19,[  0   0   1  18 184 174  19   0],7,258,945.5599975585938,2740,0,Fuel/Ambient,240634786,1763325305
1763325305440314920,19,[  0   0   1  18 184 174  19   0],7,258,945.5599975585938,2740,0,Fuel/Ambient,437529608,1763325305
1763325305644949222,19,[  0   0   1  18 184 174  19   0],7,258,945.5599975585938,2740,0,Fuel/Ambient,644475233,1763325305
1763325305839964375,19,[  0   0   1  18 184 174  19   0],7,258,945.5599975585938,2740,0,Fuel/Ambient,839668468,1763325305
1763325306045968678,19,[  0   0   1  18 184 174  19   0],7,258,945.5599975585938,2740,0,Fuel/Ambient,45759235,1763325306
1763325306243372403,19,[  0   0   1  18 184 174  19   0],7,258,945.5599975585938,2740,0,Fuel/Ambient,243124752,1763325306
1763325306442383698,19,[  0   0   1  18 184 174  19   0],7,258,945.5599975585938,2740,0,Fuel/Ambient,441628713,1763325306
1763325306648957864,19,[  0   0   1  18 184 174  19   0],7,258,945.5599975585938,2740,0,Fuel/Ambient,648572963,1763325306
1763325306844593248,19,[  0   0   1  18 184 173  19   0],7,258,945.5399780273438,2740,0,Fuel/Ambient,844180604,1763325306
1763325307050493358,19,[  0   0   1  18 184 173  19   0],7,258,945.5399780273438,2740,0,Fuel/Ambient,49878215,1763325307
1763325307247196692,19,[  0   0   1  18 184 173  19   0],7,258,945.5399780273438,2740,0,Fuel/Ambient,246363019,1763325307
1763325307456308679,19,[  0   0   1  18 184 173  19   0],7,258,945.5399780273438,2740,0,Fuel/Ambient,452644350,1763325307
1763325307649620070,19,[  0   0   1  18 184 173  19   0],7,258,945.5399780273438,2740,0,Fuel/Ambient,649129281,1763325307
1763325307850118135,19,[  0   0   1  18 184 173  19   0],7,258,945.5399780273438,2740,0,Fuel/Ambient,848376995,1763325307
1763325308045899091,19,[  0   0   1  18 184 172  19   0],7,258,945.52001953125,2740,0,Fuel/Ambient,44968520,1763325308
1763325308256766075,19,[  0   0   1  18 184 172  19   0],7,258,945.52001953125,2740,0,Fuel/Ambient,254591138,1763325308
1763325308453083709,19,[  0   0   1  18 184 172  19   0],7,258,945.52001953125,2740,0,Fuel/Ambient,452854394,1763325308
1763325308652272096,19,[  0   0   1  18 184 172  19   0],7,258,945.52001953125,2740,0,Fuel/Ambient,650713710,1763325308
1763325308849060615,19,[  0   0   1  18 184 172  19   0],7,258,945.52001953125,2740,0,Fuel/Ambient,848394719,1763325308
1763325309055819488,19,[  0   0   1  18 184 171  19   0],7,258,945.5,2740,0,Fuel/Ambient,55550973,1763325309
1763325309253084686,19,[  0   0   1  18 184 171  19   0],7,258,945.5,2740,0,Fuel/Ambient,252583272,1763325309
1763325309451370375,19,[  0   0   1  18 184 171  19   0],7,258,945.5,2740,0,Fuel/Ambient,449700244,1763325309
1763325309657911039,19,[  0   0   1  18 184 172  19   0],7,258,945.52001953125,2740,0,Fuel/Ambient,656845106,1763325309
1763325309856044822,19,[  0   0   1  18 184 172  19   0],7,258,945.52001953125,2740,0,Fuel/Ambient,855646289,1763325309
1763325310053983115,19,[  0   0   1  18 184 172  19   0],7,258,945.52001953125,2740,0,Fuel/Ambient,53680776,1763325310
1763325310259290998,19,[  0   0   1  18 184 172  19   0],7,258,945.52001953125,2740,0,Fuel/Ambient,259103411,1763325310
1763325310455224821,19,[  0   0   1  18 184 172  19   0],7,258,945.52001953125,2740,0,Fuel/Ambient,454850672,1763325310
1763325310662959483,19,[  0   0   1  18 184 173  19   0],7,258,945.5399780273438,2740,0,Fuel/Ambient,662134129,1763325310
1763325310858451829,19,[  0   0   1  18 184 173  19   0],7,258,945.5399780273438,2740,0,Fuel/Ambient,858068464,1763325310
1763325311056561837,19,[  0   0   1  18 184 173  19   0],7,258,945.5399780273438,2740,0,Fuel/Ambient,55835492,1763325311
1763325311263925839,19,[  0   0   1  18 184 173  19   0],7,258,945.5399780273438,2740,0,Fuel/Ambient,263603819,1763325311
1763325311459275208,19,[  0   0   1  18 184 173  19   0],7,258,945.5399780273438,2740,0,Fuel/Ambient,458991237,1763325311
1763325311668262461,19,[  0   0   1  18 184 173  19   0],7,258,945.5399780273438,2740,0,Fuel/Ambient,665457629,1763325311
1763325311864176765,19,[  0   0   1  18 184 174  19   0],7,258,945.5599975585938,2740,0,Fuel/Ambient,862559338,1763325311
1763325312059647927,19,[  0   0   1  18 184 174  19   0],7,258,945.5599975585938,2740,0,Fuel/Ambient,59425749,1763325312
1763325312267971078,19,[  0   0   1  18 184 174  19   0],7,258,945.5599975585938,2740,0,Fuel/Ambient,267135900,1763325312
1763325312464349611,19,[  0   0   1  18 184 175  19   0],7,258,945.5800170898438,2740,0,Fuel/Ambient,462704696,1763325312
1763325312669790424,19,[  0   0   1  18 184 175  19   0],7,258,945.5800170898438,2740,0,Fuel/Ambient,669113841,1763325312
1763325312865549367,19,[  0   0   1  18 184 176  19   0],7,258,945.5999755859375,2740,0,Fuel/Ambient,864970960,1763325312
1763325313065141377,19,[  0   0   1  18 184 176  19   0],7,258,945.5999755859375,2740,0,Fuel/Ambient,64117558,1763325313
1763325313271919231,19,[  0   0   1  18 184 176  19   0],7,258,945.5999755859375,2740,0,Fuel/Ambient,270887923,1763325313
1763325313470973155,19,[  0   0   1  18 184 176  19   0],7,258,945.5999755859375,2740,0,Fuel/Ambient,470165434,1763325313
1763325313670244875,19,[  0   0   1  18 184 177  19   0],7,258,945.6199951171875,2740,0,Fuel/Ambient,667509996,1763325313
1763325313864928606,19,[  0   0   1  18 184 177  19   0],7,258,945.6199951171875,2740,0,Fuel/Ambient,863592206,1763325313
1763325314070352044,19,[  0   0   1  18 184 177  19   0],7,258,945.6199951171875,2740,0,Fuel/Ambient,70071273,1763325314
1763325314266935829,19,[  0   0   1  18 184 176  19   0],7,258,945.5999755859375,2740,0,Fuel/Ambient,266289102,1763325314
1763325314472268131,19,[  0   0   1  18 184 176  19   0],7,258,945.5999755859375,2740,0,Fuel/Ambient,471446841,1763325314
1763325314668724746,19,[  0   0   1  18 184 176  19   0],7,258,945.5999755859375,2740,0,Fuel/Ambient,668174916,1763325314
1763325314875759179,19,[  0   0   1  18 184 176  19   0],7,258,945.5999755859375,2740,0,Fuel/Ambient,873656659,1763325314
1763325315073464226,19,[  0   0   1  18 184 176  19   0],7,258,945.5999755859375,2740,0,Fuel/Ambient,73038877,1763325315
1763325315269486566,19,[  0   0   1  18 184 176  19   0],7,258,945.5999755859375,2740,0,Fuel/Ambient,268856990,1763325315
1763325315475381242,19,[  0   0   1  18 184 176  19   0],7,258,945.5999755859375,2740,0,Fuel/Ambient,475063095,1763325315
1763325315674349792,19,[  0   0   1  18 184 175  19   0],7,258,945.5800170898438,2740,0,Fuel/Ambient,672422697,1763325315
1763325315879779311,19,[  0   0   1  18 184 176  19   0],7,258,945.5999755859375,2740,0,Fuel/Ambient,878343774,1763325315
1763325316075572048,19,[  0   0   1  18 184 176  19   0],7,258,945.5999755859375,2740,0,Fuel/Ambient,72945810,1763325316
1763325316279700721,19,[  0   0   1  18 184 176  19   0],7,258,945.5999755859375,2740,0,Fuel/Ambient,278694694,1763325316
1763325316474825707,19,[  0   0   1  18 184 176  19   0],7,258,945.5999755859375,2740,0,Fuel/Ambient,474555080,1763325316
1763325316682951034,19,[  0   0   1  18 184 176  19   0],7,258,945.5999755859375,2740,0,Fuel/Ambient,682381428,1763325316
1763325316880068491,19,[  0   0   1  18 184 176  19   0],7,258,945.5999755859375,2740,0,Fuel/Ambient,879453252,1763325316
1763325317076441844,19,[  0   0   1  18 184 176  19   0],7,258,945.5999755859375,2740,0,Fuel/Ambient,75775660,1763325317
1763325317283692602,19,[  0   0   1  18 184 177  19   0],7,258,945.6199951171875,2740,0,Fuel/Ambient,283182132,1763325317
1763325317479982306,19,[  0   0   1  18 184 177  19   0],7,258,945.6199951171875,2740,0,Fuel/Ambient,479293946,1763325317
1763325317678512483,19,[  0   0   1  18 184 177  19   0],7,258,945.6199951171875,2740,0,Fuel/Ambient,677870844,1763325317
1763325317886060749,19,[  0   0   1  18 184 177  19   0],7,258,945.6199951171875,2740,0,Fuel/Ambient,885507142,1763325317
1763325318083502690,19,[  0   0   1  18 184 177  19   0],7,258,945.6199951171875,2740,0,Fuel/Ambient,81961553,1763325318
1763325318280326257,19,[  0   0   1  18 184 177  19   0],7,258,945.6199951171875,2740,0,Fuel/Ambient,279521672,1763325318
1763325318487403510,19,[  0   0   1  18 184 177  19   0],7,258,945.6199951171875,2740,0,Fuel/Ambient,487005745,1763325318
1763325318684105923,19,[  0   0   1  18 184 177  19   0],7,258,945.6199951171875,2740,0,Fuel/Ambient,682932406,1763325318
1763325318889573941,19,[  0   0   1  18 184 177  19   0],7,258,945.6199951171875,2740,0,Fuel/Ambient,888996143,1763325318
1763325319084064010,19,[  0   0   1  18 184 177  19   0],7,258,945.6199951171875,2740,0,Fuel/Ambient,83735014,1763325319
1763325319289991330,19,[  0   0   1  18 184 177  19   0],7,258,945.6199951171875,2740,0,Fuel/Ambient,289703294,1763325319
1763325319485383361,19,[  0   0   1  18 184 177  19   0],7,258,945.6199951171875,2740,0,Fuel/Ambient,484817946,1763325319
1763325319686854086,19,[  0   0   1  18 184 176  19   0],7,258,945.5999755859375,2740,0,Fuel/Ambient,683899268,1763325319
1763325319892522907,19,[  0   0   1  18 184 176  19   0],7,258,945.5999755859375,2740,0,Fuel/Ambient,891671697,1763325319
1763325320091456803,19,[  0   0   1  18 184 176  19   0],7,258,945.5999755859375,2740,0,Fuel/Ambient,90501816,1763325320
1763325320289585730,19,[  0   0   1  18 184 176  19   0],7,258,945.5999755859375,2740,0,Fuel/Ambient,288781241,1763325320
1763325320486525012,19,[  0   0   1  18 184 175  19   0],7,258,945.5800170898438,2740,0,Fuel/Ambient,486271025,1763325320
1763325320693030004,19,[  0   0   1  18 184 175  19   0],7,258,945.5800170898438,2740,0,Fuel/Ambient,692639439,1763325320
1763325320889492544,19,[  0   0   1  18 184 174  19   0],7,258,945.5599975585938,2740,0,Fuel/Ambient,888926169,1763325320
1763325321097303118,19,[  0   0   1  18 184 174  19   0],7,258,945.5599975585938,2740,0,Fuel/Ambient,96585286,1763325321
1763325321292678895,19,[  0   0   1  18 184 174  19   0],7,258,945.5599975585938,2740,0,Fuel/Ambient,292236330,1763325321
1763325321497143384,19,[  0   0   1  18 184 173  19   0],7,258,945.5399780273438,2740,0,Fuel/Ambient,496883989,1763325321
1763325321694324845,19,[  0   0   1  18 184 173  19   0],7,258,945.5399780273438,2740,0,Fuel/Ambient,693543204,1763325321
1763325321893724028,19,[  0   0   1  18 184 172  19   0],7,258,945.52001953125,2740,0,Fuel/Ambient,892987251,1763325321
1763325322100207036,19,[  0   0   1  18 184 172  19   0],7,258,945.52001953125,2740,0,Fuel/Ambient,98976686,1763325322
1763325322295997154,19,[  0   0   1  18 184 171  19   0],7,258,945.5,2740,0,Fuel/Ambient,295167800,1763325322
1763325322500282697,19,[  0   0   1  18 184 171  19   0],7,258,945.5,2740,0,Fuel/Ambient,500075815,1763325322
1763325322697562048,19,[  0   0   1  18 184 171  19   0],7,258,945.5,2740,0,Fuel/Ambient,696341426,1763325322
1763325322902526703,19,[  0   0   1  18 184 171  19   0],7,258,945.5,2740,0,Fuel/Ambient,902094602,1763325322
1763325323098621657,19,[  0   0   1  18 184 171  19   0],7,258,945.5,2740,0,Fuel/Ambient,97650574,1763325323
1763325323304137423,19,[  0   0   1  18 184 171  19   0],7,258,945.5,2740,0,Fuel/Ambient,302909025,1763325323
1763325323498791657,19,[  0   0   1  18 184 171  19   0],7,258,945.5,2740,0,Fuel/Ambient,497869086,1763325323
1763325323705597358,19,[  0   0   1  18 184 171  19   0],7,258,945.5,2740,0,Fuel/Ambient,704691204,1763325323
1763325323901023153,19,[  0   0   1  18 184 171  19   0],7,258,945.5,2740,0,Fuel/Ambient,899912420,1763325323
1763325324105912768,19,[  0   0   1  18 184 171  19   0],7,258,945.5,2740,0,Fuel/Ambient,105359258,1763325324
1763325324303447483,19,[  0   0   1  18 184 171  19   0],7,258,945.5,2740,0,Fuel/Ambient,303184600,1763325324
1763325324499168386,19,[  0   0   1  18 184 170  19   0],7,258,945.47998046875,2740,0,Fuel/Ambient,498892703,1763325324
1763325324707802045,19,[  0   0   1  18 184 170  19   0],7,258,945.47998046875,2740,0,Fuel/Ambient,707187798,1763325324
1763325324906373700,19,[  0   0   1  18 184 170  19   0],7,258,945.47998046875,2740,0,Fuel/Ambient,905157206,1763325324
1763325325101038047,19,[  0   0   1  18 184 169  19   0],7,258,945.4600219726562,2740,0,Fuel/Ambient,100614746,1763325325
1763325325306421621,19,[  0   0   1  18 184 169  19   0],7,258,945.4600219726562,2740,0,Fuel/Ambient,305488074,1763325325
1763325325511042722,19,[  0   0   1  18 184 168  19   0],7,258,945.4400024414062,2740,0,Fuel/Ambient,510494204,1763325325
1763325325708864802,19,[  0   0   1  18 184 168  19   0],7,258,945.4400024414062,2740,0,Fuel/Ambient,708616255,1763325325
1763325325904227205,19,[  0   0   1  18 184 168  19   0],7,258,945.4400024414062,2740,0,Fuel/Ambient,903814144,1763325325
1763325326109314872,19,[  0   0   1  18 184 168  19   0],7,258,945.4400024414062,2740,0,Fuel/Ambient,108909491,1763325326
1763325326307785120,19,[  0   0   1  18 184 168  19   0],7,258,945.4400024414062,2740,0,Fuel/Ambient,306869237,1763325326
1763325326514532838,19,[  0   0   1  18 184 168  19   0],7,258,945.4400024414062,2740,0,Fuel/Ambient,513193431,1763325326
1763325326712160420,19,[  0   0   1  18 184 168  19   0],7,258,945.4400024414062,2740,0,Fuel/Ambient,711581501,1763325326
1763325326916377902,19,[  0   0   1  18 184 168  19   0],7,258,945.4400024414062,2740,0,Fuel/Ambient,915892360,1763325326
1763325327112387033,19,[  0   0   1  18 184 168  19   0],7,258,945.4400024414062,2740,0,Fuel/Ambient,112154423,1763325327
1763325327309265007,19,[  0   0   1  18 184 168  19   0],7,258,945.4400024414062,2740,0,Fuel/Ambient,308409957,1763325327
1763325327514907530,19,[  0   0   1  18 184 168  19   0],7,258,945.4400024414062,2740,0,Fuel/Ambient,513733404,1763325327
1763325327711251002,19,[  0   0   1  18 184 169  19   0],7,258,945.4600219726562,2740,0,Fuel/Ambient,710902294,1763325327
1763325327919726677,20,[  0   0   1  18 184 169  20   0],7,258,945.4600219726562,2740,0,Fuel/Ambient,919375953,1763325327
1763325328115688001,20,[  0   0   1  18 184 169  20   0],7,258,945.4600219726562,2740,0,Fuel/Ambient,114918840,1763325328
1763325328320918103,20,[  0   0   1  18 184 170  20   0],7,258,945.47998046875,2740,0,Fuel/Ambient,320424530,1763325328
1763325328517335593,20,[  0   0   1  18 184 170  20   0],7,258,945.47998046875,2740,0,Fuel/Ambient,516202940,1763325328
1763325328713573912,20,[  0   0   1  18 184 171  20   0],7,258,945.5,2740,0,Fuel/Ambient,713188628,1763325328
1763325328921431757,20,[  0   0   1  18 184 172  20   0],7,258,945.52001953125,2740,0,Fuel/Ambient,920598403,1763325328
1763325329122424371,20,[  0   0   1  18 184 172  20   0],7,258,945.52001953125,2740,0,Fuel/Ambient,121606890,1763325329
1763325329316993712,20,[  0   0   1  18 184 173  20   0],7,258,945.5399780273438,2740,0,Fuel/Ambient,316605804,1763325329
1763325329523839226,20,[  0   0   1  18 184 174  20   0],7,258,945.5599975585938,2740,0,Fuel/Ambient,523315220,1763325329
1763325329720807890,20,[  0   0   1  18 184 174  20   0],7,258,945.5599975585938,2740,0,Fuel/Ambient,720327821,1763325329
1763325329917112195,20,[  0   0   1  18 184 175  20   0],7,258,945.5800170898438,2740,0,Fuel/Ambient,916881632,1763325329
1763325330122593630,20,[  0   0   1  18 184 175  20   0],7,258,945.5800170898438,2740,0,Fuel/Ambient,122410204,1763325330
1763325330319093809,20,[  0   0   1  18 184 175  20   0],7,258,945.5800170898438,2740,0,Fuel/Ambient,317855171,1763325330
1763325330524798191,20,[  0   0   1  18 184 176  20   0],7,258,945.5999755859375,2740,0,Fuel/Ambient,524341962,1763325330
1763325330724066019,20,[  0   0   1  18 184 176  20   0],7,258,945.5999755859375,2740,0,Fuel/Ambient,723512956,1763325330
1763325330922463212,20,[  0   0   1  18 184 176  20   0],7,258,945.5999755859375,2740,0,Fuel/Ambient,922008903,1763325330
1763325331131615570,20,[  0   0   1  18 184 177  20   0],7,258,945.6199951171875,2740,0,Fuel/Ambient,131257262,1763325331
1763325331327169883,20,[  0   0   1  18 184 177  20   0],7,258,945.6199951171875,2740,0,Fuel/Ambient,326424979,1763325331
1763325331524374520,20,[  0   0   1  18 184 177  20   0],7,258,945.6199951171875,2740,0,Fuel/Ambient,523156458,1763325331
1763325331731494374,20,[  0   0   1  18 184 177  20   0],7,258,945.6199951171875,2740,0,Fuel/Ambient,730861855,1763325331
1763325331928094428,20,[  0   0   1  18 184 178  20   0],7,258,945.6400146484375,2740,0,Fuel/Ambient,927575798,1763325331
1763325332133746906,20,[  0   0   1  18 184 178  20   0],7,258,945.6400146484375,2740,0,Fuel/Ambient,133540824,1763325332
1763325332330439793,20,[  0   0   1  18 184 178  20   0],7,258,945.6400146484375,2740,0,Fuel/Ambient,329758985,1763325332
1763325332535558826,20,[  0   0   1  18 184 179  20   0],7,258,945.6599731445312,2740,0,Fuel/Ambient,534711808,1763325332
1763325332731111732,20,[  0   0   1  18 184 179  20   0],7,258,945.6599731445312,2740,0,Fuel/Ambient,730906737,1763325332
1763325332936603280,20,[  0   0   1  18 184 179  20   0],7,258,945.6599731445312,2740,0,Fuel/Ambient,936061802,1763325332
1763325333132127867,20,[  0   0   1  18 184 180  20   0],7,258,945.6799926757812,2740,0,Fuel/Ambient,131697078,1763325333
1763325333328414382,20,[  0   0   1  18 184 181  20   0],7,258,945.7000122070312,2740,0,Fuel/Ambient,328116843,1763325333
1763325333536615018,20,[  0   0   1  18 184 181  20   0],7,258,945.7000122070312,2740,0,Fuel/Ambient,535139097,1763325333
1763325333739776845,20,[  0   0   1  18 184 182  20   0],7,258,945.719970703125,2740,0,Fuel/Ambient,735892160,1763325333
1763325333930428639,20,[  0   0   1  18 184 182  20   0],7,258,945.719970703125,2740,0,Fuel/Ambient,929547669,1763325333
1763325334135691898,20,[  0   0   1  18 184 183  20   0],7,258,945.739990234375,2740,0,Fuel/Ambient,135333270,1763325334
1763325334331891373,20,[  0   0   1  18 184 184  20   0],7,258,945.760009765625,2740,0,Fuel/Ambient,331040132,1763325334
1763325334538419639,20,[  0   0   1  18 184 184  20   0],7,258,945.760009765625,2740,0,Fuel/Ambient,537658447,1763325334
1763325334736161660,20,[  0   0   1  18 184 184  20   0],7,258,945.760009765625,2740,0,Fuel/Ambient,734998831,1763325334
1763325334942153632,20,[  0   0   1  18 184 185  20   0],7,258,945.780029296875,2740,0,Fuel/Ambient,941386359,1763325334
1763325335139116828,20,[  0   0   1  18 184 185  20   0],7,258,945.780029296875,2740,0,Fuel/Ambient,138789848,1763325335
1763325335344315000,20,[  0   0   1  18 184 184  20   0],7,258,945.760009765625,2740,0,Fuel/Ambient,344137365,1763325335
1763325335539788003,20,[  0   0   1  18 184 184  20   0],7,258,945.760009765625,2740,0,Fuel/Ambient,539525760,1763325335
1763325335737103107,20,[  0   0   1  18 184 184  20   0],7,258,945.760009765625,2740,0,Fuel/Ambient,736794784,1763325335
1763325335942422720,20,[  0   0   1  18 184 183  20   0],7,258,945.739990234375,2740,0,Fuel/Ambient,941426229,1763325335
1763325336146745938,20,[  0   0   1  18 184 183  20   0],7,258,945.739990234375,2740,0,Fuel/Ambient,146259724,1763325336
1763325336344531673,20,[  0   0   1  18 184 183  20   0],7,258,945.739990234375,2740,0,Fuel/Ambient,343739375,1763325336
1763325336547883903,20,[  0   0   1  18 184 182  20   0],7,258,945.719970703125,2740,0,Fuel/Ambient,547552220,1763325336
1763325336747324345,20,[  0   0   1  18 184 182  20   0],7,258,945.719970703125,2740,0,Fuel/Ambient,746920628,1763325336
1763325336941779225,20,[  0   0   1  18 184 181  20   0],7,258,945.7000122070312,2740,0,Fuel/Ambient,941500598,1763325336
1763325337146864021,20,[  0   0   1  18 184 181  20   0],7,258,945.7000122070312,2740,0,Fuel/Ambient,146482000,1763325337
1763325337342599556,20,[  0   0   1  18 184 180  20   0],7,258,945.6799926757812,2740,0,Fuel/Ambient,342079774,1763325337
1763325337554074409,20,[  0   0   1  18 184 179  20   0],7,258,945.6599731445312,2740,0,Fuel/Ambient,552656857,1763325337
1763325337751373611,20,[  0   0   1  18 184 179  20   0],7,258,945.6599731445312,2740,0,Fuel/Ambient,749634519,1763325337
1763325337957163695,20,[  0   0   1  18 184 178  20   0],7,258,945.6400146484375,2740,0,Fuel/Ambient,956421766,1763325337
1763325338147388640,20,[  0   0   1  18 184 178  20   0],7,258,945.6400146484375,2740,0,Fuel/Ambient,145991695,1763325338
1763325338354446930,20,[  0   0   1  18 184 177  20   0],7,258,945.6199951171875,2740,0,Fuel/Ambient,353597225,1763325338
1763325338549165655,20,[  0   0   1  18 184 176  20   0],7,258,945.5999755859375,2740,0,Fuel/Ambient,548920884,1763325338
1763325338756029096,20,[  0   0   1  18 184 175  20   0],7,258,945.5800170898438,2740,0,Fuel/Ambient,755459809,1763325338
1763325338951839097,20,[  0   0   1  18 184 174  20   0],7,258,945.5599975585938,2740,0,Fuel/Ambient,951215090,1763325338
1763325339156398320,20,[  0   0   1  18 184 174  20   0],7,258,945.5599975585938,2740,0,Fuel/Ambient,155923818,1763325339
1763325339353762868,20,[  0   0   1  18 184 173  20   0],7,258,945.5399780273438,2740,0,Fuel/Ambient,353137836,1763325339
1763325339554224539,20,[  0   0   1  18 184 173  20   0],7,258,945.5399780273438,2740,0,Fuel/Ambient,553621684,1763325339
1763325339750461106,20,[  0   0   1  18 184 172  20   0],7,258,945.52001953125,2740,0,Fuel/Ambient,749542375,1763325339
1763325339957261923,20,[  0   0   1  18 184 172  20   0],7,258,945.52001953125,2740,0,Fuel/Ambient,957006176,1763325339
1763325340156333947,20,[  0   0   1  18 184 171  20   0],7,258,945.5,2740,0,Fuel/Ambient,154719240,1763325340
1763325340353662399,20,[  0   0   1  18 184 171  20   0],7,258,945.5,2740,0,Fuel/Ambient,352309999,1763325340
