timestamp,can_msg.data,can_msg.dlc,can_msg.id,header.frame_id,header.stamp.nanosec,header.stamp.sec,pump_rpm
1763324729760649209,[0 0 0 0 0 0 0 0],2,262,Pump RPM,760248566,1763324729,0
1763324729843783524,[0 0 0 0 0 0 0 0],2,262,Pump RPM,842974142,1763324729,0
1763324729963431615,[0 0 0 0 0 0 0 0],2,262,Pump RPM,961502001,1763324729,0
1763324730044281306,[0 0 0 0 0 0 0 0],2,262,Pump RPM,43455316,1763324730,0
1763324730157110020,[0 0 0 0 0 0 0 0],2,262,Pump RPM,156247069,1763324730,0
1763324730249428565,[0 0 0 0 0 0 0 0],2,262,Pump RPM,248317548,1763324730,0
1763324730362290367,[0 0 0 0 0 0 0 0],2,262,Pump RPM,361506137,1763324730,0
1763324730457262435,[0 0 0 0 0 0 0 0],2,262,Pump RPM,454257453,1763324730,0
1763324730588784824,[0 0 0 0 0 0 0 0],2,262,Pump RPM,587612656,1763324730,0
1763324730671450689,[0 0 0 0 0 0 0 0],2,262,Pump RPM,670554170,1763324730,0
1763324730764845082,[0 0 0 0 0 0 0 0],2,262,Pump RPM,764532087,1763324730,0
1763324730846717148,[0 0 0 0 0 0 0 0],2,262,Pump RPM,845946967,1763324730,0
1763324730959218436,[0 0 0 0 0 0 0 0],2,262,Pump RPM,958614623,1763324730,0
1763324731051578901,[0 0 0 0 0 0 0 0],2,262,Pump RPM,50887376,1763324731,0
1763324731163988733,[0 0 0 0 0 0 0 0],2,262,Pump RPM,163260632,1763324731,0
1763324731256211022,[0 0 0 0 0 0 0 0],2,262,Pump RPM,255095110,1763324731,0
1763324731371418923,[0 0 0 0 0 0 0 0],2,262,Pump RPM,371009320,1763324731,0
1763324731452338344,[0 0 0 0 0 0 0 0],2,262,Pump RPM,450626619,1763324731,0
1763324731596692830,[0 0 0 0 0 0 0 0],2,262,Pump RPM,596213819,1763324731,0
1763324731681147189,[0 0 0 0 0 0 0 0],2,262,Pump RPM,679029989,1763324731,0
1763324731763556445,[0 0 0 0 0 0 0 0],2,262,Pump RPM,762510005,1763324731,0
1763324731857800253,[0 0 0 0 0 0 0 0],2,262,Pump RPM,856410067,1763324731,0
1763324731962312618,[0 0 0 0 0 0 0 0],2,262,Pump RPM,961636453,1763324731,0
1763324732055643684,[0 0 0 0 0 0 0 0],2,262,Pump RPM,55035071,1763324732,0
1763324732169384503,[0 0 0 0 0 0 0 0],2,262,Pump RPM,168927412,1763324732,0
1763324732251921345,[0 0 0 0 0 0 0 0],2,262,Pump RPM,251538430,1763324732,0
1763324732365805749,[0 0 0 0 0 0 0 0],2,262,Pump RPM,365367186,1763324732,0
1763324732458762636,[0 0 0 0 0 0 0 0],2,262,Pump RPM,457933286,1763324732,0
1763324732602724418,[0 0 0 0 0 0 0 0],2,262,Pump RPM,602219806,1763324732,0
1763324732690918262,[0 0 0 0 0 0 0 0],2,262,Pump RPM,690564563,1763324732,0
1763324732763665974,[0 0 0 0 0 0 0 0],2,262,Pump RPM,762972561,1763324732,0
1763324732856436108,[0 0 0 0 0 0 0 0],2,262,Pump RPM,855792615,1763324732,0
1763324732970378273,[0 0 0 0 0 0 0 0],2,262,Pump RPM,969930109,1763324732,0
1763324733064458401,[0 0 0 0 0 0 0 0],2,262,Pump RPM,62008239,1763324733,0
1763324733165335541,[0 0 0 0 0 0 0 0],2,262,Pump RPM,164682673,1763324733,0
1763324733258096749,[0 0 0 0 0 0 0 0],2,262,Pump RPM,257251078,1763324733,0
1763324733373939665,[0 0 0 0 0 0 0 0],2,262,Pump RPM,372739144,1763324733,0
1763324733456143705,[0 0 0 0 0 0 0 0],2,262,Pump RPM,455863639,1763324733,0
1763324733600607124,[0 0 0 0 0 0 0 0],2,262,Pump RPM,600343954,1763324733,0
1763324733684946092,[0 0 0 0 0 0 0 0],2,262,Pump RPM,684354471,1763324733,0
1763324733766684912,[0 0 0 0 0 0 0 0],2,262,Pump RPM,766159756,1763324733,0
1763324733863234724,[0 0 0 0 0 0 0 0],2,262,Pump RPM,862485470,1763324733,0
1763324733974315652,[0 0 0 0 0 0 0 0],2,262,Pump RPM,972720696,1763324733,0
1763324734062340953,[0 0 0 0 0 0 0 0],2,262,Pump RPM,61421106,1763324734,0
1763324734175336425,[0 0 0 0 0 0 0 0],2,262,Pump RPM,174325409,1763324734,0
1763324734267290011,[0 0 0 0 0 0 0 0],2,262,Pump RPM,266990745,1763324734,0
1763324734375353286,[0 0 0 0 0 0 0 0],2,262,Pump RPM,373924731,1763324734,0
1763324734466590227,[0 0 0 0 0 0 0 0],2,262,Pump RPM,465988622,1763324734,0
1763324734601554216,[0 0 0 0 0 0 0 0],2,262,Pump RPM,600527584,1763324734,0
1763324734683877554,[0 0 0 0 0 0 0 0],2,262,Pump RPM,683256653,1763324734,0
1763324734776071430,[0 0 0 0 0 0 0 0],2,262,Pump RPM,775273152,1763324734,0
1763324734869089024,[0 0 0 0 0 0 0 0],2,262,Pump RPM,867880439,1763324734,0
1763324734970543353,[0 0 0 0 0 0 0 0],2,262,Pump RPM,970190647,1763324734,0
1763324735063893783,[0 0 0 0 0 0 0 0],2,262,Pump RPM,63610165,1763324735,0
1763324735177049545,[0 0 0 0 0 0 0 0],2,262,Pump RPM,176848680,1763324735,0
1763324735268969436,[0 0 0 0 0 0 0 0],2,262,Pump RPM,268752667,1763324735,0
1763324735375087162,[0 0 0 0 0 0 0 0],2,262,Pump RPM,373587151,1763324735,0
1763324735468124949,[0 0 0 0 0 0 0 0],2,262,Pump RPM,467216943,1763324735,0
1763324735605012890,[0 0 0 0 0 0 0 0],2,262,Pump RPM,604794713,1763324735,0
1763324735687870633,[0 0 0 0 0 0 0 0],2,262,Pump RPM,687612839,1763324735,0
1763324735780378817,[0 0 0 0 0 0 0 0],2,262,Pump RPM,780165183,1763324735,0
1763324735863109230,[0 0 0 0 0 0 0 0],2,262,Pump RPM,862638571,1763324735,0
1763324735978489554,[0 0 0 0 0 0 0 0],2,262,Pump RPM,977397002,1763324735,0
1763324736071132267,[0 0 0 0 0 0 0 0],2,262,Pump RPM,70893801,1763324736,0
1763324736176736262,[0 0 0 0 0 0 0 0],2,262,Pump RPM,175127994,1763324736,0
1763324736269633473,[0 0 0 0 0 0 0 0],2,262,Pump RPM,269011229,1763324736,0
1763324736382661140,[0 0 0 0 0 0 0 0],2,262,Pump RPM,381855342,1763324736,0
1763324736465361379,[0 0 0 0 0 0 0 0],2,262,Pump RPM,464857183,1763324736,0
1763324736610030180,[0 0 0 0 0 0 0 0],2,262,Pump RPM,609259518,1763324736,0
1763324736693699322,[0 0 0 0 0 0 0 0],2,262,Pump RPM,693130774,1763324736,0
1763324736786161042,[0 0 0 0 0 0 0 0],2,262,Pump RPM,785402252,1763324736,0
1763324736869978057,[0 0 0 0 0 0 0 0],2,262,Pump RPM,868799776,1763324736,0
1763324736981771411,[0 0 0 0 0 0 0 0],2,262,Pump RPM,981087182,1763324736,0
1763324737073497702,[0 0 0 0 0 0 0 0],2,262,Pump RPM,73274660,1763324737,0
1763324737178966753,[0 0 0 0 0 0 0 0],2,262,Pump RPM,177923321,1763324737,0
1763324737270790262,[0 0 0 0 0 0 0 0],2,262,Pump RPM,270022960,1763324737,0
1763324737384787665,[0 0 0 0 0 0 0 0],2,262,Pump RPM,383763145,1763324737,0
1763324737468856043,[0 0 0 0 0 0 0 0],2,262,Pump RPM,468119845,1763324737,0
1763324737614071090,[0 0 0 0 0 0 0 0],2,262,Pump RPM,613282060,1763324737,0
1763324737698228556,[0 0 0 0 0 0 0 0],2,262,Pump RPM,697473415,1763324737,0
1763324737780642010,[0 0 0 0 0 0 0 0],2,262,Pump RPM,780086997,1763324737,0
1763324737877105073,[0 0 0 0 0 0 0 0],2,262,Pump RPM,876098025,1763324737,0
1763324737990634441,[0 0 0 0 0 0 0 0],2,262,Pump RPM,989418304,1763324737,0
1763324738072438354,[0 0 0 0 0 0 0 0],2,262,Pump RPM,72114544,1763324738,0
1763324738185245382,[0 0 0 0 0 0 0 0],2,262,Pump RPM,184519873,1763324738,0
1763324738278145476,[0 0 0 0 0 0 0 0],2,262,Pump RPM,277562271,1763324738,0
1763324738390440628,[0 0 0 0 0 0 0 0],2,262,Pump RPM,389915664,1763324738,0
1763324738472931683,[0 0 0 0 0 0 0 0],2,262,Pump RPM,472341374,1763324738,0
1763324738618486990,[0 0 0 0 0 0 0 0],2,262,Pump RPM,616975106,1763324738,0
1763324738698749004,[0 0 0 0 0 0 0 0],2,262,Pump RPM,698162183,1763324738,0
1763324738786999334,[0 0 0 0 0 0 0 0],2,262,Pump RPM,785907518,1763324738,0
1763324738879019709,[0 0 0 0 0 0 0 0],2,262,Pump RPM,878019989,1763324738,0
1763324738995090345,[0 0 0 0 0 0 0 0],2,262,Pump RPM,994123394,1763324738,0
1763324739081368630,[0 0 0 0 0 0 0 0],2,262,Pump RPM,76179055,1763324739,0
1763324739191749977,[0 0 0 0 0 0 0 0],2,262,Pump RPM,190940114,1763324739,0
1763324739275350449,[0 0 0 0 0 0 0 0],2,262,Pump RPM,275012494,1763324739,0
1763324739390327094,[0 0 0 0 0 0 0 0],2,262,Pump RPM,389670993,1763324739,0
1763324739476316896,[0 0 0 0 0 0 0 0],2,262,Pump RPM,475520186,1763324739,0
1763324739621342505,[0 0 0 0 0 0 0 0],2,262,Pump RPM,620638468,1763324739,0
1763324739703904442,[0 0 0 0 0 0 0 0],2,262,Pump RPM,703129684,1763324739,0
1763324739785847429,[0 0 0 0 0 0 0 0],2,262,Pump RPM,785327233,1763324739,0
1763324739878986118,[0 0 0 0 0 0 0 0],2,262,Pump RPM,878144223,1763324739,0
1763324739991064917,[0 0 0 0 0 0 0 0],2,262,Pump RPM,990668370,1763324739,0
1763324740085549377,[0 0 0 0 0 0 0 0],2,262,Pump RPM,84657242,1763324740,0
1763324740197949716,[0 0 0 0 0 0 0 0],2,262,Pump RPM,196239975,1763324740,0
1763324740278813016,[0 0 0 0 0 0 0 0],2,262,Pump RPM,277887121,1763324740,0
1763324740390974282,[0 0 0 0 0 0 0 0],2,262,Pump RPM,390609543,1763324740,0
1763324740484376045,[0 0 0 0 0 0 0 0],2,262,Pump RPM,483627399,1763324740,0
1763324740628061101,[0 0 0 0 0 0 0 0],2,262,Pump RPM,627222919,1763324740,0
1763324740710867168,[0 0 0 0 0 0 0 0],2,262,Pump RPM,710565150,1763324740,0
1763324740792976846,[0 0 0 0 0 0 0 0],2,262,Pump RPM,792196328,1763324740,0
1763324740888149023,[0 0 0 0 0 0 0 0],2,262,Pump RPM,886560915,1763324740,0
1763324741002714467,[0 0 0 0 0 0 0 0],2,262,Pump RPM,945429,1763324741,0
1763324741089225139,[0 0 0 0 0 0 0 0],2,262,Pump RPM,88504109,1763324741,0
1763324741197443144,[0 0 0 0 0 0 0 0],2,262,Pump RPM,196145214,1763324741,0
1763324741287818741,[0 0 0 0 0 0 0 0],2,262,Pump RPM,286932622,1763324741,0
1763324741396516526,[0 0 0 0 0 0 0 0],2,262,Pump RPM,396120875,1763324741,0
1763324741490375733,[0 0 0 0 0 0 0 0],2,262,Pump RPM,490147636,1763324741,0
1763324741626370877,[0 0 0 0 0 0 0 0],2,262,Pump RPM,625362805,1763324741,0
1763324741710506267,[0 0 0 0 0 0 0 0],2,262,Pump RPM,709808726,1763324741,0
1763324741793178894,[0 0 0 0 0 0 0 0],2,262,Pump RPM,792942636,1763324741,0
1763324741886168655,[0 0 0 0 0 0 0 0],2,262,Pump RPM,885501290,1763324741,0
1763324742004023917,[0 0 0 0 0 0 0 0],2,262,Pump RPM,3310824,1763324742,0
1763324742093908088,[0 0 0 0 0 0 0 0],2,262,Pump RPM,92776239,1763324742,0
1763324742204076637,[0 0 0 0 0 0 0 0],2,262,Pump RPM,203709434,1763324742,0
1763324742290514797,[0 0 0 0 0 0 0 0],2,262,Pump RPM,288994786,1763324742,0
1763324742404578832,[0 0 0 0 0 0 0 0],2,262,Pump RPM,403291206,1763324742,0
1763324742488938193,[0 0 0 0 0 0 0 0],2,262,Pump RPM,487457637,1763324742,0
1763324742632845078,[0 0 0 0 0 0 0 0],2,262,Pump RPM,631460939,1763324742,0
1763324742717462360,[0 0 0 0 0 0 0 0],2,262,Pump RPM,715026118,1763324742,0
1763324742797848155,[0 0 0 0 0 0 0 0],2,262,Pump RPM,797282071,1763324742,0
1763324742889696789,[0 0 0 0 0 0 0 0],2,262,Pump RPM,889296402,1763324742,0
1763324743004225371,[0 0 0 0 0 0 0 0],2,262,Pump RPM,3480853,1763324743,0
1763324743096123158,[0 0 0 0 0 0 0 0],2,262,Pump RPM,95065902,1763324743,0
1763324743198052093,[0 0 0 0 0 0 0 0],2,262,Pump RPM,197598938,1763324743,0
1763324743289868056,[0 0 0 0 0 0 0 0],2,262,Pump RPM,289364628,1763324743,0
1763324743403718618,[0 0 0 0 0 0 0 0],2,262,Pump RPM,403350935,1763324743,0
1763324743496255802,[0 0 0 0 0 0 0 0],2,262,Pump RPM,495573780,1763324743,0
1763324743632656967,[0 0 0 0 0 0 0 0],2,262,Pump RPM,631976610,1763324743,0
1763324743713204908,[0 0 0 0 0 0 0 0],2,262,Pump RPM,712705736,1763324743,0
1763324743810740018,[0 0 0 0 0 0 0 0],2,262,Pump RPM,809785003,1763324743,0
1763324743893484263,[0 0 0 0 0 0 0 0],2,262,Pump RPM,892583744,1763324743,0
1763324744006588100,[0 0 0 0 0 0 0 0],2,262,Pump RPM,6065600,1763324744,0
1763324744098982723,[0 0 0 0 0 0 0 0],2,262,Pump RPM,98362943,1763324744,0
1763324744201194830,[0 0 0 0 0 0 0 0],2,262,Pump RPM,200939948,1763324744,0
1763324744295748382,[0 0 0 0 0 0 0 0],2,262,Pump RPM,295467932,1763324744,0
1763324744410233287,[0 0 0 0 0 0 0 0],2,262,Pump RPM,409742979,1763324744,0
1763324744492083190,[0 0 0 0 0 0 0 0],2,262,Pump RPM,491704211,1763324744,0
1763324744636903813,[0 0 0 0 0 0 0 0],2,262,Pump RPM,636301793,1763324744,0
1763324744719992542,[0 0 0 0 0 0 0 0],2,262,Pump RPM,719003447,1763324744,0
1763324744802695124,[0 0 0 0 0 0 0 0],2,262,Pump RPM,801927247,1763324744,0
1763324744898056651,[0 0 0 0 0 0 0 0],2,262,Pump RPM,896002939,1763324744,0
1763324745013023991,[0 0 0 0 0 0 0 0],2,262,Pump RPM,11394826,1763324745,0
1763324745095417259,[0 0 0 0 0 0 0 0],2,262,Pump RPM,93760575,1763324745,0
1763324745206693628,[0 0 0 0 0 0 0 0],2,262,Pump RPM,206321242,1763324745,0
1763324745299174462,[0 0 0 0 0 0 0 0],2,262,Pump RPM,298736987,1763324745,0
1763324745413535111,[0 0 0 0 0 0 0 0],2,262,Pump RPM,413057827,1763324745,0
1763324745495291766,[0 0 0 0 0 0 0 0],2,262,Pump RPM,494685746,1763324745,0
1763324745639799173,[0 0 0 0 0 0 0 0],2,262,Pump RPM,638815485,1763324745,0
1763324745722583708,[0 0 0 0 0 0 0 0],2,262,Pump RPM,721738902,1763324745,0
1763324745814506330,[0 0 0 0 0 0 0 0],2,262,Pump RPM,814039990,1763324745,0
1763324745899273760,[0 0 0 0 0 0 0 0],2,262,Pump RPM,898044727,1763324745,0
1763324746014255246,[0 0 0 0 0 0 0 0],2,262,Pump RPM,12500096,1763324746,0
1763324746105807337,[0 0 0 0 0 0 0 0],2,262,Pump RPM,105281637,1763324746,0
1763324746208546458,[0 0 0 0 0 0 0 0],2,262,Pump RPM,207988790,1763324746,0
1763324746302732330,[0 0 0 0 0 0 0 0],2,262,Pump RPM,301904483,1763324746,0
1763324746416187085,[0 0 0 0 0 0 0 0],2,262,Pump RPM,414638081,1763324746,0
1763324746499244903,[0 0 0 0 0 0 0 0],2,262,Pump RPM,498454529,1763324746,0
1763324746646229642,[0 0 0 0 0 0 0 0],2,262,Pump RPM,645475300,1763324746,0
1763324746733293251,[0 0 0 0 0 0 0 0],2,262,Pump RPM,731592470,1763324746,0
1763324746817430790,[0 0 0 0 0 0 0 0],2,262,Pump RPM,815634680,1763324746,0
1763324746899723547,[0 0 0 0 0 0 0 0],2,262,Pump RPM,898966741,1763324746,0
1763324747015887859,[0 0 0 0 0 0 0 0],2,262,Pump RPM,14679337,1763324747,0
1763324747109466047,[0 0 0 0 0 0 0 0],2,262,Pump RPM,108719321,1763324747,0
1763324747212368370,[0 0 0 0 0 0 0 0],2,262,Pump RPM,210718021,1763324747,0
1763324747303240201,[0 0 0 0 0 0 0 0],2,262,Pump RPM,302944455,1763324747,0
1763324747417083248,[0 0 0 0 0 0 0 0],2,262,Pump RPM,416502988,1763324747,0
1763324747509887478,[0 0 0 0 0 0 0 0],2,262,Pump RPM,509236305,1763324747,0
1763324747643140498,[0 0 0 0 0 0 0 0],2,262,Pump RPM,642696783,1763324747,0
1763324747727532760,[0 0 0 0 0 0 0 0],2,262,Pump RPM,727030420,1763324747,0
1763324747818083693,[0 0 0 0 0 0 0 0],2,262,Pump RPM,817909099,1763324747,0
1763324747911241013,[0 0 0 0 0 0 0 0],2,262,Pump RPM,910714225,1763324747,0
1763324748020047574,[0 0 0 0 0 0 0 0],2,262,Pump RPM,19651411,1763324748,0
1763324748112154616,[0 0 0 0 0 0 0 0],2,262,Pump RPM,111731125,1763324748,0
1763324748214747946,[0 0 0 0 0 0 0 0],2,262,Pump RPM,214439432,1763324748,0
1763324748307789043,[0 0 0 0 0 0 0 0],2,262,Pump RPM,306675562,1763324748,0
1763324748420114320,[0 0 0 0 0 0 0 0],2,262,Pump RPM,419375530,1763324748,0
1763324748512804150,[0 0 0 0 0 0 0 0],2,262,Pump RPM,512015184,1763324748,0
1763324748647204924,[0 0 0 0 0 0 0 0],2,262,Pump RPM,646636887,1763324748,0
1763324748729801205,[0 0 0 0 0 0 0 0],2,262,Pump RPM,729106575,1763324748,0
1763324748822667356,[0 0 0 0 0 0 0 0],2,262,Pump RPM,822302937,1763324748,0
1763324748910370940,[0 0 0 0 0 0 0 0],2,262,Pump RPM,909769368,1763324748,0
1763324749022858618,[0 0 0 0 0 0 0 0],2,262,Pump RPM,22312758,1763324749,0
1763324749116122246,[0 0 0 0 0 0 0 0],2,262,Pump RPM,115677507,1763324749,0
1763324749219094588,[0 0 0 0 0 0 0 0],2,262,Pump RPM,218310966,1763324749,0
1763324749311446017,[0 0 0 0 0 0 0 0],2,262,Pump RPM,311094622,1763324749,0
1763324749417363150,[0 0 0 0 0 0 0 0],2,262,Pump RPM,417020907,1763324749,0
1763324749509929620,[0 0 0 0 0 0 0 0],2,262,Pump RPM,509616113,1763324749,0
1763324749653910149,[0 0 0 0 0 0 0 0],2,262,Pump RPM,653606818,1763324749,0
1763324749737296581,[0 0 0 0 0 0 0 0],2,262,Pump RPM,736728416,1763324749,0
1763324749819779677,[0 0 0 0 0 0 0 0],2,262,Pump RPM,819008440,1763324749,0
1763324749912414884,[0 0 0 0 0 0 0 0],2,262,Pump RPM,911859008,1763324749,0
1763324750027341974,[0 0 0 0 0 0 0 0],2,262,Pump RPM,26202286,1763324750,0
1763324750110244147,[0 0 0 0 0 0 0 0],2,262,Pump RPM,109520686,1763324750,0
1763324750224174303,[0 0 0 0 0 0 0 0],2,262,Pump RPM,222630771,1763324750,0
1763324750315138778,[0 0 0 0 0 0 0 0],2,262,Pump RPM,314771959,1763324750,0
1763324750427995261,[0 0 0 0 0 0 0 0],2,262,Pump RPM,427405913,1763324750,0
1763324750511511903,[0 0 0 0 0 0 0 0],2,262,Pump RPM,510905434,1763324750,0
1763324750657227071,[0 0 0 0 0 0 0 0],2,262,Pump RPM,656489529,1763324750,0
1763324750739412854,[0 0 0 0 0 0 0 0],2,262,Pump RPM,738946163,1763324750,0
1763324750831727324,[0 0 0 0 0 0 0 0],2,262,Pump RPM,831461178,1763324750,0
1763324750914315382,[0 0 0 0 0 0 0 0],2,262,Pump RPM,913938324,1763324750,0
1763324751027409116,[0 0 0 0 0 0 0 0],2,262,Pump RPM,26819735,1763324751,0
1763324751119798211,[0 0 0 0 0 0 0 0],2,262,Pump RPM,119469664,1763324751,0
1763324751233664943,[0 0 0 0 0 0 0 0],2,262,Pump RPM,233330796,1763324751,0
1763324751316683630,[0 0 0 0 0 0 0 0],2,262,Pump RPM,315583461,1763324751,0
1763324751429782004,[0 0 0 0 0 0 0 0],2,262,Pump RPM,429560018,1763324751,0
1763324751524162410,[0 0 0 0 0 0 0 0],2,262,Pump RPM,523865928,1763324751,0
1763324751659202490,[0 0 0 0 0 0 0 0],2,262,Pump RPM,658939384,1763324751,0
1763324751742650108,[0 0 0 0 0 0 0 0],2,262,Pump RPM,742165048,1763324751,0
1763324751836644751,[0 0 0 0 0 0 0 0],2,262,Pump RPM,835087491,1763324751,0
1763324751919340140,[0 0 0 0 0 0 0 0],2,262,Pump RPM,918865512,1763324751,0
1763324752032702004,[0 0 0 0 0 0 0 0],2,262,Pump RPM,32244241,1763324752,0
1763324752126892810,[0 0 0 0 0 0 0 0],2,262,Pump RPM,126666632,1763324752,0
1763324752232249814,[0 0 0 0 0 0 0 0],2,262,Pump RPM,231633585,1763324752,0
1763324752324054106,[0 0 0 0 0 0 0 0],2,262,Pump RPM,323801624,1763324752,0
1763324752430053482,[0 0 0 0 0 0 0 0],2,262,Pump RPM,427327253,1763324752,0
1763324752521169705,[0 0 0 0 0 0 0 0],2,262,Pump RPM,520308706,1763324752,0
1763324752666236103,[0 0 0 0 0 0 0 0],2,262,Pump RPM,665469953,1763324752,0
1763324752750912307,[0 0 0 0 0 0 0 0],2,262,Pump RPM,750505328,1763324752,0
1763324752832867819,[0 0 0 0 0 0 0 0],2,262,Pump RPM,832612521,1763324752,0
1763324752928290218,[0 0 0 0 0 0 0 0],2,262,Pump RPM,927693574,1763324752,0
1763324753031457925,[0 0 0 0 0 0 0 0],2,262,Pump RPM,30834913,1763324753,0
1763324753125983743,[0 0 0 0 0 0 0 0],2,262,Pump RPM,125159417,1763324753,0
1763324753239700621,[0 0 0 0 0 0 0 0],2,262,Pump RPM,238896358,1763324753,0
1763324753321510276,[0 0 0 0 0 0 0 0],2,262,Pump RPM,321068865,1763324753,0
1763324753436212569,[0 0 0 0 0 0 0 0],2,262,Pump RPM,435625621,1763324753,0
1763324753531120630,[0 0 0 0 0 0 0 0],2,262,Pump RPM,530234095,1763324753,0
1763324753665616772,[0 0 0 0 0 0 0 0],2,262,Pump RPM,665228097,1763324753,0
1763324753748029152,[0 0 0 0 0 0 0 0],2,262,Pump RPM,747687389,1763324753,0
1763324753843857795,[0 0 0 0 0 0 0 0],2,262,Pump RPM,842664634,1763324753,0
1763324753925427321,[0 0 0 0 0 0 0 0],2,262,Pump RPM,924902229,1763324753,0
1763324754038867396,[0 0 0 0 0 0 0 0],2,262,Pump RPM,38634563,1763324754,0
1763324754132161013,[0 0 0 0 0 0 0 0],2,262,Pump RPM,131221678,1763324754,0
1763324754235802582,[0 0 0 0 0 0 0 0],2,262,Pump RPM,235492180,1763324754,0
1763324754330236784,[0 0 0 0 0 0 0 0],2,262,Pump RPM,329472810,1763324754,0
1763324754444601060,[0 0 0 0 0 0 0 0],2,262,Pump RPM,444017024,1763324754,0
1763324754527317571,[0 0 0 0 0 0 0 0],2,262,Pump RPM,526466845,1763324754,0
1763324754670370101,[0 0 0 0 0 0 0 0],2,262,Pump RPM,669853745,1763324754,0
1763324754754248637,[0 0 0 0 0 0 0 0],2,262,Pump RPM,752904307,1763324754,0
1763324754835191919,[0 0 0 0 0 0 0 0],2,262,Pump RPM,834673067,1763324754,0
1763324754928322974,[0 0 0 0 0 0 0 0],2,262,Pump RPM,927515448,1763324754,0
1763324755039790492,[0 0 0 0 0 0 0 0],2,262,Pump RPM,39594075,1763324755,0
1763324755133328816,[0 0 0 0 0 0 0 0],2,262,Pump RPM,132754188,1763324755,0
1763324755247051040,[0 0 0 0 0 0 0 0],2,262,Pump RPM,246776958,1763324755,0
1763324755330302341,[0 0 0 0 0 0 0 0],2,262,Pump RPM,329565919,1763324755,0
1763324755444146134,[0 0 0 0 0 0 0 0],2,262,Pump RPM,443503729,1763324755,0
1763324755536336127,[0 0 0 0 0 0 0 0],2,262,Pump RPM,536048381,1763324755,0
1763324755670553710,[0 0 0 0 0 0 0 0],2,262,Pump RPM,670126891,1763324755,0
1763324755754389911,[0 0 0 0 0 0 0 0],2,262,Pump RPM,753301038,1763324755,0
1763324755847255397,[0 0 0 0 0 0 0 0],2,262,Pump RPM,846908515,1763324755,0
1763324755929189152,[0 0 0 0 0 0 0 0],2,262,Pump RPM,928936158,1763324755,0
1763324756043076209,[0 0 0 0 0 0 0 0],2,262,Pump RPM,42126730,1763324756,0
1763324756134854553,[0 0 0 0 0 0 0 0],2,262,Pump RPM,134312308,1763324756,0
1763324756248174855,[0 0 0 0 0 0 0 0],2,262,Pump RPM,247766884,1763324756,0
1763324756339910702,[0 0 0 0 0 0 0 0],2,262,Pump RPM,339498507,1763324756,0
1763324756443289711,[0 0 0 0 0 0 0 0],2,262,Pump RPM,442670730,1763324756,0
1763324756534583955,[0 0 0 0 0 0 0 0],2,262,Pump RPM,534252112,1763324756,0
1763324756680194331,[0 0 0 0 0 0 0 0],2,262,Pump RPM,679548470,1763324756,0
1763324756762999549,[0 0 0 0 0 0 0 0],2,262,Pump RPM,762251287,1763324756,0
1763324756845615741,[0 0 0 0 0 0 0 0],2,262,Pump RPM,844864631,1763324756,0
1763324756937839368,[0 0 0 0 0 0 0 0],2,262,Pump RPM,937150147,1763324756,0
1763324757050744435,[0 0 0 0 0 0 0 0],2,262,Pump RPM,50079534,1763324757,0
1763324757132705872,[0 0 0 0 0 0 0 0],2,262,Pump RPM,132253260,1763324757,0
1763324757246791973,[0 0 0 0 0 0 0 0],2,262,Pump RPM,246405538,1763324757,0
1763324757338110282,[0 0 0 0 0 0 0 0],2,262,Pump RPM,337538757,1763324757,0
1763324757451921789,[0 0 0 0 0 0 0 0],2,262,Pump RPM,451632443,1763324757,0
1763324757534144827,[0 0 0 0 0 0 0 0],2,262,Pump RPM,533686232,1763324757,0
1763324757677808502,[0 0 0 0 0 0 0 0],2,262,Pump RPM,677498964,1763324757,0
1763324757761306334,[0 0 0 0 0 0 0 0],2,262,Pump RPM,760582776,1763324757,0
1763324757856018653,[0 0 0 0 0 0 0 0],2,262,Pump RPM,855379576,1763324757,0
1763324757944590797,[0 0 0 0 0 0 0 0],2,262,Pump RPM,942825471,1763324757,0
1763324758056860532,[0 0 0 0 0 0 0 0],2,262,Pump RPM,56261072,1763324758,0
1763324758139224629,[0 0 0 0 0 0 0 0],2,262,Pump RPM,139013139,1763324758,0
1763324758252937512,[0 0 0 0 0 0 0 0],2,262,Pump RPM,252340452,1763324758,0
1763324758346385823,[0 0 0 0 0 0 0 0],2,262,Pump RPM,345921915,1763324758,0
1763324758450447687,[0 0 0 0 0 0 0 0],2,262,Pump RPM,449897731,1763324758,0
1763324758543154616,[0 0 0 0 0 0 0 0],2,262,Pump RPM,542679252,1763324758,0
1763324758687551866,[0 0 0 0 0 0 0 0],2,262,Pump RPM,687087254,1763324758,0
1763324758771321861,[0 0 0 0 0 0 0 0],2,262,Pump RPM,770996643,1763324758,0
1763324758854808398,[0 0 0 0 0 0 0 0],2,262,Pump RPM,854386091,1763324758,0
1763324758950275380,[0 0 0 0 0 0 0 0],2,262,Pump RPM,948767592,1763324758,0
1763324759052757841,[0 0 0 0 0 0 0 0],2,262,Pump RPM,52379406,1763324759,0
1763324759147202576,[0 0 0 0 0 0 0 0],2,262,Pump RPM,146253993,1763324759,0
1763324759250531508,[0 0 0 0 0 0 0 0],2,262,Pump RPM,250272146,1763324759,0
1763324759343115621,[0 0 0 0 0 0 0 0],2,262,Pump RPM,342896643,1763324759,0
1763324759456078420,[0 0 0 0 0 0 0 0],2,262,Pump RPM,455615568,1763324759,0
1763324759548617700,[0 0 0 0 0 0 0 0],2,262,Pump RPM,548374338,1763324759,0
1763324759685265163,[0 0 0 0 0 0 0 0],2,262,Pump RPM,684953993,1763324759,0
1763324759768155313,[0 0 0 0 0 0 0 0],2,262,Pump RPM,767918575,1763324759,0
1763324759860955939,[0 0 0 0 0 0 0 0],2,262,Pump RPM,860318014,1763324759,0
1763324759943729159,[0 0 0 0 0 0 0 0],2,262,Pump RPM,943212451,1763324759,0
1763324760056624374,[0 0 0 0 0 0 0 0],2,262,Pump RPM,56236947,1763324760,0
1763324760148947878,[0 0 0 0 0 0 0 0],2,262,Pump RPM,148451874,1763324760,0
1763324760261437778,[0 0 0 0 0 0 0 0],2,262,Pump RPM,261114576,1763324760,0
1763324760343780340,[0 0 0 0 0 0 0 0],2,262,Pump RPM,343423025,1763324760,0
1763324760457975566,[0 0 0 0 0 0 0 0],2,262,Pump RPM,456466626,1763324760,0
1763324760549303382,[0 0 0 0 0 0 0 0],2,262,Pump RPM,548700881,1763324760,0
1763324760693038326,[0 0 0 0 0 0 0 0],2,262,Pump RPM,692187567,1763324760,0
1763324760775901532,[0 0 0 0 0 0 0 0],2,262,Pump RPM,775498041,1763324760,0
1763324760858802146,[0 0 0 0 0 0 0 0],2,262,Pump RPM,858513344,1763324760,0
1763324760951316595,[0 0 0 0 0 0 0 0],2,262,Pump RPM,950789743,1763324760,0
1763324761065217835,[0 0 0 0 0 0 0 0],2,262,Pump RPM,63858209,1763324761,0
1763324761147707087,[0 0 0 0 0 0 0 0],2,262,Pump RPM,146010466,1763324761,0
1763324761260072028,[0 0 0 0 0 0 0 0],2,262,Pump RPM,259044052,1763324761,0
1763324761353399252,[0 0 0 0 0 0 0 0],2,262,Pump RPM,352486797,1763324761,0
1763324761466352198,[0 0 0 0 0 0 0 0],2,262,Pump RPM,465287613,1763324761,0
1763324761548377862,[0 0 0 0 0 0 0 0],2,262,Pump RPM,547436447,1763324761,0
1763324761691597252,[0 0 0 0 0 0 0 0],2,262,Pump RPM,691217441,1763324761,0
1763324761774192104,[0 0 0 0 0 0 0 0],2,262,Pump RPM,773913222,1763324761,0
1763324761866731994,[0 0 0 0 0 0 0 0],2,262,Pump RPM,866457528,1763324761,0
1763324761950469672,[0 0 0 0 0 0 0 0],2,262,Pump RPM,950087749,1763324761,0
1763324762063541627,[0 0 0 0 0 0 0 0],2,262,Pump RPM,62994391,1763324762,0
1763324762156067310,[0 0 0 0 0 0 0 0],2,262,Pump RPM,155779116,1763324762,0
1763324762261578823,[0 0 0 0 0 0 0 0],2,262,Pump RPM,260884705,1763324762,0
1763324762353972921,[0 0 0 0 0 0 0 0],2,262,Pump RPM,353594870,1763324762,0
1763324762466989100,[0 0 0 0 0 0 0 0],2,262,Pump RPM,466558601,1763324762,0
1763324762560224709,[0 0 0 0 0 0 0 0],2,262,Pump RPM,558890202,1763324762,0
1763324762694524158,[0 0 0 0 0 0 0 0],2,262,Pump RPM,692819249,1763324762,0
1763324762777181060,[0 0 0 0 0 0 0 0],2,262,Pump RPM,776880162,1763324762,0
1763324762870283132,[0 0 0 0 0 0 0 0],2,262,Pump RPM,870042650,1763324762,0
1763324762953982314,[0 0 0 0 0 0 0 0],2,262,Pump RPM,953676711,1763324762,0
1763324763067567842,[0 0 0 0 0 0 0 0],2,262,Pump RPM,67037342,1763324763,0
1763324763161250719,[0 0 0 0 0 0 0 0],2,262,Pump RPM,160686939,1763324763,0
1763324763264096900,[0 0 0 0 0 0 0 0],2,262,Pump RPM,263738497,1763324763,0
1763324763356930363,[0 0 0 0 0 0 0 0],2,262,Pump RPM,356359830,1763324763,0
1763324763470172849,[0 0 0 0 0 0 0 0],2,262,Pump RPM,469560716,1763324763,0
1763324763562980103,[0 0 0 0 0 0 0 0],2,262,Pump RPM,562228321,1763324763,0
1763324763695886487,[0 0 0 0 0 0 0 0],2,262,Pump RPM,695534996,1763324763,0
1763324763778858912,[0 0 0 0 0 0 0 0],2,262,Pump RPM,778594910,1763324763,0
1763324763872044602,[0 0 0 0 0 0 0 0],2,262,Pump RPM,871491445,1763324763,0
1763324763965184915,[0 0 0 0 0 0 0 0],2,262,Pump RPM,964804784,1763324763,0
1763324764068027672,[0 0 0 0 0 0 0 0],2,262,Pump RPM,67735702,1763324764,0
1763324764159343844,[0 0 0 0 0 0 0 0],2,262,Pump RPM,159119906,1763324764,0
1763324764272143320,[0 0 0 0 0 0 0 0],2,262,Pump RPM,271772885,1763324764,0
1763324764364298250,[0 0 0 0 0 0 0 0],2,262,Pump RPM,363514884,1763324764,0
1763324764468205880,[0 0 0 0 0 0 0 0],2,262,Pump RPM,467563091,1763324764,0
1763324764562441307,[0 0 0 0 0 0 0 0],2,262,Pump RPM,561573012,1763324764,0
1763324764700008689,[0 0 0 0 0 0 0 0],2,262,Pump RPM,699071465,1763324764,0
1763324764784395174,[0 0 0 0 0 0 0 0],2,262,Pump RPM,783118716,1763324764,0
1763324764879216461,[0 0 0 0 0 0 0 0],2,262,Pump RPM,875677233,1763324764,0
1763324764964235751,[0 0 0 0 0 0 0 0],2,262,Pump RPM,961899637,1763324764,0
1763324765074565160,[0 0 0 0 0 0 0 0],2,262,Pump RPM,74023652,1763324765,0
1763324765171365056,[0 0 0 0 0 0 0 0],2,262,Pump RPM,170974461,1763324765,0
1763324765271571762,[0 0 0 0 0 0 0 0],2,262,Pump RPM,270980590,1763324765,0
1763324765363871559,[0 0 0 0 0 0 0 0],2,262,Pump RPM,362936735,1763324765,0
1763324765478398377,[0 0 0 0 0 0 0 0],2,262,Pump RPM,477674244,1763324765,0
1763324765560437549,[0 0 0 0 0 0 0 0],2,262,Pump RPM,559911977,1763324765,0
1763324765707596848,[0 0 0 0 0 0 0 0],2,262,Pump RPM,706697257,1763324765,0
1763324765789338129,[0 0 0 0 0 0 0 0],2,262,Pump RPM,789017487,1763324765,0
1763324765871921113,[0 0 0 0 0 0 0 0],2,262,Pump RPM,871733432,1763324765,0
1763324765966959587,[0 0 0 0 0 0 0 0],2,262,Pump RPM,966202045,1763324765,0
1763324766083173012,[0 0 0 0 0 0 0 0],2,262,Pump RPM,80505567,1763324766,0
1763324766163662636,[0 0 0 0 0 0 0 0],2,262,Pump RPM,162797862,1763324766,0
1763324766276419874,[0 0 0 0 0 0 0 0],2,262,Pump RPM,276093312,1763324766,0
1763324766369513566,[0 0 0 0 0 0 0 0],2,262,Pump RPM,368651575,1763324766,0
1763324766481425773,[0 0 0 0 0 0 0 0],2,262,Pump RPM,481135723,1763324766,0
1763324766563967766,[0 0 0 0 0 0 0 0],2,262,Pump RPM,563467634,1763324766,0
1763324766711737951,[0 0 0 0 0 0 0 0],2,262,Pump RPM,708878729,1763324766,0
1763324766796361624,[0 0 0 0 0 0 0 0],2,262,Pump RPM,795627442,1763324766,0
1763324766878833760,[0 0 0 0 0 0 0 0],2,262,Pump RPM,878324316,1763324766,0
1763324766971350647,[0 0 0 0 0 0 0 0],2,262,Pump RPM,969715018,1763324766,0
1763324767082922245,[0 0 0 0 0 0 0 0],2,262,Pump RPM,82438145,1763324767,0
1763324767178225810,[0 0 0 0 0 0 0 0],2,262,Pump RPM,177622734,1763324767,0
1763324767279607760,[0 0 0 0 0 0 0 0],2,262,Pump RPM,279396303,1763324767,0
1763324767371908582,[0 0 0 0 0 0 0 0],2,262,Pump RPM,371685637,1763324767,0
1763324767487365011,[0 0 0 0 0 0 0 0],2,262,Pump RPM,486662669,1763324767,0
1763324767570864388,[0 0 0 0 0 0 0 0],2,262,Pump RPM,570406208,1763324767,0
1763324767715093907,[0 0 0 0 0 0 0 0],2,262,Pump RPM,714794480,1763324767,0
1763324767799006087,[0 0 0 0 0 0 0 0],2,262,Pump RPM,798604420,1763324767,0
1763324767885131213,[0 0 0 0 0 0 0 0],2,262,Pump RPM,884598312,1763324767,0
1763324767980239673,[0 0 0 0 0 0 0 0],2,262,Pump RPM,978114280,1763324767,0
1763324768083364069,[0 0 0 0 0 0 0 0],2,262,Pump RPM,83039139,1763324768,0
1763324768176150208,[0 0 0 0 0 0 0 0],2,262,Pump RPM,175815838,1763324768,0
1763324768289863488,[0 0 0 0 0 0 0 0],2,262,Pump RPM,289163355,1763324768,0
1763324768371946791,[0 0 0 0 0 0 0 0],2,262,Pump RPM,371119169,1763324768,0
1763324768486309516,[0 0 0 0 0 0 0 0],2,262,Pump RPM,485538566,1763324768,0
1763324768577926814,[0 0 0 0 0 0 0 0],2,262,Pump RPM,577616796,1763324768,0
1763324768713345001,[0 0 0 0 0 0 0 0],2,262,Pump RPM,712649347,1763324768,0
1763324768798197670,[0 0 0 0 0 0 0 0],2,262,Pump RPM,796463480,1763324768,0
1763324768890009177,[0 0 0 0 0 0 0 0],2,262,Pump RPM,889431572,1763324768,0
1763324768973795917,[0 0 0 0 0 0 0 0],2,262,Pump RPM,973344458,1763324768,0
1763324769089664703,[0 0 0 0 0 0 0 0],2,262,Pump RPM,88688759,1763324769,0
1763324769181134577,[0 0 0 0 0 0 0 0],2,262,Pump RPM,180940847,1763324769,0
1763324769286220878,[0 0 0 0 0 0 0 0],2,262,Pump RPM,285714634,1763324769,0
1763324769379838640,[0 0 0 0 0 0 0 0],2,262,Pump RPM,379051530,1763324769,0
1763324769493518705,[0 0 0 0 0 0 0 0],2,262,Pump RPM,491842340,1763324769,0
1763324769575192662,[0 0 0 0 0 0 0 0],2,262,Pump RPM,574107021,1763324769,0
1763324769719068901,[0 0 0 0 0 0 0 0],2,262,Pump RPM,718783010,1763324769,0
1763324769803550623,[0 0 0 0 0 0 0 0],2,262,Pump RPM,803069947,1763324769,0
1763324769886470765,[0 0 0 0 0 0 0 0],2,262,Pump RPM,885991498,1763324769,0
1763324769981779485,[0 0 0 0 0 0 0 0],2,262,Pump RPM,981250809,1763324769,0
1763324770085732978,[0 0 0 0 0 0 0 0],2,262,Pump RPM,85413584,1763324770,0
1763324770179038644,[0 0 0 0 0 0 0 0],2,262,Pump RPM,178249485,1763324770,0
1763324770292453332,[0 0 0 0 0 0 0 0],2,262,Pump RPM,291434859,1763324770,0
1763324770384840557,[0 0 0 0 0 0 0 0],2,262,Pump RPM,383495907,1763324770,0
1763324770488580641,[0 0 0 0 0 0 0 0],2,262,Pump RPM,487734938,1763324770,0
1763324770581312670,[0 0 0 0 0 0 0 0],2,262,Pump RPM,580725465,1763324770,0
1763324770726481592,[0 0 0 0 0 0 0 0],2,262,Pump RPM,725040877,1763324770,0
1763324770808319839,[0 0 0 0 0 0 0 0],2,262,Pump RPM,807526425,1763324770,0
1763324770890377703,[0 0 0 0 0 0 0 0],2,262,Pump RPM,889639809,1763324770,0
1763324770984093676,[0 0 0 0 0 0 0 0],2,262,Pump RPM,983080004,1763324770,0
1763324771096969896,[0 0 0 0 0 0 0 0],2,262,Pump RPM,96385444,1763324771,0
1763324771183175794,[0 0 0 0 0 0 0 0],2,262,Pump RPM,182815919,1763324771,0
1763324771296286481,[0 0 0 0 0 0 0 0],2,262,Pump RPM,295226857,1763324771,0
1763324771387540355,[0 0 0 0 0 0 0 0],2,262,Pump RPM,387114720,1763324771,0
1763324771496301215,[0 0 0 0 0 0 0 0],2,262,Pump RPM,495225719,1763324771,0
1763324771586704203,[0 0 0 0 0 0 0 0],2,262,Pump RPM,586403976,1763324771,0
1763324771723292899,[0 0 0 0 0 0 0 0],2,262,Pump RPM,722554941,1763324771,0
1763324771806331348,[0 0 0 0 0 0 0 0],2,262,Pump RPM,805656239,1763324771,0
1763324771899916568,[0 0 0 0 0 0 0 0],2,262,Pump RPM,898551726,1763324771,0
1763324771985397117,[0 0 0 0 0 0 0 0],2,262,Pump RPM,984872376,1763324771,0
1763324772097234130,[0 0 0 0 0 0 0 0],2,262,Pump RPM,96361643,1763324772,0
1763324772190062002,[0 0 0 0 0 0 0 0],2,262,Pump RPM,189766159,1763324772,0
1763324772294612078,[0 0 0 0 0 0 0 0],2,262,Pump RPM,294374348,1763324772,0
1763324772387074186,[0 0 0 0 0 0 0 0],2,262,Pump RPM,386538534,1763324772,0
1763324772501258995,[0 0 0 0 0 0 0 0],2,262,Pump RPM,500007945,1763324772,0
1763324772592795784,[0 0 0 0 0 0 0 0],2,262,Pump RPM,592266820,1763324772,0
1763324772727383858,[0 0 0 0 0 0 0 0],2,262,Pump RPM,726791117,1763324772,0
1763324772810835431,[0 0 0 0 0 0 0 0],2,262,Pump RPM,810096737,1763324772,0
1763324772904352844,[0 0 0 0 0 0 0 0],2,262,Pump RPM,903884168,1763324772,0
1763324772987726880,[0 0 0 0 0 0 0 0],2,262,Pump RPM,987404190,1763324772,0
1763324773101433254,[0 0 0 0 0 0 0 0],2,262,Pump RPM,100671072,1763324773,0
1763324773192675226,[0 0 0 0 0 0 0 0],2,262,Pump RPM,192176150,1763324773,0
1763324773305918172,[0 0 0 0 0 0 0 0],2,262,Pump RPM,305508537,1763324773,0
1763324773390341817,[0 0 0 0 0 0 0 0],2,262,Pump RPM,389715860,1763324773,0
1763324773503407450,[0 0 0 0 0 0 0 0],2,262,Pump RPM,502815606,1763324773,0
1763324773596056025,[0 0 0 0 0 0 0 0],2,262,Pump RPM,595448372,1763324773,0
1763324773732442867,[0 0 0 0 0 0 0 0],2,262,Pump RPM,732149873,1763324773,0
1763324773817971097,[0 0 0 0 0 0 0 0],2,262,Pump RPM,815005506,1763324773,0
1763324773907797794,[0 0 0 0 0 0 0 0],2,262,Pump RPM,907618400,1763324773,0
1763324773992626339,[0 0 0 0 0 0 0 0],2,262,Pump RPM,991660891,1763324773,0
1763324774104231257,[0 0 0 0 0 0 0 0],2,262,Pump RPM,103712437,1763324774,0
1763324774196232372,[0 0 0 0 0 0 0 0],2,262,Pump RPM,195569774,1763324774,0
1763324774301630873,[0 0 0 0 0 0 0 0],2,262,Pump RPM,300679473,1763324774,0
1763324774395277921,[0 0 0 0 0 0 0 0],2,262,Pump RPM,395021567,1763324774,0
1763324774512621445,[0 0 0 0 0 0 0 0],2,262,Pump RPM,509628333,1763324774,0
1763324774593642536,[0 0 0 0 0 0 0 0],2,262,Pump RPM,592901506,1763324774,0
1763324774739183724,[0 0 0 0 0 0 0 0],2,262,Pump RPM,738814953,1763324774,0
1763324774824673651,[0 0 0 0 0 0 0 0],2,262,Pump RPM,822824708,1763324774,0
1763324774906032505,[0 0 0 0 0 0 0 0],2,262,Pump RPM,905246259,1763324774,0
1763324774998566776,[0 0 0 0 0 0 0 0],2,262,Pump RPM,997713105,1763324774,0
1763324775111768732,[0 0 0 0 0 0 0 0],2,262,Pump RPM,111403513,1763324775,0
1763324775192409566,[ 0 46  0  0  0  0  0  0],2,262,Pump RPM,192169884,1763324775,46
1763324775309437216,[ 0 46  0  0  0  0  0  0],2,262,Pump RPM,307796595,1763324775,46
1763324775401664318,[ 0 84  0  0  0  0  0  0],2,262,Pump RPM,400978872,1763324775,84
1763324775506036252,[ 0 84  0  0  0  0  0  0],2,262,Pump RPM,504770930,1763324775,84
1763324775599630724,[ 0 84  0  0  0  0  0  0],2,262,Pump RPM,599044000,1763324775,84
1763324775743212410,[  0 112   0   0   0   0   0   0],2,262,Pump RPM,742813719,1763324775,112
1763324775828164702,[  0 112   0   0   0   0   0   0],2,262,Pump RPM,826109901,1763324775,112
1763324775909934600,[  0 112   0   0   0   0   0   0],2,262,Pump RPM,909742566,1763324775,112
1763324776002416968,[  0 134   0   0   0   0   0   0],2,262,Pump RPM,2229702,1763324776,134
1763324776106929736,[  0 134   0   0   0   0   0   0],2,262,Pump RPM,105613469,1763324776,134
1763324776200180494,[  0 134   0   0   0   0   0   0],2,262,Pump RPM,199654026,1763324776,134
1763324776315952552,[  0 150   0   0   0   0   0   0],2,262,Pump RPM,315091777,1763324776,150
1763324776398433017,[  0 150   0   0   0   0   0   0],2,262,Pump RPM,397862965,1763324776,150
1763324776511674495,[  0 150   0   0   0   0   0   0],2,262,Pump RPM,510958905,1763324776,150
1763324776604025726,[  0 163   0   0   0   0   0   0],2,262,Pump RPM,603294552,1763324776,163
1763324776748446044,[  0 163   0   0   0   0   0   0],2,262,Pump RPM,747627254,1763324776,163
1763324776831041646,[  0 163   0   0   0   0   0   0],2,262,Pump RPM,830631723,1763324776,163
1763324776914120932,[  0 174   0   0   0   0   0   0],2,262,Pump RPM,912948570,1763324776,174
1763324777005607068,[  0 174   0   0   0   0   0   0],2,262,Pump RPM,5124696,1763324777,174
1763324777118883363,[  0 185   0   0   0   0   0   0],2,262,Pump RPM,117972924,1763324777,185
1763324777200482446,[  0 185   0   0   0   0   0   0],2,262,Pump RPM,199813545,1763324777,185
1763324777315828326,[  0 185   0   0   0   0   0   0],2,262,Pump RPM,315310690,1763324777,185
1763324777407547681,[  0 193   0   0   0   0   0   0],2,262,Pump RPM,407364032,1763324777,193
1763324777512607655,[  0 193   0   0   0   0   0   0],2,262,Pump RPM,512422085,1763324777,193
1763324777607907775,[  0 193   0   0   0   0   0   0],2,262,Pump RPM,605865807,1763324777,193
1763324777751503832,[  0 198   0   0   0   0   0   0],2,262,Pump RPM,751180725,1763324777,198
1763324777833438245,[  0 198   0   0   0   0   0   0],2,262,Pump RPM,833138147,1763324777,198
1763324777917248001,[  0 198   0   0   0   0   0   0],2,262,Pump RPM,915838582,1763324777,198
1763324778009020509,[  0 202   0   0   0   0   0   0],2,262,Pump RPM,8271991,1763324778,202
1763324778120985371,[  0 202   0   0   0   0   0   0],2,262,Pump RPM,120512759,1763324778,202
1763324778203201196,[  0 202   0   0   0   0   0   0],2,262,Pump RPM,202909481,1763324778,202
1763324778319611565,[  0 205   0   0   0   0   0   0],2,262,Pump RPM,319104937,1763324778,205
1763324778413069207,[  0 205   0   0   0   0   0   0],2,262,Pump RPM,412488019,1763324778,205
1763324778518212127,[  0 207   0   0   0   0   0   0],2,262,Pump RPM,517652058,1763324778,207
1763324778610546176,[  0 207   0   0   0   0   0   0],2,262,Pump RPM,609924539,1763324778,207
1763324778746508765,[  0 207   0   0   0   0   0   0],2,262,Pump RPM,745845336,1763324778,207
1763324778832557869,[  0 209   0   0   0   0   0   0],2,262,Pump RPM,831471300,1763324778,209
1763324778914977023,[  0 209   0   0   0   0   0   0],2,262,Pump RPM,914282297,1763324778,209
1763324779008815180,[  0 209   0   0   0   0   0   0],2,262,Pump RPM,6973085,1763324779,209
1763324779120770187,[  0 211   0   0   0   0   0   0],2,262,Pump RPM,120141702,1763324779,211
1763324779215759906,[  0 211   0   0   0   0   0   0],2,262,Pump RPM,213936852,1763324779,211
1763324779317151501,[  0 211   0   0   0   0   0   0],2,262,Pump RPM,316665993,1763324779,211
1763324779411172701,[  0 213   0   0   0   0   0   0],2,262,Pump RPM,410761049,1763324779,213
1763324779526461174,[  0 213   0   0   0   0   0   0],2,262,Pump RPM,525387694,1763324779,213
1763324779608600263,[  0 216   0   0   0   0   0   0],2,262,Pump RPM,607874337,1763324779,216
1763324779753070090,[  0 216   0   0   0   0   0   0],2,262,Pump RPM,752198403,1763324779,216
1763324779836798375,[  0 216   0   0   0   0   0   0],2,262,Pump RPM,835605758,1763324779,216
1763324779921432492,[  0 220   0   0   0   0   0   0],2,262,Pump RPM,921197802,1763324779,220
1763324780014195666,[  0 220   0   0   0   0   0   0],2,262,Pump RPM,13491948,1763324780,220
1763324780126937304,[  0 222   0   0   0   0   0   0],2,262,Pump RPM,126585429,1763324780,222
1763324780214761367,[  0 222   0   0   0   0   0   0],2,262,Pump RPM,211321628,1763324780,222
1763324780323916577,[  0 222   0   0   0   0   0   0],2,262,Pump RPM,323706655,1763324780,222
1763324780416821641,[  0 226   0   0   0   0   0   0],2,262,Pump RPM,416468518,1763324780,226
1763324780522111763,[  0 226   0   0   0   0   0   0],2,262,Pump RPM,520409414,1763324780,226
1763324780613853010,[  0 230   0   0   0   0   0   0],2,262,Pump RPM,613255629,1763324780,230
1763324780757941491,[  0 230   0   0   0   0   0   0],2,262,Pump RPM,757451055,1763324780,230
1763324780842460376,[  0 230   0   0   0   0   0   0],2,262,Pump RPM,841908723,1763324780,230
1763324780925898548,[  0 233   0   0   0   0   0   0],2,262,Pump RPM,925581905,1763324780,233
1763324781018127414,[  0 233   0   0   0   0   0   0],2,262,Pump RPM,17898452,1763324781,233
1763324781128571819,[  0 238   0   0   0   0   0   0],2,262,Pump RPM,127812101,1763324781,238
1763324781212123209,[  0 238   0   0   0   0   0   0],2,262,Pump RPM,211293538,1763324781,238
1763324781325321332,[  0 238   0   0   0   0   0   0],2,262,Pump RPM,324604687,1763324781,238
1763324781417247413,[  0 243   0   0   0   0   0   0],2,262,Pump RPM,416708593,1763324781,243
1763324781530090718,[  0 243   0   0   0   0   0   0],2,262,Pump RPM,528934228,1763324781,243
1763324781622321825,[  0 249   0   0   0   0   0   0],2,262,Pump RPM,621906398,1763324781,249
1763324781756185458,[  0 249   0   0   0   0   0   0],2,262,Pump RPM,755670990,1763324781,249
1763324781840659383,[  0 255   0   0   0   0   0   0],2,262,Pump RPM,840100754,1763324781,255
1763324781934326118,[  0 255   0   0   0   0   0   0],2,262,Pump RPM,933723073,1763324781,255
1763324782016418904,[1 5 0 0 0 0 0 0],2,262,Pump RPM,15876083,1763324782,261
1763324782132173209,[1 5 0 0 0 0 0 0],2,262,Pump RPM,130915855,1763324782,261
1763324782223864377,[ 1 11  0  0  0  0  0  0],2,262,Pump RPM,223679735,1763324782,267
1763324782327392184,[ 1 11  0  0  0  0  0  0],2,262,Pump RPM,327158550,1763324782,267
1763324782420282625,[ 1 16  0  0  0  0  0  0],2,262,Pump RPM,420065215,1763324782,272
1763324782533829808,[ 1 16  0  0  0  0  0  0],2,262,Pump RPM,533248780,1763324782,272
1763324782626067317,[ 1 21  0  0  0  0  0  0],2,262,Pump RPM,625426576,1763324782,277
1763324782759660389,[ 1 21  0  0  0  0  0  0],2,262,Pump RPM,759249474,1763324782,277
1763324782843419749,[ 1 27  0  0  0  0  0  0],2,262,Pump RPM,842623455,1763324782,283
1763324782935002084,[ 1 27  0  0  0  0  0  0],2,262,Pump RPM,934738978,1763324782,283
1763324783027609548,[ 1 36  0  0  0  0  0  0],2,262,Pump RPM,26878342,1763324783,292
1763324783130152548,[ 1 36  0  0  0  0  0  0],2,262,Pump RPM,129710432,1763324783,292
1763324783222485546,[ 1 42  0  0  0  0  0  0],2,262,Pump RPM,222102215,1763324783,298
1763324783340525086,[ 1 42  0  0  0  0  0  0],2,262,Pump RPM,340317436,1763324783,298
1763324783423592538,[ 1 49  0  0  0  0  0  0],2,262,Pump RPM,423029749,1763324783,305
1763324783536212547,[ 1 49  0  0  0  0  0  0],2,262,Pump RPM,535813311,1763324783,305
1763324783628854059,[ 1 55  0  0  0  0  0  0],2,262,Pump RPM,628231270,1763324783,311
1763324783763785255,[ 1 55  0  0  0  0  0  0],2,262,Pump RPM,762006969,1763324783,311
1763324783845704922,[ 1 59  0  0  0  0  0  0],2,262,Pump RPM,845172565,1763324783,315
1763324783940773238,[ 1 69  0  0  0  0  0  0],2,262,Pump RPM,938046336,1763324783,325
1763324784021494239,[ 1 69  0  0  0  0  0  0],2,262,Pump RPM,20954746,1763324784,325
1763324784134285418,[ 1 75  0  0  0  0  0  0],2,262,Pump RPM,133664293,1763324784,331
1763324784231351223,[ 1 75  0  0  0  0  0  0],2,262,Pump RPM,230298127,1763324784,331
1763324784332889896,[ 1 80  0  0  0  0  0  0],2,262,Pump RPM,332461989,1763324784,336
1763324784425191151,[ 1 84  0  0  0  0  0  0],2,262,Pump RPM,424862028,1763324784,340
1763324784540092395,[ 1 84  0  0  0  0  0  0],2,262,Pump RPM,537542519,1763324784,340
1763324784623020935,[ 1 90  0  0  0  0  0  0],2,262,Pump RPM,622121887,1763324784,346
1763324784770229159,[ 1 90  0  0  0  0  0  0],2,262,Pump RPM,767319376,1763324784,346
1763324784850076202,[ 1 97  0  0  0  0  0  0],2,262,Pump RPM,849686502,1763324784,353
1763324784936654946,[  1 116   0   0   0   0   0   0],2,262,Pump RPM,935891484,1763324784,372
1763324785028994409,[  1 138   0   0   0   0   0   0],2,262,Pump RPM,28619814,1763324785,394
1763324785146170266,[  1 155   0   0   0   0   0   0],2,262,Pump RPM,142211674,1763324785,411
1763324785226625154,[  1 155   0   0   0   0   0   0],2,262,Pump RPM,225754939,1763324785,411
1763324785342952555,[  1 166   0   0   0   0   0   0],2,262,Pump RPM,342689289,1763324785,422
1763324785434964176,[  1 174   0   0   0   0   0   0],2,262,Pump RPM,434277803,1763324785,430
1763324785540709220,[  1 183   0   0   0   0   0   0],2,262,Pump RPM,538825205,1763324785,439
1763324785632440839,[  1 183   0   0   0   0   0   0],2,262,Pump RPM,631866979,1763324785,439
1763324785779054148,[  1 192   0   0   0   0   0   0],2,262,Pump RPM,778210782,1763324785,448
1763324785861023801,[  1 196   0   0   0   0   0   0],2,262,Pump RPM,860755831,1763324785,452
1763324785943520497,[  1 204   0   0   0   0   0   0],2,262,Pump RPM,943171055,1763324785,460
1763324786037310181,[  1 214   0   0   0   0   0   0],2,262,Pump RPM,36653632,1763324786,470
1763324786140458405,[  1 214   0   0   0   0   0   0],2,262,Pump RPM,140160323,1763324786,470
1763324786234250330,[  1 221   0   0   0   0   0   0],2,262,Pump RPM,232845263,1763324786,477
1763324786346063392,[  1 225   0   0   0   0   0   0],2,262,Pump RPM,345882239,1763324786,481
1763324786430165286,[  1 228   0   0   0   0   0   0],2,262,Pump RPM,429744483,1763324786,484
1763324786544362624,[  1 234   0   0   0   0   0   0],2,262,Pump RPM,543993629,1763324786,490
1763324786638020723,[  1 239   0   0   0   0   0   0],2,262,Pump RPM,637849618,1763324786,495
1763324786772754002,[  1 246   0   0   0   0   0   0],2,262,Pump RPM,772553424,1763324786,502
1763324786856309012,[  1 246   0   0   0   0   0   0],2,262,Pump RPM,855325484,1763324786,502
1763324786948697085,[  1 249   0   0   0   0   0   0],2,262,Pump RPM,948171545,1763324786,505
1763324787032672547,[2 0 0 0 0 0 0 0],2,262,Pump RPM,30260752,1763324787,512
1763324787145445714,[2 6 0 0 0 0 0 0],2,262,Pump RPM,144596587,1763324787,518
1763324787236922165,[2 8 0 0 0 0 0 0],2,262,Pump RPM,236707219,1763324787,520
1763324787350505450,[ 2 11  0  0  0  0  0  0],2,262,Pump RPM,350078727,1763324787,523
1763324787432752131,[ 2 10  0  0  0  0  0  0],2,262,Pump RPM,432114781,1763324787,522
1763324787545235983,[ 2 17  0  0  0  0  0  0],2,262,Pump RPM,545021805,1763324787,529
1763324787640156270,[ 2 23  0  0  0  0  0  0],2,262,Pump RPM,639376391,1763324787,535
1763324787780434491,[ 2 23  0  0  0  0  0  0],2,262,Pump RPM,778855118,1763324787,535
1763324787867759772,[ 2 28  0  0  0  0  0  0],2,262,Pump RPM,865976686,1763324787,540
1763324787949114541,[ 2 30  0  0  0  0  0  0],2,262,Pump RPM,948324743,1763324787,542
1763324788044957332,[ 2 31  0  0  0  0  0  0],2,262,Pump RPM,40481648,1763324788,543
1763324788152976413,[ 2 40  0  0  0  0  0  0],2,262,Pump RPM,152756892,1763324788,552
1763324788240802628,[ 2 44  0  0  0  0  0  0],2,262,Pump RPM,238976629,1763324788,556
1763324788352611020,[ 2 44  0  0  0  0  0  0],2,262,Pump RPM,352126920,1763324788,556
1763324788444964087,[ 2 49  0  0  0  0  0  0],2,262,Pump RPM,444383826,1763324788,561
1763324788547490068,[ 2 56  0  0  0  0  0  0],2,262,Pump RPM,546607021,1763324788,568
1763324788639555868,[ 2 62  0  0  0  0  0  0],2,262,Pump RPM,638930551,1763324788,574
1763324788784622674,[ 2 70  0  0  0  0  0  0],2,262,Pump RPM,784280335,1763324788,582
1763324788871461520,[ 2 77  0  0  0  0  0  0],2,262,Pump RPM,867045868,1763324788,589
1763324788952318622,[ 2 81  0  0  0  0  0  0],2,262,Pump RPM,951463447,1763324788,593
1763324789045817778,[ 2 81  0  0  0  0  0  0],2,262,Pump RPM,44462567,1763324789,593
1763324789158353346,[ 2 85  0  0  0  0  0  0],2,262,Pump RPM,157654236,1763324789,597
1763324789242347946,[ 2 89  0  0  0  0  0  0],2,262,Pump RPM,241888454,1763324789,601
1763324789355655391,[ 2 96  0  0  0  0  0  0],2,262,Pump RPM,355237948,1763324789,608
1763324789439901866,[  2 102   0   0   0   0   0   0],2,262,Pump RPM,439624327,1763324789,614
1763324789556501914,[  2 100   0   0   0   0   0   0],2,262,Pump RPM,555318800,1763324789,612
1763324789648398946,[  2 111   0   0   0   0   0   0],2,262,Pump RPM,647995519,1763324789,623
1763324789781826234,[  2 115   0   0   0   0   0   0],2,262,Pump RPM,781550712,1763324789,627
1763324789865081628,[  2 116   0   0   0   0   0   0],2,262,Pump RPM,864227477,1763324789,628
1763324789957096358,[  2 125   0   0   0   0   0   0],2,262,Pump RPM,956905124,1763324789,637
1763324790051911366,[  2 132   0   0   0   0   0   0],2,262,Pump RPM,51187136,1763324790,644
1763324790159097259,[  2 138   0   0   0   0   0   0],2,262,Pump RPM,158294436,1763324790,650
1763324790242120332,[  2 147   0   0   0   0   0   0],2,262,Pump RPM,240725665,1763324790,659
1763324790358687005,[  2 155   0   0   0   0   0   0],2,262,Pump RPM,358063224,1763324790,667
1763324790452512790,[  2 161   0   0   0   0   0   0],2,262,Pump RPM,452242644,1763324790,673
1763324790554609617,[  2 165   0   0   0   0   0   0],2,262,Pump RPM,554155310,1763324790,677
1763324790647832517,[  2 169   0   0   0   0   0   0],2,262,Pump RPM,647365442,1763324790,681
1763324790792883421,[  2 180   0   0   0   0   0   0],2,262,Pump RPM,792242232,1763324790,692
1763324790876252481,[  2 192   0   0   0   0   0   0],2,262,Pump RPM,875586044,1763324790,704
1763324790958186298,[  2 200   0   0   0   0   0   0],2,262,Pump RPM,957620565,1763324790,712
1763324791052953082,[  2 206   0   0   0   0   0   0],2,262,Pump RPM,51779281,1763324791,718
1763324791156318529,[  2 212   0   0   0   0   0   0],2,262,Pump RPM,155323097,1763324791,724
1763324791251003074,[  2 216   0   0   0   0   0   0],2,262,Pump RPM,249413589,1763324791,728
1763324791365178849,[  2 219   0   0   0   0   0   0],2,262,Pump RPM,364341338,1763324791,731
1763324791446746455,[  2 222   0   0   0   0   0   0],2,262,Pump RPM,445982673,1763324791,734
1763324791559585483,[  2 230   0   0   0   0   0   0],2,262,Pump RPM,559003878,1763324791,742
1763324791652630142,[  2 235   0   0   0   0   0   0],2,262,Pump RPM,651664631,1763324791,747
1763324791797221044,[  2 239   0   0   0   0   0   0],2,262,Pump RPM,796595983,1763324791,751
1763324791882002020,[  2 248   0   0   0   0   0   0],2,262,Pump RPM,880991068,1763324791,760
1763324791964539970,[  2 253   0   0   0   0   0   0],2,262,Pump RPM,962983638,1763324791,765
1763324792057449877,[3 2 0 0 0 0 0 0],2,262,Pump RPM,56928593,1763324792,770
1763324792162255817,[3 7 0 0 0 0 0 0],2,262,Pump RPM,161308769,1763324792,775
1763324792254624760,[ 3 17  0  0  0  0  0  0],2,262,Pump RPM,254392950,1763324792,785
1763324792359271050,[ 3 21  0  0  0  0  0  0],2,262,Pump RPM,358953032,1763324792,789
1763324792458258095,[ 3 24  0  0  0  0  0  0],2,262,Pump RPM,453034053,1763324792,792
1763324792571275590,[ 3 35  0  0  0  0  0  0],2,262,Pump RPM,568487087,1763324792,803
1763324792652828060,[ 3 40  0  0  0  0  0  0],2,262,Pump RPM,651556082,1763324792,808
1763324792801211794,[ 3 49  0  0  0  0  0  0],2,262,Pump RPM,800676910,1763324792,817
1763324792884083156,[ 3 55  0  0  0  0  0  0],2,262,Pump RPM,883664305,1763324792,823
1763324792966153839,[ 3 60  0  0  0  0  0  0],2,262,Pump RPM,965842061,1763324792,828
1763324793059980394,[ 3 66  0  0  0  0  0  0],2,262,Pump RPM,59689992,1763324793,834
1763324793163819255,[ 3 68  0  0  0  0  0  0],2,262,Pump RPM,163158770,1763324793,836
1763324793255454273,[ 3 78  0  0  0  0  0  0],2,262,Pump RPM,255251423,1763324793,846
1763324793370209287,[ 3 86  0  0  0  0  0  0],2,262,Pump RPM,369731683,1763324793,854
1763324793453368108,[ 3 98  0  0  0  0  0  0],2,262,Pump RPM,452871624,1763324793,866
1763324793565828991,[  3 102   0   0   0   0   0   0],2,262,Pump RPM,565261690,1763324793,870
1763324793658095982,[  3 115   0   0   0   0   0   0],2,262,Pump RPM,657705131,1763324793,883
1763324793803434477,[  3 121   0   0   0   0   0   0],2,262,Pump RPM,802414756,1763324793,889
1763324793886247823,[  3 131   0   0   0   0   0   0],2,262,Pump RPM,885490728,1763324793,899
1763324793970468636,[  3 137   0   0   0   0   0   0],2,262,Pump RPM,968116873,1763324793,905
1763324794061279040,[  3 146   0   0   0   0   0   0],2,262,Pump RPM,60277911,1763324794,914
1763324794165341967,[  3 151   0   0   0   0   0   0],2,262,Pump RPM,165119502,1763324794,919
1763324794257842049,[  3 162   0   0   0   0   0   0],2,262,Pump RPM,257280509,1763324794,930
1763324794375132573,[  3 175   0   0   0   0   0   0],2,262,Pump RPM,374924571,1763324794,943
1763324794458713798,[  3 181   0   0   0   0   0   0],2,262,Pump RPM,457817087,1763324794,949
1763324794572121474,[  3 190   0   0   0   0   0   0],2,262,Pump RPM,571753567,1763324794,958
1763324794665289881,[  3 197   0   0   0   0   0   0],2,262,Pump RPM,664828949,1763324794,965
1763324794805154093,[  3 208   0   0   0   0   0   0],2,262,Pump RPM,804621000,1763324794,976
1763324794888014384,[  3 219   0   0   0   0   0   0],2,262,Pump RPM,887257610,1763324794,987
1763324794972536673,[  3 225   0   0   0   0   0   0],2,262,Pump RPM,971323543,1763324794,993
1763324795064778033,[  3 234   0   0   0   0   0   0],2,262,Pump RPM,64002923,1763324795,1002
1763324795177175814,[  3 246   0   0   0   0   0   0],2,262,Pump RPM,176580929,1763324795,1014
1763324795269616152,[  3 254   0   0   0   0   0   0],2,262,Pump RPM,269139316,1763324795,1022
1763324795374775602,[4 9 0 0 0 0 0 0],2,262,Pump RPM,372214045,1763324795,1033
1763324795464947090,[ 4 33  0  0  0  0  0  0],2,262,Pump RPM,464744688,1763324795,1057
1763324795577960108,[ 4 50  0  0  0  0  0  0],2,262,Pump RPM,577327174,1763324795,1074
1763324795660889136,[ 4 61  0  0  0  0  0  0],2,262,Pump RPM,660311243,1763324795,1085
1763324795803600508,[ 4 67  0  0  0  0  0  0],2,262,Pump RPM,803009496,1763324795,1091
1763324795886437984,[ 4 77  0  0  0  0  0  0],2,262,Pump RPM,885588153,1763324795,1101
1763324795979290038,[ 4 85  0  0  0  0  0  0],2,262,Pump RPM,978556336,1763324795,1109
1763324796061164402,[ 4 99  0  0  0  0  0  0],2,262,Pump RPM,60772207,1763324796,1123
1763324796174843283,[  4 108   0   0   0   0   0   0],2,262,Pump RPM,174432495,1763324796,1132
1763324796269657593,[  4 113   0   0   0   0   0   0],2,262,Pump RPM,268147277,1763324796,1137
1763324796381677100,[  4 132   0   0   0   0   0   0],2,262,Pump RPM,381071527,1763324796,1156
1763324796465983325,[  4 145   0   0   0   0   0   0],2,262,Pump RPM,465203031,1763324796,1169
1763324796578685014,[  4 156   0   0   0   0   0   0],2,262,Pump RPM,578531092,1763324796,1180
1763324796671912655,[  4 189   0   0   0   0   0   0],2,262,Pump RPM,671112552,1763324796,1213
1763324796805355505,[  4 142   0   0   0   0   0   0],2,262,Pump RPM,804609387,1763324796,1166
1763324796888495128,[  4 168   0   0   0   0   0   0],2,262,Pump RPM,887680049,1763324796,1192
1763324796983161533,[  4 178   0   0   0   0   0   0],2,262,Pump RPM,982734042,1763324796,1202
1763324797065670656,[  4 211   0   0   0   0   0   0],2,262,Pump RPM,65328221,1763324797,1235
1763324797182704061,[  4 233   0   0   0   0   0   0],2,262,Pump RPM,181983607,1763324797,1257
1763324797265025918,[5 1 0 0 0 0 0 0],2,262,Pump RPM,264520090,1763324797,1281
1763324797381834458,[ 5 21  0  0  0  0  0  0],2,262,Pump RPM,379482886,1763324797,1301
1763324797472401662,[ 5 32  0  0  0  0  0  0],2,262,Pump RPM,471785689,1763324797,1312
1763324797591199626,[ 5 44  0  0  0  0  0  0],2,262,Pump RPM,588395475,1763324797,1324
1763324797672313889,[ 5 75  0  0  0  0  0  0],2,262,Pump RPM,671531867,1763324797,1355
1763324797815863511,[ 5 80  0  0  0  0  0  0],2,262,Pump RPM,814974448,1763324797,1360
1763324797899179937,[ 5 94  0  0  0  0  0  0],2,262,Pump RPM,898403706,1763324797,1374
1763324797980853245,[  5 116   0   0   0   0   0   0],2,262,Pump RPM,980344473,1763324797,1396
1763324798073930103,[  5 138   0   0   0   0   0   0],2,262,Pump RPM,72900174,1763324798,1418
1763324798185873611,[  5 152   0   0   0   0   0   0],2,262,Pump RPM,185680682,1763324798,1432
1763324798268246734,[  5 177   0   0   0   0   0   0],2,262,Pump RPM,267871179,1763324798,1457
1763324798382174739,[  5 191   0   0   0   0   0   0],2,262,Pump RPM,381623406,1763324798,1471
1763324798476239349,[  5 211   0   0   0   0   0   0],2,262,Pump RPM,474292197,1763324798,1491
1763324798587952264,[  5 243   0   0   0   0   0   0],2,262,Pump RPM,587245122,1763324798,1523
1763324798670714029,[  5 252   0   0   0   0   0   0],2,262,Pump RPM,669186145,1763324798,1532
1763324798815804145,[ 6 26  0  0  0  0  0  0],2,262,Pump RPM,815597872,1763324798,1562
1763324798898818105,[ 6 37  0  0  0  0  0  0],2,262,Pump RPM,898569303,1763324798,1573
1763324798982763720,[ 6 53  0  0  0  0  0  0],2,262,Pump RPM,980461782,1763324798,1589
1763324799078607066,[ 6 75  0  0  0  0  0  0],2,262,Pump RPM,78151158,1763324799,1611
1763324799188356670,[ 6 93  0  0  0  0  0  0],2,262,Pump RPM,187903642,1763324799,1629
1763324799272045996,[ 6 97  0  0  0  0  0  0],2,262,Pump RPM,271539208,1763324799,1633
1763324799388438566,[  6 119   0   0   0   0   0   0],2,262,Pump RPM,387776449,1763324799,1655
1763324799480852124,[  6 129   0   0   0   0   0   0],2,262,Pump RPM,480391384,1763324799,1665
1763324799586839585,[  6 139   0   0   0   0   0   0],2,262,Pump RPM,586267004,1763324799,1675
1763324799680441280,[  6 146   0   0   0   0   0   0],2,262,Pump RPM,679143157,1763324799,1682
1763324799814838606,[  6 152   0   0   0   0   0   0],2,262,Pump RPM,814099880,1763324799,1688
1763324799897292658,[  6 153   0   0   0   0   0   0],2,262,Pump RPM,896808878,1763324799,1689
1763324799990345229,[  6 137   0   0   0   0   0   0],2,262,Pump RPM,989432293,1763324799,1673
1763324800082682979,[  6 108   0   0   0   0   0   0],2,262,Pump RPM,81743451,1763324800,1644
1763324800185047627,[ 6 80  0  0  0  0  0  0],2,262,Pump RPM,184469510,1763324800,1616
1763324800277312448,[ 6 58  0  0  0  0  0  0],2,262,Pump RPM,276937341,1763324800,1594
1763324800392150799,[ 6 21  0  0  0  0  0  0],2,262,Pump RPM,391002245,1763324800,1557
1763324800481017256,[  5 247   0   0   0   0   0   0],2,262,Pump RPM,480368867,1763324800,1527
1763324800592024536,[  5 241   0   0   0   0   0   0],2,262,Pump RPM,591008111,1763324800,1521
1763324800684728112,[  5 235   0   0   0   0   0   0],2,262,Pump RPM,683774729,1763324800,1515
1763324800818071223,[  5 225   0   0   0   0   0   0],2,262,Pump RPM,817854613,1763324800,1505
1763324800901056704,[  5 215   0   0   0   0   0   0],2,262,Pump RPM,900653853,1763324800,1495
1763324800995492263,[  5 212   0   0   0   0   0   0],2,262,Pump RPM,993210997,1763324800,1492
1763324801088746758,[  5 209   0   0   0   0   0   0],2,262,Pump RPM,87630108,1763324801,1489
1763324801193325953,[  5 194   0   0   0   0   0   0],2,262,Pump RPM,192523643,1763324801,1474
1763324801286626176,[  5 178   0   0   0   0   0   0],2,262,Pump RPM,286046523,1763324801,1458
1763324801391887777,[  5 174   0   0   0   0   0   0],2,262,Pump RPM,390866265,1763324801,1454
1763324801485502210,[  5 172   0   0   0   0   0   0],2,262,Pump RPM,484624283,1763324801,1452
1763324801595632523,[  5 168   0   0   0   0   0   0],2,262,Pump RPM,595382761,1763324801,1448
1763324801688342853,[  5 168   0   0   0   0   0   0],2,262,Pump RPM,688131588,1763324801,1448
1763324801824257378,[  5 167   0   0   0   0   0   0],2,262,Pump RPM,823662461,1763324801,1447
1763324801910454567,[  5 169   0   0   0   0   0   0],2,262,Pump RPM,906943434,1763324801,1449
1763324801999520611,[  5 170   0   0   0   0   0   0],2,262,Pump RPM,999106527,1763324801,1450
1763324802082089546,[  5 169   0   0   0   0   0   0],2,262,Pump RPM,81420997,1763324802,1449
1763324802196403895,[  5 167   0   0   0   0   0   0],2,262,Pump RPM,196015667,1763324802,1447
1763324802290027257,[  5 166   0   0   0   0   0   0],2,262,Pump RPM,289243763,1763324802,1446
1763324802393506828,[  5 162   0   0   0   0   0   0],2,262,Pump RPM,392878439,1763324802,1442
1763324802486749004,[  5 154   0   0   0   0   0   0],2,262,Pump RPM,486231943,1763324802,1434
1763324802600687093,[  5 168   0   0   0   0   0   0],2,262,Pump RPM,600462419,1763324802,1448
1763324802683600799,[  5 186   0   0   0   0   0   0],2,262,Pump RPM,683388830,1763324802,1466
1763324802827889827,[  5 199   0   0   0   0   0   0],2,262,Pump RPM,827563744,1763324802,1479
1763324802911137200,[  5 205   0   0   0   0   0   0],2,262,Pump RPM,910739692,1763324802,1485
1763324802994380125,[  5 211   0   0   0   0   0   0],2,262,Pump RPM,993864632,1763324802,1491
1763324803088107777,[  5 204   0   0   0   0   0   0],2,262,Pump RPM,87448475,1763324803,1484
1763324803201129860,[  5 196   0   0   0   0   0   0],2,262,Pump RPM,200603903,1763324803,1476
1763324803293515325,[  5 194   0   0   0   0   0   0],2,262,Pump RPM,292630998,1763324803,1474
1763324803396329068,[  5 195   0   0   0   0   0   0],2,262,Pump RPM,395826120,1763324803,1475
1763324803491132249,[  5 195   0   0   0   0   0   0],2,262,Pump RPM,490628469,1763324803,1475
1763324803603992571,[  5 195   0   0   0   0   0   0],2,262,Pump RPM,603681464,1763324803,1475
1763324803688383282,[  5 196   0   0   0   0   0   0],2,262,Pump RPM,685545018,1763324803,1476
1763324803832386804,[  5 197   0   0   0   0   0   0],2,262,Pump RPM,830223970,1763324803,1477
1763324803913633650,[  5 196   0   0   0   0   0   0],2,262,Pump RPM,913421456,1763324803,1476
1763324804007077747,[  5 197   0   0   0   0   0   0],2,262,Pump RPM,6042539,1763324804,1477
1763324804089445115,[  5 197   0   0   0   0   0   0],2,262,Pump RPM,88610548,1763324804,1477
1763324804202373886,[  5 196   0   0   0   0   0   0],2,262,Pump RPM,201512087,1763324804,1476
1763324804294737112,[  5 196   0   0   0   0   0   0],2,262,Pump RPM,293965394,1763324804,1476
1763324804406725492,[  5 196   0   0   0   0   0   0],2,262,Pump RPM,406500562,1763324804,1476
1763324804489387998,[  5 207   0   0   0   0   0   0],2,262,Pump RPM,489188828,1763324804,1487
1763324804602453538,[  5 239   0   0   0   0   0   0],2,262,Pump RPM,601805725,1763324804,1519
1763324804694859740,[ 6 52  0  0  0  0  0  0],2,262,Pump RPM,694593242,1763324804,1588
1763324804839061346,[  6 147   0   0   0   0   0   0],2,262,Pump RPM,838553661,1763324804,1683
1763324804923272856,[  6 241   0   0   0   0   0   0],2,262,Pump RPM,922320272,1763324804,1777
1763324805006503463,[ 7 80  0  0  0  0  0  0],2,262,Pump RPM,5692256,1763324805,1872
1763324805090358427,[  7 186   0   0   0   0   0   0],2,262,Pump RPM,89404627,1763324805,1978
1763324805204114823,[ 8 18  0  0  0  0  0  0],2,262,Pump RPM,203292640,1763324805,2066
1763324805296969285,[  8 126   0   0   0   0   0   0],2,262,Pump RPM,296295936,1763324805,2174
1763324805406820177,[  8 231   0   0   0   0   0   0],2,262,Pump RPM,402849904,1763324805,2279
1763324805496743543,[ 9 78  0  0  0  0  0  0],2,262,Pump RPM,496457653,1763324805,2382
1763324805609223256,[  9 146   0   0   0   0   0   0],2,262,Pump RPM,608631347,1763324805,2450
1763324805701724724,[10 27  0  0  0  0  0  0],2,262,Pump RPM,700741228,1763324805,2587
1763324805835344899,[ 10 125   0   0   0   0   0   0],2,262,Pump RPM,835158498,1763324805,2685
1763324805918086735,[ 10 223   0   0   0   0   0   0],2,262,Pump RPM,917819596,1763324805,2783
1763324806011666099,[11 62  0  0  0  0  0  0],2,262,Pump RPM,11230096,1763324806,2878
1763324806096450960,[ 11 119   0   0   0   0   0   0],2,262,Pump RPM,95083237,1763324806,2935
1763324806208953683,[ 11 165   0   0   0   0   0   0],2,262,Pump RPM,208623664,1763324806,2981
1763324806301069804,[ 11 216   0   0   0   0   0   0],2,262,Pump RPM,300818442,1763324806,3032
1763324806405844815,[12 31  0  0  0  0  0  0],2,262,Pump RPM,405000008,1763324806,3103
1763324806498115913,[ 12 154   0   0   0   0   0   0],2,262,Pump RPM,496867871,1763324806,3226
1763324806613422275,[13 21  0  0  0  0  0  0],2,262,Pump RPM,613053664,1763324806,3349
1763324806696682995,[ 13 183   0   0   0   0   0   0],2,262,Pump RPM,695346920,1763324806,3511
1763324806840851355,[ 14 102   0   0   0   0   0   0],2,262,Pump RPM,840660282,1763324806,3686
1763324806924910802,[15  4  0  0  0  0  0  0],2,262,Pump RPM,924515567,1763324806,3844
1763324807010236372,[ 15 166   0   0   0   0   0   0],2,262,Pump RPM,8553414,1763324807,4006
1763324807101968491,[16 81  0  0  0  0  0  0],2,262,Pump RPM,101727401,1763324807,4177
1763324807215211348,[ 16 255   0   0   0   0   0   0],2,262,Pump RPM,214861073,1763324807,4351
1763324807298503974,[ 17 134   0   0   0   0   0   0],2,262,Pump RPM,297955329,1763324807,4486
1763324807413630879,[18 67  0  0  0  0  0  0],2,262,Pump RPM,412418741,1763324807,4675
1763324807505071348,[ 19 100   0   0   0   0   0   0],2,262,Pump RPM,504538191,1763324807,4964
1763324807618851618,[ 20 252   0   0   0   0   0   0],2,262,Pump RPM,618320285,1763324807,5372
1763324807701240332,[ 22 163   0   0   0   0   0   0],2,262,Pump RPM,700844392,1763324807,5795
1763324807845463797,[24 33  0  0  0  0  0  0],2,262,Pump RPM,844695439,1763324807,6177
1763324807928076577,[ 25 146   0   0   0   0   0   0],2,262,Pump RPM,927184570,1763324807,6546
1763324808010924015,[27 29  0  0  0  0  0  0],2,262,Pump RPM,9963495,1763324808,6941
1763324808103006314,[ 28 157   0   0   0   0   0   0],2,262,Pump RPM,102262276,1763324808,7325
1763324808216437494,[ 30 195   0   0   0   0   0   0],2,262,Pump RPM,215409390,1763324808,7875
1763324808308714323,[ 33 234   0   0   0   0   0   0],2,262,Pump RPM,308392176,1763324808,8682
1763324808412141356,[ 36 203   0   0   0   0   0   0],2,262,Pump RPM,411870730,1763324808,9419
1763324808506844989,[38 41  0  0  0  0  0  0],2,262,Pump RPM,504269320,1763324808,9769
1763324808617636851,[ 37 120   0   0   0   0   0   0],2,262,Pump RPM,616876525,1763324808,9592
1763324808712090658,[36 96  0  0  0  0  0  0],2,262,Pump RPM,711433533,1763324808,9312
1763324808846039352,[35 49  0  0  0  0  0  0],2,262,Pump RPM,845824374,1763324808,9009
1763324808932423204,[ 33 237   0   0   0   0   0   0],2,262,Pump RPM,931999841,1763324808,8685
1763324809018115754,[ 32 180   0   0   0   0   0   0],2,262,Pump RPM,17835208,1763324809,8372
1763324809111066894,[31 58  0  0  0  0  0  0],2,262,Pump RPM,110515113,1763324809,7994
1763324809214310982,[30 65  0  0  0  0  0  0],2,262,Pump RPM,213538912,1763324809,7745
1763324809307064488,[ 29 108   0   0   0   0   0   0],2,262,Pump RPM,306745829,1763324809,7532
1763324809420583478,[28 88  0  0  0  0  0  0],2,262,Pump RPM,420384148,1763324809,7256
1763324809514348320,[ 27 125   0   0   0   0   0   0],2,262,Pump RPM,513506905,1763324809,7037
1763324809616339246,[ 26 206   0   0   0   0   0   0],2,262,Pump RPM,615919915,1763324809,6862
1763324809711861415,[26 46  0  0  0  0  0  0],2,262,Pump RPM,709272305,1763324809,6702
1763324809854424710,[ 25 199   0   0   0   0   0   0],2,262,Pump RPM,854054466,1763324809,6599
1763324809940295918,[ 25 109   0   0   0   0   0   0],2,262,Pump RPM,938637856,1763324809,6509
1763324810021141773,[ 24 252   0   0   0   0   0   0],2,262,Pump RPM,20911915,1763324810,6396
1763324810115128570,[ 24 175   0   0   0   0   0   0],2,262,Pump RPM,113684686,1763324810,6319
1763324810226869082,[24 96  0  0  0  0  0  0],2,262,Pump RPM,226080691,1763324810,6240
1763324810308868067,[ 23 249   0   0   0   0   0   0],2,262,Pump RPM,308293278,1763324810,6137
1763324810424966344,[ 23 152   0   0   0   0   0   0],2,262,Pump RPM,421203784,1763324810,6040
1763324810516124317,[23 71  0  0  0  0  0  0],2,262,Pump RPM,513453799,1763324810,5959
1763324810626726132,[ 22 221   0   0   0   0   0   0],2,262,Pump RPM,625847660,1763324810,5853
1763324810711221010,[22 80  0  0  0  0  0  0],2,262,Pump RPM,709882438,1763324810,5712
1763324810855170813,[ 21 206   0   0   0   0   0   0],2,262,Pump RPM,854582200,1763324810,5582
1763324810940145279,[ 21 122   0   0   0   0   0   0],2,262,Pump RPM,937901549,1763324810,5498
1763324811021262113,[21 21  0  0  0  0  0  0],2,262,Pump RPM,20955903,1763324811,5397
1763324811114109318,[ 20 156   0   0   0   0   0   0],2,262,Pump RPM,113862179,1763324811,5276
1763324811227309843,[20 77  0  0  0  0  0  0],2,262,Pump RPM,226874831,1763324811,5197
1763324811319918773,[ 19 221   0   0   0   0   0   0],2,262,Pump RPM,319536978,1763324811,5085
1763324811423323697,[19 74  0  0  0  0  0  0],2,262,Pump RPM,422347849,1763324811,4938
1763324811515465008,[ 18 163   0   0   0   0   0   0],2,262,Pump RPM,514763594,1763324811,4771
1763324811628886015,[ 17 245   0   0   0   0   0   0],2,262,Pump RPM,628413947,1763324811,4597
1763324811721067582,[17 86  0  0  0  0  0  0],2,262,Pump RPM,720752443,1763324811,4438
1763324811858154226,[ 16 216   0   0   0   0   0   0],2,262,Pump RPM,857945360,1763324811,4312
1763324811941544487,[16 85  0  0  0  0  0  0],2,262,Pump RPM,940612319,1763324811,4181
1763324812024821116,[ 15 200   0   0   0   0   0   0],2,262,Pump RPM,24239543,1763324812,4040
1763324812119660882,[15 89  0  0  0  0  0  0],2,262,Pump RPM,119016524,1763324812,3929
1763324812223612083,[ 14 248   0   0   0   0   0   0],2,262,Pump RPM,223371537,1763324812,3832
1763324812317042205,[ 14 128   0   0   0   0   0   0],2,262,Pump RPM,315902100,1763324812,3712
1763324812428932577,[14  7  0  0  0  0  0  0],2,262,Pump RPM,428712255,1763324812,3591
1763324812523710038,[ 13 162   0   0   0   0   0   0],2,262,Pump RPM,521717798,1763324812,3490
1763324812625348772,[13 55  0  0  0  0  0  0],2,262,Pump RPM,624734943,1763324812,3383
1763324812718161993,[ 12 232   0   0   0   0   0   0],2,262,Pump RPM,717314754,1763324812,3304
1763324812862699773,[ 12 164   0   0   0   0   0   0],2,262,Pump RPM,862090840,1763324812,3236
1763324812946215828,[12 97  0  0  0  0  0  0],2,262,Pump RPM,945608911,1763324812,3169
1763324813028479201,[12 46  0  0  0  0  0  0],2,262,Pump RPM,27886204,1763324813,3118
1763324813121618250,[12  1  0  0  0  0  0  0],2,262,Pump RPM,120983493,1763324813,3073
1763324813233693648,[ 11 209   0   0   0   0   0   0],2,262,Pump RPM,233445742,1763324813,3025
1763324813328287909,[ 11 159   0   0   0   0   0   0],2,262,Pump RPM,326076434,1763324813,2975
1763324813429982612,[ 11 116   0   0   0   0   0   0],2,262,Pump RPM,429185934,1763324813,2932
1763324813522875227,[11 65  0  0  0  0  0  0],2,262,Pump RPM,522527384,1763324813,2881
1763324813635346532,[11 15  0  0  0  0  0  0],2,262,Pump RPM,634236987,1763324813,2831
1763324813731210852,[ 10 232   0   0   0   0   0   0],2,262,Pump RPM,728775311,1763324813,2792
1763324813864810269,[ 10 188   0   0   0   0   0   0],2,262,Pump RPM,864308825,1763324813,2748
1763324813948194004,[ 10 166   0   0   0   0   0   0],2,262,Pump RPM,947285549,1763324813,2726
1763324814030928838,[ 10 130   0   0   0   0   0   0],2,262,Pump RPM,30393346,1763324814,2690
1763324814122062559,[ 10 125   0   0   0   0   0   0],2,262,Pump RPM,121843837,1763324814,2685
1763324814236636315,[10 99  0  0  0  0  0  0],2,262,Pump RPM,235886869,1763324814,2659
1763324814329440258,[10 90  0  0  0  0  0  0],2,262,Pump RPM,329173088,1763324814,2650
1763324814432728224,[10 79  0  0  0  0  0  0],2,262,Pump RPM,432110107,1763324814,2639
1763324814525509574,[10 62  0  0  0  0  0  0],2,262,Pump RPM,525031906,1763324814,2622
1763324814640870985,[10 73  0  0  0  0  0  0],2,262,Pump RPM,640625351,1763324814,2633
1763324814724432771,[10 63  0  0  0  0  0  0],2,262,Pump RPM,723211320,1763324814,2623
1763324814872041170,[10 54  0  0  0  0  0  0],2,262,Pump RPM,867754127,1763324814,2614
1763324814956954327,[10 51  0  0  0  0  0  0],2,262,Pump RPM,954758789,1763324814,2611
1763324815039632362,[10 43  0  0  0  0  0  0],2,262,Pump RPM,38129309,1763324815,2603
1763324815129997309,[10 51  0  0  0  0  0  0],2,262,Pump RPM,129811163,1763324815,2611
1763324815234791304,[10 63  0  0  0  0  0  0],2,262,Pump RPM,233361436,1763324815,2623
1763324815327351022,[10 89  0  0  0  0  0  0],2,262,Pump RPM,326963690,1763324815,2649
1763324815442850387,[ 10 102   0   0   0   0   0   0],2,262,Pump RPM,442125069,1763324815,2662
1763324815526555566,[ 10 127   0   0   0   0   0   0],2,262,Pump RPM,526027274,1763324815,2687
1763324815639925218,[ 10 151   0   0   0   0   0   0],2,262,Pump RPM,639634079,1763324815,2711
1763324815733042732,[ 10 173   0   0   0   0   0   0],2,262,Pump RPM,732712617,1763324815,2733
1763324815869738754,[ 10 203   0   0   0   0   0   0],2,262,Pump RPM,869494944,1763324815,2763
1763324815953156667,[ 10 231   0   0   0   0   0   0],2,262,Pump RPM,952497493,1763324815,2791
1763324816036470483,[11  9  0  0  0  0  0  0],2,262,Pump RPM,35617772,1763324816,2825
1763324816129446717,[11 47  0  0  0  0  0  0],2,262,Pump RPM,128873880,1763324816,2863
1763324816238358060,[11 78  0  0  0  0  0  0],2,262,Pump RPM,237823816,1763324816,2894
1763324816329998027,[ 11 121   0   0   0   0   0   0],2,262,Pump RPM,329847114,1763324816,2937
1763324816444788811,[ 11 170   0   0   0   0   0   0],2,262,Pump RPM,444508137,1763324816,2986
1763324816536605707,[ 11 214   0   0   0   0   0   0],2,262,Pump RPM,536360297,1763324816,3030
1763324816640447408,[12 19  0  0  0  0  0  0],2,262,Pump RPM,639905739,1763324816,3091
1763324816732395025,[12 71  0  0  0  0  0  0],2,262,Pump RPM,732158095,1763324816,3143
1763324816879383455,[ 12 136   0   0   0   0   0   0],2,262,Pump RPM,878833114,1763324816,3208
1763324816962233268,[ 12 244   0   0   0   0   0   0],2,262,Pump RPM,961574958,1763324816,3316
1763324817044172194,[ 13 108   0   0   0   0   0   0],2,262,Pump RPM,43808959,1763324817,3436
1763324817139891715,[ 13 225   0   0   0   0   0   0],2,262,Pump RPM,139374143,1763324817,3553
1763324817244341326,[14 86  0  0  0  0  0  0],2,262,Pump RPM,242038139,1763324817,3670
1763324817336098766,[ 14 223   0   0   0   0   0   0],2,262,Pump RPM,335802220,1763324817,3807
1763324817441298496,[15 92  0  0  0  0  0  0],2,262,Pump RPM,440815036,1763324817,3932
1763324817534270122,[ 15 248   0   0   0   0   0   0],2,262,Pump RPM,533707045,1763324817,4088
1763324817647041627,[ 16 167   0   0   0   0   0   0],2,262,Pump RPM,646808281,1763324817,4263
1763324817731681760,[17 89  0  0  0  0  0  0],2,262,Pump RPM,731300380,1763324817,4441
1763324817875205266,[18 62  0  0  0  0  0  0],2,262,Pump RPM,874860815,1763324817,4670
1763324817962618094,[19 92  0  0  0  0  0  0],2,262,Pump RPM,962072617,1763324817,4956
1763324818045399043,[ 20 178   0   0   0   0   0   0],2,262,Pump RPM,45245922,1763324818,5298
1763324818138349231,[ 21 222   0   0   0   0   0   0],2,262,Pump RPM,137449319,1763324818,5598
1763324818250533627,[23 89  0  0  0  0  0  0],2,262,Pump RPM,250274585,1763324818,5977
1763324818342698688,[ 24 223   0   0   0   0   0   0],2,262,Pump RPM,342318973,1763324818,6367
1763324818447341006,[ 26 176   0   0   0   0   0   0],2,262,Pump RPM,446796841,1763324818,6832
1763324818539464082,[ 28 174   0   0   0   0   0   0],2,262,Pump RPM,538859917,1763324818,7342
1763324818652941801,[31  7  0  0  0  0  0  0],2,262,Pump RPM,652390181,1763324818,7943
1763324818734560118,[33  2  0  0  0  0  0  0],2,262,Pump RPM,734388436,1763324818,8450
1763324818884416446,[35 73  0  0  0  0  0  0],2,262,Pump RPM,882855505,1763324818,9033
1763324818968205853,[ 37 166   0   0   0   0   0   0],2,262,Pump RPM,967386134,1763324818,9638
1763324819049947051,[40  8  0  0  0  0  0  0],2,262,Pump RPM,49401862,1763324819,10248
1763324819142753334,[ 41 130   0   0   0   0   0   0],2,262,Pump RPM,142226769,1763324819,10626
1763324819256479216,[ 41 251   0   0   0   0   0   0],2,262,Pump RPM,256099725,1763324819,10747
1763324819339924013,[42  6  0  0  0  0  0  0],2,262,Pump RPM,339310760,1763324819,10758
1763324819452778368,[ 41 203   0   0   0   0   0   0],2,262,Pump RPM,452425309,1763324819,10699
1763324819540012413,[ 40 132   0   0   0   0   0   0],2,262,Pump RPM,537267909,1763324819,10372
1763324819650972416,[ 38 128   0   0   0   0   0   0],2,262,Pump RPM,649683509,1763324819,9856
1763324819742481152,[37 49  0  0  0  0  0  0],2,262,Pump RPM,741807642,1763324819,9521
1763324819889476594,[ 35 203   0   0   0   0   0   0],2,262,Pump RPM,888895213,1763324819,9163
1763324819972782765,[ 34 130   0   0   0   0   0   0],2,262,Pump RPM,971371522,1763324819,8834
1763324820057604534,[ 33 114   0   0   0   0   0   0],2,262,Pump RPM,56867120,1763324820,8562
1763324820139314629,[ 32 117   0   0   0   0   0   0],2,262,Pump RPM,138997218,1763324820,8309
1763324820253936904,[ 31 184   0   0   0   0   0   0],2,262,Pump RPM,252871167,1763324820,8120
1763324820345736171,[ 30 219   0   0   0   0   0   0],2,262,Pump RPM,345399593,1763324820,7899
1763324820458726849,[30 73  0  0  0  0  0  0],2,262,Pump RPM,458416510,1763324820,7753
1763324820541178742,[ 29 164   0   0   0   0   0   0],2,262,Pump RPM,540821107,1763324820,7588
1763324820653891305,[29 34  0  0  0  0  0  0],2,262,Pump RPM,653373861,1763324820,7458
1763324820746477299,[ 28 172   0   0   0   0   0   0],2,262,Pump RPM,745956879,1763324820,7340
1763324820894000107,[28 53  0  0  0  0  0  0],2,262,Pump RPM,893256133,1763324820,7221
1763324820978799060,[ 27 200   0   0   0   0   0   0],2,262,Pump RPM,977811051,1763324820,7112
1763324821061075784,[27 55  0  0  0  0  0  0],2,262,Pump RPM,60546755,1763324821,6967
1763324821144375844,[ 26 197   0   0   0   0   0   0],2,262,Pump RPM,143399612,1763324821,6853
1763324821257624413,[ 26 109   0   0   0   0   0   0],2,262,Pump RPM,257313179,1763324821,6765
1763324821349722404,[26 20  0  0  0  0  0  0],2,262,Pump RPM,349482210,1763324821,6676
1763324821465074287,[ 25 152   0   0   0   0   0   0],2,262,Pump RPM,464241736,1763324821,6552
1763324821549528373,[25 78  0  0  0  0  0  0],2,262,Pump RPM,549327412,1763324821,6478
1763324821662463275,[25 30  0  0  0  0  0  0],2,262,Pump RPM,662169193,1763324821,6430
1763324821744440637,[ 24 240   0   0   0   0   0   0],2,262,Pump RPM,744222043,1763324821,6384
1763324821891134831,[ 24 204   0   0   0   0   0   0],2,262,Pump RPM,888176951,1763324821,6348
1763324821973221058,[ 24 175   0   0   0   0   0   0],2,262,Pump RPM,972952544,1763324821,6319
1763324822066515764,[ 24 149   0   0   0   0   0   0],2,262,Pump RPM,65875598,1763324822,6293
1763324822151138972,[ 24 150   0   0   0   0   0   0],2,262,Pump RPM,150547255,1763324822,6294
1763324822264384374,[24 85  0  0  0  0  0  0],2,262,Pump RPM,263433742,1763324822,6229
1763324822351728886,[24 44  0  0  0  0  0  0],2,262,Pump RPM,351391859,1763324822,6188
1763324822468694351,[24 22  0  0  0  0  0  0],2,262,Pump RPM,464998832,1763324822,6166
1763324822550520256,[24 67  0  0  0  0  0  0],2,262,Pump RPM,547098692,1763324822,6211
1763324822661315590,[ 24 119   0   0   0   0   0   0],2,262,Pump RPM,660424702,1763324822,6263
1763324822753634575,[ 24 188   0   0   0   0   0   0],2,262,Pump RPM,752771240,1763324822,6332
1763324822896836966,[25 43  0  0  0  0  0  0],2,262,Pump RPM,896634340,1763324822,6443
1763324822981888210,[ 25 137   0   0   0   0   0   0],2,262,Pump RPM,981537359,1763324822,6537
1763324823063039518,[ 25 202   0   0   0   0   0   0],2,262,Pump RPM,62515738,1763324823,6602
1763324823156653747,[26 26  0  0  0  0  0  0],2,262,Pump RPM,156146543,1763324823,6682
1763324823269841134,[ 26 170   0   0   0   0   0   0],2,262,Pump RPM,268890918,1763324823,6826
1763324823351514623,[ 27 105   0   0   0   0   0   0],2,262,Pump RPM,351084411,1763324823,7017
1763324823464807386,[ 28 101   0   0   0   0   0   0],2,262,Pump RPM,464424855,1763324823,7269
1763324823556333758,[29 54  0  0  0  0  0  0],2,262,Pump RPM,555826746,1763324823,7478
1763324823669046036,[30  8  0  0  0  0  0  0],2,262,Pump RPM,668418191,1763324823,7688
1763324823751884879,[ 30 246   0   0   0   0   0   0],2,262,Pump RPM,750802694,1763324823,7926
1763324823896847861,[32 53  0  0  0  0  0  0],2,262,Pump RPM,896540403,1763324823,8245
1763324823980351093,[33 50  0  0  0  0  0  0],2,262,Pump RPM,979741200,1763324823,8498
1763324824063076208,[34 84  0  0  0  0  0  0],2,262,Pump RPM,62088807,1763324824,8788
1763324824156324003,[ 35 207   0   0   0   0   0   0],2,262,Pump RPM,155785374,1763324824,9167
1763324824270767209,[ 36 224   0   0   0   0   0   0],2,262,Pump RPM,270098531,1763324824,9440
1763324824363745242,[ 37 156   0   0   0   0   0   0],2,262,Pump RPM,362810034,1763324824,9628
1763324824466761472,[ 38 227   0   0   0   0   0   0],2,262,Pump RPM,465957113,1763324824,9955
1763324824560267477,[40 11  0  0  0  0  0  0],2,262,Pump RPM,559836561,1763324824,10251
1763324824673207182,[ 40 226   0   0   0   0   0   0],2,262,Pump RPM,672873260,1763324824,10466
1763324824755549478,[ 41 110   0   0   0   0   0   0],2,262,Pump RPM,754929568,1763324824,10606
1763324824903293733,[ 41 196   0   0   0   0   0   0],2,262,Pump RPM,902751520,1763324824,10692
1763324824988105009,[ 41 227   0   0   0   0   0   0],2,262,Pump RPM,986703013,1763324824,10723
1763324825069888388,[ 41 221   0   0   0   0   0   0],2,262,Pump RPM,69064733,1763324825,10717
1763324825161408649,[ 41 132   0   0   0   0   0   0],2,262,Pump RPM,161196808,1763324825,10628
1763324825274060354,[ 40 207   0   0   0   0   0   0],2,262,Pump RPM,273741695,1763324825,10447
1763324825356647548,[40 28  0  0  0  0  0  0],2,262,Pump RPM,356463066,1763324825,10268
1763324825470957954,[ 38 254   0   0   0   0   0   0],2,262,Pump RPM,469726263,1763324825,9982
1763324825562339526,[38  8  0  0  0  0  0  0],2,262,Pump RPM,561998659,1763324825,9736
1763324825675543939,[37 66  0  0  0  0  0  0],2,262,Pump RPM,675329601,1763324825,9538
1763324825758755554,[ 36 127   0   0   0   0   0   0],2,262,Pump RPM,758509056,1763324825,9343
1763324825903631626,[ 35 161   0   0   0   0   0   0],2,262,Pump RPM,903029893,1763324825,9121
1763324825986274437,[ 34 217   0   0   0   0   0   0],2,262,Pump RPM,985584447,1763324825,8921
1763324826078876596,[34 63  0  0  0  0  0  0],2,262,Pump RPM,78626098,1763324826,8767
1763324826162552792,[ 33 214   0   0   0   0   0   0],2,262,Pump RPM,161194637,1763324826,8662
1763324826276498332,[ 33 174   0   0   0   0   0   0],2,262,Pump RPM,275912119,1763324826,8622
1763324826368916522,[ 33 211   0   0   0   0   0   0],2,262,Pump RPM,368384838,1763324826,8659
1763324826472546903,[34 61  0  0  0  0  0  0],2,262,Pump RPM,471584303,1763324826,8765
1763324826564730787,[ 34 204   0   0   0   0   0   0],2,262,Pump RPM,563538457,1763324826,8908
1763324826677188059,[35 76  0  0  0  0  0  0],2,262,Pump RPM,676377684,1763324826,9036
1763324826769733034,[35 86  0  0  0  0  0  0],2,262,Pump RPM,768954659,1763324826,9046
1763324826904699104,[35 52  0  0  0  0  0  0],2,262,Pump RPM,903637431,1763324826,9012
1763324826988279395,[35 21  0  0  0  0  0  0],2,262,Pump RPM,987524509,1763324826,8981
1763324827083100870,[35 45  0  0  0  0  0  0],2,262,Pump RPM,80339055,1763324827,9005
1763324827164193941,[ 35 103   0   0   0   0   0   0],2,262,Pump RPM,162086883,1763324827,9063
1763324827276615725,[ 35 210   0   0   0   0   0   0],2,262,Pump RPM,275733830,1763324827,9170
1763324827373374209,[ 36 107   0   0   0   0   0   0],2,262,Pump RPM,372372728,1763324827,9323
1763324827476161960,[37 21  0  0  0  0  0  0],2,262,Pump RPM,475903077,1763324827,9493
1763324827571301805,[ 37 115   0   0   0   0   0   0],2,262,Pump RPM,570747081,1763324827,9587
1763324827683167457,[38 24  0  0  0  0  0  0],2,262,Pump RPM,682907007,1763324827,9752
1763324827766677604,[39  4  0  0  0  0  0  0],2,262,Pump RPM,766020511,1763324827,9988
1763324827911093708,[ 39 235   0   0   0   0   0   0],2,262,Pump RPM,910827209,1763324827,10219
1763324827993587430,[40 96  0  0  0  0  0  0],2,262,Pump RPM,992429597,1763324827,10336
1763324828075911200,[ 40 210   0   0   0   0   0   0],2,262,Pump RPM,75688479,1763324828,10450
1763324828168974998,[ 41 110   0   0   0   0   0   0],2,262,Pump RPM,168501714,1763324828,10606
1763324828282870044,[ 41 212   0   0   0   0   0   0],2,262,Pump RPM,282039156,1763324828,10708
1763324828374723814,[ 41 236   0   0   0   0   0   0],2,262,Pump RPM,374252834,1763324828,10732
1763324828477814129,[ 41 226   0   0   0   0   0   0],2,262,Pump RPM,476963945,1763324828,10722
1763324828573314107,[ 41 253   0   0   0   0   0   0],2,262,Pump RPM,570847814,1763324828,10749
1763324828684349032,[ 41 250   0   0   0   0   0   0],2,262,Pump RPM,683429856,1763324828,10746
1763324828778653736,[ 41 178   0   0   0   0   0   0],2,262,Pump RPM,777289436,1763324828,10674
1763324828911698192,[ 41 101   0   0   0   0   0   0],2,262,Pump RPM,910993450,1763324828,10597
1763324828993629511,[41 65  0  0  0  0  0  0],2,262,Pump RPM,993293540,1763324828,10561
1763324829086419578,[41 17  0  0  0  0  0  0],2,262,Pump RPM,85995447,1763324829,10513
1763324829169957888,[41 12  0  0  0  0  0  0],2,262,Pump RPM,169604061,1763324829,10508
1763324829283848903,[41 15  0  0  0  0  0  0],2,262,Pump RPM,283638501,1763324829,10511
1763324829376179574,[ 40 149   0   0   0   0   0   0],2,262,Pump RPM,375694834,1763324829,10389
1763324829488872883,[ 39 255   0   0   0   0   0   0],2,262,Pump RPM,488656689,1763324829,10239
1763324829572024149,[39 81  0  0  0  0  0  0],2,262,Pump RPM,571109421,1763324829,10065
1763324829683722889,[38 77  0  0  0  0  0  0],2,262,Pump RPM,683452647,1763324829,9805
1763324829776525149,[ 37 231   0   0   0   0   0   0],2,262,Pump RPM,775875576,1763324829,9703
1763324829922170802,[38 64  0  0  0  0  0  0],2,262,Pump RPM,921530572,1763324829,9792
1763324830005292915,[ 38 176   0   0   0   0   0   0],2,262,Pump RPM,4435468,1763324830,9904
1763324830086808904,[39 26  0  0  0  0  0  0],2,262,Pump RPM,86591622,1763324830,10010
1763324830181186346,[ 39 241   0   0   0   0   0   0],2,262,Pump RPM,180147905,1763324830,10225
1763324830283786098,[ 40 234   0   0   0   0   0   0],2,262,Pump RPM,283315566,1763324830,10474
1763324830376596903,[41 61  0  0  0  0  0  0],2,262,Pump RPM,375610175,1763324830,10557
1763324830488929602,[ 41 125   0   0   0   0   0   0],2,262,Pump RPM,488470590,1763324830,10621
1763324830581706870,[ 41 240   0   0   0   0   0   0],2,262,Pump RPM,581200274,1763324830,10736
1763324830685163494,[ 41 230   0   0   0   0   0   0],2,262,Pump RPM,684657793,1763324830,10726
1763324830777253876,[ 41 248   0   0   0   0   0   0],2,262,Pump RPM,776753264,1763324830,10744
1763324830922653608,[ 41 251   0   0   0   0   0   0],2,262,Pump RPM,922282917,1763324830,10747
1763324831006581009,[ 41 237   0   0   0   0   0   0],2,262,Pump RPM,5624553,1763324831,10733
1763324831090470843,[ 41 224   0   0   0   0   0   0],2,262,Pump RPM,87912709,1763324831,10720
1763324831180206967,[ 41 248   0   0   0   0   0   0],2,262,Pump RPM,180000565,1763324831,10744
1763324831294059583,[ 41 230   0   0   0   0   0   0],2,262,Pump RPM,293619291,1763324831,10726
1763324831376913696,[ 41 228   0   0   0   0   0   0],2,262,Pump RPM,376156762,1763324831,10724
1763324831492599321,[ 41 243   0   0   0   0   0   0],2,262,Pump RPM,489742016,1763324831,10739
1763324831582982170,[ 41 236   0   0   0   0   0   0],2,262,Pump RPM,582730295,1763324831,10732
1763324831696974211,[ 41 192   0   0   0   0   0   0],2,262,Pump RPM,696146012,1763324831,10688
1763324831779137854,[ 41 193   0   0   0   0   0   0],2,262,Pump RPM,778237015,1763324831,10689
1763324831925202777,[ 41 235   0   0   0   0   0   0],2,262,Pump RPM,924700981,1763324831,10731
1763324832008289692,[ 41 231   0   0   0   0   0   0],2,262,Pump RPM,7686103,1763324832,10727
1763324832091218143,[ 41 232   0   0   0   0   0   0],2,262,Pump RPM,90610489,1763324832,10728
1763324832183502673,[ 41 217   0   0   0   0   0   0],2,262,Pump RPM,182589641,1763324832,10713
1763324832298259650,[ 41 224   0   0   0   0   0   0],2,262,Pump RPM,297803454,1763324832,10720
1763324832380405470,[ 41 245   0   0   0   0   0   0],2,262,Pump RPM,379621271,1763324832,10741
1763324832499427220,[ 41 245   0   0   0   0   0   0],2,262,Pump RPM,498710318,1763324832,10741
1763324832581426318,[ 41 211   0   0   0   0   0   0],2,262,Pump RPM,581110507,1763324832,10707
1763324832695284184,[ 41 237   0   0   0   0   0   0],2,262,Pump RPM,694886164,1763324832,10733
1763324832787661963,[ 41 214   0   0   0   0   0   0],2,262,Pump RPM,787435753,1763324832,10710
1763324832933048769,[ 41 232   0   0   0   0   0   0],2,262,Pump RPM,932756031,1763324832,10728
1763324833017259407,[ 41 219   0   0   0   0   0   0],2,262,Pump RPM,16716746,1763324833,10715
1763324833099648045,[ 41 232   0   0   0   0   0   0],2,262,Pump RPM,98998055,1763324833,10728
1763324833191653086,[ 41 216   0   0   0   0   0   0],2,262,Pump RPM,190950968,1763324833,10712
1763324833294318697,[ 41 210   0   0   0   0   0   0],2,262,Pump RPM,293652163,1763324833,10706
1763324833387134848,[ 41 223   0   0   0   0   0   0],2,262,Pump RPM,386347770,1763324833,10719
1763324833501800146,[ 41 225   0   0   0   0   0   0],2,262,Pump RPM,501164621,1763324833,10721
1763324833585307770,[ 41 224   0   0   0   0   0   0],2,262,Pump RPM,584448595,1763324833,10720
1763324833700633074,[ 41 250   0   0   0   0   0   0],2,262,Pump RPM,699529864,1763324833,10746
1763324833793683595,[ 41 231   0   0   0   0   0   0],2,262,Pump RPM,791979261,1763324833,10727
1763324833926530200,[ 41 244   0   0   0   0   0   0],2,262,Pump RPM,926140469,1763324833,10740
1763324834009274874,[ 41 240   0   0   0   0   0   0],2,262,Pump RPM,8733333,1763324834,10736
1763324834102495477,[41 41  0  0  0  0  0  0],2,262,Pump RPM,101852720,1763324834,10537
1763324834195581840,[40 89  0  0  0  0  0  0],2,262,Pump RPM,194802889,1763324834,10329
1763324834298020698,[40 33  0  0  0  0  0  0],2,262,Pump RPM,297451670,1763324834,10273
1763324834390765458,[40 96  0  0  0  0  0  0],2,262,Pump RPM,390391663,1763324834,10336
1763324834503898072,[ 40 196   0   0   0   0   0   0],2,262,Pump RPM,503676054,1763324834,10436
1763324834596549327,[ 41 115   0   0   0   0   0   0],2,262,Pump RPM,595846889,1763324834,10611
1763324834700354821,[ 41 210   0   0   0   0   0   0],2,262,Pump RPM,699632607,1763324834,10706
1763324834794609802,[ 41 230   0   0   0   0   0   0],2,262,Pump RPM,794319591,1763324834,10726
1763324834931446778,[ 41 242   0   0   0   0   0   0],2,262,Pump RPM,930737140,1763324834,10738
1763324835017545913,[ 41 232   0   0   0   0   0   0],2,262,Pump RPM,16732850,1763324835,10728
1763324835102099595,[ 41 242   0   0   0   0   0   0],2,262,Pump RPM,100575518,1763324835,10738
1763324835193553113,[42  1  0  0  0  0  0  0],2,262,Pump RPM,193311543,1763324835,10753
1763324835306863297,[ 41 220   0   0   0   0   0   0],2,262,Pump RPM,306488510,1763324835,10716
1763324835399695739,[ 41 250   0   0   0   0   0   0],2,262,Pump RPM,399008853,1763324835,10746
1763324835504367033,[ 41 232   0   0   0   0   0   0],2,262,Pump RPM,503547026,1763324835,10728
1763324835597426100,[ 41 226   0   0   0   0   0   0],2,262,Pump RPM,595627077,1763324835,10722
1763324835711345666,[ 41 225   0   0   0   0   0   0],2,262,Pump RPM,711097248,1763324835,10721
1763324835794760203,[ 41 245   0   0   0   0   0   0],2,262,Pump RPM,793768642,1763324835,10741
1763324835938073171,[ 41 222   0   0   0   0   0   0],2,262,Pump RPM,937591759,1763324835,10718
1763324836021405468,[ 41 235   0   0   0   0   0   0],2,262,Pump RPM,20638901,1763324836,10731
1763324836105552428,[ 41 230   0   0   0   0   0   0],2,262,Pump RPM,104566979,1763324836,10726
1763324836199702641,[42  1  0  0  0  0  0  0],2,262,Pump RPM,198262565,1763324836,10753
1763324836312671607,[ 41 220   0   0   0   0   0   0],2,262,Pump RPM,311854544,1763324836,10716
1763324836396176642,[ 41 219   0   0   0   0   0   0],2,262,Pump RPM,395364699,1763324836,10715
1763324836508481827,[ 41 217   0   0   0   0   0   0],2,262,Pump RPM,508174240,1763324836,10713
1763324836601484446,[ 41 217   0   0   0   0   0   0],2,262,Pump RPM,601299773,1763324836,10713
1763324836706478593,[ 41 226   0   0   0   0   0   0],2,262,Pump RPM,705316823,1763324836,10722
1763324836797932879,[ 41 219   0   0   0   0   0   0],2,262,Pump RPM,797343786,1763324836,10715
1763324836945356316,[ 41 224   0   0   0   0   0   0],2,262,Pump RPM,944685430,1763324836,10720
1763324837029167689,[ 41 210   0   0   0   0   0   0],2,262,Pump RPM,28943783,1763324837,10706
1763324837112923223,[ 41 221   0   0   0   0   0   0],2,262,Pump RPM,111885134,1763324837,10717
1763324837204091428,[ 41 228   0   0   0   0   0   0],2,262,Pump RPM,203709184,1763324837,10724
1763324837309848397,[ 41 189   0   0   0   0   0   0],2,262,Pump RPM,307889724,1763324837,10685
1763324837399868432,[ 41 213   0   0   0   0   0   0],2,262,Pump RPM,399640238,1763324837,10709
1763324837514290852,[ 41 247   0   0   0   0   0   0],2,262,Pump RPM,513593886,1763324837,10743
1763324837605756372,[ 41 185   0   0   0   0   0   0],2,262,Pump RPM,605022317,1763324837,10681
1763324837708137952,[ 41 249   0   0   0   0   0   0],2,262,Pump RPM,707598044,1763324837,10745
1763324837801266782,[ 41 231   0   0   0   0   0   0],2,262,Pump RPM,801006076,1763324837,10727
1763324837945808116,[ 41 235   0   0   0   0   0   0],2,262,Pump RPM,945338416,1763324837,10731
1763324838030164743,[ 41 219   0   0   0   0   0   0],2,262,Pump RPM,28583065,1763324838,10715
1763324838113074925,[ 41 230   0   0   0   0   0   0],2,262,Pump RPM,112811755,1763324838,10726
1763324838206331149,[ 41 216   0   0   0   0   0   0],2,262,Pump RPM,205328644,1763324838,10712
1763324838318924050,[ 41 220   0   0   0   0   0   0],2,262,Pump RPM,318205004,1763324838,10716
1763324838401357813,[ 41 227   0   0   0   0   0   0],2,262,Pump RPM,401065075,1763324838,10723
1763324838514590432,[ 41 217   0   0   0   0   0   0],2,262,Pump RPM,514276925,1763324838,10713
1763324838609326124,[ 41 241   0   0   0   0   0   0],2,262,Pump RPM,608563718,1763324838,10737
1763324838710483311,[ 41 231   0   0   0   0   0   0],2,262,Pump RPM,710157357,1763324838,10727
1763324838806235012,[ 41 231   0   0   0   0   0   0],2,262,Pump RPM,805827457,1763324838,10727
1763324838948049412,[ 41 245   0   0   0   0   0   0],2,262,Pump RPM,947492255,1763324838,10741
1763324839030412903,[ 41 226   0   0   0   0   0   0],2,262,Pump RPM,29888962,1763324839,10722
1763324839113170445,[ 41 243   0   0   0   0   0   0],2,262,Pump RPM,112516295,1763324839,10739
1763324839205427717,[ 41 226   0   0   0   0   0   0],2,262,Pump RPM,205123234,1763324839,10722
1763324839319819610,[ 41 239   0   0   0   0   0   0],2,262,Pump RPM,318893555,1763324839,10735
1763324839411346284,[ 41 228   0   0   0   0   0   0],2,262,Pump RPM,411123114,1763324839,10724
1763324839516986199,[ 41 234   0   0   0   0   0   0],2,262,Pump RPM,515677644,1763324839,10730
1763324839609125454,[ 41 226   0   0   0   0   0   0],2,262,Pump RPM,608827691,1763324839,10722
1763324839721999286,[ 41 227   0   0   0   0   0   0],2,262,Pump RPM,721446834,1763324839,10723
1763324839803428785,[ 41 229   0   0   0   0   0   0],2,262,Pump RPM,803147791,1763324839,10725
1763324839951569609,[ 41 234   0   0   0   0   0   0],2,262,Pump RPM,951071172,1763324839,10730
1763324840034805011,[ 41 225   0   0   0   0   0   0],2,262,Pump RPM,34376752,1763324840,10721
1763324840116810388,[ 41 215   0   0   0   0   0   0],2,262,Pump RPM,116612946,1763324840,10711
1763324840213344049,[ 41 233   0   0   0   0   0   0],2,262,Pump RPM,210282551,1763324840,10729
1763324840323856935,[ 41 226   0   0   0   0   0   0],2,262,Pump RPM,323572869,1763324840,10722
1763324840415789437,[ 41 230   0   0   0   0   0   0],2,262,Pump RPM,415399642,1763324840,10726
1763324840518978611,[ 41 240   0   0   0   0   0   0],2,262,Pump RPM,518084236,1763324840,10736
1763324840617184159,[ 41 252   0   0   0   0   0   0],2,262,Pump RPM,610817161,1763324840,10748
1763324840726263817,[ 41 244   0   0   0   0   0   0],2,262,Pump RPM,723676690,1763324840,10740
1763324840818401856,[ 41 219   0   0   0   0   0   0],2,262,Pump RPM,815905163,1763324840,10715
1763324840949986667,[ 41 226   0   0   0   0   0   0],2,262,Pump RPM,949408102,1763324840,10722
1763324841033547481,[ 41 224   0   0   0   0   0   0],2,262,Pump RPM,33104821,1763324841,10720
1763324841127359680,[ 41 210   0   0   0   0   0   0],2,262,Pump RPM,126691770,1763324841,10706
1763324841209050847,[ 41 214   0   0   0   0   0   0],2,262,Pump RPM,208377785,1763324841,10710
1763324841323015539,[ 41 204   0   0   0   0   0   0],2,262,Pump RPM,322475246,1763324841,10700
1763324841415520942,[ 41 230   0   0   0   0   0   0],2,262,Pump RPM,415022570,1763324841,10726
1763324841529465059,[ 41 243   0   0   0   0   0   0],2,262,Pump RPM,528265720,1763324841,10739
1763324841611251394,[ 41 214   0   0   0   0   0   0],2,262,Pump RPM,610679709,1763324841,10710
1763324841724128237,[ 41 193   0   0   0   0   0   0],2,262,Pump RPM,723541096,1763324841,10689
1763324841816365542,[ 41 210   0   0   0   0   0   0],2,262,Pump RPM,816020195,1763324841,10706
1763324841959976314,[ 41 239   0   0   0   0   0   0],2,262,Pump RPM,959580886,1763324841,10735
1763324842042541888,[ 41 233   0   0   0   0   0   0],2,262,Pump RPM,42049628,1763324842,10729
1763324842126540659,[ 41 219   0   0   0   0   0   0],2,262,Pump RPM,126195888,1763324842,10715
1763324842218856622,[ 41 222   0   0   0   0   0   0],2,262,Pump RPM,218322698,1763324842,10718
1763324842331420471,[ 41 213   0   0   0   0   0   0],2,262,Pump RPM,330918003,1763324842,10709
1763324842414335969,[ 41 235   0   0   0   0   0   0],2,262,Pump RPM,413891838,1763324842,10731
1763324842528012660,[ 41 212   0   0   0   0   0   0],2,262,Pump RPM,526942059,1763324842,10708
1763324842620342351,[ 41 228   0   0   0   0   0   0],2,262,Pump RPM,619742698,1763324842,10724
1763324842734270500,[ 41 221   0   0   0   0   0   0],2,262,Pump RPM,733849185,1763324842,10717
1763324842817350960,[ 41 218   0   0   0   0   0   0],2,262,Pump RPM,816560009,1763324842,10714
1763324842961164614,[ 41 228   0   0   0   0   0   0],2,262,Pump RPM,960204862,1763324842,10724
1763324843044680117,[ 41 227   0   0   0   0   0   0],2,262,Pump RPM,44032304,1763324843,10723
1763324843126804121,[ 41 220   0   0   0   0   0   0],2,262,Pump RPM,126513463,1763324843,10716
1763324843219178069,[ 41 204   0   0   0   0   0   0],2,262,Pump RPM,218743122,1763324843,10700
1763324843332150979,[ 41 211   0   0   0   0   0   0],2,262,Pump RPM,331636479,1763324843,10707
1763324843424557344,[ 41 220   0   0   0   0   0   0],2,262,Pump RPM,424138780,1763324843,10716
1763324843528400767,[ 41 230   0   0   0   0   0   0],2,262,Pump RPM,527982939,1763324843,10726
1763324843621736195,[ 41 229   0   0   0   0   0   0],2,262,Pump RPM,621351136,1763324843,10725
1763324843727669013,[42  5  0  0  0  0  0  0],2,262,Pump RPM,727407986,1763324843,10757
1763324843821132250,[ 41 232   0   0   0   0   0   0],2,262,Pump RPM,820592597,1763324843,10728
1763324843966996163,[ 41 246   0   0   0   0   0   0],2,262,Pump RPM,966292861,1763324843,10742
1763324844051692062,[ 41 218   0   0   0   0   0   0],2,262,Pump RPM,50931703,1763324844,10714
1763324844135444785,[ 41 213   0   0   0   0   0   0],2,262,Pump RPM,134071429,1763324844,10709
1763324844228899095,[ 41 211   0   0   0   0   0   0],2,262,Pump RPM,228564148,1763324844,10707
1763324844331514636,[ 41 201   0   0   0   0   0   0],2,262,Pump RPM,331058089,1763324844,10697
1763324844424368462,[ 41 217   0   0   0   0   0   0],2,262,Pump RPM,423888682,1763324844,10713
1763324844537267036,[ 41 206   0   0   0   0   0   0],2,262,Pump RPM,536827928,1763324844,10702
1763324844629235093,[ 41 234   0   0   0   0   0   0],2,262,Pump RPM,629053396,1763324844,10730
1763324844731681865,[ 41 229   0   0   0   0   0   0],2,262,Pump RPM,731234438,1763324844,10725
1763324844825296497,[ 41 224   0   0   0   0   0   0],2,262,Pump RPM,824764941,1763324844,10720
1763324844970005298,[ 41 229   0   0   0   0   0   0],2,262,Pump RPM,968938985,1763324844,10725
1763324845052914750,[ 41 226   0   0   0   0   0   0],2,262,Pump RPM,52316441,1763324845,10722
1763324845139366313,[ 41 224   0   0   0   0   0   0],2,262,Pump RPM,138869956,1763324845,10720
1763324845232843184,[ 41 210   0   0   0   0   0   0],2,262,Pump RPM,231727814,1763324845,10706
1763324845337108885,[ 41 211   0   0   0   0   0   0],2,262,Pump RPM,336270829,1763324845,10707
1763324845430656829,[ 41 235   0   0   0   0   0   0],2,262,Pump RPM,429933942,1763324845,10731
1763324845542441730,[ 41 211   0   0   0   0   0   0],2,262,Pump RPM,541649563,1763324845,10707
1763324845624297445,[ 41 214   0   0   0   0   0   0],2,262,Pump RPM,623526879,1763324845,10710
1763324845739642922,[ 41 219   0   0   0   0   0   0],2,262,Pump RPM,736125803,1763324845,10715
1763324845828787052,[42  0  0  0  0  0  0  0],2,262,Pump RPM,828096774,1763324845,10752
1763324845973766128,[ 41 238   0   0   0   0   0   0],2,262,Pump RPM,973549550,1763324845,10734
1763324846056722845,[ 41 216   0   0   0   0   0   0],2,262,Pump RPM,56478747,1763324846,10712
1763324846139275335,[ 41 240   0   0   0   0   0   0],2,262,Pump RPM,138964548,1763324846,10736
1763324846232898609,[ 41 221   0   0   0   0   0   0],2,262,Pump RPM,232197835,1763324846,10717
1763324846336133613,[ 41 238   0   0   0   0   0   0],2,262,Pump RPM,335448583,1763324846,10734
1763324846429821847,[ 41 201   0   0   0   0   0   0],2,262,Pump RPM,428536204,1763324846,10697
1763324846541360156,[ 41 243   0   0   0   0   0   0],2,262,Pump RPM,540885592,1763324846,10739
1763324846633246294,[ 41 221   0   0   0   0   0   0],2,262,Pump RPM,632867283,1763324846,10717
1763324846747384433,[ 41 246   0   0   0   0   0   0],2,262,Pump RPM,745866340,1763324846,10742
1763324846828988371,[ 41 224   0   0   0   0   0   0],2,262,Pump RPM,828686736,1763324846,10720
1763324846973535509,[ 41 191   0   0   0   0   0   0],2,262,Pump RPM,973322099,1763324846,10687
1763324847057429675,[ 41 215   0   0   0   0   0   0],2,262,Pump RPM,56209728,1763324847,10711
1763324847139545586,[ 41 221   0   0   0   0   0   0],2,262,Pump RPM,139051917,1763324847,10717
1763324847232091187,[ 41 215   0   0   0   0   0   0],2,262,Pump RPM,231778576,1763324847,10711
1763324847347424473,[ 41 210   0   0   0   0   0   0],2,262,Pump RPM,347072054,1763324847,10706
1763324847439448214,[ 41 233   0   0   0   0   0   0],2,262,Pump RPM,438395277,1763324847,10729
1763324847541650218,[ 41 217   0   0   0   0   0   0],2,262,Pump RPM,540657250,1763324847,10713
1763324847634073994,[ 41 230   0   0   0   0   0   0],2,262,Pump RPM,633736520,1763324847,10726
1763324847750332217,[ 41 223   0   0   0   0   0   0],2,262,Pump RPM,749517682,1763324847,10719
1763324847833137830,[ 41 213   0   0   0   0   0   0],2,262,Pump RPM,832827491,1763324847,10709
1763324847980976165,[ 41 224   0   0   0   0   0   0],2,262,Pump RPM,980352320,1763324847,10720
1763324848064198390,[ 41 218   0   0   0   0   0   0],2,262,Pump RPM,63404079,1763324848,10714
1763324848146274206,[ 41 206   0   0   0   0   0   0],2,262,Pump RPM,145838746,1763324848,10702
1763324848241203668,[ 41 208   0   0   0   0   0   0],2,262,Pump RPM,240589519,1763324848,10704
1763324848344782070,[ 41 223   0   0   0   0   0   0],2,262,Pump RPM,344120912,1763324848,10719
1763324848438962726,[ 41 231   0   0   0   0   0   0],2,262,Pump RPM,438195615,1763324848,10727
1763324848551971801,[ 41 200   0   0   0   0   0   0],2,262,Pump RPM,551634102,1763324848,10696
1763324848638767689,[ 41 224   0   0   0   0   0   0],2,262,Pump RPM,638341413,1763324848,10720
1763324848751780508,[ 41 221   0   0   0   0   0   0],2,262,Pump RPM,750687635,1763324848,10717
1763324848843566872,[ 41 233   0   0   0   0   0   0],2,262,Pump RPM,843242869,1763324848,10729
1763324848978902317,[ 41 210   0   0   0   0   0   0],2,262,Pump RPM,978703691,1763324848,10706
1763324849062286816,[ 41 212   0   0   0   0   0   0],2,262,Pump RPM,62048062,1763324849,10708
1763324849154504704,[ 41 218   0   0   0   0   0   0],2,262,Pump RPM,154248925,1763324849,10714
1763324849236442822,[ 41 227   0   0   0   0   0   0],2,262,Pump RPM,236240677,1763324849,10723
1763324849350289474,[ 41 221   0   0   0   0   0   0],2,262,Pump RPM,350074240,1763324849,10717
1763324849444339186,[ 41 219   0   0   0   0   0   0],2,262,Pump RPM,442539074,1763324849,10715
1763324849546251750,[ 41 235   0   0   0   0   0   0],2,262,Pump RPM,546032420,1763324849,10731
1763324849641421759,[ 41 248   0   0   0   0   0   0],2,262,Pump RPM,640991323,1763324849,10744
1763324849757426542,[ 41 231   0   0   0   0   0   0],2,262,Pump RPM,754466484,1763324849,10727
1763324849841315301,[ 41 116   0   0   0   0   0   0],2,262,Pump RPM,840516126,1763324849,10612
1763324849981703239,[41 65  0  0  0  0  0  0],2,262,Pump RPM,980134937,1763324849,10561
1763324850065286525,[41 32  0  0  0  0  0  0],2,262,Pump RPM,64568982,1763324850,10528
1763324850157827200,[41 44  0  0  0  0  0  0],2,262,Pump RPM,157278843,1763324850,10540
1763324850240912114,[41 51  0  0  0  0  0  0],2,262,Pump RPM,240382765,1763324850,10547
1763324850356310556,[ 41 177   0   0   0   0   0   0],2,262,Pump RPM,355586037,1763324850,10673
1763324850448700190,[ 41 230   0   0   0   0   0   0],2,262,Pump RPM,448261914,1763324850,10726
1763324850553163689,[ 41 240   0   0   0   0   0   0],2,262,Pump RPM,552115744,1763324850,10736
1763324850645338505,[42  0  0  0  0  0  0  0],2,262,Pump RPM,644923398,1763324850,10752
1763324850759276039,[ 41 242   0   0   0   0   0   0],2,262,Pump RPM,759037797,1763324850,10738
1763324850841388496,[ 41 226   0   0   0   0   0   0],2,262,Pump RPM,841110829,1763324850,10722
1763324850989033074,[ 41 231   0   0   0   0   0   0],2,262,Pump RPM,988132170,1763324850,10727
1763324851074546425,[ 41 238   0   0   0   0   0   0],2,262,Pump RPM,71604639,1763324851,10734
1763324851156206303,[ 41 211   0   0   0   0   0   0],2,262,Pump RPM,155397272,1763324851,10707
1763324851249437737,[ 41 254   0   0   0   0   0   0],2,262,Pump RPM,248372992,1763324851,10750
1763324851363179878,[ 41 254   0   0   0   0   0   0],2,262,Pump RPM,361589720,1763324851,10750
1763324851445105614,[ 41 239   0   0   0   0   0   0],2,262,Pump RPM,443631297,1763324851,10735
1763324851556974971,[ 41 225   0   0   0   0   0   0],2,262,Pump RPM,556206452,1763324851,10721
1763324851649590112,[42  3  0  0  0  0  0  0],2,262,Pump RPM,648829305,1763324851,10755
1763324851763097882,[ 41 205   0   0   0   0   0   0],2,262,Pump RPM,762198258,1763324851,10701
1763324851844862401,[ 41 242   0   0   0   0   0   0],2,262,Pump RPM,844509630,1763324851,10738
1763324851989913582,[ 41 243   0   0   0   0   0   0],2,262,Pump RPM,989109063,1763324851,10739
1763324852073078529,[ 41 249   0   0   0   0   0   0],2,262,Pump RPM,72669310,1763324852,10745
1763324852157006812,[ 41 244   0   0   0   0   0   0],2,262,Pump RPM,155854034,1763324852,10740
1763324852249451072,[ 41 229   0   0   0   0   0   0],2,262,Pump RPM,248844219,1763324852,10725
1763324852362987452,[ 41 249   0   0   0   0   0   0],2,262,Pump RPM,362041300,1763324852,10745
1763324852445867821,[42  1  0  0  0  0  0  0],2,262,Pump RPM,445382921,1763324852,10753
1763324852558662531,[ 41 236   0   0   0   0   0   0],2,262,Pump RPM,558211551,1763324852,10732
1763324852651672172,[ 41 231   0   0   0   0   0   0],2,262,Pump RPM,651137383,1763324852,10727
1763324852767207769,[ 41 232   0   0   0   0   0   0],2,262,Pump RPM,766595508,1763324852,10728
1763324852851077267,[ 41 252   0   0   0   0   0   0],2,262,Pump RPM,850480430,1763324852,10748
1763324852997137066,[ 41 254   0   0   0   0   0   0],2,262,Pump RPM,996630726,1763324852,10750
1763324853079313494,[ 41 219   0   0   0   0   0   0],2,262,Pump RPM,78983571,1763324853,10715
1763324853162144775,[ 41 250   0   0   0   0   0   0],2,262,Pump RPM,161454241,1763324853,10746
1763324853255042193,[ 41 221   0   0   0   0   0   0],2,262,Pump RPM,254264138,1763324853,10717
1763324853368702479,[ 41 254   0   0   0   0   0   0],2,262,Pump RPM,367864551,1763324853,10750
1763324853451538560,[ 41 201   0   0   0   0   0   0],2,262,Pump RPM,451314430,1763324853,10697
1763324853564502776,[ 41 208   0   0   0   0   0   0],2,262,Pump RPM,563882899,1763324853,10704
1763324853657365569,[ 41 238   0   0   0   0   0   0],2,262,Pump RPM,656154038,1763324853,10734
1763324853760837734,[ 41 203   0   0   0   0   0   0],2,262,Pump RPM,760263073,1763324853,10699
1763324853853513454,[42 17  0  0  0  0  0  0],2,262,Pump RPM,852656134,1763324853,10769
1763324853997862487,[42 11  0  0  0  0  0  0],2,262,Pump RPM,997655413,1763324853,10763
1763324854080375846,[ 41 199   0   0   0   0   0   0],2,262,Pump RPM,80120612,1763324854,10695
1763324854162839701,[41 18  0  0  0  0  0  0],2,262,Pump RPM,162507890,1763324854,10514
1763324854255249019,[40 65  0  0  0  0  0  0],2,262,Pump RPM,254687030,1763324854,10305
1763324854368646648,[ 39 204   0   0   0   0   0   0],2,262,Pump RPM,367656943,1763324854,10188
1763324854460669466,[39 89  0  0  0  0  0  0],2,262,Pump RPM,459735090,1763324854,10073
1763324854563453594,[ 38 247   0   0   0   0   0   0],2,262,Pump RPM,562616307,1763324854,9975
1763324854655704831,[39 39  0  0  0  0  0  0],2,262,Pump RPM,654705590,1763324854,10023
1763324854772284119,[ 39 144   0   0   0   0   0   0],2,262,Pump RPM,767748720,1763324854,10128
1763324854860798235,[40 41  0  0  0  0  0  0],2,262,Pump RPM,860228630,1763324854,10281
1763324854996339417,[ 40 111   0   0   0   0   0   0],2,262,Pump RPM,995286800,1763324854,10351
1763324855078367429,[ 40 139   0   0   0   0   0   0],2,262,Pump RPM,78058786,1763324855,10379
1763324855170958445,[ 41 143   0   0   0   0   0   0],2,262,Pump RPM,170689611,1763324855,10639
1763324855264012089,[ 41 214   0   0   0   0   0   0],2,262,Pump RPM,262877391,1763324855,10710
1763324855369997654,[ 41 204   0   0   0   0   0   0],2,262,Pump RPM,369208912,1763324855,10700
1763324855461855608,[ 41 231   0   0   0   0   0   0],2,262,Pump RPM,461232883,1763324855,10727
1763324855574750674,[42  7  0  0  0  0  0  0],2,262,Pump RPM,574202669,1763324855,10759
1763324855658149450,[ 41 215   0   0   0   0   0   0],2,262,Pump RPM,657671301,1763324855,10711
1763324855773396663,[ 41 189   0   0   0   0   0   0],2,262,Pump RPM,772942548,1763324855,10685
1763324855865058136,[ 41 175   0   0   0   0   0   0],2,262,Pump RPM,864210800,1763324855,10671
1763324856002272613,[ 41 154   0   0   0   0   0   0],2,262,Pump RPM,1671872,1763324856,10650
1763324856085641630,[ 41 223   0   0   0   0   0   0],2,262,Pump RPM,84194833,1763324856,10719
1763324856177561121,[ 41 234   0   0   0   0   0   0],2,262,Pump RPM,177295934,1763324856,10730
1763324856260771192,[ 41 218   0   0   0   0   0   0],2,262,Pump RPM,260288244,1763324856,10714
1763324856374301816,[ 41 181   0   0   0   0   0   0],2,262,Pump RPM,374030837,1763324856,10677
1763324856466437373,[41 97  0  0  0  0  0  0],2,262,Pump RPM,466176699,1763324856,10593
1763324856571773525,[ 39 152   0   0   0   0   0   0],2,262,Pump RPM,571523923,1763324856,10136
1763324856665946412,[ 38 191   0   0   0   0   0   0],2,262,Pump RPM,665231334,1763324856,9919
1763324856777713693,[38 12  0  0  0  0  0  0],2,262,Pump RPM,777521019,1763324856,9740
1763324856861005204,[36 76  0  0  0  0  0  0],2,262,Pump RPM,860763826,1763324856,9292
1763324857006594988,[ 34 154   0   0   0   0   0   0],2,262,Pump RPM,5105599,1763324857,8858
1763324857091213936,[ 32 150   0   0   0   0   0   0],2,262,Pump RPM,90924174,1763324857,8342
1763324857173858211,[30 87  0  0  0  0  0  0],2,262,Pump RPM,173566561,1763324857,7767
1763324857267001426,[ 28 173   0   0   0   0   0   0],2,262,Pump RPM,266442189,1763324857,7341
1763324857379786668,[27 55  0  0  0  0  0  0],2,262,Pump RPM,379100646,1763324857,6967
1763324857462220573,[26 33  0  0  0  0  0  0],2,262,Pump RPM,461557912,1763324857,6689
1763324857575667358,[ 24 170   0   0   0   0   0   0],2,262,Pump RPM,575320251,1763324857,6314
1763324857672790671,[23 34  0  0  0  0  0  0],2,262,Pump RPM,672115273,1763324857,5922
1763324857775160911,[22 39  0  0  0  0  0  0],2,262,Pump RPM,774290087,1763324857,5671
1763324857868331133,[ 21 160   0   0   0   0   0   0],2,262,Pump RPM,867061330,1763324857,5536
1763324858013766166,[21 65  0  0  0  0  0  0],2,262,Pump RPM,13120912,1763324858,5441
1763324858095863780,[ 20 193   0   0   0   0   0   0],2,262,Pump RPM,95676355,1763324858,5313
1763324858178723610,[ 19 220   0   0   0   0   0   0],2,262,Pump RPM,178221077,1763324858,5084
1763324858265130126,[ 18 228   0   0   0   0   0   0],2,262,Pump RPM,264634410,1763324858,4836
1763324858378095371,[18 45  0  0  0  0  0  0],2,262,Pump RPM,377135363,1763324858,4653
1763324858473495311,[ 17 167   0   0   0   0   0   0],2,262,Pump RPM,471521981,1763324858,4519
1763324858587394196,[17 10  0  0  0  0  0  0],2,262,Pump RPM,586655821,1763324858,4362
1763324858669747141,[ 16 105   0   0   0   0   0   0],2,262,Pump RPM,669385730,1763324858,4201
1763324858784680947,[ 15 207   0   0   0   0   0   0],2,262,Pump RPM,784086414,1763324858,4047
1763324858866166845,[15 70  0  0  0  0  0  0],2,262,Pump RPM,865946107,1763324858,3910
1763324859013456518,[ 14 155   0   0   0   0   0   0],2,262,Pump RPM,12481502,1763324859,3739
1763324859096696192,[ 13 236   0   0   0   0   0   0],2,262,Pump RPM,95740407,1763324859,3564
1763324859179735063,[13 75  0  0  0  0  0  0],2,262,Pump RPM,179006993,1763324859,3403
1763324859274002322,[ 12 228   0   0   0   0   0   0],2,262,Pump RPM,273549262,1763324859,3300
1763324859388210235,[ 12 117   0   0   0   0   0   0],2,262,Pump RPM,386026983,1763324859,3189
1763324859468918430,[ 11 237   0   0   0   0   0   0],2,262,Pump RPM,468439738,1763324859,3053
1763324859582135198,[ 11 112   0   0   0   0   0   0],2,262,Pump RPM,581545017,1763324859,2928
1763324859675727986,[ 10 229   0   0   0   0   0   0],2,262,Pump RPM,675051724,1763324859,2789
1763324859787746856,[ 10 110   0   0   0   0   0   0],2,262,Pump RPM,786825600,1763324859,2670
1763324859880102290,[10 12  0  0  0  0  0  0],2,262,Pump RPM,879373195,1763324859,2572
1763324860014716141,[  9 159   0   0   0   0   0   0],2,262,Pump RPM,14194121,1763324860,2463
1763324860098513389,[ 9 40  0  0  0  0  0  0],2,262,Pump RPM,96848126,1763324860,2344
1763324860191867712,[  8 222   0   0   0   0   0   0],2,262,Pump RPM,191534237,1763324860,2270
1763324860274327315,[  8 119   0   0   0   0   0   0],2,262,Pump RPM,274063409,1763324860,2167
1763324860388767455,[8 1 0 0 0 0 0 0],2,262,Pump RPM,387799798,1763324860,2049
1763324860480800166,[  7 141   0   0   0   0   0   0],2,262,Pump RPM,480447779,1763324860,1933
1763324860586010849,[ 7 43  0  0  0  0  0  0],2,262,Pump RPM,585606430,1763324860,1835
1763324860678445036,[  6 229   0   0   0   0   0   0],2,262,Pump RPM,677429987,1763324860,1765
1763324860792345844,[  6 174   0   0   0   0   0   0],2,262,Pump RPM,791888112,1763324860,1710
1763324860875758287,[  6 147   0   0   0   0   0   0],2,262,Pump RPM,874792871,1763324860,1683
1763324861018866231,[  6 108   0   0   0   0   0   0],2,262,Pump RPM,18282354,1763324861,1644
1763324861101134697,[ 6 68  0  0  0  0  0  0],2,262,Pump RPM,100897639,1763324861,1604
1763324861194429693,[ 6 56  0  0  0  0  0  0],2,262,Pump RPM,194064282,1763324861,1592
1763324861277630935,[ 6 32  0  0  0  0  0  0],2,262,Pump RPM,277156403,1763324861,1568
1763324861392083973,[ 6 20  0  0  0  0  0  0],2,262,Pump RPM,391620992,1763324861,1556
1763324861476672555,[ 6 29  0  0  0  0  0  0],2,262,Pump RPM,475461089,1763324861,1565
1763324861588589858,[ 6 38  0  0  0  0  0  0],2,262,Pump RPM,588069758,1763324861,1574
1763324861681552115,[ 6 44  0  0  0  0  0  0],2,262,Pump RPM,680659179,1763324861,1580
1763324861793939374,[ 6 47  0  0  0  0  0  0],2,262,Pump RPM,793743916,1763324861,1583
1763324861876042751,[ 6 64  0  0  0  0  0  0],2,262,Pump RPM,875709500,1763324861,1600
1763324862020510451,[ 6 94  0  0  0  0  0  0],2,262,Pump RPM,20277329,1763324862,1630
1763324862105504767,[  6 112   0   0   0   0   0   0],2,262,Pump RPM,104967322,1763324862,1648
1763324862198555281,[  6 153   0   0   0   0   0   0],2,262,Pump RPM,197920939,1763324862,1689
1763324862280493313,[  6 187   0   0   0   0   0   0],2,262,Pump RPM,279507608,1763324862,1723
1763324862393669796,[  6 231   0   0   0   0   0   0],2,262,Pump RPM,393417058,1763324862,1767
1763324862482268079,[  6 253   0   0   0   0   0   0],2,262,Pump RPM,481382151,1763324862,1789
1763324862595721716,[ 7 31  0  0  0  0  0  0],2,262,Pump RPM,594923373,1763324862,1823
1763324862688996968,[ 7 61  0  0  0  0  0  0],2,262,Pump RPM,688601380,1763324862,1853
1763324862791871952,[ 7 84  0  0  0  0  0  0],2,262,Pump RPM,791392076,1763324862,1876
1763324862885398822,[  7 116   0   0   0   0   0   0],2,262,Pump RPM,884702112,1763324862,1908
1763324863029174999,[  7 139   0   0   0   0   0   0],2,262,Pump RPM,28575441,1763324863,1931
1763324863111889166,[  7 159   0   0   0   0   0   0],2,262,Pump RPM,111449835,1763324863,1951
1763324863195790993,[  7 185   0   0   0   0   0   0],2,262,Pump RPM,194929065,1763324863,1977
1763324863288682882,[  7 200   0   0   0   0   0   0],2,262,Pump RPM,287996764,1763324863,1992
1763324863393701438,[  7 198   0   0   0   0   0   0],2,262,Pump RPM,393348123,1763324863,1990
1763324863486530703,[  7 219   0   0   0   0   0   0],2,262,Pump RPM,486170252,1763324863,2011
1763324863601113727,[  7 229   0   0   0   0   0   0],2,262,Pump RPM,598956044,1763324863,2021
1763324863693959024,[  7 239   0   0   0   0   0   0],2,262,Pump RPM,692626181,1763324863,2031
1763324863798881612,[  7 243   0   0   0   0   0   0],2,262,Pump RPM,796483063,1763324863,2035
1763324863892522308,[  7 244   0   0   0   0   0   0],2,262,Pump RPM,891319161,1763324863,2036
1763324864035498926,[  7 222   0   0   0   0   0   0],2,262,Pump RPM,35241932,1763324864,2014
1763324864123288883,[  7 204   0   0   0   0   0   0],2,262,Pump RPM,120353561,1763324864,1996
1763324864203822745,[  7 205   0   0   0   0   0   0],2,262,Pump RPM,203619767,1763324864,1997
1763324864286462193,[  7 169   0   0   0   0   0   0],2,262,Pump RPM,286119246,1763324864,1961
1763324864401313732,[  7 145   0   0   0   0   0   0],2,262,Pump RPM,400400764,1763324864,1937
1763324864494415064,[  7 128   0   0   0   0   0   0],2,262,Pump RPM,494186358,1763324864,1920
1763324864599271060,[  7 109   0   0   0   0   0   0],2,262,Pump RPM,598997266,1763324864,1901
1763324864692618026,[ 7 85  0  0  0  0  0  0],2,262,Pump RPM,691775331,1763324864,1877
1763324864796464989,[ 7 66  0  0  0  0  0  0],2,262,Pump RPM,796180762,1763324864,1858
1763324864888738186,[ 7 46  0  0  0  0  0  0],2,262,Pump RPM,888518280,1763324864,1838
1763324865033603878,[ 7 40  0  0  0  0  0  0],2,262,Pump RPM,33345252,1763324865,1832
1763324865117574474,[ 7 23  0  0  0  0  0  0],2,262,Pump RPM,116591842,1763324865,1815
1763324865200731048,[ 7 21  0  0  0  0  0  0],2,262,Pump RPM,200091650,1763324865,1813
1763324865293920125,[7 8 0 0 0 0 0 0],2,262,Pump RPM,293557274,1763324865,1800
1763324865406641247,[  6 253   0   0   0   0   0   0],2,262,Pump RPM,406419261,1763324865,1789
1763324865491215401,[  6 244   0   0   0   0   0   0],2,262,Pump RPM,490945478,1763324865,1780
1763324865605103573,[  6 231   0   0   0   0   0   0],2,262,Pump RPM,604510032,1763324865,1767
1763324865698049544,[  6 207   0   0   0   0   0   0],2,262,Pump RPM,697780934,1763324865,1743
1763324865801284023,[  6 176   0   0   0   0   0   0],2,262,Pump RPM,801048085,1763324865,1712
1763324865893488324,[  6 165   0   0   0   0   0   0],2,262,Pump RPM,893287266,1763324865,1701
1763324866042057410,[  6 146   0   0   0   0   0   0],2,262,Pump RPM,41862880,1763324866,1682
1763324866125655716,[  6 124   0   0   0   0   0   0],2,262,Pump RPM,125250144,1763324866,1660
1763324866208139836,[  6 107   0   0   0   0   0   0],2,262,Pump RPM,207501622,1763324866,1643
1763324866291808414,[ 6 99  0  0  0  0  0  0],2,262,Pump RPM,291215065,1763324866,1635
1763324866405077862,[ 6 91  0  0  0  0  0  0],2,262,Pump RPM,404371968,1763324866,1627
1763324866497928761,[ 6 92  0  0  0  0  0  0],2,262,Pump RPM,497006129,1763324866,1628
1763324866610490459,[ 6 87  0  0  0  0  0  0],2,262,Pump RPM,609878678,1763324866,1623
1763324866691706664,[ 6 77  0  0  0  0  0  0],2,262,Pump RPM,691491046,1763324866,1613
1763324866804529260,[ 6 68  0  0  0  0  0  0],2,262,Pump RPM,804149480,1763324866,1604
1763324866896905435,[ 6 76  0  0  0  0  0  0],2,262,Pump RPM,896423639,1763324866,1612
1763324867041802714,[ 6 75  0  0  0  0  0  0],2,262,Pump RPM,41316534,1763324867,1611
1763324867128763514,[ 6 66  0  0  0  0  0  0],2,262,Pump RPM,124708502,1763324867,1602
1763324867211924409,[ 6 64  0  0  0  0  0  0],2,262,Pump RPM,210491884,1763324867,1600
1763324867303505954,[ 6 55  0  0  0  0  0  0],2,262,Pump RPM,303202239,1763324867,1591
1763324867408316672,[ 6 52  0  0  0  0  0  0],2,262,Pump RPM,407286775,1763324867,1588
1763324867501931195,[ 6 57  0  0  0  0  0  0],2,262,Pump RPM,499656519,1763324867,1593
1763324867612614157,[ 6 86  0  0  0  0  0  0],2,262,Pump RPM,612366827,1763324867,1622
1763324867705066974,[  6 116   0   0   0   0   0   0],2,262,Pump RPM,704666106,1763324867,1652
1763324867813204601,[  6 158   0   0   0   0   0   0],2,262,Pump RPM,812214448,1763324867,1694
1763324867905781931,[  6 197   0   0   0   0   0   0],2,262,Pump RPM,905493384,1763324867,1733
1763324868040530514,[  6 226   0   0   0   0   0   0],2,262,Pump RPM,39801739,1763324868,1762
1763324868123451023,[7 7 0 0 0 0 0 0],2,262,Pump RPM,122557063,1763324868,1799
1763324868216887689,[ 7 46  0  0  0  0  0  0],2,262,Pump RPM,215998433,1763324868,1838
1763324868299225794,[ 7 49  0  0  0  0  0  0],2,262,Pump RPM,298338938,1763324868,1841
1763324868412208585,[ 7 64  0  0  0  0  0  0],2,262,Pump RPM,411220704,1763324868,1856
1763324868505481410,[ 7 55  0  0  0  0  0  0],2,262,Pump RPM,504539001,1763324868,1847
1763324868617942532,[ 7 47  0  0  0  0  0  0],2,262,Pump RPM,617255614,1763324868,1839
1763324868700720960,[ 7 38  0  0  0  0  0  0],2,262,Pump RPM,699637847,1763324868,1830
1763324868815883099,[ 7 39  0  0  0  0  0  0],2,262,Pump RPM,815074003,1763324868,1831
1763324868908011337,[ 7 37  0  0  0  0  0  0],2,262,Pump RPM,907724039,1763324868,1829
1763324869043907451,[ 7 41  0  0  0  0  0  0],2,262,Pump RPM,42282797,1763324869,1833
1763324869125071146,[ 7 45  0  0  0  0  0  0],2,262,Pump RPM,124766503,1763324869,1837
1763324869218799048,[ 7 30  0  0  0  0  0  0],2,262,Pump RPM,217338843,1763324869,1822
1763324869310573268,[ 7 29  0  0  0  0  0  0],2,262,Pump RPM,309661868,1763324869,1821
1763324869413478755,[ 7 50  0  0  0  0  0  0],2,262,Pump RPM,413259713,1763324869,1842
1763324869506400665,[ 7 99  0  0  0  0  0  0],2,262,Pump RPM,505245423,1763324869,1891
1763324869618953854,[  7 134   0   0   0   0   0   0],2,262,Pump RPM,617879924,1763324869,1926
1763324869711436624,[  7 155   0   0   0   0   0   0],2,262,Pump RPM,711208142,1763324869,1947
1763324869814421120,[  7 171   0   0   0   0   0   0],2,262,Pump RPM,814156318,1763324869,1963
1763324869909089574,[  7 184   0   0   0   0   0   0],2,262,Pump RPM,908229119,1763324869,1976
1763324870054026122,[  7 196   0   0   0   0   0   0],2,262,Pump RPM,53487621,1763324870,1988
1763324870136908488,[  7 188   0   0   0   0   0   0],2,262,Pump RPM,136031168,1763324870,1980
1763324870220641422,[  7 177   0   0   0   0   0   0],2,262,Pump RPM,220264619,1763324870,1969
1763324870311243153,[  7 162   0   0   0   0   0   0],2,262,Pump RPM,310893070,1763324870,1954
1763324870426859761,[  7 179   0   0   0   0   0   0],2,262,Pump RPM,426102730,1763324870,1971
1763324870511342302,[  7 183   0   0   0   0   0   0],2,262,Pump RPM,508369187,1763324870,1975
1763324870622581047,[  7 197   0   0   0   0   0   0],2,262,Pump RPM,622343285,1763324870,1989
1763324870715715921,[  7 192   0   0   0   0   0   0],2,262,Pump RPM,715379918,1763324870,1984
1763324870819777227,[  7 214   0   0   0   0   0   0],2,262,Pump RPM,819030692,1763324870,2006
1763324870913515881,[  7 241   0   0   0   0   0   0],2,262,Pump RPM,913299111,1763324870,2033
1763324871057489990,[  7 255   0   0   0   0   0   0],2,262,Pump RPM,57283428,1763324871,2047
1763324871140775592,[  7 247   0   0   0   0   0   0],2,262,Pump RPM,139968737,1763324871,2039
1763324871224701649,[8 3 0 0 0 0 0 0],2,262,Pump RPM,223833385,1763324871,2051
1763324871317894443,[ 8 18  0  0  0  0  0  0],2,262,Pump RPM,316695937,1763324871,2066
1763324871421159871,[ 8 42  0  0  0  0  0  0],2,262,Pump RPM,420805468,1763324871,2090
1763324871515748646,[ 8 71  0  0  0  0  0  0],2,262,Pump RPM,515135937,1763324871,2119
1763324871628604655,[  8 114   0   0   0   0   0   0],2,262,Pump RPM,627701863,1763324871,2162
1763324871710554502,[  8 156   0   0   0   0   0   0],2,262,Pump RPM,709870752,1763324871,2204
1763324871829170370,[  8 200   0   0   0   0   0   0],2,262,Pump RPM,827582644,1763324871,2248
1763324871912305795,[  8 254   0   0   0   0   0   0],2,262,Pump RPM,909350857,1763324871,2302
1763324872054115022,[ 9 49  0  0  0  0  0  0],2,262,Pump RPM,53674538,1763324872,2353
1763324872138209880,[  9 113   0   0   0   0   0   0],2,262,Pump RPM,137880629,1763324872,2417
1763324872221111672,[  9 191   0   0   0   0   0   0],2,262,Pump RPM,220643380,1763324872,2495
1763324872314288724,[10 11  0  0  0  0  0  0],2,262,Pump RPM,313630478,1763324872,2571
1763324872427040477,[10 54  0  0  0  0  0  0],2,262,Pump RPM,426478872,1763324872,2614
1763324872521220129,[10 62  0  0  0  0  0  0],2,262,Pump RPM,520184183,1763324872,2622
1763324872625760257,[ 10 100   0   0   0   0   0   0],2,262,Pump RPM,625224732,1763324872,2660
1763324872717964339,[10 94  0  0  0  0  0  0],2,262,Pump RPM,717347502,1763324872,2654
1763324872832971856,[10 66  0  0  0  0  0  0],2,262,Pump RPM,830781885,1763324872,2626
1763324872914599589,[10 48  0  0  0  0  0  0],2,262,Pump RPM,913886367,1763324872,2608
1763324873059622989,[10 18  0  0  0  0  0  0],2,262,Pump RPM,58893159,1763324873,2578
1763324873142450125,[  9 243   0   0   0   0   0   0],2,262,Pump RPM,141954793,1763324873,2547
1763324873225428431,[  9 232   0   0   0   0   0   0],2,262,Pump RPM,224693128,1763324873,2536
1763324873317337151,[  9 237   0   0   0   0   0   0],2,262,Pump RPM,316802683,1763324873,2541
1763324873431466390,[  9 228   0   0   0   0   0   0],2,262,Pump RPM,431079090,1763324873,2532
1763324873523843979,[  9 243   0   0   0   0   0   0],2,262,Pump RPM,523118852,1763324873,2547
1763324873627154657,[10 11  0  0  0  0  0  0],2,262,Pump RPM,626236761,1763324873,2571
1763324873720065466,[10  8  0  0  0  0  0  0],2,262,Pump RPM,719522614,1763324873,2568
1763324873833639916,[  9 252   0   0   0   0   0   0],2,262,Pump RPM,833157544,1763324873,2556
1763324873928147380,[10 47  0  0  0  0  0  0],2,262,Pump RPM,925675294,1763324873,2607
1763324874058632284,[ 10 158   0   0   0   0   0   0],2,262,Pump RPM,57967926,1763324874,2718
1763324874141794816,[11 15  0  0  0  0  0  0],2,262,Pump RPM,141455612,1763324874,2831
1763324874234180725,[ 11 109   0   0   0   0   0   0],2,262,Pump RPM,233680689,1763324874,2925
1763324874327300114,[ 11 128   0   0   0   0   0   0],2,262,Pump RPM,326776045,1763324874,2944
1763324874430158309,[ 11 161   0   0   0   0   0   0],2,262,Pump RPM,429902338,1763324874,2977
1763324874522583035,[ 11 213   0   0   0   0   0   0],2,262,Pump RPM,522126071,1763324874,3029
1763324874637617594,[ 11 235   0   0   0   0   0   0],2,262,Pump RPM,634859074,1763324874,3051
1763324874727925085,[12  2  0  0  0  0  0  0],2,262,Pump RPM,727593211,1763324874,3074
1763324874831767289,[12 21  0  0  0  0  0  0],2,262,Pump RPM,831141940,1763324874,3093
1763324874923588650,[12 48  0  0  0  0  0  0],2,262,Pump RPM,923157734,1763324874,3120
1763324875067582699,[12 44  0  0  0  0  0  0],2,262,Pump RPM,66843397,1763324875,3116
1763324875150025418,[12 92  0  0  0  0  0  0],2,262,Pump RPM,149672294,1763324875,3164
1763324875232601705,[ 12 114   0   0   0   0   0   0],2,262,Pump RPM,232015172,1763324875,3186
1763324875325389155,[ 12 139   0   0   0   0   0   0],2,262,Pump RPM,324757373,1763324875,3211
1763324875439910847,[ 12 169   0   0   0   0   0   0],2,262,Pump RPM,438669588,1763324875,3241
1763324875523358566,[ 12 251   0   0   0   0   0   0],2,262,Pump RPM,522326461,1763324875,3323
1763324875635531693,[13 98  0  0  0  0  0  0],2,262,Pump RPM,634933319,1763324875,3426
1763324875729951733,[ 13 237   0   0   0   0   0   0],2,262,Pump RPM,729383184,1763324875,3565
1763324875841428822,[ 14 137   0   0   0   0   0   0],2,262,Pump RPM,840566030,1763324875,3721
1763324875924104438,[ 14 194   0   0   0   0   0   0],2,262,Pump RPM,923156270,1763324875,3778
1763324876069299779,[15  3  0  0  0  0  0  0],2,262,Pump RPM,68924096,1763324876,3843
1763324876153858261,[15 70  0  0  0  0  0  0],2,262,Pump RPM,152628330,1763324876,3910
1763324876235436172,[15 60  0  0  0  0  0  0],2,262,Pump RPM,235177194,1763324876,3900
1763324876328754348,[15 66  0  0  0  0  0  0],2,262,Pump RPM,328345480,1763324876,3906
1763324876441015156,[15 28  0  0  0  0  0  0],2,262,Pump RPM,440483664,1763324876,3868
1763324876532883271,[15 10  0  0  0  0  0  0],2,262,Pump RPM,532413379,1763324876,3850
1763324876636127935,[ 14 222   0   0   0   0   0   0],2,262,Pump RPM,635880093,1763324876,3806
1763324876733336290,[ 14 231   0   0   0   0   0   0],2,262,Pump RPM,733027935,1763324876,3815
1763324876838678125,[ 14 201   0   0   0   0   0   0],2,262,Pump RPM,838218921,1763324876,3785
1763324876931283334,[ 14 191   0   0   0   0   0   0],2,262,Pump RPM,931027908,1763324876,3775
1763324877076505013,[ 14 185   0   0   0   0   0   0],2,262,Pump RPM,76183506,1763324877,3769
1763324877160386209,[ 14 186   0   0   0   0   0   0],2,262,Pump RPM,159325304,1763324877,3770
1763324877241673335,[15  5  0  0  0  0  0  0],2,262,Pump RPM,240995120,1763324877,3845
1763324877338147315,[15 84  0  0  0  0  0  0],2,262,Pump RPM,333498282,1763324877,3924
1763324877448517900,[16 33  0  0  0  0  0  0],2,262,Pump RPM,448231625,1763324877,4129
1763324877531383023,[17 34  0  0  0  0  0  0],2,262,Pump RPM,530790538,1763324877,4386
1763324877644324287,[ 17 229   0   0   0   0   0   0],2,262,Pump RPM,643692441,1763324877,4581
1763324877737208571,[ 18 148   0   0   0   0   0   0],2,262,Pump RPM,736735351,1763324877,4756
1763324877842749865,[19 22  0  0  0  0  0  0],2,262,Pump RPM,842526119,1763324877,4886
1763324877937830585,[19 76  0  0  0  0  0  0],2,262,Pump RPM,936900145,1763324877,4940
1763324878071297952,[ 19 139   0   0   0   0   0   0],2,262,Pump RPM,70980734,1763324878,5003
1763324878155987093,[ 19 208   0   0   0   0   0   0],2,262,Pump RPM,154815722,1763324878,5072
1763324878248867410,[ 19 248   0   0   0   0   0   0],2,262,Pump RPM,248394478,1763324878,5112
1763324878331540692,[ 19 239   0   0   0   0   0   0],2,262,Pump RPM,331263090,1763324878,5103
1763324878443976992,[20  3  0  0  0  0  0  0],2,262,Pump RPM,443605117,1763324878,5123
1763324878536702236,[ 19 249   0   0   0   0   0   0],2,262,Pump RPM,536103127,1763324878,5113
1763324878651488061,[ 19 234   0   0   0   0   0   0],2,262,Pump RPM,650742871,1763324878,5098
1763324878733701948,[20 39  0  0  0  0  0  0],2,262,Pump RPM,733529434,1763324878,5159
1763324878847593269,[ 20 237   0   0   0   0   0   0],2,262,Pump RPM,846891950,1763324878,5357
1763324878942311395,[ 21 115   0   0   0   0   0   0],2,262,Pump RPM,940249424,1763324878,5491
1763324879083750066,[ 21 249   0   0   0   0   0   0],2,262,Pump RPM,83304174,1763324879,5625
1763324879168359622,[ 22 197   0   0   0   0   0   0],2,262,Pump RPM,167691649,1763324879,5829
1763324879255595794,[ 23 248   0   0   0   0   0   0],2,262,Pump RPM,252274453,1763324879,6136
1763324879335388699,[ 25 216   0   0   0   0   0   0],2,262,Pump RPM,334501396,1763324879,6616
1763324879449344854,[28 16  0  0  0  0  0  0],2,262,Pump RPM,448277261,1763324879,7184
1763324879541152683,[29 65  0  0  0  0  0  0],2,262,Pump RPM,540739815,1763324879,7489
1763324879654618625,[ 29 105   0   0   0   0   0   0],2,262,Pump RPM,654104252,1763324879,7529
1763324879736557853,[ 29 128   0   0   0   0   0   0],2,262,Pump RPM,736362556,1763324879,7552
1763324879859850987,[ 29 174   0   0   0   0   0   0],2,262,Pump RPM,858705793,1763324879,7598
1763324879940926560,[ 29 203   0   0   0   0   0   0],2,262,Pump RPM,940458012,1763324879,7627
1763324880087207228,[ 29 250   0   0   0   0   0   0],2,262,Pump RPM,86595575,1763324880,7674
1763324880179633847,[ 30 106   0   0   0   0   0   0],2,262,Pump RPM,178670703,1763324880,7786
1763324880253013032,[30 41  0  0  0  0  0  0],2,262,Pump RPM,251720892,1763324880,7721
1763324880345288321,[ 29 155   0   0   0   0   0   0],2,262,Pump RPM,344080887,1763324880,7579
1763324880457868497,[ 29 102   0   0   0   0   0   0],2,262,Pump RPM,457514189,1763324880,7526
1763324880540971768,[ 29 161   0   0   0   0   0   0],2,262,Pump RPM,540749046,1763324880,7585
1763324880657473130,[ 29 255   0   0   0   0   0   0],2,262,Pump RPM,656279072,1763324880,7679
1763324880738548736,[30 31  0  0  0  0  0  0],2,262,Pump RPM,738238269,1763324880,7711
1763324880853156609,[30 52  0  0  0  0  0  0],2,262,Pump RPM,852841822,1763324880,7732
1763324880947290635,[30 26  0  0  0  0  0  0],2,262,Pump RPM,946890696,1763324880,7706
1763324881081739263,[30 57  0  0  0  0  0  0],2,262,Pump RPM,80549588,1763324881,7737
1763324881163604604,[ 30 185   0   0   0   0   0   0],2,262,Pump RPM,163198649,1763324881,7865
1763324881257099617,[ 30 236   0   0   0   0   0   0],2,262,Pump RPM,256516028,1763324881,7916
1763324881349477341,[31 72  0  0  0  0  0  0],2,262,Pump RPM,348836695,1763324881,8008
1763324881452989980,[32  5  0  0  0  0  0  0],2,262,Pump RPM,452678969,1763324881,8197
1763324881545899420,[33 21  0  0  0  0  0  0],2,262,Pump RPM,545493720,1763324881,8469
1763324881660905858,[ 34 235   0   0   0   0   0   0],2,262,Pump RPM,660442078,1763324881,8939
1763324881751164010,[36 51  0  0  0  0  0  0],2,262,Pump RPM,750934760,1763324881,9267
1763324881857224160,[ 36 203   0   0   0   0   0   0],2,262,Pump RPM,856932189,1763324881,9419
1763324881950350434,[37 24  0  0  0  0  0  0],2,262,Pump RPM,949535419,1763324881,9496
1763324882094348332,[38 19  0  0  0  0  0  0],2,262,Pump RPM,93930984,1763324882,9747
1763324882179027139,[ 38 127   0   0   0   0   0   0],2,262,Pump RPM,177167955,1763324882,9855
1763324882259606038,[39  7  0  0  0  0  0  0],2,262,Pump RPM,259055537,1763324882,9991
1763324882353164092,[ 39 159   0   0   0   0   0   0],2,262,Pump RPM,352118611,1763324882,10143
1763324882456174904,[40 71  0  0  0  0  0  0],2,262,Pump RPM,455297712,1763324882,10311
1763324882548789942,[ 40 245   0   0   0   0   0   0],2,262,Pump RPM,548238161,1763324882,10485
1763324882662822196,[41 37  0  0  0  0  0  0],2,262,Pump RPM,661310630,1763324882,10533
1763324882757840808,[ 41 135   0   0   0   0   0   0],2,262,Pump RPM,757210242,1763324882,10631
1763324882861392008,[ 41 111   0   0   0   0   0   0],2,262,Pump RPM,860486784,1763324882,10607
1763324882954083015,[ 41 171   0   0   0   0   0   0],2,262,Pump RPM,952798523,1763324882,10667
1763324883099572576,[ 41 234   0   0   0   0   0   0],2,262,Pump RPM,98771961,1763324883,10730
1763324883182432199,[ 41 217   0   0   0   0   0   0],2,262,Pump RPM,181504223,1763324883,10713
1763324883265465808,[ 41 228   0   0   0   0   0   0],2,262,Pump RPM,265025484,1763324883,10724
1763324883348526682,[ 41 254   0   0   0   0   0   0],2,262,Pump RPM,348150550,1763324883,10750
1763324883461871667,[42  9  0  0  0  0  0  0],2,262,Pump RPM,461547856,1763324883,10761
1763324883554817525,[ 41 224   0   0   0   0   0   0],2,262,Pump RPM,554257776,1763324883,10720
1763324883666435902,[ 41 243   0   0   0   0   0   0],2,262,Pump RPM,666195708,1763324883,10739
1763324883751825020,[ 41 247   0   0   0   0   0   0],2,262,Pump RPM,748841217,1763324883,10743
1763324883863571911,[ 41 222   0   0   0   0   0   0],2,262,Pump RPM,863155107,1763324883,10718
1763324883955220637,[ 40 206   0   0   0   0   0   0],2,262,Pump RPM,955037308,1763324883,10446
1763324884100125938,[ 39 223   0   0   0   0   0   0],2,262,Pump RPM,99705454,1763324884,10207
1763324884184337766,[ 38 225   0   0   0   0   0   0],2,262,Pump RPM,183980035,1763324884,9953
1763324884265778018,[ 38 104   0   0   0   0   0   0],2,262,Pump RPM,265588384,1763324884,9832
1763324884358451010,[38 37  0  0  0  0  0  0],2,262,Pump RPM,357697915,1763324884,9765
1763324884463037037,[ 37 225   0   0   0   0   0   0],2,262,Pump RPM,461378303,1763324884,9697
1763324884554441282,[ 37 227   0   0   0   0   0   0],2,262,Pump RPM,553887293,1763324884,9699
1763324884668675652,[ 37 255   0   0   0   0   0   0],2,262,Pump RPM,667840349,1763324884,9727
1763324884761561958,[38 10  0  0  0  0  0  0],2,262,Pump RPM,761317188,1763324884,9738
1763324884865470956,[ 37 216   0   0   0   0   0   0],2,262,Pump RPM,865001959,1763324884,9688
1763324884959904092,[38 61  0  0  0  0  0  0],2,262,Pump RPM,959066804,1763324884,9789
1763324885104850770,[ 38 217   0   0   0   0   0   0],2,262,Pump RPM,103622055,1763324885,9945
1763324885189740014,[39 22  0  0  0  0  0  0],2,262,Pump RPM,188920646,1763324885,10006
1763324885272131474,[39 32  0  0  0  0  0  0],2,262,Pump RPM,271841360,1763324885,10016
1763324885356355207,[ 39 102   0   0   0   0   0   0],2,262,Pump RPM,355484735,1763324885,10086
1763324885473137665,[ 39 174   0   0   0   0   0   0],2,262,Pump RPM,471486642,1763324885,10158
1763324885563327660,[ 39 229   0   0   0   0   0   0],2,262,Pump RPM,562517925,1763324885,10213
1763324885666893615,[40 83  0  0  0  0  0  0],2,262,Pump RPM,665991815,1763324885,10323
1763324885759407950,[ 40 164   0   0   0   0   0   0],2,262,Pump RPM,758899530,1763324885,10404
1763324885875949926,[ 40 193   0   0   0   0   0   0],2,262,Pump RPM,872909419,1763324885,10433
1763324885956380121,[41  5  0  0  0  0  0  0],2,262,Pump RPM,955725395,1763324885,10501
1763324886100970766,[41 42  0  0  0  0  0  0],2,262,Pump RPM,100403657,1763324886,10538
1763324886184931201,[41 66  0  0  0  0  0  0],2,262,Pump RPM,184185019,1763324886,10562
1763324886276848220,[ 41 155   0   0   0   0   0   0],2,262,Pump RPM,276620186,1763324886,10651
1763324886362129052,[ 41 219   0   0   0   0   0   0],2,262,Pump RPM,360808912,1763324886,10715
1763324886473935050,[ 41 233   0   0   0   0   0   0],2,262,Pump RPM,473739144,1763324886,10729
1763324886567533524,[ 41 229   0   0   0   0   0   0],2,262,Pump RPM,566944335,1763324886,10725
1763324886669785964,[ 41 229   0   0   0   0   0   0],2,262,Pump RPM,669501225,1763324886,10725
1763324886762633103,[ 41 223   0   0   0   0   0   0],2,262,Pump RPM,762089514,1763324886,10719
1763324886875448550,[ 41 244   0   0   0   0   0   0],2,262,Pump RPM,875250405,1763324886,10740
1763324886962176979,[ 41 215   0   0   0   0   0   0],2,262,Pump RPM,960960680,1763324886,10711
1763324887106469126,[ 41 234   0   0   0   0   0   0],2,262,Pump RPM,105189978,1763324887,10730
1763324887190834334,[ 41 146   0   0   0   0   0   0],2,262,Pump RPM,189947926,1763324887,10642
1763324887273326565,[41 62  0  0  0  0  0  0],2,262,Pump RPM,272459581,1763324887,10558
1763324887367637878,[41 24  0  0  0  0  0  0],2,262,Pump RPM,367013296,1763324887,10520
1763324887481108116,[ 40 238   0   0   0   0   0   0],2,262,Pump RPM,480697808,1763324887,10478
1763324887564152224,[41 23  0  0  0  0  0  0],2,262,Pump RPM,563324217,1763324887,10519
1763324887676662229,[41 87  0  0  0  0  0  0],2,262,Pump RPM,676209041,1763324887,10583
1763324887771173160,[ 41 108   0   0   0   0   0   0],2,262,Pump RPM,770804741,1763324887,10604
1763324887876361052,[ 41 196   0   0   0   0   0   0],2,262,Pump RPM,875119857,1763324887,10692
1763324887969956359,[ 41 224   0   0   0   0   0   0],2,262,Pump RPM,969152736,1763324887,10720
1763324888114262267,[ 41 218   0   0   0   0   0   0],2,262,Pump RPM,111856134,1763324888,10714
1763324888195575160,[ 41 209   0   0   0   0   0   0],2,262,Pump RPM,194958547,1763324888,10705
1763324888277695645,[ 41 213   0   0   0   0   0   0],2,262,Pump RPM,277444858,1763324888,10709
1763324888371805837,[ 41 215   0   0   0   0   0   0],2,262,Pump RPM,370624706,1763324888,10711
1763324888485546030,[ 41 213   0   0   0   0   0   0],2,262,Pump RPM,484442468,1763324888,10709
1763324888568269144,[ 41 229   0   0   0   0   0   0],2,262,Pump RPM,567532625,1763324888,10725
1763324888682737184,[ 41 238   0   0   0   0   0   0],2,262,Pump RPM,682402749,1763324888,10734
1763324888765781581,[ 41 185   0   0   0   0   0   0],2,262,Pump RPM,764672067,1763324888,10681
1763324888885910312,[ 41 217   0   0   0   0   0   0],2,262,Pump RPM,885263618,1763324888,10713
1763324888971007495,[ 41 229   0   0   0   0   0   0],2,262,Pump RPM,970560451,1763324888,10725
1763324889115816289,[ 41 235   0   0   0   0   0   0],2,262,Pump RPM,115084250,1763324889,10731
1763324889204810724,[ 41 174   0   0   0   0   0   0],2,262,Pump RPM,203741338,1763324889,10670
1763324889286289059,[ 41 129   0   0   0   0   0   0],2,262,Pump RPM,285807679,1763324889,10625
1763324889368965965,[ 40 218   0   0   0   0   0   0],2,262,Pump RPM,368346056,1763324889,10458
1763324889483727065,[40 83  0  0  0  0  0  0],2,262,Pump RPM,483232436,1763324889,10323
1763324889576764384,[ 39 106   0   0   0   0   0   0],2,262,Pump RPM,576232795,1763324889,10090
1763324889678906010,[ 37 157   0   0   0   0   0   0],2,262,Pump RPM,678676184,1763324889,9629
1763324889772349605,[ 35 253   0   0   0   0   0   0],2,262,Pump RPM,771693535,1763324889,9213
1763324889884606874,[35 64  0  0  0  0  0  0],2,262,Pump RPM,884132438,1763324889,9024
1763324889978885517,[34 85  0  0  0  0  0  0],2,262,Pump RPM,978429512,1763324889,8789
1763324890116207013,[ 33 232   0   0   0   0   0   0],2,262,Pump RPM,115641279,1763324890,8680
1763324890199187154,[ 33 164   0   0   0   0   0   0],2,262,Pump RPM,198606605,1763324890,8612
1763324890282292385,[32 94  0  0  0  0  0  0],2,262,Pump RPM,282040030,1763324890,8286
1763324890374190975,[ 30 232   0   0   0   0   0   0],2,262,Pump RPM,373770907,1763324890,7912
1763324890487406077,[ 29 192   0   0   0   0   0   0],2,262,Pump RPM,487033978,1763324890,7616
1763324890570852879,[ 28 167   0   0   0   0   0   0],2,262,Pump RPM,570457739,1763324890,7335
1763324890686736613,[ 27 123   0   0   0   0   0   0],2,262,Pump RPM,686339202,1763324890,7035
1763324890778138271,[26 30  0  0  0  0  0  0],2,262,Pump RPM,777556954,1763324890,6686
1763324890892173797,[24 58  0  0  0  0  0  0],2,262,Pump RPM,891733473,1763324890,6202
1763324890973689381,[ 22 176   0   0   0   0   0   0],2,262,Pump RPM,972870333,1763324890,5808
1763324891121874016,[ 21 113   0   0   0   0   0   0],2,262,Pump RPM,118520642,1763324891,5489
1763324891202267735,[ 20 170   0   0   0   0   0   0],2,262,Pump RPM,201180205,1763324891,5290
1763324891285291877,[ 19 228   0   0   0   0   0   0],2,262,Pump RPM,284326781,1763324891,5092
1763324891377850634,[ 18 232   0   0   0   0   0   0],2,262,Pump RPM,376455166,1763324891,4840
1763324891491576558,[18 24  0  0  0  0  0  0],2,262,Pump RPM,491053865,1763324891,4632
1763324891583977201,[17 31  0  0  0  0  0  0],2,262,Pump RPM,583447213,1763324891,4383
1763324891686952052,[16 87  0  0  0  0  0  0],2,262,Pump RPM,686433808,1763324891,4183
1763324891780327232,[ 15 109   0   0   0   0   0   0],2,262,Pump RPM,779173846,1763324891,3949
1763324891892725145,[ 14 180   0   0   0   0   0   0],2,262,Pump RPM,892437334,1763324891,3764
1763324891976960850,[ 13 213   0   0   0   0   0   0],2,262,Pump RPM,975640006,1763324891,3541
1763324892122766361,[13 45  0  0  0  0  0  0],2,262,Pump RPM,122439190,1763324892,3373
1763324892206287725,[12 80  0  0  0  0  0  0],2,262,Pump RPM,205857161,1763324892,3152
1763324892288798391,[ 11 190   0   0   0   0   0   0],2,262,Pump RPM,288542485,1763324892,3006
1763324892382296101,[11 72  0  0  0  0  0  0],2,262,Pump RPM,381783041,1763324892,2888
1763324892495380036,[ 10 164   0   0   0   0   0   0],2,262,Pump RPM,494615902,1763324892,2724
1763324892577913903,[10 30  0  0  0  0  0  0],2,262,Pump RPM,577379658,1763324892,2590
1763324892691651156,[  9 159   0   0   0   0   0   0],2,262,Pump RPM,691352690,1763324892,2463
1763324892785086370,[ 9 17  0  0  0  0  0  0],2,262,Pump RPM,784427580,1763324892,2321
1763324892896808853,[  8 158   0   0   0   0   0   0],2,262,Pump RPM,896471410,1763324892,2206
1763324892979335967,[ 8 13  0  0  0  0  0  0],2,262,Pump RPM,978578457,1763324892,2061
1763324893126519156,[  7 157   0   0   0   0   0   0],2,262,Pump RPM,125698157,1763324893,1949
1763324893209132416,[ 7 65  0  0  0  0  0  0],2,262,Pump RPM,208341529,1763324893,1857
1763324893290751300,[  6 243   0   0   0   0   0   0],2,262,Pump RPM,290515009,1763324893,1779
1763324893382558275,[  6 186   0   0   0   0   0   0],2,262,Pump RPM,382360513,1763324893,1722
1763324893496451850,[  6 139   0   0   0   0   0   0],2,262,Pump RPM,495591043,1763324893,1675
1763324893588520972,[  6 123   0   0   0   0   0   0],2,262,Pump RPM,587722821,1763324893,1659
1763324893693266561,[ 6 98  0  0  0  0  0  0],2,262,Pump RPM,692820381,1763324893,1634
1763324893788560160,[ 6 91  0  0  0  0  0  0],2,262,Pump RPM,787383317,1763324893,1627
1763324893901290365,[ 6 99  0  0  0  0  0  0],2,262,Pump RPM,900276244,1763324893,1635
1763324893987111686,[ 6 82  0  0  0  0  0  0],2,262,Pump RPM,986127517,1763324893,1618
1763324894133655318,[ 6 58  0  0  0  0  0  0],2,262,Pump RPM,132566412,1763324894,1594
1763324894215302778,[ 6 56  0  0  0  0  0  0],2,262,Pump RPM,214235857,1763324894,1592
1763324894299194195,[ 6 59  0  0  0  0  0  0],2,262,Pump RPM,298315787,1763324894,1595
1763324894393380649,[ 6 87  0  0  0  0  0  0],2,262,Pump RPM,392341567,1763324894,1623
1763324894497859548,[  6 136   0   0   0   0   0   0],2,262,Pump RPM,496242157,1763324894,1672
1763324894590525188,[  6 170   0   0   0   0   0   0],2,262,Pump RPM,589761661,1763324894,1706
1763324894695905375,[ 7 12  0  0  0  0  0  0],2,262,Pump RPM,695247897,1763324894,1804
1763324894789515024,[ 7 88  0  0  0  0  0  0],2,262,Pump RPM,788175747,1763324894,1880
1763324894903468537,[  7 158   0   0   0   0   0   0],2,262,Pump RPM,900832449,1763324894,1950
1763324894987734932,[  7 239   0   0   0   0   0   0],2,262,Pump RPM,986905005,1763324894,2031
1763324895128554514,[ 8 32  0  0  0  0  0  0],2,262,Pump RPM,127647498,1763324895,2080
1763324895213712919,[ 8 88  0  0  0  0  0  0],2,262,Pump RPM,212915215,1763324895,2136
1763324895307637131,[  8 133   0   0   0   0   0   0],2,262,Pump RPM,306882692,1763324895,2181
1763324895389571410,[  8 154   0   0   0   0   0   0],2,262,Pump RPM,389332976,1763324895,2202
1763324895503331034,[  8 179   0   0   0   0   0   0],2,262,Pump RPM,502055215,1763324895,2227
1763324895594391892,[  8 192   0   0   0   0   0   0],2,262,Pump RPM,593898352,1763324895,2240
1763324895707004882,[  8 203   0   0   0   0   0   0],2,262,Pump RPM,706365932,1763324895,2251
1763324895788585398,[  8 206   0   0   0   0   0   0],2,262,Pump RPM,788379477,1763324895,2254
1763324895901707609,[  8 218   0   0   0   0   0   0],2,262,Pump RPM,901149908,1763324895,2266
1763324895993174935,[  8 225   0   0   0   0   0   0],2,262,Pump RPM,992955285,1763324895,2273
1763324896136697582,[  8 232   0   0   0   0   0   0],2,262,Pump RPM,136270986,1763324896,2280
1763324896219197435,[  8 234   0   0   0   0   0   0],2,262,Pump RPM,218700215,1763324896,2282
1763324896301191012,[  8 230   0   0   0   0   0   0],2,262,Pump RPM,300733664,1763324896,2278
1763324896393074822,[  8 210   0   0   0   0   0   0],2,262,Pump RPM,392599970,1763324896,2258
1763324896506129513,[  8 193   0   0   0   0   0   0],2,262,Pump RPM,505363842,1763324896,2241
1763324896599997661,[  8 176   0   0   0   0   0   0],2,262,Pump RPM,599398040,1763324896,2224
1763324896702296766,[  8 145   0   0   0   0   0   0],2,262,Pump RPM,702017756,1763324896,2193
1763324896794593957,[  8 112   0   0   0   0   0   0],2,262,Pump RPM,794296290,1763324896,2160
1763324896907921002,[ 8 84  0  0  0  0  0  0],2,262,Pump RPM,907175907,1763324896,2132
1763324896999611530,[ 8 43  0  0  0  0  0  0],2,262,Pump RPM,999353960,1763324896,2091
1763324897135034873,[8 3 0 0 0 0 0 0],2,262,Pump RPM,134651126,1763324897,2051
1763324897221406282,[  7 230   0   0   0   0   0   0],2,262,Pump RPM,220548195,1763324897,2022
1763324897303376755,[  7 197   0   0   0   0   0   0],2,262,Pump RPM,302387082,1763324897,1989
1763324897394990068,[  7 170   0   0   0   0   0   0],2,262,Pump RPM,394486064,1763324897,1962
1763324897507497427,[  7 149   0   0   0   0   0   0],2,262,Pump RPM,507308401,1763324897,1941
1763324897600348607,[  7 130   0   0   0   0   0   0],2,262,Pump RPM,600142973,1763324897,1922
1763324897714950736,[  7 106   0   0   0   0   0   0],2,262,Pump RPM,712961310,1763324897,1898
1763324897795314379,[ 7 83  0  0  0  0  0  0],2,262,Pump RPM,795016488,1763324897,1875
1763324897908243149,[ 7 59  0  0  0  0  0  0],2,262,Pump RPM,907713193,1763324897,1851
1763324898000101968,[ 7 47  0  0  0  0  0  0],2,262,Pump RPM,999809134,1763324897,1839
1763324898144043278,[ 7 39  0  0  0  0  0  0],2,262,Pump RPM,143299623,1763324898,1831
1763324898226806815,[ 7 34  0  0  0  0  0  0],2,262,Pump RPM,226322907,1763324898,1826
1763324898308967882,[ 7 32  0  0  0  0  0  0],2,262,Pump RPM,308279844,1763324898,1824
1763324898401622005,[ 7 12  0  0  0  0  0  0],2,262,Pump RPM,401413171,1763324898,1804
1763324898514937916,[  6 253   0   0   0   0   0   0],2,262,Pump RPM,514523545,1763324898,1789
1763324898596643460,[  6 249   0   0   0   0   0   0],2,262,Pump RPM,596451362,1763324898,1785
1763324898709526439,[  6 251   0   0   0   0   0   0],2,262,Pump RPM,709255524,1763324898,1787
1763324898802127537,[  6 254   0   0   0   0   0   0],2,262,Pump RPM,801279241,1763324898,1790
1763324898917152744,[  6 248   0   0   0   0   0   0],2,262,Pump RPM,916741444,1763324898,1784
1763324899003342424,[  6 248   0   0   0   0   0   0],2,262,Pump RPM,2702706,1763324899,1784
1763324899148099006,[  6 234   0   0   0   0   0   0],2,262,Pump RPM,147684602,1763324899,1770
1763324899230780111,[  6 225   0   0   0   0   0   0],2,262,Pump RPM,229817414,1763324899,1761
1763324899312395318,[  6 228   0   0   0   0   0   0],2,262,Pump RPM,312005074,1763324899,1764
1763324899405554118,[  6 220   0   0   0   0   0   0],2,262,Pump RPM,405257284,1763324899,1756
1763324899512930552,[  6 211   0   0   0   0   0   0],2,262,Pump RPM,511748557,1763324899,1747
1763324899604715996,[  6 202   0   0   0   0   0   0],2,262,Pump RPM,603861876,1763324899,1738
1763324899718157189,[  6 205   0   0   0   0   0   0],2,262,Pump RPM,716758936,1763324899,1741
1763324899812049788,[  6 206   0   0   0   0   0   0],2,262,Pump RPM,810023497,1763324899,1742
1763324899917214329,[  6 209   0   0   0   0   0   0],2,262,Pump RPM,916552371,1763324899,1745
1763324900011728822,[  6 208   0   0   0   0   0   0],2,262,Pump RPM,11078320,1763324900,1744
1763324900145992926,[  6 210   0   0   0   0   0   0],2,262,Pump RPM,145674811,1763324900,1746
1763324900230180253,[  6 209   0   0   0   0   0   0],2,262,Pump RPM,229508823,1763324900,1745
1763324900321912257,[  6 217   0   0   0   0   0   0],2,262,Pump RPM,321736256,1763324900,1753
1763324900405217337,[  6 229   0   0   0   0   0   0],2,262,Pump RPM,404741236,1763324900,1765
1763324900517691706,[  6 231   0   0   0   0   0   0],2,262,Pump RPM,517410199,1763324900,1767
1763324900611631442,[  6 220   0   0   0   0   0   0],2,262,Pump RPM,610994988,1763324900,1756
1763324900724237044,[  6 230   0   0   0   0   0   0],2,262,Pump RPM,723778480,1763324900,1766
1763324900806277152,[  6 241   0   0   0   0   0   0],2,262,Pump RPM,805761851,1763324900,1777
1763324900919552136,[  6 238   0   0   0   0   0   0],2,262,Pump RPM,919341990,1763324900,1774
1763324901012183893,[  6 235   0   0   0   0   0   0],2,262,Pump RPM,11453454,1763324901,1771
1763324901158539212,[  6 236   0   0   0   0   0   0],2,262,Pump RPM,156396952,1763324901,1772
1763324901241041660,[  6 237   0   0   0   0   0   0],2,262,Pump RPM,240523256,1763324901,1773
1763324901323411052,[  6 230   0   0   0   0   0   0],2,262,Pump RPM,322688037,1763324901,1766
1763324901415887319,[  6 232   0   0   0   0   0   0],2,262,Pump RPM,415039664,1763324901,1768
1763324901518627745,[  6 228   0   0   0   0   0   0],2,262,Pump RPM,517870138,1763324901,1764
1763324901611355119,[  6 223   0   0   0   0   0   0],2,262,Pump RPM,610718985,1763324901,1759
1763324901724915003,[  6 220   0   0   0   0   0   0],2,262,Pump RPM,724352885,1763324901,1756
1763324901816665568,[  6 231   0   0   0   0   0   0],2,262,Pump RPM,816153851,1763324901,1767
1763324901923021226,[  6 215   0   0   0   0   0   0],2,262,Pump RPM,919724684,1763324901,1751
1763324902012629339,[  6 216   0   0   0   0   0   0],2,262,Pump RPM,12203735,1763324902,1752
1763324902156676927,[  6 213   0   0   0   0   0   0],2,262,Pump RPM,156092153,1763324902,1749
1763324902239676148,[  6 213   0   0   0   0   0   0],2,262,Pump RPM,239379154,1763324902,1749
1763324902325356707,[  6 218   0   0   0   0   0   0],2,262,Pump RPM,324682653,1763324902,1754
1763324902415537754,[  6 212   0   0   0   0   0   0],2,262,Pump RPM,415303832,1763324902,1748
1763324902529506571,[  6 216   0   0   0   0   0   0],2,262,Pump RPM,529330441,1763324902,1752
1763324902612983973,[  6 218   0   0   0   0   0   0],2,262,Pump RPM,612266942,1763324902,1754
1763324902728164065,[  6 219   0   0   0   0   0   0],2,262,Pump RPM,727069271,1763324902,1755
1763324902820013191,[  6 220   0   0   0   0   0   0],2,262,Pump RPM,819674436,1763324902,1756
1763324902923111829,[  6 226   0   0   0   0   0   0],2,262,Pump RPM,922580816,1763324902,1762
1763324903017893014,[  6 230   0   0   0   0   0   0],2,262,Pump RPM,17101391,1763324903,1766
1763324903161209172,[  6 233   0   0   0   0   0   0],2,262,Pump RPM,160538382,1763324903,1769
1763324903245066738,[  6 234   0   0   0   0   0   0],2,262,Pump RPM,244885201,1763324903,1770
1763324903327321122,[  6 233   0   0   0   0   0   0],2,262,Pump RPM,327096288,1763324903,1769
1763324903421548415,[  6 232   0   0   0   0   0   0],2,262,Pump RPM,421229276,1763324903,1768
1763324903525855704,[  6 209   0   0   0   0   0   0],2,262,Pump RPM,525539573,1763324903,1745
1763324903619231246,[  6 195   0   0   0   0   0   0],2,262,Pump RPM,619013644,1763324903,1731
1763324903734593996,[  6 193   0   0   0   0   0   0],2,262,Pump RPM,733920902,1763324903,1729
1763324903816040212,[  6 193   0   0   0   0   0   0],2,262,Pump RPM,815626833,1763324903,1729
1763324903932633022,[  6 195   0   0   0   0   0   0],2,262,Pump RPM,932122329,1763324903,1731
1763324904025034218,[  6 212   0   0   0   0   0   0],2,262,Pump RPM,24376388,1763324904,1748
1763324904160848805,[  6 238   0   0   0   0   0   0],2,262,Pump RPM,160048029,1763324904,1774
1763324904243600442,[  6 250   0   0   0   0   0   0],2,262,Pump RPM,243078773,1763324904,1786
1763324904336074183,[  6 245   0   0   0   0   0   0],2,262,Pump RPM,335096095,1763324904,1781
1763324904417900788,[7 4 0 0 0 0 0 0],2,262,Pump RPM,417544977,1763324904,1796
1763324904530346296,[7 9 0 0 0 0 0 0],2,262,Pump RPM,529791795,1763324904,1801
1763324904624183283,[7 1 0 0 0 0 0 0],2,262,Pump RPM,622422787,1763324904,1793
1763324904737078075,[7 0 0 0 0 0 0 0],2,262,Pump RPM,736488726,1763324904,1792
1763324904820398454,[  6 252   0   0   0   0   0   0],2,262,Pump RPM,819339724,1763324904,1788
1763324904933226142,[7 5 0 0 0 0 0 0],2,262,Pump RPM,932910907,1763324904,1797
1763324905025456233,[ 7 14  0  0  0  0  0  0],2,262,Pump RPM,24984357,1763324905,1806
1763324905168876234,[ 7 30  0  0  0  0  0  0],2,262,Pump RPM,168459527,1763324905,1822
1763324905251624800,[ 7 55  0  0  0  0  0  0],2,262,Pump RPM,251039515,1763324905,1847
1763324905333639247,[ 7 98  0  0  0  0  0  0],2,262,Pump RPM,333095114,1763324905,1890
1763324905426085309,[  7 142   0   0   0   0   0   0],2,262,Pump RPM,425849467,1763324905,1934
1763324905539474411,[  7 180   0   0   0   0   0   0],2,262,Pump RPM,539098408,1763324905,1972
1763324905626110404,[  7 227   0   0   0   0   0   0],2,262,Pump RPM,625616000,1763324905,2019
1763324905739878774,[8 8 0 0 0 0 0 0],2,262,Pump RPM,739177296,1763324905,2056
1763324905824332411,[ 8 52  0  0  0  0  0  0],2,262,Pump RPM,823562804,1763324905,2100
1763324905936442910,[ 8 88  0  0  0  0  0  0],2,262,Pump RPM,936073146,1763324905,2136
1763324906030054423,[  8 161   0   0   0   0   0   0],2,262,Pump RPM,29517810,1763324906,2209
1763324906172728818,[  8 234   0   0   0   0   0   0],2,262,Pump RPM,172251694,1763324906,2282
1763324906257648828,[ 9 42  0  0  0  0  0  0],2,262,Pump RPM,257088951,1763324906,2346
1763324906341349659,[  9 104   0   0   0   0   0   0],2,262,Pump RPM,340547860,1763324906,2408
1763324906423542508,[  9 176   0   0   0   0   0   0],2,262,Pump RPM,422637060,1763324906,2480
1763324906536315926,[10 28  0  0  0  0  0  0],2,262,Pump RPM,536106068,1763324906,2588
1763324906630113265,[ 10 112   0   0   0   0   0   0],2,262,Pump RPM,629521292,1763324906,2672
1763324906742810842,[ 10 183   0   0   0   0   0   0],2,262,Pump RPM,741719280,1763324906,2743
1763324906825213741,[ 10 204   0   0   0   0   0   0],2,262,Pump RPM,824577287,1763324906,2764
1763324906937745844,[ 10 203   0   0   0   0   0   0],2,262,Pump RPM,936969453,1763324906,2763
1763324907030043298,[ 10 174   0   0   0   0   0   0],2,262,Pump RPM,29736063,1763324907,2734
1763324907173964362,[ 10 158   0   0   0   0   0   0],2,262,Pump RPM,173764200,1763324907,2718
1763324907257434344,[ 10 110   0   0   0   0   0   0],2,262,Pump RPM,257242182,1763324907,2670
1763324907339698874,[10 86  0  0  0  0  0  0],2,262,Pump RPM,339461656,1763324907,2646
1763324907433078803,[10 39  0  0  0  0  0  0],2,262,Pump RPM,432838608,1763324907,2599
1763324907546016478,[  9 252   0   0   0   0   0   0],2,262,Pump RPM,545779708,1763324907,2556
1763324907630050209,[  9 206   0   0   0   0   0   0],2,262,Pump RPM,627820525,1763324907,2510
1763324907741905475,[  9 164   0   0   0   0   0   0],2,262,Pump RPM,741372670,1763324907,2468
1763324907833806574,[  9 160   0   0   0   0   0   0],2,262,Pump RPM,833386666,1763324907,2464
1763324907939111251,[  9 147   0   0   0   0   0   0],2,262,Pump RPM,938324332,1763324907,2451
1763324908034081403,[  9 142   0   0   0   0   0   0],2,262,Pump RPM,33709239,1763324908,2446
1763324908179296464,[  9 111   0   0   0   0   0   0],2,262,Pump RPM,178007044,1763324908,2415
1763324908262075240,[  9 105   0   0   0   0   0   0],2,262,Pump RPM,261339361,1763324908,2409
1763324908344945312,[ 9 91  0  0  0  0  0  0],2,262,Pump RPM,344236378,1763324908,2395
1763324908439151073,[  9 118   0   0   0   0   0   0],2,262,Pump RPM,438937919,1763324908,2422
1763324908542151827,[  9 151   0   0   0   0   0   0],2,262,Pump RPM,541390316,1763324908,2455
1763324908637253403,[  9 173   0   0   0   0   0   0],2,262,Pump RPM,636401684,1763324908,2477
1763324908748813628,[  9 175   0   0   0   0   0   0],2,262,Pump RPM,747901235,1763324908,2479
1763324908832045752,[  9 164   0   0   0   0   0   0],2,262,Pump RPM,831512275,1763324908,2468
1763324908948149857,[  9 169   0   0   0   0   0   0],2,262,Pump RPM,946454322,1763324908,2473
1763324909040911541,[  9 184   0   0   0   0   0   0],2,262,Pump RPM,40245775,1763324909,2488
1763324909174191230,[  9 180   0   0   0   0   0   0],2,262,Pump RPM,173609560,1763324909,2484
1763324909257514523,[  9 176   0   0   0   0   0   0],2,262,Pump RPM,256720724,1763324909,2480
1763324909350693171,[  9 194   0   0   0   0   0   0],2,262,Pump RPM,350316400,1763324909,2498
1763324909434884825,[  9 215   0   0   0   0   0   0],2,262,Pump RPM,434498677,1763324909,2519
1763324909549112594,[  9 229   0   0   0   0   0   0],2,262,Pump RPM,548040744,1763324909,2533
1763324909641583492,[  9 235   0   0   0   0   0   0],2,262,Pump RPM,641125728,1763324909,2539
1763324909745942371,[  9 239   0   0   0   0   0   0],2,262,Pump RPM,743747790,1763324909,2543
1763324909837163497,[  9 246   0   0   0   0   0   0],2,262,Pump RPM,836945319,1763324909,2550
1763324909952583277,[  9 244   0   0   0   0   0   0],2,262,Pump RPM,951983688,1763324909,2548
1763324910035443303,[10  5  0  0  0  0  0  0],2,262,Pump RPM,34901730,1763324910,2565
1763324910179580692,[  9 246   0   0   0   0   0   0],2,262,Pump RPM,179407730,1763324910,2550
1763324910262521263,[  9 241   0   0   0   0   0   0],2,262,Pump RPM,261964938,1763324910,2545
1763324910346949527,[  9 217   0   0   0   0   0   0],2,262,Pump RPM,346144144,1763324910,2521
1763324910441545949,[  9 237   0   0   0   0   0   0],2,262,Pump RPM,439070854,1763324910,2541
1763324910552460409,[10  4  0  0  0  0  0  0],2,262,Pump RPM,551510448,1763324910,2564
1763324910645283310,[10 39  0  0  0  0  0  0],2,262,Pump RPM,644900459,1763324910,2599
1763324910748227937,[10 40  0  0  0  0  0  0],2,262,Pump RPM,747531067,1763324910,2600
1763324910843396780,[10 37  0  0  0  0  0  0],2,262,Pump RPM,842655461,1763324910,2597
1763324910957339940,[10 51  0  0  0  0  0  0],2,262,Pump RPM,956901472,1763324910,2611
1763324911041261960,[10 78  0  0  0  0  0  0],2,262,Pump RPM,41010502,1763324911,2638
1763324911186625474,[ 10 115   0   0   0   0   0   0],2,262,Pump RPM,186097501,1763324911,2675
1763324911271789042,[ 10 134   0   0   0   0   0   0],2,262,Pump RPM,270249251,1763324911,2694
1763324911353497730,[ 10 145   0   0   0   0   0   0],2,262,Pump RPM,352964541,1763324911,2705
1763324911447374306,[ 10 187   0   0   0   0   0   0],2,262,Pump RPM,447024446,1763324911,2747
1763324911551024220,[ 10 238   0   0   0   0   0   0],2,262,Pump RPM,550217268,1763324911,2798
1763324911644241365,[ 10 244   0   0   0   0   0   0],2,262,Pump RPM,644035092,1763324911,2804
1763324911759021750,[11  0  0  0  0  0  0  0],2,262,Pump RPM,758210926,1763324911,2816
1763324911842011314,[ 10 253   0   0   0   0   0   0],2,262,Pump RPM,841272395,1763324911,2813
1763324911956769970,[11 18  0  0  0  0  0  0],2,262,Pump RPM,956185196,1763324911,2834
1763324912051199543,[11 40  0  0  0  0  0  0],2,262,Pump RPM,50839636,1763324912,2856
1763324912187277085,[11 43  0  0  0  0  0  0],2,262,Pump RPM,186343956,1763324912,2859
1763324912270815038,[11 24  0  0  0  0  0  0],2,262,Pump RPM,270287065,1763324912,2840
1763324912353910300,[11 21  0  0  0  0  0  0],2,262,Pump RPM,353192469,1763324912,2837
1763324912446594257,[ 10 253   0   0   0   0   0   0],2,262,Pump RPM,445925675,1763324912,2813
1763324912559987078,[ 10 245   0   0   0   0   0   0],2,262,Pump RPM,559655107,1763324912,2805
1763324912654140777,[ 10 250   0   0   0   0   0   0],2,262,Pump RPM,653178240,1763324912,2810
1763324912756893788,[ 10 241   0   0   0   0   0   0],2,262,Pump RPM,756203477,1763324912,2801
1763324912849490513,[ 10 225   0   0   0   0   0   0],2,262,Pump RPM,848903371,1763324912,2785
1763324912965170426,[ 10 212   0   0   0   0   0   0],2,262,Pump RPM,964184593,1763324912,2772
1763324913047827124,[ 10 206   0   0   0   0   0   0],2,262,Pump RPM,47641010,1763324913,2766
1763324913200305202,[ 10 206   0   0   0   0   0   0],2,262,Pump RPM,195895241,1763324913,2766
1763324913280903161,[ 10 196   0   0   0   0   0   0],2,262,Pump RPM,280544534,1763324913,2756
1763324913365358788,[ 10 184   0   0   0   0   0   0],2,262,Pump RPM,364178745,1763324913,2744
1763324913447541625,[ 10 154   0   0   0   0   0   0],2,262,Pump RPM,446110732,1763324913,2714
1763324913560663340,[ 10 154   0   0   0   0   0   0],2,262,Pump RPM,560251368,1763324913,2714
1763324913654896657,[ 10 144   0   0   0   0   0   0],2,262,Pump RPM,654523214,1763324913,2704
1763324913760127035,[ 10 147   0   0   0   0   0   0],2,262,Pump RPM,758226282,1763324913,2707
1763324913852935315,[ 10 162   0   0   0   0   0   0],2,262,Pump RPM,851395269,1763324913,2722
1763324913965087837,[ 10 209   0   0   0   0   0   0],2,262,Pump RPM,964367510,1763324913,2769
1763324914056569001,[11 19  0  0  0  0  0  0],2,262,Pump RPM,56314630,1763324914,2835
1763324914192251821,[11 52  0  0  0  0  0  0],2,262,Pump RPM,190530333,1763324914,2868
1763324914276402549,[ 11 119   0   0   0   0   0   0],2,262,Pump RPM,275921809,1763324914,2935
1763324914370034741,[12 49  0  0  0  0  0  0],2,262,Pump RPM,368808266,1763324914,3121
1763324914451557286,[ 12 129   0   0   0   0   0   0],2,262,Pump RPM,451228962,1763324914,3201
1763324914567170896,[ 12 174   0   0   0   0   0   0],2,262,Pump RPM,566616075,1763324914,3246
1763324914657608723,[ 12 219   0   0   0   0   0   0],2,262,Pump RPM,657286672,1763324914,3291
1763324914762537659,[13 36  0  0  0  0  0  0],2,262,Pump RPM,760682634,1763324914,3364
1763324914853839910,[ 13 142   0   0   0   0   0   0],2,262,Pump RPM,853381825,1763324914,3470
1763324914967425150,[14 83  0  0  0  0  0  0],2,262,Pump RPM,967013946,1763324914,3667
1763324915061828261,[15 19  0  0  0  0  0  0],2,262,Pump RPM,61136383,1763324915,3859
1763324915196995110,[16  7  0  0  0  0  0  0],2,262,Pump RPM,196351872,1763324915,4103
1763324915279764002,[ 16 251   0   0   0   0   0   0],2,262,Pump RPM,279506688,1763324915,4347
1763324915364100621,[ 17 249   0   0   0   0   0   0],2,262,Pump RPM,363824682,1763324915,4601
1763324915458432148,[ 18 224   0   0   0   0   0   0],2,262,Pump RPM,458035856,1763324915,4832
1763324915564036291,[ 19 147   0   0   0   0   0   0],2,262,Pump RPM,563390077,1763324915,5011
1763324915660514494,[20 99  0  0  0  0  0  0],2,262,Pump RPM,657521603,1763324915,5219
1763324915773057006,[ 20 245   0   0   0   0   0   0],2,262,Pump RPM,772511913,1763324915,5365
1763324915856041868,[ 20 248   0   0   0   0   0   0],2,262,Pump RPM,855269637,1763324915,5368
1763324915971220692,[ 20 186   0   0   0   0   0   0],2,262,Pump RPM,970651055,1763324915,5306
1763324916064221455,[20 81  0  0  0  0  0  0],2,262,Pump RPM,63398632,1763324916,5201
1763324916197937059,[ 19 234   0   0   0   0   0   0],2,262,Pump RPM,197752674,1763324916,5098
1763324916281790443,[ 19 127   0   0   0   0   0   0],2,262,Pump RPM,281301798,1763324916,4991
1763324916376517462,[19 65  0  0  0  0  0  0],2,262,Pump RPM,376197171,1763324916,4929
1763324916462011532,[19 21  0  0  0  0  0  0],2,262,Pump RPM,460699488,1763324916,4885
1763324916573764117,[19 36  0  0  0  0  0  0],2,262,Pump RPM,573564180,1763324916,4900
1763324916656522706,[19 59  0  0  0  0  0  0],2,262,Pump RPM,655879180,1763324916,4923
1763324916771791868,[19 74  0  0  0  0  0  0],2,262,Pump RPM,770892980,1763324916,4938
1763324916864411348,[19 85  0  0  0  0  0  0],2,262,Pump RPM,863839151,1763324916,4949
1763324916976935940,[19 72  0  0  0  0  0  0],2,262,Pump RPM,976598945,1763324916,4936
1763324917059225213,[19 87  0  0  0  0  0  0],2,262,Pump RPM,58582039,1763324917,4951
1763324917204432669,[ 19 130   0   0   0   0   0   0],2,262,Pump RPM,203842807,1763324917,4994
1763324917286859447,[ 19 172   0   0   0   0   0   0],2,262,Pump RPM,286216977,1763324917,5036
1763324917369719190,[ 19 178   0   0   0   0   0   0],2,262,Pump RPM,369394483,1763324917,5042
1763324917462416591,[ 19 174   0   0   0   0   0   0],2,262,Pump RPM,461983403,1763324917,5038
1763324917575104770,[ 19 184   0   0   0   0   0   0],2,262,Pump RPM,574602909,1763324917,5048
1763324917668762948,[ 19 189   0   0   0   0   0   0],2,262,Pump RPM,668253088,1763324917,5053
1763324917772524388,[ 19 206   0   0   0   0   0   0],2,262,Pump RPM,771190008,1763324917,5070
1763324917866171847,[20 14  0  0  0  0  0  0],2,262,Pump RPM,864765370,1763324917,5134
1763324917981074542,[20 60  0  0  0  0  0  0],2,262,Pump RPM,980212454,1763324917,5180
1763324918064904790,[ 20 185   0   0   0   0   0   0],2,262,Pump RPM,63126117,1763324918,5305
1763324918207133947,[ 21 207   0   0   0   0   0   0],2,262,Pump RPM,206888824,1763324918,5583
1763324918291373415,[23 56  0  0  0  0  0  0],2,262,Pump RPM,290975459,1763324918,5944
1763324918374216166,[ 24 100   0   0   0   0   0   0],2,262,Pump RPM,373683489,1763324918,6244
1763324918466648510,[25 33  0  0  0  0  0  0],2,262,Pump RPM,465925527,1763324918,6433
1763324918580543580,[ 25 146   0   0   0   0   0   0],2,262,Pump RPM,579499794,1763324918,6546
1763324918664648007,[ 25 163   0   0   0   0   0   0],2,262,Pump RPM,663684574,1763324918,6563
1763324918777259962,[ 25 219   0   0   0   0   0   0],2,262,Pump RPM,776881174,1763324918,6619
1763324918872042247,[ 25 196   0   0   0   0   0   0],2,262,Pump RPM,870598010,1763324918,6596
1763324918983655185,[ 26 101   0   0   0   0   0   0],2,262,Pump RPM,983206508,1763324918,6757
1763324919067594010,[28 57  0  0  0  0  0  0],2,262,Pump RPM,66241774,1763324919,7225
1763324919209974178,[ 29 198   0   0   0   0   0   0],2,262,Pump RPM,209512830,1763324919,7622
1763324919294193038,[31 18  0  0  0  0  0  0],2,262,Pump RPM,293276742,1763324919,7954
1763324919376213606,[32 86  0  0  0  0  0  0],2,262,Pump RPM,375729826,1763324919,8278
1763324919470808979,[ 33 159   0   0   0   0   0   0],2,262,Pump RPM,468603263,1763324919,8607
1763324919582275164,[35 15  0  0  0  0  0  0],2,262,Pump RPM,581672886,1763324919,8975
1763324919674972311,[ 36 111   0   0   0   0   0   0],2,262,Pump RPM,674191120,1763324919,9327
1763324919780125062,[ 37 129   0   0   0   0   0   0],2,262,Pump RPM,778873018,1763324919,9601
1763324919874684466,[ 38 149   0   0   0   0   0   0],2,262,Pump RPM,874025740,1763324919,9877
1763324919979659359,[ 39 160   0   0   0   0   0   0],2,262,Pump RPM,978046448,1763324919,10144
1763324920072401179,[40 21  0  0  0  0  0  0],2,262,Pump RPM,72175225,1763324920,10261
1763324920217361147,[ 40 193   0   0   0   0   0   0],2,262,Pump RPM,216728661,1763324920,10433
1763324920301569544,[41 52  0  0  0  0  0  0],2,262,Pump RPM,301100644,1763324920,10548
1763324920382523351,[ 41 145   0   0   0   0   0   0],2,262,Pump RPM,382124339,1763324920,10641
1763324920479336793,[ 41 244   0   0   0   0   0   0],2,262,Pump RPM,478352368,1763324920,10740
1763324920585193903,[ 41 237   0   0   0   0   0   0],2,262,Pump RPM,584444104,1763324920,10733
1763324920677450343,[ 41 244   0   0   0   0   0   0],2,262,Pump RPM,676858145,1763324920,10740
1763324920780984551,[42  0  0  0  0  0  0  0],2,262,Pump RPM,779727099,1763324920,10752
1763324920873396928,[ 41 242   0   0   0   0   0   0],2,262,Pump RPM,872294038,1763324920,10738
1763324920986473977,[ 41 222   0   0   0   0   0   0],2,262,Pump RPM,985357359,1763324920,10718
1763324921081874926,[42  4  0  0  0  0  0  0],2,262,Pump RPM,79760219,1763324921,10756
1763324921214006073,[42  7  0  0  0  0  0  0],2,262,Pump RPM,213347667,1763324921,10759
1763324921298669739,[ 41 131   0   0   0   0   0   0],2,262,Pump RPM,297912836,1763324921,10627
1763324921392048014,[ 40 111   0   0   0   0   0   0],2,262,Pump RPM,390845155,1763324921,10351
1763324921474691949,[ 39 139   0   0   0   0   0   0],2,262,Pump RPM,473929190,1763324921,10123
1763324921589039378,[38 74  0  0  0  0  0  0],2,262,Pump RPM,588133738,1763324921,9802
1763324921681042600,[ 37 245   0   0   0   0   0   0],2,262,Pump RPM,680727302,1763324921,9717
1763324921787322531,[ 37 163   0   0   0   0   0   0],2,262,Pump RPM,786392186,1763324921,9635
1763324921879343673,[37 46  0  0  0  0  0  0],2,262,Pump RPM,878014125,1763324921,9518
1763324921992652757,[ 36 206   0   0   0   0   0   0],2,262,Pump RPM,991765485,1763324921,9422
1763324922075679384,[ 36 129   0   0   0   0   0   0],2,262,Pump RPM,74797680,1763324922,9345
1763324922220171287,[ 36 179   0   0   0   0   0   0],2,262,Pump RPM,219483985,1763324922,9395
1763324922303250267,[ 36 204   0   0   0   0   0   0],2,262,Pump RPM,302957272,1763324922,9420
1763324922387497162,[ 36 244   0   0   0   0   0   0],2,262,Pump RPM,386859012,1763324922,9460
1763324922480573706,[ 36 250   0   0   0   0   0   0],2,262,Pump RPM,479325951,1763324922,9466
1763324922593635397,[ 37 114   0   0   0   0   0   0],2,262,Pump RPM,593024991,1763324922,9586
1763324922677578065,[ 37 207   0   0   0   0   0   0],2,262,Pump RPM,675681087,1763324922,9679
1763324922789289151,[ 37 254   0   0   0   0   0   0],2,262,Pump RPM,788981564,1763324922,9726
1763324922882984517,[38 59  0  0  0  0  0  0],2,262,Pump RPM,882060253,1763324922,9787
1763324922997099081,[ 38 129   0   0   0   0   0   0],2,262,Pump RPM,996448035,1763324922,9857
1763324923078071258,[ 38 189   0   0   0   0   0   0],2,262,Pump RPM,77844920,1763324923,9917
1763324923224479404,[39 16  0  0  0  0  0  0],2,262,Pump RPM,222991550,1763324923,10000
1763324923311410708,[ 39 166   0   0   0   0   0   0],2,262,Pump RPM,308252183,1763324923,10150
1763324923390564564,[ 39 208   0   0   0   0   0   0],2,262,Pump RPM,390309842,1763324923,10192
1763324923483021264,[40 46  0  0  0  0  0  0],2,262,Pump RPM,482687597,1763324923,10286
1763324923596716241,[ 40 121   0   0   0   0   0   0],2,262,Pump RPM,596273005,1763324923,10361
1763324923689766738,[ 40 134   0   0   0   0   0   0],2,262,Pump RPM,688797769,1763324923,10374
1763324923798613254,[ 40 211   0   0   0   0   0   0],2,262,Pump RPM,796563475,1763324923,10451
1763324923886421719,[41 41  0  0  0  0  0  0],2,262,Pump RPM,885377709,1763324923,10537
1763324923999185871,[41 89  0  0  0  0  0  0],2,262,Pump RPM,998552714,1763324923,10585
1763324924083037020,[ 41 140   0   0   0   0   0   0],2,262,Pump RPM,82579191,1763324924,10636
1763324924229285293,[ 41 211   0   0   0   0   0   0],2,262,Pump RPM,228025313,1763324924,10707
1763324924310721123,[ 41 248   0   0   0   0   0   0],2,262,Pump RPM,310082397,1763324924,10744
1763324924393154338,[ 41 244   0   0   0   0   0   0],2,262,Pump RPM,392560956,1763324924,10740
1763324924486453222,[ 41 252   0   0   0   0   0   0],2,262,Pump RPM,486234148,1763324924,10748
1763324924600325066,[ 41 228   0   0   0   0   0   0],2,262,Pump RPM,600076520,1763324924,10724
1763324924682602024,[ 41 229   0   0   0   0   0   0],2,262,Pump RPM,682098275,1763324924,10725
1763324924799694057,[ 41 252   0   0   0   0   0   0],2,262,Pump RPM,798055130,1763324924,10748
1763324924892450377,[ 41 231   0   0   0   0   0   0],2,262,Pump RPM,890457686,1763324924,10727
1763324924998095520,[ 41 227   0   0   0   0   0   0],2,262,Pump RPM,996908373,1763324924,10723
1763324925089618228,[ 41 203   0   0   0   0   0   0],2,262,Pump RPM,89375570,1763324925,10699
1763324925235594564,[ 41 205   0   0   0   0   0   0],2,262,Pump RPM,234874621,1763324925,10701
1763324925317728833,[ 41 213   0   0   0   0   0   0],2,262,Pump RPM,317405086,1763324925,10709
1763324925401179658,[ 41 194   0   0   0   0   0   0],2,262,Pump RPM,400539396,1763324925,10690
1763324925496367969,[ 41 211   0   0   0   0   0   0],2,262,Pump RPM,495531929,1763324925,10707
1763324925597861554,[ 41 207   0   0   0   0   0   0],2,262,Pump RPM,597519215,1763324925,10703
1763324925693082473,[ 41 204   0   0   0   0   0   0],2,262,Pump RPM,692808679,1763324925,10700
1763324925805916580,[ 41 220   0   0   0   0   0   0],2,262,Pump RPM,805309119,1763324925,10716
1763324925889526863,[ 41 215   0   0   0   0   0   0],2,262,Pump RPM,888835241,1763324925,10711
1763324926003905656,[ 41 209   0   0   0   0   0   0],2,262,Pump RPM,3130385,1763324926,10705
1763324926096153364,[ 41 196   0   0   0   0   0   0],2,262,Pump RPM,95772113,1763324926,10692
1763324926230555097,[ 41 194   0   0   0   0   0   0],2,262,Pump RPM,230130677,1763324926,10690
1763324926313775361,[ 41 240   0   0   0   0   0   0],2,262,Pump RPM,313249756,1763324926,10736
1763324926406607010,[ 41 191   0   0   0   0   0   0],2,262,Pump RPM,405939964,1763324926,10687
1763324926489976236,[ 41 219   0   0   0   0   0   0],2,262,Pump RPM,488579679,1763324926,10715
1763324926604369526,[ 41 222   0   0   0   0   0   0],2,262,Pump RPM,602876936,1763324926,10718
1763324926694911458,[ 41 192   0   0   0   0   0   0],2,262,Pump RPM,694531838,1763324926,10688
1763324926807427163,[ 41 203   0   0   0   0   0   0],2,262,Pump RPM,807195289,1763324926,10699
1763324926900755873,[ 41 212   0   0   0   0   0   0],2,262,Pump RPM,900105627,1763324926,10708
1763324927002985242,[ 41 217   0   0   0   0   0   0],2,262,Pump RPM,2505141,1763324927,10713
1763324927095537817,[ 41 189   0   0   0   0   0   0],2,262,Pump RPM,94913428,1763324927,10685
1763324927239238710,[ 41 195   0   0   0   0   0   0],2,262,Pump RPM,238860083,1763324927,10691
1763324927322467711,[ 41 204   0   0   0   0   0   0],2,262,Pump RPM,321577718,1763324927,10700
1763324927406140971,[ 41 210   0   0   0   0   0   0],2,262,Pump RPM,405864297,1763324927,10706
1763324927499785525,[ 41 210   0   0   0   0   0   0],2,262,Pump RPM,498414376,1763324927,10706
1763324927603744607,[ 41 202   0   0   0   0   0   0],2,262,Pump RPM,603245626,1763324927,10698
1763324927698524563,[ 41 198   0   0   0   0   0   0],2,262,Pump RPM,697629323,1763324927,10694
1763324927810707274,[ 41 200   0   0   0   0   0   0],2,262,Pump RPM,810421191,1763324927,10696
1763324927905328445,[ 41 216   0   0   0   0   0   0],2,262,Pump RPM,902361249,1763324927,10712
1763324928005514020,[ 41 210   0   0   0   0   0   0],2,262,Pump RPM,4890046,1763324928,10706
1763324928098435047,[ 41 186   0   0   0   0   0   0],2,262,Pump RPM,96849208,1763324928,10682
1763324928243877781,[ 41 205   0   0   0   0   0   0],2,262,Pump RPM,243378193,1763324928,10701
1763324928329069649,[ 41 199   0   0   0   0   0   0],2,262,Pump RPM,326408344,1763324928,10695
1763324928408876250,[ 41 210   0   0   0   0   0   0],2,262,Pump RPM,408505207,1763324928,10706
1763324928504010450,[ 41 214   0   0   0   0   0   0],2,262,Pump RPM,501306457,1763324928,10710
1763324928614700636,[ 41 213   0   0   0   0   0   0],2,262,Pump RPM,614339961,1763324928,10709
1763324928696835291,[ 41 202   0   0   0   0   0   0],2,262,Pump RPM,696387703,1763324928,10698
1763324928811103462,[ 41 209   0   0   0   0   0   0],2,262,Pump RPM,810426976,1763324928,10705
1763324928903061217,[ 41 207   0   0   0   0   0   0],2,262,Pump RPM,902510812,1763324928,10703
1763324929017484941,[ 41 158   0   0   0   0   0   0],2,262,Pump RPM,16266786,1763324929,10654
1763324929099457451,[ 41 111   0   0   0   0   0   0],2,262,Pump RPM,98339073,1763324929,10607
1763324929242948648,[41 88  0  0  0  0  0  0],2,262,Pump RPM,242588613,1763324929,10584
1763324929325812655,[41 92  0  0  0  0  0  0],2,262,Pump RPM,325565420,1763324929,10588
1763324929408726390,[ 41 166   0   0   0   0   0   0],2,262,Pump RPM,408309618,1763324929,10662
1763324929501519737,[ 41 195   0   0   0   0   0   0],2,262,Pump RPM,501299031,1763324929,10691
1763324929615728356,[ 41 190   0   0   0   0   0   0],2,262,Pump RPM,615248160,1763324929,10686
1763324929707575742,[ 41 212   0   0   0   0   0   0],2,262,Pump RPM,707119898,1763324929,10708
1763324929811305768,[ 41 158   0   0   0   0   0   0],2,262,Pump RPM,810161565,1763324929,10654
1763324929903581958,[40 94  0  0  0  0  0  0],2,262,Pump RPM,903085122,1763324929,10334
1763324930024366415,[38 99  0  0  0  0  0  0],2,262,Pump RPM,20437930,1763324930,9827
1763324930103520788,[ 36 114   0   0   0   0   0   0],2,262,Pump RPM,103122384,1763324930,9330
1763324930247037906,[ 34 173   0   0   0   0   0   0],2,262,Pump RPM,246657710,1763324930,8877
1763324930332253359,[33 52  0  0  0  0  0  0],2,262,Pump RPM,331574505,1763324930,8500
1763324930414758067,[ 31 112   0   0   0   0   0   0],2,262,Pump RPM,414356463,1763324930,8048
1763324930508373374,[ 29 242   0   0   0   0   0   0],2,262,Pump RPM,506518541,1763324930,7666
1763324930622033253,[ 28 175   0   0   0   0   0   0],2,262,Pump RPM,621355519,1763324930,7343
1763324930715343598,[ 27 160   0   0   0   0   0   0],2,262,Pump RPM,714465414,1763324930,7072
1763324930817355944,[26 95  0  0  0  0  0  0],2,262,Pump RPM,816819715,1763324930,6751
1763324930910234733,[ 25 168   0   0   0   0   0   0],2,262,Pump RPM,909235460,1763324930,6568
1763324931023457168,[ 24 172   0   0   0   0   0   0],2,262,Pump RPM,22819754,1763324931,6316
1763324931112830453,[23 72  0  0  0  0  0  0],2,262,Pump RPM,112182959,1763324931,5960
1763324931246500952,[ 21 194   0   0   0   0   0   0],2,262,Pump RPM,245771633,1763324931,5570
1763324931328722682,[20 89  0  0  0  0  0  0],2,262,Pump RPM,328297622,1763324931,5209
1763324931423834388,[ 18 241   0   0   0   0   0   0],2,262,Pump RPM,423133422,1763324931,4849
1763324931505506897,[ 17 219   0   0   0   0   0   0],2,262,Pump RPM,504895147,1763324931,4571
1763324931618131791,[ 16 241   0   0   0   0   0   0],2,262,Pump RPM,617820076,1763324931,4337
1763324931712332449,[16 27  0  0  0  0  0  0],2,262,Pump RPM,709949194,1763324931,4123
1763324931824979103,[ 15 109   0   0   0   0   0   0],2,262,Pump RPM,824755997,1763324931,3949
1763324931912665492,[15 18  0  0  0  0  0  0],2,262,Pump RPM,912246640,1763324931,3858
1763324932025740407,[ 14 198   0   0   0   0   0   0],2,262,Pump RPM,25373235,1763324932,3782
1763324932108005241,[14 98  0  0  0  0  0  0],2,262,Pump RPM,107628534,1763324932,3682
1763324932253750895,[14 39  0  0  0  0  0  0],2,262,Pump RPM,253271658,1763324932,3623
1763324932340490651,[ 13 217   0   0   0   0   0   0],2,262,Pump RPM,335597678,1763324932,3545
1763324932430366822,[ 13 102   0   0   0   0   0   0],2,262,Pump RPM,429970594,1763324932,3430
1763324932521130072,[ 12 222   0   0   0   0   0   0],2,262,Pump RPM,520842421,1763324932,3294
1763324932624140701,[12 77  0  0  0  0  0  0],2,262,Pump RPM,623149492,1763324932,3149
1763324932716438334,[ 11 192   0   0   0   0   0   0],2,262,Pump RPM,716181787,1763324932,3008
1763324932830367945,[11 84  0  0  0  0  0  0],2,262,Pump RPM,829597890,1763324932,2900
1763324932911968005,[ 10 190   0   0   0   0   0   0],2,262,Pump RPM,911684995,1763324932,2750
1763324933025228939,[10 84  0  0  0  0  0  0],2,262,Pump RPM,24873159,1763324933,2644
1763324933118218355,[10  5  0  0  0  0  0  0],2,262,Pump RPM,116951047,1763324933,2565
1763324933260859788,[  9 175   0   0   0   0   0   0],2,262,Pump RPM,260656874,1763324933,2479
1763324933345761288,[ 9 99  0  0  0  0  0  0],2,262,Pump RPM,345046018,1763324933,2403
1763324933428684146,[  8 254   0   0   0   0   0   0],2,262,Pump RPM,428125164,1763324933,2302
1763324933521385175,[  8 179   0   0   0   0   0   0],2,262,Pump RPM,521014803,1763324933,2227
1763324933625655817,[  8 120   0   0   0   0   0   0],2,262,Pump RPM,625304901,1763324933,2168
1763324933719157013,[ 8 73  0  0  0  0  0  0],2,262,Pump RPM,718552208,1763324933,2121
1763324933832658878,[8 1 0 0 0 0 0 0],2,262,Pump RPM,832070424,1763324933,2049
1763324933915319973,[  7 189   0   0   0   0   0   0],2,262,Pump RPM,914893377,1763324933,1981
1763324934028403657,[  7 144   0   0   0   0   0   0],2,262,Pump RPM,27798019,1763324934,1936
1763324934123462853,[  7 120   0   0   0   0   0   0],2,262,Pump RPM,123058561,1763324934,1912
1763324934255473820,[ 7 86  0  0  0  0  0  0],2,262,Pump RPM,255114745,1763324934,1878
1763324934340483930,[ 7 55  0  0  0  0  0  0],2,262,Pump RPM,339507409,1763324934,1847
1763324934432914013,[ 7 18  0  0  0  0  0  0],2,262,Pump RPM,432342328,1763324934,1810
1763324934515789191,[  6 242   0   0   0   0   0   0],2,262,Pump RPM,514505435,1763324934,1778
1763324934630467099,[  6 214   0   0   0   0   0   0],2,262,Pump RPM,628029220,1763324934,1750
1763324934721564434,[  6 213   0   0   0   0   0   0],2,262,Pump RPM,720861483,1763324934,1749
1763324934836054660,[  6 228   0   0   0   0   0   0],2,262,Pump RPM,835265501,1763324934,1764
1763324934919245009,[  6 255   0   0   0   0   0   0],2,262,Pump RPM,917855652,1763324934,1791
1763324935030916809,[ 7 26  0  0  0  0  0  0],2,262,Pump RPM,30545286,1763324935,1818
1763324935123484942,[ 7 73  0  0  0  0  0  0],2,262,Pump RPM,123219020,1763324935,1865
1763324935267818394,[  7 133   0   0   0   0   0   0],2,262,Pump RPM,267359318,1763324935,1925
1763324935350822630,[  7 169   0   0   0   0   0   0],2,262,Pump RPM,350612260,1763324935,1961
1763324935433877650,[  7 205   0   0   0   0   0   0],2,262,Pump RPM,433010409,1763324935,1997
1763324935526206805,[  7 242   0   0   0   0   0   0],2,262,Pump RPM,525666736,1763324935,2034
1763324935630718538,[ 8 10  0  0  0  0  0  0],2,262,Pump RPM,629274077,1763324935,2058
1763324935722595273,[ 8 46  0  0  0  0  0  0],2,262,Pump RPM,722110501,1763324935,2094
1763324935835979090,[ 8 79  0  0  0  0  0  0],2,262,Pump RPM,835327052,1763324935,2127
1763324935928824250,[  8 122   0   0   0   0   0   0],2,262,Pump RPM,928222452,1763324935,2170
1763324936030393748,[  8 146   0   0   0   0   0   0],2,262,Pump RPM,29856015,1763324936,2194
1763324936123407806,[  8 156   0   0   0   0   0   0],2,262,Pump RPM,123151132,1763324936,2204
1763324936270982249,[  8 164   0   0   0   0   0   0],2,262,Pump RPM,270398564,1763324936,2212
1763324936353318895,[  8 165   0   0   0   0   0   0],2,262,Pump RPM,353026445,1763324936,2213
1763324936436134074,[  8 176   0   0   0   0   0   0],2,262,Pump RPM,435565492,1763324936,2224
1763324936529548968,[  8 169   0   0   0   0   0   0],2,262,Pump RPM,528576127,1763324936,2217
1763324936642722224,[  8 172   0   0   0   0   0   0],2,262,Pump RPM,641843623,1763324936,2220
1763324936725054422,[  8 166   0   0   0   0   0   0],2,262,Pump RPM,724629970,1763324936,2214
1763324936837781113,[  8 150   0   0   0   0   0   0],2,262,Pump RPM,837295893,1763324936,2198
1763324936931477418,[  8 133   0   0   0   0   0   0],2,262,Pump RPM,929291381,1763324936,2181
1763324937042535038,[  8 102   0   0   0   0   0   0],2,262,Pump RPM,42168346,1763324937,2150
1763324937125793325,[ 8 51  0  0  0  0  0  0],2,262,Pump RPM,125439114,1763324937,2099
1763324937273208760,[ 8 25  0  0  0  0  0  0],2,262,Pump RPM,272352656,1763324937,2073
1763324937356020515,[  7 251   0   0   0   0   0   0],2,262,Pump RPM,355752864,1763324937,2043
1763324937438691117,[  7 217   0   0   0   0   0   0],2,262,Pump RPM,438486443,1763324937,2009
1763324937533486728,[  7 193   0   0   0   0   0   0],2,262,Pump RPM,531894329,1763324937,1985
1763324937646596720,[  7 162   0   0   0   0   0   0],2,262,Pump RPM,645071234,1763324937,1954
1763324937729844767,[  7 149   0   0   0   0   0   0],2,262,Pump RPM,728456466,1763324937,1941
1763324937840799059,[  7 130   0   0   0   0   0   0],2,262,Pump RPM,840244174,1763324937,1922
1763324937933078775,[  7 100   0   0   0   0   0   0],2,262,Pump RPM,932345520,1763324937,1892
1763324938047225769,[ 7 58  0  0  0  0  0  0],2,262,Pump RPM,46632676,1763324938,1850
1763324938130239127,[ 7 46  0  0  0  0  0  0],2,262,Pump RPM,129134381,1763324938,1838
1763324938274334052,[ 7 38  0  0  0  0  0  0],2,262,Pump RPM,273141592,1763324938,1830
1763324938356343048,[ 7 38  0  0  0  0  0  0],2,262,Pump RPM,355862979,1763324938,1830
1763324938440838691,[ 7 32  0  0  0  0  0  0],2,262,Pump RPM,440617953,1763324938,1824
1763324938532919686,[ 7 38  0  0  0  0  0  0],2,262,Pump RPM,532696964,1763324938,1830
1763324938649002571,[ 7 32  0  0  0  0  0  0],2,262,Pump RPM,648689128,1763324938,1824
1763324938729355199,[ 7 27  0  0  0  0  0  0],2,262,Pump RPM,729114077,1763324938,1819
1763324938843413585,[ 7 18  0  0  0  0  0  0],2,262,Pump RPM,842888652,1763324938,1810
1763324938936382269,[7 4 0 0 0 0 0 0],2,262,Pump RPM,935573973,1763324938,1796
1763324939048988513,[  6 255   0   0   0   0   0   0],2,262,Pump RPM,48478140,1763324939,1791
1763324939131511563,[  6 254   0   0   0   0   0   0],2,262,Pump RPM,131133735,1763324939,1790
1763324939279746527,[  6 247   0   0   0   0   0   0],2,262,Pump RPM,278773430,1763324939,1783
1763324939362306089,[  6 246   0   0   0   0   0   0],2,262,Pump RPM,361522050,1763324939,1782
1763324939444641681,[  6 244   0   0   0   0   0   0],2,262,Pump RPM,443783529,1763324939,1780
1763324939537694174,[  6 242   0   0   0   0   0   0],2,262,Pump RPM,536926167,1763324939,1778
1763324939651486510,[  6 246   0   0   0   0   0   0],2,262,Pump RPM,650417284,1763324939,1782
1763324939733105231,[  6 248   0   0   0   0   0   0],2,262,Pump RPM,732462217,1763324939,1784
1763324939848085930,[  6 248   0   0   0   0   0   0],2,262,Pump RPM,847536677,1763324939,1784
1763324939942674854,[  6 249   0   0   0   0   0   0],2,262,Pump RPM,940021197,1763324939,1785
1763324940043415579,[  6 248   0   0   0   0   0   0],2,262,Pump RPM,42996631,1763324940,1784
1763324940136712363,[  6 250   0   0   0   0   0   0],2,262,Pump RPM,136477481,1763324940,1786
1763324940280421622,[  6 244   0   0   0   0   0   0],2,262,Pump RPM,280287445,1763324940,1780
1763324940365031220,[  6 241   0   0   0   0   0   0],2,262,Pump RPM,364485103,1763324940,1777
1763324940448100675,[  6 241   0   0   0   0   0   0],2,262,Pump RPM,446982905,1763324940,1777
1763324940540126119,[  6 242   0   0   0   0   0   0],2,262,Pump RPM,539238751,1763324940,1778
1763324940653108496,[  6 234   0   0   0   0   0   0],2,262,Pump RPM,652271529,1763324940,1770
1763324940746622786,[  6 229   0   0   0   0   0   0],2,262,Pump RPM,744661520,1763324940,1765
1763324940848557028,[  6 221   0   0   0   0   0   0],2,262,Pump RPM,848229440,1763324940,1757
1763324940940598695,[  6 217   0   0   0   0   0   0],2,262,Pump RPM,940341381,1763324940,1753
1763324941054727196,[  6 211   0   0   0   0   0   0],2,262,Pump RPM,54022165,1763324941,1747
1763324941146594015,[  6 209   0   0   0   0   0   0],2,262,Pump RPM,146085594,1763324941,1745
1763324941281987997,[  6 211   0   0   0   0   0   0],2,262,Pump RPM,281458008,1763324941,1747
1763324941365337071,[  6 211   0   0   0   0   0   0],2,262,Pump RPM,364613001,1763324941,1747
1763324941459081764,[  6 210   0   0   0   0   0   0],2,262,Pump RPM,457287123,1763324941,1746
1763324941541846417,[  6 205   0   0   0   0   0   0],2,262,Pump RPM,541112714,1763324941,1741
1763324941655294208,[  6 208   0   0   0   0   0   0],2,262,Pump RPM,655037661,1763324941,1744
1763324941748384814,[  6 212   0   0   0   0   0   0],2,262,Pump RPM,747095394,1763324941,1748
1763324941850848373,[  6 222   0   0   0   0   0   0],2,262,Pump RPM,850481106,1763324941,1758
1763324941944682475,[  6 236   0   0   0   0   0   0],2,262,Pump RPM,944107942,1763324941,1772
1763324942057118992,[  6 241   0   0   0   0   0   0],2,262,Pump RPM,56582091,1763324942,1777
1763324942149547001,[7 1 0 0 0 0 0 0],2,262,Pump RPM,149284439,1763324942,1793
1763324942285568926,[7 8 0 0 0 0 0 0],2,262,Pump RPM,284833463,1763324942,1800
1763324942367844871,[7 7 0 0 0 0 0 0],2,262,Pump RPM,367597413,1763324942,1799
1763324942460760917,[7 3 0 0 0 0 0 0],2,262,Pump RPM,460171247,1763324942,1795
1763324942543357505,[7 4 0 0 0 0 0 0],2,262,Pump RPM,542240534,1763324942,1796
1763324942656412013,[7 5 0 0 0 0 0 0],2,262,Pump RPM,654856286,1763324942,1797
1763324942748603860,[ 7 31  0  0  0  0  0  0],2,262,Pump RPM,748043630,1763324942,1823
1763324942855011681,[ 7 69  0  0  0  0  0  0],2,262,Pump RPM,852705131,1763324942,1861
1763324942948252145,[ 7 84  0  0  0  0  0  0],2,262,Pump RPM,945898651,1763324942,1876
1763324943061211037,[  7 128   0   0   0   0   0   0],2,262,Pump RPM,60387317,1763324943,1920
1763324943152465307,[  7 190   0   0   0   0   0   0],2,262,Pump RPM,151892918,1763324943,1982
1763324943286831569,[ 8 47  0  0  0  0  0  0],2,262,Pump RPM,286272908,1763324943,2095
1763324943370557929,[  8 151   0   0   0   0   0   0],2,262,Pump RPM,369973667,1763324943,2199
1763324943463047283,[9 5 0 0 0 0 0 0],2,262,Pump RPM,462379725,1763324943,2309
1763324943547076045,[  9 115   0   0   0   0   0   0],2,262,Pump RPM,546110372,1763324943,2419
1763324943659095696,[  9 168   0   0   0   0   0   0],2,262,Pump RPM,658895054,1763324943,2472
1763324943751636059,[  9 195   0   0   0   0   0   0],2,262,Pump RPM,751343704,1763324943,2499
1763324943865103947,[  9 221   0   0   0   0   0   0],2,262,Pump RPM,864894985,1763324943,2525
1763324943951409563,[  9 221   0   0   0   0   0   0],2,262,Pump RPM,950461426,1763324943,2525
1763324944067209730,[  9 214   0   0   0   0   0   0],2,262,Pump RPM,66935552,1763324944,2518
1763324944151608097,[  9 203   0   0   0   0   0   0],2,262,Pump RPM,150875770,1763324944,2507
1763324944296014487,[  9 185   0   0   0   0   0   0],2,262,Pump RPM,294992397,1763324944,2489
1763324944378264641,[  9 151   0   0   0   0   0   0],2,262,Pump RPM,377635547,1763324944,2455
1763324944460956239,[  9 130   0   0   0   0   0   0],2,262,Pump RPM,460676493,1763324944,2434
1763324944555775440,[ 9 98  0  0  0  0  0  0],2,262,Pump RPM,555373260,1763324944,2402
1763324944665914370,[ 9 62  0  0  0  0  0  0],2,262,Pump RPM,665734720,1763324944,2366
1763324944748773074,[ 9 36  0  0  0  0  0  0],2,262,Pump RPM,748554768,1763324944,2340
1763324944863286061,[ 9 94  0  0  0  0  0  0],2,262,Pump RPM,862379525,1763324944,2398
1763324944956512159,[  9 200   0   0   0   0   0   0],2,262,Pump RPM,955087058,1763324944,2504
1763324945071882723,[ 10 104   0   0   0   0   0   0],2,262,Pump RPM,71036635,1763324945,2664
1763324945154791700,[11  5  0  0  0  0  0  0],2,262,Pump RPM,153296518,1763324945,2821
1763324945297840894,[ 11 138   0   0   0   0   0   0],2,262,Pump RPM,297293849,1763324945,2954
1763324945381813593,[ 11 202   0   0   0   0   0   0],2,262,Pump RPM,381269524,1763324945,3018
1763324945465177071,[ 11 236   0   0   0   0   0   0],2,262,Pump RPM,464921228,1763324945,3052
1763324945560400852,[ 11 216   0   0   0   0   0   0],2,262,Pump RPM,557474201,1763324945,3032
1763324945671465136,[ 11 176   0   0   0   0   0   0],2,262,Pump RPM,670878026,1763324945,2992
1763324945756259411,[ 11 158   0   0   0   0   0   0],2,262,Pump RPM,755548972,1763324945,2974
1763324945869403234,[ 11 112   0   0   0   0   0   0],2,262,Pump RPM,868816252,1763324945,2928
1763324945963645246,[11 93  0  0  0  0  0  0],2,262,Pump RPM,963424476,1763324945,2909
1763324946067762776,[11 78  0  0  0  0  0  0],2,262,Pump RPM,67056114,1763324946,2894
1763324946164739183,[11 65  0  0  0  0  0  0],2,262,Pump RPM,164186474,1763324946,2881
1763324946297966877,[ 11 112   0   0   0   0   0   0],2,262,Pump RPM,297607642,1763324946,2928
1763324946380793870,[ 11 237   0   0   0   0   0   0],2,262,Pump RPM,380585964,1763324946,3053
1763324946476243319,[ 12 109   0   0   0   0   0   0],2,262,Pump RPM,475324846,1763324946,3181
1763324946560130449,[13 39  0  0  0  0  0  0],2,262,Pump RPM,559097960,1763324946,3367
1763324946673613701,[ 13 235   0   0   0   0   0   0],2,262,Pump RPM,668805015,1763324946,3563
1763324946761870633,[ 14 205   0   0   0   0   0   0],2,262,Pump RPM,760917760,1763324946,3789
1763324946874838647,[15 18  0  0  0  0  0  0],2,262,Pump RPM,874233010,1763324946,3858
1763324946957432838,[15 64  0  0  0  0  0  0],2,262,Pump RPM,956944481,1763324946,3904
1763324947072110693,[ 14 254   0   0   0   0   0   0],2,262,Pump RPM,71033627,1763324947,3838
1763324947165022454,[ 14 225   0   0   0   0   0   0],2,262,Pump RPM,164408912,1763324947,3809
1763324947298422919,[ 14 167   0   0   0   0   0   0],2,262,Pump RPM,298070628,1763324947,3751
1763324947387255569,[ 14 135   0   0   0   0   0   0],2,262,Pump RPM,385716835,1763324947,3719
1763324947478602740,[14 86  0  0  0  0  0  0],2,262,Pump RPM,478097903,1763324947,3670
1763324947560865600,[14 67  0  0  0  0  0  0],2,262,Pump RPM,560222746,1763324947,3651
1763324947673935120,[ 14 162   0   0   0   0   0   0],2,262,Pump RPM,672945351,1763324947,3746
1763324947765843351,[ 15 106   0   0   0   0   0   0],2,262,Pump RPM,765300402,1763324947,3946
1763324947879203690,[ 16 108   0   0   0   0   0   0],2,262,Pump RPM,878640101,1763324947,4204
1763324947961057875,[ 17 111   0   0   0   0   0   0],2,262,Pump RPM,960776752,1763324947,4463
1763324948073675295,[ 18 129   0   0   0   0   0   0],2,262,Pump RPM,73268859,1763324948,4737
1763324948166154541,[19 13  0  0  0  0  0  0],2,262,Pump RPM,165610312,1763324948,4877
1763324948310672104,[19 41  0  0  0  0  0  0],2,262,Pump RPM,309933409,1763324948,4905
1763324948392827572,[19 31  0  0  0  0  0  0],2,262,Pump RPM,392526193,1763324948,4895
1763324948477471159,[ 18 220   0   0   0   0   0   0],2,262,Pump RPM,475167361,1763324948,4828
1763324948568872859,[ 18 188   0   0   0   0   0   0],2,262,Pump RPM,567629263,1763324948,4796
1763324948680792129,[ 18 148   0   0   0   0   0   0],2,262,Pump RPM,680381629,1763324948,4756
1763324948763566578,[18 98  0  0  0  0  0  0],2,262,Pump RPM,763075790,1763324948,4706
1763324948877804750,[18 57  0  0  0  0  0  0],2,262,Pump RPM,877175624,1763324948,4665
1763324948969969977,[ 17 248   0   0   0   0   0   0],2,262,Pump RPM,969431636,1763324948,4600
1763324949082922409,[ 17 197   0   0   0   0   0   0],2,262,Pump RPM,82117794,1763324949,4549
1763324949165479034,[ 17 246   0   0   0   0   0   0],2,262,Pump RPM,165153974,1763324949,4598
1763324949312010633,[ 18 179   0   0   0   0   0   0],2,262,Pump RPM,311489828,1763324949,4787
1763324949394946909,[20 77  0  0  0  0  0  0],2,262,Pump RPM,394607994,1763324949,5197
1763324949478429174,[22 33  0  0  0  0  0  0],2,262,Pump RPM,477100489,1763324949,5665
1763324949569797082,[ 23 181   0   0   0   0   0   0],2,262,Pump RPM,569581272,1763324949,6069
1763324949682921548,[ 24 100   0   0   0   0   0   0],2,262,Pump RPM,682575721,1763324949,6244
1763324949765932864,[ 24 120   0   0   0   0   0   0],2,262,Pump RPM,765086200,1763324949,6264
1763324949878132010,[24 45  0  0  0  0  0  0],2,262,Pump RPM,877667846,1763324949,6189
1763324949970564216,[ 23 194   0   0   0   0   0   0],2,262,Pump RPM,970133332,1763324949,6082
1763324950084896054,[ 23 119   0   0   0   0   0   0],2,262,Pump RPM,84101295,1763324950,6007
1763324950166383389,[23 36  0  0  0  0  0  0],2,262,Pump RPM,165970265,1763324950,5924
1763324950313045071,[ 22 217   0   0   0   0   0   0],2,262,Pump RPM,312132774,1763324950,5849
1763324950395690816,[ 22 221   0   0   0   0   0   0],2,262,Pump RPM,394695607,1763324950,5853
1763324950487763724,[24 30  0  0  0  0  0  0],2,262,Pump RPM,487206566,1763324950,6174
1763324950569610358,[26 81  0  0  0  0  0  0],2,262,Pump RPM,569386323,1763324950,6737
1763324950683775443,[ 28 216   0   0   0   0   0   0],2,262,Pump RPM,683181069,1763324950,7384
1763324950775922911,[ 30 140   0   0   0   0   0   0],2,262,Pump RPM,775469274,1763324950,7820
1763324950889388501,[31 25  0  0  0  0  0  0],2,262,Pump RPM,888237738,1763324950,7961
1763324950971619203,[ 30 211   0   0   0   0   0   0],2,262,Pump RPM,971428193,1763324950,7891
1763324951085931490,[ 30 145   0   0   0   0   0   0],2,262,Pump RPM,85269148,1763324951,7825
1763324951179860927,[30 53  0  0  0  0  0  0],2,262,Pump RPM,178512691,1763324951,7733
1763324951321123295,[30 17  0  0  0  0  0  0],2,262,Pump RPM,320445849,1763324951,7697
1763324951400682836,[ 29 195   0   0   0   0   0   0],2,262,Pump RPM,399026340,1763324951,7619
1763324951484408144,[ 29 143   0   0   0   0   0   0],2,262,Pump RPM,482200699,1763324951,7567
1763324951577036481,[ 29 168   0   0   0   0   0   0],2,262,Pump RPM,575834742,1763324951,7592
1763324951692231081,[ 30 116   0   0   0   0   0   0],2,262,Pump RPM,691534019,1763324951,7796
1763324951776214760,[ 31 133   0   0   0   0   0   0],2,262,Pump RPM,774778170,1763324951,8069
1763324951888194001,[34 17  0  0  0  0  0  0],2,262,Pump RPM,886939365,1763324951,8721
1763324951981486857,[ 35 167   0   0   0   0   0   0],2,262,Pump RPM,981129765,1763324951,9127
1763324952084994658,[ 36 166   0   0   0   0   0   0],2,262,Pump RPM,84480573,1763324952,9382
1763324952179451813,[ 37 124   0   0   0   0   0   0],2,262,Pump RPM,179093794,1763324952,9596
1763324952323301567,[38  8  0  0  0  0  0  0],2,262,Pump RPM,322548407,1763324952,9736
1763324952407588481,[38 85  0  0  0  0  0  0],2,262,Pump RPM,407068796,1763324952,9813
1763324952491356766,[38 98  0  0  0  0  0  0],2,262,Pump RPM,490816057,1763324952,9826
1763324952583212329,[ 38 243   0   0   0   0   0   0],2,262,Pump RPM,582805381,1763324952,9971
1763324952686609729,[39 99  0  0  0  0  0  0],2,262,Pump RPM,685906171,1763324952,10083
1763324952780736033,[ 39 164   0   0   0   0   0   0],2,262,Pump RPM,780207036,1763324952,10148
1763324952893913943,[39 85  0  0  0  0  0  0],2,262,Pump RPM,893532723,1763324952,10069
1763324952976386120,[ 38 222   0   0   0   0   0   0],2,262,Pump RPM,975489151,1763324952,9950
1763324953090338661,[38 35  0  0  0  0  0  0],2,262,Pump RPM,89110234,1763324953,9763
1763324953181658379,[37 57  0  0  0  0  0  0],2,262,Pump RPM,181351496,1763324953,9529
1763324953330906105,[ 36 185   0   0   0   0   0   0],2,262,Pump RPM,329184937,1763324953,9401
1763324953414037297,[36 75  0  0  0  0  0  0],2,262,Pump RPM,413755119,1763324953,9291
1763324953496999624,[ 35 182   0   0   0   0   0   0],2,262,Pump RPM,496267713,1763324953,9142
1763324953580428227,[ 35 117   0   0   0   0   0   0],2,262,Pump RPM,579961342,1763324953,9077
1763324953697390013,[35 52  0  0  0  0  0  0],2,262,Pump RPM,696682646,1763324953,9012
1763324953780391060,[ 34 221   0   0   0   0   0   0],2,262,Pump RPM,779655917,1763324953,8925
1763324953893500489,[ 34 110   0   0   0   0   0   0],2,262,Pump RPM,892794306,1763324953,8814
1763324953987201734,[34 81  0  0  0  0  0  0],2,262,Pump RPM,986768162,1763324953,8785
1763324954090681376,[34 45  0  0  0  0  0  0],2,262,Pump RPM,90337021,1763324954,8749
1763324954183577462,[ 33 229   0   0   0   0   0   0],2,262,Pump RPM,182990769,1763324954,8677
1763324954329485477,[ 33 125   0   0   0   0   0   0],2,262,Pump RPM,328224089,1763324954,8573
1763324954412005720,[ 33 150   0   0   0   0   0   0],2,262,Pump RPM,410896142,1763324954,8598
1763324954493727299,[ 33 196   0   0   0   0   0   0],2,262,Pump RPM,492994172,1763324954,8644
1763324954588877167,[ 33 230   0   0   0   0   0   0],2,262,Pump RPM,588216840,1763324954,8678
1763324954701501344,[34 32  0  0  0  0  0  0],2,262,Pump RPM,700824506,1763324954,8736
1763324954783243916,[ 34 121   0   0   0   0   0   0],2,262,Pump RPM,782829288,1763324954,8825
1763324954896834471,[ 34 165   0   0   0   0   0   0],2,262,Pump RPM,896201313,1763324954,8869
1763324954990177729,[ 34 193   0   0   0   0   0   0],2,262,Pump RPM,989290168,1763324954,8897
1763324955103410201,[ 34 221   0   0   0   0   0   0],2,262,Pump RPM,102949621,1763324955,8925
1763324955184714945,[ 34 254   0   0   0   0   0   0],2,262,Pump RPM,184431966,1763324955,8958
1763324955328574622,[35 56  0  0  0  0  0  0],2,262,Pump RPM,328242971,1763324955,9016
1763324955413329286,[ 35 101   0   0   0   0   0   0],2,262,Pump RPM,412594911,1763324955,9061
1763324955497650411,[ 35 197   0   0   0   0   0   0],2,262,Pump RPM,497384104,1763324955,9157
1763324955589260501,[36 83  0  0  0  0  0  0],2,262,Pump RPM,589103668,1763324955,9299
1763324955703450135,[ 36 221   0   0   0   0   0   0],2,262,Pump RPM,703121364,1763324955,9437
1763324955785683367,[37 43  0  0  0  0  0  0],2,262,Pump RPM,785292932,1763324955,9515
1763324955902526050,[37 81  0  0  0  0  0  0],2,262,Pump RPM,902216895,1763324955,9553
1763324955996292513,[ 37 183   0   0   0   0   0   0],2,262,Pump RPM,994247438,1763324955,9655
1763324956098244111,[ 37 217   0   0   0   0   0   0],2,262,Pump RPM,96899138,1763324956,9689
1763324956190115036,[ 37 247   0   0   0   0   0   0],2,262,Pump RPM,189797913,1763324956,9719
1763324956337603900,[ 38 137   0   0   0   0   0   0],2,262,Pump RPM,337024055,1763324956,9865
1763324956420653205,[39 14  0  0  0  0  0  0],2,262,Pump RPM,419879822,1763324956,9998
1763324956504422261,[ 39 219   0   0   0   0   0   0],2,262,Pump RPM,503511437,1763324956,10203
1763324956595897919,[ 39 228   0   0   0   0   0   0],2,262,Pump RPM,595706685,1763324956,10212
1763324956699878688,[40 95  0  0  0  0  0  0],2,262,Pump RPM,699162393,1763324956,10335
1763324956793367325,[ 40 108   0   0   0   0   0   0],2,262,Pump RPM,791280585,1763324956,10348
1763324956906542613,[ 40 177   0   0   0   0   0   0],2,262,Pump RPM,905732558,1763324956,10417
1763324957000257620,[40 84  0  0  0  0  0  0],2,262,Pump RPM,998756358,1763324956,10324
1763324957103895411,[ 40 160   0   0   0   0   0   0],2,262,Pump RPM,102801128,1763324957,10400
1763324957198553851,[40 94  0  0  0  0  0  0],2,262,Pump RPM,197408656,1763324957,10334
1763324957333755431,[40 23  0  0  0  0  0  0],2,262,Pump RPM,333275779,1763324957,10263
1763324957417268613,[40 26  0  0  0  0  0  0],2,262,Pump RPM,416785153,1763324957,10266
1763324957509811034,[ 39 131   0   0   0   0   0   0],2,262,Pump RPM,509008466,1763324957,10115
1763324957592124877,[39 76  0  0  0  0  0  0],2,262,Pump RPM,591297701,1763324957,10060
1763324957706983542,[ 38 199   0   0   0   0   0   0],2,262,Pump RPM,706454737,1763324957,9927
1763324957799531723,[38 84  0  0  0  0  0  0],2,262,Pump RPM,798486433,1763324957,9812
1763324957905794242,[38  2  0  0  0  0  0  0],2,262,Pump RPM,903315626,1763324957,9730
1763324957996818280,[ 37 135   0   0   0   0   0   0],2,262,Pump RPM,995995968,1763324957,9607
1763324958110499431,[ 37 125   0   0   0   0   0   0],2,262,Pump RPM,109508126,1763324958,9597
1763324958193190142,[ 37 137   0   0   0   0   0   0],2,262,Pump RPM,192744218,1763324958,9609
1763324958337123391,[ 37 100   0   0   0   0   0   0],2,262,Pump RPM,336690299,1763324958,9572
1763324958420838495,[37 68  0  0  0  0  0  0],2,262,Pump RPM,420094968,1763324958,9540
1763324958513679511,[ 36 255   0   0   0   0   0   0],2,262,Pump RPM,512885424,1763324958,9471
1763324958596766066,[ 36 183   0   0   0   0   0   0],2,262,Pump RPM,595970858,1763324958,9399
1763324958710377489,[ 36 156   0   0   0   0   0   0],2,262,Pump RPM,709528392,1763324958,9372
1763324958803120040,[ 36 159   0   0   0   0   0   0],2,262,Pump RPM,802042973,1763324958,9375
1763324958907775664,[ 36 221   0   0   0   0   0   0],2,262,Pump RPM,907113034,1763324958,9437
1763324959004660111,[37 37  0  0  0  0  0  0],2,262,Pump RPM,3778151,1763324959,9509
1763324959108912565,[37 62  0  0  0  0  0  0],2,262,Pump RPM,108299535,1763324959,9534
1763324959199643705,[ 37 140   0   0   0   0   0   0],2,262,Pump RPM,199231989,1763324959,9612
1763324959343505402,[ 37 123   0   0   0   0   0   0],2,262,Pump RPM,343309560,1763324959,9595
1763324959427777345,[ 35 235   0   0   0   0   0   0],2,262,Pump RPM,426022224,1763324959,9195
1763324959508856585,[ 33 148   0   0   0   0   0   0],2,262,Pump RPM,508608775,1763324959,8596
1763324959601713122,[30 39  0  0  0  0  0  0],2,262,Pump RPM,600981499,1763324959,7719
1763324959715163168,[28  3  0  0  0  0  0  0],2,262,Pump RPM,714427800,1763324959,7171
1763324959807743382,[26  0  0  0  0  0  0  0],2,262,Pump RPM,806997039,1763324959,6656
1763324959911376630,[24 17  0  0  0  0  0  0],2,262,Pump RPM,910136010,1763324959,6161
1763324960003385734,[ 22 136   0   0   0   0   0   0],2,262,Pump RPM,2510398,1763324960,5768
1763324960116339232,[ 20 225   0   0   0   0   0   0],2,262,Pump RPM,115837691,1763324960,5345
1763324960202567770,[ 19 138   0   0   0   0   0   0],2,262,Pump RPM,199100953,1763324960,5002
1763324960344093862,[18 82  0  0  0  0  0  0],2,262,Pump RPM,343264990,1763324960,4690
1763324960427841384,[17 93  0  0  0  0  0  0],2,262,Pump RPM,427564517,1763324960,4445
1763324960521131910,[ 16 115   0   0   0   0   0   0],2,262,Pump RPM,520851427,1763324960,4211
1763324960602897973,[ 15 215   0   0   0   0   0   0],2,262,Pump RPM,602137293,1763324960,4055
1763324960720858687,[15 93  0  0  0  0  0  0],2,262,Pump RPM,719301360,1763324960,3933
1763324960802150569,[15 36  0  0  0  0  0  0],2,262,Pump RPM,801533091,1763324960,3876
1763324960916881396,[15 46  0  0  0  0  0  0],2,262,Pump RPM,916203310,1763324960,3886
1763324961008744420,[ 15 122   0   0   0   0   0   0],2,262,Pump RPM,8137438,1763324961,3962
1763324961124395481,[ 15 208   0   0   0   0   0   0],2,262,Pump RPM,122083747,1763324961,4048
1763324961207021393,[16 37  0  0  0  0  0  0],2,262,Pump RPM,206059816,1763324961,4133
1763324961351801309,[ 16 134   0   0   0   0   0   0],2,262,Pump RPM,351066742,1763324961,4230
1763324961433672334,[ 16 219   0   0   0   0   0   0],2,262,Pump RPM,432804069,1763324961,4315
1763324961516680777,[17 84  0  0  0  0  0  0],2,262,Pump RPM,515319004,1763324961,4436
1763324961609494467,[ 17 197   0   0   0   0   0   0],2,262,Pump RPM,607477904,1763324961,4549
1763324961721322579,[ 18 101   0   0   0   0   0   0],2,262,Pump RPM,720913295,1763324961,4709
1763324961814964789,[ 18 210   0   0   0   0   0   0],2,262,Pump RPM,814519280,1763324961,4818
1763324961918655543,[19 31  0  0  0  0  0  0],2,262,Pump RPM,917376138,1763324961,4895
1763324962009880257,[ 19 114   0   0   0   0   0   0],2,262,Pump RPM,9554078,1763324962,4978
1763324962123096959,[ 19 168   0   0   0   0   0   0],2,262,Pump RPM,122561370,1763324962,5032
1763324962216667457,[ 19 197   0   0   0   0   0   0],2,262,Pump RPM,215901690,1763324962,5061
1763324962350646054,[ 19 200   0   0   0   0   0   0],2,262,Pump RPM,350341251,1763324962,5064
1763324962433978374,[ 19 181   0   0   0   0   0   0],2,262,Pump RPM,433378144,1763324962,5045
1763324962526609694,[ 19 153   0   0   0   0   0   0],2,262,Pump RPM,525780182,1763324962,5017
1763324962610727013,[19 17  0  0  0  0  0  0],2,262,Pump RPM,608054828,1763324962,4881
1763324962722792248,[ 18 182   0   0   0   0   0   0],2,262,Pump RPM,721912016,1763324962,4790
1763324962816306009,[18 91  0  0  0  0  0  0],2,262,Pump RPM,815463537,1763324962,4699
1763324962918945522,[ 17 210   0   0   0   0   0   0],2,262,Pump RPM,918257131,1763324962,4562
1763324963012335474,[17 75  0  0  0  0  0  0],2,262,Pump RPM,11733964,1763324963,4427
1763324963125380207,[ 16 173   0   0   0   0   0   0],2,262,Pump RPM,125024300,1763324963,4269
1763324963218217739,[16 10  0  0  0  0  0  0],2,262,Pump RPM,217925416,1763324963,4106
1763324963352278034,[15 88  0  0  0  0  0  0],2,262,Pump RPM,351656364,1763324963,3928
1763324963435857812,[ 14 194   0   0   0   0   0   0],2,262,Pump RPM,435063468,1763324963,3778
1763324963529930011,[14 30  0  0  0  0  0  0],2,262,Pump RPM,529158388,1763324963,3614
1763324963612439155,[ 13 128   0   0   0   0   0   0],2,262,Pump RPM,612206801,1763324963,3456
1763324963729785626,[13 30  0  0  0  0  0  0],2,262,Pump RPM,727843879,1763324963,3358
1763324963820643298,[ 12 196   0   0   0   0   0   0],2,262,Pump RPM,820084061,1763324963,3268
1763324963924159620,[ 12 144   0   0   0   0   0   0],2,262,Pump RPM,923859841,1763324963,3216
1763324964021071942,[ 12 101   0   0   0   0   0   0],2,262,Pump RPM,18977042,1763324964,3173
1763324964133981187,[12 97  0  0  0  0  0  0],2,262,Pump RPM,132784568,1763324964,3169
1763324964215703540,[ 12 107   0   0   0   0   0   0],2,262,Pump RPM,214835916,1763324964,3179
1763324964358768275,[ 12 113   0   0   0   0   0   0],2,262,Pump RPM,358537265,1763324964,3185
1763324964442114644,[ 12 129   0   0   0   0   0   0],2,262,Pump RPM,441701904,1763324964,3201
1763324964524777966,[ 12 175   0   0   0   0   0   0],2,262,Pump RPM,523899173,1763324964,3247
1763324964617995373,[ 12 217   0   0   0   0   0   0],2,262,Pump RPM,616401246,1763324964,3289
1763324964729785088,[13 11  0  0  0  0  0  0],2,262,Pump RPM,729426620,1763324964,3339
1763324964818325746,[13 80  0  0  0  0  0  0],2,262,Pump RPM,816762723,1763324964,3408
1763324964930357831,[ 13 140   0   0   0   0   0   0],2,262,Pump RPM,929846370,1763324964,3468
1763324965025102965,[ 13 179   0   0   0   0   0   0],2,262,Pump RPM,24738546,1763324965,3507
1763324965129712611,[ 13 182   0   0   0   0   0   0],2,262,Pump RPM,129198558,1763324965,3510
1763324965223707339,[ 13 112   0   0   0   0   0   0],2,262,Pump RPM,223284551,1763324965,3440
1763324965358009302,[13 20  0  0  0  0  0  0],2,262,Pump RPM,357435024,1763324965,3348
1763324965441854044,[ 12 161   0   0   0   0   0   0],2,262,Pump RPM,441535833,1763324965,3233
1763324965535832772,[12 39  0  0  0  0  0  0],2,262,Pump RPM,535601761,1763324965,3111
1763324965618104475,[ 11 202   0   0   0   0   0   0],2,262,Pump RPM,617630070,1763324965,3018
1763324965731832832,[ 11 123   0   0   0   0   0   0],2,262,Pump RPM,731379516,1763324965,2939
1763324965828258751,[11 82  0  0  0  0  0  0],2,262,Pump RPM,825139905,1763324965,2898
1763324965932355464,[11 42  0  0  0  0  0  0],2,262,Pump RPM,928442115,1763324965,2858
1763324966021154718,[11 39  0  0  0  0  0  0],2,262,Pump RPM,20688474,1763324966,2855
1763324966133769274,[11 70  0  0  0  0  0  0],2,262,Pump RPM,133516855,1763324966,2886
1763324966226439637,[11 96  0  0  0  0  0  0],2,262,Pump RPM,226042066,1763324966,2912
1763324966361384648,[ 11 126   0   0   0   0   0   0],2,262,Pump RPM,361114981,1763324966,2942
1763324966447494052,[ 11 168   0   0   0   0   0   0],2,262,Pump RPM,446490715,1763324966,2984
1763324966539491482,[ 11 180   0   0   0   0   0   0],2,262,Pump RPM,539263703,1763324966,2996
1763324966621733329,[ 11 191   0   0   0   0   0   0],2,262,Pump RPM,621329197,1763324966,3007
1763324966734143979,[ 11 204   0   0   0   0   0   0],2,262,Pump RPM,733729031,1763324966,3020
1763324966828402934,[ 11 192   0   0   0   0   0   0],2,262,Pump RPM,827811152,1763324966,3008
1763324966940712750,[ 11 201   0   0   0   0   0   0],2,262,Pump RPM,940324107,1763324966,3017
1763324967022587458,[ 11 200   0   0   0   0   0   0],2,262,Pump RPM,21936796,1763324967,3016
1763324967138605087,[ 11 216   0   0   0   0   0   0],2,262,Pump RPM,137813592,1763324967,3032
1763324967230947161,[ 11 224   0   0   0   0   0   0],2,262,Pump RPM,230364051,1763324967,3040
1763324967365427944,[ 11 229   0   0   0   0   0   0],2,262,Pump RPM,364798817,1763324967,3045
1763324967448719562,[ 11 193   0   0   0   0   0   0],2,262,Pump RPM,447831297,1763324967,3009
1763324967541948459,[ 11 103   0   0   0   0   0   0],2,262,Pump RPM,541503335,1763324967,2919
1763324967624579271,[11 28  0  0  0  0  0  0],2,262,Pump RPM,623737983,1763324967,2844
1763324967738263118,[ 10 159   0   0   0   0   0   0],2,262,Pump RPM,737892394,1763324967,2719
1763324967831196365,[10 63  0  0  0  0  0  0],2,262,Pump RPM,829708542,1763324967,2623
1763324967943413189,[10  5  0  0  0  0  0  0],2,262,Pump RPM,942468412,1763324967,2565
1763324968025659773,[  9 209   0   0   0   0   0   0],2,262,Pump RPM,25293786,1763324968,2513
1763324968141349080,[  9 160   0   0   0   0   0   0],2,262,Pump RPM,138193722,1763324968,2464
1763324968231728191,[  9 127   0   0   0   0   0   0],2,262,Pump RPM,230832854,1763324968,2431
1763324968376634068,[ 9 96  0  0  0  0  0  0],2,262,Pump RPM,375747883,1763324968,2400
1763324968460081144,[ 9 87  0  0  0  0  0  0],2,262,Pump RPM,458517193,1763324968,2391
1763324968541980141,[ 9 95  0  0  0  0  0  0],2,262,Pump RPM,540835298,1763324968,2399
1763324968637581798,[  9 111   0   0   0   0   0   0],2,262,Pump RPM,637309732,1763324968,2415
1763324968741118316,[  9 102   0   0   0   0   0   0],2,262,Pump RPM,740380965,1763324968,2406
1763324968835452025,[  9 116   0   0   0   0   0   0],2,262,Pump RPM,834767826,1763324968,2420
1763324968939376962,[  9 121   0   0   0   0   0   0],2,262,Pump RPM,939076832,1763324968,2425
1763324969034521848,[  9 147   0   0   0   0   0   0],2,262,Pump RPM,33781296,1763324969,2451
1763324969146932660,[  9 164   0   0   0   0   0   0],2,262,Pump RPM,146242829,1763324969,2468
1763324969231327521,[  9 159   0   0   0   0   0   0],2,262,Pump RPM,229996149,1763324969,2463
1763324969377113119,[  9 172   0   0   0   0   0   0],2,262,Pump RPM,376168502,1763324969,2476
1763324969459282168,[  9 181   0   0   0   0   0   0],2,262,Pump RPM,458414255,1763324969,2485
1763324969542985247,[  9 197   0   0   0   0   0   0],2,262,Pump RPM,540794634,1763324969,2501
1763324969635189048,[  9 215   0   0   0   0   0   0],2,262,Pump RPM,632908226,1763324969,2519
1763324969746121958,[  9 242   0   0   0   0   0   0],2,262,Pump RPM,745267902,1763324969,2546
1763324969833320335,[10  7  0  0  0  0  0  0],2,262,Pump RPM,831815840,1763324969,2567
1763324969945896909,[10 38  0  0  0  0  0  0],2,262,Pump RPM,945198118,1763324969,2598
1763324970037898052,[10 74  0  0  0  0  0  0],2,262,Pump RPM,37654978,1763324970,2634
1763324970151669326,[ 10 111   0   0   0   0   0   0],2,262,Pump RPM,151456684,1763324970,2671
1763324970233554820,[ 10 177   0   0   0   0   0   0],2,262,Pump RPM,233373315,1763324970,2737
1763324970378536860,[11 19  0  0  0  0  0  0],2,262,Pump RPM,378170840,1763324970,2835
1763324970461899424,[ 11 132   0   0   0   0   0   0],2,262,Pump RPM,461072632,1763324970,2948
1763324970543802358,[12  3  0  0  0  0  0  0],2,262,Pump RPM,543315922,1763324970,3075
1763324970636008208,[ 12 129   0   0   0   0   0   0],2,262,Pump RPM,635654509,1763324970,3201
1763324970750428513,[ 12 193   0   0   0   0   0   0],2,262,Pump RPM,749560920,1763324970,3265
1763324970842058261,[ 12 211   0   0   0   0   0   0],2,262,Pump RPM,841537008,1763324970,3283
1763324970954834933,[ 12 210   0   0   0   0   0   0],2,262,Pump RPM,954605939,1763324970,3282
1763324971037551092,[ 12 161   0   0   0   0   0   0],2,262,Pump RPM,36987886,1763324971,3233
1763324971151661762,[ 12 142   0   0   0   0   0   0],2,262,Pump RPM,150863354,1763324971,3214
1763324971243870300,[12 66  0  0  0  0  0  0],2,262,Pump RPM,242892051,1763324971,3138
1763324971386439325,[12 26  0  0  0  0  0  0],2,262,Pump RPM,386261116,1763324971,3098
1763324971471149936,[ 11 224   0   0   0   0   0   0],2,262,Pump RPM,470460809,1763324971,3040
1763324971552805220,[ 11 148   0   0   0   0   0   0],2,262,Pump RPM,552555042,1763324971,2964
1763324971645501347,[ 11 115   0   0   0   0   0   0],2,262,Pump RPM,644627547,1763324971,2931
1763324971757731359,[11 81  0  0  0  0  0  0],2,262,Pump RPM,757246811,1763324971,2897
1763324971843100568,[11 49  0  0  0  0  0  0],2,262,Pump RPM,841409320,1763324971,2865
1763324971955451541,[11 15  0  0  0  0  0  0],2,262,Pump RPM,954653229,1763324971,2831
1763324972046905993,[11 25  0  0  0  0  0  0],2,262,Pump RPM,46657862,1763324972,2841
1763324972152137186,[11 88  0  0  0  0  0  0],2,262,Pump RPM,151340730,1763324972,2904
1763324972246348688,[ 11 206   0   0   0   0   0   0],2,262,Pump RPM,244481950,1763324972,3022
1763324972390012861,[ 12 124   0   0   0   0   0   0],2,262,Pump RPM,388931538,1763324972,3196
1763324972472840125,[13 57  0  0  0  0  0  0],2,262,Pump RPM,472094550,1763324972,3385
1763324972557786418,[ 13 220   0   0   0   0   0   0],2,262,Pump RPM,555702430,1763324972,3548
1763324972649069765,[14 50  0  0  0  0  0  0],2,262,Pump RPM,648279613,1763324972,3634
1763324972751705253,[14 98  0  0  0  0  0  0],2,262,Pump RPM,750881181,1763324972,3682
1763324972847642052,[ 14 129   0   0   0   0   0   0],2,262,Pump RPM,846823100,1763324972,3713
1763324972961999829,[ 14 121   0   0   0   0   0   0],2,262,Pump RPM,960525575,1763324972,3705
1763324973045066264,[ 14 111   0   0   0   0   0   0],2,262,Pump RPM,44498547,1763324973,3695
1763324973159254889,[14 95  0  0  0  0  0  0],2,262,Pump RPM,158630307,1763324973,3679
1763324973250816862,[14 69  0  0  0  0  0  0],2,262,Pump RPM,250506843,1763324973,3653
1763324973386273724,[14 51  0  0  0  0  0  0],2,262,Pump RPM,385719959,1763324973,3635
1763324973469308128,[ 13 252   0   0   0   0   0   0],2,262,Pump RPM,468666297,1763324973,3580
1763324973562975178,[ 13 240   0   0   0   0   0   0],2,262,Pump RPM,562474597,1763324973,3568
1763324973646662227,[ 13 183   0   0   0   0   0   0],2,262,Pump RPM,645537384,1763324973,3511
1763324973760817891,[ 13 104   0   0   0   0   0   0],2,262,Pump RPM,760613985,1763324973,3432
1763324973855153588,[13 67  0  0  0  0  0  0],2,262,Pump RPM,854596366,1763324973,3395
1763324973959055585,[13 31  0  0  0  0  0  0],2,262,Pump RPM,958379674,1763324973,3359
1763324974054806399,[13 17  0  0  0  0  0  0],2,262,Pump RPM,51807778,1763324974,3345
1763324974156568696,[13 53  0  0  0  0  0  0],2,262,Pump RPM,155679119,1763324974,3381
1763324974251761681,[ 13 208   0   0   0   0   0   0],2,262,Pump RPM,248634259,1763324974,3536
1763324974394751674,[ 14 221   0   0   0   0   0   0],2,262,Pump RPM,393851761,1763324974,3805
1763324974478465668,[16 15  0  0  0  0  0  0],2,262,Pump RPM,476580082,1763324974,4111
1763324974560053690,[17 73  0  0  0  0  0  0],2,262,Pump RPM,559364051,1763324974,4425
1763324974653205855,[18 86  0  0  0  0  0  0],2,262,Pump RPM,652692314,1763324974,4694
1763324974766181221,[ 18 204   0   0   0   0   0   0],2,262,Pump RPM,765458238,1763324974,4812
1763324974849233577,[ 18 241   0   0   0   0   0   0],2,262,Pump RPM,847885948,1763324974,4849
1763324974961560744,[ 18 225   0   0   0   0   0   0],2,262,Pump RPM,961140420,1763324974,4833
1763324975053487618,[ 18 208   0   0   0   0   0   0],2,262,Pump RPM,53082462,1763324975,4816
1763324975166925101,[ 18 182   0   0   0   0   0   0],2,262,Pump RPM,166291623,1763324975,4790
1763324975259826705,[ 18 120   0   0   0   0   0   0],2,262,Pump RPM,259006281,1763324975,4728
1763324975393851971,[18 24  0  0  0  0  0  0],2,262,Pump RPM,393608481,1763324975,4632
1763324975477817904,[ 17 206   0   0   0   0   0   0],2,262,Pump RPM,477457485,1763324975,4558
1763324975572146626,[ 17 149   0   0   0   0   0   0],2,262,Pump RPM,571461403,1763324975,4501
1763324975656089103,[17 90  0  0  0  0  0  0],2,262,Pump RPM,654946212,1763324975,4442
1763324975770139008,[17 22  0  0  0  0  0  0],2,262,Pump RPM,768450128,1763324975,4374
1763324975853036675,[17 97  0  0  0  0  0  0],2,262,Pump RPM,852381117,1763324975,4449
1763324975964221912,[18 56  0  0  0  0  0  0],2,262,Pump RPM,963563249,1763324975,4664
1763324976056614231,[ 19 125   0   0   0   0   0   0],2,262,Pump RPM,56249492,1763324976,4989
1763324976169618367,[21 59  0  0  0  0  0  0],2,262,Pump RPM,168844055,1763324976,5435
1763324976263302123,[23 80  0  0  0  0  0  0],2,262,Pump RPM,261504665,1763324976,5968
1763324976396296980,[25  7  0  0  0  0  0  0],2,262,Pump RPM,395654190,1763324976,6407
1763324976479276536,[ 25 112   0   0   0   0   0   0],2,262,Pump RPM,478702419,1763324976,6512
1763324976572354015,[ 25 219   0   0   0   0   0   0],2,262,Pump RPM,571875642,1763324976,6619
1763324976654311033,[ 25 211   0   0   0   0   0   0],2,262,Pump RPM,653531185,1763324976,6611
1763324976769686359,[ 25 150   0   0   0   0   0   0],2,262,Pump RPM,768635981,1763324976,6550
1763324976862176056,[25 64  0  0  0  0  0  0],2,262,Pump RPM,861492465,1763324976,6464
1763324976974865276,[ 24 225   0   0   0   0   0   0],2,262,Pump RPM,974449624,1763324976,6369
1763324977058059523,[ 24 163   0   0   0   0   0   0],2,262,Pump RPM,57580991,1763324977,6307
1763324977172464793,[ 24 155   0   0   0   0   0   0],2,262,Pump RPM,171492496,1763324977,6299
1763324977266265319,[ 24 226   0   0   0   0   0   0],2,262,Pump RPM,263951408,1763324977,6370
1763324977403439962,[ 25 194   0   0   0   0   0   0],2,262,Pump RPM,403098262,1763324977,6594
1763324977487368392,[ 27 178   0   0   0   0   0   0],2,262,Pump RPM,486557280,1763324977,7090
1763324977570753457,[ 29 138   0   0   0   0   0   0],2,262,Pump RPM,569986569,1763324977,7562
1763324977663771063,[ 30 167   0   0   0   0   0   0],2,262,Pump RPM,662051654,1763324977,7847
1763324977776428540,[31  3  0  0  0  0  0  0],2,262,Pump RPM,775493555,1763324977,7939
1763324977858758074,[31 42  0  0  0  0  0  0],2,262,Pump RPM,857642768,1763324977,7978
1763324977975412230,[ 31 112   0   0   0   0   0   0],2,262,Pump RPM,973485107,1763324977,8048
1763324978071988591,[ 31 241   0   0   0   0   0   0],2,262,Pump RPM,71171623,1763324978,8177
1763324978181645848,[ 32 122   0   0   0   0   0   0],2,262,Pump RPM,177753490,1763324978,8314
1763324978268106975,[32 85  0  0  0  0  0  0],2,262,Pump RPM,267451961,1763324978,8277
1763324978402139316,[32 68  0  0  0  0  0  0],2,262,Pump RPM,401460942,1763324978,8260
1763324978484806967,[ 32 229   0   0   0   0   0   0],2,262,Pump RPM,484454739,1763324978,8421
1763324978577714301,[ 34 203   0   0   0   0   0   0],2,262,Pump RPM,576876533,1763324978,8907
1763324978660723107,[36 36  0  0  0  0  0  0],2,262,Pump RPM,660118845,1763324978,9252
1763324978774976248,[ 36 198   0   0   0   0   0   0],2,262,Pump RPM,773754188,1763324978,9414
1763324978866766803,[37 37  0  0  0  0  0  0],2,262,Pump RPM,866428720,1763324978,9509
1763324978980258049,[ 37 100   0   0   0   0   0   0],2,262,Pump RPM,980043838,1763324978,9572
1763324979063420968,[37 46  0  0  0  0  0  0],2,262,Pump RPM,62949316,1763324979,9518
1763324979178189091,[ 36 245   0   0   0   0   0   0],2,262,Pump RPM,177020568,1763324979,9461
1763324979272429431,[ 36 201   0   0   0   0   0   0],2,262,Pump RPM,269362105,1763324979,9417
1763324979405511780,[ 36 128   0   0   0   0   0   0],2,262,Pump RPM,404423257,1763324979,9344
1763324979489302258,[36 17  0  0  0  0  0  0],2,262,Pump RPM,488621579,1763324979,9233
1763324979582134231,[ 35 176   0   0   0   0   0   0],2,262,Pump RPM,581287951,1763324979,9136
1763324979667396948,[ 35 144   0   0   0   0   0   0],2,262,Pump RPM,664436087,1763324979,9104
1763324979778281449,[35 39  0  0  0  0  0  0],2,262,Pump RPM,777367904,1763324979,8999
1763324979869656577,[ 34 198   0   0   0   0   0   0],2,262,Pump RPM,869411454,1763324979,8902
1763324979982887341,[34 27  0  0  0  0  0  0],2,262,Pump RPM,981998820,1763324979,8731
1763324980064654887,[ 33 185   0   0   0   0   0   0],2,262,Pump RPM,64486918,1763324980,8633
1763324980179490820,[33 97  0  0  0  0  0  0],2,262,Pump RPM,178414201,1763324980,8545
1763324980272224873,[ 32 240   0   0   0   0   0   0],2,262,Pump RPM,271169887,1763324980,8432
1763324980415225336,[ 32 189   0   0   0   0   0   0],2,262,Pump RPM,414679346,1763324980,8381
1763324980500226194,[ 32 113   0   0   0   0   0   0],2,262,Pump RPM,499881743,1763324980,8305
1763324980583209465,[ 32 138   0   0   0   0   0   0],2,262,Pump RPM,582638643,1763324980,8330
1763324980677195914,[ 32 141   0   0   0   0   0   0],2,262,Pump RPM,676461379,1763324980,8333
1763324980779741263,[ 32 106   0   0   0   0   0   0],2,262,Pump RPM,779417804,1763324980,8298
1763324980872862329,[32 71  0  0  0  0  0  0],2,262,Pump RPM,872418324,1763324980,8263
1763324980987289969,[32 29  0  0  0  0  0  0],2,262,Pump RPM,986548426,1763324980,8221
1763324981070369753,[ 31 221   0   0   0   0   0   0],2,262,Pump RPM,68936747,1763324981,8157
1763324981181918870,[ 31 142   0   0   0   0   0   0],2,262,Pump RPM,181409073,1763324981,8078
1763324981276808466,[ 31 122   0   0   0   0   0   0],2,262,Pump RPM,275463140,1763324981,8058
1763324981427148232,[ 31 113   0   0   0   0   0   0],2,262,Pump RPM,426355200,1763324981,8049
1763324981509552842,[31 97  0  0  0  0  0  0],2,262,Pump RPM,508875875,1763324981,8033
1763324981580822015,[31 88  0  0  0  0  0  0],2,262,Pump RPM,580511740,1763324981,8024
1763324981673931753,[ 31 114   0   0   0   0   0   0],2,262,Pump RPM,673260643,1763324981,8050
1763324981786670354,[ 31 188   0   0   0   0   0   0],2,262,Pump RPM,786016620,1763324981,8124
1763324981881563277,[ 31 254   0   0   0   0   0   0],2,262,Pump RPM,878675601,1763324981,8190
1763324981992416868,[32 89  0  0  0  0  0  0],2,262,Pump RPM,990711763,1763324981,8281
1763324982074307553,[32 45  0  0  0  0  0  0],2,262,Pump RPM,73526969,1763324982,8237
1763324982186317059,[30 80  0  0  0  0  0  0],2,262,Pump RPM,185925791,1763324982,7760
1763324982279666288,[ 28 115   0   0   0   0   0   0],2,262,Pump RPM,278786183,1763324982,7283
1763324982427741010,[ 26 173   0   0   0   0   0   0],2,262,Pump RPM,427015915,1763324982,6829
1763324982511810404,[ 24 210   0   0   0   0   0   0],2,262,Pump RPM,511552034,1763324982,6354
1763324982592887609,[23 51  0  0  0  0  0  0],2,262,Pump RPM,592525686,1763324982,5939
1763324982675668959,[ 21 164   0   0   0   0   0   0],2,262,Pump RPM,675312188,1763324982,5540
1763324982789809495,[20 33  0  0  0  0  0  0],2,262,Pump RPM,789299346,1763324982,5153
1763324982882695167,[ 18 208   0   0   0   0   0   0],2,262,Pump RPM,882427740,1763324982,4816
1763324982986284399,[ 17 201   0   0   0   0   0   0],2,262,Pump RPM,985740074,1763324982,4553
1763324983079984800,[ 16 195   0   0   0   0   0   0],2,262,Pump RPM,78282064,1763324983,4291
1763324983192598793,[ 15 190   0   0   0   0   0   0],2,262,Pump RPM,191441630,1763324983,4030
1763324983285583635,[ 14 242   0   0   0   0   0   0],2,262,Pump RPM,285350929,1763324983,3826
1763324983419771439,[14 66  0  0  0  0  0  0],2,262,Pump RPM,419111976,1763324983,3650
1763324983506604669,[ 13 132   0   0   0   0   0   0],2,262,Pump RPM,505663700,1763324983,3460
1763324983588082967,[13  1  0  0  0  0  0  0],2,262,Pump RPM,587552881,1763324983,3329
1763324983680389338,[12 80  0  0  0  0  0  0],2,262,Pump RPM,680157848,1763324983,3152
1763324983793771722,[ 11 225   0   0   0   0   0   0],2,262,Pump RPM,792583647,1763324983,3041
1763324983885017507,[11 83  0  0  0  0  0  0],2,262,Pump RPM,884576927,1763324983,2899
1763324983989721696,[ 10 185   0   0   0   0   0   0],2,262,Pump RPM,988671509,1763324983,2745
1763324984085305923,[10 78  0  0  0  0  0  0],2,262,Pump RPM,84418523,1763324984,2638
1763324984198831830,[  9 226   0   0   0   0   0   0],2,262,Pump RPM,198594964,1763324984,2530
1763324984281958433,[  9 102   0   0   0   0   0   0],2,262,Pump RPM,281504380,1763324984,2406
1763324984426638499,[  8 225   0   0   0   0   0   0],2,262,Pump RPM,425505912,1763324984,2273
1763324984508904581,[  8 128   0   0   0   0   0   0],2,262,Pump RPM,508173726,1763324984,2176
1763324984591818446,[  7 251   0   0   0   0   0   0],2,262,Pump RPM,591333641,1763324984,2043
1763324984687138639,[  7 125   0   0   0   0   0   0],2,262,Pump RPM,684570646,1763324984,1917
1763324984799780601,[ 7 44  0  0  0  0  0  0],2,262,Pump RPM,798702191,1763324984,1836
1763324984880881456,[  6 238   0   0   0   0   0   0],2,262,Pump RPM,880385995,1763324984,1774
1763324984994285666,[  6 218   0   0   0   0   0   0],2,262,Pump RPM,993602299,1763324984,1754
1763324985087662961,[  6 238   0   0   0   0   0   0],2,262,Pump RPM,87467151,1763324985,1774
1763324985203312249,[7 9 0 0 0 0 0 0],2,262,Pump RPM,202866581,1763324985,1801
1763324985285988224,[ 7 40  0  0  0  0  0  0],2,262,Pump RPM,285558907,1763324985,1832
1763324985434331271,[ 7 80  0  0  0  0  0  0],2,262,Pump RPM,434030148,1763324985,1872
1763324985518522748,[  7 137   0   0   0   0   0   0],2,262,Pump RPM,517713844,1763324985,1929
1763324985601865162,[  7 207   0   0   0   0   0   0],2,262,Pump RPM,600582589,1763324985,1999
1763324985684142956,[  7 254   0   0   0   0   0   0],2,262,Pump RPM,683208067,1763324985,2046
1763324985798712330,[ 8 74  0  0  0  0  0  0],2,262,Pump RPM,797409981,1763324985,2122
1763324985890151878,[  8 147   0   0   0   0   0   0],2,262,Pump RPM,889933380,1763324985,2195
1763324986003355319,[  8 221   0   0   0   0   0   0],2,262,Pump RPM,2834162,1763324986,2269
1763324986085840220,[ 9 37  0  0  0  0  0  0],2,262,Pump RPM,85280343,1763324986,2341
1763324986199165454,[ 9 89  0  0  0  0  0  0],2,262,Pump RPM,198761451,1763324986,2393
1763324986292128026,[  9 125   0   0   0   0   0   0],2,262,Pump RPM,291276754,1763324986,2429
1763324986436752702,[  9 174   0   0   0   0   0   0],2,262,Pump RPM,436219833,1763324986,2478
1763324986519764009,[  9 186   0   0   0   0   0   0],2,262,Pump RPM,518941217,1763324986,2490
1763324986602798547,[  9 193   0   0   0   0   0   0],2,262,Pump RPM,601992524,1763324986,2497
1763324986698094358,[  9 197   0   0   0   0   0   0],2,262,Pump RPM,697659058,1763324986,2501
1763324986801748202,[  9 199   0   0   0   0   0   0],2,262,Pump RPM,801268549,1763324986,2503
1763324986890862576,[  9 175   0   0   0   0   0   0],2,262,Pump RPM,890631598,1763324986,2479
1763324987003443195,[  9 204   0   0   0   0   0   0],2,262,Pump RPM,3188793,1763324987,2508
1763324987095696448,[  9 209   0   0   0   0   0   0],2,262,Pump RPM,95375581,1763324987,2513
1763324987200301887,[  9 193   0   0   0   0   0   0],2,262,Pump RPM,199214324,1763324987,2497
1763324987291582138,[  9 187   0   0   0   0   0   0],2,262,Pump RPM,291360792,1763324987,2491
1763324987436199263,[  9 166   0   0   0   0   0   0],2,262,Pump RPM,435743579,1763324987,2470
1763324987519911697,[  9 129   0   0   0   0   0   0],2,262,Pump RPM,519555470,1763324987,2433
1763324987602629145,[  9 101   0   0   0   0   0   0],2,262,Pump RPM,602172917,1763324987,2405
1763324987697419704,[ 9 47  0  0  0  0  0  0],2,262,Pump RPM,695621126,1763324987,2351
1763324987809670016,[9 0 0 0 0 0 0 0],2,262,Pump RPM,808815256,1763324987,2304
1763324987893395250,[  8 195   0   0   0   0   0   0],2,262,Pump RPM,893072367,1763324987,2243
1763324988007626895,[  8 167   0   0   0   0   0   0],2,262,Pump RPM,7367948,1763324988,2215
1763324988101281570,[  8 107   0   0   0   0   0   0],2,262,Pump RPM,100988063,1763324988,2155
1763324988204729878,[ 8 84  0  0  0  0  0  0],2,262,Pump RPM,204147440,1763324988,2132
1763324988297415456,[ 8 35  0  0  0  0  0  0],2,262,Pump RPM,296947547,1763324988,2083
1763324988442701964,[ 8 17  0  0  0  0  0  0],2,262,Pump RPM,442173191,1763324988,2065
1763324988528346066,[  7 251   0   0   0   0   0   0],2,262,Pump RPM,527356808,1763324988,2043
1763324988609793742,[  7 231   0   0   0   0   0   0],2,262,Pump RPM,609379946,1763324988,2023
1763324988702373591,[  7 216   0   0   0   0   0   0],2,262,Pump RPM,701465934,1763324988,2008
1763324988805857899,[  7 225   0   0   0   0   0   0],2,262,Pump RPM,805531528,1763324988,2017
1763324988900043524,[  7 226   0   0   0   0   0   0],2,262,Pump RPM,899489599,1763324988,2018
1763324989016006898,[  7 223   0   0   0   0   0   0],2,262,Pump RPM,15422732,1763324989,2015
1763324989099073727,[  7 212   0   0   0   0   0   0],2,262,Pump RPM,98601978,1763324989,2004
1763324989212896728,[  7 228   0   0   0   0   0   0],2,262,Pump RPM,212672150,1763324989,2020
1763324989299004483,[  7 218   0   0   0   0   0   0],2,262,Pump RPM,298402685,1763324989,2010
1763324989444238320,[  7 214   0   0   0   0   0   0],2,262,Pump RPM,443511593,1763324989,2006
1763324989528050628,[  7 211   0   0   0   0   0   0],2,262,Pump RPM,527256380,1763324989,2003
1763324989612802145,[  7 227   0   0   0   0   0   0],2,262,Pump RPM,610225640,1763324989,2019
1763324989704505250,[ 8 27  0  0  0  0  0  0],2,262,Pump RPM,703631226,1763324989,2075
1763324989818612159,[  8 111   0   0   0   0   0   0],2,262,Pump RPM,816953327,1763324989,2159
1763324989900982277,[  8 185   0   0   0   0   0   0],2,262,Pump RPM,899818937,1763324989,2233
1763324990009593996,[ 9 31  0  0  0  0  0  0],2,262,Pump RPM,8891845,1763324990,2335
1763324990101469263,[  9 141   0   0   0   0   0   0],2,262,Pump RPM,100522278,1763324990,2445
1763324990214733892,[  9 251   0   0   0   0   0   0],2,262,Pump RPM,214110494,1763324990,2555
1763324990308730076,[ 10 135   0   0   0   0   0   0],2,262,Pump RPM,308422937,1763324990,2695
1763324990442934718,[ 10 229   0   0   0   0   0   0],2,262,Pump RPM,442605339,1763324990,2789
1763324990527752445,[11 96  0  0  0  0  0  0],2,262,Pump RPM,526440496,1763324990,2912
1763324990620623498,[ 11 169   0   0   0   0   0   0],2,262,Pump RPM,620234854,1763324990,2985
1763324990702716270,[ 11 215   0   0   0   0   0   0],2,262,Pump RPM,702035495,1763324990,3031
1763324990819026305,[ 11 240   0   0   0   0   0   0],2,262,Pump RPM,818423867,1763324990,3056
1763324990904247299,[ 11 228   0   0   0   0   0   0],2,262,Pump RPM,902258544,1763324990,3044
1763324991017480600,[ 11 194   0   0   0   0   0   0],2,262,Pump RPM,16901234,1763324991,3010
1763324991112489371,[ 11 188   0   0   0   0   0   0],2,262,Pump RPM,110970796,1763324991,3004
1763324991217965796,[ 11 180   0   0   0   0   0   0],2,262,Pump RPM,216490550,1763324991,2996
1763324991312032446,[ 11 154   0   0   0   0   0   0],2,262,Pump RPM,311172886,1763324991,2970
1763324991446809159,[ 11 129   0   0   0   0   0   0],2,262,Pump RPM,446390243,1763324991,2945
1763324991534529026,[11 98  0  0  0  0  0  0],2,262,Pump RPM,533842715,1763324991,2914
1763324991615924512,[11 88  0  0  0  0  0  0],2,262,Pump RPM,614950934,1763324991,2904
1763324991708112199,[ 11 138   0   0   0   0   0   0],2,262,Pump RPM,707412800,1763324991,2954
1763324991824173944,[ 11 171   0   0   0   0   0   0],2,262,Pump RPM,822082980,1763324991,2987
1763324991905028528,[12 21  0  0  0  0  0  0],2,262,Pump RPM,904737549,1763324991,3093
1763324992019634483,[ 12 120   0   0   0   0   0   0],2,262,Pump RPM,19264272,1763324992,3192
1763324992112599715,[ 12 220   0   0   0   0   0   0],2,262,Pump RPM,111774779,1763324992,3292
1763324992224768239,[13 11  0  0  0  0  0  0],2,262,Pump RPM,224393931,1763324992,3339
1763324992307319064,[13 23  0  0  0  0  0  0],2,262,Pump RPM,306423407,1763324992,3351
1763324992451236635,[13 17  0  0  0  0  0  0],2,262,Pump RPM,451019737,1763324992,3345
1763324992534554924,[13 25  0  0  0  0  0  0],2,262,Pump RPM,534012519,1763324992,3353
1763324992620224180,[13 22  0  0  0  0  0  0],2,262,Pump RPM,619406700,1763324992,3350
1763324992713412646,[13 20  0  0  0  0  0  0],2,262,Pump RPM,712753855,1763324992,3348
1763324992826428570,[ 12 243   0   0   0   0   0   0],2,262,Pump RPM,825812308,1763324992,3315
1763324992908912003,[ 12 222   0   0   0   0   0   0],2,262,Pump RPM,908380957,1763324992,3294
1763324993022011032,[ 12 219   0   0   0   0   0   0],2,262,Pump RPM,21800214,1763324993,3291
1763324993115828016,[ 12 204   0   0   0   0   0   0],2,262,Pump RPM,114985160,1763324993,3276
1763324993223708851,[ 12 183   0   0   0   0   0   0],2,262,Pump RPM,220281585,1763324993,3255
1763324993313533988,[ 12 184   0   0   0   0   0   0],2,262,Pump RPM,313325410,1763324993,3256
1763324993461560976,[ 12 168   0   0   0   0   0   0],2,262,Pump RPM,459476284,1763324993,3240
1763324993542742669,[ 12 133   0   0   0   0   0   0],2,262,Pump RPM,542256616,1763324993,3205
1763324993631336722,[ 12 116   0   0   0   0   0   0],2,262,Pump RPM,629214269,1763324993,3188
1763324993711925897,[ 12 109   0   0   0   0   0   0],2,262,Pump RPM,711388836,1763324993,3181
1763324993826480045,[ 12 100   0   0   0   0   0   0],2,262,Pump RPM,826195850,1763324993,3172
1763324993920654761,[12 81  0  0  0  0  0  0],2,262,Pump RPM,920296549,1763324993,3153
1763324994025688368,[12 74  0  0  0  0  0  0],2,262,Pump RPM,25458797,1763324994,3146
1763324994120166415,[12 88  0  0  0  0  0  0],2,262,Pump RPM,118647712,1763324994,3160
1763324994222013815,[ 12 119   0   0   0   0   0   0],2,262,Pump RPM,221748117,1763324994,3191
1763324994316959068,[ 12 133   0   0   0   0   0   0],2,262,Pump RPM,314991688,1763324994,3205
1763324994460180282,[ 12 148   0   0   0   0   0   0],2,262,Pump RPM,459745974,1763324994,3220
1763324994543037351,[ 12 159   0   0   0   0   0   0],2,262,Pump RPM,542427201,1763324994,3231
1763324994625124077,[ 12 170   0   0   0   0   0   0],2,262,Pump RPM,624832682,1763324994,3242
1763324994720114130,[ 12 206   0   0   0   0   0   0],2,262,Pump RPM,719162729,1763324994,3278
1763324994832836357,[ 12 219   0   0   0   0   0   0],2,262,Pump RPM,832477089,1763324994,3291
1763324994916233752,[ 12 235   0   0   0   0   0   0],2,262,Pump RPM,915545137,1763324994,3307
1763324995033762906,[ 12 228   0   0   0   0   0   0],2,262,Pump RPM,31002207,1763324995,3300
1763324995115397180,[ 12 249   0   0   0   0   0   0],2,262,Pump RPM,115028216,1763324995,3321
1763324995228834070,[13 16  0  0  0  0  0  0],2,262,Pump RPM,228583924,1763324995,3344
1763324995323041524,[13 35  0  0  0  0  0  0],2,262,Pump RPM,322745425,1763324995,3363
1763324995460665852,[13 59  0  0  0  0  0  0],2,262,Pump RPM,460138391,1763324995,3387
1763324995551228886,[13 76  0  0  0  0  0  0],2,262,Pump RPM,544569237,1763324995,3404
1763324995628984498,[13 88  0  0  0  0  0  0],2,262,Pump RPM,627633381,1763324995,3416
1763324995721692865,[ 13 116   0   0   0   0   0   0],2,262,Pump RPM,721043163,1763324995,3444
1763324995832390017,[ 13 103   0   0   0   0   0   0],2,262,Pump RPM,832183295,1763324995,3431
1763324995921726158,[ 13 107   0   0   0   0   0   0],2,262,Pump RPM,920319553,1763324995,3435
1763324996035989841,[13 89  0  0  0  0  0  0],2,262,Pump RPM,34760165,1763324996,3417
1763324996117366897,[13 81  0  0  0  0  0  0],2,262,Pump RPM,117130991,1763324996,3409
1763324996231227825,[13 78  0  0  0  0  0  0],2,262,Pump RPM,231000527,1763324996,3406
1763324996325004107,[13 52  0  0  0  0  0  0],2,262,Pump RPM,323521500,1763324996,3380
1763324996469514936,[13 38  0  0  0  0  0  0],2,262,Pump RPM,469317686,1763324996,3366
1763324996553133390,[13 14  0  0  0  0  0  0],2,262,Pump RPM,552258341,1763324996,3342
1763324996639118011,[13 42  0  0  0  0  0  0],2,262,Pump RPM,636592067,1763324996,3370
1763324996729210801,[13 56  0  0  0  0  0  0],2,262,Pump RPM,728917902,1763324996,3384
1763324996834251738,[13 48  0  0  0  0  0  0],2,262,Pump RPM,833582291,1763324996,3376
1763324996926580294,[13 57  0  0  0  0  0  0],2,262,Pump RPM,926327843,1763324996,3385
1763324997041606321,[13 64  0  0  0  0  0  0],2,262,Pump RPM,39550493,1763324997,3392
1763324997123699065,[13 40  0  0  0  0  0  0],2,262,Pump RPM,123161651,1763324997,3368
1763324997236863986,[13 41  0  0  0  0  0  0],2,262,Pump RPM,236493551,1763324997,3369
1763324997332749538,[13 57  0  0  0  0  0  0],2,262,Pump RPM,331903129,1763324997,3385
1763324997466513414,[13 49  0  0  0  0  0  0],2,262,Pump RPM,465957472,1763324997,3377
1763324997548486924,[13 47  0  0  0  0  0  0],2,262,Pump RPM,548112649,1763324997,3375
1763324997642311271,[13 49  0  0  0  0  0  0],2,262,Pump RPM,641697121,1763324997,3377
1763324997724101420,[13 60  0  0  0  0  0  0],2,262,Pump RPM,723626887,1763324997,3388
1763324997837029219,[13 65  0  0  0  0  0  0],2,262,Pump RPM,836807329,1763324997,3393
1763324997930565756,[13 74  0  0  0  0  0  0],2,262,Pump RPM,929742771,1763324997,3402
1763324998043673109,[13 78  0  0  0  0  0  0],2,262,Pump RPM,43107119,1763324998,3406
1763324998126166113,[13 91  0  0  0  0  0  0],2,262,Pump RPM,125601595,1763324998,3419
1763324998238672917,[13 81  0  0  0  0  0  0],2,262,Pump RPM,238302705,1763324998,3409
1763324998331636328,[13 99  0  0  0  0  0  0],2,262,Pump RPM,330940961,1763324998,3427
1763324998476121334,[13 74  0  0  0  0  0  0],2,262,Pump RPM,474883498,1763324998,3402
1763324998559375210,[13 70  0  0  0  0  0  0],2,262,Pump RPM,558891301,1763324998,3398
1763324998645376217,[13 72  0  0  0  0  0  0],2,262,Pump RPM,644937365,1763324998,3400
1763324998726894556,[13 92  0  0  0  0  0  0],2,262,Pump RPM,726185269,1763324998,3420
1763324998842211243,[13 96  0  0  0  0  0  0],2,262,Pump RPM,841585861,1763324998,3424
1763324998934949404,[13 82  0  0  0  0  0  0],2,262,Pump RPM,934396823,1763324998,3410
1763324999038144468,[13 77  0  0  0  0  0  0],2,262,Pump RPM,37862961,1763324999,3405
1763324999131888688,[13 57  0  0  0  0  0  0],2,262,Pump RPM,131331498,1763324999,3385
1763324999246746940,[13 57  0  0  0  0  0  0],2,262,Pump RPM,246179126,1763324999,3385
1763324999330357491,[13 67  0  0  0  0  0  0],2,262,Pump RPM,328927557,1763324999,3395
1763324999475057893,[13 63  0  0  0  0  0  0],2,262,Pump RPM,474741602,1763324999,3391
1763324999558867935,[13 91  0  0  0  0  0  0],2,262,Pump RPM,557515793,1763324999,3419
1763324999640233728,[13 99  0  0  0  0  0  0],2,262,Pump RPM,639821948,1763324999,3427
1763324999735042758,[ 13 115   0   0   0   0   0   0],2,262,Pump RPM,734523073,1763324999,3443
1763324999848640230,[ 13 122   0   0   0   0   0   0],2,262,Pump RPM,848401795,1763324999,3450
1763324999931177523,[ 13 120   0   0   0   0   0   0],2,262,Pump RPM,930397707,1763324999,3448
1763325000046555748,[ 13 117   0   0   0   0   0   0],2,262,Pump RPM,45031317,1763325000,3445
1763325000139674266,[ 13 108   0   0   0   0   0   0],2,262,Pump RPM,139091892,1763325000,3436
1763325000251325735,[13 98  0  0  0  0  0  0],2,262,Pump RPM,250490239,1763325000,3426
1763325000335611398,[13 96  0  0  0  0  0  0],2,262,Pump RPM,334275001,1763325000,3424
1763325000480081750,[13 70  0  0  0  0  0  0],2,262,Pump RPM,479724083,1763325000,3398
1763325000565001852,[13 59  0  0  0  0  0  0],2,262,Pump RPM,564251316,1763325000,3387
1763325000646875587,[13 64  0  0  0  0  0  0],2,262,Pump RPM,646288605,1763325000,3392
1763325000739312242,[13 58  0  0  0  0  0  0],2,262,Pump RPM,738662988,1763325000,3386
1763325000852679824,[13 73  0  0  0  0  0  0],2,262,Pump RPM,851459876,1763325000,3401
1763325000935083292,[13 73  0  0  0  0  0  0],2,262,Pump RPM,934244532,1763325000,3401
1763325001048642332,[13 67  0  0  0  0  0  0],2,262,Pump RPM,48104215,1763325001,3395
1763325001140770601,[13 86  0  0  0  0  0  0],2,262,Pump RPM,140516231,1763325001,3414
1763325001245545747,[13 65  0  0  0  0  0  0],2,262,Pump RPM,245007726,1763325001,3393
1763325001337695968,[13 76  0  0  0  0  0  0],2,262,Pump RPM,337344349,1763325001,3404
1763325001481118535,[13 70  0  0  0  0  0  0],2,262,Pump RPM,480827364,1763325001,3398
1763325001564889762,[13 79  0  0  0  0  0  0],2,262,Pump RPM,563879800,1763325001,3407
1763325001646875562,[13 80  0  0  0  0  0  0],2,262,Pump RPM,646199460,1763325001,3408
1763325001739697086,[13 91  0  0  0  0  0  0],2,262,Pump RPM,739021688,1763325001,3419
1763325001853726307,[ 13 102   0   0   0   0   0   0],2,262,Pump RPM,853407616,1763325001,3430
1763325001945939793,[ 13 105   0   0   0   0   0   0],2,262,Pump RPM,945724559,1763325001,3433
1763325002048845929,[ 13 130   0   0   0   0   0   0],2,262,Pump RPM,48318595,1763325002,3458
1763325002142519877,[ 13 112   0   0   0   0   0   0],2,262,Pump RPM,141966048,1763325002,3440
1763325002256510379,[ 13 101   0   0   0   0   0   0],2,262,Pump RPM,256311369,1763325002,3429
1763325002338925880,[ 13 106   0   0   0   0   0   0],2,262,Pump RPM,338519892,1763325002,3434
1763325002483582605,[13 87  0  0  0  0  0  0],2,262,Pump RPM,482957606,1763325002,3415
1763325002569007128,[13 97  0  0  0  0  0  0],2,262,Pump RPM,568107343,1763325002,3425
1763325002651490182,[13 95  0  0  0  0  0  0],2,262,Pump RPM,651013634,1763325002,3423
1763325002746366255,[13 91  0  0  0  0  0  0],2,262,Pump RPM,743344881,1763325002,3419
1763325002858232351,[13 97  0  0  0  0  0  0],2,262,Pump RPM,856672784,1763325002,3425
1763325002949817000,[ 13 100   0   0   0   0   0   0],2,262,Pump RPM,949055424,1763325002,3428
1763325003051789975,[ 13 102   0   0   0   0   0   0],2,262,Pump RPM,51437555,1763325003,3430
1763325003145630038,[13 99  0  0  0  0  0  0],2,262,Pump RPM,145305971,1763325003,3427
1763325003259851518,[ 13 101   0   0   0   0   0   0],2,262,Pump RPM,259531131,1763325003,3429
1763325003343859516,[ 13 102   0   0   0   0   0   0],2,262,Pump RPM,341416740,1763325003,3430
1763325003485560980,[13 97  0  0  0  0  0  0],2,262,Pump RPM,485373042,1763325003,3425
1763325003568733066,[ 13 104   0   0   0   0   0   0],2,262,Pump RPM,568037827,1763325003,3432
1763325003662484520,[13 95  0  0  0  0  0  0],2,262,Pump RPM,662081476,1763325003,3423
1763325003745060568,[13 98  0  0  0  0  0  0],2,262,Pump RPM,744546835,1763325003,3426
1763325003862758243,[ 13 100   0   0   0   0   0   0],2,262,Pump RPM,860278026,1763325003,3428
1763325003951367502,[ 13 101   0   0   0   0   0   0],2,262,Pump RPM,950357508,1763325003,3429
1763325004058374608,[ 13 120   0   0   0   0   0   0],2,262,Pump RPM,56479421,1763325004,3448
1763325004149356659,[ 13 141   0   0   0   0   0   0],2,262,Pump RPM,148645900,1763325004,3469
1763325004263048695,[ 13 120   0   0   0   0   0   0],2,262,Pump RPM,262492690,1763325004,3448
1763325004345312804,[ 13 111   0   0   0   0   0   0],2,262,Pump RPM,344373627,1763325004,3439
1763325004488525676,[ 13 101   0   0   0   0   0   0],2,262,Pump RPM,487741892,1763325004,3429
1763325004573045584,[13 78  0  0  0  0  0  0],2,262,Pump RPM,572294472,1763325004,3406
1763325004664479640,[13 76  0  0  0  0  0  0],2,262,Pump RPM,663743728,1763325004,3404
1763325004749201757,[13 55  0  0  0  0  0  0],2,262,Pump RPM,748501174,1763325004,3383
1763325004862949314,[13 64  0  0  0  0  0  0],2,262,Pump RPM,862477885,1763325004,3392
1763325004955475221,[13 89  0  0  0  0  0  0],2,262,Pump RPM,954919471,1763325004,3417
1763325005060035327,[13 96  0  0  0  0  0  0],2,262,Pump RPM,59118262,1763325005,3424
1763325005153354554,[ 13 107   0   0   0   0   0   0],2,262,Pump RPM,152477329,1763325005,3435
1763325005266297111,[ 13 107   0   0   0   0   0   0],2,262,Pump RPM,265944628,1763325005,3435
1763325005348497508,[13 95  0  0  0  0  0  0],2,262,Pump RPM,347960543,1763325005,3423
1763325005493284989,[ 13 106   0   0   0   0   0   0],2,262,Pump RPM,492603670,1763325005,3434
1763325005576766583,[ 13 105   0   0   0   0   0   0],2,262,Pump RPM,576221425,1763325005,3433
1763325005669820271,[ 13 108   0   0   0   0   0   0],2,262,Pump RPM,668940326,1763325005,3436
1763325005751915259,[ 13 132   0   0   0   0   0   0],2,262,Pump RPM,751174740,1763325005,3460
1763325005868269690,[ 13 148   0   0   0   0   0   0],2,262,Pump RPM,867362321,1763325005,3476
1763325005957456973,[ 13 132   0   0   0   0   0   0],2,262,Pump RPM,956606756,1763325005,3460
1763325006070200649,[ 13 135   0   0   0   0   0   0],2,262,Pump RPM,69730916,1763325006,3463
1763325006154871183,[ 13 119   0   0   0   0   0   0],2,262,Pump RPM,154073287,1763325006,3447
1763325006268382514,[ 13 109   0   0   0   0   0   0],2,262,Pump RPM,267760332,1763325006,3437
1763325006351408744,[ 13 104   0   0   0   0   0   0],2,262,Pump RPM,351018052,1763325006,3432
1763325006495437690,[13 69  0  0  0  0  0  0],2,262,Pump RPM,494754227,1763325006,3397
1763325006577640296,[13 43  0  0  0  0  0  0],2,262,Pump RPM,577407270,1763325006,3371
1763325006670372670,[13 27  0  0  0  0  0  0],2,262,Pump RPM,669849849,1763325006,3355
1763325006762938898,[13 29  0  0  0  0  0  0],2,262,Pump RPM,762312620,1763325006,3357
1763325006865121734,[13 20  0  0  0  0  0  0],2,262,Pump RPM,864695170,1763325006,3348
1763325006957608601,[ 12 234   0   0   0   0   0   0],2,262,Pump RPM,957087668,1763325006,3306
1763325007070997916,[ 12 225   0   0   0   0   0   0],2,262,Pump RPM,70614489,1763325007,3297
1763325007155635491,[ 12 207   0   0   0   0   0   0],2,262,Pump RPM,155322432,1763325007,3279
1763325007270166577,[ 12 159   0   0   0   0   0   0],2,262,Pump RPM,269299433,1763325007,3231
1763325007364250581,[ 12 133   0   0   0   0   0   0],2,262,Pump RPM,361737437,1763325007,3205
1763325007503315607,[12 97  0  0  0  0  0  0],2,262,Pump RPM,500013750,1763325007,3169
1763325007582994124,[12 59  0  0  0  0  0  0],2,262,Pump RPM,582596648,1763325007,3131
1763325007666542376,[12 31  0  0  0  0  0  0],2,262,Pump RPM,665996547,1763325007,3103
1763325007759176094,[12 35  0  0  0  0  0  0],2,262,Pump RPM,758679865,1763325007,3107
1763325007873036422,[12 45  0  0  0  0  0  0],2,262,Pump RPM,872406047,1763325007,3117
1763325007965802653,[12 55  0  0  0  0  0  0],2,262,Pump RPM,965175478,1763325007,3127
1763325008067825296,[12 56  0  0  0  0  0  0],2,262,Pump RPM,67419724,1763325008,3128
1763325008160953291,[12 68  0  0  0  0  0  0],2,262,Pump RPM,160346277,1763325008,3140
1763325008275228216,[12 74  0  0  0  0  0  0],2,262,Pump RPM,273743273,1763325008,3146
1763325008366131901,[12 76  0  0  0  0  0  0],2,262,Pump RPM,365933947,1763325008,3148
1763325008500536241,[12 97  0  0  0  0  0  0],2,262,Pump RPM,500039212,1763325008,3169
1763325008585420442,[ 12 114   0   0   0   0   0   0],2,262,Pump RPM,585071159,1763325008,3186
1763325008678313171,[ 12 121   0   0   0   0   0   0],2,262,Pump RPM,677597036,1763325008,3193
1763325008761585101,[ 12 131   0   0   0   0   0   0],2,262,Pump RPM,760509378,1763325008,3203
1763325008875491990,[ 12 138   0   0   0   0   0   0],2,262,Pump RPM,874965393,1763325008,3210
1763325008967522982,[ 12 149   0   0   0   0   0   0],2,262,Pump RPM,966880544,1763325008,3221
1763325009075853145,[ 12 168   0   0   0   0   0   0],2,262,Pump RPM,74300809,1763325009,3240
1763325009168623217,[ 12 169   0   0   0   0   0   0],2,262,Pump RPM,168189484,1763325009,3241
1763325009282378585,[ 12 192   0   0   0   0   0   0],2,262,Pump RPM,282071222,1763325009,3264
1763325009363161307,[ 12 162   0   0   0   0   0   0],2,262,Pump RPM,362524660,1763325009,3234
1763325009507048622,[ 12 154   0   0   0   0   0   0],2,262,Pump RPM,506721739,1763325009,3226
1763325009589869347,[ 12 105   0   0   0   0   0   0],2,262,Pump RPM,589460735,1763325009,3177
1763325009673978790,[12 90  0  0  0  0  0  0],2,262,Pump RPM,672428374,1763325009,3162
1763325009766448571,[12 68  0  0  0  0  0  0],2,262,Pump RPM,764364294,1763325009,3140
1763325009877645034,[12 70  0  0  0  0  0  0],2,262,Pump RPM,877430664,1763325009,3142
1763325009972938523,[12 55  0  0  0  0  0  0],2,262,Pump RPM,972620248,1763325009,3127
1763325010075992634,[12 42  0  0  0  0  0  0],2,262,Pump RPM,75554454,1763325010,3114
1763325010168426479,[12 32  0  0  0  0  0  0],2,262,Pump RPM,168047884,1763325010,3104
1763325010281712788,[12  9  0  0  0  0  0  0],2,262,Pump RPM,280924940,1763325010,3081
1763325010373029566,[12 16  0  0  0  0  0  0],2,262,Pump RPM,372622682,1763325010,3088
1763325010508214364,[12 29  0  0  0  0  0  0],2,262,Pump RPM,506964944,1763325010,3101
1763325010590434156,[12 36  0  0  0  0  0  0],2,262,Pump RPM,590236010,1763325010,3108
1763325010683640458,[12 30  0  0  0  0  0  0],2,262,Pump RPM,683315782,1763325010,3102
1763325010766565345,[12 17  0  0  0  0  0  0],2,262,Pump RPM,765780633,1763325010,3089
1763325010880518732,[12  3  0  0  0  0  0  0],2,262,Pump RPM,878567960,1763325010,3075
1763325010971774614,[ 11 241   0   0   0   0   0   0],2,262,Pump RPM,970947117,1763325010,3057
1763325011083583980,[ 11 241   0   0   0   0   0   0],2,262,Pump RPM,82962758,1763325011,3057
1763325011175797888,[12  0  0  0  0  0  0  0],2,262,Pump RPM,175230586,1763325011,3072
1763325011279973963,[12 75  0  0  0  0  0  0],2,262,Pump RPM,279098498,1763325011,3147
1763325011374938874,[ 12 210   0   0   0   0   0   0],2,262,Pump RPM,374343668,1763325011,3282
1763325011519342836,[ 13 133   0   0   0   0   0   0],2,262,Pump RPM,518845071,1763325011,3461
1763325011604908998,[14 51  0  0  0  0  0  0],2,262,Pump RPM,604212639,1763325011,3635
1763325011687144375,[ 14 255   0   0   0   0   0   0],2,262,Pump RPM,686281806,1763325011,3839
1763325011779487340,[ 15 228   0   0   0   0   0   0],2,262,Pump RPM,778719845,1763325011,4068
1763325011884231517,[ 16 165   0   0   0   0   0   0],2,262,Pump RPM,883308691,1763325011,4261
1763325011977766558,[17 85  0  0  0  0  0  0],2,262,Pump RPM,977034934,1763325011,4437
1763325012084427426,[18 14  0  0  0  0  0  0],2,262,Pump RPM,83512120,1763325012,4622
1763325012175921103,[ 18 222   0   0   0   0   0   0],2,262,Pump RPM,175028774,1763325012,4830
1763325012291413803,[ 19 192   0   0   0   0   0   0],2,262,Pump RPM,289521496,1763325012,5056
1763325012374492197,[ 20 119   0   0   0   0   0   0],2,262,Pump RPM,372858708,1763325012,5239
1763325012518796863,[ 20 222   0   0   0   0   0   0],2,262,Pump RPM,518038743,1763325012,5342
1763325012604991576,[21 21  0  0  0  0  0  0],2,262,Pump RPM,604266512,1763325012,5397
1763325012687388011,[21 95  0  0  0  0  0  0],2,262,Pump RPM,686453217,1763325012,5471
1763325012782006263,[ 21 172   0   0   0   0   0   0],2,262,Pump RPM,781707828,1763325012,5548
1763325012884242415,[22  2  0  0  0  0  0  0],2,262,Pump RPM,884044077,1763325012,5634
1763325012978018931,[22 89  0  0  0  0  0  0],2,262,Pump RPM,976683046,1763325012,5721
1763325013090627123,[ 22 244   0   0   0   0   0   0],2,262,Pump RPM,90324912,1763325013,5876
1763325013183294637,[23 60  0  0  0  0  0  0],2,262,Pump RPM,182789224,1763325013,5948
1763325013288449987,[ 23 245   0   0   0   0   0   0],2,262,Pump RPM,288004318,1763325013,6133
1763325013382004869,[24 95  0  0  0  0  0  0],2,262,Pump RPM,381142909,1763325013,6239
1763325013525568505,[24 68  0  0  0  0  0  0],2,262,Pump RPM,525139413,1763325013,6212
1763325013609014103,[24 47  0  0  0  0  0  0],2,262,Pump RPM,608493650,1763325013,6191
1763325013690721732,[24 11  0  0  0  0  0  0],2,262,Pump RPM,690530370,1763325013,6155
1763325013784573865,[ 23 243   0   0   0   0   0   0],2,262,Pump RPM,784189669,1763325013,6131
1763325013890722409,[ 23 222   0   0   0   0   0   0],2,262,Pump RPM,890214884,1763325013,6110
1763325013982873981,[ 23 188   0   0   0   0   0   0],2,262,Pump RPM,982575962,1763325013,6076
1763325014096138820,[ 23 245   0   0   0   0   0   0],2,262,Pump RPM,95547743,1763325014,6133
1763325014180479948,[24  3  0  0  0  0  0  0],2,262,Pump RPM,180093224,1763325014,6147
1763325014295378563,[ 23 224   0   0   0   0   0   0],2,262,Pump RPM,293702003,1763325014,6112
1763325014386978547,[ 23 185   0   0   0   0   0   0],2,262,Pump RPM,386424205,1763325014,6073
1763325014520993097,[24  0  0  0  0  0  0  0],2,262,Pump RPM,520779815,1763325014,6144
1763325014604705802,[ 24 132   0   0   0   0   0   0],2,262,Pump RPM,603673952,1763325014,6276
1763325014697660967,[ 24 233   0   0   0   0   0   0],2,262,Pump RPM,696492987,1763325014,6377
1763325014789136309,[25 91  0  0  0  0  0  0],2,262,Pump RPM,788752946,1763325014,6491
1763325014891113644,[26  3  0  0  0  0  0  0],2,262,Pump RPM,890880234,1763325014,6659
1763325014983876168,[26 81  0  0  0  0  0  0],2,262,Pump RPM,983638981,1763325014,6737
1763325015099455527,[ 26 175   0   0   0   0   0   0],2,262,Pump RPM,98829856,1763325015,6831
1763325015180957458,[27 18  0  0  0  0  0  0],2,262,Pump RPM,180775536,1763325015,6930
1763325015294235066,[ 27 108   0   0   0   0   0   0],2,262,Pump RPM,293892535,1763325015,7020
1763325015386471377,[ 27 173   0   0   0   0   0   0],2,262,Pump RPM,385928812,1763325015,7085
1763325015532226685,[ 27 246   0   0   0   0   0   0],2,262,Pump RPM,530833615,1763325015,7158
1763325015615628667,[28 14  0  0  0  0  0  0],2,262,Pump RPM,614954516,1763325015,7182
1763325015698403827,[28 26  0  0  0  0  0  0],2,262,Pump RPM,697695436,1763325015,7194
1763325015790098853,[ 27 196   0   0   0   0   0   0],2,262,Pump RPM,789858434,1763325015,7108
1763325015894374323,[ 27 143   0   0   0   0   0   0],2,262,Pump RPM,893417322,1763325015,7055
1763325015990129709,[ 27 135   0   0   0   0   0   0],2,262,Pump RPM,986405192,1763325015,7047
1763325016100265334,[ 27 163   0   0   0   0   0   0],2,262,Pump RPM,98896521,1763325016,7075
1763325016194952006,[ 27 161   0   0   0   0   0   0],2,262,Pump RPM,191810823,1763325016,7073
1763325016295922260,[ 27 234   0   0   0   0   0   0],2,262,Pump RPM,295014187,1763325016,7146
1763325016387402212,[28 51  0  0  0  0  0  0],2,262,Pump RPM,387073568,1763325016,7219
1763325016531881764,[ 28 149   0   0   0   0   0   0],2,262,Pump RPM,531565120,1763325016,7317
1763325016617357239,[ 28 207   0   0   0   0   0   0],2,262,Pump RPM,616950771,1763325016,7375
1763325016701843969,[29  6  0  0  0  0  0  0],2,262,Pump RPM,701616703,1763325016,7430
1763325016798165985,[ 29 186   0   0   0   0   0   0],2,262,Pump RPM,795342085,1763325016,7610
1763325016898494761,[30 35  0  0  0  0  0  0],2,262,Pump RPM,898238407,1763325016,7715
1763325016991754026,[ 30 235   0   0   0   0   0   0],2,262,Pump RPM,991181477,1763325016,7915
1763325017105953341,[31 74  0  0  0  0  0  0],2,262,Pump RPM,105484345,1763325017,8010
1763325017189523167,[ 31 121   0   0   0   0   0   0],2,262,Pump RPM,188581493,1763325017,8057
1763325017306612558,[ 31 115   0   0   0   0   0   0],2,262,Pump RPM,306371948,1763325017,8051
1763325017388706785,[ 31 133   0   0   0   0   0   0],2,262,Pump RPM,388537119,1763325017,8069
1763325017533946921,[32  2  0  0  0  0  0  0],2,262,Pump RPM,532846622,1763325017,8194
1763325017615978907,[ 32 125   0   0   0   0   0   0],2,262,Pump RPM,615743513,1763325017,8317
1763325017708314068,[ 32 185   0   0   0   0   0   0],2,262,Pump RPM,707891824,1763325017,8377
1763325017790478695,[ 32 232   0   0   0   0   0   0],2,262,Pump RPM,790266853,1763325017,8424
1763325017904277814,[ 32 250   0   0   0   0   0   0],2,262,Pump RPM,903910675,1763325017,8442
1763325017997596697,[33 10  0  0  0  0  0  0],2,262,Pump RPM,997267317,1763325017,8458
1763325018100558012,[ 32 209   0   0   0   0   0   0],2,262,Pump RPM,99895862,1763325018,8401
1763325018192470129,[33 24  0  0  0  0  0  0],2,262,Pump RPM,192184494,1763325018,8472
1763325018306366402,[33 71  0  0  0  0  0  0],2,262,Pump RPM,306129791,1763325018,8519
1763325018399331905,[33 89  0  0  0  0  0  0],2,262,Pump RPM,398909373,1763325018,8537
1763325018533214585,[ 33 109   0   0   0   0   0   0],2,262,Pump RPM,532135951,1763325018,8557
1763325018618588461,[ 33 178   0   0   0   0   0   0],2,262,Pump RPM,618278154,1763325018,8626
1763325018712017234,[ 33 209   0   0   0   0   0   0],2,262,Pump RPM,710795717,1763325018,8657
1763325018794218502,[ 33 186   0   0   0   0   0   0],2,262,Pump RPM,793721665,1763325018,8634
1763325018909673574,[ 33 170   0   0   0   0   0   0],2,262,Pump RPM,909045504,1763325018,8618
1763325019002093056,[ 33 172   0   0   0   0   0   0],2,262,Pump RPM,1227288,1763325019,8620
1763325019104153883,[ 33 129   0   0   0   0   0   0],2,262,Pump RPM,103715575,1763325019,8577
1763325019196691607,[33 63  0  0  0  0  0  0],2,262,Pump RPM,196265587,1763325019,8511
1763325019312132824,[33 25  0  0  0  0  0  0],2,262,Pump RPM,311761972,1763325019,8473
1763325019393955017,[ 32 236   0   0   0   0   0   0],2,262,Pump RPM,393741383,1763325019,8428
1763325019538981425,[ 32 218   0   0   0   0   0   0],2,262,Pump RPM,537757637,1763325019,8410
1763325019622485107,[ 32 174   0   0   0   0   0   0],2,262,Pump RPM,621729547,1763325019,8366
1763325019715513108,[ 32 127   0   0   0   0   0   0],2,262,Pump RPM,715304754,1763325019,8319
1763325019798395695,[32 92  0  0  0  0  0  0],2,262,Pump RPM,798131085,1763325019,8284
1763325019912884711,[32 77  0  0  0  0  0  0],2,262,Pump RPM,912266944,1763325019,8269
1763325020007219285,[ 32 113   0   0   0   0   0   0],2,262,Pump RPM,6875633,1763325020,8305
1763325020110275098,[32 82  0  0  0  0  0  0],2,262,Pump RPM,109206288,1763325020,8274
1763325020203462077,[ 32 103   0   0   0   0   0   0],2,262,Pump RPM,203040761,1763325020,8295
1763325020321178102,[ 32 197   0   0   0   0   0   0],2,262,Pump RPM,316810698,1763325020,8389
1763325020404142834,[33 44  0  0  0  0  0  0],2,262,Pump RPM,401376535,1763325020,8492
1763325020549291645,[ 33 138   0   0   0   0   0   0],2,262,Pump RPM,548592950,1763325020,8586
1763325020633030049,[ 33 231   0   0   0   0   0   0],2,262,Pump RPM,632466748,1763325020,8679
1763325020716877959,[ 33 252   0   0   0   0   0   0],2,262,Pump RPM,715186614,1763325020,8700
1763325020807389360,[ 33 185   0   0   0   0   0   0],2,262,Pump RPM,807182093,1763325020,8633
1763325020910687032,[ 33 115   0   0   0   0   0   0],2,262,Pump RPM,909922544,1763325020,8563
1763325021004436544,[33 48  0  0  0  0  0  0],2,262,Pump RPM,3995580,1763325021,8496
1763325021117377098,[ 32 229   0   0   0   0   0   0],2,262,Pump RPM,116939045,1763325021,8421
1763325021214393716,[ 32 164   0   0   0   0   0   0],2,262,Pump RPM,213873166,1763325021,8356
1763325021317588571,[32 67  0  0  0  0  0  0],2,262,Pump RPM,316624178,1763325021,8259
1763325021409703092,[32  8  0  0  0  0  0  0],2,262,Pump RPM,409399313,1763325021,8200
1763325021545415393,[ 31 214   0   0   0   0   0   0],2,262,Pump RPM,544890268,1763325021,8150
1763325021628284606,[ 31 147   0   0   0   0   0   0],2,262,Pump RPM,627744472,1763325021,8083
1763325021721222687,[ 31 174   0   0   0   0   0   0],2,262,Pump RPM,720767770,1763325021,8110
1763325021804207261,[ 31 227   0   0   0   0   0   0],2,262,Pump RPM,803579574,1763325021,8163
1763325021918883095,[32 10  0  0  0  0  0  0],2,262,Pump RPM,918139344,1763325021,8202
1763325022016115747,[32 78  0  0  0  0  0  0],2,262,Pump RPM,15402844,1763325022,8270
1763325022119483053,[ 32 118   0   0   0   0   0   0],2,262,Pump RPM,118831879,1763325022,8310
1763325022213766717,[ 32 132   0   0   0   0   0   0],2,262,Pump RPM,212986101,1763325022,8324
1763325022317691628,[ 32 183   0   0   0   0   0   0],2,262,Pump RPM,316971717,1763325022,8375
1763325022410427340,[ 32 221   0   0   0   0   0   0],2,262,Pump RPM,409946983,1763325022,8413
1763325022555423031,[33 26  0  0  0  0  0  0],2,262,Pump RPM,555059539,1763325022,8474
1763325022639904708,[33 33  0  0  0  0  0  0],2,262,Pump RPM,638330900,1763325022,8481
1763325022721164721,[33 27  0  0  0  0  0  0],2,262,Pump RPM,720665292,1763325022,8475
1763325022814904539,[ 32 250   0   0   0   0   0   0],2,262,Pump RPM,813564845,1763325022,8442
1763325022917275259,[ 32 200   0   0   0   0   0   0],2,262,Pump RPM,916715061,1763325022,8392
1763325023009241747,[ 32 245   0   0   0   0   0   0],2,262,Pump RPM,8881424,1763325023,8437
1763325023125299261,[ 32 230   0   0   0   0   0   0],2,262,Pump RPM,124634390,1763325023,8422
1763325023208706592,[ 32 238   0   0   0   0   0   0],2,262,Pump RPM,207592405,1763325023,8430
1763325023321605002,[ 32 162   0   0   0   0   0   0],2,262,Pump RPM,321074117,1763325023,8354
1763325023414704366,[32 23  0  0  0  0  0  0],2,262,Pump RPM,413705316,1763325023,8215
1763325023550195675,[ 31 254   0   0   0   0   0   0],2,262,Pump RPM,549323378,1763325023,8190
1763325023633943649,[ 31 240   0   0   0   0   0   0],2,262,Pump RPM,633758911,1763325023,8176
1763325023726732290,[ 31 197   0   0   0   0   0   0],2,262,Pump RPM,726344350,1763325023,8133
1763325023809879650,[ 31 161   0   0   0   0   0   0],2,262,Pump RPM,809422782,1763325023,8097
1763325023924703968,[ 31 110   0   0   0   0   0   0],2,262,Pump RPM,924287932,1763325023,8046
1763325024014911239,[ 30 255   0   0   0   0   0   0],2,262,Pump RPM,14372322,1763325024,7935
1763325024130998354,[ 30 200   0   0   0   0   0   0],2,262,Pump RPM,130108617,1763325024,7880
1763325024211735739,[ 30 171   0   0   0   0   0   0],2,262,Pump RPM,210779505,1763325024,7851
1763325024325916915,[ 30 222   0   0   0   0   0   0],2,262,Pump RPM,324757479,1763325024,7902
1763325024418664916,[ 30 248   0   0   0   0   0   0],2,262,Pump RPM,418135470,1763325024,7928
1763325024552752755,[31 59  0  0  0  0  0  0],2,262,Pump RPM,552521393,1763325024,7995
1763325024637523364,[31 37  0  0  0  0  0  0],2,262,Pump RPM,637259425,1763325024,7973
1763325024731316368,[ 30 212   0   0   0   0   0   0],2,262,Pump RPM,729882273,1763325024,7892
1763325024812872705,[ 30 152   0   0   0   0   0   0],2,262,Pump RPM,812346075,1763325024,7832
1763325024926726229,[ 30 125   0   0   0   0   0   0],2,262,Pump RPM,925994350,1763325024,7805
1763325025018449836,[ 30 174   0   0   0   0   0   0],2,262,Pump RPM,18228586,1763325025,7854
1763325025133168170,[ 30 210   0   0   0   0   0   0],2,262,Pump RPM,132723206,1763325025,7890
1763325025214976862,[ 30 185   0   0   0   0   0   0],2,262,Pump RPM,214215414,1763325025,7865
1763325025331369709,[ 30 115   0   0   0   0   0   0],2,262,Pump RPM,328147916,1763325025,7795
1763325025421395091,[30 25  0  0  0  0  0  0],2,262,Pump RPM,420288616,1763325025,7705
1763325025564751088,[ 29 205   0   0   0   0   0   0],2,262,Pump RPM,564261771,1763325025,7629
1763325025649233151,[ 29 144   0   0   0   0   0   0],2,262,Pump RPM,648792571,1763325025,7568
1763325025728382136,[ 29 136   0   0   0   0   0   0],2,262,Pump RPM,726838057,1763325025,7560
1763325025820639445,[ 29 154   0   0   0   0   0   0],2,262,Pump RPM,820329138,1763325025,7578
1763325025934944559,[29 97  0  0  0  0  0  0],2,262,Pump RPM,934268904,1763325025,7521
1763325026019828642,[ 29 151   0   0   0   0   0   0],2,262,Pump RPM,18907225,1763325026,7575
1763325026134731746,[ 29 174   0   0   0   0   0   0],2,262,Pump RPM,134445120,1763325026,7598
1763325026219566325,[30  1  0  0  0  0  0  0],2,262,Pump RPM,219241938,1763325026,7681
1763325026332733636,[ 29 201   0   0   0   0   0   0],2,262,Pump RPM,332557795,1763325026,7625
1763325026427257273,[ 29 255   0   0   0   0   0   0],2,262,Pump RPM,426452880,1763325026,7679
1763325026565962280,[ 29 201   0   0   0   0   0   0],2,262,Pump RPM,565368706,1763325026,7625
1763325026648718086,[ 29 201   0   0   0   0   0   0],2,262,Pump RPM,648295170,1763325026,7625
1763325026732132203,[ 29 228   0   0   0   0   0   0],2,262,Pump RPM,731595109,1763325026,7652
1763325026824420648,[ 29 224   0   0   0   0   0   0],2,262,Pump RPM,823804770,1763325026,7648
1763325026937168499,[ 29 235   0   0   0   0   0   0],2,262,Pump RPM,936621006,1763325026,7659
1763325027029377904,[ 29 244   0   0   0   0   0   0],2,262,Pump RPM,28851883,1763325027,7668
1763325027133498245,[ 29 194   0   0   0   0   0   0],2,262,Pump RPM,133045089,1763325027,7618
1763325027226598412,[ 29 178   0   0   0   0   0   0],2,262,Pump RPM,226042822,1763325027,7602
1763325027332758997,[ 29 241   0   0   0   0   0   0],2,262,Pump RPM,331655690,1763325027,7665
1763325027423174625,[30 29  0  0  0  0  0  0],2,262,Pump RPM,422966399,1763325027,7709
1763325027568251761,[30 95  0  0  0  0  0  0],2,262,Pump RPM,567621738,1763325027,7775
1763325027651752471,[ 30 189   0   0   0   0   0   0],2,262,Pump RPM,651099312,1763325027,7869
1763325027734119057,[ 30 216   0   0   0   0   0   0],2,262,Pump RPM,733810414,1763325027,7896
1763325027827003894,[ 30 224   0   0   0   0   0   0],2,262,Pump RPM,826767219,1763325027,7904
1763325027944796852,[31 33  0  0  0  0  0  0],2,262,Pump RPM,942037464,1763325027,7969
1763325028025748225,[ 31 138   0   0   0   0   0   0],2,262,Pump RPM,24841623,1763325028,8074
1763325028142825496,[ 31 213   0   0   0   0   0   0],2,262,Pump RPM,141136199,1763325028,8149
1763325028230474857,[ 31 206   0   0   0   0   0   0],2,262,Pump RPM,227597836,1763325028,8142
1763325028340200407,[ 31 231   0   0   0   0   0   0],2,262,Pump RPM,339770130,1763325028,8167
1763325028433422207,[32 15  0  0  0  0  0  0],2,262,Pump RPM,431228809,1763325028,8207
1763325028566997724,[32 25  0  0  0  0  0  0],2,262,Pump RPM,566030035,1763325028,8217
1763325028649939549,[ 31 242   0   0   0   0   0   0],2,262,Pump RPM,649460089,1763325028,8178
1763325028743605962,[ 31 188   0   0   0   0   0   0],2,262,Pump RPM,742976900,1763325028,8124
1763325028825969701,[ 31 186   0   0   0   0   0   0],2,262,Pump RPM,825045692,1763325028,8122
1763325028938311502,[ 31 156   0   0   0   0   0   0],2,262,Pump RPM,937565222,1763325028,8092
1763325029032603393,[ 31 123   0   0   0   0   0   0],2,262,Pump RPM,31110866,1763325029,8059
1763325029145633585,[31 61  0  0  0  0  0  0],2,262,Pump RPM,145133260,1763325029,7997
1763325029228363344,[31 80  0  0  0  0  0  0],2,262,Pump RPM,227492711,1763325029,8016
1763325029343103089,[ 31 176   0   0   0   0   0   0],2,262,Pump RPM,341966502,1763325029,8112
1763325029435259247,[32 15  0  0  0  0  0  0],2,262,Pump RPM,435035725,1763325029,8207
1763325029570323037,[32 28  0  0  0  0  0  0],2,262,Pump RPM,570124987,1763325029,8220
1763325029652966267,[32 49  0  0  0  0  0  0],2,262,Pump RPM,652796537,1763325029,8241
1763325029747142158,[ 32 107   0   0   0   0   0   0],2,262,Pump RPM,746594568,1763325029,8299
1763325029832823883,[ 32 111   0   0   0   0   0   0],2,262,Pump RPM,831161114,1763325029,8303
1763325029948019152,[ 32 127   0   0   0   0   0   0],2,262,Pump RPM,947471563,1763325029,8319
1763325030033606125,[ 32 100   0   0   0   0   0   0],2,262,Pump RPM,33261513,1763325030,8292
1763325030149589979,[32 30  0  0  0  0  0  0],2,262,Pump RPM,149218167,1763325030,8222
1763325030236293923,[ 31 249   0   0   0   0   0   0],2,262,Pump RPM,233559463,1763325030,8185
1763325030345440044,[32 22  0  0  0  0  0  0],2,262,Pump RPM,344534755,1763325030,8214
1763325030437432905,[32 19  0  0  0  0  0  0],2,262,Pump RPM,436615841,1763325030,8211
1763325030580558249,[32  4  0  0  0  0  0  0],2,262,Pump RPM,579314492,1763325030,8196
1763325030671748094,[ 31 242   0   0   0   0   0   0],2,262,Pump RPM,670603122,1763325030,8178
1763325030743919219,[ 31 223   0   0   0   0   0   0],2,262,Pump RPM,743505999,1763325030,8159
1763325030837006683,[ 31 205   0   0   0   0   0   0],2,262,Pump RPM,836788665,1763325030,8141
1763325030952323811,[ 31 153   0   0   0   0   0   0],2,262,Pump RPM,951168535,1763325030,8089
1763325031035157060,[ 31 129   0   0   0   0   0   0],2,262,Pump RPM,34378108,1763325031,8065
1763325031150662062,[ 31 116   0   0   0   0   0   0],2,262,Pump RPM,149871367,1763325031,8052
1763325031235339170,[ 31 100   0   0   0   0   0   0],2,262,Pump RPM,235025791,1763325031,8036
1763325031349800834,[31 46  0  0  0  0  0  0],2,262,Pump RPM,349183420,1763325031,7982
1763325031442870731,[31 40  0  0  0  0  0  0],2,262,Pump RPM,442397670,1763325031,7976
1763325031578269789,[31 96  0  0  0  0  0  0],2,262,Pump RPM,577425205,1763325031,8032
1763325031660549625,[ 31 109   0   0   0   0   0   0],2,262,Pump RPM,660341815,1763325031,8045
1763325031753292094,[ 31 140   0   0   0   0   0   0],2,262,Pump RPM,752855930,1763325031,8076
1763325031836498371,[ 31 170   0   0   0   0   0   0],2,262,Pump RPM,835993630,1763325031,8106
1763325031950010970,[ 31 198   0   0   0   0   0   0],2,262,Pump RPM,949185041,1763325031,8134
1763325032043324613,[ 31 223   0   0   0   0   0   0],2,262,Pump RPM,43042882,1763325032,8159
1763325032155542351,[32 27  0  0  0  0  0  0],2,262,Pump RPM,155332589,1763325032,8219
1763325032239294586,[ 32 106   0   0   0   0   0   0],2,262,Pump RPM,238979191,1763325032,8298
1763325032353841659,[ 32 106   0   0   0   0   0   0],2,262,Pump RPM,353387319,1763325032,8298
1763325032438228973,[32 43  0  0  0  0  0  0],2,262,Pump RPM,438031115,1763325032,8235
1763325032582947454,[ 31 195   0   0   0   0   0   0],2,262,Pump RPM,582770908,1763325032,8131
1763325032668476155,[ 31 109   0   0   0   0   0   0],2,262,Pump RPM,667502033,1763325032,8045
1763325032750200242,[ 31 115   0   0   0   0   0   0],2,262,Pump RPM,750003920,1763325032,8051
1763325032843333852,[ 31 123   0   0   0   0   0   0],2,262,Pump RPM,842927160,1763325032,8059
1763325032957252343,[31 45  0  0  0  0  0  0],2,262,Pump RPM,955963946,1763325032,7981
1763325033051055688,[31 48  0  0  0  0  0  0],2,262,Pump RPM,50103198,1763325033,7984
1763325033154984671,[31 76  0  0  0  0  0  0],2,262,Pump RPM,153834931,1763325033,8012
1763325033247248064,[31 79  0  0  0  0  0  0],2,262,Pump RPM,246811612,1763325033,8015
1763325033352645638,[ 31 110   0   0   0   0   0   0],2,262,Pump RPM,351880158,1763325033,8046
1763325033446829787,[ 31 112   0   0   0   0   0   0],2,262,Pump RPM,446328886,1763325033,8048
1763325033590072542,[ 31 163   0   0   0   0   0   0],2,262,Pump RPM,589925309,1763325033,8099
1763325033673312357,[ 31 176   0   0   0   0   0   0],2,262,Pump RPM,673055426,1763325033,8112
1763325033756645900,[ 31 212   0   0   0   0   0   0],2,262,Pump RPM,755848132,1763325033,8148
1763325033854465478,[ 31 193   0   0   0   0   0   0],2,262,Pump RPM,854124642,1763325033,8129
1763325033956589707,[ 31 190   0   0   0   0   0   0],2,262,Pump RPM,956338760,1763325033,8126
1763325034051632105,[ 31 184   0   0   0   0   0   0],2,262,Pump RPM,50465277,1763325034,8120
1763325034154468661,[ 31 169   0   0   0   0   0   0],2,262,Pump RPM,154277875,1763325034,8105
1763325034247724673,[ 31 132   0   0   0   0   0   0],2,262,Pump RPM,247221180,1763325034,8068
1763325034362898027,[ 31 112   0   0   0   0   0   0],2,262,Pump RPM,361918721,1763325034,8048
1763325034446135506,[ 31 153   0   0   0   0   0   0],2,262,Pump RPM,445584812,1763325034,8089
1763325034589923931,[ 31 168   0   0   0   0   0   0],2,262,Pump RPM,589710937,1763325034,8104
1763325034674912340,[ 31 185   0   0   0   0   0   0],2,262,Pump RPM,672394715,1763325034,8121
1763325034754874106,[ 31 181   0   0   0   0   0   0],2,262,Pump RPM,754386837,1763325034,8117
1763325034849793207,[32  3  0  0  0  0  0  0],2,262,Pump RPM,848511818,1763325034,8195
1763325034961902977,[32  1  0  0  0  0  0  0],2,262,Pump RPM,961118809,1763325034,8193
1763325035055199950,[32 92  0  0  0  0  0  0],2,262,Pump RPM,53822944,1763325035,8284
1763325035156741262,[32 91  0  0  0  0  0  0],2,262,Pump RPM,156322378,1763325035,8283
1763325035254343079,[ 32 118   0   0   0   0   0   0],2,262,Pump RPM,253484254,1763325035,8310
1763325035359145832,[ 32 127   0   0   0   0   0   0],2,262,Pump RPM,358937446,1763325035,8319
1763325035451501772,[ 32 148   0   0   0   0   0   0],2,262,Pump RPM,451207657,1763325035,8340
1763325035598222772,[ 32 170   0   0   0   0   0   0],2,262,Pump RPM,597869488,1763325035,8362
1763325035679078211,[ 32 173   0   0   0   0   0   0],2,262,Pump RPM,678886370,1763325035,8365
1763325035762575054,[ 32 188   0   0   0   0   0   0],2,262,Pump RPM,761861799,1763325035,8380
1763325035853524867,[ 32 164   0   0   0   0   0   0],2,262,Pump RPM,853340865,1763325035,8356
1763325035967117693,[ 32 129   0   0   0   0   0   0],2,262,Pump RPM,966309557,1763325035,8321
1763325036048963415,[32 74  0  0  0  0  0  0],2,262,Pump RPM,48645012,1763325036,8266
1763325036161749129,[32 57  0  0  0  0  0  0],2,262,Pump RPM,161344677,1763325036,8249
1763325036255157400,[32 88  0  0  0  0  0  0],2,262,Pump RPM,254920086,1763325036,8280
1763325036368677682,[ 32 134   0   0   0   0   0   0],2,262,Pump RPM,368153837,1763325036,8326
1763325036451316244,[ 32 118   0   0   0   0   0   0],2,262,Pump RPM,450613005,1763325036,8310
1763325036597454775,[32 60  0  0  0  0  0  0],2,262,Pump RPM,597180629,1763325036,8252
1763325036681286566,[32 62  0  0  0  0  0  0],2,262,Pump RPM,680748960,1763325036,8254
1763325036767142728,[ 32 121   0   0   0   0   0   0],2,262,Pump RPM,766669539,1763325036,8313
1763325036860990043,[ 32 128   0   0   0   0   0   0],2,262,Pump RPM,860780281,1763325036,8320
1763325036965732253,[ 32 133   0   0   0   0   0   0],2,262,Pump RPM,964116140,1763325036,8325
1763325037056142254,[ 32 114   0   0   0   0   0   0],2,262,Pump RPM,55677993,1763325037,8306
1763325037171491003,[ 32 113   0   0   0   0   0   0],2,262,Pump RPM,171095031,1763325037,8305
1763325037253521975,[32 97  0  0  0  0  0  0],2,262,Pump RPM,253212916,1763325037,8289
1763325037366633070,[ 32 125   0   0   0   0   0   0],2,262,Pump RPM,365742533,1763325037,8317
1763325037458402092,[32 81  0  0  0  0  0  0],2,262,Pump RPM,457918184,1763325037,8273
1763325037604304462,[32 17  0  0  0  0  0  0],2,262,Pump RPM,603494118,1763325037,8209
1763325037689201416,[32  4  0  0  0  0  0  0],2,262,Pump RPM,688316191,1763325037,8196
1763325037770938561,[32 42  0  0  0  0  0  0],2,262,Pump RPM,770447580,1763325037,8234
1763325037864826933,[32 74  0  0  0  0  0  0],2,262,Pump RPM,864379409,1763325037,8266
1763325037967771749,[32 62  0  0  0  0  0  0],2,262,Pump RPM,966853212,1763325037,8254
1763325038060214059,[32 25  0  0  0  0  0  0],2,262,Pump RPM,59524004,1763325038,8217
1763325038172106838,[32 36  0  0  0  0  0  0],2,262,Pump RPM,171729554,1763325038,8228
1763325038264768318,[32 47  0  0  0  0  0  0],2,262,Pump RPM,263733236,1763325038,8239
1763325038366789510,[32 74  0  0  0  0  0  0],2,262,Pump RPM,366377185,1763325038,8266
1763325038459550255,[32 49  0  0  0  0  0  0],2,262,Pump RPM,459261228,1763325038,8241
1763325038604495944,[32 71  0  0  0  0  0  0],2,262,Pump RPM,604088708,1763325038,8263
1763325038689145759,[32 58  0  0  0  0  0  0],2,262,Pump RPM,688170422,1763325038,8250
1763325038771530336,[32 40  0  0  0  0  0  0],2,262,Pump RPM,770182642,1763325038,8232
1763325038865477429,[32  5  0  0  0  0  0  0],2,262,Pump RPM,864647341,1763325038,8197
1763325038979773785,[32 12  0  0  0  0  0  0],2,262,Pump RPM,979442837,1763325038,8204
1763325039062135737,[32 66  0  0  0  0  0  0],2,262,Pump RPM,61385362,1763325039,8258
1763325039174724908,[32 82  0  0  0  0  0  0],2,262,Pump RPM,173854851,1763325039,8274
1763325039268900196,[ 32 111   0   0   0   0   0   0],2,262,Pump RPM,268133437,1763325039,8303
1763325039374259118,[ 32 119   0   0   0   0   0   0],2,262,Pump RPM,373476806,1763325039,8311
1763325039470406074,[32 97  0  0  0  0  0  0],2,262,Pump RPM,469749683,1763325039,8289
1763325039606134999,[32 38  0  0  0  0  0  0],2,262,Pump RPM,605450320,1763325039,8230
1763325039691238899,[32 13  0  0  0  0  0  0],2,262,Pump RPM,690388715,1763325039,8205
1763325039776251279,[32 28  0  0  0  0  0  0],2,262,Pump RPM,773505875,1763325039,8220
1763325039866842307,[32  9  0  0  0  0  0  0],2,262,Pump RPM,866003579,1763325039,8201
1763325039980323135,[ 31 210   0   0   0   0   0   0],2,262,Pump RPM,979172339,1763325039,8146
1763325040072003582,[ 31 108   0   0   0   0   0   0],2,262,Pump RPM,71782652,1763325040,8044
1763325040176213629,[31 17  0  0  0  0  0  0],2,262,Pump RPM,175344084,1763325040,7953
1763325040268481794,[ 30 192   0   0   0   0   0   0],2,262,Pump RPM,268091486,1763325040,7872
1763325040381982111,[ 30 130   0   0   0   0   0   0],2,262,Pump RPM,381623707,1763325040,7810
1763325040465249481,[30 57  0  0  0  0  0  0],2,262,Pump RPM,464418081,1763325040,7737
1763325040609871905,[30 55  0  0  0  0  0  0],2,262,Pump RPM,609408572,1763325040,7735
1763325040694032596,[ 29 239   0   0   0   0   0   0],2,262,Pump RPM,693285581,1763325040,7663
1763325040777441440,[ 29 105   0   0   0   0   0   0],2,262,Pump RPM,776527063,1763325040,7529
1763325040869599973,[29  5  0  0  0  0  0  0],2,262,Pump RPM,868777981,1763325040,7429
1763325040983793768,[ 28 221   0   0   0   0   0   0],2,262,Pump RPM,982938720,1763325040,7389
1763325041065657733,[ 28 244   0   0   0   0   0   0],2,262,Pump RPM,64849245,1763325041,7412
1763325041179034241,[ 28 177   0   0   0   0   0   0],2,262,Pump RPM,178318458,1763325041,7345
1763325041271180902,[28 70  0  0  0  0  0  0],2,262,Pump RPM,270983652,1763325041,7238
1763325041386431285,[28 37  0  0  0  0  0  0],2,262,Pump RPM,385971440,1763325041,7205
1763325041469399453,[28 38  0  0  0  0  0  0],2,262,Pump RPM,468838199,1763325041,7206
1763325041613430607,[28 16  0  0  0  0  0  0],2,262,Pump RPM,613233517,1763325041,7184
1763325041697694405,[ 27 197   0   0   0   0   0   0],2,262,Pump RPM,697293153,1763325041,7109
1763325041781547094,[ 27 115   0   0   0   0   0   0],2,262,Pump RPM,781070033,1763325041,7027
1763325041875898449,[ 27 139   0   0   0   0   0   0],2,262,Pump RPM,873727547,1763325041,7051
1763325041982120868,[ 27 100   0   0   0   0   0   0],2,262,Pump RPM,980310770,1763325041,7012
1763325042074236170,[27 54  0  0  0  0  0  0],2,262,Pump RPM,74034984,1763325042,6966
1763325042187869865,[27 65  0  0  0  0  0  0],2,262,Pump RPM,187616678,1763325042,6977
1763325042272473826,[ 26 241   0   0   0   0   0   0],2,262,Pump RPM,271576409,1763325042,6897
1763325042385188824,[ 26 194   0   0   0   0   0   0],2,262,Pump RPM,384248494,1763325042,6850
1763325042477203932,[ 26 165   0   0   0   0   0   0],2,262,Pump RPM,476581526,1763325042,6821
1763325042621877494,[ 26 174   0   0   0   0   0   0],2,262,Pump RPM,621642004,1763325042,6830
1763325042705754024,[ 26 100   0   0   0   0   0   0],2,262,Pump RPM,705421796,1763325042,6756
1763325042789016563,[26 51  0  0  0  0  0  0],2,262,Pump RPM,788122602,1763325042,6707
1763325042881434140,[26 84  0  0  0  0  0  0],2,262,Pump RPM,881269178,1763325042,6740
1763325042985579611,[26 89  0  0  0  0  0  0],2,262,Pump RPM,984916532,1763325042,6745
1763325043078623850,[26 91  0  0  0  0  0  0],2,262,Pump RPM,78384231,1763325043,6747
1763325043183235438,[26 75  0  0  0  0  0  0],2,262,Pump RPM,182669833,1763325043,6731
1763325043276217757,[26 72  0  0  0  0  0  0],2,262,Pump RPM,275962682,1763325043,6728
1763325043390519940,[26 45  0  0  0  0  0  0],2,262,Pump RPM,389874397,1763325043,6701
1763325043483447410,[26 39  0  0  0  0  0  0],2,262,Pump RPM,482762379,1763325043,6695
1763325043617509185,[26 42  0  0  0  0  0  0],2,262,Pump RPM,617224926,1763325043,6698
1763325043701092944,[ 26 106   0   0   0   0   0   0],2,262,Pump RPM,700678284,1763325043,6762
1763325043795223754,[26 42  0  0  0  0  0  0],2,262,Pump RPM,794888199,1763325043,6698
1763325043877645870,[26 24  0  0  0  0  0  0],2,262,Pump RPM,877318827,1763325043,6680
1763325043990585607,[ 25 195   0   0   0   0   0   0],2,262,Pump RPM,989957473,1763325043,6595
1763325044082584812,[26  0  0  0  0  0  0  0],2,262,Pump RPM,82339658,1763325044,6656
1763325044188848610,[26 93  0  0  0  0  0  0],2,262,Pump RPM,187666774,1763325044,6749
1763325044280758790,[ 26 178   0   0   0   0   0   0],2,262,Pump RPM,280142432,1763325044,6834
1763325044394069476,[27  4  0  0  0  0  0  0],2,262,Pump RPM,393502654,1763325044,6916
1763325044486324619,[ 27 115   0   0   0   0   0   0],2,262,Pump RPM,486014664,1763325044,7027
1763325044624378628,[ 27 220   0   0   0   0   0   0],2,262,Pump RPM,623269337,1763325044,7132
1763325044709740550,[ 27 230   0   0   0   0   0   0],2,262,Pump RPM,707979060,1763325044,7142
1763325044795646285,[ 27 226   0   0   0   0   0   0],2,262,Pump RPM,794990598,1763325044,7138
1763325044887538737,[ 27 250   0   0   0   0   0   0],2,262,Pump RPM,886925195,1763325044,7162
1763325044991498256,[ 28 106   0   0   0   0   0   0],2,262,Pump RPM,990859785,1763325044,7274
1763325045084182940,[ 28 169   0   0   0   0   0   0],2,262,Pump RPM,83500438,1763325045,7337
1763325045196113325,[29  0  0  0  0  0  0  0],2,262,Pump RPM,195915243,1763325045,7424
1763325045282889725,[29 75  0  0  0  0  0  0],2,262,Pump RPM,282523642,1763325045,7499
1763325045396243836,[ 29 121   0   0   0   0   0   0],2,262,Pump RPM,395371155,1763325045,7545
1763325045491742245,[ 29 201   0   0   0   0   0   0],2,262,Pump RPM,491489059,1763325045,7625
1763325045626300475,[30 17  0  0  0  0  0  0],2,262,Pump RPM,624981774,1763325045,7697
1763325045708999234,[30 80  0  0  0  0  0  0],2,262,Pump RPM,708555870,1763325045,7760
1763325045794179619,[ 30 146   0   0   0   0   0   0],2,262,Pump RPM,793125656,1763325045,7826
1763325045889752877,[ 30 142   0   0   0   0   0   0],2,262,Pump RPM,889227176,1763325045,7822
1763325045993842253,[ 30 194   0   0   0   0   0   0],2,262,Pump RPM,993311752,1763325045,7874
1763325046086278552,[ 30 244   0   0   0   0   0   0],2,262,Pump RPM,85600817,1763325046,7924
1763325046202836696,[31 66  0  0  0  0  0  0],2,262,Pump RPM,202361171,1763325046,8002
1763325046288119226,[31 52  0  0  0  0  0  0],2,262,Pump RPM,287598805,1763325046,7988
1763325046399838825,[ 31 107   0   0   0   0   0   0],2,262,Pump RPM,399147746,1763325046,8043
1763325046493197245,[ 31 168   0   0   0   0   0   0],2,262,Pump RPM,492636983,1763325046,8104
1763325046629813512,[ 31 207   0   0   0   0   0   0],2,262,Pump RPM,628888639,1763325046,8143
1763325046712997845,[ 31 241   0   0   0   0   0   0],2,262,Pump RPM,712470160,1763325046,8177
1763325046796362596,[ 31 242   0   0   0   0   0   0],2,262,Pump RPM,794293455,1763325046,8178
1763325046887176094,[ 31 243   0   0   0   0   0   0],2,262,Pump RPM,886625209,1763325046,8179
1763325047000642271,[ 31 212   0   0   0   0   0   0],2,262,Pump RPM,273851,1763325047,8148
1763325047093313484,[ 31 192   0   0   0   0   0   0],2,262,Pump RPM,92932584,1763325047,8128
1763325047206303784,[ 31 179   0   0   0   0   0   0],2,262,Pump RPM,205681122,1763325047,8115
1763325047289897946,[ 31 204   0   0   0   0   0   0],2,262,Pump RPM,288609997,1763325047,8140
1763325047402426642,[ 31 207   0   0   0   0   0   0],2,262,Pump RPM,401486760,1763325047,8143
1763325047496677135,[ 31 217   0   0   0   0   0   0],2,262,Pump RPM,494235542,1763325047,8153
1763325047631318248,[ 31 236   0   0   0   0   0   0],2,262,Pump RPM,630633345,1763325047,8172
1763325047713950159,[ 31 239   0   0   0   0   0   0],2,262,Pump RPM,712539393,1763325047,8175
1763325047805169550,[ 31 243   0   0   0   0   0   0],2,262,Pump RPM,804922476,1763325047,8179
1763325047898903975,[ 31 229   0   0   0   0   0   0],2,262,Pump RPM,898663332,1763325047,8165
1763325048003613455,[ 31 200   0   0   0   0   0   0],2,262,Pump RPM,2542020,1763325048,8136
1763325048098334066,[ 31 199   0   0   0   0   0   0],2,262,Pump RPM,96176924,1763325048,8135
1763325048209756703,[ 31 178   0   0   0   0   0   0],2,262,Pump RPM,208929143,1763325048,8114
1763325048293321937,[ 31 156   0   0   0   0   0   0],2,262,Pump RPM,292447976,1763325048,8092
1763325048408752871,[ 31 100   0   0   0   0   0   0],2,262,Pump RPM,407635739,1763325048,8036
1763325048490385221,[31 22  0  0  0  0  0  0],2,262,Pump RPM,489699454,1763325048,7958
1763325048633315090,[31 64  0  0  0  0  0  0],2,262,Pump RPM,632891918,1763325048,8000
1763325048717533162,[31 82  0  0  0  0  0  0],2,262,Pump RPM,717212455,1763325048,8018
1763325048810541692,[31 21  0  0  0  0  0  0],2,262,Pump RPM,810048215,1763325048,7957
1763325048894912438,[31 43  0  0  0  0  0  0],2,262,Pump RPM,894333744,1763325048,7979
1763325049006321795,[31 46  0  0  0  0  0  0],2,262,Pump RPM,5503643,1763325049,7982
1763325049098346347,[31 25  0  0  0  0  0  0],2,262,Pump RPM,97725061,1763325049,7961
1763325049213528543,[ 30 231   0   0   0   0   0   0],2,262,Pump RPM,212927417,1763325049,7911
1763325049295173886,[ 30 235   0   0   0   0   0   0],2,262,Pump RPM,294399510,1763325049,7915
1763325049407702135,[ 30 222   0   0   0   0   0   0],2,262,Pump RPM,407072304,1763325049,7902
1763325049500320773,[31 16  0  0  0  0  0  0],2,262,Pump RPM,499562461,1763325049,7952
1763325049635852520,[31 61  0  0  0  0  0  0],2,262,Pump RPM,635200129,1763325049,7997
1763325049720197314,[ 31 111   0   0   0   0   0   0],2,262,Pump RPM,718193774,1763325049,8047
1763325049810960606,[ 31 114   0   0   0   0   0   0],2,262,Pump RPM,810670203,1763325049,8050
1763325049903314793,[31 90  0  0  0  0  0  0],2,262,Pump RPM,902604322,1763325049,8026
1763325050005735771,[ 31 125   0   0   0   0   0   0],2,262,Pump RPM,5332951,1763325050,8061
1763325050098844271,[ 31 156   0   0   0   0   0   0],2,262,Pump RPM,97899686,1763325050,8092
1763325050212202737,[ 31 180   0   0   0   0   0   0],2,262,Pump RPM,211813517,1763325050,8116
1763325050305635433,[ 31 176   0   0   0   0   0   0],2,262,Pump RPM,304229690,1763325050,8112
1763325050408708802,[ 31 198   0   0   0   0   0   0],2,262,Pump RPM,407779480,1763325050,8134
1763325050501101391,[ 31 240   0   0   0   0   0   0],2,262,Pump RPM,500556969,1763325050,8176
1763325050646218324,[32  7  0  0  0  0  0  0],2,262,Pump RPM,645316363,1763325050,8199
1763325050729382179,[32 22  0  0  0  0  0  0],2,262,Pump RPM,728621947,1763325050,8214
1763325050814077857,[32 10  0  0  0  0  0  0],2,262,Pump RPM,811282980,1763325050,8202
1763325050905640485,[ 31 219   0   0   0   0   0   0],2,262,Pump RPM,905351714,1763325050,8155
1763325051019216009,[ 31 199   0   0   0   0   0   0],2,262,Pump RPM,18039613,1763325051,8135
1763325051102452537,[ 31 199   0   0   0   0   0   0],2,262,Pump RPM,101693650,1763325051,8135
1763325051214868338,[ 31 180   0   0   0   0   0   0],2,262,Pump RPM,214658160,1763325051,8116
1763325051307478018,[ 31 139   0   0   0   0   0   0],2,262,Pump RPM,306511384,1763325051,8075
1763325051409662099,[31 49  0  0  0  0  0  0],2,262,Pump RPM,409282575,1763325051,7985
1763325051502816776,[31 61  0  0  0  0  0  0],2,262,Pump RPM,501721277,1763325051,7997
1763325051646988196,[31 42  0  0  0  0  0  0],2,262,Pump RPM,646106747,1763325051,7978
1763325051730647577,[ 30 250   0   0   0   0   0   0],2,262,Pump RPM,730287733,1763325051,7930
1763325051813040736,[ 30 218   0   0   0   0   0   0],2,262,Pump RPM,812737277,1763325051,7898
1763325051905014057,[ 30 138   0   0   0   0   0   0],2,262,Pump RPM,904709926,1763325051,7818
1763325052017859750,[ 30 108   0   0   0   0   0   0],2,262,Pump RPM,17270560,1763325052,7788
1763325052111385952,[ 30 107   0   0   0   0   0   0],2,262,Pump RPM,109351563,1763325052,7787
1763325052214757085,[ 30 101   0   0   0   0   0   0],2,262,Pump RPM,213479920,1763325052,7781
1763325052306284994,[30 97  0  0  0  0  0  0],2,262,Pump RPM,305766429,1763325052,7777
1763325052418578523,[30 28  0  0  0  0  0  0],2,262,Pump RPM,418365977,1763325052,7708
1763325052512082484,[ 29 243   0   0   0   0   0   0],2,262,Pump RPM,511570543,1763325052,7667
1763325052645823367,[ 29 199   0   0   0   0   0   0],2,262,Pump RPM,645494180,1763325052,7623
1763325052729746463,[30 19  0  0  0  0  0  0],2,262,Pump RPM,729001015,1763325052,7699
1763325052822905300,[ 30 125   0   0   0   0   0   0],2,262,Pump RPM,822653394,1763325052,7805
1763325052905341948,[ 30 174   0   0   0   0   0   0],2,262,Pump RPM,904990329,1763325052,7854
1763325053018820577,[ 30 192   0   0   0   0   0   0],2,262,Pump RPM,18053017,1763325053,7872
1763325053114935957,[ 30 183   0   0   0   0   0   0],2,262,Pump RPM,114533073,1763325053,7863
1763325053219171581,[ 30 250   0   0   0   0   0   0],2,262,Pump RPM,218433973,1763325053,7930
1763325053313876194,[31 29  0  0  0  0  0  0],2,262,Pump RPM,313389277,1763325053,7965
1763325053417055327,[31 40  0  0  0  0  0  0],2,262,Pump RPM,416099861,1763325053,7976
1763325053508977992,[31 38  0  0  0  0  0  0],2,262,Pump RPM,508714854,1763325053,7974
1763325053653420169,[31 64  0  0  0  0  0  0],2,262,Pump RPM,653078726,1763325053,8000
1763325053736825340,[31 63  0  0  0  0  0  0],2,262,Pump RPM,736445944,1763325053,7999
1763325053824428090,[31 72  0  0  0  0  0  0],2,262,Pump RPM,820180014,1763325053,8008
1763325053915181879,[31 43  0  0  0  0  0  0],2,262,Pump RPM,914643282,1763325053,7979
1763325054025825920,[31 21  0  0  0  0  0  0],2,262,Pump RPM,24211087,1763325054,7957
1763325054117979340,[31 19  0  0  0  0  0  0],2,262,Pump RPM,116380924,1763325054,7955
1763325054219673114,[31  8  0  0  0  0  0  0],2,262,Pump RPM,218890866,1763325054,7944
1763325054316419093,[ 30 238   0   0   0   0   0   0],2,262,Pump RPM,315529740,1763325054,7918
1763325054428824976,[31 19  0  0  0  0  0  0],2,262,Pump RPM,428341803,1763325054,7955
1763325054511311098,[31 76  0  0  0  0  0  0],2,262,Pump RPM,510830613,1763325054,8012
1763325054658377783,[31 92  0  0  0  0  0  0],2,262,Pump RPM,657965747,1763325054,8028
1763325054740726463,[ 31 114   0   0   0   0   0   0],2,262,Pump RPM,740382300,1763325054,8050
1763325054823780399,[ 31 163   0   0   0   0   0   0],2,262,Pump RPM,823235913,1763325054,8099
1763325054916605026,[ 31 141   0   0   0   0   0   0],2,262,Pump RPM,915753049,1763325054,8077
1763325055031747641,[ 31 108   0   0   0   0   0   0],2,262,Pump RPM,31158739,1763325055,8044
1763325055115352751,[31 75  0  0  0  0  0  0],2,262,Pump RPM,114579175,1763325055,8011
1763325055231211982,[31 48  0  0  0  0  0  0],2,262,Pump RPM,230671241,1763325055,7984
1763325055314365279,[31 73  0  0  0  0  0  0],2,262,Pump RPM,313807257,1763325055,8009
1763325055426153749,[ 31 110   0   0   0   0   0   0],2,262,Pump RPM,425816369,1763325055,8046
1763325055519718320,[ 31 114   0   0   0   0   0   0],2,262,Pump RPM,518812583,1763325055,8050
1763325055664274900,[ 31 143   0   0   0   0   0   0],2,262,Pump RPM,663775887,1763325055,8079
1763325055749401849,[ 31 171   0   0   0   0   0   0],2,262,Pump RPM,748287022,1763325055,8107
1763325055831325886,[ 31 176   0   0   0   0   0   0],2,262,Pump RPM,831069403,1763325055,8112
1763325055924457781,[ 31 211   0   0   0   0   0   0],2,262,Pump RPM,924145362,1763325055,8147
1763325056027995830,[ 31 246   0   0   0   0   0   0],2,262,Pump RPM,27178478,1763325056,8182
1763325056120652425,[ 31 243   0   0   0   0   0   0],2,262,Pump RPM,119764768,1763325056,8179
1763325056237231472,[ 31 195   0   0   0   0   0   0],2,262,Pump RPM,236334439,1763325056,8131
1763325056325695192,[ 31 172   0   0   0   0   0   0],2,262,Pump RPM,324823279,1763325056,8108
1763325056429579517,[ 31 160   0   0   0   0   0   0],2,262,Pump RPM,428861270,1763325056,8096
1763325056521849644,[ 31 162   0   0   0   0   0   0],2,262,Pump RPM,521291846,1763325056,8098
1763325056666542290,[ 31 125   0   0   0   0   0   0],2,262,Pump RPM,666018221,1763325056,8061
1763325056749344448,[ 31 124   0   0   0   0   0   0],2,262,Pump RPM,748910556,1763325056,8060
1763325056831623145,[ 31 136   0   0   0   0   0   0],2,262,Pump RPM,830796545,1763325056,8072
1763325056925696554,[ 31 161   0   0   0   0   0   0],2,262,Pump RPM,925361415,1763325056,8097
1763325057029125227,[31 77  0  0  0  0  0  0],2,262,Pump RPM,28349603,1763325057,8013
1763325057121956704,[ 30 245   0   0   0   0   0   0],2,262,Pump RPM,121755198,1763325057,7925
1763325057234372989,[ 30 220   0   0   0   0   0   0],2,262,Pump RPM,234106811,1763325057,7900
1763325057330316434,[ 30 229   0   0   0   0   0   0],2,262,Pump RPM,327665271,1763325057,7909
1763325057431536925,[ 30 245   0   0   0   0   0   0],2,262,Pump RPM,430748373,1763325057,7925
1763325057523815404,[ 30 165   0   0   0   0   0   0],2,262,Pump RPM,522991588,1763325057,7845
1763325057668101071,[ 30 145   0   0   0   0   0   0],2,262,Pump RPM,667310311,1763325057,7825
1763325057751696518,[30 96  0  0  0  0  0  0],2,262,Pump RPM,751094912,1763325057,7776
1763325057835213180,[30 84  0  0  0  0  0  0],2,262,Pump RPM,835004314,1763325057,7764
1763325057930385577,[ 30 119   0   0   0   0   0   0],2,262,Pump RPM,929324446,1763325057,7799
1763325058033828715,[ 30 117   0   0   0   0   0   0],2,262,Pump RPM,33579464,1763325058,7797
1763325058129496637,[ 30 101   0   0   0   0   0   0],2,262,Pump RPM,128969144,1763325058,7781
1763325058232684125,[30 77  0  0  0  0  0  0],2,262,Pump RPM,232345017,1763325058,7757
1763325058325927926,[30 96  0  0  0  0  0  0],2,262,Pump RPM,325269968,1763325058,7776
1763325058443907949,[30 48  0  0  0  0  0  0],2,262,Pump RPM,440496266,1763325058,7728
1763325058525094860,[30 26  0  0  0  0  0  0],2,262,Pump RPM,524495398,1763325058,7706
1763325058668552007,[30 50  0  0  0  0  0  0],2,262,Pump RPM,668273732,1763325058,7730
1763325058753343243,[30 60  0  0  0  0  0  0],2,262,Pump RPM,752369825,1763325058,7740
1763325058838689236,[30 36  0  0  0  0  0  0],2,262,Pump RPM,838341360,1763325058,7716
1763325058932911223,[ 29 244   0   0   0   0   0   0],2,262,Pump RPM,932526195,1763325058,7668
1763325059037629319,[30 16  0  0  0  0  0  0],2,262,Pump RPM,37140834,1763325059,7696
1763325059131133284,[30 53  0  0  0  0  0  0],2,262,Pump RPM,130690815,1763325059,7733
1763325059244369963,[30 30  0  0  0  0  0  0],2,262,Pump RPM,244035495,1763325059,7710
1763325059329043117,[30 93  0  0  0  0  0  0],2,262,Pump RPM,328637385,1763325059,7773
1763325059440234368,[30 24  0  0  0  0  0  0],2,262,Pump RPM,439642074,1763325059,7704
1763325059532509456,[ 29 231   0   0   0   0   0   0],2,262,Pump RPM,531907018,1763325059,7655
1763325059681000128,[ 29 242   0   0   0   0   0   0],2,262,Pump RPM,678501638,1763325059,7666
1763325059763977713,[ 29 247   0   0   0   0   0   0],2,262,Pump RPM,761502328,1763325059,7671
1763325059844005796,[ 29 196   0   0   0   0   0   0],2,262,Pump RPM,843567808,1763325059,7620
1763325059928061857,[ 29 231   0   0   0   0   0   0],2,262,Pump RPM,927282585,1763325059,7655
1763325060040649121,[ 29 234   0   0   0   0   0   0],2,262,Pump RPM,40291326,1763325060,7658
1763325060133623769,[ 29 211   0   0   0   0   0   0],2,262,Pump RPM,133241237,1763325060,7635
1763325060246531262,[ 29 207   0   0   0   0   0   0],2,262,Pump RPM,246094777,1763325060,7631
1763325060328738184,[ 29 229   0   0   0   0   0   0],2,262,Pump RPM,328147138,1763325060,7653
1763325060443183996,[ 29 247   0   0   0   0   0   0],2,262,Pump RPM,442173649,1763325060,7671
1763325060535782288,[30 20  0  0  0  0  0  0],2,262,Pump RPM,535226730,1763325060,7700
1763325060680594683,[30 39  0  0  0  0  0  0],2,262,Pump RPM,680191159,1763325060,7719
1763325060763123912,[30 24  0  0  0  0  0  0],2,262,Pump RPM,762152062,1763325060,7704
1763325060846758977,[30 61  0  0  0  0  0  0],2,262,Pump RPM,844878125,1763325060,7741
1763325060938636718,[ 29 250   0   0   0   0   0   0],2,262,Pump RPM,937212703,1763325060,7674
1763325061051586259,[30 10  0  0  0  0  0  0],2,262,Pump RPM,50990093,1763325061,7690
1763325061133564123,[30 46  0  0  0  0  0  0],2,262,Pump RPM,133103894,1763325061,7726
1763325061246862628,[30 96  0  0  0  0  0  0],2,262,Pump RPM,246152060,1763325061,7776
1763325061341073193,[ 30 192   0   0   0   0   0   0],2,262,Pump RPM,340704485,1763325061,7872
1763325061442741051,[31 16  0  0  0  0  0  0],2,262,Pump RPM,442376183,1763325061,7952
1763325061536221849,[31 54  0  0  0  0  0  0],2,262,Pump RPM,535988054,1763325061,7990
1763325061685365073,[31 59  0  0  0  0  0  0],2,262,Pump RPM,684552809,1763325061,7995
1763325061767351993,[ 31 101   0   0   0   0   0   0],2,262,Pump RPM,766972757,1763325061,8037
1763325061850305835,[ 31 169   0   0   0   0   0   0],2,262,Pump RPM,849687653,1763325061,8105
1763325061944065836,[32  3  0  0  0  0  0  0],2,262,Pump RPM,942686014,1763325061,8195
1763325062046419909,[32 79  0  0  0  0  0  0],2,262,Pump RPM,45555100,1763325062,8271
1763325062138874969,[ 32 129   0   0   0   0   0   0],2,262,Pump RPM,138508149,1763325062,8321
1763325062251556669,[32 55  0  0  0  0  0  0],2,262,Pump RPM,250867765,1763325062,8247
1763325062344532054,[ 31 247   0   0   0   0   0   0],2,262,Pump RPM,343993968,1763325062,8183
1763325062451401630,[ 31 205   0   0   0   0   0   0],2,262,Pump RPM,447824409,1763325062,8141
1763325062539765192,[ 31 222   0   0   0   0   0   0],2,262,Pump RPM,539416804,1763325062,8158
1763325062684699414,[32 22  0  0  0  0  0  0],2,262,Pump RPM,684149488,1763325062,8214
1763325062773054688,[32 57  0  0  0  0  0  0],2,262,Pump RPM,772302040,1763325062,8249
1763325062854689893,[ 32 108   0   0   0   0   0   0],2,262,Pump RPM,853262646,1763325062,8300
1763325062948687592,[ 32 107   0   0   0   0   0   0],2,262,Pump RPM,948251236,1763325062,8299
1763325063050511325,[32 90  0  0  0  0  0  0],2,262,Pump RPM,50018200,1763325063,8282
1763325063142760207,[32 22  0  0  0  0  0  0],2,262,Pump RPM,142434892,1763325063,8214
1763325063255559828,[ 31 247   0   0   0   0   0   0],2,262,Pump RPM,254991822,1763325063,8183
1763325063349455736,[ 31 199   0   0   0   0   0   0],2,262,Pump RPM,348082601,1763325063,8135
1763325063452275798,[ 31 101   0   0   0   0   0   0],2,262,Pump RPM,451401357,1763325063,8037
1763325063545057806,[ 30 221   0   0   0   0   0   0],2,262,Pump RPM,544119461,1763325063,7901
1763325063688639983,[30 64  0  0  0  0  0  0],2,262,Pump RPM,688370285,1763325063,7744
1763325063771767908,[30 28  0  0  0  0  0  0],2,262,Pump RPM,771549858,1763325063,7708
1763325063854328915,[ 29 192   0   0   0   0   0   0],2,262,Pump RPM,854003760,1763325063,7616
1763325063946739623,[ 29 143   0   0   0   0   0   0],2,262,Pump RPM,946343971,1763325063,7567
1763325064060968763,[29 80  0  0  0  0  0  0],2,262,Pump RPM,60619800,1763325064,7504
1763325064145609504,[ 28 237   0   0   0   0   0   0],2,262,Pump RPM,144988218,1763325064,7405
1763325064258468839,[ 28 128   0   0   0   0   0   0],2,262,Pump RPM,257462524,1763325064,7296
1763325064350892124,[28 14  0  0  0  0  0  0],2,262,Pump RPM,350668569,1763325064,7182
1763325064457581027,[28 11  0  0  0  0  0  0],2,262,Pump RPM,456240821,1763325064,7179
1763325064549167695,[ 27 253   0   0   0   0   0   0],2,262,Pump RPM,548197125,1763325064,7165
1763325064693750523,[ 27 119   0   0   0   0   0   0],2,262,Pump RPM,693295190,1763325064,7031
1763325064778249438,[27 18  0  0  0  0  0  0],2,262,Pump RPM,777167443,1763325064,6930
1763325064860450730,[27 25  0  0  0  0  0  0],2,262,Pump RPM,859758883,1763325064,6937
1763325064953702407,[27 33  0  0  0  0  0  0],2,262,Pump RPM,953402276,1763325064,6945
1763325065056649641,[ 26 215   0   0   0   0   0   0],2,262,Pump RPM,56176868,1763325065,6871
1763325065149625444,[ 26 170   0   0   0   0   0   0],2,262,Pump RPM,149407233,1763325065,6826
1763325065264403934,[ 26 161   0   0   0   0   0   0],2,262,Pump RPM,262288681,1763325065,6817
1763325065354755518,[ 26 146   0   0   0   0   0   0],2,262,Pump RPM,354537628,1763325065,6802
1763325065458785099,[ 26 110   0   0   0   0   0   0],2,262,Pump RPM,458559241,1763325065,6766
1763325065552808881,[ 26 154   0   0   0   0   0   0],2,262,Pump RPM,552539758,1763325065,6810
1763325065699605524,[ 26 174   0   0   0   0   0   0],2,262,Pump RPM,699094831,1763325065,6830
1763325065781630335,[ 26 176   0   0   0   0   0   0],2,262,Pump RPM,780774614,1763325065,6832
1763325065864618899,[ 26 176   0   0   0   0   0   0],2,262,Pump RPM,864265488,1763325065,6832
1763325065948500561,[ 26 235   0   0   0   0   0   0],2,262,Pump RPM,947561383,1763325065,6891
1763325066061321080,[27 50  0  0  0  0  0  0],2,262,Pump RPM,60749746,1763325066,6962
1763325066154019697,[ 27 121   0   0   0   0   0   0],2,262,Pump RPM,153081735,1763325066,7033
1763325066266430324,[ 27 185   0   0   0   0   0   0],2,262,Pump RPM,265714797,1763325066,7097
1763325066358406597,[ 27 235   0   0   0   0   0   0],2,262,Pump RPM,357858111,1763325066,7147
1763325066462610228,[28 96  0  0  0  0  0  0],2,262,Pump RPM,462288817,1763325066,7264
1763325066556060436,[ 28 111   0   0   0   0   0   0],2,262,Pump RPM,555192107,1763325066,7279
1763325066700764292,[ 28 145   0   0   0   0   0   0],2,262,Pump RPM,699663768,1763325066,7313
1763325066782565740,[29 13  0  0  0  0  0  0],2,262,Pump RPM,782411691,1763325066,7437
1763325066866526091,[ 29 140   0   0   0   0   0   0],2,262,Pump RPM,865587361,1763325066,7564
1763325066959706793,[ 29 219   0   0   0   0   0   0],2,262,Pump RPM,958701950,1763325066,7643
1763325067062391272,[30 11  0  0  0  0  0  0],2,262,Pump RPM,61417022,1763325067,7691
1763325067153895061,[30 77  0  0  0  0  0  0],2,262,Pump RPM,153384464,1763325067,7757
1763325067268117900,[30 39  0  0  0  0  0  0],2,262,Pump RPM,267140322,1763325067,7719
1763325067360275263,[30 72  0  0  0  0  0  0],2,262,Pump RPM,359622809,1763325067,7752
1763325067467742225,[30 93  0  0  0  0  0  0],2,262,Pump RPM,466983497,1763325067,7773
1763325067560912623,[ 30 175   0   0   0   0   0   0],2,262,Pump RPM,560461802,1763325067,7855
1763325067696280063,[ 30 201   0   0   0   0   0   0],2,262,Pump RPM,695751673,1763325067,7881
1763325067779340053,[ 30 207   0   0   0   0   0   0],2,262,Pump RPM,778432779,1763325067,7887
1763325067872191375,[ 30 215   0   0   0   0   0   0],2,262,Pump RPM,871272422,1763325067,7895
1763325067954501182,[ 30 252   0   0   0   0   0   0],2,262,Pump RPM,953693078,1763325067,7932
1763325068066899042,[31  1  0  0  0  0  0  0],2,262,Pump RPM,66352732,1763325068,7937
1763325068160564902,[ 30 233   0   0   0   0   0   0],2,262,Pump RPM,159212280,1763325068,7913
1763325068272713928,[ 30 176   0   0   0   0   0   0],2,262,Pump RPM,272257347,1763325068,7856
1763325068356208387,[ 30 141   0   0   0   0   0   0],2,262,Pump RPM,355773310,1763325068,7821
1763325068469247918,[ 30 121   0   0   0   0   0   0],2,262,Pump RPM,468624423,1763325068,7801
1763325068562760080,[30 86  0  0  0  0  0  0],2,262,Pump RPM,561540259,1763325068,7766
1763325068706963996,[30 63  0  0  0  0  0  0],2,262,Pump RPM,706356789,1763325068,7743
1763325068789956689,[30 64  0  0  0  0  0  0],2,262,Pump RPM,789323115,1763325068,7744
1763325068872597284,[30 32  0  0  0  0  0  0],2,262,Pump RPM,871732507,1763325068,7712
1763325068957684879,[ 29 240   0   0   0   0   0   0],2,262,Pump RPM,956910439,1763325068,7664
1763325069071632036,[ 29 240   0   0   0   0   0   0],2,262,Pump RPM,70927229,1763325069,7664
1763325069164577409,[30  5  0  0  0  0  0  0],2,262,Pump RPM,163765880,1763325069,7685
1763325069277068391,[ 29 168   0   0   0   0   0   0],2,262,Pump RPM,276105565,1763325069,7592
1763325069358349100,[ 29 118   0   0   0   0   0   0],2,262,Pump RPM,357931015,1763325069,7542
1763325069471212758,[29 34  0  0  0  0  0  0],2,262,Pump RPM,470994419,1763325069,7458
1763325069565731043,[29 22  0  0  0  0  0  0],2,262,Pump RPM,563321450,1763325069,7446
1763325069708282526,[29 40  0  0  0  0  0  0],2,262,Pump RPM,708028155,1763325069,7464
1763325069792894533,[29 59  0  0  0  0  0  0],2,262,Pump RPM,792656675,1763325069,7483
1763325069876129214,[29  9  0  0  0  0  0  0],2,262,Pump RPM,875552088,1763325069,7433
1763325069968925913,[ 28 223   0   0   0   0   0   0],2,262,Pump RPM,967918095,1763325069,7391
1763325070072182945,[ 28 141   0   0   0   0   0   0],2,262,Pump RPM,71755036,1763325070,7309
1763325070164371798,[28 80  0  0  0  0  0  0],2,262,Pump RPM,163802192,1763325070,7248
1763325070280688036,[28 44  0  0  0  0  0  0],2,262,Pump RPM,280102750,1763325070,7212
1763325070363641499,[28 42  0  0  0  0  0  0],2,262,Pump RPM,362810290,1763325070,7210
1763325070479598053,[28 12  0  0  0  0  0  0],2,262,Pump RPM,479286786,1763325070,7180
1763325070571711706,[ 27 212   0   0   0   0   0   0],2,262,Pump RPM,570751888,1763325070,7124
1763325070706401318,[ 27 213   0   0   0   0   0   0],2,262,Pump RPM,706024002,1763325070,7125
1763325070790908748,[ 27 135   0   0   0   0   0   0],2,262,Pump RPM,788384466,1763325070,7047
1763325070883340612,[27 87  0  0  0  0  0  0],2,262,Pump RPM,882681149,1763325070,6999
1763325070967655369,[27 59  0  0  0  0  0  0],2,262,Pump RPM,966818112,1763325070,6971
1763325071081830913,[27 31  0  0  0  0  0  0],2,262,Pump RPM,81023385,1763325071,6943
1763325071173795157,[ 26 243   0   0   0   0   0   0],2,262,Pump RPM,173245295,1763325071,6899
1763325071277482754,[ 26 200   0   0   0   0   0   0],2,262,Pump RPM,276807259,1763325071,6856
1763325071369043281,[ 26 162   0   0   0   0   0   0],2,262,Pump RPM,368856463,1763325071,6818
1763325071484704441,[ 26 143   0   0   0   0   0   0],2,262,Pump RPM,482418018,1763325071,6799
1763325071576364170,[ 26 121   0   0   0   0   0   0],2,262,Pump RPM,575525793,1763325071,6777
1763325071712711815,[26 60  0  0  0  0  0  0],2,262,Pump RPM,711851999,1763325071,6716
1763325071798788703,[ 26 102   0   0   0   0   0   0],2,262,Pump RPM,798074487,1763325071,6758
1763325071882627007,[ 26 191   0   0   0   0   0   0],2,262,Pump RPM,881676405,1763325071,6847
1763325071976183619,[ 26 171   0   0   0   0   0   0],2,262,Pump RPM,974678387,1763325071,6827
1763325072081297119,[ 26 165   0   0   0   0   0   0],2,262,Pump RPM,79359499,1763325072,6821
1763325072175653228,[ 26 165   0   0   0   0   0   0],2,262,Pump RPM,174855908,1763325072,6821
1763325072279693181,[ 26 170   0   0   0   0   0   0],2,262,Pump RPM,278201293,1763325072,6826
1763325072372812605,[ 26 169   0   0   0   0   0   0],2,262,Pump RPM,372317784,1763325072,6825
1763325072485206468,[ 26 218   0   0   0   0   0   0],2,262,Pump RPM,484758943,1763325072,6874
1763325072578565735,[ 26 226   0   0   0   0   0   0],2,262,Pump RPM,578134946,1763325072,6882
1763325072714381215,[27 34  0  0  0  0  0  0],2,262,Pump RPM,714068380,1763325072,6946
1763325072797627674,[27 90  0  0  0  0  0  0],2,262,Pump RPM,797308694,1763325072,7002
1763325072890367286,[ 27 118   0   0   0   0   0   0],2,262,Pump RPM,889626574,1763325072,7030
1763325072972026496,[ 27 159   0   0   0   0   0   0],2,262,Pump RPM,971548987,1763325072,7071
1763325073085960408,[ 27 144   0   0   0   0   0   0],2,262,Pump RPM,84834252,1763325073,7056
1763325073177248966,[ 27 217   0   0   0   0   0   0],2,262,Pump RPM,176907490,1763325073,7129
1763325073290333972,[28 61  0  0  0  0  0  0],2,262,Pump RPM,289835503,1763325073,7229
1763325073372973577,[28 81  0  0  0  0  0  0],2,262,Pump RPM,372280226,1763325073,7249
1763325073485499474,[ 28 161   0   0   0   0   0   0],2,262,Pump RPM,484726442,1763325073,7329
1763325073578094670,[ 28 240   0   0   0   0   0   0],2,262,Pump RPM,577566440,1763325073,7408
1763325073721958426,[29 83  0  0  0  0  0  0],2,262,Pump RPM,721543350,1763325073,7507
1763325073804904658,[ 29 164   0   0   0   0   0   0],2,262,Pump RPM,804390829,1763325073,7588
1763325073890927529,[ 29 220   0   0   0   0   0   0],2,262,Pump RPM,890417476,1763325073,7644
1763325073977928683,[30  9  0  0  0  0  0  0],2,262,Pump RPM,977395590,1763325073,7689
1763325074090124561,[30 49  0  0  0  0  0  0],2,262,Pump RPM,89685293,1763325074,7729
1763325074184092379,[ 30 130   0   0   0   0   0   0],2,262,Pump RPM,183773848,1763325074,7810
1763325074287017442,[ 30 199   0   0   0   0   0   0],2,262,Pump RPM,286065080,1763325074,7879
1763325074380123523,[31 18  0  0  0  0  0  0],2,262,Pump RPM,378499795,1763325074,7954
1763325074492477931,[31 56  0  0  0  0  0  0],2,262,Pump RPM,492057319,1763325074,7992
1763325074576073706,[ 31 113   0   0   0   0   0   0],2,262,Pump RPM,575560709,1763325074,8049
1763325074720220315,[ 31 141   0   0   0   0   0   0],2,262,Pump RPM,719787606,1763325074,8077
1763325074803086578,[ 31 140   0   0   0   0   0   0],2,262,Pump RPM,802344938,1763325074,8076
1763325074897541569,[ 31 115   0   0   0   0   0   0],2,262,Pump RPM,896556311,1763325074,8051
1763325074979028138,[ 31 148   0   0   0   0   0   0],2,262,Pump RPM,978628678,1763325074,8084
1763325075094530867,[ 31 153   0   0   0   0   0   0],2,262,Pump RPM,92637344,1763325075,8089
1763325075188179291,[ 31 145   0   0   0   0   0   0],2,262,Pump RPM,187640757,1763325075,8081
1763325075290287738,[ 31 108   0   0   0   0   0   0],2,262,Pump RPM,290062487,1763325075,8044
1763325075383201529,[31 77  0  0  0  0  0  0],2,262,Pump RPM,382839830,1763325075,8013
1763325075498054108,[31 61  0  0  0  0  0  0],2,262,Pump RPM,496980945,1763325075,7997
1763325075579923882,[31 29  0  0  0  0  0  0],2,262,Pump RPM,579316163,1763325075,7965
1763325075725179046,[31  1  0  0  0  0  0  0],2,262,Pump RPM,724305181,1763325075,7937
1763325075809751952,[ 30 237   0   0   0   0   0   0],2,262,Pump RPM,808914791,1763325075,7917
1763325075891374779,[ 30 194   0   0   0   0   0   0],2,262,Pump RPM,890898838,1763325075,7874
1763325075984413660,[ 30 135   0   0   0   0   0   0],2,262,Pump RPM,984056184,1763325075,7815
1763325076099893413,[30 72  0  0  0  0  0  0],2,262,Pump RPM,99495457,1763325076,7752
1763325076184841555,[30 55  0  0  0  0  0  0],2,262,Pump RPM,183692007,1763325076,7735
1763325076300428606,[30 62  0  0  0  0  0  0],2,262,Pump RPM,298182919,1763325076,7742
1763325076381553092,[ 29 241   0   0   0   0   0   0],2,262,Pump RPM,381261409,1763325076,7665
1763325076495894978,[ 29 190   0   0   0   0   0   0],2,262,Pump RPM,495547615,1763325076,7614
1763325076590009583,[ 29 221   0   0   0   0   0   0],2,262,Pump RPM,589387401,1763325076,7645
1763325076726156846,[ 29 177   0   0   0   0   0   0],2,262,Pump RPM,725292325,1763325076,7601
1763325076809058887,[ 29 114   0   0   0   0   0   0],2,262,Pump RPM,808091709,1763325076,7538
1763325076901297120,[ 29 104   0   0   0   0   0   0],2,262,Pump RPM,900457208,1763325076,7528
1763325076996102164,[29 70  0  0  0  0  0  0],2,262,Pump RPM,993032117,1763325076,7494
1763325077097131337,[29 26  0  0  0  0  0  0],2,262,Pump RPM,96114047,1763325077,7450
1763325077188889854,[29 21  0  0  0  0  0  0],2,262,Pump RPM,188602811,1763325077,7445
1763325077302925881,[29 26  0  0  0  0  0  0],2,262,Pump RPM,301584171,1763325077,7450
1763325077385220652,[ 28 234   0   0   0   0   0   0],2,262,Pump RPM,384950666,1763325077,7402
1763325077499229895,[ 28 139   0   0   0   0   0   0],2,262,Pump RPM,498777379,1763325077,7307
1763325077592019751,[ 28 133   0   0   0   0   0   0],2,262,Pump RPM,590917980,1763325077,7301
1763325077736275067,[ 28 107   0   0   0   0   0   0],2,262,Pump RPM,735826582,1763325077,7275
1763325077819871131,[ 28 107   0   0   0   0   0   0],2,262,Pump RPM,819206452,1763325077,7275
1763325077902351472,[28 40  0  0  0  0  0  0],2,262,Pump RPM,902038669,1763325077,7208
1763325077996721472,[ 27 216   0   0   0   0   0   0],2,262,Pump RPM,995551796,1763325077,7128
1763325078098954114,[ 27 130   0   0   0   0   0   0],2,262,Pump RPM,98625599,1763325078,7042
1763325078192061541,[ 27 145   0   0   0   0   0   0],2,262,Pump RPM,190662327,1763325078,7057
1763325078306810569,[ 27 180   0   0   0   0   0   0],2,262,Pump RPM,306129922,1763325078,7092
1763325078398175482,[ 27 159   0   0   0   0   0   0],2,262,Pump RPM,397507443,1763325078,7071
1763325078502774196,[27 84  0  0  0  0  0  0],2,262,Pump RPM,502054957,1763325078,6996
1763325078594903502,[27 43  0  0  0  0  0  0],2,262,Pump RPM,594648299,1763325078,6955
1763325078739706344,[27 73  0  0  0  0  0  0],2,262,Pump RPM,739362980,1763325078,6985
1763325078822307071,[ 27 107   0   0   0   0   0   0],2,262,Pump RPM,822031292,1763325078,7019
1763325078904923446,[27 78  0  0  0  0  0  0],2,262,Pump RPM,904138733,1763325078,6990
1763325078997784310,[27 58  0  0  0  0  0  0],2,262,Pump RPM,997163632,1763325078,6970
1763325079112364217,[27 70  0  0  0  0  0  0],2,262,Pump RPM,111986037,1763325079,6982
1763325079195566454,[ 27 136   0   0   0   0   0   0],2,262,Pump RPM,195132146,1763325079,7048
1763325079308587048,[ 27 197   0   0   0   0   0   0],2,262,Pump RPM,308247461,1763325079,7109
1763325079401184679,[28 79  0  0  0  0  0  0],2,262,Pump RPM,400618049,1763325079,7247
1763325079506410984,[28 76  0  0  0  0  0  0],2,262,Pump RPM,506174022,1763325079,7244
1763325079599680174,[ 28 137   0   0   0   0   0   0],2,262,Pump RPM,599441835,1763325079,7305
1763325079737706595,[ 28 130   0   0   0   0   0   0],2,262,Pump RPM,737044796,1763325079,7298
1763325079820341690,[ 28 134   0   0   0   0   0   0],2,262,Pump RPM,819956598,1763325079,7302
1763325079904561922,[ 28 205   0   0   0   0   0   0],2,262,Pump RPM,904380609,1763325079,7373
1763325080000250401,[ 28 179   0   0   0   0   0   0],2,262,Pump RPM,999596378,1763325079,7347
1763325080113277524,[ 28 229   0   0   0   0   0   0],2,262,Pump RPM,112719054,1763325080,7397
1763325080198024962,[29 48  0  0  0  0  0  0],2,262,Pump RPM,197419420,1763325080,7472
1763325080312275169,[29 81  0  0  0  0  0  0],2,262,Pump RPM,311040213,1763325080,7505
1763325080406909622,[29 90  0  0  0  0  0  0],2,262,Pump RPM,405470727,1763325080,7514
1763325080510691497,[29 85  0  0  0  0  0  0],2,262,Pump RPM,509684926,1763325080,7509
1763325080603516426,[29 54  0  0  0  0  0  0],2,262,Pump RPM,602752258,1763325080,7478
1763325080737979547,[ 29 137   0   0   0   0   0   0],2,262,Pump RPM,737062354,1763325080,7561
1763325080820570771,[ 29 148   0   0   0   0   0   0],2,262,Pump RPM,819795307,1763325080,7572
1763325080914103868,[ 29 222   0   0   0   0   0   0],2,262,Pump RPM,913235795,1763325080,7646
1763325080999168333,[30  5  0  0  0  0  0  0],2,262,Pump RPM,998076033,1763325080,7685
1763325081112652805,[ 29 251   0   0   0   0   0   0],2,262,Pump RPM,112010910,1763325081,7675
1763325081204690687,[30 46  0  0  0  0  0  0],2,262,Pump RPM,204089401,1763325081,7726
1763325081318589019,[ 30 124   0   0   0   0   0   0],2,262,Pump RPM,318020182,1763325081,7804
1763325081402516673,[ 30 124   0   0   0   0   0   0],2,262,Pump RPM,401584824,1763325081,7804
1763325081516860162,[ 30 166   0   0   0   0   0   0],2,262,Pump RPM,516052538,1763325081,7846
1763325081600988970,[ 30 154   0   0   0   0   0   0],2,262,Pump RPM,600524454,1763325081,7834
1763325081746980116,[ 30 172   0   0   0   0   0   0],2,262,Pump RPM,746032746,1763325081,7852
1763325081828974021,[ 30 187   0   0   0   0   0   0],2,262,Pump RPM,828521505,1763325081,7867
1763325081911035288,[ 30 191   0   0   0   0   0   0],2,262,Pump RPM,910847510,1763325081,7871
1763325082003915867,[ 30 180   0   0   0   0   0   0],2,262,Pump RPM,3138899,1763325082,7860
1763325082118410718,[ 30 229   0   0   0   0   0   0],2,262,Pump RPM,117921305,1763325082,7909
1763325082211521188,[ 30 179   0   0   0   0   0   0],2,262,Pump RPM,210959518,1763325082,7859
1763325082314355726,[ 30 186   0   0   0   0   0   0],2,262,Pump RPM,313851209,1763325082,7866
1763325082406054053,[ 30 163   0   0   0   0   0   0],2,262,Pump RPM,405693985,1763325082,7843
1763325082520642857,[ 30 158   0   0   0   0   0   0],2,262,Pump RPM,519232123,1763325082,7838
1763325082612010493,[ 30 143   0   0   0   0   0   0],2,262,Pump RPM,611078483,1763325082,7823
1763325082746741138,[30 82  0  0  0  0  0  0],2,262,Pump RPM,746528976,1763325082,7762
1763325082830201812,[30 27  0  0  0  0  0  0],2,262,Pump RPM,829534893,1763325082,7707
1763325082925609521,[ 29 245   0   0   0   0   0   0],2,262,Pump RPM,924266979,1763325082,7669
1763325083007803397,[30  1  0  0  0  0  0  0],2,262,Pump RPM,7486594,1763325083,7681
1763325083122790510,[ 29 185   0   0   0   0   0   0],2,262,Pump RPM,122107943,1763325083,7609
1763325083204157755,[ 29 108   0   0   0   0   0   0],2,262,Pump RPM,203977369,1763325083,7532
1763325083317306097,[ 29 141   0   0   0   0   0   0],2,262,Pump RPM,316960685,1763325083,7565
1763325083409344172,[ 29 145   0   0   0   0   0   0],2,262,Pump RPM,409142442,1763325083,7569
1763325083524839482,[29 67  0  0  0  0  0  0],2,262,Pump RPM,522476610,1763325083,7491
1763325083615668489,[29 42  0  0  0  0  0  0],2,262,Pump RPM,614946817,1763325083,7466
1763325083751055813,[29 30  0  0  0  0  0  0],2,262,Pump RPM,750739170,1763325083,7454
1763325083834227812,[29 55  0  0  0  0  0  0],2,262,Pump RPM,833618974,1763325083,7479
1763325083918026410,[29 45  0  0  0  0  0  0],2,262,Pump RPM,917842824,1763325083,7469
1763325084012049274,[ 28 246   0   0   0   0   0   0],2,262,Pump RPM,11406707,1763325084,7414
1763325084124367848,[29  1  0  0  0  0  0  0],2,262,Pump RPM,123811650,1763325084,7425
1763325084216639174,[ 28 211   0   0   0   0   0   0],2,262,Pump RPM,216237057,1763325084,7379
1763325084321418469,[ 28 168   0   0   0   0   0   0],2,262,Pump RPM,319848981,1763325084,7336
1763325084415008209,[ 28 130   0   0   0   0   0   0],2,262,Pump RPM,414447723,1763325084,7298
1763325084529067089,[ 28 154   0   0   0   0   0   0],2,262,Pump RPM,528325290,1763325084,7322
1763325084610422590,[28 96  0  0  0  0  0  0],2,262,Pump RPM,610053690,1763325084,7264
1763325084754934650,[28 18  0  0  0  0  0  0],2,262,Pump RPM,754557782,1763325084,7186
1763325084838841057,[ 27 236   0   0   0   0   0   0],2,262,Pump RPM,838322236,1763325084,7148
1763325084921979264,[ 27 198   0   0   0   0   0   0],2,262,Pump RPM,921242201,1763325084,7110
1763325085014362304,[ 27 236   0   0   0   0   0   0],2,262,Pump RPM,14075357,1763325085,7148
1763325085127425174,[ 27 168   0   0   0   0   0   0],2,262,Pump RPM,127024338,1763325085,7080
1763325085221809322,[27 80  0  0  0  0  0  0],2,262,Pump RPM,220501309,1763325085,6992
1763325085324119985,[27 24  0  0  0  0  0  0],2,262,Pump RPM,323188456,1763325085,6936
1763325085415743561,[27 41  0  0  0  0  0  0],2,262,Pump RPM,415227428,1763325085,6953
1763325085529493287,[27 17  0  0  0  0  0  0],2,262,Pump RPM,529056866,1763325085,6929
1763325085613631057,[27 27  0  0  0  0  0  0],2,262,Pump RPM,612707559,1763325085,6939
1763325085755876118,[27 38  0  0  0  0  0  0],2,262,Pump RPM,755623827,1763325085,6950
1763325085839551707,[27 13  0  0  0  0  0  0],2,262,Pump RPM,838679922,1763325085,6925
1763325085932626370,[ 26 201   0   0   0   0   0   0],2,262,Pump RPM,931025585,1763325085,6857
1763325086014960281,[ 26 127   0   0   0   0   0   0],2,262,Pump RPM,14073808,1763325086,6783
1763325086128238675,[ 26 108   0   0   0   0   0   0],2,262,Pump RPM,126710083,1763325086,6764
1763325086220281039,[26 70  0  0  0  0  0  0],2,262,Pump RPM,218841280,1763325086,6726
1763325086332811617,[26 57  0  0  0  0  0  0],2,262,Pump RPM,331041999,1763325086,6713
1763325086418443227,[26 43  0  0  0  0  0  0],2,262,Pump RPM,417773396,1763325086,6699
1763325086529609118,[26 20  0  0  0  0  0  0],2,262,Pump RPM,529195002,1763325086,6676
1763325086623321260,[26 28  0  0  0  0  0  0],2,262,Pump RPM,622620005,1763325086,6684
1763325086758216422,[26 22  0  0  0  0  0  0],2,262,Pump RPM,757383198,1763325086,6678
1763325086842165775,[26 16  0  0  0  0  0  0],2,262,Pump RPM,841675114,1763325086,6672
1763325086935048052,[26 23  0  0  0  0  0  0],2,262,Pump RPM,934244044,1763325086,6679
1763325087017215914,[26 24  0  0  0  0  0  0],2,262,Pump RPM,16967592,1763325087,6680
1763325087129633115,[ 25 203   0   0   0   0   0   0],2,262,Pump RPM,129425977,1763325087,6603
1763325087224505462,[ 25 208   0   0   0   0   0   0],2,262,Pump RPM,223962320,1763325087,6608
1763325087330634117,[ 25 230   0   0   0   0   0   0],2,262,Pump RPM,328662961,1763325087,6630
1763325087421372885,[ 25 248   0   0   0   0   0   0],2,262,Pump RPM,421074898,1763325087,6648
1763325087533978088,[26 30  0  0  0  0  0  0],2,262,Pump RPM,533610308,1763325087,6686
1763325087628708929,[26 47  0  0  0  0  0  0],2,262,Pump RPM,628225404,1763325087,6703
1763325087764600806,[26 33  0  0  0  0  0  0],2,262,Pump RPM,763383834,1763325087,6689
1763325087845204973,[26 22  0  0  0  0  0  0],2,262,Pump RPM,844854761,1763325087,6678
1763325087938871515,[26 83  0  0  0  0  0  0],2,262,Pump RPM,938037042,1763325087,6739
1763325088023249192,[ 26 119   0   0   0   0   0   0],2,262,Pump RPM,22872868,1763325088,6775
1763325088137128073,[ 26 210   0   0   0   0   0   0],2,262,Pump RPM,136495394,1763325088,6866
1763325088230199857,[27  8  0  0  0  0  0  0],2,262,Pump RPM,229418217,1763325088,6920
1763325088333794855,[27 26  0  0  0  0  0  0],2,262,Pump RPM,333577797,1763325088,6938
1763325088426476620,[27 68  0  0  0  0  0  0],2,262,Pump RPM,425575394,1763325088,6980
1763325088542942663,[ 27 139   0   0   0   0   0   0],2,262,Pump RPM,542243200,1763325088,7051
1763325088627570872,[ 27 243   0   0   0   0   0   0],2,262,Pump RPM,626939345,1763325088,7155
1763325088772880832,[ 28 130   0   0   0   0   0   0],2,262,Pump RPM,771989399,1763325088,7298
1763325088855353210,[ 28 196   0   0   0   0   0   0],2,262,Pump RPM,854497329,1763325088,7364
1763325088937477360,[ 28 204   0   0   0   0   0   0],2,262,Pump RPM,936714280,1763325088,7372
1763325089033065395,[ 28 243   0   0   0   0   0   0],2,262,Pump RPM,31120383,1763325089,7411
1763325089134475283,[ 29 100   0   0   0   0   0   0],2,262,Pump RPM,133941069,1763325089,7524
1763325089227204600,[ 29 209   0   0   0   0   0   0],2,262,Pump RPM,226974070,1763325089,7633
1763325089341467134,[ 29 248   0   0   0   0   0   0],2,262,Pump RPM,340607669,1763325089,7672
1763325089434455046,[30 98  0  0  0  0  0  0],2,262,Pump RPM,433574397,1763325089,7778
1763325089536903184,[ 30 217   0   0   0   0   0   0],2,262,Pump RPM,536657166,1763325089,7897
1763325089632298801,[31 17  0  0  0  0  0  0],2,262,Pump RPM,631642059,1763325089,7953
1763325089776619952,[31 58  0  0  0  0  0  0],2,262,Pump RPM,775758727,1763325089,7994
1763325089858731559,[ 31 124   0   0   0   0   0   0],2,262,Pump RPM,858349251,1763325089,8060
1763325089946027987,[ 31 176   0   0   0   0   0   0],2,262,Pump RPM,945414573,1763325089,8112
1763325090028295756,[ 31 213   0   0   0   0   0   0],2,262,Pump RPM,27453667,1763325090,8149
1763325090144177635,[ 31 246   0   0   0   0   0   0],2,262,Pump RPM,143604349,1763325090,8182
1763325090236474948,[32  3  0  0  0  0  0  0],2,262,Pump RPM,236086688,1763325090,8195
1763325090340350974,[ 31 235   0   0   0   0   0   0],2,262,Pump RPM,339703416,1763325090,8171
1763325090433641802,[ 31 220   0   0   0   0   0   0],2,262,Pump RPM,433214182,1763325090,8156
1763325090548109778,[ 31 196   0   0   0   0   0   0],2,262,Pump RPM,547219849,1763325090,8132
1763325090630909297,[ 31 148   0   0   0   0   0   0],2,262,Pump RPM,630178409,1763325090,8084
1763325090774889740,[ 31 138   0   0   0   0   0   0],2,262,Pump RPM,774567241,1763325090,8074
1763325090857410024,[31 92  0  0  0  0  0  0],2,262,Pump RPM,857149541,1763325090,8028
1763325090939547744,[31 40  0  0  0  0  0  0],2,262,Pump RPM,939259037,1763325090,7976
1763325091034497853,[ 30 235   0   0   0   0   0   0],2,262,Pump RPM,34084632,1763325091,7915
1763325091148935557,[ 30 192   0   0   0   0   0   0],2,262,Pump RPM,147149331,1763325091,7872
1763325091232065736,[ 30 141   0   0   0   0   0   0],2,262,Pump RPM,230704954,1763325091,7821
1763325091344650109,[30 44  0  0  0  0  0  0],2,262,Pump RPM,344422139,1763325091,7724
1763325091437788008,[30 56  0  0  0  0  0  0],2,262,Pump RPM,437572613,1763325091,7736
1763325091552486611,[30 42  0  0  0  0  0  0],2,262,Pump RPM,552007246,1763325091,7722
1763325091635020239,[ 29 200   0   0   0   0   0   0],2,262,Pump RPM,634659083,1763325091,7624
1763325091785008298,[ 29 116   0   0   0   0   0   0],2,262,Pump RPM,784579398,1763325091,7540
1763325091869075574,[29 97  0  0  0  0  0  0],2,262,Pump RPM,868367183,1763325091,7521
1763325091951744116,[29 32  0  0  0  0  0  0],2,262,Pump RPM,951056557,1763325091,7456
1763325092033407015,[29 41  0  0  0  0  0  0],2,262,Pump RPM,32910722,1763325092,7465
1763325092147419884,[ 28 206   0   0   0   0   0   0],2,262,Pump RPM,146390017,1763325092,7374
1763325092240176947,[28 99  0  0  0  0  0  0],2,262,Pump RPM,239124488,1763325092,7267
1763325092352686504,[28 37  0  0  0  0  0  0],2,262,Pump RPM,352348229,1763325092,7205
1763325092435908300,[28  4  0  0  0  0  0  0],2,262,Pump RPM,435412007,1763325092,7172
1763325092547345366,[ 27 229   0   0   0   0   0   0],2,262,Pump RPM,547067699,1763325092,7141
1763325092639334517,[ 27 205   0   0   0   0   0   0],2,262,Pump RPM,639163924,1763325092,7117
1763325092783581494,[ 27 187   0   0   0   0   0   0],2,262,Pump RPM,783346739,1763325092,7099
1763325092873485247,[ 27 114   0   0   0   0   0   0],2,262,Pump RPM,873232636,1763325092,7026
1763325092957438570,[ 27 110   0   0   0   0   0   0],2,262,Pump RPM,956020188,1763325092,7022
1763325093038171764,[27 79  0  0  0  0  0  0],2,262,Pump RPM,37974706,1763325093,6991
1763325093152599294,[27 86  0  0  0  0  0  0],2,262,Pump RPM,151916951,1763325093,6998
1763325093246369297,[27 60  0  0  0  0  0  0],2,262,Pump RPM,245240965,1763325093,6972
1763325093348182391,[ 26 243   0   0   0   0   0   0],2,262,Pump RPM,347675761,1763325093,6899
1763325093440829981,[ 26 207   0   0   0   0   0   0],2,262,Pump RPM,440322456,1763325093,6863
1763325093553705047,[ 26 157   0   0   0   0   0   0],2,262,Pump RPM,553493909,1763325093,6813
1763325093646570816,[ 26 159   0   0   0   0   0   0],2,262,Pump RPM,646168892,1763325093,6815
1763325093790094489,[ 26 171   0   0   0   0   0   0],2,262,Pump RPM,789424754,1763325093,6827
1763325093872849625,[ 26 221   0   0   0   0   0   0],2,262,Pump RPM,872089137,1763325093,6877
1763325093958158611,[27  0  0  0  0  0  0  0],2,262,Pump RPM,957618541,1763325093,6912
1763325094041008883,[27  9  0  0  0  0  0  0],2,262,Pump RPM,40668432,1763325094,6921
1763325094154759223,[ 26 207   0   0   0   0   0   0],2,262,Pump RPM,153876749,1763325094,6863
1763325094246815992,[ 26 223   0   0   0   0   0   0],2,262,Pump RPM,246536469,1763325094,6879
1763325094362287597,[ 26 205   0   0   0   0   0   0],2,262,Pump RPM,361972362,1763325094,6861
1763325094444230276,[ 26 252   0   0   0   0   0   0],2,262,Pump RPM,443542845,1763325094,6908
1763325094556899132,[ 26 250   0   0   0   0   0   0],2,262,Pump RPM,556481432,1763325094,6906
1763325094650023048,[ 26 241   0   0   0   0   0   0],2,262,Pump RPM,649817254,1763325094,6897
1763325094785555119,[27 28  0  0  0  0  0  0],2,262,Pump RPM,785061226,1763325094,6940
1763325094869463835,[ 27 127   0   0   0   0   0   0],2,262,Pump RPM,868310575,1763325094,7039
1763325094963665042,[ 27 129   0   0   0   0   0   0],2,262,Pump RPM,962398757,1763325094,7041
1763325095047920610,[ 27 150   0   0   0   0   0   0],2,262,Pump RPM,47478782,1763325095,7062
1763325095158513125,[ 27 137   0   0   0   0   0   0],2,262,Pump RPM,158185858,1763325095,7049
1763325095252105591,[ 27 167   0   0   0   0   0   0],2,262,Pump RPM,251641234,1763325095,7079
1763325095355463022,[ 27 161   0   0   0   0   0   0],2,262,Pump RPM,354742375,1763325095,7073
1763325095446844649,[ 27 185   0   0   0   0   0   0],2,262,Pump RPM,446633542,1763325095,7097
1763325095570487028,[ 27 227   0   0   0   0   0   0],2,262,Pump RPM,564157970,1763325095,7139
1763325095645113439,[ 27 233   0   0   0   0   0   0],2,262,Pump RPM,644864797,1763325095,7145
1763325095792277632,[28 48  0  0  0  0  0  0],2,262,Pump RPM,790666608,1763325095,7216
1763325095877925791,[28 75  0  0  0  0  0  0],2,262,Pump RPM,876273646,1763325095,7243
1763325095956957368,[28 63  0  0  0  0  0  0],2,262,Pump RPM,956215825,1763325095,7231
1763325096048883097,[ 27 246   0   0   0   0   0   0],2,262,Pump RPM,48381427,1763325096,7158
1763325096162072279,[ 27 200   0   0   0   0   0   0],2,262,Pump RPM,161569554,1763325096,7112
1763325096254304827,[ 27 238   0   0   0   0   0   0],2,262,Pump RPM,254090105,1763325096,7150
1763325096367713500,[ 27 223   0   0   0   0   0   0],2,262,Pump RPM,367300568,1763325096,7135
1763325096451328262,[ 27 185   0   0   0   0   0   0],2,262,Pump RPM,450922050,1763325096,7097
1763325096565950196,[ 27 123   0   0   0   0   0   0],2,262,Pump RPM,565576976,1763325096,7035
1763325096649096281,[27 80  0  0  0  0  0  0],2,262,Pump RPM,648753877,1763325096,6992
1763325096793411133,[27  3  0  0  0  0  0  0],2,262,Pump RPM,792640949,1763325096,6915
1763325096876639970,[27 15  0  0  0  0  0  0],2,262,Pump RPM,876073853,1763325096,6927
1763325096961305015,[27 12  0  0  0  0  0  0],2,262,Pump RPM,960270732,1763325096,6924
1763325097054366052,[ 26 189   0   0   0   0   0   0],2,262,Pump RPM,53878719,1763325097,6845
1763325097168196458,[ 26 108   0   0   0   0   0   0],2,262,Pump RPM,167637252,1763325097,6764
1763325097251395248,[26 75  0  0  0  0  0  0],2,262,Pump RPM,251094445,1763325097,6731
1763325097366633061,[26 40  0  0  0  0  0  0],2,262,Pump RPM,366114079,1763325097,6696
1763325097458546662,[26 61  0  0  0  0  0  0],2,262,Pump RPM,458223298,1763325097,6717
1763325097571903975,[26 22  0  0  0  0  0  0],2,262,Pump RPM,571653156,1763325097,6678
1763325097655031628,[ 25 249   0   0   0   0   0   0],2,262,Pump RPM,654700073,1763325097,6649
1763325097800889697,[26  1  0  0  0  0  0  0],2,262,Pump RPM,800627102,1763325097,6657
1763325097885291828,[ 25 200   0   0   0   0   0   0],2,262,Pump RPM,885085393,1763325097,6600
1763325097969467908,[ 25 241   0   0   0   0   0   0],2,262,Pump RPM,969073184,1763325097,6641
1763325098061859434,[ 25 250   0   0   0   0   0   0],2,262,Pump RPM,61293188,1763325098,6650
1763325098165057026,[ 25 201   0   0   0   0   0   0],2,262,Pump RPM,164171672,1763325098,6601
1763325098258304657,[ 25 191   0   0   0   0   0   0],2,262,Pump RPM,256805217,1763325098,6591
1763325098371242254,[ 25 185   0   0   0   0   0   0],2,262,Pump RPM,370310725,1763325098,6585
1763325098458532128,[ 25 191   0   0   0   0   0   0],2,262,Pump RPM,457911513,1763325098,6591
1763325098571429725,[ 25 153   0   0   0   0   0   0],2,262,Pump RPM,571153818,1763325098,6553
1763325098664510314,[ 25 234   0   0   0   0   0   0],2,262,Pump RPM,663647105,1763325098,6634
1763325098798215489,[ 25 218   0   0   0   0   0   0],2,262,Pump RPM,797825437,1763325098,6618
1763325098882188623,[ 25 230   0   0   0   0   0   0],2,262,Pump RPM,881485416,1763325098,6630
1763325098975784547,[26  2  0  0  0  0  0  0],2,262,Pump RPM,975500352,1763325098,6658
1763325099057379192,[26 13  0  0  0  0  0  0],2,262,Pump RPM,57187958,1763325099,6669
1763325099171684037,[26  7  0  0  0  0  0  0],2,262,Pump RPM,170911005,1763325099,6663
1763325099267705170,[26 12  0  0  0  0  0  0],2,262,Pump RPM,266613414,1763325099,6668
1763325099370647655,[26 24  0  0  0  0  0  0],2,262,Pump RPM,369727134,1763325099,6680
1763325099463465619,[26 85  0  0  0  0  0  0],2,262,Pump RPM,463016174,1763325099,6741
1763325099569617514,[26 83  0  0  0  0  0  0],2,262,Pump RPM,569304422,1763325099,6739
1763325099664002854,[ 26 107   0   0   0   0   0   0],2,262,Pump RPM,663575649,1763325099,6763
1763325099808110890,[ 26 121   0   0   0   0   0   0],2,262,Pump RPM,807468963,1763325099,6777
1763325099891022734,[ 26 190   0   0   0   0   0   0],2,262,Pump RPM,890456296,1763325099,6846
1763325099973129929,[27 27  0  0  0  0  0  0],2,262,Pump RPM,972876422,1763325099,6939
1763325100066278712,[27 54  0  0  0  0  0  0],2,262,Pump RPM,65992949,1763325100,6966
1763325100181360493,[27 15  0  0  0  0  0  0],2,262,Pump RPM,179483514,1763325100,6927
1763325100266155045,[27 12  0  0  0  0  0  0],2,262,Pump RPM,263829805,1763325100,6924
1763325100380496691,[27 52  0  0  0  0  0  0],2,262,Pump RPM,378442109,1763325100,6964
1763325100472937307,[ 27 155   0   0   0   0   0   0],2,262,Pump RPM,471456203,1763325100,7067
1763325100574389057,[ 27 219   0   0   0   0   0   0],2,262,Pump RPM,572869969,1763325100,7131
1763325100669266787,[28 19  0  0  0  0  0  0],2,262,Pump RPM,667792371,1763325100,7187
1763325100813585610,[28 43  0  0  0  0  0  0],2,262,Pump RPM,813105381,1763325100,7211
1763325100896432238,[28 78  0  0  0  0  0  0],2,262,Pump RPM,895762631,1763325100,7246
1763325100979298290,[ 28 170   0   0   0   0   0   0],2,262,Pump RPM,978527721,1763325100,7338
1763325101072871814,[29 12  0  0  0  0  0  0],2,262,Pump RPM,71841403,1763325101,7436
1763325101175367960,[ 28 224   0   0   0   0   0   0],2,262,Pump RPM,174784434,1763325101,7392
1763325101268074275,[ 28 197   0   0   0   0   0   0],2,262,Pump RPM,267731519,1763325101,7365
1763325101381852139,[ 28 196   0   0   0   0   0   0],2,262,Pump RPM,381672713,1763325101,7364
1763325101464489773,[ 28 184   0   0   0   0   0   0],2,262,Pump RPM,464073193,1763325101,7352
1763325101579421889,[ 28 169   0   0   0   0   0   0],2,262,Pump RPM,578729082,1763325101,7337
1763325101672578417,[ 28 171   0   0   0   0   0   0],2,262,Pump RPM,671227555,1763325101,7339
1763325101816324147,[ 28 212   0   0   0   0   0   0],2,262,Pump RPM,815839310,1763325101,7380
1763325101899873279,[ 28 193   0   0   0   0   0   0],2,262,Pump RPM,899090199,1763325101,7361
1763325101983768014,[ 28 125   0   0   0   0   0   0],2,262,Pump RPM,983312073,1763325101,7293
1763325102075742706,[28 68  0  0  0  0  0  0],2,262,Pump RPM,75429423,1763325102,7236
1763325102179006252,[ 27 244   0   0   0   0   0   0],2,262,Pump RPM,178598760,1763325102,7156
1763325102273186440,[ 27 158   0   0   0   0   0   0],2,262,Pump RPM,272437184,1763325102,7070
1763325102386007686,[ 27 114   0   0   0   0   0   0],2,262,Pump RPM,385816356,1763325102,7026
1763325102468916396,[27 56  0  0  0  0  0  0],2,262,Pump RPM,468207364,1763325102,6968
1763325102581175140,[27 35  0  0  0  0  0  0],2,262,Pump RPM,580798624,1763325102,6947
1763325102674105715,[27 17  0  0  0  0  0  0],2,262,Pump RPM,673747279,1763325102,6929
1763325102810909037,[ 26 213   0   0   0   0   0   0],2,262,Pump RPM,810453032,1763325102,6869
1763325102895100479,[ 26 164   0   0   0   0   0   0],2,262,Pump RPM,894430232,1763325102,6820
1763325102987319622,[ 26 103   0   0   0   0   0   0],2,262,Pump RPM,986983459,1763325102,6759
1763325103069422435,[26 40  0  0  0  0  0  0],2,262,Pump RPM,69050719,1763325103,6696
1763325103184069270,[26 36  0  0  0  0  0  0],2,262,Pump RPM,182685607,1763325103,6692
1763325103278336242,[26 41  0  0  0  0  0  0],2,262,Pump RPM,277722860,1763325103,6697
1763325103381897937,[26  2  0  0  0  0  0  0],2,262,Pump RPM,381665998,1763325103,6658
1763325103474610077,[ 25 174   0   0   0   0   0   0],2,262,Pump RPM,474219929,1763325103,6574
1763325103588127044,[ 25 163   0   0   0   0   0   0],2,262,Pump RPM,587902881,1763325103,6563
1763325103681807226,[ 25 226   0   0   0   0   0   0],2,262,Pump RPM,681106323,1763325103,6626
1763325103816817858,[26  9  0  0  0  0  0  0],2,262,Pump RPM,816588000,1763325103,6665
1763325103902030368,[ 25 248   0   0   0   0   0   0],2,262,Pump RPM,900591473,1763325103,6648
1763325103984933894,[ 25 252   0   0   0   0   0   0],2,262,Pump RPM,984342463,1763325103,6652
1763325104079652327,[ 25 231   0   0   0   0   0   0],2,262,Pump RPM,78956992,1763325104,6631
1763325104194124057,[ 25 211   0   0   0   0   0   0],2,262,Pump RPM,193921111,1763325104,6611
1763325104277062687,[ 25 243   0   0   0   0   0   0],2,262,Pump RPM,276679771,1763325104,6643
1763325104390096513,[ 25 245   0   0   0   0   0   0],2,262,Pump RPM,389848415,1763325104,6645
1763325104482241544,[ 25 236   0   0   0   0   0   0],2,262,Pump RPM,481554433,1763325104,6636
1763325104585456803,[ 25 251   0   0   0   0   0   0],2,262,Pump RPM,585033215,1763325104,6651
1763325104677526986,[26 83  0  0  0  0  0  0],2,262,Pump RPM,677242599,1763325104,6739
1763325104824086988,[ 26 120   0   0   0   0   0   0],2,262,Pump RPM,823546790,1763325104,6776
1763325104906276586,[ 26 117   0   0   0   0   0   0],2,262,Pump RPM,906021288,1763325104,6773
1763325104991860012,[ 26 118   0   0   0   0   0   0],2,262,Pump RPM,988977710,1763325104,6774
1763325105082876808,[ 26 186   0   0   0   0   0   0],2,262,Pump RPM,82707462,1763325105,6842
1763325105196878389,[ 26 222   0   0   0   0   0   0],2,262,Pump RPM,195846794,1763325105,6878
1763325105280170079,[ 26 228   0   0   0   0   0   0],2,262,Pump RPM,278365996,1763325105,6884
1763325105391626450,[27 54  0  0  0  0  0  0],2,262,Pump RPM,390804937,1763325105,6966
1763325105484478945,[ 27 142   0   0   0   0   0   0],2,262,Pump RPM,484108989,1763325105,7054
1763325105588033024,[ 27 219   0   0   0   0   0   0],2,262,Pump RPM,587482778,1763325105,7131
1763325105681422100,[28  7  0  0  0  0  0  0],2,262,Pump RPM,680423722,1763325105,7175
1763325105825989314,[28 43  0  0  0  0  0  0],2,262,Pump RPM,825800064,1763325105,7211
1763325105909299565,[ 28 102   0   0   0   0   0   0],2,262,Pump RPM,908832168,1763325105,7270
1763325105995993531,[ 28 149   0   0   0   0   0   0],2,262,Pump RPM,992047858,1763325105,7317
1763325106084606366,[ 28 230   0   0   0   0   0   0],2,262,Pump RPM,84202394,1763325106,7398
1763325106197746307,[29 70  0  0  0  0  0  0],2,262,Pump RPM,197222557,1763325106,7494
1763325106281261456,[ 29 186   0   0   0   0   0   0],2,262,Pump RPM,280515752,1763325106,7610
1763325106395885636,[ 29 221   0   0   0   0   0   0],2,262,Pump RPM,395157021,1763325106,7645
1763325106489581820,[30  0  0  0  0  0  0  0],2,262,Pump RPM,488606546,1763325106,7680
1763325106592249395,[ 30 128   0   0   0   0   0   0],2,262,Pump RPM,591863375,1763325106,7808
1763325106685177059,[ 30 228   0   0   0   0   0   0],2,262,Pump RPM,684583965,1763325106,7908
1763325106832828210,[31 27  0  0  0  0  0  0],2,262,Pump RPM,830036789,1763325106,7963
1763325106913885254,[31 13  0  0  0  0  0  0],2,262,Pump RPM,912994333,1763325106,7949
1763325106996913198,[ 30 231   0   0   0   0   0   0],2,262,Pump RPM,996503402,1763325106,7911
1763325107090417061,[ 30 234   0   0   0   0   0   0],2,262,Pump RPM,89587900,1763325107,7914
1763325107203592554,[ 30 176   0   0   0   0   0   0],2,262,Pump RPM,203323048,1763325107,7856
1763325107286416529,[30 51  0  0  0  0  0  0],2,262,Pump RPM,285585992,1763325107,7731
1763325107400708802,[30 88  0  0  0  0  0  0],2,262,Pump RPM,399600023,1763325107,7768
1763325107492475047,[ 29 253   0   0   0   0   0   0],2,262,Pump RPM,491894145,1763325107,7677
1763325107595286367,[ 29 160   0   0   0   0   0   0],2,262,Pump RPM,594836347,1763325107,7584
1763325107687216134,[ 29 109   0   0   0   0   0   0],2,262,Pump RPM,686574431,1763325107,7533
1763325107832494589,[ 28 250   0   0   0   0   0   0],2,262,Pump RPM,831858486,1763325107,7418
1763325107914480250,[ 28 225   0   0   0   0   0   0],2,262,Pump RPM,914192535,1763325107,7393
1763325107998376012,[ 28 129   0   0   0   0   0   0],2,262,Pump RPM,997526243,1763325107,7297
1763325108091441919,[28 44  0  0  0  0  0  0],2,262,Pump RPM,90821464,1763325108,7212
1763325108204302114,[28  8  0  0  0  0  0  0],2,262,Pump RPM,204098943,1763325108,7176
1763325108286476706,[ 27 159   0   0   0   0   0   0],2,262,Pump RPM,286296768,1763325108,7071
1763325108402020545,[27 40  0  0  0  0  0  0],2,262,Pump RPM,401805023,1763325108,6952
1763325108497931921,[ 26 235   0   0   0   0   0   0],2,262,Pump RPM,496676964,1763325108,6891
1763325108600074724,[ 26 156   0   0   0   0   0   0],2,262,Pump RPM,599767328,1763325108,6812
1763325108694056640,[26 56  0  0  0  0  0  0],2,262,Pump RPM,693439129,1763325108,6712
1763325108837873448,[26 58  0  0  0  0  0  0],2,262,Pump RPM,837472964,1763325108,6714
1763325108921080019,[26 27  0  0  0  0  0  0],2,262,Pump RPM,920791472,1763325108,6683
1763325109004695939,[ 25 166   0   0   0   0   0   0],2,262,Pump RPM,4018619,1763325109,6566
1763325109097852919,[25 88  0  0  0  0  0  0],2,262,Pump RPM,96712619,1763325109,6488
1763325109200300525,[25 77  0  0  0  0  0  0],2,262,Pump RPM,199660198,1763325109,6477
1763325109295500726,[ 24 255   0   0   0   0   0   0],2,262,Pump RPM,295009649,1763325109,6399
1763325109408645629,[ 24 198   0   0   0   0   0   0],2,262,Pump RPM,408378138,1763325109,6342
1763325109492245612,[ 24 169   0   0   0   0   0   0],2,262,Pump RPM,491819144,1763325109,6313
1763325109606212699,[ 24 103   0   0   0   0   0   0],2,262,Pump RPM,605889912,1763325109,6247
1763325109699162541,[24 71  0  0  0  0  0  0],2,262,Pump RPM,698870794,1763325109,6215
1763325109840609662,[24 61  0  0  0  0  0  0],2,262,Pump RPM,839162894,1763325109,6205
1763325109924331311,[24 47  0  0  0  0  0  0],2,262,Pump RPM,922691389,1763325109,6191
1763325110006382894,[24 56  0  0  0  0  0  0],2,262,Pump RPM,5168641,1763325110,6200
1763325110099193311,[24 33  0  0  0  0  0  0],2,262,Pump RPM,97398764,1763325110,6177
1763325110214133849,[ 23 252   0   0   0   0   0   0],2,262,Pump RPM,213542355,1763325110,6140
1763325110299822847,[24 45  0  0  0  0  0  0],2,262,Pump RPM,296883136,1763325110,6189
1763325110410685774,[24 10  0  0  0  0  0  0],2,262,Pump RPM,409814853,1763325110,6154
1763325110503599392,[24 48  0  0  0  0  0  0],2,262,Pump RPM,503194780,1763325110,6192
1763325110607997675,[24 90  0  0  0  0  0  0],2,262,Pump RPM,606342618,1763325110,6234
1763325110700311383,[ 24 119   0   0   0   0   0   0],2,262,Pump RPM,700099285,1763325110,6263
1763325110846703644,[ 24 181   0   0   0   0   0   0],2,262,Pump RPM,845174252,1763325110,6325
1763325110930630671,[ 24 220   0   0   0   0   0   0],2,262,Pump RPM,927983572,1763325110,6364
1763325111012921298,[ 24 229   0   0   0   0   0   0],2,262,Pump RPM,11074846,1763325111,6373
1763325111105867589,[25 45  0  0  0  0  0  0],2,262,Pump RPM,105053756,1763325111,6445
1763325111211091641,[25 23  0  0  0  0  0  0],2,262,Pump RPM,210734741,1763325111,6423
1763325111302299962,[25 74  0  0  0  0  0  0],2,262,Pump RPM,302010103,1763325111,6474
1763325111416665582,[ 25 102   0   0   0   0   0   0],2,262,Pump RPM,414987964,1763325111,6502
1763325111497166910,[ 25 117   0   0   0   0   0   0],2,262,Pump RPM,496979996,1763325111,6517
1763325111610826923,[ 25 220   0   0   0   0   0   0],2,262,Pump RPM,609961794,1763325111,6620
1763325111703097879,[26  9  0  0  0  0  0  0],2,262,Pump RPM,702837524,1763325111,6665
1763325111846906466,[26 84  0  0  0  0  0  0],2,262,Pump RPM,846671295,1763325111,6740
1763325111929796299,[ 26 164   0   0   0   0   0   0],2,262,Pump RPM,929181988,1763325111,6820
1763325112012131182,[ 26 198   0   0   0   0   0   0],2,262,Pump RPM,11576776,1763325112,6854
1763325112105168930,[27 11  0  0  0  0  0  0],2,262,Pump RPM,104658909,1763325112,6923
1763325112218214218,[ 27 126   0   0   0   0   0   0],2,262,Pump RPM,217627299,1763325112,7038
1763325112300744975,[ 27 178   0   0   0   0   0   0],2,262,Pump RPM,300126185,1763325112,7090
1763325112413456691,[ 27 250   0   0   0   0   0   0],2,262,Pump RPM,412823660,1763325112,7162
1763325112507416337,[28 76  0  0  0  0  0  0],2,262,Pump RPM,507135726,1763325112,7244
1763325112620664635,[ 28 195   0   0   0   0   0   0],2,262,Pump RPM,620093685,1763325112,7363
1763325112703773382,[ 28 249   0   0   0   0   0   0],2,262,Pump RPM,703315009,1763325112,7417
1763325112851551612,[29 34  0  0  0  0  0  0],2,262,Pump RPM,851196056,1763325112,7458
1763325112934040609,[ 29 117   0   0   0   0   0   0],2,262,Pump RPM,933801694,1763325112,7541
1763325113016487334,[ 29 175   0   0   0   0   0   0],2,262,Pump RPM,16298244,1763325113,7599
1763325113110714183,[ 29 255   0   0   0   0   0   0],2,262,Pump RPM,110435556,1763325113,7679
1763325113215815739,[30 14  0  0  0  0  0  0],2,262,Pump RPM,214998035,1763325113,7694
1763325113307906854,[30 16  0  0  0  0  0  0],2,262,Pump RPM,307529986,1763325113,7696
1763325113421366194,[30 16  0  0  0  0  0  0],2,262,Pump RPM,420593610,1763325113,7696
1763325113514134565,[ 29 241   0   0   0   0   0   0],2,262,Pump RPM,513131098,1763325113,7665
1763325113618532017,[30 10  0  0  0  0  0  0],2,262,Pump RPM,617508390,1763325113,7690
1763325113709212941,[30 80  0  0  0  0  0  0],2,262,Pump RPM,708419973,1763325113,7760
1763325113855020943,[30 47  0  0  0  0  0  0],2,262,Pump RPM,853061402,1763325113,7727
1763325113939228550,[30  7  0  0  0  0  0  0],2,262,Pump RPM,938424478,1763325113,7687
1763325114021933038,[ 29 205   0   0   0   0   0   0],2,262,Pump RPM,21552106,1763325114,7629
1763325114115355976,[ 29 166   0   0   0   0   0   0],2,262,Pump RPM,115005028,1763325114,7590
1763325114218229253,[ 29 130   0   0   0   0   0   0],2,262,Pump RPM,217962242,1763325114,7554
1763325114311682943,[ 29 115   0   0   0   0   0   0],2,262,Pump RPM,310885175,1763325114,7539
1763325114423917951,[ 29 110   0   0   0   0   0   0],2,262,Pump RPM,423574907,1763325114,7534
1763325114508831071,[29 64  0  0  0  0  0  0],2,262,Pump RPM,507837044,1763325114,7488
1763325114624544675,[29 50  0  0  0  0  0  0],2,262,Pump RPM,623814940,1763325114,7474
1763325114710559503,[29 29  0  0  0  0  0  0],2,262,Pump RPM,709051135,1763325114,7453
1763325114855471175,[ 28 193   0   0   0   0   0   0],2,262,Pump RPM,853820982,1763325114,7361
1763325114937785612,[ 28 124   0   0   0   0   0   0],2,262,Pump RPM,936816001,1763325114,7292
1763325115021950979,[28 14  0  0  0  0  0  0],2,262,Pump RPM,21501631,1763325115,7182
1763325115114290802,[ 27 242   0   0   0   0   0   0],2,262,Pump RPM,113618379,1763325115,7154
1763325115226881686,[ 27 233   0   0   0   0   0   0],2,262,Pump RPM,226297008,1763325115,7145
1763325115319732170,[ 27 182   0   0   0   0   0   0],2,262,Pump RPM,319231557,1763325115,7094
1763325115423515730,[ 27 118   0   0   0   0   0   0],2,262,Pump RPM,423010060,1763325115,7030
1763325115517908374,[27 86  0  0  0  0  0  0],2,262,Pump RPM,516252388,1763325115,6998
1763325115630092374,[27 43  0  0  0  0  0  0],2,262,Pump RPM,629703218,1763325115,6955
1763325115713697576,[27 19  0  0  0  0  0  0],2,262,Pump RPM,713003745,1763325115,6931
1763325115857799865,[27 24  0  0  0  0  0  0],2,262,Pump RPM,856951504,1763325115,6936
1763325115942056978,[27  0  0  0  0  0  0  0],2,262,Pump RPM,941203689,1763325115,6912
1763325116024477432,[ 26 188   0   0   0   0   0   0],2,262,Pump RPM,23619887,1763325116,6844
1763325116115984351,[ 26 161   0   0   0   0   0   0],2,262,Pump RPM,115655931,1763325116,6817
1763325116230817051,[26 46  0  0  0  0  0  0],2,262,Pump RPM,230430871,1763325116,6702
1763325116315704827,[26 34  0  0  0  0  0  0],2,262,Pump RPM,315162390,1763325116,6690
1763325116429938162,[26 44  0  0  0  0  0  0],2,262,Pump RPM,428780517,1763325116,6700
1763325116521783068,[26 43  0  0  0  0  0  0],2,262,Pump RPM,520852754,1763325116,6699
1763325116634732740,[26 30  0  0  0  0  0  0],2,262,Pump RPM,634296320,1763325116,6686
1763325116717570639,[26 43  0  0  0  0  0  0],2,262,Pump RPM,716714022,1763325116,6699
1763325116862884493,[26 25  0  0  0  0  0  0],2,262,Pump RPM,862212390,1763325116,6681
1763325116947034662,[26 44  0  0  0  0  0  0],2,262,Pump RPM,946219133,1763325116,6700
1763325117029092617,[26 49  0  0  0  0  0  0],2,262,Pump RPM,28552419,1763325117,6705
1763325117122700838,[26 28  0  0  0  0  0  0],2,262,Pump RPM,121851933,1763325117,6684
1763325117238186986,[26  6  0  0  0  0  0  0],2,262,Pump RPM,236310390,1763325117,6662
1763325117320267565,[26  5  0  0  0  0  0  0],2,262,Pump RPM,319405956,1763325117,6661
1763325117435195051,[26 18  0  0  0  0  0  0],2,262,Pump RPM,434862055,1763325117,6674
1763325117517969493,[26 34  0  0  0  0  0  0],2,262,Pump RPM,517170061,1763325117,6690
1763325117632584848,[26 88  0  0  0  0  0  0],2,262,Pump RPM,631326019,1763325117,6744
1763325117728711048,[26 79  0  0  0  0  0  0],2,262,Pump RPM,728266403,1763325117,6735
1763325117862975282,[ 26 114   0   0   0   0   0   0],2,262,Pump RPM,862526798,1763325117,6770
1763325117947908788,[ 26 142   0   0   0   0   0   0],2,262,Pump RPM,946882601,1763325117,6798
1763325118030629022,[ 26 167   0   0   0   0   0   0],2,262,Pump RPM,29942455,1763325118,6823
1763325118123590900,[ 26 210   0   0   0   0   0   0],2,262,Pump RPM,122390728,1763325118,6866
1763325118236530334,[ 26 220   0   0   0   0   0   0],2,262,Pump RPM,235821175,1763325118,6876
1763325118329048112,[27 42  0  0  0  0  0  0],2,262,Pump RPM,328239560,1763325118,6954
1763325118432840025,[ 27 116   0   0   0   0   0   0],2,262,Pump RPM,432320180,1763325118,7028
1763325118525427404,[ 27 163   0   0   0   0   0   0],2,262,Pump RPM,524666244,1763325118,7075
1763325118639775941,[ 27 217   0   0   0   0   0   0],2,262,Pump RPM,639132510,1763325118,7129
1763325118723511226,[ 27 224   0   0   0   0   0   0],2,262,Pump RPM,721578053,1763325118,7136
1763325118867147304,[ 27 247   0   0   0   0   0   0],2,262,Pump RPM,866665987,1763325118,7159
1763325118953057108,[28 53  0  0  0  0  0  0],2,262,Pump RPM,952683280,1763325118,7221
1763325119033613928,[ 27 246   0   0   0   0   0   0],2,262,Pump RPM,33204515,1763325119,7158
1763325119130007939,[28 47  0  0  0  0  0  0],2,262,Pump RPM,129096121,1763325119,7215
1763325119234226385,[ 28 100   0   0   0   0   0   0],2,262,Pump RPM,233770604,1763325119,7268
1763325119330641197,[28 76  0  0  0  0  0  0],2,262,Pump RPM,329877221,1763325119,7244
1763325119444860101,[ 28 117   0   0   0   0   0   0],2,262,Pump RPM,443126578,1763325119,7285
1763325119527295245,[ 28 106   0   0   0   0   0   0],2,262,Pump RPM,526751687,1763325119,7274
1763325119639349710,[ 28 145   0   0   0   0   0   0],2,262,Pump RPM,639054123,1763325119,7313
1763325119726556072,[ 28 142   0   0   0   0   0   0],2,262,Pump RPM,725339963,1763325119,7310
1763325119873474426,[ 28 190   0   0   0   0   0   0],2,262,Pump RPM,872496335,1763325119,7358
1763325119956907724,[ 28 227   0   0   0   0   0   0],2,262,Pump RPM,955699231,1763325119,7395
1763325120040038171,[ 28 232   0   0   0   0   0   0],2,262,Pump RPM,39671639,1763325120,7400
1763325120133221109,[ 28 255   0   0   0   0   0   0],2,262,Pump RPM,132748624,1763325120,7423
1763325120246864936,[29 34  0  0  0  0  0  0],2,262,Pump RPM,246478884,1763325120,7458
1763325120330084216,[ 28 245   0   0   0   0   0   0],2,262,Pump RPM,329143022,1763325120,7413
1763325120447323953,[ 28 238   0   0   0   0   0   0],2,262,Pump RPM,446513224,1763325120,7406
1763325120537165607,[ 28 244   0   0   0   0   0   0],2,262,Pump RPM,536357503,1763325120,7412
1763325120640151817,[ 28 219   0   0   0   0   0   0],2,262,Pump RPM,639160703,1763325120,7387
1763325120732390073,[ 28 210   0   0   0   0   0   0],2,262,Pump RPM,731999925,1763325120,7378
1763325120877496376,[ 28 217   0   0   0   0   0   0],2,262,Pump RPM,876801137,1763325120,7385
1763325120960065474,[ 28 210   0   0   0   0   0   0],2,262,Pump RPM,959384539,1763325120,7378
1763325121042505899,[ 28 228   0   0   0   0   0   0],2,262,Pump RPM,41795459,1763325121,7396
1763325121135856999,[ 28 195   0   0   0   0   0   0],2,262,Pump RPM,135317793,1763325121,7363
1763325121248735218,[ 28 183   0   0   0   0   0   0],2,262,Pump RPM,247837896,1763325121,7351
1763325121332804108,[ 28 148   0   0   0   0   0   0],2,262,Pump RPM,332156229,1763325121,7316
1763325121446901444,[ 28 166   0   0   0   0   0   0],2,262,Pump RPM,446200540,1763325121,7334
1763325121534757446,[28 94  0  0  0  0  0  0],2,262,Pump RPM,534188576,1763325121,7262
1763325121648069877,[28 25  0  0  0  0  0  0],2,262,Pump RPM,647362446,1763325121,7193
1763325121740124388,[28 48  0  0  0  0  0  0],2,262,Pump RPM,739892449,1763325121,7216
1763325121878513693,[28 15  0  0  0  0  0  0],2,262,Pump RPM,873849515,1763325121,7183
1763325121961079079,[ 27 244   0   0   0   0   0   0],2,262,Pump RPM,959765721,1763325121,7156
1763325122042484293,[ 27 180   0   0   0   0   0   0],2,262,Pump RPM,42292931,1763325122,7092
1763325122135182939,[ 27 128   0   0   0   0   0   0],2,262,Pump RPM,134584660,1763325122,7040
1763325122249989530,[ 27 125   0   0   0   0   0   0],2,262,Pump RPM,249444021,1763325122,7037
1763325122333918163,[27 41  0  0  0  0  0  0],2,262,Pump RPM,333025802,1763325122,6953
1763325122449268857,[ 26 231   0   0   0   0   0   0],2,262,Pump RPM,448576754,1763325122,6887
1763325122542270002,[ 26 154   0   0   0   0   0   0],2,262,Pump RPM,540419871,1763325122,6810
1763325122656216457,[26 60  0  0  0  0  0  0],2,262,Pump RPM,654793786,1763325122,6716
1763325122739758270,[26  1  0  0  0  0  0  0],2,262,Pump RPM,738912885,1763325122,6657
1763325122884088983,[ 25 188   0   0   0   0   0   0],2,262,Pump RPM,883601361,1763325122,6588
1763325122972477343,[ 25 144   0   0   0   0   0   0],2,262,Pump RPM,971626422,1763325122,6544
1763325123054221025,[ 25 134   0   0   0   0   0   0],2,262,Pump RPM,53816764,1763325123,6534
1763325123137362066,[25 95  0  0  0  0  0  0],2,262,Pump RPM,137041326,1763325123,6495
1763325123252075921,[25 80  0  0  0  0  0  0],2,262,Pump RPM,251372906,1763325123,6480
1763325123345227405,[25 58  0  0  0  0  0  0],2,262,Pump RPM,344110337,1763325123,6458
1763325123447219333,[25 23  0  0  0  0  0  0],2,262,Pump RPM,446531390,1763325123,6423
1763325123541926865,[ 24 173   0   0   0   0   0   0],2,262,Pump RPM,541539021,1763325123,6317
1763325123656067274,[ 24 120   0   0   0   0   0   0],2,262,Pump RPM,654955103,1763325123,6264
1763325123738126768,[24 86  0  0  0  0  0  0],2,262,Pump RPM,737729420,1763325123,6230
1763325123882106534,[24  9  0  0  0  0  0  0],2,262,Pump RPM,881562432,1763325123,6153
1763325123966752391,[ 23 237   0   0   0   0   0   0],2,262,Pump RPM,965832637,1763325123,6125
1763325124048969646,[ 23 212   0   0   0   0   0   0],2,262,Pump RPM,48720908,1763325124,6100
1763325124142475566,[ 23 140   0   0   0   0   0   0],2,262,Pump RPM,141947048,1763325124,6028
1763325124255166552,[23 86  0  0  0  0  0  0],2,262,Pump RPM,254859253,1763325124,5974
1763325124347531820,[23 91  0  0  0  0  0  0],2,262,Pump RPM,347079111,1763325124,5979
1763325124451974623,[23 69  0  0  0  0  0  0],2,262,Pump RPM,450616721,1763325124,5957
1763325124545870018,[23 25  0  0  0  0  0  0],2,262,Pump RPM,544963865,1763325124,5913
1763325124658122057,[ 22 252   0   0   0   0   0   0],2,262,Pump RPM,657822341,1763325124,5884
1763325124741556477,[ 22 182   0   0   0   0   0   0],2,262,Pump RPM,741279898,1763325124,5814
1763325124888843223,[ 22 102   0   0   0   0   0   0],2,262,Pump RPM,888598900,1763325124,5734
1763325124972737936,[22 65  0  0  0  0  0  0],2,262,Pump RPM,972529550,1763325124,5697
1763325125056259398,[22 45  0  0  0  0  0  0],2,262,Pump RPM,55184698,1763325125,5677
1763325125147744816,[22 36  0  0  0  0  0  0],2,262,Pump RPM,147498286,1763325125,5668
1763325125261451878,[22 33  0  0  0  0  0  0],2,262,Pump RPM,261147011,1763325125,5665
1763325125344243605,[22 28  0  0  0  0  0  0],2,262,Pump RPM,343182313,1763325125,5660
1763325125456974208,[ 21 229   0   0   0   0   0   0],2,262,Pump RPM,456798559,1763325125,5605
1763325125550051356,[22  9  0  0  0  0  0  0],2,262,Pump RPM,549559479,1763325125,5641
1763325125663834707,[22 13  0  0  0  0  0  0],2,262,Pump RPM,663456527,1763325125,5645
1763325125750467850,[ 21 249   0   0   0   0   0   0],2,262,Pump RPM,747251592,1763325125,5625
1763325125894343488,[22  9  0  0  0  0  0  0],2,262,Pump RPM,891797061,1763325125,5641
1763325125974751957,[22 25  0  0  0  0  0  0],2,262,Pump RPM,974332944,1763325125,5657
1763325126059640217,[22 49  0  0  0  0  0  0],2,262,Pump RPM,56671866,1763325126,5681
1763325126150947714,[22 50  0  0  0  0  0  0],2,262,Pump RPM,149708565,1763325126,5682
1763325126264446007,[22 60  0  0  0  0  0  0],2,262,Pump RPM,264148308,1763325126,5692
1763325126347628618,[22 95  0  0  0  0  0  0],2,262,Pump RPM,345930680,1763325126,5727
1763325126459745904,[ 22 131   0   0   0   0   0   0],2,262,Pump RPM,459101481,1763325126,5763
1763325126554975138,[ 22 146   0   0   0   0   0   0],2,262,Pump RPM,552287206,1763325126,5778
1763325126667757743,[ 22 168   0   0   0   0   0   0],2,262,Pump RPM,666468994,1763325126,5800
1763325126750628575,[ 22 210   0   0   0   0   0   0],2,262,Pump RPM,749629012,1763325126,5842
1763325126894044177,[ 22 249   0   0   0   0   0   0],2,262,Pump RPM,893659373,1763325126,5881
1763325126978744756,[23 72  0  0  0  0  0  0],2,262,Pump RPM,978074573,1763325126,5960
1763325127062231818,[ 23 182   0   0   0   0   0   0],2,262,Pump RPM,61334912,1763325127,6070
1763325127154227739,[24  3  0  0  0  0  0  0],2,262,Pump RPM,153520275,1763325127,6147
1763325127268834620,[24 57  0  0  0  0  0  0],2,262,Pump RPM,266864935,1763325127,6201
1763325127349868760,[ 24 104   0   0   0   0   0   0],2,262,Pump RPM,349075248,1763325127,6248
1763325127462840360,[ 24 232   0   0   0   0   0   0],2,262,Pump RPM,462103392,1763325127,6376
1763325127555439423,[25 32  0  0  0  0  0  0],2,262,Pump RPM,555004730,1763325127,6432
1763325127669201911,[ 25 103   0   0   0   0   0   0],2,262,Pump RPM,668948116,1763325127,6503
1763325127752730254,[ 25 216   0   0   0   0   0   0],2,262,Pump RPM,751897957,1763325127,6616
1763325127896657254,[26 65  0  0  0  0  0  0],2,262,Pump RPM,896420931,1763325127,6721
1763325127980454432,[ 26 136   0   0   0   0   0   0],2,262,Pump RPM,979518486,1763325127,6792
1763325128063576755,[ 26 227   0   0   0   0   0   0],2,262,Pump RPM,62666441,1763325128,6883
1763325128155682469,[ 27 106   0   0   0   0   0   0],2,262,Pump RPM,155450883,1763325128,7018
1763325128269294876,[ 27 215   0   0   0   0   0   0],2,262,Pump RPM,268831831,1763325128,7127
1763325128353260312,[ 28 127   0   0   0   0   0   0],2,262,Pump RPM,352767187,1763325128,7295
1763325128467379092,[ 28 210   0   0   0   0   0   0],2,262,Pump RPM,467120785,1763325128,7378
1763325128564108504,[ 29 101   0   0   0   0   0   0],2,262,Pump RPM,560263631,1763325128,7525
1763325128664071934,[ 29 202   0   0   0   0   0   0],2,262,Pump RPM,663589113,1763325128,7626
1763325128755966382,[30 48  0  0  0  0  0  0],2,262,Pump RPM,755650827,1763325128,7728
1763325128900722000,[ 30 130   0   0   0   0   0   0],2,262,Pump RPM,900236075,1763325128,7810
1763325128984960943,[ 30 210   0   0   0   0   0   0],2,262,Pump RPM,984154598,1763325128,7890
1763325129068708745,[31  7  0  0  0  0  0  0],2,262,Pump RPM,68122754,1763325129,7943
1763325129161676069,[31 39  0  0  0  0  0  0],2,262,Pump RPM,161159071,1763325129,7975
1763325129276821613,[31 73  0  0  0  0  0  0],2,262,Pump RPM,275759713,1763325129,8009
1763325129358216750,[31 82  0  0  0  0  0  0],2,262,Pump RPM,357804169,1763325129,8018
1763325129476859611,[31 99  0  0  0  0  0  0],2,262,Pump RPM,474551586,1763325129,8035
1763325129557327218,[31 80  0  0  0  0  0  0],2,262,Pump RPM,556738188,1763325129,8016
1763325129670418660,[31 84  0  0  0  0  0  0],2,262,Pump RPM,669738333,1763325129,8020
1763325129764263017,[31 51  0  0  0  0  0  0],2,262,Pump RPM,763866565,1763325129,7987
1763325129908261156,[ 30 228   0   0   0   0   0   0],2,262,Pump RPM,907522716,1763325129,7908
1763325129992066750,[ 30 248   0   0   0   0   0   0],2,262,Pump RPM,991165685,1763325129,7928
1763325130076650274,[ 30 203   0   0   0   0   0   0],2,262,Pump RPM,75516182,1763325130,7883
1763325130168414514,[ 30 171   0   0   0   0   0   0],2,262,Pump RPM,167675690,1763325130,7851
1763325130270974868,[ 30 107   0   0   0   0   0   0],2,262,Pump RPM,270250893,1763325130,7787
1763325130364805818,[30 73  0  0  0  0  0  0],2,262,Pump RPM,364000497,1763325130,7753
1763325130477944013,[30 17  0  0  0  0  0  0],2,262,Pump RPM,477657514,1763325130,7697
1763325130561906890,[ 29 222   0   0   0   0   0   0],2,262,Pump RPM,561581670,1763325130,7646
1763325130675705444,[ 29 171   0   0   0   0   0   0],2,262,Pump RPM,675457953,1763325130,7595
1763325130768346685,[ 29 126   0   0   0   0   0   0],2,262,Pump RPM,767891320,1763325130,7550
1763325130906704540,[29 85  0  0  0  0  0  0],2,262,Pump RPM,905664881,1763325130,7509
1763325130989588494,[29 20  0  0  0  0  0  0],2,262,Pump RPM,989278666,1763325130,7444
1763325131072359390,[ 28 209   0   0   0   0   0   0],2,262,Pump RPM,71874617,1763325131,7377
1763325131165982178,[ 28 102   0   0   0   0   0   0],2,262,Pump RPM,165138937,1763325131,7270
1763325131279348856,[ 27 252   0   0   0   0   0   0],2,262,Pump RPM,278009802,1763325131,7164
1763325131371715823,[ 27 221   0   0   0   0   0   0],2,262,Pump RPM,370602115,1763325131,7133
1763325131473270536,[27 86  0  0  0  0  0  0],2,262,Pump RPM,473078469,1763325131,6998
1763325131566308389,[27 55  0  0  0  0  0  0],2,262,Pump RPM,565947009,1763325131,6967
1763325131683624581,[ 26 242   0   0   0   0   0   0],2,262,Pump RPM,682766268,1763325131,6898
1763325131769162035,[ 26 173   0   0   0   0   0   0],2,262,Pump RPM,766880603,1763325131,6829
1763325131913426354,[26 75  0  0  0  0  0  0],2,262,Pump RPM,911265883,1763325131,6731
1763325131996091650,[ 25 236   0   0   0   0   0   0],2,262,Pump RPM,995074359,1763325131,6636
1763325132080692742,[ 25 190   0   0   0   0   0   0],2,262,Pump RPM,80178177,1763325132,6590
1763325132175472023,[ 25 147   0   0   0   0   0   0],2,262,Pump RPM,174286762,1763325132,6547
1763325132278960837,[25 99  0  0  0  0  0  0],2,262,Pump RPM,278319198,1763325132,6499
1763325132371698688,[25 57  0  0  0  0  0  0],2,262,Pump RPM,370572628,1763325132,6457
1763325132485528571,[ 24 215   0   0   0   0   0   0],2,262,Pump RPM,484920405,1763325132,6359
1763325132568114762,[ 24 150   0   0   0   0   0   0],2,262,Pump RPM,567381571,1763325132,6294
1763325132684348928,[ 24 110   0   0   0   0   0   0],2,262,Pump RPM,683267028,1763325132,6254
1763325132776119984,[24 55  0  0  0  0  0  0],2,262,Pump RPM,775708972,1763325132,6199
1763325132910127395,[ 23 231   0   0   0   0   0   0],2,262,Pump RPM,909359835,1763325132,6119
1763325132993125174,[ 23 146   0   0   0   0   0   0],2,262,Pump RPM,992727058,1763325132,6034
1763325133086089396,[ 23 144   0   0   0   0   0   0],2,262,Pump RPM,85786129,1763325133,6032
1763325133169081032,[23 84  0  0  0  0  0  0],2,262,Pump RPM,168540386,1763325133,5972
1763325133283338985,[23 56  0  0  0  0  0  0],2,262,Pump RPM,282756131,1763325133,5944
1763325133377123536,[23  6  0  0  0  0  0  0],2,262,Pump RPM,376365704,1763325133,5894
1763325133481834091,[ 22 238   0   0   0   0   0   0],2,262,Pump RPM,479841909,1763325133,5870
1763325133572318382,[23 13  0  0  0  0  0  0],2,262,Pump RPM,572135212,1763325133,5901
1763325133685347042,[23 26  0  0  0  0  0  0],2,262,Pump RPM,684832860,1763325133,5914
1763325133779844784,[23 24  0  0  0  0  0  0],2,262,Pump RPM,777769146,1763325133,5912
1763325133922823683,[23  7  0  0  0  0  0  0],2,262,Pump RPM,921919993,1763325133,5895
1763325134007089828,[ 22 238   0   0   0   0   0   0],2,262,Pump RPM,6294620,1763325134,5870
1763325134089171887,[ 22 199   0   0   0   0   0   0],2,262,Pump RPM,88856588,1763325134,5831
1763325134182045612,[ 22 254   0   0   0   0   0   0],2,262,Pump RPM,181356613,1763325134,5886
1763325134284376975,[23 39  0  0  0  0  0  0],2,262,Pump RPM,284122028,1763325134,5927
1763325134376826824,[23 54  0  0  0  0  0  0],2,262,Pump RPM,376374851,1763325134,5942
1763325134491123818,[ 23 103   0   0   0   0   0   0],2,262,Pump RPM,490754182,1763325134,5991
1763325134573374902,[ 23 113   0   0   0   0   0   0],2,262,Pump RPM,572996370,1763325134,6001
1763325134686567628,[ 23 139   0   0   0   0   0   0],2,262,Pump RPM,686181480,1763325134,6027
1763325134778384574,[ 23 179   0   0   0   0   0   0],2,262,Pump RPM,777977594,1763325134,6067
1763325134929686858,[24  0  0  0  0  0  0  0],2,262,Pump RPM,927315537,1763325134,6144
1763325135010736298,[ 23 232   0   0   0   0   0   0],2,262,Pump RPM,9838048,1763325135,6120
1763325135092680691,[24 19  0  0  0  0  0  0],2,262,Pump RPM,92284943,1763325135,6163
1763325135176405936,[24 63  0  0  0  0  0  0],2,262,Pump RPM,175538055,1763325135,6207
1763325135288693341,[ 24 113   0   0   0   0   0   0],2,262,Pump RPM,288315385,1763325135,6257
1763325135383616817,[ 24 211   0   0   0   0   0   0],2,262,Pump RPM,383020234,1763325135,6355
1763325135486698971,[ 24 207   0   0   0   0   0   0],2,262,Pump RPM,486247415,1763325135,6351
1763325135581103818,[ 24 221   0   0   0   0   0   0],2,262,Pump RPM,580268801,1763325135,6365
1763325135695386220,[25 24  0  0  0  0  0  0],2,262,Pump RPM,694853862,1763325135,6424
1763325135786406166,[ 25 155   0   0   0   0   0   0],2,262,Pump RPM,785951793,1763325135,6555
1763325135921268660,[ 25 224   0   0   0   0   0   0],2,262,Pump RPM,920884144,1763325135,6624
1763325136005068401,[26 13  0  0  0  0  0  0],2,262,Pump RPM,4617324,1763325136,6669
1763325136098228947,[ 26 112   0   0   0   0   0   0],2,262,Pump RPM,97320233,1763325136,6768
1763325136182707960,[ 26 184   0   0   0   0   0   0],2,262,Pump RPM,181855118,1763325136,6840
1763325136296071921,[27 24  0  0  0  0  0  0],2,262,Pump RPM,295192071,1763325136,6936
1763325136388755341,[ 27 113   0   0   0   0   0   0],2,262,Pump RPM,387917636,1763325136,7025
1763325136494773240,[ 27 161   0   0   0   0   0   0],2,262,Pump RPM,494564246,1763325136,7073
1763325136587854872,[28 25  0  0  0  0  0  0],2,262,Pump RPM,587181841,1763325136,7193
1763325136690449247,[28 82  0  0  0  0  0  0],2,262,Pump RPM,690159740,1763325136,7250
1763325136783842211,[ 28 159   0   0   0   0   0   0],2,262,Pump RPM,783194780,1763325136,7327
1763325136929161520,[29 14  0  0  0  0  0  0],2,262,Pump RPM,928184294,1763325136,7438
1763325137013414003,[29 83  0  0  0  0  0  0],2,262,Pump RPM,12364680,1763325137,7507
1763325137096738732,[ 29 169   0   0   0   0   0   0],2,262,Pump RPM,96152006,1763325137,7593
1763325137188642401,[ 29 251   0   0   0   0   0   0],2,262,Pump RPM,188307677,1763325137,7675
1763325137302037787,[ 30 104   0   0   0   0   0   0],2,262,Pump RPM,301367092,1763325137,7784
1763325137383970757,[ 30 123   0   0   0   0   0   0],2,262,Pump RPM,383328638,1763325137,7803
1763325137498556428,[ 30 167   0   0   0   0   0   0],2,262,Pump RPM,497710531,1763325137,7847
1763325137591608268,[ 30 190   0   0   0   0   0   0],2,262,Pump RPM,591411978,1763325137,7870
1763325137696046247,[31  2  0  0  0  0  0  0],2,262,Pump RPM,695040284,1763325137,7938
1763325137787599352,[ 30 254   0   0   0   0   0   0],2,262,Pump RPM,787204019,1763325137,7934
1763325137933577517,[ 30 176   0   0   0   0   0   0],2,262,Pump RPM,932872646,1763325137,7856
1763325138015114227,[ 30 206   0   0   0   0   0   0],2,262,Pump RPM,14735951,1763325138,7886
1763325138099079892,[ 30 180   0   0   0   0   0   0],2,262,Pump RPM,97895079,1763325138,7860
1763325138189951422,[ 30 127   0   0   0   0   0   0],2,262,Pump RPM,189722811,1763325138,7807
1763325138304301826,[30 63  0  0  0  0  0  0],2,262,Pump RPM,303716220,1763325138,7743
1763325138386159500,[30 54  0  0  0  0  0  0],2,262,Pump RPM,385509317,1763325138,7734
1763325138500895445,[30 32  0  0  0  0  0  0],2,262,Pump RPM,499923979,1763325138,7712
1763325138591170265,[30  1  0  0  0  0  0  0],2,262,Pump RPM,590971095,1763325138,7681
1763325138705773568,[ 29 222   0   0   0   0   0   0],2,262,Pump RPM,705347772,1763325138,7646
1763325138788413586,[ 29 169   0   0   0   0   0   0],2,262,Pump RPM,788087119,1763325138,7593
1763325138935014831,[ 29 112   0   0   0   0   0   0],2,262,Pump RPM,934020933,1763325138,7536
1763325139017983237,[29 77  0  0  0  0  0  0],2,262,Pump RPM,17178269,1763325139,7501
1763325139100541303,[ 28 252   0   0   0   0   0   0],2,262,Pump RPM,100092594,1763325139,7420
1763325139192516493,[ 28 176   0   0   0   0   0   0],2,262,Pump RPM,192133353,1763325139,7344
1763325139305551013,[ 28 120   0   0   0   0   0   0],2,262,Pump RPM,305257057,1763325139,7288
1763325139389176066,[ 28 104   0   0   0   0   0   0],2,262,Pump RPM,388980832,1763325139,7272
1763325139502091160,[28 42  0  0  0  0  0  0],2,262,Pump RPM,501821557,1763325139,7210
1763325139595606718,[ 27 223   0   0   0   0   0   0],2,262,Pump RPM,594673461,1763325139,7135
1763325139708651190,[ 27 110   0   0   0   0   0   0],2,262,Pump RPM,708465396,1763325139,7022
1763325139791476874,[27 68  0  0  0  0  0  0],2,262,Pump RPM,790681410,1763325139,6980
1763325139936034258,[ 26 235   0   0   0   0   0   0],2,262,Pump RPM,935550925,1763325139,6891
1763325140020143829,[ 26 197   0   0   0   0   0   0],2,262,Pump RPM,19182123,1763325140,6853
1763325140103530896,[ 26 197   0   0   0   0   0   0],2,262,Pump RPM,102506533,1763325140,6853
1763325140196493585,[ 26 198   0   0   0   0   0   0],2,262,Pump RPM,195692233,1763325140,6854
1763325140310510420,[ 26 126   0   0   0   0   0   0],2,262,Pump RPM,309814220,1763325140,6782
1763325140394490069,[26 14  0  0  0  0  0  0],2,262,Pump RPM,394147441,1763325140,6670
1763325140511364726,[ 25 161   0   0   0   0   0   0],2,262,Pump RPM,511037970,1763325140,6561
1763325140596459939,[ 25 108   0   0   0   0   0   0],2,262,Pump RPM,595438488,1763325140,6508
1763325140712703293,[25 55  0  0  0  0  0  0],2,262,Pump RPM,709775838,1763325140,6455
1763325140804412689,[25 15  0  0  0  0  0  0],2,262,Pump RPM,801914966,1763325140,6415
1763325140936273554,[25  9  0  0  0  0  0  0],2,262,Pump RPM,935492298,1763325140,6409
1763325141021617058,[ 24 234   0   0   0   0   0   0],2,262,Pump RPM,20711384,1763325141,6378
1763325141114457891,[ 24 216   0   0   0   0   0   0],2,262,Pump RPM,113697915,1763325141,6360
1763325141196600657,[ 24 204   0   0   0   0   0   0],2,262,Pump RPM,196126892,1763325141,6348
1763325141310126286,[ 24 178   0   0   0   0   0   0],2,262,Pump RPM,308684383,1763325141,6322
1763325141403634774,[ 24 168   0   0   0   0   0   0],2,262,Pump RPM,403408916,1763325141,6312
1763325141512412993,[ 24 145   0   0   0   0   0   0],2,262,Pump RPM,511083475,1763325141,6289
1763325141603171243,[ 24 144   0   0   0   0   0   0],2,262,Pump RPM,602916777,1763325141,6288
1763325141719633736,[ 24 138   0   0   0   0   0   0],2,262,Pump RPM,716365861,1763325141,6282
1763325141800247782,[ 24 185   0   0   0   0   0   0],2,262,Pump RPM,799738817,1763325141,6329
1763325141943719524,[ 24 174   0   0   0   0   0   0],2,262,Pump RPM,943404801,1763325141,6318
1763325142028213675,[ 24 155   0   0   0   0   0   0],2,262,Pump RPM,27890760,1763325142,6299
1763325142111048321,[ 24 198   0   0   0   0   0   0],2,262,Pump RPM,110687582,1763325142,6342
1763325142204813548,[ 24 225   0   0   0   0   0   0],2,262,Pump RPM,204384744,1763325142,6369
1763325142317512418,[ 24 181   0   0   0   0   0   0],2,262,Pump RPM,317216671,1763325142,6325
1763325142402998068,[ 24 198   0   0   0   0   0   0],2,262,Pump RPM,401880904,1763325142,6342
1763325142516504626,[ 24 219   0   0   0   0   0   0],2,262,Pump RPM,516275120,1763325142,6363
1763325142609151857,[ 24 176   0   0   0   0   0   0],2,262,Pump RPM,608905774,1763325142,6320
1763325142713393868,[ 24 201   0   0   0   0   0   0],2,262,Pump RPM,713197642,1763325142,6345
1763325142807995616,[25 11  0  0  0  0  0  0],2,262,Pump RPM,807119222,1763325142,6411
1763325142953444659,[25 62  0  0  0  0  0  0],2,262,Pump RPM,951856034,1763325142,6462
1763325143037656824,[ 25 104   0   0   0   0   0   0],2,262,Pump RPM,37478678,1763325143,6504
1763325143120864691,[ 25 140   0   0   0   0   0   0],2,262,Pump RPM,120244748,1763325143,6540
1763325143202851744,[ 25 170   0   0   0   0   0   0],2,262,Pump RPM,202431164,1763325143,6570
1763325143315507670,[ 25 200   0   0   0   0   0   0],2,262,Pump RPM,315299731,1763325143,6600
1763325143407818929,[ 25 231   0   0   0   0   0   0],2,262,Pump RPM,407605231,1763325143,6631
1763325143522135129,[26 48  0  0  0  0  0  0],2,262,Pump RPM,521929878,1763325143,6704
1763325143604733773,[ 26 128   0   0   0   0   0   0],2,262,Pump RPM,603868387,1763325143,6784
1763325143717023934,[ 26 196   0   0   0   0   0   0],2,262,Pump RPM,716457048,1763325143,6852
1763325143809285785,[ 26 250   0   0   0   0   0   0],2,262,Pump RPM,808612946,1763325143,6906
1763325143956660770,[27  5  0  0  0  0  0  0],2,262,Pump RPM,955432053,1763325143,6917
1763325144039545018,[27 36  0  0  0  0  0  0],2,262,Pump RPM,38900019,1763325144,6948
1763325144121649705,[27 95  0  0  0  0  0  0],2,262,Pump RPM,121248644,1763325144,7007
1763325144214488235,[ 27 156   0   0   0   0   0   0],2,262,Pump RPM,213647426,1763325144,7068
1763325144317072245,[ 27 191   0   0   0   0   0   0],2,262,Pump RPM,316302413,1763325144,7103
1763325144410909633,[ 27 169   0   0   0   0   0   0],2,262,Pump RPM,410062392,1763325144,7081
1763325144523373973,[ 27 222   0   0   0   0   0   0],2,262,Pump RPM,523007762,1763325144,7134
1763325144619479770,[28  2  0  0  0  0  0  0],2,262,Pump RPM,615172556,1763325144,7170
1763325144718261404,[28 68  0  0  0  0  0  0],2,262,Pump RPM,717861208,1763325144,7236
1763325144811748357,[28 58  0  0  0  0  0  0],2,262,Pump RPM,810920476,1763325144,7226
1763325144956838166,[28 56  0  0  0  0  0  0],2,262,Pump RPM,956604052,1763325144,7224
1763325145040646072,[28 90  0  0  0  0  0  0],2,262,Pump RPM,40093874,1763325145,7258
1763325145123744722,[ 28 103   0   0   0   0   0   0],2,262,Pump RPM,123348877,1763325145,7271
1763325145216809366,[ 28 170   0   0   0   0   0   0],2,262,Pump RPM,215836524,1763325145,7338
1763325145319618404,[ 28 230   0   0   0   0   0   0],2,262,Pump RPM,318873372,1763325145,7398
1763325145412883947,[29  7  0  0  0  0  0  0],2,262,Pump RPM,411116856,1763325145,7431
1763325145523725134,[ 28 247   0   0   0   0   0   0],2,262,Pump RPM,523462091,1763325145,7415
1763325145621191010,[29 65  0  0  0  0  0  0],2,262,Pump RPM,620316440,1763325145,7489
1763325145724856120,[29 30  0  0  0  0  0  0],2,262,Pump RPM,724365267,1763325145,7454
1763325145816881266,[29 30  0  0  0  0  0  0],2,262,Pump RPM,816358156,1763325145,7454
1763325145958788322,[29 70  0  0  0  0  0  0],2,262,Pump RPM,957324978,1763325145,7494
1763325146041231445,[29 76  0  0  0  0  0  0],2,262,Pump RPM,39923015,1763325146,7500
1763325146123279556,[ 28 247   0   0   0   0   0   0],2,262,Pump RPM,121881429,1763325146,7415
1763325146216449963,[ 28 207   0   0   0   0   0   0],2,262,Pump RPM,214620439,1763325146,7375
1763325146328894496,[ 28 183   0   0   0   0   0   0],2,262,Pump RPM,328256729,1763325146,7351
1763325146421777731,[ 28 140   0   0   0   0   0   0],2,262,Pump RPM,421417087,1763325146,7308
1763325146524948085,[ 28 154   0   0   0   0   0   0],2,262,Pump RPM,524363502,1763325146,7322
1763325146618823683,[ 28 176   0   0   0   0   0   0],2,262,Pump RPM,618390686,1763325146,7344
1763325146733285325,[28 21  0  0  0  0  0  0],2,262,Pump RPM,732594054,1763325146,7189
1763325146816964270,[ 27 187   0   0   0   0   0   0],2,262,Pump RPM,816435912,1763325146,7099
1763325146961608604,[ 27 118   0   0   0   0   0   0],2,262,Pump RPM,961149847,1763325146,7030
1763325147049238503,[27 81  0  0  0  0  0  0],2,262,Pump RPM,48511359,1763325147,6993
1763325147132031327,[27 23  0  0  0  0  0  0],2,262,Pump RPM,131028020,1763325147,6935
1763325147223546868,[ 26 220   0   0   0   0   0   0],2,262,Pump RPM,223135920,1763325147,6876
1763325147327362029,[ 26 129   0   0   0   0   0   0],2,262,Pump RPM,326447843,1763325147,6785
1763325147419001859,[26 95  0  0  0  0  0  0],2,262,Pump RPM,418511614,1763325147,6751
1763325147534073589,[26 26  0  0  0  0  0  0],2,262,Pump RPM,533510959,1763325147,6682
1763325147616983598,[ 25 161   0   0   0   0   0   0],2,262,Pump RPM,616763756,1763325147,6561
1763325147732287650,[25 96  0  0  0  0  0  0],2,262,Pump RPM,731230423,1763325147,6496
1763325147825760332,[25 67  0  0  0  0  0  0],2,262,Pump RPM,824664993,1763325147,6467
1763325147959315524,[ 24 229   0   0   0   0   0   0],2,262,Pump RPM,959120610,1763325147,6373
1763325148044999195,[ 24 139   0   0   0   0   0   0],2,262,Pump RPM,44245011,1763325148,6283
1763325148137965568,[24 65  0  0  0  0  0  0],2,262,Pump RPM,137609468,1763325148,6209
1763325148220627575,[ 23 244   0   0   0   0   0   0],2,262,Pump RPM,219620204,1763325148,6132
1763325148333160142,[ 23 219   0   0   0   0   0   0],2,262,Pump RPM,332748586,1763325148,6107
1763325148427329696,[ 23 189   0   0   0   0   0   0],2,262,Pump RPM,426192628,1763325148,6077
1763325148538919309,[ 23 107   0   0   0   0   0   0],2,262,Pump RPM,538576553,1763325148,5995
1763325148622643471,[23 13  0  0  0  0  0  0],2,262,Pump RPM,622162090,1763325148,5901
1763325148736351411,[ 22 192   0   0   0   0   0   0],2,262,Pump RPM,736085776,1763325148,5824
1763325148831614993,[ 22 131   0   0   0   0   0   0],2,262,Pump RPM,831027114,1763325148,5763
1763325148965958866,[22 72  0  0  0  0  0  0],2,262,Pump RPM,965531405,1763325148,5704
1763325149050658238,[ 21 248   0   0   0   0   0   0],2,262,Pump RPM,50307674,1763325149,5624
1763325149134467394,[ 21 200   0   0   0   0   0   0],2,262,Pump RPM,133439031,1763325149,5576
1763325149227386279,[ 21 158   0   0   0   0   0   0],2,262,Pump RPM,225704181,1763325149,5534
1763325149340517989,[ 21 104   0   0   0   0   0   0],2,262,Pump RPM,338805202,1763325149,5480
1763325149432250813,[21 51  0  0  0  0  0  0],2,262,Pump RPM,431879449,1763325149,5427
1763325149534770377,[ 20 252   0   0   0   0   0   0],2,262,Pump RPM,534088354,1763325149,5372
1763325149629226271,[ 20 214   0   0   0   0   0   0],2,262,Pump RPM,628737370,1763325149,5334
1763325149742003449,[ 20 196   0   0   0   0   0   0],2,262,Pump RPM,741484628,1763325149,5316
1763325149824794898,[ 20 155   0   0   0   0   0   0],2,262,Pump RPM,824586095,1763325149,5275
1763325149969905159,[ 20 146   0   0   0   0   0   0],2,262,Pump RPM,969575843,1763325149,5266
1763325150052770112,[20 81  0  0  0  0  0  0],2,262,Pump RPM,52421373,1763325150,5201
1763325150136706950,[20 58  0  0  0  0  0  0],2,262,Pump RPM,135801532,1763325150,5178
1763325150230202577,[20 41  0  0  0  0  0  0],2,262,Pump RPM,229320520,1763325150,5161
1763325150343214511,[20 32  0  0  0  0  0  0],2,262,Pump RPM,342710249,1763325150,5152
1763325150427772795,[ 19 237   0   0   0   0   0   0],2,262,Pump RPM,426049832,1763325150,5101
1763325150540121137,[ 19 252   0   0   0   0   0   0],2,262,Pump RPM,538704962,1763325150,5116
1763325150633003990,[ 19 234   0   0   0   0   0   0],2,262,Pump RPM,632254318,1763325150,5098
1763325150746635226,[ 19 250   0   0   0   0   0   0],2,262,Pump RPM,745169930,1763325150,5114
1763325150828532617,[20 10  0  0  0  0  0  0],2,262,Pump RPM,827763233,1763325150,5130
1763325150972812630,[ 19 245   0   0   0   0   0   0],2,262,Pump RPM,972450642,1763325150,5109
1763325151055045673,[ 19 207   0   0   0   0   0   0],2,262,Pump RPM,54255457,1763325151,5071
1763325151148618295,[ 19 191   0   0   0   0   0   0],2,262,Pump RPM,148132529,1763325151,5055
1763325151233184579,[ 19 244   0   0   0   0   0   0],2,262,Pump RPM,232438779,1763325151,5108
1763325151347575376,[20 10  0  0  0  0  0  0],2,262,Pump RPM,347018474,1763325151,5130
1763325151430999504,[20 52  0  0  0  0  0  0],2,262,Pump RPM,430148647,1763325151,5172
1763325151544248208,[ 20 114   0   0   0   0   0   0],2,262,Pump RPM,543818316,1763325151,5234
1763325151636711377,[ 20 127   0   0   0   0   0   0],2,262,Pump RPM,636342765,1763325151,5247
1763325151749788240,[ 20 176   0   0   0   0   0   0],2,262,Pump RPM,749277354,1763325151,5296
1763325151831521982,[ 20 236   0   0   0   0   0   0],2,262,Pump RPM,831244571,1763325151,5356
1763325151976312529,[21 32  0  0  0  0  0  0],2,262,Pump RPM,975260422,1763325151,5408
1763325152058916777,[21 82  0  0  0  0  0  0],2,262,Pump RPM,58012863,1763325152,5458
1763325152143960955,[ 21 156   0   0   0   0   0   0],2,262,Pump RPM,142696397,1763325152,5532
1763325152235001709,[ 21 203   0   0   0   0   0   0],2,262,Pump RPM,234468423,1763325152,5579
1763325152347580295,[22  0  0  0  0  0  0  0],2,262,Pump RPM,347171490,1763325152,5632
1763325152439233920,[22 89  0  0  0  0  0  0],2,262,Pump RPM,439054942,1763325152,5721
1763325152552764356,[ 22 109   0   0   0   0   0   0],2,262,Pump RPM,552212862,1763325152,5741
1763325152634919351,[ 22 189   0   0   0   0   0   0],2,262,Pump RPM,634496914,1763325152,5821
1763325152747914357,[23 37  0  0  0  0  0  0],2,262,Pump RPM,746969099,1763325152,5925
1763325152839795376,[ 23 154   0   0   0   0   0   0],2,262,Pump RPM,839041576,1763325152,6042
1763325152983316919,[24 10  0  0  0  0  0  0],2,262,Pump RPM,982938547,1763325152,6154
1763325153068135526,[ 24 119   0   0   0   0   0   0],2,262,Pump RPM,67019610,1763325153,6263
1763325153150146520,[ 24 208   0   0   0   0   0   0],2,262,Pump RPM,149306351,1763325153,6352
1763325153242777884,[25 35  0  0  0  0  0  0],2,262,Pump RPM,241423213,1763325153,6435
1763325153345780015,[25 93  0  0  0  0  0  0],2,262,Pump RPM,344747716,1763325153,6493
1763325153442643009,[ 25 177   0   0   0   0   0   0],2,262,Pump RPM,437234311,1763325153,6577
1763325153551620405,[ 25 247   0   0   0   0   0   0],2,262,Pump RPM,550723179,1763325153,6647
1763325153643856564,[26 76  0  0  0  0  0  0],2,262,Pump RPM,642934570,1763325153,6732
1763325153747468910,[ 26 127   0   0   0   0   0   0],2,262,Pump RPM,746642437,1763325153,6783
1763325153840103538,[26  8  0  0  0  0  0  0],2,262,Pump RPM,839293225,1763325153,6664
1763325153984645540,[ 24 252   0   0   0   0   0   0],2,262,Pump RPM,984140383,1763325153,6396
1763325154069894457,[ 23 224   0   0   0   0   0   0],2,262,Pump RPM,68645292,1763325154,6112
1763325154153807680,[ 22 190   0   0   0   0   0   0],2,262,Pump RPM,152744852,1763325154,5822
1763325154245450041,[ 21 216   0   0   0   0   0   0],2,262,Pump RPM,244566800,1763325154,5592
1763325154350805479,[ 20 241   0   0   0   0   0   0],2,262,Pump RPM,350395490,1763325154,5361
1763325154443896304,[20 51  0  0  0  0  0  0],2,262,Pump RPM,442996582,1763325154,5171
1763325154556070406,[ 19 112   0   0   0   0   0   0],2,262,Pump RPM,555666626,1763325154,4976
1763325154648898605,[ 18 175   0   0   0   0   0   0],2,262,Pump RPM,648266022,1763325154,4783
1763325154757980706,[ 17 220   0   0   0   0   0   0],2,262,Pump RPM,757697695,1763325154,4572
1763325154840454393,[17 48  0  0  0  0  0  0],2,262,Pump RPM,839884115,1763325154,4400
1763325154984914187,[ 16 137   0   0   0   0   0   0],2,262,Pump RPM,984269124,1763325154,4233
1763325155068602672,[ 15 244   0   0   0   0   0   0],2,262,Pump RPM,67625317,1763325155,4084
1763325155153167550,[ 15 114   0   0   0   0   0   0],2,262,Pump RPM,152208148,1763325155,3954
1763325155245721058,[ 14 244   0   0   0   0   0   0],2,262,Pump RPM,244752951,1763325155,3828
1763325155359908015,[14 89  0  0  0  0  0  0],2,262,Pump RPM,359320040,1763325155,3673
1763325155451804460,[ 13 245   0   0   0   0   0   0],2,262,Pump RPM,451386439,1763325155,3573
1763325155554181433,[ 13 133   0   0   0   0   0   0],2,262,Pump RPM,553963255,1763325155,3461
1763325155646939487,[13 41  0  0  0  0  0  0],2,262,Pump RPM,646288568,1763325155,3369
1763325155761445936,[ 12 221   0   0   0   0   0   0],2,262,Pump RPM,760285923,1763325155,3293
1763325155852971753,[ 12 151   0   0   0   0   0   0],2,262,Pump RPM,852559908,1763325155,3223
1763325155987810516,[12 57  0  0  0  0  0  0],2,262,Pump RPM,987165261,1763325155,3129
1763325156070786737,[ 11 253   0   0   0   0   0   0],2,262,Pump RPM,70230635,1763325156,3069
1763325156164312672,[ 11 201   0   0   0   0   0   0],2,262,Pump RPM,163480471,1763325156,3017
1763325156247370782,[ 11 160   0   0   0   0   0   0],2,262,Pump RPM,245768141,1763325156,2976
1763325156359721592,[ 11 158   0   0   0   0   0   0],2,262,Pump RPM,359072081,1763325156,2974
1763325156454122960,[ 11 198   0   0   0   0   0   0],2,262,Pump RPM,453577546,1763325156,3014
1763325156557852397,[ 11 224   0   0   0   0   0   0],2,262,Pump RPM,557028804,1763325156,3040
1763325156651155545,[12 19  0  0  0  0  0  0],2,262,Pump RPM,650525587,1763325156,3091
1763325156764356380,[12 71  0  0  0  0  0  0],2,262,Pump RPM,764110010,1763325156,3143
1763325156848192003,[ 12 111   0   0   0   0   0   0],2,262,Pump RPM,847723518,1763325156,3183
1763325156992847736,[ 12 159   0   0   0   0   0   0],2,262,Pump RPM,992589781,1763325156,3231
1763325157076693183,[ 12 211   0   0   0   0   0   0],2,262,Pump RPM,76122073,1763325157,3283
1763325157158665714,[ 12 228   0   0   0   0   0   0],2,262,Pump RPM,158285934,1763325157,3300
1763325157251868958,[ 12 222   0   0   0   0   0   0],2,262,Pump RPM,251535354,1763325157,3294
1763325157366086476,[ 12 203   0   0   0   0   0   0],2,262,Pump RPM,365655912,1763325157,3275
1763325157449689009,[ 12 198   0   0   0   0   0   0],2,262,Pump RPM,448754247,1763325157,3270
1763325157563133847,[ 12 206   0   0   0   0   0   0],2,262,Pump RPM,562023947,1763325157,3278
1763325157655492442,[ 12 225   0   0   0   0   0   0],2,262,Pump RPM,654989076,1763325157,3297
1763325157771032310,[ 12 221   0   0   0   0   0   0],2,262,Pump RPM,770671602,1763325157,3293
1763325157853791570,[ 12 224   0   0   0   0   0   0],2,262,Pump RPM,853143563,1763325157,3296
1763325158000277819,[ 12 182   0   0   0   0   0   0],2,262,Pump RPM,999846007,1763325157,3254
1763325158084969356,[ 12 149   0   0   0   0   0   0],2,262,Pump RPM,82488497,1763325158,3221
1763325158166050710,[ 12 104   0   0   0   0   0   0],2,262,Pump RPM,165534768,1763325158,3176
1763325158258857342,[12 60  0  0  0  0  0  0],2,262,Pump RPM,258298776,1763325158,3132
1763325158363848297,[12 23  0  0  0  0  0  0],2,262,Pump RPM,363351556,1763325158,3095
1763325158456628945,[ 11 249   0   0   0   0   0   0],2,262,Pump RPM,456269709,1763325158,3065
1763325158571467399,[ 11 212   0   0   0   0   0   0],2,262,Pump RPM,571244228,1763325158,3028
1763325158654033696,[ 11 170   0   0   0   0   0   0],2,262,Pump RPM,653784606,1763325158,2986
1763325158767379558,[ 11 139   0   0   0   0   0   0],2,262,Pump RPM,766717023,1763325158,2955
1763325158859414406,[ 11 111   0   0   0   0   0   0],2,262,Pump RPM,858949473,1763325158,2927
1763325159005327434,[11 76  0  0  0  0  0  0],2,262,Pump RPM,5106056,1763325159,2892
1763325159088294408,[11 56  0  0  0  0  0  0],2,262,Pump RPM,88084422,1763325159,2872
1763325159171900974,[11 37  0  0  0  0  0  0],2,262,Pump RPM,170146875,1763325159,2853
1763325159265734946,[11  1  0  0  0  0  0  0],2,262,Pump RPM,265191900,1763325159,2817
1763325159367913999,[ 10 222   0   0   0   0   0   0],2,262,Pump RPM,367008517,1763325159,2782
1763325159462529835,[ 10 197   0   0   0   0   0   0],2,262,Pump RPM,461854660,1763325159,2757
1763325159576279414,[ 10 150   0   0   0   0   0   0],2,262,Pump RPM,575625454,1763325159,2710
1763325159659188691,[ 10 111   0   0   0   0   0   0],2,262,Pump RPM,658672142,1763325159,2671
1763325159772974590,[10 65  0  0  0  0  0  0],2,262,Pump RPM,771668144,1763325159,2625
1763325159865471811,[10 48  0  0  0  0  0  0],2,262,Pump RPM,864391288,1763325159,2608
1763325159999275430,[10 59  0  0  0  0  0  0],2,262,Pump RPM,998608703,1763325159,2619
1763325160081937378,[10 49  0  0  0  0  0  0],2,262,Pump RPM,81342235,1763325160,2609
1763325160179763041,[10 52  0  0  0  0  0  0],2,262,Pump RPM,176513630,1763325160,2612
1763325160259871361,[10 54  0  0  0  0  0  0],2,262,Pump RPM,259026392,1763325160,2614
1763325160373648748,[10 52  0  0  0  0  0  0],2,262,Pump RPM,372916164,1763325160,2612
1763325160467198525,[10 57  0  0  0  0  0  0],2,262,Pump RPM,465314377,1763325160,2617
1763325160580503267,[10 78  0  0  0  0  0  0],2,262,Pump RPM,578753520,1763325160,2638
1763325160662332278,[10 77  0  0  0  0  0  0],2,262,Pump RPM,661982930,1763325160,2637
1763325160777609681,[10 74  0  0  0  0  0  0],2,262,Pump RPM,776743752,1763325160,2634
1763325160870673405,[10 68  0  0  0  0  0  0],2,262,Pump RPM,870095671,1763325160,2628
1763325161006335476,[10 71  0  0  0  0  0  0],2,262,Pump RPM,5814863,1763325161,2631
1763325161089615959,[10 70  0  0  0  0  0  0],2,262,Pump RPM,89234579,1763325161,2630
1763325161171275976,[10 66  0  0  0  0  0  0],2,262,Pump RPM,170882884,1763325161,2626
1763325161263309513,[10 92  0  0  0  0  0  0],2,262,Pump RPM,262961701,1763325161,2652
1763325161376189867,[ 10 110   0   0   0   0   0   0],2,262,Pump RPM,375247393,1763325161,2670
1763325161468458255,[ 10 123   0   0   0   0   0   0],2,262,Pump RPM,468012522,1763325161,2683
1763325161581240816,[ 10 120   0   0   0   0   0   0],2,262,Pump RPM,580571753,1763325161,2680
1763325161664010157,[ 10 121   0   0   0   0   0   0],2,262,Pump RPM,663018338,1763325161,2681
1763325161775425471,[ 10 116   0   0   0   0   0   0],2,262,Pump RPM,775227037,1763325161,2676
1763325161869585976,[ 10 119   0   0   0   0   0   0],2,262,Pump RPM,868968401,1763325161,2679
1763325162012550430,[ 10 106   0   0   0   0   0   0],2,262,Pump RPM,12162810,1763325162,2666
1763325162095333692,[10 81  0  0  0  0  0  0],2,262,Pump RPM,95057625,1763325162,2641
1763325162178381021,[10 59  0  0  0  0  0  0],2,262,Pump RPM,177690197,1763325162,2619
1763325162272338259,[10 34  0  0  0  0  0  0],2,262,Pump RPM,272139345,1763325162,2594
1763325162377348897,[10 17  0  0  0  0  0  0],2,262,Pump RPM,376116851,1763325162,2577
1763325162470753329,[10  8  0  0  0  0  0  0],2,262,Pump RPM,469865320,1763325162,2568
1763325162582839723,[10 12  0  0  0  0  0  0],2,262,Pump RPM,582218341,1763325162,2572
1763325162675237297,[10 33  0  0  0  0  0  0],2,262,Pump RPM,674739275,1763325162,2593
1763325162777653474,[10 34  0  0  0  0  0  0],2,262,Pump RPM,777243518,1763325162,2594
1763325162870085320,[10 41  0  0  0  0  0  0],2,262,Pump RPM,869830950,1763325162,2601
1763325163013531605,[10 47  0  0  0  0  0  0],2,262,Pump RPM,13219250,1763325163,2607
1763325163098315561,[10 37  0  0  0  0  0  0],2,262,Pump RPM,96134641,1763325163,2597
1763325163179846265,[10 37  0  0  0  0  0  0],2,262,Pump RPM,179267187,1763325163,2597
1763325163271978012,[10 33  0  0  0  0  0  0],2,262,Pump RPM,271155572,1763325163,2593
1763325163385772874,[10 17  0  0  0  0  0  0],2,262,Pump RPM,385549511,1763325163,2577
1763325163469885782,[10 10  0  0  0  0  0  0],2,262,Pump RPM,468898731,1763325163,2570
1763325163582548247,[  9 249   0   0   0   0   0   0],2,262,Pump RPM,582268820,1763325163,2553
1763325163674882396,[  9 237   0   0   0   0   0   0],2,262,Pump RPM,674302198,1763325163,2541
1763325163787812032,[  9 208   0   0   0   0   0   0],2,262,Pump RPM,787334011,1763325163,2512
1763325163871170500,[  9 203   0   0   0   0   0   0],2,262,Pump RPM,870613150,1763325163,2507
1763325164017497873,[  9 202   0   0   0   0   0   0],2,262,Pump RPM,16698920,1763325164,2506
1763325164100303728,[  9 205   0   0   0   0   0   0],2,262,Pump RPM,99495111,1763325164,2509
1763325164183481074,[  9 222   0   0   0   0   0   0],2,262,Pump RPM,182690986,1763325164,2526
1763325164275556725,[  9 235   0   0   0   0   0   0],2,262,Pump RPM,275021584,1763325164,2539
1763325164390145484,[  9 231   0   0   0   0   0   0],2,262,Pump RPM,389604166,1763325164,2535
1763325164475119138,[  9 235   0   0   0   0   0   0],2,262,Pump RPM,473055307,1763325164,2539
1763325164587144764,[  9 237   0   0   0   0   0   0],2,262,Pump RPM,586814521,1763325164,2541
1763325164680181418,[  9 239   0   0   0   0   0   0],2,262,Pump RPM,679745893,1763325164,2543
1763325164787276655,[  9 223   0   0   0   0   0   0],2,262,Pump RPM,786715305,1763325164,2527
1763325164880124794,[  9 213   0   0   0   0   0   0],2,262,Pump RPM,879547348,1763325164,2517
1763325165016183480,[  9 202   0   0   0   0   0   0],2,262,Pump RPM,14937323,1763325165,2506
1763325165106796620,[  9 194   0   0   0   0   0   0],2,262,Pump RPM,105248667,1763325165,2498
1763325165188093627,[  9 189   0   0   0   0   0   0],2,262,Pump RPM,187573045,1763325165,2493
1763325165280717124,[  9 188   0   0   0   0   0   0],2,262,Pump RPM,280249023,1763325165,2492
1763325165393244357,[  9 182   0   0   0   0   0   0],2,262,Pump RPM,392732895,1763325165,2486
1763325165475892194,[  9 185   0   0   0   0   0   0],2,262,Pump RPM,475563615,1763325165,2489
1763325165588750342,[  9 213   0   0   0   0   0   0],2,262,Pump RPM,588553828,1763325165,2517
1763325165681988854,[  9 219   0   0   0   0   0   0],2,262,Pump RPM,681721459,1763325165,2523
1763325165795664355,[  9 219   0   0   0   0   0   0],2,262,Pump RPM,795072349,1763325165,2523
1763325165880663834,[  9 221   0   0   0   0   0   0],2,262,Pump RPM,878728613,1763325165,2525
1763325166026748741,[  9 235   0   0   0   0   0   0],2,262,Pump RPM,26153375,1763325166,2539
1763325166111157046,[  9 251   0   0   0   0   0   0],2,262,Pump RPM,109604294,1763325166,2555
1763325166191784350,[10  6  0  0  0  0  0  0],2,262,Pump RPM,191448251,1763325166,2566
1763325166283871266,[  9 253   0   0   0   0   0   0],2,262,Pump RPM,283538751,1763325166,2557
1763325166397074283,[  9 246   0   0   0   0   0   0],2,262,Pump RPM,396756583,1763325166,2550
1763325166479682120,[  9 243   0   0   0   0   0   0],2,262,Pump RPM,479112610,1763325166,2547
1763325166593231380,[  9 242   0   0   0   0   0   0],2,262,Pump RPM,592810256,1763325166,2546
1763325166686238626,[  9 223   0   0   0   0   0   0],2,262,Pump RPM,685751261,1763325166,2527
1763325166798636066,[  9 226   0   0   0   0   0   0],2,262,Pump RPM,798450048,1763325166,2530
1763325166882143401,[  9 235   0   0   0   0   0   0],2,262,Pump RPM,881272960,1763325166,2539
1763325167030420493,[  9 215   0   0   0   0   0   0],2,262,Pump RPM,27994771,1763325167,2519
1763325167111883166,[  9 183   0   0   0   0   0   0],2,262,Pump RPM,110497487,1763325167,2487
1763325167193970743,[  9 182   0   0   0   0   0   0],2,262,Pump RPM,193548722,1763325167,2486
1763325167285764472,[  9 154   0   0   0   0   0   0],2,262,Pump RPM,285032496,1763325167,2458
1763325167399845642,[  9 168   0   0   0   0   0   0],2,262,Pump RPM,399389893,1763325167,2472
1763325167482670154,[  9 182   0   0   0   0   0   0],2,262,Pump RPM,481954755,1763325167,2486
1763325167595997973,[  9 180   0   0   0   0   0   0],2,262,Pump RPM,595724818,1763325167,2484
1763325167689186661,[  9 216   0   0   0   0   0   0],2,262,Pump RPM,688441693,1763325167,2520
1763325167803442521,[  9 220   0   0   0   0   0   0],2,262,Pump RPM,802210668,1763325167,2524
1763325167885057292,[  9 221   0   0   0   0   0   0],2,262,Pump RPM,884842506,1763325167,2525
1763325168029684553,[  9 236   0   0   0   0   0   0],2,262,Pump RPM,28729215,1763325168,2540
1763325168112676556,[  9 226   0   0   0   0   0   0],2,262,Pump RPM,112434153,1763325168,2530
1763325168195696527,[  9 226   0   0   0   0   0   0],2,262,Pump RPM,194824613,1763325168,2530
1763325168288165016,[  9 223   0   0   0   0   0   0],2,262,Pump RPM,286945450,1763325168,2527
1763325168403895036,[  9 211   0   0   0   0   0   0],2,262,Pump RPM,402464909,1763325168,2515
1763325168485732018,[  9 193   0   0   0   0   0   0],2,262,Pump RPM,485422159,1763325168,2497
1763325168598995516,[  9 183   0   0   0   0   0   0],2,262,Pump RPM,598608184,1763325168,2487
1763325168691241859,[  9 176   0   0   0   0   0   0],2,262,Pump RPM,690859743,1763325168,2480
1763325168804499949,[  9 174   0   0   0   0   0   0],2,262,Pump RPM,803985704,1763325168,2478
1763325168889497861,[  9 183   0   0   0   0   0   0],2,262,Pump RPM,888565147,1763325168,2487
1763325169033701598,[  9 204   0   0   0   0   0   0],2,262,Pump RPM,33099576,1763325169,2508
1763325169116255389,[  9 205   0   0   0   0   0   0],2,262,Pump RPM,115833560,1763325169,2509
1763325169199377153,[  9 215   0   0   0   0   0   0],2,262,Pump RPM,198688377,1763325169,2519
1763325169292332239,[  9 208   0   0   0   0   0   0],2,262,Pump RPM,291195491,1763325169,2512
1763325169405120565,[  9 190   0   0   0   0   0   0],2,262,Pump RPM,404670928,1763325169,2494
1763325169498209669,[  9 192   0   0   0   0   0   0],2,262,Pump RPM,497879202,1763325169,2496
1763325169601820615,[  9 172   0   0   0   0   0   0],2,262,Pump RPM,601396547,1763325169,2476
1763325169694797366,[  9 182   0   0   0   0   0   0],2,262,Pump RPM,692790048,1763325169,2486
1763325169805339331,[  9 178   0   0   0   0   0   0],2,262,Pump RPM,804885118,1763325169,2482
1763325169898160049,[  9 181   0   0   0   0   0   0],2,262,Pump RPM,897881230,1763325169,2485
1763325170033116294,[  9 188   0   0   0   0   0   0],2,262,Pump RPM,32553376,1763325170,2492
1763325170116246795,[  9 173   0   0   0   0   0   0],2,262,Pump RPM,115475331,1763325170,2477
1763325170210870668,[  9 167   0   0   0   0   0   0],2,262,Pump RPM,208490035,1763325170,2471
1763325170291227443,[  9 169   0   0   0   0   0   0],2,262,Pump RPM,290655373,1763325170,2473
1763325170403375346,[  9 161   0   0   0   0   0   0],2,262,Pump RPM,402998734,1763325170,2465
1763325170498298135,[  9 163   0   0   0   0   0   0],2,262,Pump RPM,497586255,1763325170,2467
1763325170610423286,[  9 171   0   0   0   0   0   0],2,262,Pump RPM,609830895,1763325170,2475
1763325170693835421,[  9 176   0   0   0   0   0   0],2,262,Pump RPM,692925363,1763325170,2480
1763325170808121716,[  9 172   0   0   0   0   0   0],2,262,Pump RPM,807428588,1763325170,2476
1763325170892795337,[  9 179   0   0   0   0   0   0],2,262,Pump RPM,892584839,1763325170,2483
1763325171038955033,[  9 179   0   0   0   0   0   0],2,262,Pump RPM,38475764,1763325171,2483
1763325171121788379,[  9 174   0   0   0   0   0   0],2,262,Pump RPM,121195924,1763325171,2478
1763325171209134478,[  9 175   0   0   0   0   0   0],2,262,Pump RPM,208646536,1763325171,2479
1763325171303232522,[  9 161   0   0   0   0   0   0],2,262,Pump RPM,302571810,1763325171,2465
1763325171407805847,[  9 158   0   0   0   0   0   0],2,262,Pump RPM,407433683,1763325171,2462
1763325171502359128,[  9 183   0   0   0   0   0   0],2,262,Pump RPM,501864339,1763325171,2487
1763325171607068551,[  9 204   0   0   0   0   0   0],2,262,Pump RPM,606669443,1763325171,2508
1763325171700661150,[  9 203   0   0   0   0   0   0],2,262,Pump RPM,699570898,1763325171,2507
1763325171815142423,[  9 214   0   0   0   0   0   0],2,262,Pump RPM,814756434,1763325171,2518
1763325171906488501,[  9 211   0   0   0   0   0   0],2,262,Pump RPM,905519274,1763325171,2515
1763325172039882683,[  9 211   0   0   0   0   0   0],2,262,Pump RPM,39500663,1763325172,2515
1763325172122932032,[  9 216   0   0   0   0   0   0],2,262,Pump RPM,122353977,1763325172,2520
1763325172216084754,[  9 183   0   0   0   0   0   0],2,262,Pump RPM,215034534,1763325172,2487
1763325172304247886,[  9 196   0   0   0   0   0   0],2,262,Pump RPM,303077633,1763325172,2500
1763325172418662119,[  9 197   0   0   0   0   0   0],2,262,Pump RPM,417413209,1763325172,2501
1763325172500482302,[  9 196   0   0   0   0   0   0],2,262,Pump RPM,500244379,1763325172,2500
1763325172616064579,[  9 200   0   0   0   0   0   0],2,262,Pump RPM,614527955,1763325172,2504
1763325172709006099,[  9 188   0   0   0   0   0   0],2,262,Pump RPM,707417154,1763325172,2492
1763325172810298942,[  9 183   0   0   0   0   0   0],2,262,Pump RPM,810105468,1763325172,2487
1763325172904804031,[  9 177   0   0   0   0   0   0],2,262,Pump RPM,903889877,1763325172,2481
1763325173050161927,[  9 170   0   0   0   0   0   0],2,262,Pump RPM,49779363,1763325173,2474
1763325173133482447,[  9 167   0   0   0   0   0   0],2,262,Pump RPM,132967530,1763325173,2471
1763325173215866253,[  9 191   0   0   0   0   0   0],2,262,Pump RPM,215658443,1763325173,2495
1763325173308324600,[  9 193   0   0   0   0   0   0],2,262,Pump RPM,307586576,1763325173,2497
1763325173421594629,[  9 185   0   0   0   0   0   0],2,262,Pump RPM,420933694,1763325173,2489
1763325173505098351,[  9 218   0   0   0   0   0   0],2,262,Pump RPM,503621119,1763325173,2522
1763325173615971010,[  9 233   0   0   0   0   0   0],2,262,Pump RPM,615074232,1763325173,2537
1763325173708223243,[  9 252   0   0   0   0   0   0],2,262,Pump RPM,707255712,1763325173,2556
1763325173820420684,[  9 254   0   0   0   0   0   0],2,262,Pump RPM,820169705,1763325173,2558
1763325173903117613,[10  0  0  0  0  0  0  0],2,262,Pump RPM,902457734,1763325173,2560
1763325174048564632,[  9 251   0   0   0   0   0   0],2,262,Pump RPM,48369109,1763325174,2555
1763325174131298778,[10  0  0  0  0  0  0  0],2,262,Pump RPM,131022359,1763325174,2560
1763325174215127336,[10  1  0  0  0  0  0  0],2,262,Pump RPM,214612226,1763325174,2561
1763325174308199514,[  9 254   0   0   0   0   0   0],2,262,Pump RPM,307363601,1763325174,2558
1763325174420973154,[  9 247   0   0   0   0   0   0],2,262,Pump RPM,420692799,1763325174,2551
1763325174513634352,[  9 222   0   0   0   0   0   0],2,262,Pump RPM,512578052,1763325174,2526
1763325174616973585,[  9 203   0   0   0   0   0   0],2,262,Pump RPM,616307018,1763325174,2507
1763325174707443655,[  9 186   0   0   0   0   0   0],2,262,Pump RPM,706985474,1763325174,2490
1763325174822729611,[  9 200   0   0   0   0   0   0],2,262,Pump RPM,819603625,1763325174,2504
1763325174912736700,[  9 223   0   0   0   0   0   0],2,262,Pump RPM,912335703,1763325174,2527
1763325175057393598,[  9 236   0   0   0   0   0   0],2,262,Pump RPM,56778455,1763325175,2540
1763325175141566768,[  9 222   0   0   0   0   0   0],2,262,Pump RPM,140970538,1763325175,2526
1763325175225768386,[  9 221   0   0   0   0   0   0],2,262,Pump RPM,224683095,1763325175,2525
1763325175317143907,[  9 203   0   0   0   0   0   0],2,262,Pump RPM,316589213,1763325175,2507
1763325175420112705,[  9 185   0   0   0   0   0   0],2,262,Pump RPM,419141750,1763325175,2489
1763325175514121054,[  9 176   0   0   0   0   0   0],2,262,Pump RPM,513585208,1763325175,2480
1763325175628712186,[  9 162   0   0   0   0   0   0],2,262,Pump RPM,628333174,1763325175,2466
1763325175711339515,[  9 146   0   0   0   0   0   0],2,262,Pump RPM,710490834,1763325175,2450
1763325175824234085,[  9 156   0   0   0   0   0   0],2,262,Pump RPM,823550590,1763325175,2460
1763325175917084501,[  9 126   0   0   0   0   0   0],2,262,Pump RPM,916149963,1763325175,2430
1763325176052493428,[  9 124   0   0   0   0   0   0],2,262,Pump RPM,51917934,1763325176,2428
1763325176137713714,[  9 116   0   0   0   0   0   0],2,262,Pump RPM,137046379,1763325176,2420
1763325176230836486,[  9 126   0   0   0   0   0   0],2,262,Pump RPM,229943740,1763325176,2430
1763325176314781590,[  9 120   0   0   0   0   0   0],2,262,Pump RPM,314081038,1763325176,2424
1763325176427336636,[  9 131   0   0   0   0   0   0],2,262,Pump RPM,427148698,1763325176,2435
1763325176519643975,[  9 137   0   0   0   0   0   0],2,262,Pump RPM,519398372,1763325176,2441
1763325176623774322,[  9 156   0   0   0   0   0   0],2,262,Pump RPM,623555152,1763325176,2460
1763325176716882182,[  9 180   0   0   0   0   0   0],2,262,Pump RPM,716558690,1763325176,2484
1763325176830976189,[  9 175   0   0   0   0   0   0],2,262,Pump RPM,830713243,1763325176,2479
1763325176914379783,[  9 174   0   0   0   0   0   0],2,262,Pump RPM,914036996,1763325176,2478
1763325177061360741,[  9 170   0   0   0   0   0   0],2,262,Pump RPM,60538076,1763325177,2474
1763325177145189780,[  9 151   0   0   0   0   0   0],2,262,Pump RPM,144523180,1763325177,2455
1763325177227588531,[  9 137   0   0   0   0   0   0],2,262,Pump RPM,226577960,1763325177,2441
1763325177319864958,[  9 136   0   0   0   0   0   0],2,262,Pump RPM,319285752,1763325177,2440
1763325177433053196,[  9 156   0   0   0   0   0   0],2,262,Pump RPM,432289924,1763325177,2460
1763325177515541165,[  9 154   0   0   0   0   0   0],2,262,Pump RPM,514975207,1763325177,2458
1763325177630256428,[  9 167   0   0   0   0   0   0],2,262,Pump RPM,629691942,1763325177,2471
1763325177724062887,[  9 158   0   0   0   0   0   0],2,262,Pump RPM,723594530,1763325177,2462
1763325177828782201,[  9 148   0   0   0   0   0   0],2,262,Pump RPM,826709763,1763325177,2452
1763325177919183312,[  9 154   0   0   0   0   0   0],2,262,Pump RPM,918939917,1763325177,2458
1763325178064114807,[  9 153   0   0   0   0   0   0],2,262,Pump RPM,63842356,1763325178,2457
1763325178146312277,[  9 147   0   0   0   0   0   0],2,262,Pump RPM,145982898,1763325178,2451
1763325178230336551,[  9 156   0   0   0   0   0   0],2,262,Pump RPM,229992899,1763325178,2460
1763325178323380218,[  9 152   0   0   0   0   0   0],2,262,Pump RPM,322971990,1763325178,2456
1763325178438170427,[  9 154   0   0   0   0   0   0],2,262,Pump RPM,437284529,1763325178,2458
1763325178521369955,[  9 144   0   0   0   0   0   0],2,262,Pump RPM,520362008,1763325178,2448
1763325178635001847,[  9 161   0   0   0   0   0   0],2,262,Pump RPM,634657779,1763325178,2465
1763325178727592838,[  9 140   0   0   0   0   0   0],2,262,Pump RPM,727345539,1763325178,2444
1763325178830371683,[  9 131   0   0   0   0   0   0],2,262,Pump RPM,830007295,1763325178,2435
1763325178924428130,[  9 139   0   0   0   0   0   0],2,262,Pump RPM,923478040,1763325178,2443
1763325179067217395,[  9 119   0   0   0   0   0   0],2,262,Pump RPM,66980304,1763325179,2423
1763325179150400604,[  9 117   0   0   0   0   0   0],2,262,Pump RPM,149687892,1763325179,2421
1763325179232958366,[  9 117   0   0   0   0   0   0],2,262,Pump RPM,232558841,1763325179,2421
1763325179327897735,[  9 108   0   0   0   0   0   0],2,262,Pump RPM,327449154,1763325179,2412
1763325179438713500,[  9 101   0   0   0   0   0   0],2,262,Pump RPM,437790514,1763325179,2405
1763325179533159231,[ 9 99  0  0  0  0  0  0],2,262,Pump RPM,532822972,1763325179,2403
1763325179633683365,[  9 116   0   0   0   0   0   0],2,262,Pump RPM,632871036,1763325179,2420
1763325179726172947,[  9 114   0   0   0   0   0   0],2,262,Pump RPM,725103687,1763325179,2418
1763325179838702139,[  9 132   0   0   0   0   0   0],2,262,Pump RPM,838320055,1763325179,2436
1763325179932782043,[  9 145   0   0   0   0   0   0],2,262,Pump RPM,932457111,1763325179,2449
1763325180068989413,[  9 169   0   0   0   0   0   0],2,262,Pump RPM,68487935,1763325180,2473
1763325180152278095,[  9 151   0   0   0   0   0   0],2,262,Pump RPM,151832266,1763325180,2455
1763325180236179552,[  9 139   0   0   0   0   0   0],2,262,Pump RPM,235884349,1763325180,2443
1763325180330383521,[  9 140   0   0   0   0   0   0],2,262,Pump RPM,329653273,1763325180,2444
1763325180443472272,[  9 128   0   0   0   0   0   0],2,262,Pump RPM,443267342,1763325180,2432
1763325180527000637,[  9 116   0   0   0   0   0   0],2,262,Pump RPM,526618393,1763325180,2420
1763325180639741704,[  9 113   0   0   0   0   0   0],2,262,Pump RPM,639426245,1763325180,2417
1763325180732053365,[  9 122   0   0   0   0   0   0],2,262,Pump RPM,731738865,1763325180,2426
1763325180836317411,[  9 110   0   0   0   0   0   0],2,262,Pump RPM,836109985,1763325180,2414
1763325180930933865,[  9 108   0   0   0   0   0   0],2,262,Pump RPM,930550341,1763325180,2412
1763325181075599472,[  9 114   0   0   0   0   0   0],2,262,Pump RPM,75035466,1763325181,2418
1763325181158731353,[  9 107   0   0   0   0   0   0],2,262,Pump RPM,158286580,1763325181,2411
1763325181242142309,[  9 133   0   0   0   0   0   0],2,262,Pump RPM,240498995,1763325181,2437
1763325181335296635,[  9 132   0   0   0   0   0   0],2,262,Pump RPM,335010808,1763325181,2436
1763325181441283773,[  9 124   0   0   0   0   0   0],2,262,Pump RPM,439638667,1763325181,2428
1763325181532923267,[  9 134   0   0   0   0   0   0],2,262,Pump RPM,532541759,1763325181,2438
1763325181646892092,[  9 138   0   0   0   0   0   0],2,262,Pump RPM,646096467,1763325181,2442
1763325181731604694,[  9 140   0   0   0   0   0   0],2,262,Pump RPM,730882894,1763325181,2444
1763325181845806642,[  9 127   0   0   0   0   0   0],2,262,Pump RPM,844851815,1763325181,2431
1763325181939478669,[  9 134   0   0   0   0   0   0],2,262,Pump RPM,938335361,1763325181,2438
1763325182077649678,[  9 129   0   0   0   0   0   0],2,262,Pump RPM,76298143,1763325182,2433
1763325182159262823,[  9 145   0   0   0   0   0   0],2,262,Pump RPM,159042341,1763325182,2449
1763325182243565533,[  9 136   0   0   0   0   0   0],2,262,Pump RPM,241980876,1763325182,2440
1763325182335846090,[  9 119   0   0   0   0   0   0],2,262,Pump RPM,335197571,1763325182,2423
1763325182449456704,[  9 114   0   0   0   0   0   0],2,262,Pump RPM,448580342,1763325182,2418
1763325182536352658,[  9 115   0   0   0   0   0   0],2,262,Pump RPM,535771628,1763325182,2419
1763325182649117567,[  9 125   0   0   0   0   0   0],2,262,Pump RPM,648624633,1763325182,2429
1763325182743895047,[  9 128   0   0   0   0   0   0],2,262,Pump RPM,743447234,1763325182,2432
1763325182844727121,[  9 110   0   0   0   0   0   0],2,262,Pump RPM,843873544,1763325182,2414
1763325182936894237,[  9 126   0   0   0   0   0   0],2,262,Pump RPM,936199062,1763325182,2430
1763325183081186689,[  9 134   0   0   0   0   0   0],2,262,Pump RPM,80937503,1763325183,2438
1763325183164327211,[  9 138   0   0   0   0   0   0],2,262,Pump RPM,164102121,1763325183,2442
1763325183247870170,[  9 149   0   0   0   0   0   0],2,262,Pump RPM,247180434,1763325183,2453
1763325183340257128,[  9 132   0   0   0   0   0   0],2,262,Pump RPM,339873956,1763325183,2436
1763325183455495216,[  9 142   0   0   0   0   0   0],2,262,Pump RPM,455275406,1763325183,2446
1763325183537735024,[  9 141   0   0   0   0   0   0],2,262,Pump RPM,537439405,1763325183,2445
1763325183651277062,[  9 146   0   0   0   0   0   0],2,262,Pump RPM,650798144,1763325183,2450
1763325183736785193,[  9 142   0   0   0   0   0   0],2,262,Pump RPM,735900160,1763325183,2446
1763325183850435328,[  9 122   0   0   0   0   0   0],2,262,Pump RPM,850193085,1763325183,2426
1763325183944082524,[  9 100   0   0   0   0   0   0],2,262,Pump RPM,943659768,1763325183,2404
1763325184079633474,[  9 133   0   0   0   0   0   0],2,262,Pump RPM,79122012,1763325184,2437
1763325184164741282,[  9 123   0   0   0   0   0   0],2,262,Pump RPM,162117125,1763325184,2427
1763325184255260733,[  9 141   0   0   0   0   0   0],2,262,Pump RPM,254260306,1763325184,2445
1763325184347075110,[  9 129   0   0   0   0   0   0],2,262,Pump RPM,346856323,1763325184,2433
1763325184450204522,[  9 119   0   0   0   0   0   0],2,262,Pump RPM,449634148,1763325184,2423
1763325184544065097,[  9 106   0   0   0   0   0   0],2,262,Pump RPM,543750854,1763325184,2410
1763325184659186256,[  9 112   0   0   0   0   0   0],2,262,Pump RPM,657769377,1763325184,2416
1763325184739369210,[  9 128   0   0   0   0   0   0],2,262,Pump RPM,738438704,1763325184,2432
1763325184852559852,[  9 122   0   0   0   0   0   0],2,262,Pump RPM,851620642,1763325184,2426
1763325184946041447,[  9 124   0   0   0   0   0   0],2,262,Pump RPM,945455169,1763325184,2428
1763325185092244130,[  9 121   0   0   0   0   0   0],2,262,Pump RPM,91820029,1763325185,2425
1763325185174898151,[  9 115   0   0   0   0   0   0],2,262,Pump RPM,173194356,1763325185,2419
1763325185259921766,[ 9 95  0  0  0  0  0  0],2,262,Pump RPM,259466657,1763325185,2399
1763325185350981384,[ 9 94  0  0  0  0  0  0],2,262,Pump RPM,350167007,1763325185,2398
1763325185454618258,[ 9 85  0  0  0  0  0  0],2,262,Pump RPM,453996971,1763325185,2389
1763325185547777578,[ 9 87  0  0  0  0  0  0],2,262,Pump RPM,546611869,1763325185,2391
1763325185660062035,[  9 104   0   0   0   0   0   0],2,262,Pump RPM,659440588,1763325185,2408
1763325185743060796,[  9 109   0   0   0   0   0   0],2,262,Pump RPM,742407189,1763325185,2413
1763325185855497510,[ 9 93  0  0  0  0  0  0],2,262,Pump RPM,855232675,1763325185,2397
1763325185948324154,[  9 110   0   0   0   0   0   0],2,262,Pump RPM,947838229,1763325185,2414
1763325186093041349,[  9 138   0   0   0   0   0   0],2,262,Pump RPM,92218012,1763325186,2442
1763325186175474441,[  9 142   0   0   0   0   0   0],2,262,Pump RPM,174734401,1763325186,2446
1763325186257818539,[  9 138   0   0   0   0   0   0],2,262,Pump RPM,257227301,1763325186,2442
1763325186350960995,[  9 132   0   0   0   0   0   0],2,262,Pump RPM,349472019,1763325186,2436
1763325186464194167,[  9 147   0   0   0   0   0   0],2,262,Pump RPM,463414190,1763325186,2451
1763325186546461721,[  9 161   0   0   0   0   0   0],2,262,Pump RPM,545804753,1763325186,2465
1763325186659480970,[  9 167   0   0   0   0   0   0],2,262,Pump RPM,658509311,1763325186,2471
1763325186752268670,[  9 161   0   0   0   0   0   0],2,262,Pump RPM,751598455,1763325186,2465
1763325186857631420,[  9 164   0   0   0   0   0   0],2,262,Pump RPM,856808371,1763325186,2468
1763325186949472134,[  9 159   0   0   0   0   0   0],2,262,Pump RPM,949241987,1763325186,2463
1763325187094158673,[  9 151   0   0   0   0   0   0],2,262,Pump RPM,93706860,1763325187,2455
1763325187176871160,[  9 145   0   0   0   0   0   0],2,262,Pump RPM,176397523,1763325187,2449
1763325187259877282,[  9 134   0   0   0   0   0   0],2,262,Pump RPM,258958680,1763325187,2438
1763325187352214802,[  9 128   0   0   0   0   0   0],2,262,Pump RPM,351186663,1763325187,2432
1763325187464679934,[  9 121   0   0   0   0   0   0],2,262,Pump RPM,464488092,1763325187,2425
1763325187558231803,[  9 129   0   0   0   0   0   0],2,262,Pump RPM,557786742,1763325187,2433
1763325187661641508,[  9 134   0   0   0   0   0   0],2,262,Pump RPM,661068733,1763325187,2438
1763325187756121579,[  9 155   0   0   0   0   0   0],2,262,Pump RPM,753472430,1763325187,2459
1763325187869116572,[  9 175   0   0   0   0   0   0],2,262,Pump RPM,868547766,1763325187,2479
1763325187951305342,[  9 198   0   0   0   0   0   0],2,262,Pump RPM,951062299,1763325187,2502
1763325188096165003,[  9 201   0   0   0   0   0   0],2,262,Pump RPM,95396675,1763325188,2505
1763325188179715708,[  9 223   0   0   0   0   0   0],2,262,Pump RPM,179176278,1763325188,2527
1763325188261681851,[  9 232   0   0   0   0   0   0],2,262,Pump RPM,261293239,1763325188,2536
1763325188356186019,[  9 236   0   0   0   0   0   0],2,262,Pump RPM,353548198,1763325188,2540
1763325188471070281,[  9 254   0   0   0   0   0   0],2,262,Pump RPM,470873991,1763325188,2558
1763325188554412376,[10 10  0  0  0  0  0  0],2,262,Pump RPM,554084788,1763325188,2570
1763325188669575681,[10 16  0  0  0  0  0  0],2,262,Pump RPM,668868858,1763325188,2576
1763325188751790339,[10 26  0  0  0  0  0  0],2,262,Pump RPM,751316638,1763325188,2586
1763325188865823552,[10 33  0  0  0  0  0  0],2,262,Pump RPM,865195930,1763325188,2593
1763325188958141329,[10 23  0  0  0  0  0  0],2,262,Pump RPM,957473481,1763325188,2583
1763325189102962495,[10 28  0  0  0  0  0  0],2,262,Pump RPM,102204022,1763325189,2588
1763325189185602949,[10 38  0  0  0  0  0  0],2,262,Pump RPM,185303234,1763325189,2598
1763325189269006933,[10 38  0  0  0  0  0  0],2,262,Pump RPM,268697041,1763325189,2598
1763325189362788277,[10 25  0  0  0  0  0  0],2,262,Pump RPM,361994989,1763325189,2585
1763325189466054653,[10 21  0  0  0  0  0  0],2,262,Pump RPM,465787099,1763325189,2581
1763325189557975530,[10 27  0  0  0  0  0  0],2,262,Pump RPM,557717991,1763325189,2587
1763325189671400129,[10 17  0  0  0  0  0  0],2,262,Pump RPM,670299349,1763325189,2577
1763325189764128662,[10 33  0  0  0  0  0  0],2,262,Pump RPM,762434531,1763325189,2593
1763325189866164145,[10 58  0  0  0  0  0  0],2,262,Pump RPM,865913710,1763325189,2618
1763325189960007410,[10 64  0  0  0  0  0  0],2,262,Pump RPM,959311594,1763325189,2624
1763325190105453960,[10 74  0  0  0  0  0  0],2,262,Pump RPM,104930050,1763325190,2634
1763325190188919256,[10 83  0  0  0  0  0  0],2,262,Pump RPM,187837004,1763325190,2643
1763325190270959992,[10 92  0  0  0  0  0  0],2,262,Pump RPM,270325138,1763325190,2652
1763325190366176009,[10 93  0  0  0  0  0  0],2,262,Pump RPM,363342858,1763325190,2653
1763325190476348637,[10 90  0  0  0  0  0  0],2,262,Pump RPM,475865720,1763325190,2650
1763325190558195676,[10 90  0  0  0  0  0  0],2,262,Pump RPM,557648918,1763325190,2650
1763325190671741397,[10 99  0  0  0  0  0  0],2,262,Pump RPM,670950316,1763325190,2659
1763325190764939184,[ 10 109   0   0   0   0   0   0],2,262,Pump RPM,764705965,1763325190,2669
1763325190868381306,[ 10 136   0   0   0   0   0   0],2,262,Pump RPM,868185400,1763325190,2696
1763325190960771500,[ 10 151   0   0   0   0   0   0],2,262,Pump RPM,960493001,1763325190,2711
1763325191105134454,[ 10 146   0   0   0   0   0   0],2,262,Pump RPM,104910868,1763325191,2706
1763325191189230190,[ 10 142   0   0   0   0   0   0],2,262,Pump RPM,187653053,1763325191,2702
1763325191271266735,[ 10 145   0   0   0   0   0   0],2,262,Pump RPM,270663080,1763325191,2705
1763325191363330622,[ 10 134   0   0   0   0   0   0],2,262,Pump RPM,362500949,1763325191,2694
1763325191475758891,[ 10 145   0   0   0   0   0   0],2,262,Pump RPM,475280102,1763325191,2705
1763325191568303615,[ 10 170   0   0   0   0   0   0],2,262,Pump RPM,567813818,1763325191,2730
1763325191682261405,[ 10 175   0   0   0   0   0   0],2,262,Pump RPM,681281938,1763325191,2735
1763325191766551063,[ 10 175   0   0   0   0   0   0],2,262,Pump RPM,765934576,1763325191,2735
1763325191885006438,[ 10 176   0   0   0   0   0   0],2,262,Pump RPM,879682572,1763325191,2736
1763325191962557366,[ 10 203   0   0   0   0   0   0],2,262,Pump RPM,961597803,1763325191,2763
1763325192110988781,[ 10 208   0   0   0   0   0   0],2,262,Pump RPM,108931639,1763325192,2768
1763325192197234749,[ 10 197   0   0   0   0   0   0],2,262,Pump RPM,196563862,1763325192,2757
1763325192279545185,[ 10 189   0   0   0   0   0   0],2,262,Pump RPM,278996155,1763325192,2749
1763325192372046293,[ 10 187   0   0   0   0   0   0],2,262,Pump RPM,371482799,1763325192,2747
1763325192480126036,[ 10 198   0   0   0   0   0   0],2,262,Pump RPM,477154003,1763325192,2758
1763325192567993365,[ 10 212   0   0   0   0   0   0],2,262,Pump RPM,567452591,1763325192,2772
1763325192684138603,[ 10 211   0   0   0   0   0   0],2,262,Pump RPM,681631824,1763325192,2771
1763325192775739989,[ 10 231   0   0   0   0   0   0],2,262,Pump RPM,775377137,1763325192,2791
1763325192881611867,[ 10 241   0   0   0   0   0   0],2,262,Pump RPM,880003786,1763325192,2801
1763325192973384071,[11  4  0  0  0  0  0  0],2,262,Pump RPM,972804641,1763325192,2820
1763325193107710821,[11 12  0  0  0  0  0  0],2,262,Pump RPM,106613017,1763325193,2828
1763325193191562779,[11 26  0  0  0  0  0  0],2,262,Pump RPM,189656198,1763325193,2842
1763325193282364253,[11 28  0  0  0  0  0  0],2,262,Pump RPM,282001593,1763325193,2844
1763325193375310070,[11 30  0  0  0  0  0  0],2,262,Pump RPM,375068787,1763325193,2846
1763325193480767448,[11 26  0  0  0  0  0  0],2,262,Pump RPM,480274003,1763325193,2842
1763325193575251746,[11 37  0  0  0  0  0  0],2,262,Pump RPM,573852051,1763325193,2853
1763325193680175614,[11 47  0  0  0  0  0  0],2,262,Pump RPM,678636429,1763325193,2863
1763325193771613895,[11 73  0  0  0  0  0  0],2,262,Pump RPM,771274211,1763325193,2889
1763325193883920052,[ 11 108   0   0   0   0   0   0],2,262,Pump RPM,883497583,1763325193,2924
1763325193981870180,[ 11 137   0   0   0   0   0   0],2,262,Pump RPM,980875769,1763325193,2953
1763325194116460613,[ 11 147   0   0   0   0   0   0],2,262,Pump RPM,114396495,1763325194,2963
1763325194197469884,[ 11 150   0   0   0   0   0   0],2,262,Pump RPM,196866806,1763325194,2966
1763325194289607885,[ 11 152   0   0   0   0   0   0],2,262,Pump RPM,289423723,1763325194,2968
1763325194373441315,[ 11 176   0   0   0   0   0   0],2,262,Pump RPM,372909853,1763325194,2992
1763325194487069439,[ 11 185   0   0   0   0   0   0],2,262,Pump RPM,486016435,1763325194,3001
1763325194571221688,[ 11 202   0   0   0   0   0   0],2,262,Pump RPM,570929685,1763325194,3018
1763325194685129623,[ 11 218   0   0   0   0   0   0],2,262,Pump RPM,684621266,1763325194,3034
1763325194779070940,[ 11 226   0   0   0   0   0   0],2,262,Pump RPM,777802094,1763325194,3042
1763325194891921007,[ 11 236   0   0   0   0   0   0],2,262,Pump RPM,891202856,1763325194,3052
1763325194976185418,[ 11 255   0   0   0   0   0   0],2,262,Pump RPM,974530296,1763325194,3071
1763325195120104018,[12 14  0  0  0  0  0  0],2,262,Pump RPM,119513548,1763325195,3086
1763325195203287489,[12 20  0  0  0  0  0  0],2,262,Pump RPM,201676560,1763325195,3092
1763325195286986166,[12 21  0  0  0  0  0  0],2,262,Pump RPM,286333999,1763325195,3093
1763325195380438422,[12 37  0  0  0  0  0  0],2,262,Pump RPM,379744814,1763325195,3109
1763325195493511788,[12 62  0  0  0  0  0  0],2,262,Pump RPM,492843653,1763325195,3134
1763325195576795484,[12 81  0  0  0  0  0  0],2,262,Pump RPM,575778961,1763325195,3153
1763325195691145281,[12 92  0  0  0  0  0  0],2,262,Pump RPM,688867432,1763325195,3164
1763325195783992570,[12 89  0  0  0  0  0  0],2,262,Pump RPM,783482036,1763325195,3161
1763325195886029463,[ 12 102   0   0   0   0   0   0],2,262,Pump RPM,885498034,1763325195,3174
1763325195979540472,[ 12 109   0   0   0   0   0   0],2,262,Pump RPM,978774607,1763325195,3181
1763325196123802116,[ 12 109   0   0   0   0   0   0],2,262,Pump RPM,122823706,1763325196,3181
1763325196206235244,[ 12 112   0   0   0   0   0   0],2,262,Pump RPM,205992169,1763325196,3184
1763325196289197497,[ 12 117   0   0   0   0   0   0],2,262,Pump RPM,288699411,1763325196,3189
1763325196384861681,[ 12 125   0   0   0   0   0   0],2,262,Pump RPM,382702425,1763325196,3197
1763325196497191520,[ 12 145   0   0   0   0   0   0],2,262,Pump RPM,496643130,1763325196,3217
1763325196580186669,[ 12 171   0   0   0   0   0   0],2,262,Pump RPM,578781598,1763325196,3243
1763325196693371781,[ 12 187   0   0   0   0   0   0],2,262,Pump RPM,691264814,1763325196,3259
1763325196790122346,[ 12 209   0   0   0   0   0   0],2,262,Pump RPM,789389858,1763325196,3281
1763325196892731310,[ 12 210   0   0   0   0   0   0],2,262,Pump RPM,892445611,1763325196,3282
1763325196985318084,[ 12 214   0   0   0   0   0   0],2,262,Pump RPM,985149059,1763325196,3286
1763325197130127160,[ 12 230   0   0   0   0   0   0],2,262,Pump RPM,129273326,1763325197,3302
1763325197213078565,[ 12 237   0   0   0   0   0   0],2,262,Pump RPM,212637376,1763325197,3309
1763325197295522157,[ 12 240   0   0   0   0   0   0],2,262,Pump RPM,295196905,1763325197,3312
1763325197387722048,[ 12 239   0   0   0   0   0   0],2,262,Pump RPM,387422748,1763325197,3311
1763325197491494417,[ 12 230   0   0   0   0   0   0],2,262,Pump RPM,491245743,1763325197,3302
1763325197585358326,[ 12 219   0   0   0   0   0   0],2,262,Pump RPM,584902833,1763325197,3291
1763325197699324472,[ 12 206   0   0   0   0   0   0],2,262,Pump RPM,698549871,1763325197,3278
1763325197792495029,[ 12 213   0   0   0   0   0   0],2,262,Pump RPM,791647564,1763325197,3285
1763325197895320956,[ 12 214   0   0   0   0   0   0],2,262,Pump RPM,894465491,1763325197,3286
1763325197987871987,[ 12 215   0   0   0   0   0   0],2,262,Pump RPM,987438702,1763325197,3287
1763325198135993771,[ 12 193   0   0   0   0   0   0],2,262,Pump RPM,135602695,1763325198,3265
1763325198218914616,[ 12 176   0   0   0   0   0   0],2,262,Pump RPM,218458483,1763325198,3248
1763325198301631748,[ 12 167   0   0   0   0   0   0],2,262,Pump RPM,300837915,1763325198,3239
1763325198383644103,[ 12 155   0   0   0   0   0   0],2,262,Pump RPM,383404004,1763325198,3227
1763325198498146703,[ 12 144   0   0   0   0   0   0],2,262,Pump RPM,497380486,1763325198,3216
1763325198590208832,[ 12 128   0   0   0   0   0   0],2,262,Pump RPM,589722043,1763325198,3200
1763325198704154978,[ 12 123   0   0   0   0   0   0],2,262,Pump RPM,703340953,1763325198,3195
1763325198786331655,[ 12 115   0   0   0   0   0   0],2,262,Pump RPM,785904578,1763325198,3187
1763325198903255177,[ 12 101   0   0   0   0   0   0],2,262,Pump RPM,899638658,1763325198,3173
1763325198993160003,[12 80  0  0  0  0  0  0],2,262,Pump RPM,992957601,1763325198,3152
1763325199128517424,[12 63  0  0  0  0  0  0],2,262,Pump RPM,127923370,1763325199,3135
1763325199211696481,[12 63  0  0  0  0  0  0],2,262,Pump RPM,210587893,1763325199,3135
1763325199303823188,[12 63  0  0  0  0  0  0],2,262,Pump RPM,303385679,1763325199,3135
1763325199387797933,[12 63  0  0  0  0  0  0],2,262,Pump RPM,387172582,1763325199,3135
1763325199503783430,[12 63  0  0  0  0  0  0],2,262,Pump RPM,503385249,1763325199,3135
1763325199590287867,[12 63  0  0  0  0  0  0],2,262,Pump RPM,589057325,1763325199,3135
1763325199702228487,[12 63  0  0  0  0  0  0],2,262,Pump RPM,701700673,1763325199,3135
1763325199794766142,[12 63  0  0  0  0  0  0],2,262,Pump RPM,793960469,1763325199,3135
1763325199909445192,[0 0 0 0 0 0 0 0],2,262,Pump RPM,908709376,1763325199,0
1763325199994856273,[0 0 0 0 0 0 0 0],2,262,Pump RPM,991925393,1763325199,0
1763325200137479823,[0 0 0 0 0 0 0 0],2,262,Pump RPM,137190380,1763325200,0
1763325200221238470,[0 0 0 0 0 0 0 0],2,262,Pump RPM,220993955,1763325200,0
1763325200305313633,[0 0 0 0 0 0 0 0],2,262,Pump RPM,304028403,1763325200,0
1763325200398940805,[0 0 0 0 0 0 0 0],2,262,Pump RPM,398001210,1763325200,0
1763325200500788386,[0 0 0 0 0 0 0 0],2,262,Pump RPM,500481503,1763325200,0
1763325200594354405,[0 0 0 0 0 0 0 0],2,262,Pump RPM,593841760,1763325200,0
1763325200709166866,[0 0 0 0 0 0 0 0],2,262,Pump RPM,706886553,1763325200,0
1763325200802858582,[0 0 0 0 0 0 0 0],2,262,Pump RPM,801871243,1763325200,0
1763325200909194853,[0 0 0 0 0 0 0 0],2,262,Pump RPM,905289050,1763325200,0
1763325201003641970,[0 0 0 0 0 0 0 0],2,262,Pump RPM,2326467,1763325201,0
1763325201136946601,[0 0 0 0 0 0 0 0],2,262,Pump RPM,136187905,1763325201,0
1763325201220695841,[0 0 0 0 0 0 0 0],2,262,Pump RPM,220329277,1763325201,0
1763325201304409816,[0 0 0 0 0 0 0 0],2,262,Pump RPM,303673584,1763325201,0
1763325201397064498,[0 0 0 0 0 0 0 0],2,262,Pump RPM,396588396,1763325201,0
1763325201512801833,[0 0 0 0 0 0 0 0],2,262,Pump RPM,509447140,1763325201,0
1763325201602850725,[0 0 0 0 0 0 0 0],2,262,Pump RPM,602183006,1763325201,0
1763325201708039624,[0 0 0 0 0 0 0 0],2,262,Pump RPM,707249248,1763325201,0
1763325201800746722,[0 0 0 0 0 0 0 0],2,262,Pump RPM,800234525,1763325201,0
1763325201914861191,[0 0 0 0 0 0 0 0],2,262,Pump RPM,914144256,1763325201,0
1763325201998471741,[0 0 0 0 0 0 0 0],2,262,Pump RPM,997359153,1763325201,0
1763325202145172905,[0 0 0 0 0 0 0 0],2,262,Pump RPM,144350752,1763325202,0
1763325202227921302,[0 0 0 0 0 0 0 0],2,262,Pump RPM,227276879,1763325202,0
1763325202311052423,[0 0 0 0 0 0 0 0],2,262,Pump RPM,310814821,1763325202,0
1763325202404820077,[0 0 0 0 0 0 0 0],2,262,Pump RPM,403910115,1763325202,0
1763325202517628036,[0 0 0 0 0 0 0 0],2,262,Pump RPM,517071518,1763325202,0
1763325202599810443,[0 0 0 0 0 0 0 0],2,262,Pump RPM,599178116,1763325202,0
1763325202713432747,[0 0 0 0 0 0 0 0],2,262,Pump RPM,712705507,1763325202,0
1763325202805171707,[0 0 0 0 0 0 0 0],2,262,Pump RPM,804934457,1763325202,0
1763325202912084594,[0 0 0 0 0 0 0 0],2,262,Pump RPM,911008454,1763325202,0
1763325203005545428,[0 0 0 0 0 0 0 0],2,262,Pump RPM,4774444,1763325203,0
1763325203150222090,[0 0 0 0 0 0 0 0],2,262,Pump RPM,149831430,1763325203,0
1763325203233648191,[0 0 0 0 0 0 0 0],2,262,Pump RPM,233372476,1763325203,0
1763325203319128074,[0 0 0 0 0 0 0 0],2,262,Pump RPM,318312737,1763325203,0
1763325203402496479,[0 0 0 0 0 0 0 0],2,262,Pump RPM,402159291,1763325203,0
1763325203515952445,[0 0 0 0 0 0 0 0],2,262,Pump RPM,515253142,1763325203,0
1763325203608225971,[0 0 0 0 0 0 0 0],2,262,Pump RPM,607643213,1763325203,0
1763325203721252750,[0 0 0 0 0 0 0 0],2,262,Pump RPM,720805129,1763325203,0
1763325203804647298,[0 0 0 0 0 0 0 0],2,262,Pump RPM,803822809,1763325203,0
1763325203917052885,[0 0 0 0 0 0 0 0],2,262,Pump RPM,916211340,1763325203,0
1763325204008653892,[0 0 0 0 0 0 0 0],2,262,Pump RPM,8460034,1763325204,0
1763325204152383568,[0 0 0 0 0 0 0 0],2,262,Pump RPM,152056429,1763325204,0
1763325204235443841,[0 0 0 0 0 0 0 0],2,262,Pump RPM,234974076,1763325204,0
1763325204319178682,[0 0 0 0 0 0 0 0],2,262,Pump RPM,318528339,1763325204,0
1763325204415317499,[0 0 0 0 0 0 0 0],2,262,Pump RPM,414894166,1763325204,0
1763325204518110149,[0 0 0 0 0 0 0 0],2,262,Pump RPM,517383197,1763325204,0
1763325204610933410,[0 0 0 0 0 0 0 0],2,262,Pump RPM,610443292,1763325204,0
1763325204724009373,[0 0 0 0 0 0 0 0],2,262,Pump RPM,723596280,1763325204,0
1763325204809191589,[0 0 0 0 0 0 0 0],2,262,Pump RPM,808565214,1763325204,0
1763325204923492270,[0 0 0 0 0 0 0 0],2,262,Pump RPM,922278401,1763325204,0
1763325205014869147,[0 0 0 0 0 0 0 0],2,262,Pump RPM,14693977,1763325205,0
1763325205152103680,[0 0 0 0 0 0 0 0],2,262,Pump RPM,151710460,1763325205,0
1763325205235502677,[0 0 0 0 0 0 0 0],2,262,Pump RPM,234288328,1763325205,0
1763325205319729300,[0 0 0 0 0 0 0 0],2,262,Pump RPM,317864959,1763325205,0
1763325205411555878,[0 0 0 0 0 0 0 0],2,262,Pump RPM,410653916,1763325205,0
1763325205525174791,[0 0 0 0 0 0 0 0],2,262,Pump RPM,524401055,1763325205,0
1763325205609224612,[0 0 0 0 0 0 0 0],2,262,Pump RPM,608311642,1763325205,0
1763325205723486700,[0 0 0 0 0 0 0 0],2,262,Pump RPM,722724420,1763325205,0
1763325205815000091,[0 0 0 0 0 0 0 0],2,262,Pump RPM,814698808,1763325205,0
1763325205928512987,[0 0 0 0 0 0 0 0],2,262,Pump RPM,928143991,1763325205,0
1763325206011619374,[0 0 0 0 0 0 0 0],2,262,Pump RPM,11005159,1763325206,0
1763325206158011992,[0 0 0 0 0 0 0 0],2,262,Pump RPM,155835136,1763325206,0
1763325206239731420,[0 0 0 0 0 0 0 0],2,262,Pump RPM,239187958,1763325206,0
1763325206322805486,[0 0 0 0 0 0 0 0],2,262,Pump RPM,322175207,1763325206,0
1763325206418308328,[0 0 0 0 0 0 0 0],2,262,Pump RPM,416969306,1763325206,0
1763325206531097025,[0 0 0 0 0 0 0 0],2,262,Pump RPM,530440090,1763325206,0
1763325206614051154,[0 0 0 0 0 0 0 0],2,262,Pump RPM,612915398,1763325206,0
1763325206728442109,[0 0 0 0 0 0 0 0],2,262,Pump RPM,727245168,1763325206,0
1763325206820416529,[0 0 0 0 0 0 0 0],2,262,Pump RPM,819469222,1763325206,0
1763325206923102715,[0 0 0 0 0 0 0 0],2,262,Pump RPM,922322514,1763325206,0
1763325207015762166,[0 0 0 0 0 0 0 0],2,262,Pump RPM,14480808,1763325207,0
1763325207160845011,[0 0 0 0 0 0 0 0],2,262,Pump RPM,159903241,1763325207,0
1763325207243681507,[0 0 0 0 0 0 0 0],2,262,Pump RPM,242728025,1763325207,0
1763325207326765974,[0 0 0 0 0 0 0 0],2,262,Pump RPM,325260677,1763325207,0
1763325207418458567,[0 0 0 0 0 0 0 0],2,262,Pump RPM,417710975,1763325207,0
1763325207531699110,[0 0 0 0 0 0 0 0],2,262,Pump RPM,531236257,1763325207,0
1763325207616299017,[0 0 0 0 0 0 0 0],2,262,Pump RPM,615460960,1763325207,0
1763325207730576627,[0 0 0 0 0 0 0 0],2,262,Pump RPM,730328976,1763325207,0
1763325207825182948,[0 0 0 0 0 0 0 0],2,262,Pump RPM,824360059,1763325207,0
1763325207928642839,[0 0 0 0 0 0 0 0],2,262,Pump RPM,928116369,1763325207,0
1763325208022554977,[0 0 0 0 0 0 0 0],2,262,Pump RPM,22140732,1763325208,0
1763325208167061656,[0 0 0 0 0 0 0 0],2,262,Pump RPM,166553171,1763325208,0
1763325208250265037,[0 0 0 0 0 0 0 0],2,262,Pump RPM,249654118,1763325208,0
1763325208333586914,[0 0 0 0 0 0 0 0],2,262,Pump RPM,332423989,1763325208,0
1763325208425675864,[0 0 0 0 0 0 0 0],2,262,Pump RPM,424789230,1763325208,0
1763325208529251789,[0 0 0 0 0 0 0 0],2,262,Pump RPM,528672518,1763325208,0
1763325208621815752,[0 0 0 0 0 0 0 0],2,262,Pump RPM,620833725,1763325208,0
1763325208736378166,[0 0 0 0 0 0 0 0],2,262,Pump RPM,735926225,1763325208,0
1763325208818471774,[0 0 0 0 0 0 0 0],2,262,Pump RPM,818220891,1763325208,0
1763325208931228503,[0 0 0 0 0 0 0 0],2,262,Pump RPM,930491759,1763325208,0
1763325209025759305,[0 0 0 0 0 0 0 0],2,262,Pump RPM,24856319,1763325209,0
1763325209169595097,[0 0 0 0 0 0 0 0],2,262,Pump RPM,168928882,1763325209,0
1763325209253710104,[0 0 0 0 0 0 0 0],2,262,Pump RPM,253307763,1763325209,0
1763325209336371718,[0 0 0 0 0 0 0 0],2,262,Pump RPM,335781440,1763325209,0
1763325209421214285,[0 0 0 0 0 0 0 0],2,262,Pump RPM,420657927,1763325209,0
1763325209533101822,[0 0 0 0 0 0 0 0],2,262,Pump RPM,532774426,1763325209,0
1763325209628573050,[0 0 0 0 0 0 0 0],2,262,Pump RPM,625187764,1763325209,0
1763325209738360467,[0 0 0 0 0 0 0 0],2,262,Pump RPM,737615339,1763325209,0
1763325209830336744,[0 0 0 0 0 0 0 0],2,262,Pump RPM,829841699,1763325209,0
1763325209933239638,[0 0 0 0 0 0 0 0],2,262,Pump RPM,932750673,1763325209,0
1763325210026879102,[0 0 0 0 0 0 0 0],2,262,Pump RPM,26408248,1763325210,0
1763325210171590137,[0 0 0 0 0 0 0 0],2,262,Pump RPM,170967570,1763325210,0
1763325210254459946,[0 0 0 0 0 0 0 0],2,262,Pump RPM,253864675,1763325210,0
1763325210337057368,[0 0 0 0 0 0 0 0],2,262,Pump RPM,336348336,1763325210,0
1763325210430051129,[0 0 0 0 0 0 0 0],2,262,Pump RPM,429036142,1763325210,0
1763325210544293956,[0 0 0 0 0 0 0 0],2,262,Pump RPM,543608317,1763325210,0
1763325210627661627,[0 0 0 0 0 0 0 0],2,262,Pump RPM,627366584,1763325210,0
1763325210742156553,[0 0 0 0 0 0 0 0],2,262,Pump RPM,740808794,1763325210,0
1763325210834292384,[0 0 0 0 0 0 0 0],2,262,Pump RPM,833802363,1763325210,0
1763325210942893613,[0 0 0 0 0 0 0 0],2,262,Pump RPM,942016068,1763325210,0
1763325211025925600,[0 0 0 0 0 0 0 0],2,262,Pump RPM,25730558,1763325211,0
1763325211170728061,[0 0 0 0 0 0 0 0],2,262,Pump RPM,169820659,1763325211,0
1763325211253813777,[0 0 0 0 0 0 0 0],2,262,Pump RPM,253059881,1763325211,0
1763325211337766063,[0 0 0 0 0 0 0 0],2,262,Pump RPM,336938469,1763325211,0
1763325211430809008,[0 0 0 0 0 0 0 0],2,262,Pump RPM,430486029,1763325211,0
1763325211544182450,[0 0 0 0 0 0 0 0],2,262,Pump RPM,543746286,1763325211,0
1763325211636935473,[0 0 0 0 0 0 0 0],2,262,Pump RPM,636552269,1763325211,0
1763325211740113027,[0 0 0 0 0 0 0 0],2,262,Pump RPM,739870432,1763325211,0
1763325211833515337,[0 0 0 0 0 0 0 0],2,262,Pump RPM,833146885,1763325211,0
1763325211947407984,[0 0 0 0 0 0 0 0],2,262,Pump RPM,946033313,1763325211,0
1763325212029579546,[0 0 0 0 0 0 0 0],2,262,Pump RPM,29151414,1763325212,0
1763325212175208769,[0 0 0 0 0 0 0 0],2,262,Pump RPM,174730779,1763325212,0
1763325212258708570,[0 0 0 0 0 0 0 0],2,262,Pump RPM,257790512,1763325212,0
1763325212344963537,[0 0 0 0 0 0 0 0],2,262,Pump RPM,344286538,1763325212,0
1763325212438079220,[0 0 0 0 0 0 0 0],2,262,Pump RPM,437397645,1763325212,0
1763325212541073476,[0 0 0 0 0 0 0 0],2,262,Pump RPM,540629343,1763325212,0
1763325212633563040,[0 0 0 0 0 0 0 0],2,262,Pump RPM,633150844,1763325212,0
1763325212746853826,[0 0 0 0 0 0 0 0],2,262,Pump RPM,746434813,1763325212,0
1763325212841273331,[0 0 0 0 0 0 0 0],2,262,Pump RPM,839918405,1763325212,0
1763325212943051894,[0 0 0 0 0 0 0 0],2,262,Pump RPM,942205741,1763325212,0
1763325213040770380,[0 0 0 0 0 0 0 0],2,262,Pump RPM,39243867,1763325213,0
1763325213176447845,[0 0 0 0 0 0 0 0],2,262,Pump RPM,175899359,1763325213,0
1763325213259740924,[0 0 0 0 0 0 0 0],2,262,Pump RPM,259188598,1763325213,0
1763325213342951763,[0 0 0 0 0 0 0 0],2,262,Pump RPM,342606703,1763325213,0
1763325213436468570,[0 0 0 0 0 0 0 0],2,262,Pump RPM,436066198,1763325213,0
1763325213551793523,[0 0 0 0 0 0 0 0],2,262,Pump RPM,550309379,1763325213,0
1763325213638024299,[0 0 0 0 0 0 0 0],2,262,Pump RPM,637181441,1763325213,0
1763325213754339278,[0 0 0 0 0 0 0 0],2,262,Pump RPM,749978526,1763325213,0
1763325213846482887,[0 0 0 0 0 0 0 0],2,262,Pump RPM,844496497,1763325213,0
1763325213947900358,[0 0 0 0 0 0 0 0],2,262,Pump RPM,946165907,1763325213,0
1763325214040017022,[0 0 0 0 0 0 0 0],2,262,Pump RPM,38323372,1763325214,0
1763325214184692476,[0 0 0 0 0 0 0 0],2,262,Pump RPM,184418969,1763325214,0
1763325214268697243,[0 0 0 0 0 0 0 0],2,262,Pump RPM,268117812,1763325214,0
1763325214351684047,[0 0 0 0 0 0 0 0],2,262,Pump RPM,351080104,1763325214,0
1763325214444204588,[0 0 0 0 0 0 0 0],2,262,Pump RPM,443885449,1763325214,0
1763325214547891909,[0 0 0 0 0 0 0 0],2,262,Pump RPM,546781369,1763325214,0
1763325214639780507,[0 0 0 0 0 0 0 0],2,262,Pump RPM,639374935,1763325214,0
1763325214755186965,[0 0 0 0 0 0 0 0],2,262,Pump RPM,754750224,1763325214,0
1763325214846128321,[0 0 0 0 0 0 0 0],2,262,Pump RPM,845778685,1763325214,0
1763325214949263860,[0 0 0 0 0 0 0 0],2,262,Pump RPM,948314121,1763325214,0
1763325215041413997,[0 0 0 0 0 0 0 0],2,262,Pump RPM,40577668,1763325215,0
1763325215186203212,[0 0 0 0 0 0 0 0],2,262,Pump RPM,185794056,1763325215,0
1763325215270879347,[0 0 0 0 0 0 0 0],2,262,Pump RPM,269933929,1763325215,0
1763325215352674106,[0 0 0 0 0 0 0 0],2,262,Pump RPM,352252278,1763325215,0
1763325215446417670,[0 0 0 0 0 0 0 0],2,262,Pump RPM,446016961,1763325215,0
1763325215559659016,[0 0 0 0 0 0 0 0],2,262,Pump RPM,558858271,1763325215,0
1763325215642625308,[0 0 0 0 0 0 0 0],2,262,Pump RPM,642285081,1763325215,0
1763325215755983744,[0 0 0 0 0 0 0 0],2,262,Pump RPM,755278297,1763325215,0
1763325215847737302,[0 0 0 0 0 0 0 0],2,262,Pump RPM,847405714,1763325215,0
1763325215960881751,[0 0 0 0 0 0 0 0],2,262,Pump RPM,960097678,1763325215,0
1763325216043234053,[0 0 0 0 0 0 0 0],2,262,Pump RPM,42632062,1763325216,0
1763325216187113882,[0 0 0 0 0 0 0 0],2,262,Pump RPM,186476755,1763325216,0
1763325216272283175,[0 0 0 0 0 0 0 0],2,262,Pump RPM,271133307,1763325216,0
1763325216355077946,[0 0 0 0 0 0 0 0],2,262,Pump RPM,354640981,1763325216,0
1763325216447593944,[0 0 0 0 0 0 0 0],2,262,Pump RPM,447183956,1763325216,0
1763325216561577059,[0 0 0 0 0 0 0 0],2,262,Pump RPM,560602969,1763325216,0
1763325216653739582,[0 0 0 0 0 0 0 0],2,262,Pump RPM,652894068,1763325216,0
1763325216756221930,[0 0 0 0 0 0 0 0],2,262,Pump RPM,755637635,1763325216,0
1763325216848128897,[0 0 0 0 0 0 0 0],2,262,Pump RPM,847800701,1763325216,0
1763325216961562950,[0 0 0 0 0 0 0 0],2,262,Pump RPM,960913823,1763325216,0
1763325217052999353,[0 0 0 0 0 0 0 0],2,262,Pump RPM,52764918,1763325217,0
1763325217187223460,[0 0 0 0 0 0 0 0],2,262,Pump RPM,186999490,1763325217,0
1763325217270223034,[0 0 0 0 0 0 0 0],2,262,Pump RPM,269682516,1763325217,0
1763325217365622360,[0 0 0 0 0 0 0 0],2,262,Pump RPM,364794831,1763325217,0
1763325217445992560,[0 0 0 0 0 0 0 0],2,262,Pump RPM,445690445,1763325217,0
1763325217559625400,[0 0 0 0 0 0 0 0],2,262,Pump RPM,559038962,1763325217,0
1763325217652099766,[0 0 0 0 0 0 0 0],2,262,Pump RPM,651209260,1763325217,0
1763325217765463995,[0 0 0 0 0 0 0 0],2,262,Pump RPM,764813812,1763325217,0
1763325217847415397,[0 0 0 0 0 0 0 0],2,262,Pump RPM,847159490,1763325217,0
1763325217961443153,[0 0 0 0 0 0 0 0],2,262,Pump RPM,960357477,1763325217,0
1763325218053467018,[0 0 0 0 0 0 0 0],2,262,Pump RPM,52517216,1763325218,0
1763325218196706778,[0 0 0 0 0 0 0 0],2,262,Pump RPM,196259093,1763325218,0
1763325218280874877,[0 0 0 0 0 0 0 0],2,262,Pump RPM,279465773,1763325218,0
1763325218362953960,[0 0 0 0 0 0 0 0],2,262,Pump RPM,361442744,1763325218,0
1763325218455766986,[0 0 0 0 0 0 0 0],2,262,Pump RPM,455191620,1763325218,0
1763325218569864760,[0 0 0 0 0 0 0 0],2,262,Pump RPM,567892642,1763325218,0
1763325218651747617,[0 0 0 0 0 0 0 0],2,262,Pump RPM,651080730,1763325218,0
1763325218764694082,[0 0 0 0 0 0 0 0],2,262,Pump RPM,764335582,1763325218,0
1763325218858026186,[0 0 0 0 0 0 0 0],2,262,Pump RPM,857149056,1763325218,0
1763325218970799657,[0 0 0 0 0 0 0 0],2,262,Pump RPM,970521094,1763325218,0
1763325219053108695,[0 0 0 0 0 0 0 0],2,262,Pump RPM,52837684,1763325219,0
1763325219198018010,[0 0 0 0 0 0 0 0],2,262,Pump RPM,197669782,1763325219,0
1763325219281137298,[0 0 0 0 0 0 0 0],2,262,Pump RPM,280604780,1763325219,0
1763325219363751875,[0 0 0 0 0 0 0 0],2,262,Pump RPM,363301534,1763325219,0
1763325219457951797,[0 0 0 0 0 0 0 0],2,262,Pump RPM,457292494,1763325219,0
1763325219571470461,[0 0 0 0 0 0 0 0],2,262,Pump RPM,571067736,1763325219,0
1763325219654203184,[0 0 0 0 0 0 0 0],2,262,Pump RPM,653501640,1763325219,0
1763325219769821807,[0 0 0 0 0 0 0 0],2,262,Pump RPM,769411050,1763325219,0
1763325219862650482,[0 0 0 0 0 0 0 0],2,262,Pump RPM,861838345,1763325219,0
1763325219966442574,[0 0 0 0 0 0 0 0],2,262,Pump RPM,966006569,1763325219,0
1763325220058586985,[0 0 0 0 0 0 0 0],2,262,Pump RPM,58378023,1763325220,0
1763325220204633497,[0 0 0 0 0 0 0 0],2,262,Pump RPM,202939207,1763325220,0
1763325220287243211,[0 0 0 0 0 0 0 0],2,262,Pump RPM,286633509,1763325220,0
1763325220369516410,[0 0 0 0 0 0 0 0],2,262,Pump RPM,369112629,1763325220,0
1763325220462254300,[0 0 0 0 0 0 0 0],2,262,Pump RPM,461508532,1763325220,0
1763325220575879557,[0 0 0 0 0 0 0 0],2,262,Pump RPM,575381344,1763325220,0
1763325220658115763,[0 0 0 0 0 0 0 0],2,262,Pump RPM,657521069,1763325220,0
1763325220770794802,[0 0 0 0 0 0 0 0],2,262,Pump RPM,770499311,1763325220,0
1763325220864333789,[0 0 0 0 0 0 0 0],2,262,Pump RPM,863717334,1763325220,0
1763325220976898299,[0 0 0 0 0 0 0 0],2,262,Pump RPM,976498230,1763325220,0
1763325221062983732,[0 0 0 0 0 0 0 0],2,262,Pump RPM,59385388,1763325221,0
1763325221204611827,[0 0 0 0 0 0 0 0],2,262,Pump RPM,204386065,1763325221,0
1763325221287797452,[0 0 0 0 0 0 0 0],2,262,Pump RPM,287622922,1763325221,0
1763325221371318921,[0 0 0 0 0 0 0 0],2,262,Pump RPM,370928196,1763325221,0
1763325221464333422,[0 0 0 0 0 0 0 0],2,262,Pump RPM,463578502,1763325221,0
1763325221577654485,[0 0 0 0 0 0 0 0],2,262,Pump RPM,577112975,1763325221,0
1763325221660857102,[0 0 0 0 0 0 0 0],2,262,Pump RPM,659839395,1763325221,0
1763325221774986429,[0 0 0 0 0 0 0 0],2,262,Pump RPM,773450284,1763325221,0
1763325221865988525,[0 0 0 0 0 0 0 0],2,262,Pump RPM,865409414,1763325221,0
1763325221978817646,[0 0 0 0 0 0 0 0],2,262,Pump RPM,978250439,1763325221,0
1763325222071040683,[0 0 0 0 0 0 0 0],2,262,Pump RPM,70627526,1763325222,0
1763325222206205764,[0 0 0 0 0 0 0 0],2,262,Pump RPM,205378907,1763325222,0
1763325222291128048,[0 0 0 0 0 0 0 0],2,262,Pump RPM,290483273,1763325222,0
1763325222384750621,[0 0 0 0 0 0 0 0],2,262,Pump RPM,384163158,1763325222,0
1763325222467485841,[0 0 0 0 0 0 0 0],2,262,Pump RPM,466837962,1763325222,0
1763325222580823832,[0 0 0 0 0 0 0 0],2,262,Pump RPM,579997711,1763325222,0
1763325222674038913,[0 0 0 0 0 0 0 0],2,262,Pump RPM,673530235,1763325222,0
1763325222775748583,[0 0 0 0 0 0 0 0],2,262,Pump RPM,774743260,1763325222,0
1763325222867473887,[0 0 0 0 0 0 0 0],2,262,Pump RPM,867086618,1763325222,0
1763325222981049289,[0 0 0 0 0 0 0 0],2,262,Pump RPM,980547555,1763325222,0
1763325223073462440,[0 0 0 0 0 0 0 0],2,262,Pump RPM,72635231,1763325223,0
1763325223207391348,[0 0 0 0 0 0 0 0],2,262,Pump RPM,206101062,1763325223,0
1763325223290148041,[0 0 0 0 0 0 0 0],2,262,Pump RPM,289371136,1763325223,0
1763325223383073390,[0 0 0 0 0 0 0 0],2,262,Pump RPM,382088067,1763325223,0
1763325223467092465,[0 0 0 0 0 0 0 0],2,262,Pump RPM,466290024,1763325223,0
1763325223580622171,[0 0 0 0 0 0 0 0],2,262,Pump RPM,579748497,1763325223,0
1763325223673773955,[0 0 0 0 0 0 0 0],2,262,Pump RPM,672370771,1763325223,0
1763325223786904072,[0 0 0 0 0 0 0 0],2,262,Pump RPM,786351042,1763325223,0
1763325223868642994,[0 0 0 0 0 0 0 0],2,262,Pump RPM,868443440,1763325223,0
1763325223982044282,[0 0 0 0 0 0 0 0],2,262,Pump RPM,981732535,1763325223,0
1763325224075175938,[0 0 0 0 0 0 0 0],2,262,Pump RPM,74915295,1763325224,0
1763325224219616803,[0 0 0 0 0 0 0 0],2,262,Pump RPM,218757689,1763325224,0
1763325224302505338,[0 0 0 0 0 0 0 0],2,262,Pump RPM,301741489,1763325224,0
1763325224384273028,[0 0 0 0 0 0 0 0],2,262,Pump RPM,383901728,1763325224,0
1763325224478010291,[0 0 0 0 0 0 0 0],2,262,Pump RPM,477522861,1763325224,0
1763325224581154826,[0 0 0 0 0 0 0 0],2,262,Pump RPM,580300448,1763325224,0
1763325224673171078,[0 0 0 0 0 0 0 0],2,262,Pump RPM,672543871,1763325224,0
1763325224785823942,[0 0 0 0 0 0 0 0],2,262,Pump RPM,785609252,1763325224,0
1763325224880290621,[0 0 0 0 0 0 0 0],2,262,Pump RPM,879280146,1763325224,0
1763325224984712002,[0 0 0 0 0 0 0 0],2,262,Pump RPM,984213949,1763325224,0
1763325225078471506,[0 0 0 0 0 0 0 0],2,262,Pump RPM,77669193,1763325225,0
1763325225213358889,[0 0 0 0 0 0 0 0],2,262,Pump RPM,212628225,1763325225,0
1763325225296268001,[0 0 0 0 0 0 0 0],2,262,Pump RPM,295371063,1763325225,0
1763325225390210802,[0 0 0 0 0 0 0 0],2,262,Pump RPM,388809379,1763325225,0
1763325225481821866,[0 0 0 0 0 0 0 0],2,262,Pump RPM,481248548,1763325225,0
1763325225586696629,[0 0 0 0 0 0 0 0],2,262,Pump RPM,585946636,1763325225,0
1763325225679661403,[0 0 0 0 0 0 0 0],2,262,Pump RPM,678647472,1763325225,0
1763325225793755245,[0 0 0 0 0 0 0 0],2,262,Pump RPM,793530058,1763325225,0
1763325225876274847,[0 0 0 0 0 0 0 0],2,262,Pump RPM,875523063,1763325225,0
1763325225991509565,[0 0 0 0 0 0 0 0],2,262,Pump RPM,991016856,1763325225,0
1763325226083735004,[0 0 0 0 0 0 0 0],2,262,Pump RPM,83288311,1763325226,0
1763325226220853069,[0 0 0 0 0 0 0 0],2,262,Pump RPM,220428072,1763325226,0
1763325226303580674,[0 0 0 0 0 0 0 0],2,262,Pump RPM,302697017,1763325226,0
1763325226395808225,[0 0 0 0 0 0 0 0],2,262,Pump RPM,394849591,1763325226,0
1763325226477415914,[0 0 0 0 0 0 0 0],2,262,Pump RPM,477224840,1763325226,0
1763325226594988035,[0 0 0 0 0 0 0 0],2,262,Pump RPM,594051608,1763325226,0
1763325226677031505,[0 0 0 0 0 0 0 0],2,262,Pump RPM,676066854,1763325226,0
1763325226790457531,[0 0 0 0 0 0 0 0],2,262,Pump RPM,789568113,1763325226,0
1763325226882398774,[0 0 0 0 0 0 0 0],2,262,Pump RPM,881704591,1763325226,0
1763325226995476829,[0 0 0 0 0 0 0 0],2,262,Pump RPM,994801045,1763325226,0
1763325227087707356,[0 0 0 0 0 0 0 0],2,262,Pump RPM,86862067,1763325227,0
1763325227221125860,[0 0 0 0 0 0 0 0],2,262,Pump RPM,220476637,1763325227,0
1763325227303803450,[0 0 0 0 0 0 0 0],2,262,Pump RPM,302942128,1763325227,0
1763325227397326600,[0 0 0 0 0 0 0 0],2,262,Pump RPM,396714913,1763325227,0
1763325227480476994,[0 0 0 0 0 0 0 0],2,262,Pump RPM,479029106,1763325227,0
1763325227593328230,[0 0 0 0 0 0 0 0],2,262,Pump RPM,591870966,1763325227,0
1763325227684495866,[0 0 0 0 0 0 0 0],2,262,Pump RPM,684213399,1763325227,0
1763325227797878852,[0 0 0 0 0 0 0 0],2,262,Pump RPM,797532288,1763325227,0
1763325227891246480,[0 0 0 0 0 0 0 0],2,262,Pump RPM,890295749,1763325227,0
1763325227993077914,[0 0 0 0 0 0 0 0],2,262,Pump RPM,992637333,1763325227,0
1763325228085016694,[0 0 0 0 0 0 0 0],2,262,Pump RPM,84811476,1763325228,0
1763325228229186679,[0 0 0 0 0 0 0 0],2,262,Pump RPM,228922100,1763325228,0
1763325228315090320,[0 0 0 0 0 0 0 0],2,262,Pump RPM,312976057,1763325228,0
1763325228395870929,[0 0 0 0 0 0 0 0],2,262,Pump RPM,394837094,1763325228,0
1763325228487148326,[0 0 0 0 0 0 0 0],2,262,Pump RPM,486886115,1763325228,0
1763325228601034966,[0 0 0 0 0 0 0 0],2,262,Pump RPM,600529041,1763325228,0
1763325228683162950,[0 0 0 0 0 0 0 0],2,262,Pump RPM,682943300,1763325228,0
1763325228795998699,[0 0 0 0 0 0 0 0],2,262,Pump RPM,795728392,1763325228,0
1763325228889307062,[0 0 0 0 0 0 0 0],2,262,Pump RPM,889083284,1763325228,0
1763325229003078533,[0 0 0 0 0 0 0 0],2,262,Pump RPM,2588544,1763325229,0
1763325229086295905,[0 0 0 0 0 0 0 0],2,262,Pump RPM,85977214,1763325229,0
1763325229232045140,[0 0 0 0 0 0 0 0],2,262,Pump RPM,231561934,1763325229,0
1763325229316075257,[0 0 0 0 0 0 0 0],2,262,Pump RPM,315089550,1763325229,0
1763325229399635961,[0 0 0 0 0 0 0 0],2,262,Pump RPM,399106355,1763325229,0
1763325229493760366,[0 0 0 0 0 0 0 0],2,262,Pump RPM,493034022,1763325229,0
1763325229598785308,[0 0 0 0 0 0 0 0],2,262,Pump RPM,598266743,1763325229,0
1763325229694544132,[0 0 0 0 0 0 0 0],2,262,Pump RPM,693957373,1763325229,0
1763325229798741129,[0 0 0 0 0 0 0 0],2,262,Pump RPM,797335737,1763325229,0
1763325229890201568,[0 0 0 0 0 0 0 0],2,262,Pump RPM,889692155,1763325229,0
1763325230003755053,[0 0 0 0 0 0 0 0],2,262,Pump RPM,2745154,1763325230,0
1763325230095608682,[0 0 0 0 0 0 0 0],2,262,Pump RPM,95342695,1763325230,0
1763325230229906270,[0 0 0 0 0 0 0 0],2,262,Pump RPM,229167733,1763325230,0
1763325230313574239,[0 0 0 0 0 0 0 0],2,262,Pump RPM,313261500,1763325230,0
1763325230411771650,[0 0 0 0 0 0 0 0],2,262,Pump RPM,408831425,1763325230,0
1763325230493896210,[0 0 0 0 0 0 0 0],2,262,Pump RPM,492614212,1763325230,0
1763325230607639170,[0 0 0 0 0 0 0 0],2,262,Pump RPM,607441952,1763325230,0
1763325230694420614,[0 0 0 0 0 0 0 0],2,262,Pump RPM,693692830,1763325230,0
1763325230807213995,[0 0 0 0 0 0 0 0],2,262,Pump RPM,805317174,1763325230,0
1763325230898584546,[0 0 0 0 0 0 0 0],2,262,Pump RPM,898367840,1763325230,0
1763325231001759612,[0 0 0 0 0 0 0 0],2,262,Pump RPM,1343447,1763325231,0
1763325231096262646,[0 0 0 0 0 0 0 0],2,262,Pump RPM,94183583,1763325231,0
1763325231241893385,[0 0 0 0 0 0 0 0],2,262,Pump RPM,240557402,1763325231,0
1763325231324312157,[0 0 0 0 0 0 0 0],2,262,Pump RPM,323206128,1763325231,0
1763325231407388760,[0 0 0 0 0 0 0 0],2,262,Pump RPM,405555300,1763325231,0
1763325231498776368,[0 0 0 0 0 0 0 0],2,262,Pump RPM,498162889,1763325231,0
1763325231611565781,[0 0 0 0 0 0 0 0],2,262,Pump RPM,610708875,1763325231,0
1763325231693098527,[0 0 0 0 0 0 0 0],2,262,Pump RPM,692721979,1763325231,0
1763325231806311145,[0 0 0 0 0 0 0 0],2,262,Pump RPM,805541473,1763325231,0
1763325231899456340,[0 0 0 0 0 0 0 0],2,262,Pump RPM,898258151,1763325231,0
1763325232012866401,[0 0 0 0 0 0 0 0],2,262,Pump RPM,12382363,1763325232,0
1763325232095249685,[0 0 0 0 0 0 0 0],2,262,Pump RPM,94446444,1763325232,0
1763325232241330349,[0 0 0 0 0 0 0 0],2,262,Pump RPM,240283329,1763325232,0
1763325232324038564,[0 0 0 0 0 0 0 0],2,262,Pump RPM,323719745,1763325232,0
1763325232406690619,[0 0 0 0 0 0 0 0],2,262,Pump RPM,406492121,1763325232,0
1763325232499634916,[0 0 0 0 0 0 0 0],2,262,Pump RPM,499358433,1763325232,0
1763325232613693080,[0 0 0 0 0 0 0 0],2,262,Pump RPM,613114130,1763325232,0
1763325232706236349,[0 0 0 0 0 0 0 0],2,262,Pump RPM,705321395,1763325232,0
1763325232807912040,[0 0 0 0 0 0 0 0],2,262,Pump RPM,807379682,1763325232,0
1763325232899804229,[0 0 0 0 0 0 0 0],2,262,Pump RPM,899558083,1763325232,0
1763325233014315038,[0 0 0 0 0 0 0 0],2,262,Pump RPM,14040731,1763325233,0
1763325233106720514,[0 0 0 0 0 0 0 0],2,262,Pump RPM,106494048,1763325233,0
1763325233242370663,[0 0 0 0 0 0 0 0],2,262,Pump RPM,241988483,1763325233,0
1763325233326007497,[0 0 0 0 0 0 0 0],2,262,Pump RPM,325709958,1763325233,0
1763325233410559093,[0 0 0 0 0 0 0 0],2,262,Pump RPM,410010607,1763325233,0
1763325233504158182,[0 0 0 0 0 0 0 0],2,262,Pump RPM,503097147,1763325233,0
1763325233617389970,[0 0 0 0 0 0 0 0],2,262,Pump RPM,616979021,1763325233,0
1763325233700050729,[0 0 0 0 0 0 0 0],2,262,Pump RPM,699108735,1763325233,0
1763325233813171443,[0 0 0 0 0 0 0 0],2,262,Pump RPM,812969905,1763325233,0
1763325233907774447,[0 0 0 0 0 0 0 0],2,262,Pump RPM,907218025,1763325233,0
1763325234020087696,[0 0 0 0 0 0 0 0],2,262,Pump RPM,19583435,1763325234,0
1763325234102898218,[0 0 0 0 0 0 0 0],2,262,Pump RPM,102317187,1763325234,0
1763325234246746410,[0 0 0 0 0 0 0 0],2,262,Pump RPM,246183940,1763325234,0
1763325234330078665,[0 0 0 0 0 0 0 0],2,262,Pump RPM,329592740,1763325234,0
1763325234412945251,[0 0 0 0 0 0 0 0],2,262,Pump RPM,412390493,1763325234,0
1763325234510260478,[0 0 0 0 0 0 0 0],2,262,Pump RPM,504740161,1763325234,0
1763325234617755498,[0 0 0 0 0 0 0 0],2,262,Pump RPM,617564328,1763325234,0
1763325234711019928,[0 0 0 0 0 0 0 0],2,262,Pump RPM,710765589,1763325234,0
1763325234814046354,[0 0 0 0 0 0 0 0],2,262,Pump RPM,813660622,1763325234,0
1763325234906529271,[0 0 0 0 0 0 0 0],2,262,Pump RPM,906271636,1763325234,0
1763325235020176456,[0 0 0 0 0 0 0 0],2,262,Pump RPM,19911845,1763325235,0
1763325235113912059,[0 0 0 0 0 0 0 0],2,262,Pump RPM,113358645,1763325235,0
1763325235248613462,[0 0 0 0 0 0 0 0],2,262,Pump RPM,248398324,1763325235,0
1763325235333562920,[0 0 0 0 0 0 0 0],2,262,Pump RPM,332873984,1763325235,0
1763325235418100405,[0 0 0 0 0 0 0 0],2,262,Pump RPM,416574308,1763325235,0
1763325235513661980,[0 0 0 0 0 0 0 0],2,262,Pump RPM,513179159,1763325235,0
1763325235617089403,[0 0 0 0 0 0 0 0],2,262,Pump RPM,616214578,1763325235,0
1763325235709728355,[0 0 0 0 0 0 0 0],2,262,Pump RPM,708537845,1763325235,0
1763325235822576811,[0 0 0 0 0 0 0 0],2,262,Pump RPM,821163131,1763325235,0
1763325235915585590,[0 0 0 0 0 0 0 0],2,262,Pump RPM,913588832,1763325235,0
1763325236028049050,[0 0 0 0 0 0 0 0],2,262,Pump RPM,27064207,1763325236,0
1763325236111036278,[0 0 0 0 0 0 0 0],2,262,Pump RPM,110708978,1763325236,0
1763325236259698765,[0 0 0 0 0 0 0 0],2,262,Pump RPM,258435839,1763325236,0
1763325236341651389,[0 0 0 0 0 0 0 0],2,262,Pump RPM,341073111,1763325236,0
1763325236424065683,[0 0 0 0 0 0 0 0],2,262,Pump RPM,423410476,1763325236,0
1763325236517324770,[0 0 0 0 0 0 0 0],2,262,Pump RPM,516426808,1763325236,0
1763325236620929539,[0 0 0 0 0 0 0 0],2,262,Pump RPM,619884759,1763325236,0
1763325236712780642,[0 0 0 0 0 0 0 0],2,262,Pump RPM,712474238,1763325236,0
1763325236827300381,[0 0 0 0 0 0 0 0],2,262,Pump RPM,826553749,1763325236,0
1763325236920021509,[0 0 0 0 0 0 0 0],2,262,Pump RPM,919193980,1763325236,0
1763325237023684552,[0 0 0 0 0 0 0 0],2,262,Pump RPM,22728445,1763325237,0
1763325237116375856,[0 0 0 0 0 0 0 0],2,262,Pump RPM,115504934,1763325237,0
1763325237261088508,[0 0 0 0 0 0 0 0],2,262,Pump RPM,260853017,1763325237,0
1763325237347741537,[0 0 0 0 0 0 0 0],2,262,Pump RPM,347098970,1763325237,0
1763325237426639088,[0 0 0 0 0 0 0 0],2,262,Pump RPM,426416398,1763325237,0
1763325237520030048,[0 0 0 0 0 0 0 0],2,262,Pump RPM,519736285,1763325237,0
1763325237624390571,[0 0 0 0 0 0 0 0],2,262,Pump RPM,623648547,1763325237,0
1763325237716685167,[0 0 0 0 0 0 0 0],2,262,Pump RPM,715885350,1763325237,0
1763325237828707951,[0 0 0 0 0 0 0 0],2,262,Pump RPM,828313354,1763325237,0
1763325237921262870,[0 0 0 0 0 0 0 0],2,262,Pump RPM,920739856,1763325237,0
1763325238024257969,[0 0 0 0 0 0 0 0],2,262,Pump RPM,23907213,1763325238,0
1763325238116853049,[0 0 0 0 0 0 0 0],2,262,Pump RPM,116373619,1763325238,0
1763325238265713204,[0 0 0 0 0 0 0 0],2,262,Pump RPM,265509681,1763325238,0
1763325238349177398,[0 0 0 0 0 0 0 0],2,262,Pump RPM,348598479,1763325238,0
1763325238432596087,[0 0 0 0 0 0 0 0],2,262,Pump RPM,431797646,1763325238,0
1763325238524496343,[0 0 0 0 0 0 0 0],2,262,Pump RPM,524192404,1763325238,0
1763325238627902135,[0 0 0 0 0 0 0 0],2,262,Pump RPM,627388466,1763325238,0
1763325238721000645,[0 0 0 0 0 0 0 0],2,262,Pump RPM,720081211,1763325238,0
1763325238833097158,[0 0 0 0 0 0 0 0],2,262,Pump RPM,832716034,1763325238,0
1763325238925758511,[0 0 0 0 0 0 0 0],2,262,Pump RPM,925198440,1763325238,0
1763325239028500679,[0 0 0 0 0 0 0 0],2,262,Pump RPM,28050242,1763325239,0
1763325239123192711,[0 0 0 0 0 0 0 0],2,262,Pump RPM,122732386,1763325239,0
1763325239266915209,[0 0 0 0 0 0 0 0],2,262,Pump RPM,266339427,1763325239,0
1763325239350649391,[0 0 0 0 0 0 0 0],2,262,Pump RPM,349897158,1763325239,0
1763325239433227719,[0 0 0 0 0 0 0 0],2,262,Pump RPM,432700417,1763325239,0
1763325239528015976,[0 0 0 0 0 0 0 0],2,262,Pump RPM,526171731,1763325239,0
1763325239630892483,[0 0 0 0 0 0 0 0],2,262,Pump RPM,630193083,1763325239,0
1763325239723798926,[0 0 0 0 0 0 0 0],2,262,Pump RPM,723536267,1763325239,0
1763325239838282314,[0 0 0 0 0 0 0 0],2,262,Pump RPM,838068712,1763325239,0
1763325239923227933,[0 0 0 0 0 0 0 0],2,262,Pump RPM,922306739,1763325239,0
1763325240040447192,[0 0 0 0 0 0 0 0],2,262,Pump RPM,39221738,1763325240,0
1763325240123803514,[0 0 0 0 0 0 0 0],2,262,Pump RPM,123386805,1763325240,0
1763325240267699038,[0 0 0 0 0 0 0 0],2,262,Pump RPM,267446107,1763325240,0
1763325240350721948,[0 0 0 0 0 0 0 0],2,262,Pump RPM,350247575,1763325240,0
1763325240433615961,[0 0 0 0 0 0 0 0],2,262,Pump RPM,433142835,1763325240,0
1763325240526310786,[0 0 0 0 0 0 0 0],2,262,Pump RPM,525334327,1763325240,0
1763325240639129292,[0 0 0 0 0 0 0 0],2,262,Pump RPM,638896490,1763325240,0
1763325240732281403,[0 0 0 0 0 0 0 0],2,262,Pump RPM,731479122,1763325240,0
1763325240834321901,[0 0 0 0 0 0 0 0],2,262,Pump RPM,833944649,1763325240,0
1763325240928162435,[0 0 0 0 0 0 0 0],2,262,Pump RPM,927456156,1763325240,0
1763325241041546484,[0 0 0 0 0 0 0 0],2,262,Pump RPM,41221584,1763325241,0
1763325241133321620,[0 0 0 0 0 0 0 0],2,262,Pump RPM,133129202,1763325241,0
1763325241267487757,[0 0 0 0 0 0 0 0],2,262,Pump RPM,266669347,1763325241,0
1763325241349988805,[0 0 0 0 0 0 0 0],2,262,Pump RPM,349523040,1763325241,0
1763325241442899057,[0 0 0 0 0 0 0 0],2,262,Pump RPM,442011720,1763325241,0
1763325241534886196,[0 0 0 0 0 0 0 0],2,262,Pump RPM,534328013,1763325241,0
1763325241639434274,[0 0 0 0 0 0 0 0],2,262,Pump RPM,637459980,1763325241,0
1763325241730247607,[0 0 0 0 0 0 0 0],2,262,Pump RPM,729875699,1763325241,0
1763325241842996417,[0 0 0 0 0 0 0 0],2,262,Pump RPM,842706718,1763325241,0
1763325241935647658,[0 0 0 0 0 0 0 0],2,262,Pump RPM,934810241,1763325241,0
1763325242038126754,[0 0 0 0 0 0 0 0],2,262,Pump RPM,37466458,1763325242,0
1763325242131136432,[0 0 0 0 0 0 0 0],2,262,Pump RPM,130867309,1763325242,0
1763325242276581127,[0 0 0 0 0 0 0 0],2,262,Pump RPM,276297764,1763325242,0
1763325242360791859,[0 0 0 0 0 0 0 0],2,262,Pump RPM,360294765,1763325242,0
1763325242443329964,[0 0 0 0 0 0 0 0],2,262,Pump RPM,442818310,1763325242,0
1763325242536998561,[0 0 0 0 0 0 0 0],2,262,Pump RPM,536174808,1763325242,0
1763325242641055242,[0 0 0 0 0 0 0 0],2,262,Pump RPM,640487332,1763325242,0
1763325242736595381,[0 0 0 0 0 0 0 0],2,262,Pump RPM,735565961,1763325242,0
1763325242851078194,[0 0 0 0 0 0 0 0],2,262,Pump RPM,850105287,1763325242,0
1763325242933845134,[0 0 0 0 0 0 0 0],2,262,Pump RPM,932288605,1763325242,0
1763325243046240756,[0 0 0 0 0 0 0 0],2,262,Pump RPM,45458380,1763325243,0
1763325243138974016,[0 0 0 0 0 0 0 0],2,262,Pump RPM,137788563,1763325243,0
1763325243284013523,[0 0 0 0 0 0 0 0],2,262,Pump RPM,283554606,1763325243,0
1763325243368006717,[0 0 0 0 0 0 0 0],2,262,Pump RPM,367133747,1763325243,0
1763325243451653955,[0 0 0 0 0 0 0 0],2,262,Pump RPM,451262494,1763325243,0
1763325243532549834,[0 0 0 0 0 0 0 0],2,262,Pump RPM,532340167,1763325243,0
1763325243646488546,[0 0 0 0 0 0 0 0],2,262,Pump RPM,646119454,1763325243,0
1763325243739764179,[0 0 0 0 0 0 0 0],2,262,Pump RPM,739391151,1763325243,0
1763325243843368984,[0 0 0 0 0 0 0 0],2,262,Pump RPM,842951443,1763325243,0
1763325243935840576,[0 0 0 0 0 0 0 0],2,262,Pump RPM,935263002,1763325243,0
1763325244048865422,[0 0 0 0 0 0 0 0],2,262,Pump RPM,48627531,1763325244,0
1763325244142122016,[0 0 0 0 0 0 0 0],2,262,Pump RPM,141758780,1763325244,0
1763325244277268453,[0 0 0 0 0 0 0 0],2,262,Pump RPM,275643571,1763325244,0
1763325244358853396,[0 0 0 0 0 0 0 0],2,262,Pump RPM,358211917,1763325244,0
1763325244450874936,[0 0 0 0 0 0 0 0],2,262,Pump RPM,450557556,1763325244,0
1763325244543386145,[0 0 0 0 0 0 0 0],2,262,Pump RPM,543099198,1763325244,0
1763325244646046396,[0 0 0 0 0 0 0 0],2,262,Pump RPM,645656023,1763325244,0
1763325244741129058,[0 0 0 0 0 0 0 0],2,262,Pump RPM,739837555,1763325244,0
1763325244853918829,[0 0 0 0 0 0 0 0],2,262,Pump RPM,852698112,1763325244,0
1763325244945664142,[0 0 0 0 0 0 0 0],2,262,Pump RPM,945341162,1763325244,0
1763325245050923718,[0 0 0 0 0 0 0 0],2,262,Pump RPM,50381888,1763325245,0
1763325245143879156,[0 0 0 0 0 0 0 0],2,262,Pump RPM,143458639,1763325245,0
1763325245280234248,[0 0 0 0 0 0 0 0],2,262,Pump RPM,279583520,1763325245,0
1763325245363291016,[0 0 0 0 0 0 0 0],2,262,Pump RPM,362085530,1763325245,0
1763325245455882610,[0 0 0 0 0 0 0 0],2,262,Pump RPM,455038857,1763325245,0
1763325245548752992,[0 0 0 0 0 0 0 0],2,262,Pump RPM,547246351,1763325245,0
1763325245649973611,[0 0 0 0 0 0 0 0],2,262,Pump RPM,649600710,1763325245,0
1763325245743164572,[0 0 0 0 0 0 0 0],2,262,Pump RPM,742609173,1763325245,0
1763325245855298529,[0 0 0 0 0 0 0 0],2,262,Pump RPM,855097662,1763325245,0
1763325245947680425,[0 0 0 0 0 0 0 0],2,262,Pump RPM,947283812,1763325245,0
1763325246060493269,[0 0 0 0 0 0 0 0],2,262,Pump RPM,59909775,1763325246,0
1763325246144852932,[0 0 0 0 0 0 0 0],2,262,Pump RPM,144321662,1763325246,0
1763325246289029584,[0 0 0 0 0 0 0 0],2,262,Pump RPM,288277927,1763325246,0
1763325246372528725,[0 0 0 0 0 0 0 0],2,262,Pump RPM,372291058,1763325246,0
1763325246455540501,[0 0 0 0 0 0 0 0],2,262,Pump RPM,454650987,1763325246,0
1763325246550202999,[0 0 0 0 0 0 0 0],2,262,Pump RPM,549352973,1763325246,0
1763325246662606367,[0 0 0 0 0 0 0 0],2,262,Pump RPM,662099033,1763325246,0
1763325246744853526,[0 0 0 0 0 0 0 0],2,262,Pump RPM,744345328,1763325246,0
1763325246860198751,[0 0 0 0 0 0 0 0],2,262,Pump RPM,859713434,1763325246,0
1763325246951550364,[0 0 0 0 0 0 0 0],2,262,Pump RPM,950857237,1763325246,0
1763325247057933698,[0 0 0 0 0 0 0 0],2,262,Pump RPM,56586355,1763325247,0
1763325247151289685,[0 0 0 0 0 0 0 0],2,262,Pump RPM,150485932,1763325247,0
1763325247289643968,[0 0 0 0 0 0 0 0],2,262,Pump RPM,287882701,1763325247,0
1763325247374506645,[0 0 0 0 0 0 0 0],2,262,Pump RPM,372498879,1763325247,0
1763325247457968762,[0 0 0 0 0 0 0 0],2,262,Pump RPM,455422334,1763325247,0
1763325247548405486,[0 0 0 0 0 0 0 0],2,262,Pump RPM,547890984,1763325247,0
1763325247664371582,[0 0 0 0 0 0 0 0],2,262,Pump RPM,663850328,1763325247,0
1763325247746013807,[0 0 0 0 0 0 0 0],2,262,Pump RPM,745512361,1763325247,0
1763325247859502308,[0 0 0 0 0 0 0 0],2,262,Pump RPM,858809756,1763325247,0
1763325247951337543,[0 0 0 0 0 0 0 0],2,262,Pump RPM,951108420,1763325247,0
1763325248064907357,[0 0 0 0 0 0 0 0],2,262,Pump RPM,64533689,1763325248,0
1763325248147521401,[0 0 0 0 0 0 0 0],2,262,Pump RPM,146813649,1763325248,0
1763325248291061630,[0 0 0 0 0 0 0 0],2,262,Pump RPM,290560409,1763325248,0
1763325248373567353,[0 0 0 0 0 0 0 0],2,262,Pump RPM,373208917,1763325248,0
1763325248465896386,[0 0 0 0 0 0 0 0],2,262,Pump RPM,465592702,1763325248,0
1763325248558984723,[0 0 0 0 0 0 0 0],2,262,Pump RPM,558234091,1763325248,0
1763325248662170549,[0 0 0 0 0 0 0 0],2,262,Pump RPM,661538670,1763325248,0
1763325248755595722,[0 0 0 0 0 0 0 0],2,262,Pump RPM,754697120,1763325248,0
1763325248867610767,[0 0 0 0 0 0 0 0],2,262,Pump RPM,867344652,1763325248,0
1763325248950091465,[0 0 0 0 0 0 0 0],2,262,Pump RPM,949410626,1763325248,0
1763325249063230587,[0 0 0 0 0 0 0 0],2,262,Pump RPM,62727798,1763325249,0
1763325249156258284,[0 0 0 0 0 0 0 0],2,262,Pump RPM,155164960,1763325249,0
1763325249300602139,[0 0 0 0 0 0 0 0],2,262,Pump RPM,300253143,1763325249,0
1763325249383455482,[0 0 0 0 0 0 0 0],2,262,Pump RPM,383158551,1763325249,0
1763325249468147950,[0 0 0 0 0 0 0 0],2,262,Pump RPM,467474854,1763325249,0
1763325249561190495,[0 0 0 0 0 0 0 0],2,262,Pump RPM,560634361,1763325249,0
1763325249671396656,[0 0 0 0 0 0 0 0],2,262,Pump RPM,670824714,1763325249,0
1763325249753563719,[0 0 0 0 0 0 0 0],2,262,Pump RPM,752930272,1763325249,0
1763325249866026098,[0 0 0 0 0 0 0 0],2,262,Pump RPM,865491948,1763325249,0
1763325249960905367,[0 0 0 0 0 0 0 0],2,262,Pump RPM,960337937,1763325249,0
1763325250074505039,[0 0 0 0 0 0 0 0],2,262,Pump RPM,73786023,1763325250,0
1763325250155515002,[0 0 0 0 0 0 0 0],2,262,Pump RPM,155188726,1763325250,0
1763325250299241954,[0 0 0 0 0 0 0 0],2,262,Pump RPM,298972159,1763325250,0
1763325250383184430,[0 0 0 0 0 0 0 0],2,262,Pump RPM,382094594,1763325250,0
1763325250466742037,[0 0 0 0 0 0 0 0],2,262,Pump RPM,466143983,1763325250,0
1763325250561508282,[0 0 0 0 0 0 0 0],2,262,Pump RPM,561025045,1763325250,0
1763325250672592021,[0 0 0 0 0 0 0 0],2,262,Pump RPM,671414888,1763325250,0
1763325250765598662,[0 0 0 0 0 0 0 0],2,262,Pump RPM,764813118,1763325250,0
1763325250866832660,[0 0 0 0 0 0 0 0],2,262,Pump RPM,866266221,1763325250,0
1763325250959790404,[0 0 0 0 0 0 0 0],2,262,Pump RPM,958676248,1763325250,0
1763325251072045165,[0 0 0 0 0 0 0 0],2,262,Pump RPM,71524487,1763325251,0
1763325251164456152,[0 0 0 0 0 0 0 0],2,262,Pump RPM,163824241,1763325251,0
1763325251308046495,[0 0 0 0 0 0 0 0],2,262,Pump RPM,307728988,1763325251,0
1763325251390698237,[0 0 0 0 0 0 0 0],2,262,Pump RPM,390430042,1763325251,0
1763325251473678942,[0 0 0 0 0 0 0 0],2,262,Pump RPM,473224793,1763325251,0
1763325251568117280,[0 0 0 0 0 0 0 0],2,262,Pump RPM,567059348,1763325251,0
1763325251670485082,[0 0 0 0 0 0 0 0],2,262,Pump RPM,670217111,1763325251,0
1763325251764563671,[0 0 0 0 0 0 0 0],2,262,Pump RPM,764228948,1763325251,0
1763325251879392253,[0 0 0 0 0 0 0 0],2,262,Pump RPM,878472595,1763325251,0
1763325251965593858,[0 0 0 0 0 0 0 0],2,262,Pump RPM,964159986,1763325251,0
1763325252076924929,[0 0 0 0 0 0 0 0],2,262,Pump RPM,76733311,1763325252,0
1763325252169944819,[0 0 0 0 0 0 0 0],2,262,Pump RPM,169538639,1763325252,0
1763325252304936859,[0 0 0 0 0 0 0 0],2,262,Pump RPM,304568215,1763325252,0
1763325252387814652,[0 0 0 0 0 0 0 0],2,262,Pump RPM,387421623,1763325252,0
1763325252480075365,[0 0 0 0 0 0 0 0],2,262,Pump RPM,479679169,1763325252,0
1763325252563282281,[0 0 0 0 0 0 0 0],2,262,Pump RPM,562378463,1763325252,0
1763325252675750453,[0 0 0 0 0 0 0 0],2,262,Pump RPM,675373329,1763325252,0
1763325252769740498,[0 0 0 0 0 0 0 0],2,262,Pump RPM,767821052,1763325252,0
1763325252882631522,[0 0 0 0 0 0 0 0],2,262,Pump RPM,882271582,1763325252,0
1763325252965581604,[0 0 0 0 0 0 0 0],2,262,Pump RPM,964237429,1763325252,0
1763325253077568298,[0 0 0 0 0 0 0 0],2,262,Pump RPM,76989924,1763325253,0
1763325253169805588,[0 0 0 0 0 0 0 0],2,262,Pump RPM,169511473,1763325253,0
1763325253313467678,[0 0 0 0 0 0 0 0],2,262,Pump RPM,313235163,1763325253,0
1763325253398475830,[0 0 0 0 0 0 0 0],2,262,Pump RPM,397512876,1763325253,0
1763325253480364300,[0 0 0 0 0 0 0 0],2,262,Pump RPM,479854630,1763325253,0
1763325253572274322,[0 0 0 0 0 0 0 0],2,262,Pump RPM,571973742,1763325253,0
1763325253685527399,[0 0 0 0 0 0 0 0],2,262,Pump RPM,685231620,1763325253,0
1763325253767611135,[0 0 0 0 0 0 0 0],2,262,Pump RPM,767211066,1763325253,0
1763325253880929621,[0 0 0 0 0 0 0 0],2,262,Pump RPM,880618833,1763325253,0
1763325253974636687,[0 0 0 0 0 0 0 0],2,262,Pump RPM,973958471,1763325253,0
1763325254077565936,[0 0 0 0 0 0 0 0],2,262,Pump RPM,76889321,1763325254,0
1763325254169309653,[0 0 0 0 0 0 0 0],2,262,Pump RPM,169111571,1763325254,0
1763325254313471973,[0 0 0 0 0 0 0 0],2,262,Pump RPM,313230562,1763325254,0
1763325254396952749,[0 0 0 0 0 0 0 0],2,262,Pump RPM,396630761,1763325254,0
1763325254480206770,[0 0 0 0 0 0 0 0],2,262,Pump RPM,478966660,1763325254,0
1763325254571646387,[0 0 0 0 0 0 0 0],2,262,Pump RPM,571108429,1763325254,0
1763325254687017760,[0 0 0 0 0 0 0 0],2,262,Pump RPM,686678108,1763325254,0
1763325254769133049,[0 0 0 0 0 0 0 0],2,262,Pump RPM,768877526,1763325254,0
1763325254882998357,[0 0 0 0 0 0 0 0],2,262,Pump RPM,882708178,1763325254,0
1763325254976382316,[0 0 0 0 0 0 0 0],2,262,Pump RPM,975842790,1763325254,0
1763325255089850532,[0 0 0 0 0 0 0 0],2,262,Pump RPM,89273150,1763325255,0
1763325255172830951,[0 0 0 0 0 0 0 0],2,262,Pump RPM,172130431,1763325255,0
1763325255316818005,[0 0 0 0 0 0 0 0],2,262,Pump RPM,316183758,1763325255,0
1763325255399607670,[0 0 0 0 0 0 0 0],2,262,Pump RPM,399341971,1763325255,0
1763325255483481666,[0 0 0 0 0 0 0 0],2,262,Pump RPM,481866928,1763325255,0
1763325255574914084,[0 0 0 0 0 0 0 0],2,262,Pump RPM,574134619,1763325255,0
1763325255690133264,[0 0 0 0 0 0 0 0],2,262,Pump RPM,687125134,1763325255,0
1763325255779850206,[0 0 0 0 0 0 0 0],2,262,Pump RPM,779352920,1763325255,0
1763325255893065683,[0 0 0 0 0 0 0 0],2,262,Pump RPM,892481005,1763325255,0
1763325255975568913,[0 0 0 0 0 0 0 0],2,262,Pump RPM,975351470,1763325255,0
1763325256090408825,[0 0 0 0 0 0 0 0],2,262,Pump RPM,89813010,1763325256,0
1763325256183282283,[0 0 0 0 0 0 0 0],2,262,Pump RPM,182785509,1763325256,0
1763325256318429399,[0 0 0 0 0 0 0 0],2,262,Pump RPM,318059122,1763325256,0
1763325256401525595,[0 0 0 0 0 0 0 0],2,262,Pump RPM,400995541,1763325256,0
1763325256494405325,[0 0 0 0 0 0 0 0],2,262,Pump RPM,493893191,1763325256,0
1763325256577372591,[0 0 0 0 0 0 0 0],2,262,Pump RPM,576369924,1763325256,0
1763325256689439353,[0 0 0 0 0 0 0 0],2,262,Pump RPM,688965491,1763325256,0
1763325256781644451,[0 0 0 0 0 0 0 0],2,262,Pump RPM,781065180,1763325256,0
1763325256894286995,[0 0 0 0 0 0 0 0],2,262,Pump RPM,893776173,1763325256,0
1763325256977115252,[0 0 0 0 0 0 0 0],2,262,Pump RPM,976002727,1763325256,0
1763325257089681731,[0 0 0 0 0 0 0 0],2,262,Pump RPM,89021723,1763325257,0
1763325257181279207,[0 0 0 0 0 0 0 0],2,262,Pump RPM,181069892,1763325257,0
1763325257326066272,[0 0 0 0 0 0 0 0],2,262,Pump RPM,325406424,1763325257,0
1763325257410046734,[0 0 0 0 0 0 0 0],2,262,Pump RPM,409486344,1763325257,0
1763325257495705679,[0 0 0 0 0 0 0 0],2,262,Pump RPM,494839718,1763325257,0
1763325257589402891,[0 0 0 0 0 0 0 0],2,262,Pump RPM,589031143,1763325257,0
1763325257692262061,[0 0 0 0 0 0 0 0],2,262,Pump RPM,691338403,1763325257,0
1763325257784455672,[0 0 0 0 0 0 0 0],2,262,Pump RPM,783746928,1763325257,0
1763325257897206089,[0 0 0 0 0 0 0 0],2,262,Pump RPM,896613090,1763325257,0
1763325257989667191,[0 0 0 0 0 0 0 0],2,262,Pump RPM,989256850,1763325257,0
1763325258092826045,[0 0 0 0 0 0 0 0],2,262,Pump RPM,91920498,1763325258,0
1763325258185553102,[0 0 0 0 0 0 0 0],2,262,Pump RPM,184295647,1763325258,0
1763325258329869794,[0 0 0 0 0 0 0 0],2,262,Pump RPM,329391452,1763325258,0
1763325258413374507,[0 0 0 0 0 0 0 0],2,262,Pump RPM,412356672,1763325258,0
1763325258495861321,[0 0 0 0 0 0 0 0],2,262,Pump RPM,495075392,1763325258,0
1763325258589599365,[0 0 0 0 0 0 0 0],2,262,Pump RPM,589189537,1763325258,0
1763325258692976526,[0 0 0 0 0 0 0 0],2,262,Pump RPM,691980867,1763325258,0
1763325258784496049,[0 0 0 0 0 0 0 0],2,262,Pump RPM,784190158,1763325258,0
1763325258898428720,[0 0 0 0 0 0 0 0],2,262,Pump RPM,897071041,1763325258,0
1763325258992679922,[0 0 0 0 0 0 0 0],2,262,Pump RPM,990773533,1763325258,0
1763325259104719901,[0 0 0 0 0 0 0 0],2,262,Pump RPM,103296845,1763325259,0
1763325259187089210,[0 0 0 0 0 0 0 0],2,262,Pump RPM,186681141,1763325259,0
1763325259330205953,[0 0 0 0 0 0 0 0],2,262,Pump RPM,329560026,1763325259,0
1763325259414210640,[0 0 0 0 0 0 0 0],2,262,Pump RPM,412522173,1763325259,0
1763325259496711247,[0 0 0 0 0 0 0 0],2,262,Pump RPM,495271231,1763325259,0
1763325259589820356,[0 0 0 0 0 0 0 0],2,262,Pump RPM,589347391,1763325259,0
1763325259701675021,[0 0 0 0 0 0 0 0],2,262,Pump RPM,701096102,1763325259,0
1763325259790263663,[0 0 0 0 0 0 0 0],2,262,Pump RPM,789707625,1763325259,0
1763325259903013506,[0 0 0 0 0 0 0 0],2,262,Pump RPM,902758815,1763325259,0
1763325259986103943,[0 0 0 0 0 0 0 0],2,262,Pump RPM,985646018,1763325259,0
1763325260101058290,[0 0 0 0 0 0 0 0],2,262,Pump RPM,100721166,1763325260,0
1763325260192971035,[0 0 0 0 0 0 0 0],2,262,Pump RPM,191717229,1763325260,0
1763325260339191813,[0 0 0 0 0 0 0 0],2,262,Pump RPM,336194020,1763325260,0
1763325260420326293,[0 0 0 0 0 0 0 0],2,262,Pump RPM,419615021,1763325260,0
1763325260503337369,[0 0 0 0 0 0 0 0],2,262,Pump RPM,502286894,1763325260,0
1763325260595817672,[0 0 0 0 0 0 0 0],2,262,Pump RPM,595131905,1763325260,0
1763325260709826153,[0 0 0 0 0 0 0 0],2,262,Pump RPM,707796018,1763325260,0
1763325260792692204,[0 0 0 0 0 0 0 0],2,262,Pump RPM,792119622,1763325260,0
1763325260904791096,[0 0 0 0 0 0 0 0],2,262,Pump RPM,904331922,1763325260,0
1763325260997051108,[0 0 0 0 0 0 0 0],2,262,Pump RPM,996780417,1763325260,0
1763325261110316253,[0 0 0 0 0 0 0 0],2,262,Pump RPM,109437875,1763325261,0
1763325261191831249,[0 0 0 0 0 0 0 0],2,262,Pump RPM,191484941,1763325261,0
1763325261337653048,[0 0 0 0 0 0 0 0],2,262,Pump RPM,337240883,1763325261,0
1763325261421447653,[0 0 0 0 0 0 0 0],2,262,Pump RPM,420719165,1763325261,0
1763325261504225832,[0 0 0 0 0 0 0 0],2,262,Pump RPM,503650721,1763325261,0
1763325261599406869,[0 0 0 0 0 0 0 0],2,262,Pump RPM,598690893,1763325261,0
1763325261711191518,[0 0 0 0 0 0 0 0],2,262,Pump RPM,710860666,1763325261,0
1763325261795632115,[0 0 0 0 0 0 0 0],2,262,Pump RPM,794775817,1763325261,0
1763325261909442418,[0 0 0 0 0 0 0 0],2,262,Pump RPM,908990797,1763325261,0
1763325262002391462,[0 0 0 0 0 0 0 0],2,262,Pump RPM,1777855,1763325262,0
1763325262105258347,[0 0 0 0 0 0 0 0],2,262,Pump RPM,104686276,1763325262,0
1763325262198224608,[0 0 0 0 0 0 0 0],2,262,Pump RPM,197516696,1763325262,0
1763325262342603767,[0 0 0 0 0 0 0 0],2,262,Pump RPM,341783278,1763325262,0
1763325262424946197,[0 0 0 0 0 0 0 0],2,262,Pump RPM,424476592,1763325262,0
1763325262507903897,[0 0 0 0 0 0 0 0],2,262,Pump RPM,506983311,1763325262,0
1763325262600581579,[0 0 0 0 0 0 0 0],2,262,Pump RPM,600278728,1763325262,0
1763325262713501537,[0 0 0 0 0 0 0 0],2,262,Pump RPM,713260734,1763325262,0
1763325262796442949,[0 0 0 0 0 0 0 0],2,262,Pump RPM,795814590,1763325262,0
1763325262910003714,[0 0 0 0 0 0 0 0],2,262,Pump RPM,909212473,1763325262,0
1763325263002159150,[0 0 0 0 0 0 0 0],2,262,Pump RPM,1906091,1763325263,0
1763325263116366131,[0 0 0 0 0 0 0 0],2,262,Pump RPM,115617994,1763325263,0
1763325263199148182,[0 0 0 0 0 0 0 0],2,262,Pump RPM,197743398,1763325263,0
1763325263342681252,[0 0 0 0 0 0 0 0],2,262,Pump RPM,342434881,1763325263,0
1763325263425803115,[0 0 0 0 0 0 0 0],2,262,Pump RPM,425167811,1763325263,0
1763325263507810437,[0 0 0 0 0 0 0 0],2,262,Pump RPM,507620611,1763325263,0
1763325263601506179,[0 0 0 0 0 0 0 0],2,262,Pump RPM,600126451,1763325263,0
1763325263714803965,[0 0 0 0 0 0 0 0],2,262,Pump RPM,714313591,1763325263,0
1763325263811116696,[0 0 0 0 0 0 0 0],2,262,Pump RPM,809048737,1763325263,0
1763325263913811675,[0 0 0 0 0 0 0 0],2,262,Pump RPM,913262325,1763325263,0
1763325264007367671,[0 0 0 0 0 0 0 0],2,262,Pump RPM,5396545,1763325264,0
1763325264119464772,[0 0 0 0 0 0 0 0],2,262,Pump RPM,119004031,1763325264,0
1763325264201576256,[0 0 0 0 0 0 0 0],2,262,Pump RPM,201067482,1763325264,0
1763325264346713729,[0 0 0 0 0 0 0 0],2,262,Pump RPM,345953368,1763325264,0
1763325264430852660,[0 0 0 0 0 0 0 0],2,262,Pump RPM,430458287,1763325264,0
1763325264514668771,[0 0 0 0 0 0 0 0],2,262,Pump RPM,514300766,1763325264,0
1763325264607651769,[0 0 0 0 0 0 0 0],2,262,Pump RPM,607186771,1763325264,0
1763325264722254658,[0 0 0 0 0 0 0 0],2,262,Pump RPM,721660315,1763325264,0
1763325264804612961,[0 0 0 0 0 0 0 0],2,262,Pump RPM,804300797,1763325264,0
1763325264917466838,[0 0 0 0 0 0 0 0],2,262,Pump RPM,917213555,1763325264,0
1763325265011798683,[0 0 0 0 0 0 0 0],2,262,Pump RPM,11273206,1763325265,0
1763325265115160327,[0 0 0 0 0 0 0 0],2,262,Pump RPM,114593696,1763325265,0
1763325265208054556,[0 0 0 0 0 0 0 0],2,262,Pump RPM,207386965,1763325265,0
1763325265352938843,[0 0 0 0 0 0 0 0],2,262,Pump RPM,352608151,1763325265,0
1763325265438452029,[0 0 0 0 0 0 0 0],2,262,Pump RPM,437292176,1763325265,0
1763325265522826867,[0 0 0 0 0 0 0 0],2,262,Pump RPM,519261163,1763325265,0
1763325265613660369,[0 0 0 0 0 0 0 0],2,262,Pump RPM,613361262,1763325265,0
1763325265717969159,[0 0 0 0 0 0 0 0],2,262,Pump RPM,716975772,1763325265,0
1763325265810849628,[0 0 0 0 0 0 0 0],2,262,Pump RPM,810285558,1763325265,0
1763325265923543985,[0 0 0 0 0 0 0 0],2,262,Pump RPM,922668711,1763325265,0
1763325266005738062,[0 0 0 0 0 0 0 0],2,262,Pump RPM,5538955,1763325266,0
1763325266121015648,[0 0 0 0 0 0 0 0],2,262,Pump RPM,119270316,1763325266,0
1763325266215214340,[0 0 0 0 0 0 0 0],2,262,Pump RPM,213849557,1763325266,0
1763325266359452060,[0 0 0 0 0 0 0 0],2,262,Pump RPM,358126061,1763325266,0
1763325266443315852,[0 0 0 0 0 0 0 0],2,262,Pump RPM,441657498,1763325266,0
1763325266525245671,[0 0 0 0 0 0 0 0],2,262,Pump RPM,524368573,1763325266,0
1763325266620982140,[0 0 0 0 0 0 0 0],2,262,Pump RPM,617743768,1763325266,0
1763325266721707626,[0 0 0 0 0 0 0 0],2,262,Pump RPM,720955362,1763325266,0
1763325266813948345,[0 0 0 0 0 0 0 0],2,262,Pump RPM,813571701,1763325266,0
1763325266929358860,[0 0 0 0 0 0 0 0],2,262,Pump RPM,928698789,1763325266,0
1763325267012370803,[0 0 0 0 0 0 0 0],2,262,Pump RPM,11152037,1763325267,0
1763325267125330859,[0 0 0 0 0 0 0 0],2,262,Pump RPM,124665476,1763325267,0
1763325267216682000,[0 0 0 0 0 0 0 0],2,262,Pump RPM,216488174,1763325267,0
1763325267361393806,[0 0 0 0 0 0 0 0],2,262,Pump RPM,360974697,1763325267,0
1763325267444144914,[0 0 0 0 0 0 0 0],2,262,Pump RPM,443664812,1763325267,0
1763325267528061507,[0 0 0 0 0 0 0 0],2,262,Pump RPM,527423708,1763325267,0
1763325267621633217,[0 0 0 0 0 0 0 0],2,262,Pump RPM,621409278,1763325267,0
1763325267725506067,[0 0 0 0 0 0 0 0],2,262,Pump RPM,725133294,1763325267,0
1763325267818195815,[0 0 0 0 0 0 0 0],2,262,Pump RPM,817445566,1763325267,0
1763325267932427469,[0 0 0 0 0 0 0 0],2,262,Pump RPM,931416930,1763325267,0
1763325268014109829,[0 0 0 0 0 0 0 0],2,262,Pump RPM,13558847,1763325268,0
1763325268127709445,[0 0 0 0 0 0 0 0],2,262,Pump RPM,127470210,1763325268,0
1763325268220215927,[0 0 0 0 0 0 0 0],2,262,Pump RPM,219682481,1763325268,0
1763325268366138883,[0 0 0 0 0 0 0 0],2,262,Pump RPM,365725119,1763325268,0
1763325268452641490,[0 0 0 0 0 0 0 0],2,262,Pump RPM,452053771,1763325268,0
1763325268534326250,[0 0 0 0 0 0 0 0],2,262,Pump RPM,533696483,1763325268,0
1763325268617155247,[0 0 0 0 0 0 0 0],2,262,Pump RPM,616760299,1763325268,0
1763325268732291520,[0 0 0 0 0 0 0 0],2,262,Pump RPM,730387723,1763325268,0
1763325268822737691,[0 0 0 0 0 0 0 0],2,262,Pump RPM,822347575,1763325268,0
1763325268935512114,[0 0 0 0 0 0 0 0],2,262,Pump RPM,935315632,1763325268,0
1763325269018227990,[0 0 0 0 0 0 0 0],2,262,Pump RPM,17561839,1763325269,0
1763325269131438802,[0 0 0 0 0 0 0 0],2,262,Pump RPM,130821995,1763325269,0
1763325269225178706,[0 0 0 0 0 0 0 0],2,262,Pump RPM,224904815,1763325269,0
1763325269363652587,[0 0 0 0 0 0 0 0],2,262,Pump RPM,360246725,1763325269,0
1763325269444797406,[0 0 0 0 0 0 0 0],2,262,Pump RPM,444012501,1763325269,0
1763325269538311772,[0 0 0 0 0 0 0 0],2,262,Pump RPM,537375025,1763325269,0
1763325269621107041,[0 0 0 0 0 0 0 0],2,262,Pump RPM,620560667,1763325269,0
1763325269734573696,[0 0 0 0 0 0 0 0],2,262,Pump RPM,734037050,1763325269,0
1763325269819758144,[0 0 0 0 0 0 0 0],2,262,Pump RPM,819521949,1763325269,0
1763325269934920018,[0 0 0 0 0 0 0 0],2,262,Pump RPM,934358123,1763325269,0
1763325270028620786,[0 0 0 0 0 0 0 0],2,262,Pump RPM,28241581,1763325270,0
1763325270131571578,[0 0 0 0 0 0 0 0],2,262,Pump RPM,131173910,1763325270,0
1763325270224610547,[0 0 0 0 0 0 0 0],2,262,Pump RPM,224025485,1763325270,0
1763325270368549834,[0 0 0 0 0 0 0 0],2,262,Pump RPM,368092389,1763325270,0
1763325270451700180,[0 0 0 0 0 0 0 0],2,262,Pump RPM,451420497,1763325270,0
1763325270534625851,[0 0 0 0 0 0 0 0],2,262,Pump RPM,534183606,1763325270,0
1763325270627262127,[0 0 0 0 0 0 0 0],2,262,Pump RPM,626930027,1763325270,0
1763325270740262793,[0 0 0 0 0 0 0 0],2,262,Pump RPM,739779076,1763325270,0
1763325270822466632,[0 0 0 0 0 0 0 0],2,262,Pump RPM,821880481,1763325270,0
1763325270935057981,[0 0 0 0 0 0 0 0],2,262,Pump RPM,934839579,1763325270,0
1763325271028047062,[0 0 0 0 0 0 0 0],2,262,Pump RPM,26962186,1763325271,0
1763325271140429097,[0 0 0 0 0 0 0 0],2,262,Pump RPM,139766562,1763325271,0
1763325271223669492,[0 0 0 0 0 0 0 0],2,262,Pump RPM,223313904,1763325271,0
1763325271368162674,[0 0 0 0 0 0 0 0],2,262,Pump RPM,367808046,1763325271,0
1763325271450997400,[0 0 0 0 0 0 0 0],2,262,Pump RPM,450629396,1763325271,0
1763325271544208435,[0 0 0 0 0 0 0 0],2,262,Pump RPM,543531692,1763325271,0
1763325271626464979,[0 0 0 0 0 0 0 0],2,262,Pump RPM,625579209,1763325271,0
1763325271740129205,[0 0 0 0 0 0 0 0],2,262,Pump RPM,739110250,1763325271,0
1763325271830966838,[0 0 0 0 0 0 0 0],2,262,Pump RPM,830766419,1763325271,0
1763325271945896358,[0 0 0 0 0 0 0 0],2,262,Pump RPM,945375360,1763325271,0
1763325272029190257,[0 0 0 0 0 0 0 0],2,262,Pump RPM,28486825,1763325272,0
1763325272143718685,[0 0 0 0 0 0 0 0],2,262,Pump RPM,143134551,1763325272,0
1763325272235815436,[0 0 0 0 0 0 0 0],2,262,Pump RPM,235313959,1763325272,0
1763325272369748244,[0 0 0 0 0 0 0 0],2,262,Pump RPM,369289646,1763325272,0
1763325272453861033,[0 0 0 0 0 0 0 0],2,262,Pump RPM,453368291,1763325272,0
1763325272546087737,[0 0 0 0 0 0 0 0],2,262,Pump RPM,545796502,1763325272,0
1763325272628845951,[0 0 0 0 0 0 0 0],2,262,Pump RPM,628155959,1763325272,0
1763325272741079857,[0 0 0 0 0 0 0 0],2,262,Pump RPM,740776142,1763325272,0
1763325272833287649,[0 0 0 0 0 0 0 0],2,262,Pump RPM,832770428,1763325272,0
1763325272946572736,[0 0 0 0 0 0 0 0],2,262,Pump RPM,945786263,1763325272,0
1763325273031759297,[0 0 0 0 0 0 0 0],2,262,Pump RPM,29544936,1763325273,0
1763325273146235949,[0 0 0 0 0 0 0 0],2,262,Pump RPM,145454404,1763325273,0
1763325273240382451,[0 0 0 0 0 0 0 0],2,262,Pump RPM,238797729,1763325273,0
1763325273375634730,[0 0 0 0 0 0 0 0],2,262,Pump RPM,374084824,1763325273,0
1763325273457707208,[0 0 0 0 0 0 0 0],2,262,Pump RPM,456751933,1763325273,0
1763325273550580032,[0 0 0 0 0 0 0 0],2,262,Pump RPM,549491284,1763325273,0
1763325273632072472,[0 0 0 0 0 0 0 0],2,262,Pump RPM,631626323,1763325273,0
1763325273746993929,[0 0 0 0 0 0 0 0],2,262,Pump RPM,744496365,1763325273,0
1763325273836967809,[0 0 0 0 0 0 0 0],2,262,Pump RPM,836778047,1763325273,0
1763325273952224373,[0 0 0 0 0 0 0 0],2,262,Pump RPM,951153353,1763325273,0
1763325274036025575,[0 0 0 0 0 0 0 0],2,262,Pump RPM,35227326,1763325274,0
1763325274146924876,[0 0 0 0 0 0 0 0],2,262,Pump RPM,146120642,1763325274,0
1763325274241536856,[0 0 0 0 0 0 0 0],2,262,Pump RPM,240946769,1763325274,0
1763325274376386250,[0 0 0 0 0 0 0 0],2,262,Pump RPM,375983238,1763325274,0
1763325274461188968,[0 0 0 0 0 0 0 0],2,262,Pump RPM,459276498,1763325274,0
1763325274552518831,[0 0 0 0 0 0 0 0],2,262,Pump RPM,552302156,1763325274,0
1763325274635448087,[0 0 0 0 0 0 0 0],2,262,Pump RPM,634952049,1763325274,0
1763325274749595008,[0 0 0 0 0 0 0 0],2,262,Pump RPM,748894296,1763325274,0
1763325274841691088,[0 0 0 0 0 0 0 0],2,262,Pump RPM,841317195,1763325274,0
1763325274955715095,[0 0 0 0 0 0 0 0],2,262,Pump RPM,954887822,1763325274,0
1763325275037061486,[0 0 0 0 0 0 0 0],2,262,Pump RPM,36575912,1763325275,0
1763325275151583675,[0 0 0 0 0 0 0 0],2,262,Pump RPM,151091925,1763325275,0
1763325275243844237,[0 0 0 0 0 0 0 0],2,262,Pump RPM,243434408,1763325275,0
1763325275388904595,[0 0 0 0 0 0 0 0],2,262,Pump RPM,387916424,1763325275,0
1763325275471457496,[0 0 0 0 0 0 0 0],2,262,Pump RPM,470621614,1763325275,0
1763325275554586371,[0 0 0 0 0 0 0 0],2,262,Pump RPM,553855482,1763325275,0
1763325275649167471,[0 0 0 0 0 0 0 0],2,262,Pump RPM,647368027,1763325275,0
1763325275750374054,[0 0 0 0 0 0 0 0],2,262,Pump RPM,750016866,1763325275,0
1763325275843692228,[0 0 0 0 0 0 0 0],2,262,Pump RPM,842835130,1763325275,0
1763325275956541246,[0 0 0 0 0 0 0 0],2,262,Pump RPM,955833718,1763325275,0
1763325276048158025,[0 0 0 0 0 0 0 0],2,262,Pump RPM,47719620,1763325276,0
1763325276151361399,[0 0 0 0 0 0 0 0],2,262,Pump RPM,150694480,1763325276,0
1763325276244876920,[0 0 0 0 0 0 0 0],2,262,Pump RPM,244140944,1763325276,0
1763325276389751869,[0 0 0 0 0 0 0 0],2,262,Pump RPM,388921651,1763325276,0
1763325276472870280,[0 0 0 0 0 0 0 0],2,262,Pump RPM,472208288,1763325276,0
1763325276555321163,[0 0 0 0 0 0 0 0],2,262,Pump RPM,554520706,1763325276,0
1763325276647733631,[0 0 0 0 0 0 0 0],2,262,Pump RPM,647006167,1763325276,0
1763325276761481253,[0 0 0 0 0 0 0 0],2,262,Pump RPM,760482809,1763325276,0
1763325276843877864,[0 0 0 0 0 0 0 0],2,262,Pump RPM,843326657,1763325276,0
1763325276960844689,[0 0 0 0 0 0 0 0],2,262,Pump RPM,956679874,1763325276,0
1763325277050489670,[0 0 0 0 0 0 0 0],2,262,Pump RPM,49915808,1763325277,0
1763325277156120752,[0 0 0 0 0 0 0 0],2,262,Pump RPM,154994019,1763325277,0
1763325277248225633,[0 0 0 0 0 0 0 0],2,262,Pump RPM,247275958,1763325277,0
1763325277400385529,[0 0 0 0 0 0 0 0],2,262,Pump RPM,396566733,1763325277,0
1763325277480077277,[0 0 0 0 0 0 0 0],2,262,Pump RPM,478751374,1763325277,0
1763325277561919418,[0 0 0 0 0 0 0 0],2,262,Pump RPM,561132785,1763325277,0
1763325277654810964,[0 0 0 0 0 0 0 0],2,262,Pump RPM,653234242,1763325277,0
1763325277758431175,[0 0 0 0 0 0 0 0],2,262,Pump RPM,756359344,1763325277,0
1763325277849836784,[0 0 0 0 0 0 0 0],2,262,Pump RPM,849143689,1763325277,0
1763325277961363197,[0 0 0 0 0 0 0 0],2,262,Pump RPM,961046969,1763325277,0
1763325278054958815,[0 0 0 0 0 0 0 0],2,262,Pump RPM,53789234,1763325278,0
1763325278156954816,[0 0 0 0 0 0 0 0],2,262,Pump RPM,156231000,1763325278,0
1763325278250648195,[0 0 0 0 0 0 0 0],2,262,Pump RPM,249861978,1763325278,0
1763325278396118384,[0 0 0 0 0 0 0 0],2,262,Pump RPM,395536809,1763325278,0
1763325278480193863,[0 0 0 0 0 0 0 0],2,262,Pump RPM,478720726,1763325278,0
1763325278563207697,[0 0 0 0 0 0 0 0],2,262,Pump RPM,562639211,1763325278,0
1763325278656188684,[0 0 0 0 0 0 0 0],2,262,Pump RPM,655621158,1763325278,0
1763325278758867637,[0 0 0 0 0 0 0 0],2,262,Pump RPM,757908970,1763325278,0
1763325278851588782,[0 0 0 0 0 0 0 0],2,262,Pump RPM,850971687,1763325278,0
1763325278965058353,[0 0 0 0 0 0 0 0],2,262,Pump RPM,963891619,1763325278,0
1763325279056559035,[0 0 0 0 0 0 0 0],2,262,Pump RPM,56304664,1763325279,0
1763325279170473604,[0 0 0 0 0 0 0 0],2,262,Pump RPM,169825116,1763325279,0
1763325279253230508,[0 0 0 0 0 0 0 0],2,262,Pump RPM,252484899,1763325279,0
1763325279396709154,[0 0 0 0 0 0 0 0],2,262,Pump RPM,396137244,1763325279,0
1763325279481549218,[0 0 0 0 0 0 0 0],2,262,Pump RPM,481203934,1763325279,0
1763325279562377396,[0 0 0 0 0 0 0 0],2,262,Pump RPM,562032752,1763325279,0
1763325279655144109,[0 0 0 0 0 0 0 0],2,262,Pump RPM,654638696,1763325279,0
1763325279769346073,[0 0 0 0 0 0 0 0],2,262,Pump RPM,768942932,1763325279,0
1763325279861031270,[0 0 0 0 0 0 0 0],2,262,Pump RPM,860644865,1763325279,0
1763325279964638522,[0 0 0 0 0 0 0 0],2,262,Pump RPM,963587086,1763325279,0
1763325280056240934,[0 0 0 0 0 0 0 0],2,262,Pump RPM,55649695,1763325280,0
1763325280169423302,[0 0 0 0 0 0 0 0],2,262,Pump RPM,169093283,1763325280,0
1763325280261818204,[0 0 0 0 0 0 0 0],2,262,Pump RPM,261316662,1763325280,0
1763325280395877864,[0 0 0 0 0 0 0 0],2,262,Pump RPM,395372579,1763325280,0
1763325280480118594,[0 0 0 0 0 0 0 0],2,262,Pump RPM,479430842,1763325280,0
1763325280573221439,[0 0 0 0 0 0 0 0],2,262,Pump RPM,572706521,1763325280,0
1763325280656960018,[0 0 0 0 0 0 0 0],2,262,Pump RPM,655611651,1763325280,0
1763325280768393023,[0 0 0 0 0 0 0 0],2,262,Pump RPM,767883705,1763325280,0
1763325280860558962,[0 0 0 0 0 0 0 0],2,262,Pump RPM,860195470,1763325280,0
1763325280973485839,[0 0 0 0 0 0 0 0],2,262,Pump RPM,972918345,1763325280,0
1763325281058225550,[0 0 0 0 0 0 0 0],2,262,Pump RPM,56493915,1763325281,0
1763325281169902974,[0 0 0 0 0 0 0 0],2,262,Pump RPM,169368440,1763325281,0
1763325281263911110,[0 0 0 0 0 0 0 0],2,262,Pump RPM,262928667,1763325281,0
1763325281407736066,[0 0 0 0 0 0 0 0],2,262,Pump RPM,407119515,1763325281,0
1763325281490428970,[0 0 0 0 0 0 0 0],2,262,Pump RPM,490205351,1763325281,0
1763325281574664099,[0 0 0 0 0 0 0 0],2,262,Pump RPM,574084317,1763325281,0
1763325281659401794,[0 0 0 0 0 0 0 0],2,262,Pump RPM,658770587,1763325281,0
1763325281778831754,[0 0 0 0 0 0 0 0],2,262,Pump RPM,776768307,1763325281,0
1763325281863066563,[0 0 0 0 0 0 0 0],2,262,Pump RPM,861484785,1763325281,0
1763325281977729525,[0 0 0 0 0 0 0 0],2,262,Pump RPM,976360646,1763325281,0
1763325282061107621,[0 0 0 0 0 0 0 0],2,262,Pump RPM,58986797,1763325282,0
1763325282172968695,[0 0 0 0 0 0 0 0],2,262,Pump RPM,172779029,1763325282,0
1763325282266066869,[0 0 0 0 0 0 0 0],2,262,Pump RPM,265374254,1763325282,0
1763325282409800593,[0 0 0 0 0 0 0 0],2,262,Pump RPM,409208138,1763325282,0
1763325282492180725,[0 0 0 0 0 0 0 0],2,262,Pump RPM,491813649,1763325282,0
1763325282576985014,[0 0 0 0 0 0 0 0],2,262,Pump RPM,576393999,1763325282,0
1763325282671086047,[0 0 0 0 0 0 0 0],2,262,Pump RPM,670842780,1763325282,0
1763325282773674216,[0 0 0 0 0 0 0 0],2,262,Pump RPM,773155939,1763325282,0
1763325282866539492,[0 0 0 0 0 0 0 0],2,262,Pump RPM,865787579,1763325282,0
1763325282979974376,[0 0 0 0 0 0 0 0],2,262,Pump RPM,978937948,1763325282,0
1763325283072027611,[0 0 0 0 0 0 0 0],2,262,Pump RPM,71186065,1763325283,0
1763325283173806491,[0 0 0 0 0 0 0 0],2,262,Pump RPM,173345622,1763325283,0
1763325283266319187,[0 0 0 0 0 0 0 0],2,262,Pump RPM,265957487,1763325283,0
1763325283412603532,[0 0 0 0 0 0 0 0],2,262,Pump RPM,412293128,1763325283,0
1763325283494545228,[0 0 0 0 0 0 0 0],2,262,Pump RPM,494199784,1763325283,0
1763325283579261323,[0 0 0 0 0 0 0 0],2,262,Pump RPM,579022569,1763325283,0
1763325283672032422,[0 0 0 0 0 0 0 0],2,262,Pump RPM,671181788,1763325283,0
1763325283775522266,[0 0 0 0 0 0 0 0],2,262,Pump RPM,774874835,1763325283,0
1763325283868559960,[0 0 0 0 0 0 0 0],2,262,Pump RPM,868114227,1763325283,0
1763325283984360567,[0 0 0 0 0 0 0 0],2,262,Pump RPM,980709198,1763325283,0
1763325284073810317,[0 0 0 0 0 0 0 0],2,262,Pump RPM,73086436,1763325284,0
1763325284177043998,[0 0 0 0 0 0 0 0],2,262,Pump RPM,176619769,1763325284,0
1763325284268924783,[0 0 0 0 0 0 0 0],2,262,Pump RPM,268594827,1763325284,0
1763325284412998063,[0 0 0 0 0 0 0 0],2,262,Pump RPM,412267495,1763325284,0
1763325284495260147,[0 0 0 0 0 0 0 0],2,262,Pump RPM,494766158,1763325284,0
1763325284578134398,[0 0 0 0 0 0 0 0],2,262,Pump RPM,577111475,1763325284,0
1763325284669558122,[0 0 0 0 0 0 0 0],2,262,Pump RPM,669195206,1763325284,0
1763325284783037424,[0 0 0 0 0 0 0 0],2,262,Pump RPM,782109925,1763325284,0
1763325284875654825,[0 0 0 0 0 0 0 0],2,262,Pump RPM,874801407,1763325284,0
1763325284988383718,[0 0 0 0 0 0 0 0],2,262,Pump RPM,987914145,1763325284,0
1763325285072067771,[0 0 0 0 0 0 0 0],2,262,Pump RPM,71432403,1763325285,0
1763325285184786936,[0 0 0 0 0 0 0 0],2,262,Pump RPM,183914158,1763325285,0
1763325285277304689,[0 0 0 0 0 0 0 0],2,262,Pump RPM,276742250,1763325285,0
1763325285421026093,[0 0 0 0 0 0 0 0],2,262,Pump RPM,420459111,1763325285,0
1763325285503296498,[0 0 0 0 0 0 0 0],2,262,Pump RPM,503019759,1763325285,0
1763325285586387679,[0 0 0 0 0 0 0 0],2,262,Pump RPM,585478165,1763325285,0
1763325285679241180,[0 0 0 0 0 0 0 0],2,262,Pump RPM,678849847,1763325285,0
1763325285781966888,[0 0 0 0 0 0 0 0],2,262,Pump RPM,781617156,1763325285,0
1763325285874625090,[0 0 0 0 0 0 0 0],2,262,Pump RPM,874058780,1763325285,0
1763325285987382400,[0 0 0 0 0 0 0 0],2,262,Pump RPM,987071389,1763325285,0
1763325286079640118,[0 0 0 0 0 0 0 0],2,262,Pump RPM,79410355,1763325286,0
1763325286194270793,[0 0 0 0 0 0 0 0],2,262,Pump RPM,191961263,1763325286,0
1763325286274889883,[0 0 0 0 0 0 0 0],2,262,Pump RPM,274165171,1763325286,0
1763325286421969439,[0 0 0 0 0 0 0 0],2,262,Pump RPM,421449049,1763325286,0
1763325286504586408,[0 0 0 0 0 0 0 0],2,262,Pump RPM,504192643,1763325286,0
1763325286586547049,[0 0 0 0 0 0 0 0],2,262,Pump RPM,586352871,1763325286,0
1763325286679229604,[0 0 0 0 0 0 0 0],2,262,Pump RPM,678945472,1763325286,0
1763325286792156612,[0 0 0 0 0 0 0 0],2,262,Pump RPM,791562877,1763325286,0
1763325286885105634,[0 0 0 0 0 0 0 0],2,262,Pump RPM,884163095,1763325286,0
1763325286987589835,[0 0 0 0 0 0 0 0],2,262,Pump RPM,987063205,1763325286,0
1763325287081483220,[0 0 0 0 0 0 0 0],2,262,Pump RPM,80500009,1763325287,0
1763325287187808010,[0 0 0 0 0 0 0 0],2,262,Pump RPM,186806623,1763325287,0
1763325287282261817,[0 0 0 0 0 0 0 0],2,262,Pump RPM,280630823,1763325287,0
1763325287426467933,[0 0 0 0 0 0 0 0],2,262,Pump RPM,425934551,1763325287,0
1763325287509214279,[0 0 0 0 0 0 0 0],2,262,Pump RPM,508710305,1763325287,0
1763325287591974386,[0 0 0 0 0 0 0 0],2,262,Pump RPM,591554829,1763325287,0
1763325287684650541,[0 0 0 0 0 0 0 0],2,262,Pump RPM,684404810,1763325287,0
1763325287788907659,[0 0 0 0 0 0 0 0],2,262,Pump RPM,788648424,1763325287,0
1763325287882384335,[0 0 0 0 0 0 0 0],2,262,Pump RPM,881359012,1763325287,0
1763325287994800042,[0 0 0 0 0 0 0 0],2,262,Pump RPM,994091042,1763325287,0
1763325288088696307,[0 0 0 0 0 0 0 0],2,262,Pump RPM,87456421,1763325288,0
1763325288191373440,[0 0 0 0 0 0 0 0],2,262,Pump RPM,190321140,1763325288,0
1763325288283680503,[0 0 0 0 0 0 0 0],2,262,Pump RPM,282423145,1763325288,0
1763325288427812987,[0 0 0 0 0 0 0 0],2,262,Pump RPM,427120243,1763325288,0
1763325288511106636,[0 0 0 0 0 0 0 0],2,262,Pump RPM,510555365,1763325288,0
1763325288594145786,[0 0 0 0 0 0 0 0],2,262,Pump RPM,592857291,1763325288,0
1763325288686623347,[0 0 0 0 0 0 0 0],2,262,Pump RPM,685728553,1763325288,0
1763325288799855511,[0 0 0 0 0 0 0 0],2,262,Pump RPM,799083247,1763325288,0
1763325288881697400,[0 0 0 0 0 0 0 0],2,262,Pump RPM,881140146,1763325288,0
1763325288994402006,[0 0 0 0 0 0 0 0],2,262,Pump RPM,994143188,1763325288,0
1763325289086774927,[0 0 0 0 0 0 0 0],2,262,Pump RPM,86094183,1763325289,0
1763325289199379437,[0 0 0 0 0 0 0 0],2,262,Pump RPM,198790374,1763325289,0
1763325289292963411,[0 0 0 0 0 0 0 0],2,262,Pump RPM,292505518,1763325289,0
1763325289426116058,[0 0 0 0 0 0 0 0],2,262,Pump RPM,425405938,1763325289,0
1763325289510040722,[0 0 0 0 0 0 0 0],2,262,Pump RPM,509368939,1763325289,0
1763325289603303221,[0 0 0 0 0 0 0 0],2,262,Pump RPM,601682306,1763325289,0
1763325289685362136,[0 0 0 0 0 0 0 0],2,262,Pump RPM,684946099,1763325289,0
1763325289798250553,[0 0 0 0 0 0 0 0],2,262,Pump RPM,797982870,1763325289,0
1763325289890734931,[0 0 0 0 0 0 0 0],2,262,Pump RPM,890470576,1763325289,0
1763325290005592202,[0 0 0 0 0 0 0 0],2,262,Pump RPM,4257563,1763325290,0
1763325290086695523,[0 0 0 0 0 0 0 0],2,262,Pump RPM,86190333,1763325290,0
1763325290199031486,[0 0 0 0 0 0 0 0],2,262,Pump RPM,198763931,1763325290,0
1763325290293978996,[0 0 0 0 0 0 0 0],2,262,Pump RPM,293518095,1763325290,0
1763325290438107992,[0 0 0 0 0 0 0 0],2,262,Pump RPM,435498363,1763325290,0
1763325290520909988,[0 0 0 0 0 0 0 0],2,262,Pump RPM,519255185,1763325290,0
1763325290602351041,[0 0 0 0 0 0 0 0],2,262,Pump RPM,601581848,1763325290,0
1763325290694491703,[0 0 0 0 0 0 0 0],2,262,Pump RPM,694214868,1763325290,0
1763325290807091317,[0 0 0 0 0 0 0 0],2,262,Pump RPM,806523823,1763325290,0
1763325290889272186,[0 0 0 0 0 0 0 0],2,262,Pump RPM,888356848,1763325290,0
1763325291003273736,[0 0 0 0 0 0 0 0],2,262,Pump RPM,1279730,1763325291,0
1763325291095391902,[0 0 0 0 0 0 0 0],2,262,Pump RPM,94053647,1763325291,0
1763325291207609593,[0 0 0 0 0 0 0 0],2,262,Pump RPM,206896913,1763325291,0
1763325291289610876,[0 0 0 0 0 0 0 0],2,262,Pump RPM,289175319,1763325291,0
1763325291433447422,[0 0 0 0 0 0 0 0],2,262,Pump RPM,433104186,1763325291,0
1763325291516864241,[0 0 0 0 0 0 0 0],2,262,Pump RPM,516032807,1763325291,0
1763325291609471981,[0 0 0 0 0 0 0 0],2,262,Pump RPM,609151081,1763325291,0
1763325291693081570,[0 0 0 0 0 0 0 0],2,262,Pump RPM,692315737,1763325291,0
1763325291805412702,[0 0 0 0 0 0 0 0],2,262,Pump RPM,804965593,1763325291,0
1763325291898637024,[0 0 0 0 0 0 0 0],2,262,Pump RPM,897891160,1763325291,0
1763325292011534146,[0 0 0 0 0 0 0 0],2,262,Pump RPM,11198431,1763325292,0
1763325292094031820,[0 0 0 0 0 0 0 0],2,262,Pump RPM,93508230,1763325292,0
1763325292207409524,[0 0 0 0 0 0 0 0],2,262,Pump RPM,206803309,1763325292,0
1763325292300258578,[0 0 0 0 0 0 0 0],2,262,Pump RPM,300013040,1763325292,0
1763325292444712283,[0 0 0 0 0 0 0 0],2,262,Pump RPM,443819633,1763325292,0
1763325292528048270,[0 0 0 0 0 0 0 0],2,262,Pump RPM,526500221,1763325292,0
1763325292611176383,[0 0 0 0 0 0 0 0],2,262,Pump RPM,608734275,1763325292,0
1763325292701400703,[0 0 0 0 0 0 0 0],2,262,Pump RPM,700811161,1763325292,0
1763325292807041520,[0 0 0 0 0 0 0 0],2,262,Pump RPM,805746913,1763325292,0
1763325292898718497,[0 0 0 0 0 0 0 0],2,262,Pump RPM,897930008,1763325292,0
1763325293013614266,[0 0 0 0 0 0 0 0],2,262,Pump RPM,12896978,1763325293,0
1763325293099862798,[0 0 0 0 0 0 0 0],2,262,Pump RPM,99068069,1763325293,0
1763325293213012564,[0 0 0 0 0 0 0 0],2,262,Pump RPM,212183627,1763325293,0
1763325293304690726,[0 0 0 0 0 0 0 0],2,262,Pump RPM,304459171,1763325293,0
1763325293439754725,[0 0 0 0 0 0 0 0],2,262,Pump RPM,439411425,1763325293,0
1763325293524244645,[0 0 0 0 0 0 0 0],2,262,Pump RPM,523816480,1763325293,0
1763325293616717280,[0 0 0 0 0 0 0 0],2,262,Pump RPM,616173210,1763325293,0
1763325293698773188,[0 0 0 0 0 0 0 0],2,262,Pump RPM,698437217,1763325293,0
1763325293812791028,[0 0 0 0 0 0 0 0],2,262,Pump RPM,812192877,1763325293,0
1763325293905300303,[0 0 0 0 0 0 0 0],2,262,Pump RPM,904767721,1763325293,0
1763325294017476650,[0 0 0 0 0 0 0 0],2,262,Pump RPM,17245640,1763325294,0
1763325294099698929,[0 0 0 0 0 0 0 0],2,262,Pump RPM,99336557,1763325294,0
1763325294212788214,[0 0 0 0 0 0 0 0],2,262,Pump RPM,212488115,1763325294,0
1763325294304933102,[0 0 0 0 0 0 0 0],2,262,Pump RPM,304327143,1763325294,0
1763325294449205366,[0 0 0 0 0 0 0 0],2,262,Pump RPM,448386989,1763325294,0
1763325294533477396,[0 0 0 0 0 0 0 0],2,262,Pump RPM,533182577,1763325294,0
1763325294616366274,[0 0 0 0 0 0 0 0],2,262,Pump RPM,616096767,1763325294,0
1763325294709371780,[0 0 0 0 0 0 0 0],2,262,Pump RPM,709008991,1763325294,0
1763325294811232105,[0 0 0 0 0 0 0 0],2,262,Pump RPM,810803877,1763325294,0
1763325294903741829,[0 0 0 0 0 0 0 0],2,262,Pump RPM,903124062,1763325294,0
1763325295018920738,[0 0 0 0 0 0 0 0],2,262,Pump RPM,18014456,1763325295,0
1763325295106994508,[0 0 0 0 0 0 0 0],2,262,Pump RPM,102385752,1763325295,0
1763325295216627019,[0 0 0 0 0 0 0 0],2,262,Pump RPM,215783009,1763325295,0
1763325295308030906,[0 0 0 0 0 0 0 0],2,262,Pump RPM,307753719,1763325295,0
1763325295453275342,[0 0 0 0 0 0 0 0],2,262,Pump RPM,452742312,1763325295,0
1763325295536648418,[0 0 0 0 0 0 0 0],2,262,Pump RPM,535610326,1763325295,0
1763325295619896852,[0 0 0 0 0 0 0 0],2,262,Pump RPM,619391439,1763325295,0
1763325295713031544,[0 0 0 0 0 0 0 0],2,262,Pump RPM,712391728,1763325295,0
1763325295815443140,[0 0 0 0 0 0 0 0],2,262,Pump RPM,815222242,1763325295,0
1763325295908517031,[0 0 0 0 0 0 0 0],2,262,Pump RPM,908175843,1763325295,0
1763325296022603736,[0 0 0 0 0 0 0 0],2,262,Pump RPM,22185107,1763325296,0
1763325296105840811,[0 0 0 0 0 0 0 0],2,262,Pump RPM,104809375,1763325296,0
1763325296220279329,[0 0 0 0 0 0 0 0],2,262,Pump RPM,219839356,1763325296,0
1763325296312770269,[0 0 0 0 0 0 0 0],2,262,Pump RPM,311722929,1763325296,0
1763325296456288477,[0 0 0 0 0 0 0 0],2,262,Pump RPM,456034426,1763325296,0
1763325296539446287,[0 0 0 0 0 0 0 0],2,262,Pump RPM,539115275,1763325296,0
1763325296622609601,[0 0 0 0 0 0 0 0],2,262,Pump RPM,622314238,1763325296,0
1763325296717418584,[0 0 0 0 0 0 0 0],2,262,Pump RPM,716992819,1763325296,0
1763325296821294293,[0 0 0 0 0 0 0 0],2,262,Pump RPM,820905265,1763325296,0
1763325296914588635,[0 0 0 0 0 0 0 0],2,262,Pump RPM,913292332,1763325296,0
1763325297028470698,[0 0 0 0 0 0 0 0],2,262,Pump RPM,27681025,1763325297,0
1763325297113632179,[0 0 0 0 0 0 0 0],2,262,Pump RPM,113084589,1763325297,0
1763325297226816571,[0 0 0 0 0 0 0 0],2,262,Pump RPM,226070067,1763325297,0
1763325297311779458,[0 0 0 0 0 0 0 0],2,262,Pump RPM,311323869,1763325297,0
1763325297456349327,[0 0 0 0 0 0 0 0],2,262,Pump RPM,456111148,1763325297,0
1763325297540923601,[0 0 0 0 0 0 0 0],2,262,Pump RPM,539532994,1763325297,0
1763325297622341456,[0 0 0 0 0 0 0 0],2,262,Pump RPM,621194851,1763325297,0
1763325297717427562,[0 0 0 0 0 0 0 0],2,262,Pump RPM,717021957,1763325297,0
1763325297828315576,[0 0 0 0 0 0 0 0],2,262,Pump RPM,827804626,1763325297,0
1763325297911366121,[0 0 0 0 0 0 0 0],2,262,Pump RPM,910741314,1763325297,0
1763325298028244027,[0 0 0 0 0 0 0 0],2,262,Pump RPM,27331888,1763325298,0
1763325298120196113,[0 0 0 0 0 0 0 0],2,262,Pump RPM,119626155,1763325298,0
1763325298224151089,[0 0 0 0 0 0 0 0],2,262,Pump RPM,223381960,1763325298,0
1763325298317865819,[0 0 0 0 0 0 0 0],2,262,Pump RPM,317007954,1763325298,0
1763325298463853177,[0 0 0 0 0 0 0 0],2,262,Pump RPM,463568630,1763325298,0
1763325298547873686,[0 0 0 0 0 0 0 0],2,262,Pump RPM,547229710,1763325298,0
1763325298631790769,[0 0 0 0 0 0 0 0],2,262,Pump RPM,631566830,1763325298,0
1763325298713910776,[0 0 0 0 0 0 0 0],2,262,Pump RPM,713539027,1763325298,0
1763325298827073440,[0 0 0 0 0 0 0 0],2,262,Pump RPM,826558330,1763325298,0
1763325298920415878,[0 0 0 0 0 0 0 0],2,262,Pump RPM,919922209,1763325298,0
1763325299035886857,[0 0 0 0 0 0 0 0],2,262,Pump RPM,35226593,1763325299,0
1763325299118847641,[0 0 0 0 0 0 0 0],2,262,Pump RPM,117452842,1763325299,0
1763325299232213028,[0 0 0 0 0 0 0 0],2,262,Pump RPM,230892565,1763325299,0
1763325299325646124,[0 0 0 0 0 0 0 0],2,262,Pump RPM,323786679,1763325299,0
1763325299457909870,[0 0 0 0 0 0 0 0],2,262,Pump RPM,457443753,1763325299,0
1763325299542915638,[0 0 0 0 0 0 0 0],2,262,Pump RPM,542105933,1763325299,0
1763325299635390547,[0 0 0 0 0 0 0 0],2,262,Pump RPM,634674059,1763325299,0
1763325299718458885,[0 0 0 0 0 0 0 0],2,262,Pump RPM,717820606,1763325299,0
1763325299831075463,[0 0 0 0 0 0 0 0],2,262,Pump RPM,830508129,1763325299,0
1763325299923852968,[0 0 0 0 0 0 0 0],2,262,Pump RPM,923531044,1763325299,0
1763325300038670787,[0 0 0 0 0 0 0 0],2,262,Pump RPM,37322708,1763325300,0
1763325300119669758,[0 0 0 0 0 0 0 0],2,262,Pump RPM,119106935,1763325300,0
1763325300232932264,[0 0 0 0 0 0 0 0],2,262,Pump RPM,231755163,1763325300,0
1763325300324970848,[0 0 0 0 0 0 0 0],2,262,Pump RPM,324234584,1763325300,0
1763325300469756945,[0 0 0 0 0 0 0 0],2,262,Pump RPM,469345613,1763325300,0
1763325300553077319,[0 0 0 0 0 0 0 0],2,262,Pump RPM,552819076,1763325300,0
1763325300637022435,[0 0 0 0 0 0 0 0],2,262,Pump RPM,636206681,1763325300,0
1763325300729085275,[0 0 0 0 0 0 0 0],2,262,Pump RPM,728755576,1763325300,0
1763325300834646862,[0 0 0 0 0 0 0 0],2,262,Pump RPM,833441504,1763325300,0
1763325300927596272,[0 0 0 0 0 0 0 0],2,262,Pump RPM,927386606,1763325300,0
1763325301040782234,[0 0 0 0 0 0 0 0],2,262,Pump RPM,40269332,1763325301,0
1763325301122598078,[0 0 0 0 0 0 0 0],2,262,Pump RPM,122292475,1763325301,0
1763325301237323001,[0 0 0 0 0 0 0 0],2,262,Pump RPM,236929013,1763325301,0
1763325301329837751,[0 0 0 0 0 0 0 0],2,262,Pump RPM,329495283,1763325301,0
1763325301464106289,[0 0 0 0 0 0 0 0],2,262,Pump RPM,463815278,1763325301,0
1763325301547764874,[0 0 0 0 0 0 0 0],2,262,Pump RPM,547177092,1763325301,0
1763325301640306313,[0 0 0 0 0 0 0 0],2,262,Pump RPM,639570241,1763325301,0
1763325301735621255,[0 0 0 0 0 0 0 0],2,262,Pump RPM,732179264,1763325301,0
1763325301836327938,[0 0 0 0 0 0 0 0],2,262,Pump RPM,835551162,1763325301,0
1763325301928053240,[0 0 0 0 0 0 0 0],2,262,Pump RPM,927685651,1763325301,0
1763325302042357806,[0 0 0 0 0 0 0 0],2,262,Pump RPM,42042603,1763325302,0
1763325302135405907,[0 0 0 0 0 0 0 0],2,262,Pump RPM,134599241,1763325302,0
1763325302240317118,[0 0 0 0 0 0 0 0],2,262,Pump RPM,237701633,1763325302,0
1763325302330848806,[0 0 0 0 0 0 0 0],2,262,Pump RPM,330426177,1763325302,0
1763325302476433858,[0 0 0 0 0 0 0 0],2,262,Pump RPM,475032850,1763325302,0
1763325302559463476,[0 0 0 0 0 0 0 0],2,262,Pump RPM,557917186,1763325302,0
1763325302641311609,[0 0 0 0 0 0 0 0],2,262,Pump RPM,640617713,1763325302,0
1763325302733100783,[0 0 0 0 0 0 0 0],2,262,Pump RPM,732840140,1763325302,0
1763325302848262480,[0 0 0 0 0 0 0 0],2,262,Pump RPM,845654898,1763325302,0
1763325302929395500,[0 0 0 0 0 0 0 0],2,262,Pump RPM,928413473,1763325302,0
1763325303042532822,[0 0 0 0 0 0 0 0],2,262,Pump RPM,41410921,1763325303,0
1763325303135629308,[0 0 0 0 0 0 0 0],2,262,Pump RPM,134661457,1763325303,0
1763325303249847666,[0 0 0 0 0 0 0 0],2,262,Pump RPM,249220683,1763325303,0
1763325303332161724,[0 0 0 0 0 0 0 0],2,262,Pump RPM,330399560,1763325303,0
1763325303474522228,[0 0 0 0 0 0 0 0],2,262,Pump RPM,474310065,1763325303,0
1763325303558412368,[0 0 0 0 0 0 0 0],2,262,Pump RPM,557904010,1763325303,0
1763325303641498499,[0 0 0 0 0 0 0 0],2,262,Pump RPM,640835388,1763325303,0
1763325303733653534,[0 0 0 0 0 0 0 0],2,262,Pump RPM,733173945,1763325303,0
1763325303846236450,[0 0 0 0 0 0 0 0],2,262,Pump RPM,845425624,1763325303,0
1763325303939231846,[0 0 0 0 0 0 0 0],2,262,Pump RPM,939011619,1763325303,0
1763325304045644675,[0 0 0 0 0 0 0 0],2,262,Pump RPM,44826522,1763325304,0
1763325304138750729,[0 0 0 0 0 0 0 0],2,262,Pump RPM,138193219,1763325304,0
1763325304251375054,[0 0 0 0 0 0 0 0],2,262,Pump RPM,250886664,1763325304,0
1763325304333161363,[0 0 0 0 0 0 0 0],2,262,Pump RPM,332672941,1763325304,0
1763325304476783545,[0 0 0 0 0 0 0 0],2,262,Pump RPM,476473269,1763325304,0
1763325304562147302,[0 0 0 0 0 0 0 0],2,262,Pump RPM,561843875,1763325304,0
1763325304644391088,[0 0 0 0 0 0 0 0],2,262,Pump RPM,644107181,1763325304,0
1763325304737523671,[0 0 0 0 0 0 0 0],2,262,Pump RPM,736790926,1763325304,0
1763325304848952909,[0 0 0 0 0 0 0 0],2,262,Pump RPM,848571625,1763325304,0
1763325304941607694,[0 0 0 0 0 0 0 0],2,262,Pump RPM,941350987,1763325304,0
1763325305056349483,[0 0 0 0 0 0 0 0],2,262,Pump RPM,55960615,1763325305,0
1763325305138579029,[0 0 0 0 0 0 0 0],2,262,Pump RPM,137955342,1763325305,0
1763325305253785592,[0 0 0 0 0 0 0 0],2,262,Pump RPM,250981176,1763325305,0
1763325305345729425,[0 0 0 0 0 0 0 0],2,262,Pump RPM,345311084,1763325305,0
1763325305479739338,[0 0 0 0 0 0 0 0],2,262,Pump RPM,479004737,1763325305,0
1763325305562510074,[0 0 0 0 0 0 0 0],2,262,Pump RPM,562074293,1763325305,0
1763325305655375421,[0 0 0 0 0 0 0 0],2,262,Pump RPM,655038810,1763325305,0
1763325305738084941,[0 0 0 0 0 0 0 0],2,262,Pump RPM,737208323,1763325305,0
1763325305850602929,[0 0 0 0 0 0 0 0],2,262,Pump RPM,850316525,1763325305,0
1763325305943788280,[0 0 0 0 0 0 0 0],2,262,Pump RPM,943261394,1763325305,0
1763325306057772685,[0 0 0 0 0 0 0 0],2,262,Pump RPM,56082137,1763325306,0
1763325306139056044,[0 0 0 0 0 0 0 0],2,262,Pump RPM,138445029,1763325306,0
1763325306254820661,[0 0 0 0 0 0 0 0],2,262,Pump RPM,253910955,1763325306,0
1763325306348187679,[0 0 0 0 0 0 0 0],2,262,Pump RPM,347675769,1763325306,0
1763325306483863115,[0 0 0 0 0 0 0 0],2,262,Pump RPM,483056162,1763325306,0
1763325306567277283,[0 0 0 0 0 0 0 0],2,262,Pump RPM,566447994,1763325306,0
1763325306659212893,[0 0 0 0 0 0 0 0],2,262,Pump RPM,658975770,1763325306,0
1763325306741661354,[0 0 0 0 0 0 0 0],2,262,Pump RPM,741322150,1763325306,0
1763325306855121369,[0 0 0 0 0 0 0 0],2,262,Pump RPM,854380144,1763325306,0
1763325306947888987,[0 0 0 0 0 0 0 0],2,262,Pump RPM,947194835,1763325306,0
1763325307064373805,[0 0 0 0 0 0 0 0],2,262,Pump RPM,61774831,1763325307,0
1763325307144644705,[0 0 0 0 0 0 0 0],2,262,Pump RPM,143461748,1763325307,0
1763325307257587339,[0 0 0 0 0 0 0 0],2,262,Pump RPM,256759073,1763325307,0
1763325307350261421,[0 0 0 0 0 0 0 0],2,262,Pump RPM,349493380,1763325307,0
1763325307495455430,[0 0 0 0 0 0 0 0],2,262,Pump RPM,493955829,1763325307,0
1763325307578360697,[0 0 0 0 0 0 0 0],2,262,Pump RPM,577050538,1763325307,0
1763325307660449026,[0 0 0 0 0 0 0 0],2,262,Pump RPM,659711226,1763325307,0
1763325307744859750,[0 0 0 0 0 0 0 0],2,262,Pump RPM,744495554,1763325307,0
1763325307860051433,[0 0 0 0 0 0 0 0],2,262,Pump RPM,859610916,1763325307,0
1763325307953427187,[0 0 0 0 0 0 0 0],2,262,Pump RPM,952637642,1763325307,0
1763325308055434560,[0 0 0 0 0 0 0 0],2,262,Pump RPM,55123100,1763325308,0
1763325308150962403,[0 0 0 0 0 0 0 0],2,262,Pump RPM,150757536,1763325308,0
1763325308265404989,[0 0 0 0 0 0 0 0],2,262,Pump RPM,264987513,1763325308,0
1763325308350054916,[0 0 0 0 0 0 0 0],2,262,Pump RPM,349408605,1763325308,0
1763325308494999643,[0 0 0 0 0 0 0 0],2,262,Pump RPM,494741305,1763325308,0
1763325308578520501,[0 0 0 0 0 0 0 0],2,262,Pump RPM,577681292,1763325308,0
1763325308662026063,[0 0 0 0 0 0 0 0],2,262,Pump RPM,660985795,1763325308,0
1763325308757079244,[0 0 0 0 0 0 0 0],2,262,Pump RPM,755889183,1763325308,0
1763325308859277340,[0 0 0 0 0 0 0 0],2,262,Pump RPM,858703829,1763325308,0
1763325308952516580,[0 0 0 0 0 0 0 0],2,262,Pump RPM,952243009,1763325308,0
1763325309066425626,[0 0 0 0 0 0 0 0],2,262,Pump RPM,66146998,1763325309,0
1763325309150531354,[0 0 0 0 0 0 0 0],2,262,Pump RPM,149827826,1763325309,0
1763325309264623826,[0 0 0 0 0 0 0 0],2,262,Pump RPM,263470981,1763325309,0
1763325309357404054,[0 0 0 0 0 0 0 0],2,262,Pump RPM,357041713,1763325309,0
1763325309491486225,[0 0 0 0 0 0 0 0],2,262,Pump RPM,490956683,1763325309,0
1763325309575045484,[0 0 0 0 0 0 0 0],2,262,Pump RPM,574416677,1763325309,0
1763325309667560621,[0 0 0 0 0 0 0 0],2,262,Pump RPM,667101032,1763325309,0
1763325309759773802,[0 0 0 0 0 0 0 0],2,262,Pump RPM,759506759,1763325309,0
1763325309866588366,[0 0 0 0 0 0 0 0],2,262,Pump RPM,866255531,1763325309,0
1763325309960123931,[0 0 0 0 0 0 0 0],2,262,Pump RPM,959416723,1763325309,0
1763325310063866524,[0 0 0 0 0 0 0 0],2,262,Pump RPM,63534745,1763325310,0
1763325310156072762,[0 0 0 0 0 0 0 0],2,262,Pump RPM,155677334,1763325310,0
1763325310269923567,[0 0 0 0 0 0 0 0],2,262,Pump RPM,269399305,1763325310,0
1763325310353182311,[0 0 0 0 0 0 0 0],2,262,Pump RPM,352567616,1763325310,0
1763325310497029458,[0 0 0 0 0 0 0 0],2,262,Pump RPM,496177961,1763325310,0
1763325310579206941,[0 0 0 0 0 0 0 0],2,262,Pump RPM,578963899,1763325310,0
1763325310673866519,[0 0 0 0 0 0 0 0],2,262,Pump RPM,673071342,1763325310,0
1763325310756562504,[0 0 0 0 0 0 0 0],2,262,Pump RPM,756257925,1763325310,0
1763325310868984845,[0 0 0 0 0 0 0 0],2,262,Pump RPM,868493735,1763325310,0
1763325310961454286,[0 0 0 0 0 0 0 0],2,262,Pump RPM,961156202,1763325310,0
1763325311066204763,[0 0 0 0 0 0 0 0],2,262,Pump RPM,65438930,1763325311,0
1763325311161033527,[0 0 0 0 0 0 0 0],2,262,Pump RPM,160659347,1763325311,0
1763325311273908929,[0 0 0 0 0 0 0 0],2,262,Pump RPM,273447356,1763325311,0
1763325311355899306,[0 0 0 0 0 0 0 0],2,262,Pump RPM,355572647,1763325311,0
1763325311499918169,[0 0 0 0 0 0 0 0],2,262,Pump RPM,499516628,1763325311,0
1763325311582514857,[0 0 0 0 0 0 0 0],2,262,Pump RPM,581969827,1763325311,0
1763325311679208410,[0 0 0 0 0 0 0 0],2,262,Pump RPM,678607827,1763325311,0
1763325311760606557,[0 0 0 0 0 0 0 0],2,262,Pump RPM,759063627,1763325311,0
1763325311874716437,[0 0 0 0 0 0 0 0],2,262,Pump RPM,872881312,1763325311,0
1763325311967580635,[0 0 0 0 0 0 0 0],2,262,Pump RPM,966279564,1763325311,0
1763325312070206800,[0 0 0 0 0 0 0 0],2,262,Pump RPM,69805804,1763325312,0
1763325312164692201,[0 0 0 0 0 0 0 0],2,262,Pump RPM,164282180,1763325312,0
1763325312279223750,[0 0 0 0 0 0 0 0],2,262,Pump RPM,277542195,1763325312,0
1763325312360820203,[0 0 0 0 0 0 0 0],2,262,Pump RPM,359479484,1763325312,0
1763325312504753753,[0 0 0 0 0 0 0 0],2,262,Pump RPM,504096018,1763325312,0
1763325312587636429,[0 0 0 0 0 0 0 0],2,262,Pump RPM,586798083,1763325312,0
1763325312679775818,[0 0 0 0 0 0 0 0],2,262,Pump RPM,679404582,1763325312,0
1763325312762365851,[0 0 0 0 0 0 0 0],2,262,Pump RPM,761982263,1763325312,0
1763325312876392755,[0 0 0 0 0 0 0 0],2,262,Pump RPM,875383911,1763325312,0
1763325312961466784,[0 0 0 0 0 0 0 0],2,262,Pump RPM,960972314,1763325312,0
1763325313074701167,[0 0 0 0 0 0 0 0],2,262,Pump RPM,74462060,1763325313,0
1763325313167725271,[0 0 0 0 0 0 0 0],2,262,Pump RPM,167415507,1763325313,0
1763325313281478892,[0 0 0 0 0 0 0 0],2,262,Pump RPM,281225449,1763325313,0
1763325313365844497,[0 0 0 0 0 0 0 0],2,262,Pump RPM,365392108,1763325313,0
1763325313512499102,[0 0 0 0 0 0 0 0],2,262,Pump RPM,511458803,1763325313,0
1763325313595472372,[0 0 0 0 0 0 0 0],2,262,Pump RPM,595178768,1763325313,0
1763325313678558282,[0 0 0 0 0 0 0 0],2,262,Pump RPM,677681280,1763325313,0
1763325313771073004,[0 0 0 0 0 0 0 0],2,262,Pump RPM,770808393,1763325313,0
1763325313874983153,[0 0 0 0 0 0 0 0],2,262,Pump RPM,873992485,1763325313,0
1763325313968194619,[0 0 0 0 0 0 0 0],2,262,Pump RPM,967689813,1763325313,0
1763325314081697454,[0 0 0 0 0 0 0 0],2,262,Pump RPM,80674402,1763325314,0
1763325314174095247,[0 0 0 0 0 0 0 0],2,262,Pump RPM,173567369,1763325314,0
1763325314277393229,[0 0 0 0 0 0 0 0],2,262,Pump RPM,276720869,1763325314,0
1763325314369745037,[0 0 0 0 0 0 0 0],2,262,Pump RPM,369319913,1763325314,0
1763325314513256408,[0 0 0 0 0 0 0 0],2,262,Pump RPM,512715025,1763325314,0
1763325314596106252,[0 0 0 0 0 0 0 0],2,262,Pump RPM,595692679,1763325314,0
1763325314679055713,[0 0 0 0 0 0 0 0],2,262,Pump RPM,678520411,1763325314,0
1763325314772133482,[0 0 0 0 0 0 0 0],2,262,Pump RPM,771333729,1763325314,0
1763325314884755538,[0 0 0 0 0 0 0 0],2,262,Pump RPM,884074795,1763325314,0
1763325314971405010,[0 0 0 0 0 0 0 0],2,262,Pump RPM,970512552,1763325314,0
1763325315083684055,[0 0 0 0 0 0 0 0],2,262,Pump RPM,83253202,1763325315,0
1763325315176723744,[0 0 0 0 0 0 0 0],2,262,Pump RPM,176323643,1763325315,0
1763325315279673146,[0 0 0 0 0 0 0 0],2,262,Pump RPM,279323222,1763325315,0
1763325315372188925,[0 0 0 0 0 0 0 0],2,262,Pump RPM,371714520,1763325315,0
1763325315517640638,[0 0 0 0 0 0 0 0],2,262,Pump RPM,516636050,1763325315,0
1763325315600657204,[0 0 0 0 0 0 0 0],2,262,Pump RPM,600326512,1763325315,0
1763325315684876568,[0 0 0 0 0 0 0 0],2,262,Pump RPM,683611786,1763325315,0
1763325315777390331,[0 0 0 0 0 0 0 0],2,262,Pump RPM,775917866,1763325315,0
1763325315890159622,[0 0 0 0 0 0 0 0],2,262,Pump RPM,888717237,1763325315,0
1763325315972278290,[0 0 0 0 0 0 0 0],2,262,Pump RPM,970828289,1763325315,0
1763325316084372981,[0 0 0 0 0 0 0 0],2,262,Pump RPM,83381162,1763325316,0
1763325316176687670,[0 0 0 0 0 0 0 0],2,262,Pump RPM,176091407,1763325316,0
1763325316289463329,[0 0 0 0 0 0 0 0],2,262,Pump RPM,288947931,1763325316,0
1763325316382097990,[0 0 0 0 0 0 0 0],2,262,Pump RPM,381393662,1763325316,0
1763325316518289149,[0 0 0 0 0 0 0 0],2,262,Pump RPM,516552073,1763325316,0
1763325316601185362,[0 0 0 0 0 0 0 0],2,262,Pump RPM,600079589,1763325316,0
1763325316693353361,[0 0 0 0 0 0 0 0],2,262,Pump RPM,692977229,1763325316,0
1763325316775300252,[0 0 0 0 0 0 0 0],2,262,Pump RPM,775018616,1763325316,0
1763325316891203851,[0 0 0 0 0 0 0 0],2,262,Pump RPM,890038141,1763325316,0
1763325316982694818,[0 0 0 0 0 0 0 0],2,262,Pump RPM,982430751,1763325316,0
1763325317087612052,[0 0 0 0 0 0 0 0],2,262,Pump RPM,87093230,1763325317,0
1763325317180100791,[0 0 0 0 0 0 0 0],2,262,Pump RPM,179776947,1763325317,0
1763325317293821806,[0 0 0 0 0 0 0 0],2,262,Pump RPM,293355240,1763325317,0
1763325317375777432,[0 0 0 0 0 0 0 0],2,262,Pump RPM,375561782,1763325317,0
1763325317521583166,[0 0 0 0 0 0 0 0],2,262,Pump RPM,521056888,1763325317,0
1763325317605038426,[0 0 0 0 0 0 0 0],2,262,Pump RPM,604518388,1763325317,0
1763325317689593282,[0 0 0 0 0 0 0 0],2,262,Pump RPM,688455381,1763325317,0
1763325317782457898,[0 0 0 0 0 0 0 0],2,262,Pump RPM,782049253,1763325317,0
1763325317897109739,[0 0 0 0 0 0 0 0],2,262,Pump RPM,896352898,1763325317,0
1763325317979906335,[0 0 0 0 0 0 0 0],2,262,Pump RPM,978573840,1763325317,0
1763325318092899022,[0 0 0 0 0 0 0 0],2,262,Pump RPM,92372552,1763325318,0
1763325318187373512,[0 0 0 0 0 0 0 0],2,262,Pump RPM,187017092,1763325318,0
1763325318290524102,[0 0 0 0 0 0 0 0],2,262,Pump RPM,289985120,1763325318,0
1763325318384629532,[0 0 0 0 0 0 0 0],2,262,Pump RPM,384342265,1763325318,0
1763325318529031571,[0 0 0 0 0 0 0 0],2,262,Pump RPM,528583789,1763325318,0
1763325318612095882,[0 0 0 0 0 0 0 0],2,262,Pump RPM,611220928,1763325318,0
1763325318694261272,[0 0 0 0 0 0 0 0],2,262,Pump RPM,693445870,1763325318,0
1763325318788843091,[0 0 0 0 0 0 0 0],2,262,Pump RPM,786336086,1763325318,0
1763325318900582739,[0 0 0 0 0 0 0 0],2,262,Pump RPM,899360773,1763325318,0
1763325318982132602,[0 0 0 0 0 0 0 0],2,262,Pump RPM,981693397,1763325318,0
1763325319094431520,[0 0 0 0 0 0 0 0],2,262,Pump RPM,94198270,1763325319,0
1763325319187313289,[0 0 0 0 0 0 0 0],2,262,Pump RPM,186795363,1763325319,0
1763325319300564411,[0 0 0 0 0 0 0 0],2,262,Pump RPM,299864435,1763325319,0
1763325319383121517,[0 0 0 0 0 0 0 0],2,262,Pump RPM,382580999,1763325319,0
1763325319527134111,[0 0 0 0 0 0 0 0],2,262,Pump RPM,526552409,1763325319,0
1763325319611599175,[0 0 0 0 0 0 0 0],2,262,Pump RPM,611068833,1763325319,0
1763325319694817121,[0 0 0 0 0 0 0 0],2,262,Pump RPM,694149209,1763325319,0
1763325319787129283,[0 0 0 0 0 0 0 0],2,262,Pump RPM,786133976,1763325319,0
1763325319902751440,[0 0 0 0 0 0 0 0],2,262,Pump RPM,901813157,1763325319,0
1763325319984355191,[0 0 0 0 0 0 0 0],2,262,Pump RPM,983897618,1763325319,0
1763325320102720196,[0 0 0 0 0 0 0 0],2,262,Pump RPM,100806414,1763325320,0
1763325320196578840,[0 0 0 0 0 0 0 0],2,262,Pump RPM,195786671,1763325320,0
1763325320300470559,[0 0 0 0 0 0 0 0],2,262,Pump RPM,299198641,1763325320,0
1763325320396273226,[0 0 0 0 0 0 0 0],2,262,Pump RPM,394070640,1763325320,0
1763325320528375540,[0 0 0 0 0 0 0 0],2,262,Pump RPM,527826702,1763325320,0
1763325320610786181,[0 0 0 0 0 0 0 0],2,262,Pump RPM,610457025,1763325320,0
1763325320703610125,[0 0 0 0 0 0 0 0],2,262,Pump RPM,702998918,1763325320,0
1763325320795993296,[0 0 0 0 0 0 0 0],2,262,Pump RPM,795743213,1763325320,0
1763325320899551955,[0 0 0 0 0 0 0 0],2,262,Pump RPM,899268848,1763325320,0
1763325320993501512,[0 0 0 0 0 0 0 0],2,262,Pump RPM,992865601,1763325320,0
1763325321107716134,[0 0 0 0 0 0 0 0],2,262,Pump RPM,107191840,1763325321,0
1763325321189467823,[0 0 0 0 0 0 0 0],2,262,Pump RPM,189182828,1763325321,0
1763325321302880900,[0 0 0 0 0 0 0 0],2,262,Pump RPM,302572800,1763325321,0
1763325321395621547,[0 0 0 0 0 0 0 0],2,262,Pump RPM,395213959,1763325321,0
1763325321538554195,[0 0 0 0 0 0 0 0],2,262,Pump RPM,538221359,1763325321,0
1763325321621668364,[0 0 0 0 0 0 0 0],2,262,Pump RPM,621051269,1763325321,0
1763325321704037180,[0 0 0 0 0 0 0 0],2,262,Pump RPM,703538359,1763325321,0
1763325321789782356,[0 0 0 0 0 0 0 0],2,262,Pump RPM,789411215,1763325321,0
1763325321904243924,[0 0 0 0 0 0 0 0],2,262,Pump RPM,903308681,1763325321,0
1763325321996007440,[0 0 0 0 0 0 0 0],2,262,Pump RPM,995569419,1763325321,0
1763325322110523186,[0 0 0 0 0 0 0 0],2,262,Pump RPM,109989420,1763325322,0
1763325322192183419,[0 0 0 0 0 0 0 0],2,262,Pump RPM,191960696,1763325322,0
1763325322306462778,[0 0 0 0 0 0 0 0],2,262,Pump RPM,305728849,1763325322,0
1763325322398210038,[0 0 0 0 0 0 0 0],2,262,Pump RPM,397899699,1763325322,0
1763325322542244522,[0 0 0 0 0 0 0 0],2,262,Pump RPM,541475490,1763325322,0
1763325322625219298,[0 0 0 0 0 0 0 0],2,262,Pump RPM,624095637,1763325322,0
1763325322707709845,[0 0 0 0 0 0 0 0],2,262,Pump RPM,706569959,1763325322,0
1763325322800629310,[0 0 0 0 0 0 0 0],2,262,Pump RPM,799981047,1763325322,0
1763325322913529870,[0 0 0 0 0 0 0 0],2,262,Pump RPM,912898534,1763325322,0
1763325322996118145,[0 0 0 0 0 0 0 0],2,262,Pump RPM,995463417,1763325322,0
1763325323109452949,[0 0 0 0 0 0 0 0],2,262,Pump RPM,108399337,1763325323,0
1763325323200553067,[0 0 0 0 0 0 0 0],2,262,Pump RPM,200302568,1763325323,0
1763325323313301241,[0 0 0 0 0 0 0 0],2,262,Pump RPM,313048150,1763325323,0
1763325323395526056,[0 0 0 0 0 0 0 0],2,262,Pump RPM,395161636,1763325323,0
1763325323539981922,[0 0 0 0 0 0 0 0],2,262,Pump RPM,539418139,1763325323,0
1763325323622998202,[0 0 0 0 0 0 0 0],2,262,Pump RPM,622580725,1763325323,0
1763325323716033574,[0 0 0 0 0 0 0 0],2,262,Pump RPM,714989946,1763325323,0
1763325323797631662,[0 0 0 0 0 0 0 0],2,262,Pump RPM,797368491,1763325323,0
1763325323912252721,[0 0 0 0 0 0 0 0],2,262,Pump RPM,910724992,1763325323,0
1763325324003791724,[0 0 0 0 0 0 0 0],2,262,Pump RPM,3231077,1763325324,0
1763325324116304215,[0 0 0 0 0 0 0 0],2,262,Pump RPM,115692048,1763325324,0
1763325324199718485,[0 0 0 0 0 0 0 0],2,262,Pump RPM,198276292,1763325324,0
1763325324314123158,[0 0 0 0 0 0 0 0],2,262,Pump RPM,313836723,1763325324,0
1763325324406241815,[0 0 0 0 0 0 0 0],2,262,Pump RPM,405973972,1763325324,0
1763325324541206244,[0 0 0 0 0 0 0 0],2,262,Pump RPM,540353851,1763325324,0
1763325324624665826,[0 0 0 0 0 0 0 0],2,262,Pump RPM,624273886,1763325324,0
1763325324723042828,[0 0 0 0 0 0 0 0],2,262,Pump RPM,720933395,1763325324,0
1763325324806518058,[0 0 0 0 0 0 0 0],2,262,Pump RPM,803867211,1763325324,0
1763325324917362754,[0 0 0 0 0 0 0 0],2,262,Pump RPM,915529933,1763325324,0
1763325325008615994,[0 0 0 0 0 0 0 0],2,262,Pump RPM,8095028,1763325325,0
1763325325111217684,[0 0 0 0 0 0 0 0],2,262,Pump RPM,110999889,1763325325,0
1763325325203749562,[0 0 0 0 0 0 0 0],2,262,Pump RPM,203332565,1763325325,0
1763325325316236518,[0 0 0 0 0 0 0 0],2,262,Pump RPM,315805889,1763325325,0
1763325325408606314,[0 0 0 0 0 0 0 0],2,262,Pump RPM,408284935,1763325325,0
1763325325553682124,[0 0 0 0 0 0 0 0],2,262,Pump RPM,552409277,1763325325,0
1763325325635267541,[0 0 0 0 0 0 0 0],2,262,Pump RPM,634585037,1763325325,0
1763325325719266233,[0 0 0 0 0 0 0 0],2,262,Pump RPM,719045975,1763325325,0
1763325325812221669,[0 0 0 0 0 0 0 0],2,262,Pump RPM,811036887,1763325325,0
1763325325914591292,[0 0 0 0 0 0 0 0],2,262,Pump RPM,914186967,1763325325,0
1763325326006816991,[0 0 0 0 0 0 0 0],2,262,Pump RPM,6543836,1763325326,0
1763325326120199861,[0 0 0 0 0 0 0 0],2,262,Pump RPM,119321195,1763325326,0
1763325326214870292,[0 0 0 0 0 0 0 0],2,262,Pump RPM,213707815,1763325326,0
1763325326318081110,[0 0 0 0 0 0 0 0],2,262,Pump RPM,317185164,1763325326,0
1763325326409698610,[0 0 0 0 0 0 0 0],2,262,Pump RPM,409228173,1763325326,0
1763325326555917858,[0 0 0 0 0 0 0 0],2,262,Pump RPM,555143417,1763325326,0
1763325326639154142,[0 0 0 0 0 0 0 0],2,262,Pump RPM,638273619,1763325326,0
1763325326721580432,[0 0 0 0 0 0 0 0],2,262,Pump RPM,720997994,1763325326,0
1763325326813756467,[0 0 0 0 0 0 0 0],2,262,Pump RPM,813306478,1763325326,0
1763325326926897894,[0 0 0 0 0 0 0 0],2,262,Pump RPM,926526658,1763325326,0
1763325327010064290,[0 0 0 0 0 0 0 0],2,262,Pump RPM,9144151,1763325327,0
1763325327123824893,[0 0 0 0 0 0 0 0],2,262,Pump RPM,122730224,1763325327,0
1763325327216214370,[0 0 0 0 0 0 0 0],2,262,Pump RPM,215787293,1763325327,0
1763325327319256930,[0 0 0 0 0 0 0 0],2,262,Pump RPM,318752060,1763325327,0
1763325327411914571,[0 0 0 0 0 0 0 0],2,262,Pump RPM,411275907,1763325327,0
1763325327555886497,[0 0 0 0 0 0 0 0],2,262,Pump RPM,555146296,1763325327,0
1763325327639165726,[0 0 0 0 0 0 0 0],2,262,Pump RPM,638730073,1763325327,0
1763325327721841619,[0 0 0 0 0 0 0 0],2,262,Pump RPM,721391598,1763325327,0
1763325327817246300,[0 0 0 0 0 0 0 0],2,262,Pump RPM,816705589,1763325327,0
1763325327930049292,[0 0 0 0 0 0 0 0],2,262,Pump RPM,929704904,1763325327,0
1763325328012587264,[0 0 0 0 0 0 0 0],2,262,Pump RPM,12244188,1763325328,0
1763325328125993815,[0 0 0 0 0 0 0 0],2,262,Pump RPM,125326416,1763325328,0
1763325328219656140,[0 0 0 0 0 0 0 0],2,262,Pump RPM,218449214,1763325328,0
1763325328331056652,[0 0 0 0 0 0 0 0],2,262,Pump RPM,330822665,1763325328,0
1763325328414574380,[0 0 0 0 0 0 0 0],2,262,Pump RPM,413394910,1763325328,0
1763325328557658648,[0 0 0 0 0 0 0 0],2,262,Pump RPM,557326004,1763325328,0
1763325328641702622,[0 0 0 0 0 0 0 0],2,262,Pump RPM,641270361,1763325328,0
1763325328724118929,[0 0 0 0 0 0 0 0],2,262,Pump RPM,723546507,1763325328,0
1763325328817104030,[0 0 0 0 0 0 0 0],2,262,Pump RPM,816695065,1763325328,0
1763325328932170248,[0 0 0 0 0 0 0 0],2,262,Pump RPM,931027963,1763325328,0
1763325329015399589,[0 0 0 0 0 0 0 0],2,262,Pump RPM,14893759,1763325329,0
1763325329132801835,[0 0 0 0 0 0 0 0],2,262,Pump RPM,131910112,1763325329,0
1763325329216124840,[0 0 0 0 0 0 0 0],2,262,Pump RPM,214452693,1763325329,0
1763325329328327762,[0 0 0 0 0 0 0 0],2,262,Pump RPM,327810380,1763325329,0
1763325329420665848,[0 0 0 0 0 0 0 0],2,262,Pump RPM,420434165,1763325329,0
1763325329565178869,[0 0 0 0 0 0 0 0],2,262,Pump RPM,564766544,1763325329,0
1763325329648535956,[0 0 0 0 0 0 0 0],2,262,Pump RPM,647827563,1763325329,0
1763325329732371863,[0 0 0 0 0 0 0 0],2,262,Pump RPM,732118804,1763325329,0
1763325329826638355,[0 0 0 0 0 0 0 0],2,262,Pump RPM,826080653,1763325329,0
1763325329927808830,[0 0 0 0 0 0 0 0],2,262,Pump RPM,927458970,1763325329,0
1763325330020352038,[0 0 0 0 0 0 0 0],2,262,Pump RPM,19849440,1763325330,0
1763325330133219000,[0 0 0 0 0 0 0 0],2,262,Pump RPM,132972949,1763325330,0
1763325330226021891,[0 0 0 0 0 0 0 0],2,262,Pump RPM,225527581,1763325330,0
1763325330328995683,[0 0 0 0 0 0 0 0],2,262,Pump RPM,328382204,1763325330,0
1763325330421406730,[0 0 0 0 0 0 0 0],2,262,Pump RPM,421136167,1763325330,0
1763325330567633180,[0 0 0 0 0 0 0 0],2,262,Pump RPM,566808146,1763325330,0
1763325330651418303,[0 0 0 0 0 0 0 0],2,262,Pump RPM,650994874,1763325330,0
1763325330734501883,[0 0 0 0 0 0 0 0],2,262,Pump RPM,733721970,1763325330,0
1763325330830174503,[0 0 0 0 0 0 0 0],2,262,Pump RPM,829810851,1763325330,0
1763325330933499787,[0 0 0 0 0 0 0 0],2,262,Pump RPM,932744642,1763325330,0
1763325331027164448,[0 0 0 0 0 0 0 0],2,262,Pump RPM,26861661,1763325331,0
1763325331141989033,[0 0 0 0 0 0 0 0],2,262,Pump RPM,141679205,1763325331,0
1763325331224402397,[0 0 0 0 0 0 0 0],2,262,Pump RPM,224165370,1763325331,0
1763325331337420305,[0 0 0 0 0 0 0 0],2,262,Pump RPM,336764906,1763325331,0
1763325331429612278,[0 0 0 0 0 0 0 0],2,262,Pump RPM,429259666,1763325331,0
1763325331565043724,[0 0 0 0 0 0 0 0],2,262,Pump RPM,564247106,1763325331,0
1763325331648142375,[0 0 0 0 0 0 0 0],2,262,Pump RPM,647502912,1763325331,0
1763325331741554778,[0 0 0 0 0 0 0 0],2,262,Pump RPM,741132597,1763325331,0
1763325331825801763,[0 0 0 0 0 0 0 0],2,262,Pump RPM,824971066,1763325331,0
1763325331939033882,[0 0 0 0 0 0 0 0],2,262,Pump RPM,938472563,1763325331,0
1763325332030737561,[0 0 0 0 0 0 0 0],2,262,Pump RPM,30415573,1763325332,0
1763325332144967355,[0 0 0 0 0 0 0 0],2,262,Pump RPM,144083697,1763325332,0
1763325332227683475,[0 0 0 0 0 0 0 0],2,262,Pump RPM,227168557,1763325332,0
1763325332340876041,[0 0 0 0 0 0 0 0],2,262,Pump RPM,340039808,1763325332,0
1763325332432546536,[0 0 0 0 0 0 0 0],2,262,Pump RPM,432093955,1763325332,0
1763325332576601794,[0 0 0 0 0 0 0 0],2,262,Pump RPM,576261374,1763325332,0
1763325332659594045,[0 0 0 0 0 0 0 0],2,262,Pump RPM,659010998,1763325332,0
1763325332744164458,[0 0 0 0 0 0 0 0],2,262,Pump RPM,741223912,1763325332,0
1763325332833977235,[0 0 0 0 0 0 0 0],2,262,Pump RPM,833254187,1763325332,0
1763325332948118869,[0 0 0 0 0 0 0 0],2,262,Pump RPM,946341216,1763325332,0
1763325333029087833,[0 0 0 0 0 0 0 0],2,262,Pump RPM,28869046,1763325333,0
1763325333142766037,[0 0 0 0 0 0 0 0],2,262,Pump RPM,142198575,1763325333,0
1763325333235620066,[0 0 0 0 0 0 0 0],2,262,Pump RPM,234660215,1763325333,0
1763325333338234047,[0 0 0 0 0 0 0 0],2,262,Pump RPM,338039453,1763325333,0
1763325333433374374,[0 0 0 0 0 0 0 0],2,262,Pump RPM,432648638,1763325333,0
1763325333578211849,[0 0 0 0 0 0 0 0],2,262,Pump RPM,576642967,1763325333,0
1763325333662408082,[0 0 0 0 0 0 0 0],2,262,Pump RPM,660874817,1763325333,0
1763325333746498106,[0 0 0 0 0 0 0 0],2,262,Pump RPM,744950248,1763325333,0
1763325333838082104,[0 0 0 0 0 0 0 0],2,262,Pump RPM,837211214,1763325333,0
1763325333944143229,[0 0 0 0 0 0 0 0],2,262,Pump RPM,940401714,1763325333,0
1763325334032343957,[0 0 0 0 0 0 0 0],2,262,Pump RPM,32060593,1763325334,0
1763325334146386646,[0 0 0 0 0 0 0 0],2,262,Pump RPM,145771118,1763325334,0
1763325334238808446,[0 0 0 0 0 0 0 0],2,262,Pump RPM,238467162,1763325334,0
1763325334342174084,[0 0 0 0 0 0 0 0],2,262,Pump RPM,341376859,1763325334,0
1763325334434259464,[0 0 0 0 0 0 0 0],2,262,Pump RPM,433595840,1763325334,0
1763325334580530396,[0 0 0 0 0 0 0 0],2,262,Pump RPM,579188429,1763325334,0
1763325334664187583,[0 0 0 0 0 0 0 0],2,262,Pump RPM,663441559,1763325334,0
1763325334746603476,[0 0 0 0 0 0 0 0],2,262,Pump RPM,745962829,1763325334,0
1763325334839495202,[0 0 0 0 0 0 0 0],2,262,Pump RPM,838589751,1763325334,0
1763325334952788506,[0 0 0 0 0 0 0 0],2,262,Pump RPM,951846544,1763325334,0
1763325335037212903,[0 0 0 0 0 0 0 0],2,262,Pump RPM,36363453,1763325335,0
1763325335149427539,[0 0 0 0 0 0 0 0],2,262,Pump RPM,149036302,1763325335,0
1763325335242302369,[0 0 0 0 0 0 0 0],2,262,Pump RPM,241604953,1763325335,0
1763325335354826129,[0 0 0 0 0 0 0 0],2,262,Pump RPM,354429804,1763325335,0
1763325335436953122,[0 0 0 0 0 0 0 0],2,262,Pump RPM,436430652,1763325335,0
1763325335582033417,[0 0 0 0 0 0 0 0],2,262,Pump RPM,581475843,1763325335,0
1763325335665172679,[0 0 0 0 0 0 0 0],2,262,Pump RPM,664924772,1763325335,0
1763325335747252568,[0 0 0 0 0 0 0 0],2,262,Pump RPM,747017910,1763325335,0
1763325335839723329,[0 0 0 0 0 0 0 0],2,262,Pump RPM,839250492,1763325335,0
1763325335952508660,[0 0 0 0 0 0 0 0],2,262,Pump RPM,951822956,1763325335,0
1763325336044317590,[0 0 0 0 0 0 0 0],2,262,Pump RPM,44090451,1763325336,0
1763325336157244971,[0 0 0 0 0 0 0 0],2,262,Pump RPM,156580835,1763325336,0
1763325336239239676,[0 0 0 0 0 0 0 0],2,262,Pump RPM,238855415,1763325336,0
1763325336353429727,[0 0 0 0 0 0 0 0],2,262,Pump RPM,352795160,1763325336,0
1763325336446553616,[0 0 0 0 0 0 0 0],2,262,Pump RPM,445592709,1763325336,0
1763325336589900611,[0 0 0 0 0 0 0 0],2,262,Pump RPM,589435326,1763325336,0
1763325336673912619,[0 0 0 0 0 0 0 0],2,262,Pump RPM,673512071,1763325336,0
1763325336757796370,[0 0 0 0 0 0 0 0],2,262,Pump RPM,757195179,1763325336,0
1763325336839853635,[0 0 0 0 0 0 0 0],2,262,Pump RPM,839293469,1763325336,0
1763325336952652343,[0 0 0 0 0 0 0 0],2,262,Pump RPM,952019631,1763325336,0
1763325337045122560,[0 0 0 0 0 0 0 0],2,262,Pump RPM,44269014,1763325337,0
1763325337157779346,[0 0 0 0 0 0 0 0],2,262,Pump RPM,157257452,1763325337,0
1763325337251422346,[0 0 0 0 0 0 0 0],2,262,Pump RPM,249933528,1763325337,0
1763325337352940540,[0 0 0 0 0 0 0 0],2,262,Pump RPM,352507735,1763325337,0
1763325337444791294,[0 0 0 0 0 0 0 0],2,262,Pump RPM,444584636,1763325337,0
1763325337595519175,[0 0 0 0 0 0 0 0],2,262,Pump RPM,593990613,1763325337,0
1763325337679105546,[0 0 0 0 0 0 0 0],2,262,Pump RPM,677580825,1763325337,0
1763325337761542336,[0 0 0 0 0 0 0 0],2,262,Pump RPM,759965134,1763325337,0
1763325337846523124,[0 0 0 0 0 0 0 0],2,262,Pump RPM,844876833,1763325337,0
1763325337960388180,[0 0 0 0 0 0 0 0],2,262,Pump RPM,959404969,1763325337,0
1763325338053046848,[0 0 0 0 0 0 0 0],2,262,Pump RPM,52343800,1763325338,0
1763325338156916237,[0 0 0 0 0 0 0 0],2,262,Pump RPM,156313542,1763325338,0
1763325338250998058,[0 0 0 0 0 0 0 0],2,262,Pump RPM,249920509,1763325338,0
1763325338365003436,[0 0 0 0 0 0 0 0],2,262,Pump RPM,364172163,1763325338,0
1763325338447400130,[0 0 0 0 0 0 0 0],2,262,Pump RPM,446798907,1763325338,0
1763325338590966073,[0 0 0 0 0 0 0 0],2,262,Pump RPM,590523636,1763325338,0
1763325338673532785,[0 0 0 0 0 0 0 0],2,262,Pump RPM,673161197,1763325338,0
1763325338766149980,[0 0 0 0 0 0 0 0],2,262,Pump RPM,765788120,1763325338,0
1763325338851050319,[0 0 0 0 0 0 0 0],2,262,Pump RPM,847809482,1763325338,0
1763325338964636813,[0 0 0 0 0 0 0 0],2,262,Pump RPM,963009626,1763325338,0
1763325339054130644,[0 0 0 0 0 0 0 0],2,262,Pump RPM,53298603,1763325339,0
1763325339167084779,[0 0 0 0 0 0 0 0],2,262,Pump RPM,166434723,1763325339,0
1763325339250277002,[0 0 0 0 0 0 0 0],2,262,Pump RPM,249785061,1763325339,0
1763325339364183052,[0 0 0 0 0 0 0 0],2,262,Pump RPM,363479812,1763325339,0
1763325339450349485,[0 0 0 0 0 0 0 0],2,262,Pump RPM,449630405,1763325339,0
1763325339594616301,[0 0 0 0 0 0 0 0],2,262,Pump RPM,594075431,1763325339,0
1763325339677303238,[0 0 0 0 0 0 0 0],2,262,Pump RPM,676918722,1763325339,0
1763325339761285199,[0 0 0 0 0 0 0 0],2,262,Pump RPM,759822654,1763325339,0
1763325339854726500,[0 0 0 0 0 0 0 0],2,262,Pump RPM,854156478,1763325339,0
1763325339967834813,[0 0 0 0 0 0 0 0],2,262,Pump RPM,967392376,1763325339,0
1763325340050575767,[0 0 0 0 0 0 0 0],2,262,Pump RPM,50269779,1763325340,0
1763325340166604017,[0 0 0 0 0 0 0 0],2,262,Pump RPM,165024639,1763325340,0
1763325340257455593,[0 0 0 0 0 0 0 0],2,262,Pump RPM,256576575,1763325340,0
