timestamp,can_msg.data,can_msg.dlc,can_msg.id,glow_plug_i,glow_plug_v,header.frame_id,header.stamp.nanosec,header.stamp.sec,sekevence
1763324729696744541,[0 0 0 0 0 0 0 0],7,264,[0. 0.],[0. 0.],Glow Plugs,679482588,1763324729,0
1763324729770921574,[0 0 0 0 0 0 0 0],7,264,[0. 0.],[0. 0.],Glow Plugs,770495010,1763324729,0
1763324729853662478,[0 0 0 0 0 0 0 0],7,264,[0. 0.],[0. 0.],Glow Plugs,853249067,1763324729,0
1763324729973039463,[0 0 0 0 0 0 0 0],7,264,[0. 0.],[0. 0.],Glow Plugs,971837758,1763324729,0
1763324730054583847,[0 0 0 0 0 0 0 0],7,264,[0. 0.],[0. 0.],Glow Plugs,53816193,1763324730,0
1763324730169274911,[0 0 0 0 0 0 0 0],7,264,[0. 0.],[0. 0.],Glow Plugs,168130774,1763324730,0
1763324730262713656,[0 0 0 0 0 0 0 0],7,264,[0. 0.],[0. 0.],Glow Plugs,258635577,1763324730,0
1763324730372802413,[0 0 0 0 0 0 0 0],7,264,[0. 0.],[0. 0.],Glow Plugs,371866310,1763324730,0
1763324730465765219,[0 0 0 0 0 0 0 0],7,264,[0. 0.],[0. 0.],Glow Plugs,464555097,1763324730,0
1763324730610183544,[0 0 0 0 0 0 0 0],7,264,[0. 0.],[0. 0.],Glow Plugs,608150953,1763324730,0
1763324730681396907,[0 0 0 0 0 0 0 0],7,264,[0. 0.],[0. 0.],Glow Plugs,680615397,1763324730,0
1763324730774773316,[0 0 0 0 0 0 0 0],7,264,[0. 0.],[0. 0.],Glow Plugs,773752188,1763324730,0
1763324730856997353,[0 0 0 0 0 0 0 0],7,264,[0. 0.],[0. 0.],Glow Plugs,856184227,1763324730,0
1763324730969451632,[0 0 0 0 0 0 0 0],7,264,[0. 0.],[0. 0.],Glow Plugs,968758923,1763324730,0
1763324731062399494,[0 0 0 0 0 0 0 0],7,264,[0. 0.],[0. 0.],Glow Plugs,61496223,1763324731,0
1763324731174088809,[0 0 0 0 0 0 0 0],7,264,[0. 0.],[0. 0.],Glow Plugs,173201986,1763324731,0
1763324731267693700,[0 0 0 0 0 0 0 0],7,264,[0. 0.],[0. 0.],Glow Plugs,266836510,1763324731,0
1763324731380004747,[0 0 0 0 0 0 0 0],7,264,[0. 0.],[0. 0.],Glow Plugs,378539168,1763324731,0
1763324731461476108,[0 0 0 0 0 0 0 0],7,264,[0. 0.],[0. 0.],Glow Plugs,460995304,1763324731,0
1763324731617408505,[0 0 0 0 0 0 0 0],7,264,[0. 0.],[0. 0.],Glow Plugs,616751284,1763324731,0
1763324731690335642,[0 0 0 0 0 0 0 0],7,264,[0. 0.],[0. 0.],Glow Plugs,689415859,1763324731,0
1763324731773565384,[0 0 0 0 0 0 0 0],7,264,[0. 0.],[0. 0.],Glow Plugs,772689121,1763324731,0
1763324731867502822,[0 0 0 0 0 0 0 0],7,264,[0. 0.],[0. 0.],Glow Plugs,866853889,1763324731,0
1763324731972575735,[0 0 0 0 0 0 0 0],7,264,[0. 0.],[0. 0.],Glow Plugs,972030323,1763324731,0
1763324732065983185,[0 0 0 0 0 0 0 0],7,264,[0. 0.],[0. 0.],Glow Plugs,65553550,1763324732,0
1763324732179910630,[0 0 0 0 0 0 0 0],7,264,[0. 0.],[0. 0.],Glow Plugs,179465474,1763324732,0
1763324732263350390,[0 0 0 0 0 0 0 0],7,264,[0. 0.],[0. 0.],Glow Plugs,262578992,1763324732,0
1763324732377303371,[0 0 0 0 0 0 0 0],7,264,[0. 0.],[0. 0.],Glow Plugs,376050529,1763324732,0
1763324732469004121,[0 0 0 0 0 0 0 0],7,264,[0. 0.],[0. 0.],Glow Plugs,468461429,1763324732,0
1763324732623657854,[0 0 0 0 0 0 0 0],7,264,[0. 0.],[0. 0.],Glow Plugs,622838264,1763324732,0
1763324732701257859,[0 0 0 0 0 0 0 0],7,264,[0. 0.],[0. 0.],Glow Plugs,700848640,1763324732,0
1763324732773561632,[0 0 0 0 0 0 0 0],7,264,[0. 0.],[0. 0.],Glow Plugs,773171517,1763324732,0
1763324732869679983,[0 0 0 0 0 0 0 0],7,264,[0. 0.],[0. 0.],Glow Plugs,867879746,1763324732,0
1763324732980801839,[0 0 0 0 0 0 0 0],7,264,[0. 0.],[0. 0.],Glow Plugs,980434188,1763324732,0
1763324733072742208,[0 0 0 0 0 0 0 0],7,264,[0. 0.],[0. 0.],Glow Plugs,72312412,1763324733,0
1763324733176143590,[0 0 0 0 0 0 0 0],7,264,[0. 0.],[0. 0.],Glow Plugs,174965214,1763324733,0
1763324733269786756,[0 0 0 0 0 0 0 0],7,264,[0. 0.],[0. 0.],Glow Plugs,269125183,1763324733,0
1763324733384822210,[0 0 0 0 0 0 0 0],7,264,[0. 0.],[0. 0.],Glow Plugs,383095957,1763324733,0
1763324733466772937,[0 0 0 0 0 0 0 0],7,264,[0. 0.],[0. 0.],Glow Plugs,466189060,1763324733,0
1763324733621573361,[0 0 0 0 0 0 0 0],7,264,[0. 0.],[0. 0.],Glow Plugs,620757611,1763324733,0
1763324733694738773,[0 0 0 0 0 0 0 0],7,264,[0. 0.],[0. 0.],Glow Plugs,694270386,1763324733,0
1763324733777652194,[0 0 0 0 0 0 0 0],7,264,[0. 0.],[0. 0.],Glow Plugs,776778620,1763324733,0
1763324733869572115,[0 0 0 0 0 0 0 0],7,264,[0. 0.],[0. 0.],Glow Plugs,869074352,1763324733,0
1763324733985286103,[0 0 0 0 0 0 0 0],7,264,[0. 0.],[0. 0.],Glow Plugs,984638962,1763324733,0
1763324734071800320,[0 0 0 0 0 0 0 0],7,264,[0. 0.],[0. 0.],Glow Plugs,70304020,1763324734,0
1763324734185703351,[0 0 0 0 0 0 0 0],7,264,[0. 0.],[0. 0.],Glow Plugs,184657359,1763324734,0
1763324734284609117,[0 0 0 0 0 0 0 0],7,264,[0. 0.],[0. 0.],Glow Plugs,284139065,1763324734,0
1763324734385212848,[0 0 0 0 0 0 0 0],7,264,[0. 0.],[0. 0.],Glow Plugs,384752173,1763324734,0
1763324734476960353,[0 0 0 0 0 0 0 0],7,264,[0. 0.],[0. 0.],Glow Plugs,476032186,1763324734,0
1763324734621711007,[0 0 0 0 0 0 0 0],7,264,[0. 0.],[0. 0.],Glow Plugs,621062714,1763324734,0
1763324734694291264,[0 0 0 0 0 0 0 0],7,264,[0. 0.],[0. 0.],Glow Plugs,693811580,1763324734,0
1763324734786197010,[0 0 0 0 0 0 0 0],7,264,[0. 0.],[0. 0.],Glow Plugs,785670382,1763324734,0
1763324734878201956,[0 0 0 0 0 0 0 0],7,264,[0. 0.],[0. 0.],Glow Plugs,877908610,1763324734,0
1763324734981265322,[0 0 0 0 0 0 0 0],7,264,[0. 0.],[0. 0.],Glow Plugs,980648133,1763324734,0
1763324735074469606,[0 0 0 0 0 0 0 0],7,264,[0. 0.],[0. 0.],Glow Plugs,73924386,1763324735,0
1763324735187148405,[0 0 0 0 0 0 0 0],7,264,[0. 0.],[0. 0.],Glow Plugs,186954292,1763324735,0
1763324735279225417,[0 0 0 0 0 0 0 0],7,264,[0. 0.],[0. 0.],Glow Plugs,279007688,1763324735,0
1763324735384800867,[0 0 0 0 0 0 0 0],7,264,[0. 0.],[0. 0.],Glow Plugs,384188286,1763324735,0
1763324735478447427,[0 0 0 0 0 0 0 0],7,264,[0. 0.],[0. 0.],Glow Plugs,477660989,1763324735,0
1763324735626327003,[0 0 0 0 0 0 0 0],7,264,[0. 0.],[0. 0.],Glow Plugs,625520116,1763324735,0
1763324735698144630,[0 0 0 0 0 0 0 0],7,264,[0. 0.],[0. 0.],Glow Plugs,697931669,1763324735,0
1763324735791343059,[0 0 0 0 0 0 0 0],7,264,[0. 0.],[0. 0.],Glow Plugs,791026033,1763324735,0
1763324735876225937,[0 0 0 0 0 0 0 0],7,264,[0. 0.],[0. 0.],Glow Plugs,873103802,1763324735,0
1763324735988238491,[0 0 0 0 0 0 0 0],7,264,[0. 0.],[0. 0.],Glow Plugs,987687447,1763324735,0
1763324736081970365,[0 0 0 0 0 0 0 0],7,264,[0. 0.],[0. 0.],Glow Plugs,81083094,1763324736,0
1763324736185069989,[0 0 0 0 0 0 0 0],7,264,[0. 0.],[0. 0.],Glow Plugs,184883843,1763324736,0
1763324736278886919,[0 0 0 0 0 0 0 0],7,264,[0. 0.],[0. 0.],Glow Plugs,278229698,1763324736,0
1763324736394362764,[0 0 0 0 0 0 0 0],7,264,[0. 0.],[0. 0.],Glow Plugs,393440133,1763324736,0
1763324736477584031,[0 0 0 0 0 0 0 0],7,264,[0. 0.],[0. 0.],Glow Plugs,476544247,1763324736,0
1763324736630736896,[0 0 0 0 0 0 0 0],7,264,[0. 0.],[0. 0.],Glow Plugs,629971290,1763324736,0
1763324736704224713,[0 0 0 0 0 0 0 0],7,264,[0. 0.],[0. 0.],Glow Plugs,703533668,1763324736,0
1763324736796809026,[0 0 0 0 0 0 0 0],7,264,[0. 0.],[0. 0.],Glow Plugs,795921019,1763324736,0
1763324736878875020,[0 0 0 0 0 0 0 0],7,264,[0. 0.],[0. 0.],Glow Plugs,878021126,1763324736,0
1763324736991763518,[0 0 0 0 0 0 0 0],7,264,[0. 0.],[0. 0.],Glow Plugs,991524636,1763324736,0
1763324737084570649,[0 0 0 0 0 0 0 0],7,264,[0. 0.],[0. 0.],Glow Plugs,84132374,1763324737,0
1763324737188765291,[0 0 0 0 0 0 0 0],7,264,[0. 0.],[0. 0.],Glow Plugs,187867364,1763324737,0
1763324737281629479,[0 0 0 0 0 0 0 0],7,264,[0. 0.],[0. 0.],Glow Plugs,280874978,1763324737,0
1763324737394922461,[0 0 0 0 0 0 0 0],7,264,[0. 0.],[0. 0.],Glow Plugs,394087767,1763324737,0
1763324737480275041,[0 0 0 0 0 0 0 0],7,264,[0. 0.],[0. 0.],Glow Plugs,479996959,1763324737,0
1763324737635775765,[0 0 0 0 0 0 0 0],7,264,[0. 0.],[0. 0.],Glow Plugs,635035856,1763324737,0
1763324737708293240,[0 0 0 0 0 0 0 0],7,264,[0. 0.],[0. 0.],Glow Plugs,707617203,1763324737,0
1763324737790781510,[0 0 0 0 0 0 0 0],7,264,[0. 0.],[0. 0.],Glow Plugs,790365603,1763324737,0
1763324737886803226,[0 0 0 0 0 0 0 0],7,264,[0. 0.],[0. 0.],Glow Plugs,886399223,1763324737,0
1763324738000945047,[0 0 0 0 0 0 0 0],7,264,[0. 0.],[0. 0.],Glow Plugs,677237,1763324738,0
1763324738083030882,[0 0 0 0 0 0 0 0],7,264,[0. 0.],[0. 0.],Glow Plugs,82449758,1763324738,0
1763324738196415771,[0 0 0 0 0 0 0 0],7,264,[0. 0.],[0. 0.],Glow Plugs,194883087,1763324738,0
1763324738288613203,[0 0 0 0 0 0 0 0],7,264,[0. 0.],[0. 0.],Glow Plugs,288061519,1763324738,0
1763324738400801666,[0 0 0 0 0 0 0 0],7,264,[0. 0.],[0. 0.],Glow Plugs,400308222,1763324738,0
1763324738483465138,[0 0 0 0 0 0 0 0],7,264,[0. 0.],[0. 0.],Glow Plugs,482480875,1763324738,0
1763324738638868936,[0 0 0 0 0 0 0 0],7,264,[0. 0.],[0. 0.],Glow Plugs,636267956,1763324738,0
1763324738711374923,[0 0 0 0 0 0 0 0],7,264,[0. 0.],[0. 0.],Glow Plugs,708708471,1763324738,0
1763324738797210835,[0 0 0 0 0 0 0 0],7,264,[0. 0.],[0. 0.],Glow Plugs,796281548,1763324738,0
1763324738890961591,[0 0 0 0 0 0 0 0],7,264,[0. 0.],[0. 0.],Glow Plugs,890080785,1763324738,0
1763324739005319607,[0 0 0 0 0 0 0 0],7,264,[0. 0.],[0. 0.],Glow Plugs,4381520,1763324739,0
1763324739093140879,[0 0 0 0 0 0 0 0],7,264,[0. 0.],[0. 0.],Glow Plugs,86325499,1763324739,0
1763324739202105831,[0 0 0 0 0 0 0 0],7,264,[0. 0.],[0. 0.],Glow Plugs,201258144,1763324739,0
1763324739287082153,[0 0 0 0 0 0 0 0],7,264,[0. 0.],[0. 0.],Glow Plugs,286273923,1763324739,0
1763324739400741989,[0 0 0 0 0 0 0 0],7,264,[0. 0.],[0. 0.],Glow Plugs,400419875,1763324739,0
1763324739485895849,[0 0 0 0 0 0 0 0],7,264,[0. 0.],[0. 0.],Glow Plugs,485705351,1763324739,0
1763324739641527714,[0 0 0 0 0 0 0 0],7,264,[0. 0.],[0. 0.],Glow Plugs,641282816,1763324739,0
1763324739716336120,[0 0 0 0 0 0 0 0],7,264,[0. 0.],[0. 0.],Glow Plugs,713644355,1763324739,0
1763324739796366325,[0 0 0 0 0 0 0 0],7,264,[0. 0.],[0. 0.],Glow Plugs,795594351,1763324739,0
1763324739888947089,[0 0 0 0 0 0 0 0],7,264,[0. 0.],[0. 0.],Glow Plugs,888616590,1763324739,0
1763324740001922631,[0 0 0 0 0 0 0 0],7,264,[0. 0.],[0. 0.],Glow Plugs,871071,1763324740,0
1763324740095901231,[0 0 0 0 0 0 0 0],7,264,[0. 0.],[0. 0.],Glow Plugs,93127322,1763324740,0
1763324740206555989,[0 0 0 0 0 0 0 0],7,264,[0. 0.],[0. 0.],Glow Plugs,206234963,1763324740,0
1763324740289283592,[0 0 0 0 0 0 0 0],7,264,[0. 0.],[0. 0.],Glow Plugs,288340032,1763324740,0
1763324740401946749,[0 0 0 0 0 0 0 0],7,264,[0. 0.],[0. 0.],Glow Plugs,400955701,1763324740,0
1763324740494226680,[0 0 0 0 0 0 0 0],7,264,[0. 0.],[0. 0.],Glow Plugs,493324433,1763324740,0
1763324740649232142,[0 0 0 0 0 0 0 0],7,264,[0. 0.],[0. 0.],Glow Plugs,647922436,1763324740,0
1763324740720715787,[0 0 0 0 0 0 0 0],7,264,[0. 0.],[0. 0.],Glow Plugs,719915653,1763324740,0
1763324740802838201,[0 0 0 0 0 0 0 0],7,264,[0. 0.],[0. 0.],Glow Plugs,802505046,1763324740,0
1763324740899214739,[0 0 0 0 0 0 0 0],7,264,[0. 0.],[0. 0.],Glow Plugs,898473517,1763324740,0
1763324741013910744,[0 0 0 0 0 0 0 0],7,264,[0. 0.],[0. 0.],Glow Plugs,13218802,1763324741,0
1763324741099746115,[0 0 0 0 0 0 0 0],7,264,[0. 0.],[0. 0.],Glow Plugs,97546098,1763324741,0
1763324741206642957,[0 0 0 0 0 0 0 0],7,264,[0. 0.],[0. 0.],Glow Plugs,205495653,1763324741,0
1763324741301971552,[0 0 0 0 0 0 0 0],7,264,[0. 0.],[0. 0.],Glow Plugs,298955466,1763324741,0
1763324741407530337,[0 0 0 0 0 0 0 0],7,264,[0. 0.],[0. 0.],Glow Plugs,405725139,1763324741,0
1763324741500725764,[0 0 0 0 0 0 0 0],7,264,[0. 0.],[0. 0.],Glow Plugs,500500642,1763324741,0
1763324741646470549,[0 0 0 0 0 0 0 0],7,264,[0. 0.],[0. 0.],Glow Plugs,646101203,1763324741,0
1763324741720362758,[0 0 0 0 0 0 0 0],7,264,[0. 0.],[0. 0.],Glow Plugs,720113604,1763324741,0
1763324741803446972,[0 0 0 0 0 0 0 0],7,264,[0. 0.],[0. 0.],Glow Plugs,803195898,1763324741,0
1763324741898259499,[0 0 0 0 0 0 0 0],7,264,[0. 0.],[0. 0.],Glow Plugs,896392029,1763324741,0
1763324742015054849,[0 0 0 0 0 0 0 0],7,264,[0. 0.],[0. 0.],Glow Plugs,14160378,1763324742,0
1763324742103777283,[0 0 0 0 0 0 0 0],7,264,[0. 0.],[0. 0.],Glow Plugs,103091582,1763324742,0
1763324742217365218,[0 0 0 0 0 0 0 0],7,264,[0. 0.],[0. 0.],Glow Plugs,216781309,1763324742,0
1763324742300882556,[0 0 0 0 0 0 0 0],7,264,[0. 0.],[0. 0.],Glow Plugs,299524434,1763324742,0
1763324742414848382,[0 0 0 0 0 0 0 0],7,264,[0. 0.],[0. 0.],Glow Plugs,413583316,1763324742,0
1763324742499792739,[0 0 0 0 0 0 0 0],7,264,[0. 0.],[0. 0.],Glow Plugs,498082806,1763324742,0
1763324742654827613,[0 0 0 0 0 0 0 0],7,264,[0. 0.],[0. 0.],Glow Plugs,653032495,1763324742,0
1763324742727594757,[0 0 0 0 0 0 0 0],7,264,[0. 0.],[0. 0.],Glow Plugs,726112826,1763324742,0
1763324742809212945,[0 0 0 0 0 0 0 0],7,264,[0. 0.],[0. 0.],Glow Plugs,807612581,1763324742,0
1763324742900423334,[0 0 0 0 0 0 0 0],7,264,[0. 0.],[0. 0.],Glow Plugs,899787937,1763324742,0
1763324743013085886,[0 0 0 0 0 0 0 0],7,264,[0. 0.],[0. 0.],Glow Plugs,12667259,1763324743,0
1763324743105619902,[0 0 0 0 0 0 0 0],7,264,[0. 0.],[0. 0.],Glow Plugs,105255163,1763324743,0
1763324743208016393,[0 0 0 0 0 0 0 0],7,264,[0. 0.],[0. 0.],Glow Plugs,207628870,1763324743,0
1763324743300276199,[0 0 0 0 0 0 0 0],7,264,[0. 0.],[0. 0.],Glow Plugs,299680098,1763324743,0
1763324743413645253,[0 0 0 0 0 0 0 0],7,264,[0. 0.],[0. 0.],Glow Plugs,413390467,1763324743,0
1763324743506687529,[0 0 0 0 0 0 0 0],7,264,[0. 0.],[0. 0.],Glow Plugs,505931683,1763324743,0
1763324743652251708,[0 0 0 0 0 0 0 0],7,264,[0. 0.],[0. 0.],Glow Plugs,650899058,1763324743,0
1763324743723392249,[0 0 0 0 0 0 0 0],7,264,[0. 0.],[0. 0.],Glow Plugs,723077207,1763324743,0
1763324743821201953,[0 0 0 0 0 0 0 0],7,264,[0. 0.],[0. 0.],Glow Plugs,820115993,1763324743,0
1763324743904465275,[0 0 0 0 0 0 0 0],7,264,[0. 0.],[0. 0.],Glow Plugs,903875830,1763324743,0
1763324744016956787,[0 0 0 0 0 0 0 0],7,264,[0. 0.],[0. 0.],Glow Plugs,16566416,1763324744,0
1763324744108979184,[0 0 0 0 0 0 0 0],7,264,[0. 0.],[0. 0.],Glow Plugs,108586701,1763324744,0
1763324744211882208,[0 0 0 0 0 0 0 0],7,264,[0. 0.],[0. 0.],Glow Plugs,211303771,1763324744,0
1763324744306616049,[0 0 0 0 0 0 0 0],7,264,[0. 0.],[0. 0.],Glow Plugs,305766059,1763324744,0
1763324744419047498,[0 0 0 0 0 0 0 0],7,264,[0. 0.],[0. 0.],Glow Plugs,418736871,1763324744,0
1763324744502357860,[0 0 0 0 0 0 0 0],7,264,[0. 0.],[0. 0.],Glow Plugs,502049634,1763324744,0
1763324744657730692,[0 0 0 0 0 0 0 0],7,264,[0. 0.],[0. 0.],Glow Plugs,656346874,1763324744,0
1763324744730834833,[0 0 0 0 0 0 0 0],7,264,[0. 0.],[0. 0.],Glow Plugs,730308397,1763324744,0
1763324744812683617,[0 0 0 0 0 0 0 0],7,264,[0. 0.],[0. 0.],Glow Plugs,812115644,1763324744,0
1763324744908118136,[0 0 0 0 0 0 0 0],7,264,[0. 0.],[0. 0.],Glow Plugs,906669549,1763324744,0
1763324745023035043,[0 0 0 0 0 0 0 0],7,264,[0. 0.],[0. 0.],Glow Plugs,21796122,1763324745,0
1763324745105275223,[0 0 0 0 0 0 0 0],7,264,[0. 0.],[0. 0.],Glow Plugs,104052493,1763324745,0
1763324745218044851,[0 0 0 0 0 0 0 0],7,264,[0. 0.],[0. 0.],Glow Plugs,216698825,1763324745,0
1763324745310301939,[0 0 0 0 0 0 0 0],7,264,[0. 0.],[0. 0.],Glow Plugs,308815432,1763324745,0
1763324745423912982,[0 0 0 0 0 0 0 0],7,264,[0. 0.],[0. 0.],Glow Plugs,423526643,1763324745,0
1763324745505467556,[0 0 0 0 0 0 0 0],7,264,[0. 0.],[0. 0.],Glow Plugs,504824031,1763324745,0
1763324745661162280,[0 0 0 0 0 0 0 0],7,264,[0. 0.],[0. 0.],Glow Plugs,659772285,1763324745,0
1763324745733145709,[0 0 0 0 0 0 0 0],7,264,[0. 0.],[0. 0.],Glow Plugs,732349383,1763324745,0
1763324745827652862,[0 0 0 0 0 0 0 0],7,264,[0. 0.],[0. 0.],Glow Plugs,826961721,1763324745,0
1763324745910453654,[0 0 0 0 0 0 0 0],7,264,[0. 0.],[0. 0.],Glow Plugs,909811857,1763324745,0
1763324746025991751,[0 0 0 0 0 0 0 0],7,264,[0. 0.],[0. 0.],Glow Plugs,23211890,1763324746,0
1763324746116661276,[0 0 0 0 0 0 0 0],7,264,[0. 0.],[0. 0.],Glow Plugs,116128696,1763324746,0
1763324746218916809,[0 0 0 0 0 0 0 0],7,264,[0. 0.],[0. 0.],Glow Plugs,218025411,1763324746,0
1763324746314355075,[0 0 0 0 0 0 0 0],7,264,[0. 0.],[0. 0.],Glow Plugs,313345979,1763324746,0
1763324746427121120,[0 0 0 0 0 0 0 0],7,264,[0. 0.],[0. 0.],Glow Plugs,424975664,1763324746,0
1763324746513278802,[0 0 0 0 0 0 0 0],7,264,[0. 0.],[0. 0.],Glow Plugs,512009993,1763324746,0
1763324746668391732,[0 0 0 0 0 0 0 0],7,264,[0. 0.],[0. 0.],Glow Plugs,667761135,1763324746,0
1763324746743762707,[0 0 0 0 0 0 0 0],7,264,[0. 0.],[0. 0.],Glow Plugs,741925093,1763324746,0
1763324746828086616,[0 0 0 0 0 0 0 0],7,264,[0. 0.],[0. 0.],Glow Plugs,826059464,1763324746,0
1763324746911021489,[0 0 0 0 0 0 0 0],7,264,[0. 0.],[0. 0.],Glow Plugs,910158539,1763324746,0
1763324747026810630,[0 0 0 0 0 0 0 0],7,264,[0. 0.],[0. 0.],Glow Plugs,25053657,1763324747,0
1763324747119832654,[0 0 0 0 0 0 0 0],7,264,[0. 0.],[0. 0.],Glow Plugs,118261058,1763324747,0
1763324747222035164,[0 0 0 0 0 0 0 0],7,264,[0. 0.],[0. 0.],Glow Plugs,221062580,1763324747,0
1763324747314213277,[0 0 0 0 0 0 0 0],7,264,[0. 0.],[0. 0.],Glow Plugs,313588600,1763324747,0
1763324747427366111,[0 0 0 0 0 0 0 0],7,264,[0. 0.],[0. 0.],Glow Plugs,426849531,1763324747,0
1763324747519763746,[0 0 0 0 0 0 0 0],7,264,[0. 0.],[0. 0.],Glow Plugs,519440960,1763324747,0
1763324747664113106,[0 0 0 0 0 0 0 0],7,264,[0. 0.],[0. 0.],Glow Plugs,663386925,1763324747,0
1763324747736117913,[0 0 0 0 0 0 0 0],7,264,[0. 0.],[0. 0.],Glow Plugs,735870840,1763324747,0
1763324747829085601,[0 0 0 0 0 0 0 0],7,264,[0. 0.],[0. 0.],Glow Plugs,828328731,1763324747,0
1763324747921206658,[0 0 0 0 0 0 0 0],7,264,[0. 0.],[0. 0.],Glow Plugs,920980000,1763324747,0
1763324748030705128,[0 0 0 0 0 0 0 0],7,264,[0. 0.],[0. 0.],Glow Plugs,29761888,1763324748,0
1763324748122648648,[0 0 0 0 0 0 0 0],7,264,[0. 0.],[0. 0.],Glow Plugs,122022051,1763324748,0
1763324748225244794,[0 0 0 0 0 0 0 0],7,264,[0. 0.],[0. 0.],Glow Plugs,224952120,1763324748,0
1763324748317498717,[0 0 0 0 0 0 0 0],7,264,[0. 0.],[0. 0.],Glow Plugs,316999353,1763324748,0
1763324748430367070,[0 0 0 0 0 0 0 0],7,264,[0. 0.],[0. 0.],Glow Plugs,429488695,1763324748,0
1763324748523092837,[0 0 0 0 0 0 0 0],7,264,[0. 0.],[0. 0.],Glow Plugs,522448480,1763324748,0
1763324748668189468,[0 0 0 0 0 0 0 0],7,264,[0. 0.],[0. 0.],Glow Plugs,667068852,1763324748,0
1763324748739739553,[0 0 0 0 0 0 0 0],7,264,[0. 0.],[0. 0.],Glow Plugs,739448030,1763324748,0
1763324748832847754,[0 0 0 0 0 0 0 0],7,264,[0. 0.],[0. 0.],Glow Plugs,832643593,1763324748,0
1763324748920312232,[0 0 0 0 0 0 0 0],7,264,[0. 0.],[0. 0.],Glow Plugs,919787492,1763324748,0
1763324749033280778,[0 0 0 0 0 0 0 0],7,264,[0. 0.],[0. 0.],Glow Plugs,32697734,1763324749,0
1763324749126569430,[0 0 0 0 0 0 0 0],7,264,[0. 0.],[0. 0.],Glow Plugs,126162483,1763324749,0
1763324749228843975,[0 0 0 0 0 0 0 0],7,264,[0. 0.],[0. 0.],Glow Plugs,228541189,1763324749,0
1763324749321509166,[0 0 0 0 0 0 0 0],7,264,[0. 0.],[0. 0.],Glow Plugs,321298668,1763324749,0
1763324749428237761,[0 0 0 0 0 0 0 0],7,264,[0. 0.],[0. 0.],Glow Plugs,427359994,1763324749,0
1763324749520536677,[0 0 0 0 0 0 0 0],7,264,[0. 0.],[0. 0.],Glow Plugs,519869536,1763324749,0
1763324749674683108,[0 0 0 0 0 0 0 0],7,264,[0. 0.],[0. 0.],Glow Plugs,674240865,1763324749,0
1763324749747056495,[0 0 0 0 0 0 0 0],7,264,[0. 0.],[0. 0.],Glow Plugs,746636620,1763324749,0
1763324749830512304,[0 0 0 0 0 0 0 0],7,264,[0. 0.],[0. 0.],Glow Plugs,829661993,1763324749,0
1763324749922735411,[0 0 0 0 0 0 0 0],7,264,[0. 0.],[0. 0.],Glow Plugs,922218992,1763324749,0
1763324750036896608,[0 0 0 0 0 0 0 0],7,264,[0. 0.],[0. 0.],Glow Plugs,36553181,1763324750,0
1763324750120069887,[0 0 0 0 0 0 0 0],7,264,[0. 0.],[0. 0.],Glow Plugs,119608219,1763324750,0
1763324750233629288,[0 0 0 0 0 0 0 0],7,264,[0. 0.],[0. 0.],Glow Plugs,233081443,1763324750,0
1763324750326042222,[0 0 0 0 0 0 0 0],7,264,[0. 0.],[0. 0.],Glow Plugs,325483082,1763324750,0
1763324750438871729,[0 0 0 0 0 0 0 0],7,264,[0. 0.],[0. 0.],Glow Plugs,438395789,1763324750,0
1763324750522115953,[0 0 0 0 0 0 0 0],7,264,[0. 0.],[0. 0.],Glow Plugs,521177513,1763324750,0
1763324750677454170,[0 0 0 0 0 0 0 0],7,264,[0. 0.],[0. 0.],Glow Plugs,677006039,1763324750,0
1763324750749654821,[0 0 0 0 0 0 0 0],7,264,[0. 0.],[0. 0.],Glow Plugs,749205090,1763324750,0
1763324750842687280,[0 0 0 0 0 0 0 0],7,264,[0. 0.],[0. 0.],Glow Plugs,841842921,1763324750,0
1763324750925024361,[0 0 0 0 0 0 0 0],7,264,[0. 0.],[0. 0.],Glow Plugs,924234275,1763324750,0
1763324751039396760,[0 0 0 0 0 0 0 0],7,264,[0. 0.],[0. 0.],Glow Plugs,38389104,1763324751,0
1763324751130376628,[0 0 0 0 0 0 0 0],7,264,[0. 0.],[0. 0.],Glow Plugs,130008177,1763324751,0
1763324751244010879,[0 0 0 0 0 0 0 0],7,264,[0. 0.],[0. 0.],Glow Plugs,243698748,1763324751,0
1763324751326427673,[0 0 0 0 0 0 0 0],7,264,[0. 0.],[0. 0.],Glow Plugs,326021782,1763324751,0
1763324751440525799,[0 0 0 0 0 0 0 0],7,264,[0. 0.],[0. 0.],Glow Plugs,440202532,1763324751,0
1763324751535151199,[0 0 0 0 0 0 0 0],7,264,[0. 0.],[0. 0.],Glow Plugs,534470682,1763324751,0
1763324751680732991,[0 0 0 0 0 0 0 0],7,264,[0. 0.],[0. 0.],Glow Plugs,679748408,1763324751,0
1763324751753263630,[0 0 0 0 0 0 0 0],7,264,[0. 0.],[0. 0.],Glow Plugs,752575624,1763324751,0
1763324751846045464,[0 0 0 0 0 0 0 0],7,264,[0. 0.],[0. 0.],Glow Plugs,845430835,1763324751,0
1763324751930459265,[0 0 0 0 0 0 0 0],7,264,[0. 0.],[0. 0.],Glow Plugs,929409081,1763324751,0
1763324752043046948,[0 0 0 0 0 0 0 0],7,264,[0. 0.],[0. 0.],Glow Plugs,42671521,1763324752,0
1763324752137695837,[0 0 0 0 0 0 0 0],7,264,[0. 0.],[0. 0.],Glow Plugs,137372603,1763324752,0
1763324752242908968,[0 0 0 0 0 0 0 0],7,264,[0. 0.],[0. 0.],Glow Plugs,241740671,1763324752,0
1763324752334449898,[0 0 0 0 0 0 0 0],7,264,[0. 0.],[0. 0.],Glow Plugs,334053671,1763324752,0
1763324752438297002,[0 0 0 0 0 0 0 0],7,264,[0. 0.],[0. 0.],Glow Plugs,437556932,1763324752,0
1763324752531416664,[0 0 0 0 0 0 0 0],7,264,[0. 0.],[0. 0.],Glow Plugs,530591601,1763324752,0
1763324752687015879,[0 0 0 0 0 0 0 0],7,264,[0. 0.],[0. 0.],Glow Plugs,686618052,1763324752,0
1763324752761217283,[0 0 0 0 0 0 0 0],7,264,[0. 0.],[0. 0.],Glow Plugs,760786879,1763324752,0
1763324752843864863,[0 0 0 0 0 0 0 0],7,264,[0. 0.],[0. 0.],Glow Plugs,842934776,1763324752,0
1763324752938832475,[0 0 0 0 0 0 0 0],7,264,[0. 0.],[0. 0.],Glow Plugs,938305655,1763324752,0
1763324753044367081,[0 0 0 0 0 0 0 0],7,264,[0. 0.],[0. 0.],Glow Plugs,42562747,1763324753,0
1763324753135371367,[0 0 0 0 0 0 0 0],7,264,[0. 0.],[0. 0.],Glow Plugs,135042021,1763324753,0
1763324753250420479,[0 0 0 0 0 0 0 0],7,264,[0. 0.],[0. 0.],Glow Plugs,249672154,1763324753,0
1763324753332830651,[0 0 0 0 0 0 0 0],7,264,[0. 0.],[0. 0.],Glow Plugs,331425552,1763324753,0
1763324753446693610,[0 0 0 0 0 0 0 0],7,264,[0. 0.],[0. 0.],Glow Plugs,446040485,1763324753,0
1763324753540049402,[0 0 0 0 0 0 0 0],7,264,[0. 0.],[0. 0.],Glow Plugs,539644983,1763324753,0
1763324753687661710,[0 0 0 0 0 0 0 0],7,264,[0. 0.],[0. 0.],Glow Plugs,685617054,1763324753,0
1763324753758401744,[0 0 0 0 0 0 0 0],7,264,[0. 0.],[0. 0.],Glow Plugs,758202446,1763324753,0
1763324753852015906,[0 0 0 0 0 0 0 0],7,264,[0. 0.],[0. 0.],Glow Plugs,851737600,1763324753,0
1763324753941597941,[0 0 0 0 0 0 0 0],7,264,[0. 0.],[0. 0.],Glow Plugs,938737823,1763324753,0
1763324754049154324,[0 0 0 0 0 0 0 0],7,264,[0. 0.],[0. 0.],Glow Plugs,48786641,1763324754,0
1763324754142110562,[0 0 0 0 0 0 0 0],7,264,[0. 0.],[0. 0.],Glow Plugs,141618591,1763324754,0
1763324754246365160,[0 0 0 0 0 0 0 0],7,264,[0. 0.],[0. 0.],Glow Plugs,245919941,1763324754,0
1763324754340738241,[0 0 0 0 0 0 0 0],7,264,[0. 0.],[0. 0.],Glow Plugs,339920251,1763324754,0
1763324754454520657,[0 0 0 0 0 0 0 0],7,264,[0. 0.],[0. 0.],Glow Plugs,454040845,1763324754,0
1763324754536769644,[0 0 0 0 0 0 0 0],7,264,[0. 0.],[0. 0.],Glow Plugs,536561707,1763324754,0
1763324754690929108,[0 0 0 0 0 0 0 0],7,264,[0. 0.],[0. 0.],Glow Plugs,690509105,1763324754,0
1763324754763808679,[0 0 0 0 0 0 0 0],7,264,[0. 0.],[0. 0.],Glow Plugs,762985473,1763324754,0
1763324754845740224,[0 0 0 0 0 0 0 0],7,264,[0. 0.],[0. 0.],Glow Plugs,845082875,1763324754,0
1763324754938097642,[0 0 0 0 0 0 0 0],7,264,[0. 0.],[0. 0.],Glow Plugs,937334596,1763324754,0
1763324755051002515,[0 0 0 0 0 0 0 0],7,264,[0. 0.],[0. 0.],Glow Plugs,50293486,1763324755,0
1763324755144089668,[0 0 0 0 0 0 0 0],7,264,[0. 0.],[0. 0.],Glow Plugs,143441886,1763324755,0
1763324755257816404,[0 0 0 0 0 0 0 0],7,264,[0. 0.],[0. 0.],Glow Plugs,257243535,1763324755,0
1763324755340145457,[0 0 0 0 0 0 0 0],7,264,[0. 0.],[0. 0.],Glow Plugs,339879151,1763324755,0
1763324755454308356,[0 0 0 0 0 0 0 0],7,264,[0. 0.],[0. 0.],Glow Plugs,453768864,1763324755,0
1763324755548148379,[0 0 0 0 0 0 0 0],7,264,[0. 0.],[0. 0.],Glow Plugs,546403181,1763324755,0
1763324755691425359,[0 0 0 0 0 0 0 0],7,264,[0. 0.],[0. 0.],Glow Plugs,690916396,1763324755,0
1763324755764812807,[0 0 0 0 0 0 0 0],7,264,[0. 0.],[0. 0.],Glow Plugs,763909440,1763324755,0
1763324755858264987,[0 0 0 0 0 0 0 0],7,264,[0. 0.],[0. 0.],Glow Plugs,857260851,1763324755,0
1763324755939781714,[0 0 0 0 0 0 0 0],7,264,[0. 0.],[0. 0.],Glow Plugs,939297710,1763324755,0
1763324756052643260,[0 0 0 0 0 0 0 0],7,264,[0. 0.],[0. 0.],Glow Plugs,52088855,1763324756,0
1763324756145270025,[0 0 0 0 0 0 0 0],7,264,[0. 0.],[0. 0.],Glow Plugs,144640901,1763324756,0
1763324756258517815,[0 0 0 0 0 0 0 0],7,264,[0. 0.],[0. 0.],Glow Plugs,257559056,1763324756,0
1763324756350108061,[0 0 0 0 0 0 0 0],7,264,[0. 0.],[0. 0.],Glow Plugs,349850267,1763324756,0
1763324756453239260,[0 0 0 0 0 0 0 0],7,264,[0. 0.],[0. 0.],Glow Plugs,452641496,1763324756,0
1763324756545500711,[0 0 0 0 0 0 0 0],7,264,[0. 0.],[0. 0.],Glow Plugs,545079556,1763324756,0
1763324756700529721,[0 0 0 0 0 0 0 0],7,264,[0. 0.],[0. 0.],Glow Plugs,700235574,1763324756,0
1763324756773219244,[0 0 0 0 0 0 0 0],7,264,[0. 0.],[0. 0.],Glow Plugs,772644776,1763324756,0
1763324756855441449,[0 0 0 0 0 0 0 0],7,264,[0. 0.],[0. 0.],Glow Plugs,855157767,1763324756,0
1763324756949013695,[0 0 0 0 0 0 0 0],7,264,[0. 0.],[0. 0.],Glow Plugs,947629972,1763324756,0
1763324757060882018,[0 0 0 0 0 0 0 0],7,264,[0. 0.],[0. 0.],Glow Plugs,60636128,1763324757,0
1763324757143002463,[0 0 0 0 0 0 0 0],7,264,[0. 0.],[0. 0.],Glow Plugs,142438427,1763324757,0
1763324757255564617,[0 0 0 0 0 0 0 0],7,264,[0. 0.],[0. 0.],Glow Plugs,255277927,1763324757,0
1763324757349130815,[0 0 0 0 0 0 0 0],7,264,[0. 0.],[0. 0.],Glow Plugs,348380377,1763324757,0
1763324757462830162,[0 0 0 0 0 0 0 0],7,264,[0. 0.],[0. 0.],Glow Plugs,462290285,1763324757,0
1763324757544474283,[0 0 0 0 0 0 0 0],7,264,[0. 0.],[0. 0.],Glow Plugs,544019976,1763324757,0
1763324757699523743,[0 0 0 0 0 0 0 0],7,264,[0. 0.],[0. 0.],Glow Plugs,698674456,1763324757,0
1763324757771447021,[0 0 0 0 0 0 0 0],7,264,[0. 0.],[0. 0.],Glow Plugs,771133994,1763324757,0
1763324757866905970,[0 0 0 0 0 0 0 0],7,264,[0. 0.],[0. 0.],Glow Plugs,865976490,1763324757,0
1763324757953895925,[0 0 0 0 0 0 0 0],7,264,[0. 0.],[0. 0.],Glow Plugs,953335728,1763324757,0
1763324758067245509,[0 0 0 0 0 0 0 0],7,264,[0. 0.],[0. 0.],Glow Plugs,66397311,1763324758,0
1763324758150026761,[0 0 0 0 0 0 0 0],7,264,[0. 0.],[0. 0.],Glow Plugs,149423492,1763324758,0
1763324758263486202,[0 0 0 0 0 0 0 0],7,264,[0. 0.],[0. 0.],Glow Plugs,262808949,1763324758,0
1763324758357150386,[0 0 0 0 0 0 0 0],7,264,[0. 0.],[0. 0.],Glow Plugs,356306732,1763324758,0
1763324758460573686,[0 0 0 0 0 0 0 0],7,264,[0. 0.],[0. 0.],Glow Plugs,460239923,1763324758,0
1763324758553054341,[0 0 0 0 0 0 0 0],7,264,[0. 0.],[0. 0.],Glow Plugs,552722242,1763324758,0
1763324758709808167,[0 0 0 0 0 0 0 0],7,264,[0. 0.],[0. 0.],Glow Plugs,708995617,1763324758,0
1763324758782220698,[0 0 0 0 0 0 0 0],7,264,[0. 0.],[0. 0.],Glow Plugs,781325107,1763324758,0
1763324758864857468,[0 0 0 0 0 0 0 0],7,264,[0. 0.],[0. 0.],Glow Plugs,864461337,1763324758,0
1763324758960066944,[0 0 0 0 0 0 0 0],7,264,[0. 0.],[0. 0.],Glow Plugs,959792286,1763324758,0
1763324759063612357,[0 0 0 0 0 0 0 0],7,264,[0. 0.],[0. 0.],Glow Plugs,62976512,1763324759,0
1763324759157525760,[0 0 0 0 0 0 0 0],7,264,[0. 0.],[0. 0.],Glow Plugs,156609817,1763324759,0
1763324759260509602,[0 0 0 0 0 0 0 0],7,264,[0. 0.],[0. 0.],Glow Plugs,260243552,1763324759,0
1763324759354047514,[0 0 0 0 0 0 0 0],7,264,[0. 0.],[0. 0.],Glow Plugs,353323028,1763324759,0
1763324759467498957,[0 0 0 0 0 0 0 0],7,264,[0. 0.],[0. 0.],Glow Plugs,466281379,1763324759,0
1763324759559713370,[0 0 0 0 0 0 0 0],7,264,[0. 0.],[0. 0.],Glow Plugs,558796083,1763324759,0
1763324759706214927,[0 0 0 0 0 0 0 0],7,264,[0. 0.],[0. 0.],Glow Plugs,705345832,1763324759,0
1763324759778951269,[0 0 0 0 0 0 0 0],7,264,[0. 0.],[0. 0.],Glow Plugs,778180447,1763324759,0
1763324759871095378,[0 0 0 0 0 0 0 0],7,264,[0. 0.],[0. 0.],Glow Plugs,870589294,1763324759,0
1763324759953732949,[0 0 0 0 0 0 0 0],7,264,[0. 0.],[0. 0.],Glow Plugs,953340274,1763324759,0
1763324760067091656,[0 0 0 0 0 0 0 0],7,264,[0. 0.],[0. 0.],Glow Plugs,66532227,1763324760,0
1763324760159298966,[0 0 0 0 0 0 0 0],7,264,[0. 0.],[0. 0.],Glow Plugs,158776402,1763324760,0
1763324760272253607,[0 0 0 0 0 0 0 0],7,264,[0. 0.],[0. 0.],Glow Plugs,271744067,1763324760,0
1763324760354043268,[0 0 0 0 0 0 0 0],7,264,[0. 0.],[0. 0.],Glow Plugs,353545344,1763324760,0
1763324760467341463,[0 0 0 0 0 0 0 0],7,264,[0. 0.],[0. 0.],Glow Plugs,466939572,1763324760,0
1763324760559042338,[0 0 0 0 0 0 0 0],7,264,[0. 0.],[0. 0.],Glow Plugs,558831392,1763324760,0
1763324760713411765,[0 0 0 0 0 0 0 0],7,264,[0. 0.],[0. 0.],Glow Plugs,712848880,1763324760,0
1763324760785858473,[0 0 0 0 0 0 0 0],7,264,[0. 0.],[0. 0.],Glow Plugs,785637224,1763324760,0
1763324760869012754,[0 0 0 0 0 0 0 0],7,264,[0. 0.],[0. 0.],Glow Plugs,868564558,1763324760,0
1763324760962787276,[0 0 0 0 0 0 0 0],7,264,[0. 0.],[0. 0.],Glow Plugs,962152583,1763324760,0
1763324761075880638,[0 0 0 0 0 0 0 0],7,264,[0. 0.],[0. 0.],Glow Plugs,75198713,1763324761,0
1763324761157879134,[0 0 0 0 0 0 0 0],7,264,[0. 0.],[0. 0.],Glow Plugs,156646709,1763324761,0
1763324761270632238,[0 0 0 0 0 0 0 0],7,264,[0. 0.],[0. 0.],Glow Plugs,269060610,1763324761,0
1763324761363697861,[0 0 0 0 0 0 0 0],7,264,[0. 0.],[0. 0.],Glow Plugs,362858558,1763324761,0
1763324761476391732,[0 0 0 0 0 0 0 0],7,264,[0. 0.],[0. 0.],Glow Plugs,475653710,1763324761,0
1763324761558414196,[0 0 0 0 0 0 0 0],7,264,[0. 0.],[0. 0.],Glow Plugs,557889040,1763324761,0
1763324761712124612,[0 0 0 0 0 0 0 0],7,264,[0. 0.],[0. 0.],Glow Plugs,711858050,1763324761,0
1763324761785118334,[0 0 0 0 0 0 0 0],7,264,[0. 0.],[0. 0.],Glow Plugs,784238647,1763324761,0
1763324761878716408,[0 0 0 0 0 0 0 0],7,264,[0. 0.],[0. 0.],Glow Plugs,878284501,1763324761,0
1763324761962861673,[0 0 0 0 0 0 0 0],7,264,[0. 0.],[0. 0.],Glow Plugs,962133219,1763324761,0
1763324762073904844,[0 0 0 0 0 0 0 0],7,264,[0. 0.],[0. 0.],Glow Plugs,73321415,1763324762,0
1763324762166986371,[0 0 0 0 0 0 0 0],7,264,[0. 0.],[0. 0.],Glow Plugs,166299518,1763324762,0
1763324762270092649,[0 0 0 0 0 0 0 0],7,264,[0. 0.],[0. 0.],Glow Plugs,269527525,1763324762,0
1763324762364606444,[0 0 0 0 0 0 0 0],7,264,[0. 0.],[0. 0.],Glow Plugs,364256713,1763324762,0
1763324762477280828,[0 0 0 0 0 0 0 0],7,264,[0. 0.],[0. 0.],Glow Plugs,476836953,1763324762,0
1763324762569483661,[0 0 0 0 0 0 0 0],7,264,[0. 0.],[0. 0.],Glow Plugs,569200011,1763324762,0
1763324762714263672,[0 0 0 0 0 0 0 0],7,264,[0. 0.],[0. 0.],Glow Plugs,713608947,1763324762,0
1763324762787368980,[0 0 0 0 0 0 0 0],7,264,[0. 0.],[0. 0.],Glow Plugs,787146194,1763324762,0
1763324762882443931,[0 0 0 0 0 0 0 0],7,264,[0. 0.],[0. 0.],Glow Plugs,881721141,1763324762,0
1763324762964466780,[0 0 0 0 0 0 0 0],7,264,[0. 0.],[0. 0.],Glow Plugs,963627605,1763324762,0
1763324763077911443,[0 0 0 0 0 0 0 0],7,264,[0. 0.],[0. 0.],Glow Plugs,77563728,1763324763,0
1763324763171587376,[0 0 0 0 0 0 0 0],7,264,[0. 0.],[0. 0.],Glow Plugs,170821258,1763324763,0
1763324763274936761,[0 0 0 0 0 0 0 0],7,264,[0. 0.],[0. 0.],Glow Plugs,274447381,1763324763,0
1763324763367186571,[0 0 0 0 0 0 0 0],7,264,[0. 0.],[0. 0.],Glow Plugs,366777960,1763324763,0
1763324763480039838,[0 0 0 0 0 0 0 0],7,264,[0. 0.],[0. 0.],Glow Plugs,479709243,1763324763,0
1763324763573049910,[0 0 0 0 0 0 0 0],7,264,[0. 0.],[0. 0.],Glow Plugs,572448113,1763324763,0
1763324763717332351,[0 0 0 0 0 0 0 0],7,264,[0. 0.],[0. 0.],Glow Plugs,716403096,1763324763,0
1763324763789909367,[0 0 0 0 0 0 0 0],7,264,[0. 0.],[0. 0.],Glow Plugs,789449587,1763324763,0
1763324763881881447,[0 0 0 0 0 0 0 0],7,264,[0. 0.],[0. 0.],Glow Plugs,881562020,1763324763,0
1763324763976251209,[0 0 0 0 0 0 0 0],7,264,[0. 0.],[0. 0.],Glow Plugs,975025664,1763324763,0
1763324764077924262,[0 0 0 0 0 0 0 0],7,264,[0. 0.],[0. 0.],Glow Plugs,77486050,1763324764,0
1763324764170268985,[0 0 0 0 0 0 0 0],7,264,[0. 0.],[0. 0.],Glow Plugs,169909686,1763324764,0
1763324764282389928,[0 0 0 0 0 0 0 0],7,264,[0. 0.],[0. 0.],Glow Plugs,282007493,1763324764,0
1763324764374891997,[0 0 0 0 0 0 0 0],7,264,[0. 0.],[0. 0.],Glow Plugs,373866869,1763324764,0
1763324764479034861,[ 0  0  0  0  4 77  0  0],7,264,[0. 0.],[0. 0.],Glow Plugs,478070853,1763324764,1101
1763324764572762731,[ 0  0  0  0  4 79  0  0],7,264,[0. 0.],[0. 0.],Glow Plugs,572256423,1763324764,1103
1763324764721798299,[16 53 16 53  4 79  0  0],7,264,[5.3 5.3],[1.6 1.6],Glow Plugs,721144822,1763324764,1103
1763324764795127706,[ 37 162  37 159   4  79   0   0],7,264,[16.2 15.9],[3.7 3.7],Glow Plugs,793952785,1763324764,1103
1763324764886548454,[ 37 161  38 161   4  79   0   0],7,264,[16.1 16.1],[3.7 3.8],Glow Plugs,886310692,1763324764,1103
1763324764972104997,[ 37 161  38 161   4  79   0   0],7,264,[16.1 16.1],[3.7 3.8],Glow Plugs,971332351,1763324764,1103
1763324765084862265,[ 37 161  38 161   4  79   0   0],7,264,[16.1 16.1],[3.7 3.8],Glow Plugs,84271733,1763324765,1103
1763324765179645825,[ 39 161  39 159   4  79   0   0],7,264,[16.1 15.9],[3.9 3.9],Glow Plugs,178458904,1763324765,1103
1763324765281572993,[ 39 161  39 159   4  79   0   0],7,264,[16.1 15.9],[3.9 3.9],Glow Plugs,281137693,1763324765,1103
1763324765374475034,[ 41 159  42 160   4  79   0   0],7,264,[15.9 16. ],[4.1 4.2],Glow Plugs,373493490,1763324765,1103
1763324765488653466,[ 41 159  42 160   4  79   0   0],7,264,[15.9 16. ],[4.1 4.2],Glow Plugs,487845492,1763324765,1103
1763324765570908799,[ 41 159  42 160   4  79   0   0],7,264,[15.9 16. ],[4.1 4.2],Glow Plugs,570123641,1763324765,1103
1763324765728247442,[ 44 160  44 160   4  79   0   0],7,264,[16. 16.],[4.4 4.4],Glow Plugs,727538892,1763324765,1103
1763324765799739459,[ 44 160  44 160   4  79   0   0],7,264,[16. 16.],[4.4 4.4],Glow Plugs,799544609,1763324765,1103
1763324765883578453,[ 46 159  46 160   4  79   0   0],7,264,[15.9 16. ],[4.6 4.6],Glow Plugs,882698766,1763324765,1103
1763324765979033698,[ 46 159  46 160   4  79   0   0],7,264,[15.9 16. ],[4.6 4.6],Glow Plugs,978093435,1763324765,1103
1763324766093809960,[ 46 159  46 160   4  79   0   0],7,264,[15.9 16. ],[4.6 4.6],Glow Plugs,92205179,1763324766,1103
1763324766173500122,[ 50 160  49 160   4  79   0   0],7,264,[16. 16.],[5.  4.9],Glow Plugs,173143223,1763324766,1103
1763324766286412593,[ 50 160  49 160   4  79   0   0],7,264,[16. 16.],[5.  4.9],Glow Plugs,286137647,1763324766,1103
1763324766380821911,[ 52 160  51 160   4  79   0   0],7,264,[16. 16.],[5.2 5.1],Glow Plugs,379559533,1763324766,1103
1763324766492256802,[ 52 160  51 160   4  79   0   0],7,264,[16. 16.],[5.2 5.1],Glow Plugs,491686398,1763324766,1103
1763324766574943244,[ 52 160  51 160   4  79   0   0],7,264,[16. 16.],[5.2 5.1],Glow Plugs,574017253,1763324766,1103
1763324766733930349,[ 56 160  54 160   4  79   0   0],7,264,[16. 16.],[5.6 5.4],Glow Plugs,733357801,1763324766,1103
1763324766807134157,[ 56 160  54 160   4  79   0   0],7,264,[16. 16.],[5.6 5.4],Glow Plugs,805472512,1763324766,1103
1763324766889159089,[ 56 160  54 160   4  79   0   0],7,264,[16. 16.],[5.6 5.4],Glow Plugs,887826535,1763324766,1103
1763324766981836809,[ 60 160  57 160   4  79   0   0],7,264,[16. 16.],[6.  5.7],Glow Plugs,979802169,1763324766,1103
1763324767094071260,[ 60 160  57 160   4  79   0   0],7,264,[16. 16.],[6.  5.7],Glow Plugs,92702034,1763324767,1103
1763324767191144536,[ 64 160  61 160   4  79   0   0],7,264,[16. 16.],[6.4 6.1],Glow Plugs,187781054,1763324767,1103
1763324767291716175,[ 64 160  61 160   4  79   0   0],7,264,[16. 16.],[6.4 6.1],Glow Plugs,289852961,1763324767,1103
1763324767382293304,[ 64 160  61 160   4  79   0   0],7,264,[16. 16.],[6.4 6.1],Glow Plugs,382051574,1763324767,1103
1763324767497944038,[ 65 151  64 160   4  79   0   0],7,264,[15.1 16. ],[6.5 6.4],Glow Plugs,497308545,1763324767,1103
1763324767580739090,[ 65 151  64 160   4  79   0   0],7,264,[15.1 16. ],[6.5 6.4],Glow Plugs,580163469,1763324767,1103
1763324767737204769,[ 65 143  65 153   4  79   0   0],7,264,[14.3 15.3],[6.5 6.5],Glow Plugs,736070616,1763324767,1103
1763324767809503322,[ 65 143  65 153   4  79   0   0],7,264,[14.3 15.3],[6.5 6.5],Glow Plugs,809269976,1763324767,1103
1763324767895918402,[ 65 143  65 153   4  79   0   0],7,264,[14.3 15.3],[6.5 6.5],Glow Plugs,895330269,1763324767,1103
1763324767988830077,[ 65 135  65 144   4  79   0   0],7,264,[13.5 14.4],[6.5 6.5],Glow Plugs,988612411,1763324767,1103
1763324768093497877,[ 65 135  65 144   4  79   0   0],7,264,[13.5 14.4],[6.5 6.5],Glow Plugs,92840880,1763324768,1103
1763324768187016342,[ 65 135  65 144   4  79   0   0],7,264,[13.5 14.4],[6.5 6.5],Glow Plugs,186153583,1763324768,1103
1763324768300724534,[ 65 129  65 137   4  79   0   0],7,264,[12.9 13.7],[6.5 6.5],Glow Plugs,300383795,1763324768,1103
1763324768382301145,[ 65 129  65 137   4  79   0   0],7,264,[12.9 13.7],[6.5 6.5],Glow Plugs,381604659,1763324768,1103
1763324768496725566,[ 65 123  65 133   4  79   0   0],7,264,[12.3 13.3],[6.5 6.5],Glow Plugs,495907704,1763324768,1103
1763324768588706931,[ 65 123  65 133   4  79   0   0],7,264,[12.3 13.3],[6.5 6.5],Glow Plugs,588002125,1763324768,1103
1763324768733794954,[ 65 123  65 133   4  79   0   0],7,264,[12.3 13.3],[6.5 6.5],Glow Plugs,733278918,1763324768,1103
1763324768808217044,[ 65 118  65 127   4  79   0   0],7,264,[11.8 12.7],[6.5 6.5],Glow Plugs,806814729,1763324768,1103
1763324768901274514,[ 65 118  65 127   4  79   0   0],7,264,[11.8 12.7],[6.5 6.5],Glow Plugs,900782126,1763324768,1103
1763324768984698339,[ 65 114  65 123   4  79   0   0],7,264,[11.4 12.3],[6.5 6.5],Glow Plugs,983651163,1763324768,1103
1763324769100798039,[ 65 114  65 123   4  79   0   0],7,264,[11.4 12.3],[6.5 6.5],Glow Plugs,99229130,1763324769,1103
1763324769191583011,[ 65 114  65 123   4  79   0   0],7,264,[11.4 12.3],[6.5 6.5],Glow Plugs,191378849,1763324769,1103
1763324769297881482,[ 65 110  65 119   4  79   0   0],7,264,[11.  11.9],[6.5 6.5],Glow Plugs,297219044,1763324769,1103
1763324769392362131,[ 65 110  65 119   4  79   0   0],7,264,[11.  11.9],[6.5 6.5],Glow Plugs,389891328,1763324769,1103
1763324769502984828,[ 65 107  65 115   4  79   0   0],7,264,[10.7 11.5],[6.5 6.5],Glow Plugs,502155925,1763324769,1103
1763324769585310213,[ 65 107  65 115   4  79   0   0],7,264,[10.7 11.5],[6.5 6.5],Glow Plugs,584786081,1763324769,1103
1763324769741970329,[ 65 107  65 115   4  79   0   0],7,264,[10.7 11.5],[6.5 6.5],Glow Plugs,740604015,1763324769,1103
1763324769813854128,[ 65 104  65 112   4  79   0   0],7,264,[10.4 11.2],[6.5 6.5],Glow Plugs,813405549,1763324769,1103
1763324769896994784,[ 65 104  65 112   4  79   0   0],7,264,[10.4 11.2],[6.5 6.5],Glow Plugs,896354043,1763324769,1103
1763324769994410625,[ 65 104  65 112   4  79   0   0],7,264,[10.4 11.2],[6.5 6.5],Glow Plugs,991634315,1763324769,1103
1763324770096050468,[ 65 102  65 109   4  79   0   0],7,264,[10.2 10.9],[6.5 6.5],Glow Plugs,95775234,1763324770,1103
1763324770189349349,[ 65 102  65 109   4  79   0   0],7,264,[10.2 10.9],[6.5 6.5],Glow Plugs,188445406,1763324770,1103
1763324770302311809,[ 65 100  65 106   4  79   0   0],7,264,[10.  10.6],[6.5 6.5],Glow Plugs,301562395,1763324770,1103
1763324770395836996,[ 65 100  65 106   4  79   0   0],7,264,[10.  10.6],[6.5 6.5],Glow Plugs,394492282,1763324770,1103
1763324770500176573,[ 65 100  65 106   4  79   0   0],7,264,[10.  10.6],[6.5 6.5],Glow Plugs,498244077,1763324770,1103
1763324770591429837,[ 65  97  65 104   4  79   0   0],7,264,[ 9.7 10.4],[6.5 6.5],Glow Plugs,590859401,1763324770,1103
1763324770746597239,[ 65  97  65 104   4  79   0   0],7,264,[ 9.7 10.4],[6.5 6.5],Glow Plugs,745636784,1763324770,1103
1763324770819599032,[ 65  95  65 101   4  79   0   0],7,264,[ 9.5 10.1],[6.5 6.5],Glow Plugs,819087636,1763324770,1103
1763324770900654104,[ 65  95  65 101   4  79   0   0],7,264,[ 9.5 10.1],[6.5 6.5],Glow Plugs,899958739,1763324770,1103
1763324770994190235,[ 65  94  65 100   4  79   0   0],7,264,[ 9.4 10. ],[6.5 6.5],Glow Plugs,993442869,1763324770,1103
1763324771109590636,[ 65  94  65 100   4  79   0   0],7,264,[ 9.4 10. ],[6.5 6.5],Glow Plugs,108465091,1763324771,1103
1763324771191650709,[ 65  94  65 100   4  79   0   0],7,264,[ 9.4 10. ],[6.5 6.5],Glow Plugs,190732846,1763324771,1103
1763324771308763380,[65 92 65 97  4 79  0  0],7,264,[9.2 9.7],[6.5 6.5],Glow Plugs,308122799,1763324771,1103
1763324771400233351,[65 92 65 97  4 79  0  0],7,264,[9.2 9.7],[6.5 6.5],Glow Plugs,397573458,1763324771,1103
1763324771504708290,[65 91 65 96  4 79  0  0],7,264,[9.1 9.6],[6.5 6.5],Glow Plugs,504237822,1763324771,1103
1763324771597185693,[65 91 65 96  4 79  0  0],7,264,[9.1 9.6],[6.5 6.5],Glow Plugs,596726138,1763324771,1103
1763324771743639332,[65 91 65 96  4 79  0  0],7,264,[9.1 9.6],[6.5 6.5],Glow Plugs,743350338,1763324771,1103
1763324771816200290,[65 89 65 94  4 79  0  0],7,264,[8.9 9.4],[6.5 6.5],Glow Plugs,815836191,1763324771,1103
1763324771910282762,[65 89 65 94  4 79  0  0],7,264,[8.9 9.4],[6.5 6.5],Glow Plugs,909301987,1763324771,1103
1763324771994047041,[65 89 65 94  4 79  0  0],7,264,[8.9 9.4],[6.5 6.5],Glow Plugs,993265403,1763324771,1103
1763324772107158913,[65 88 65 93  4 79  0  0],7,264,[8.8 9.3],[6.5 6.5],Glow Plugs,106638909,1763324772,1103
1763324772200393731,[65 88 65 93  4 79  0  0],7,264,[8.8 9.3],[6.5 6.5],Glow Plugs,200170626,1763324772,1103
1763324772305561060,[65 87 65 92  4 79  0  0],7,264,[8.7 9.2],[6.5 6.5],Glow Plugs,304801054,1763324772,1103
1763324772397578461,[65 87 65 92  4 79  0  0],7,264,[8.7 9.2],[6.5 6.5],Glow Plugs,397147802,1763324772,1103
1763324772511388483,[65 87 65 92  4 79  0  0],7,264,[8.7 9.2],[6.5 6.5],Glow Plugs,510536092,1763324772,1103
1763324772602864599,[65 86 65 90  4 79  0  0],7,264,[8.6 9. ],[6.5 6.5],Glow Plugs,602315411,1763324772,1103
1763324772748069430,[65 86 65 90  4 79  0  0],7,264,[8.6 9. ],[6.5 6.5],Glow Plugs,747403152,1763324772,1103
1763324772820954743,[65 85 65 90  4 79  0  0],7,264,[8.5 9. ],[6.5 6.5],Glow Plugs,820475763,1763324772,1103
1763324772914590941,[65 85 65 90  4 79  0  0],7,264,[8.5 9. ],[6.5 6.5],Glow Plugs,914138713,1763324772,1103
1763324772998474805,[65 85 65 90  4 79  0  0],7,264,[8.5 9. ],[6.5 6.5],Glow Plugs,998135219,1763324772,1103
1763324773111321876,[65 85 65 88  4 79  0  0],7,264,[8.5 8.8],[6.5 6.5],Glow Plugs,110514126,1763324773,1103
1763324773203092236,[65 85 65 88  4 79  0  0],7,264,[8.5 8.8],[6.5 6.5],Glow Plugs,202477127,1763324773,1103
1763324773316342958,[65 85 65 88  4 79  0  0],7,264,[8.5 8.8],[6.5 6.5],Glow Plugs,316092716,1763324773,1103
1763324773401224720,[65 84 65 88  4 79  0  0],7,264,[8.4 8.8],[6.5 6.5],Glow Plugs,400286632,1763324773,1103
1763324773513764204,[65 84 65 88  4 79  0  0],7,264,[8.4 8.8],[6.5 6.5],Glow Plugs,513169192,1763324773,1103
1763324773606085097,[65 83 65 87  4 79  0  0],7,264,[8.3 8.7],[6.5 6.5],Glow Plugs,605736230,1763324773,1103
1763324773755613931,[65 83 65 87  4 79  0  0],7,264,[8.3 8.7],[6.5 6.5],Glow Plugs,754644451,1763324773,1103
1763324773827546629,[65 83 65 87  4 79  0  0],7,264,[8.3 8.7],[6.5 6.5],Glow Plugs,825353172,1763324773,1103
1763324773918742937,[65 87 65 91  4 79  0  0],7,264,[8.7 9.1],[6.5 6.5],Glow Plugs,918046099,1763324773,1103
1763324774000580162,[65 87 65 91  4 79  0  0],7,264,[8.7 9.1],[6.5 6.5],Glow Plugs,353184,1763324774,1103
1763324774114569163,[65 86 65 90  4 79  0  0],7,264,[8.6 9. ],[6.5 6.5],Glow Plugs,113956870,1763324774,1103
1763324774206589414,[65 86 65 90  4 79  0  0],7,264,[8.6 9. ],[6.5 6.5],Glow Plugs,205983777,1763324774,1103
1763324774312157644,[65 86 65 90  4 79  0  0],7,264,[8.6 9. ],[6.5 6.5],Glow Plugs,311084740,1763324774,1103
1763324774405863765,[65 86 65 90  4 79  0  0],7,264,[8.6 9. ],[6.5 6.5],Glow Plugs,405272688,1763324774,1103
1763324774520309698,[65 86 65 90  4 79  0  0],7,264,[8.6 9. ],[6.5 6.5],Glow Plugs,519894302,1763324774,1103
1763324774604748288,[65 85 65 89  4 81  0  0],7,264,[8.5 8.9],[6.5 6.5],Glow Plugs,603613111,1763324774,1105
1763324774759987537,[65 85 65 89  4 81  0  0],7,264,[8.5 8.9],[6.5 6.5],Glow Plugs,759444173,1763324774,1105
1763324774833819452,[65 85 65 89  4 81  0  0],7,264,[8.5 8.9],[6.5 6.5],Glow Plugs,833117622,1763324774,1105
1763324774916732238,[65 85 65 88  4 81  0  0],7,264,[8.5 8.8],[6.5 6.5],Glow Plugs,915652166,1763324774,1105
1763324775008717897,[65 85 65 88  4 81  0  0],7,264,[8.5 8.8],[6.5 6.5],Glow Plugs,8160324,1763324775,1105
1763324775121588170,[65 84 65 88  4 81  0  0],7,264,[8.4 8.8],[6.5 6.5],Glow Plugs,120651075,1763324775,1105
1763324775202486926,[65 84 65 88  4 81  0  0],7,264,[8.4 8.8],[6.5 6.5],Glow Plugs,202271436,1763324775,1105
1763324775318601065,[65 84 65 88  4 81  0  0],7,264,[8.4 8.8],[6.5 6.5],Glow Plugs,317808323,1763324775,1105
1763324775411366827,[65 83 65 87  4 81  0  0],7,264,[8.3 8.7],[6.5 6.5],Glow Plugs,410930759,1763324775,1105
1763324775516252813,[65 83 65 87  4 81  0  0],7,264,[8.3 8.7],[6.5 6.5],Glow Plugs,515886666,1763324775,1105
1763324775610850717,[65 83 65 87  4 81  0  0],7,264,[8.3 8.7],[6.5 6.5],Glow Plugs,610276153,1763324775,1105
1763324775764166529,[65 83 65 87  4 81  0  0],7,264,[8.3 8.7],[6.5 6.5],Glow Plugs,763471323,1763324775,1105
1763324775837093477,[65 83 65 87  4 81  0  0],7,264,[8.3 8.7],[6.5 6.5],Glow Plugs,836654049,1763324775,1105
1763324775921117409,[65 82 65 88  4 81  0  0],7,264,[8.2 8.8],[6.5 6.5],Glow Plugs,920182778,1763324775,1105
1763324776013089660,[65 82 65 88  4 81  0  0],7,264,[8.2 8.8],[6.5 6.5],Glow Plugs,12629817,1763324776,1105
1763324776116950072,[65 82 65 88  4 81  0  0],7,264,[8.2 8.8],[6.5 6.5],Glow Plugs,115960144,1763324776,1105
1763324776210422848,[65 82 65 89  4 81  0  0],7,264,[8.2 8.9],[6.5 6.5],Glow Plugs,209959356,1763324776,1105
1763324776325716214,[65 82 65 89  4 81  0  0],7,264,[8.2 8.9],[6.5 6.5],Glow Plugs,325263634,1763324776,1105
1763324776408340840,[65 83 65 90  4 81  0  0],7,264,[8.3 9. ],[6.5 6.5],Glow Plugs,407728067,1763324776,1105
1763324776521971857,[65 83 65 90  4 81  0  0],7,264,[8.3 9. ],[6.5 6.5],Glow Plugs,521254443,1763324776,1105
1763324776616090558,[65 83 65 90  4 81  0  0],7,264,[8.3 9. ],[6.5 6.5],Glow Plugs,613585898,1763324776,1105
1763324776768526524,[65 83 65 91  4 81  0  0],7,264,[8.3 9.1],[6.5 6.5],Glow Plugs,767785494,1763324776,1105
1763324776841428097,[65 83 65 91  4 81  0  0],7,264,[8.3 9.1],[6.5 6.5],Glow Plugs,841010333,1763324776,1105
1763324776923603087,[65 84 65 93  4 81  0  0],7,264,[8.4 9.3],[6.5 6.5],Glow Plugs,923218540,1763324776,1105
1763324777016801269,[ 65  84  65  93   4 177   0   0],7,264,[8.4 9.3],[6.5 6.5],Glow Plugs,15718989,1763324777,1201
1763324777128414927,[ 65  84  65  93   4 177   0   0],7,264,[8.4 9.3],[6.5 6.5],Glow Plugs,128074253,1763324777,1201
1763324777212309452,[ 65  84  65  94   4 177   0   0],7,264,[8.4 9.4],[6.5 6.5],Glow Plugs,210436605,1763324777,1201
1763324777325815765,[ 65  84  65  94   4 177   0   0],7,264,[8.4 9.4],[6.5 6.5],Glow Plugs,325593012,1763324777,1201
1763324777419539169,[ 65  85  65  95   4 177   0   0],7,264,[8.5 9.5],[6.5 6.5],Glow Plugs,417879316,1763324777,1201
1763324777523368797,[ 65  85  65  95   4 177   0   0],7,264,[8.5 9.5],[6.5 6.5],Glow Plugs,522766040,1763324777,1201
1763324777617848206,[ 65  85  65  95   4 177   0   0],7,264,[8.5 9.5],[6.5 6.5],Glow Plugs,616377250,1763324777,1201
1763324777772372830,[ 65  85  65  95   4 177   0   0],7,264,[8.5 9.5],[6.5 6.5],Glow Plugs,771608568,1763324777,1201
1763324777844141914,[ 65  85  65  95   4 177   0   0],7,264,[8.5 9.5],[6.5 6.5],Glow Plugs,843542870,1763324777,1201
1763324777926407850,[ 65  86  65  96   4 177   0   0],7,264,[8.6 9.6],[6.5 6.5],Glow Plugs,926200521,1763324777,1201
1763324778020889756,[ 65  86  65  96   4 177   0   0],7,264,[8.6 9.6],[6.5 6.5],Glow Plugs,20589146,1763324778,1201
1763324778132221461,[ 65  86  65  96   4 177   0   0],7,264,[8.6 9.6],[6.5 6.5],Glow Plugs,131763633,1763324778,1201
1763324778213622143,[ 65  86  65  97   4 177   0   0],7,264,[8.6 9.7],[6.5 6.5],Glow Plugs,212996410,1763324778,1201
1763324778329606077,[ 65  86  65  97   4 177   0   0],7,264,[8.6 9.7],[6.5 6.5],Glow Plugs,329249562,1763324778,1201
1763324778423188936,[ 65  86  65  97   4 177   0   0],7,264,[8.6 9.7],[6.5 6.5],Glow Plugs,422817189,1763324778,1201
1763324778528564881,[ 65  86  65  97   4 177   0   0],7,264,[8.6 9.7],[6.5 6.5],Glow Plugs,528088590,1763324778,1201
1763324778620579088,[ 65  86  65  97   4 177   0   0],7,264,[8.6 9.7],[6.5 6.5],Glow Plugs,620305486,1763324778,1201
1763324778767878888,[ 65  87  65  98   4 177   0   0],7,264,[8.7 9.8],[6.5 6.5],Glow Plugs,767247875,1763324778,1201
1763324778843470148,[ 65  87  65  98   4 177   0   0],7,264,[8.7 9.8],[6.5 6.5],Glow Plugs,842394139,1763324778,1201
1763324778926011063,[ 65  87  65  98   4 177   0   0],7,264,[8.7 9.8],[6.5 6.5],Glow Plugs,925318769,1763324778,1201
1763324779018787964,[ 65  88  65  98   4 177   0   0],7,264,[8.8 9.8],[6.5 6.5],Glow Plugs,17226255,1763324779,1201
1763324779132041317,[ 65  88  65  98   4 177   0   0],7,264,[8.8 9.8],[6.5 6.5],Glow Plugs,130804027,1763324779,1201
1763324779226464664,[ 65  89  65  99   4 177   0   0],7,264,[8.9 9.9],[6.5 6.5],Glow Plugs,224895307,1763324779,1201
1763324779328529416,[ 65  89  65  99   4 177   0   0],7,264,[8.9 9.9],[6.5 6.5],Glow Plugs,326802554,1763324779,1201
1763324779421703889,[ 65  89  65  99   4 177   0   0],7,264,[8.9 9.9],[6.5 6.5],Glow Plugs,421030699,1763324779,1201
1763324779536178756,[ 65  90  65  99   4 177   0   0],7,264,[9.  9.9],[6.5 6.5],Glow Plugs,535808065,1763324779,1201
1763324779618325717,[ 65  90  65  99   4 177   0   0],7,264,[9.  9.9],[6.5 6.5],Glow Plugs,617966482,1763324779,1201
1763324779772950377,[ 65  90  65  99   4 177   0   0],7,264,[9.  9.9],[6.5 6.5],Glow Plugs,772667495,1763324779,1201
1763324779849025001,[ 65  90  65  99   4 177   0   0],7,264,[9.  9.9],[6.5 6.5],Glow Plugs,848804327,1763324779,1201
1763324779931875615,[ 65  90  65  99   4 177   0   0],7,264,[9.  9.9],[6.5 6.5],Glow Plugs,931376731,1763324779,1201
1763324780024665381,[ 65  90  65  99   4 177   0   0],7,264,[9.  9.9],[6.5 6.5],Glow Plugs,23797374,1763324780,1201
1763324780137095177,[ 65  90  65  99   4 177   0   0],7,264,[9.  9.9],[6.5 6.5],Glow Plugs,136805063,1763324780,1201
1763324780221771183,[ 65  90  65  99   4 177   0   0],7,264,[9.  9.9],[6.5 6.5],Glow Plugs,221229067,1763324780,1201
1763324780334317172,[ 65  91  65 100   4 177   0   0],7,264,[ 9.1 10. ],[6.5 6.5],Glow Plugs,334068690,1763324780,1201
1763324780428285604,[ 65  91  65 100   4 177   0   0],7,264,[ 9.1 10. ],[6.5 6.5],Glow Plugs,427062939,1763324780,1201
1763324780530827897,[ 65  91  65 100   4 177   0   0],7,264,[ 9.1 10. ],[6.5 6.5],Glow Plugs,530271477,1763324780,1201
1763324780624680488,[ 65  91  65 100   4 177   0   0],7,264,[ 9.1 10. ],[6.5 6.5],Glow Plugs,623289981,1763324780,1201
1763324780778323990,[ 65  91  65 100   4 177   0   0],7,264,[ 9.1 10. ],[6.5 6.5],Glow Plugs,777914163,1763324780,1201
1763324780852764362,[ 65  91  65 101   4 177   0   0],7,264,[ 9.1 10.1],[6.5 6.5],Glow Plugs,852363111,1763324780,1201
1763324780936160774,[ 65  91  65 101   4 177   0   0],7,264,[ 9.1 10.1],[6.5 6.5],Glow Plugs,935773539,1763324780,1201
1763324781028516041,[ 65  91  65 101   4 177   0   0],7,264,[ 9.1 10.1],[6.5 6.5],Glow Plugs,28306216,1763324781,1201
1763324781140708845,[ 65  91  65 101   4 177   0   0],7,264,[ 9.1 10.1],[6.5 6.5],Glow Plugs,140313833,1763324781,1201
1763324781222354619,[ 65  91  65 101   4 177   0   0],7,264,[ 9.1 10.1],[6.5 6.5],Glow Plugs,221591413,1763324781,1201
1763324781335559302,[ 65  92  65 101   4 177   0   0],7,264,[ 9.2 10.1],[6.5 6.5],Glow Plugs,334915297,1763324781,1201
1763324781428871026,[ 65  92  65 101   4 177   0   0],7,264,[ 9.2 10.1],[6.5 6.5],Glow Plugs,427138084,1763324781,1201
1763324781540007245,[ 65  92  65 101   4 177   0   0],7,264,[ 9.2 10.1],[6.5 6.5],Glow Plugs,539514633,1763324781,1201
1763324781632868725,[ 65  92  65 101   4 177   0   0],7,264,[ 9.2 10.1],[6.5 6.5],Glow Plugs,632370769,1763324781,1201
1763324781777088153,[ 65  92  65 101   4 177   0   0],7,264,[ 9.2 10.1],[6.5 6.5],Glow Plugs,776391956,1763324781,1201
1763324781850886473,[ 65  92  65 102   4 177   0   0],7,264,[ 9.2 10.2],[6.5 6.5],Glow Plugs,850498406,1763324781,1201
1763324781944763321,[ 65  92  65 102   4 177   0   0],7,264,[ 9.2 10.2],[6.5 6.5],Glow Plugs,944177205,1763324781,1201
1763324782027247535,[ 65  92  65 102   4 177   0   0],7,264,[ 9.2 10.2],[6.5 6.5],Glow Plugs,26214022,1763324782,1201
1763324782141696677,[ 65  92  65 102   4 177   0   0],7,264,[ 9.2 10.2],[6.5 6.5],Glow Plugs,141051520,1763324782,1201
1763324782235212980,[ 65  92  65 102   4 177   0   0],7,264,[ 9.2 10.2],[6.5 6.5],Glow Plugs,233956970,1763324782,1201
1763324782338091405,[ 65  92  65 102   4 177   0   0],7,264,[ 9.2 10.2],[6.5 6.5],Glow Plugs,337871660,1763324782,1201
1763324782432132416,[ 65  92  65 102   4 177   0   0],7,264,[ 9.2 10.2],[6.5 6.5],Glow Plugs,430757557,1763324782,1201
1763324782544208484,[ 65  92  65 102   4 177   0   0],7,264,[ 9.2 10.2],[6.5 6.5],Glow Plugs,543650015,1763324782,1201
1763324782636212998,[ 65  93  65 103   4 177   0   0],7,264,[ 9.3 10.3],[6.5 6.5],Glow Plugs,635684802,1763324782,1201
1763324782780881551,[ 65  93  65 103   4 177   0   0],7,264,[ 9.3 10.3],[6.5 6.5],Glow Plugs,780640941,1763324782,1201
1763324782853518902,[ 65  93  65 103   4 177   0   0],7,264,[ 9.3 10.3],[6.5 6.5],Glow Plugs,852931057,1763324782,1201
1763324782946928612,[ 65  93  65 103   4 177   0   0],7,264,[ 9.3 10.3],[6.5 6.5],Glow Plugs,944866035,1763324782,1201
1763324783037933983,[ 65  93  65 103   4 177   0   0],7,264,[ 9.3 10.3],[6.5 6.5],Glow Plugs,37223801,1763324783,1201
1763324783141278141,[ 65  93  65 103   4 177   0   0],7,264,[ 9.3 10.3],[6.5 6.5],Glow Plugs,140238837,1763324783,1201
1763324783233479106,[ 65  93  65 103   4 177   0   0],7,264,[ 9.3 10.3],[6.5 6.5],Glow Plugs,232582075,1763324783,1201
1763324783350930258,[ 65  93  65 103   4 177   0   0],7,264,[ 9.3 10.3],[6.5 6.5],Glow Plugs,350720368,1763324783,1201
1763324783433626282,[ 65  93  65 103   4 177   0   0],7,264,[ 9.3 10.3],[6.5 6.5],Glow Plugs,433147014,1763324783,1201
1763324783547655519,[ 65  93  65 103   4 177   0   0],7,264,[ 9.3 10.3],[6.5 6.5],Glow Plugs,546133426,1763324783,1201
1763324783639432896,[ 65  93  65 103   4 177   0   0],7,264,[ 9.3 10.3],[6.5 6.5],Glow Plugs,638872252,1763324783,1201
1763324783782943297,[ 65  93  65 103   4 177   0   0],7,264,[ 9.3 10.3],[6.5 6.5],Glow Plugs,782203643,1763324783,1201
1763324783856511601,[ 65  94  65 103   4 177   0   0],7,264,[ 9.4 10.3],[6.5 6.5],Glow Plugs,855588393,1763324783,1201
1763324783949637085,[ 65  94  65 103   4 177   0   0],7,264,[ 9.4 10.3],[6.5 6.5],Glow Plugs,948734710,1763324783,1201
1763324784031418478,[ 65  94  65 103   4 177   0   0],7,264,[ 9.4 10.3],[6.5 6.5],Glow Plugs,30953419,1763324784,1201
1763324784145122209,[ 65  93  65 103   4 177   0   0],7,264,[ 9.3 10.3],[6.5 6.5],Glow Plugs,144628573,1763324784,1201
1763324784239612826,[ 65  93  65 103   4 177   0   0],7,264,[ 9.3 10.3],[6.5 6.5],Glow Plugs,239432664,1763324784,1201
1763324784343447517,[ 65  94  65 103   4 177   0   0],7,264,[ 9.4 10.3],[6.5 6.5],Glow Plugs,342788824,1763324784,1201
1763324784435209695,[ 65  94  65 103   4 177   0   0],7,264,[ 9.4 10.3],[6.5 6.5],Glow Plugs,435004894,1763324784,1201
1763324784550318878,[ 65  94  65 103   4 177   0   0],7,264,[ 9.4 10.3],[6.5 6.5],Glow Plugs,548092940,1763324784,1201
1763324784634037919,[ 65  93  65 104   4 177   0   0],7,264,[ 9.3 10.4],[6.5 6.5],Glow Plugs,633733373,1763324784,1201
1763324784788630171,[ 65  93  65 104   5 122   0   0],7,264,[ 9.3 10.4],[6.5 6.5],Glow Plugs,787767668,1763324784,1402
1763324784864807264,[ 65  93  65 104   5 122   0   0],7,264,[ 9.3 10.4],[6.5 6.5],Glow Plugs,864278652,1763324784,1402
1763324784947009014,[ 65  94  65 103   5 122   0   0],7,264,[ 9.4 10.3],[6.5 6.5],Glow Plugs,946276464,1763324784,1402
1763324785039638495,[ 65  94  65 103   5 122   0   0],7,264,[ 9.4 10.3],[6.5 6.5],Glow Plugs,38836441,1763324785,1402
1763324785153548341,[ 65  94  65 103   5 122   0   0],7,264,[ 9.4 10.3],[6.5 6.5],Glow Plugs,152754703,1763324785,1402
1763324785236380592,[ 65  94  65 103   5 122   0   0],7,264,[ 9.4 10.3],[6.5 6.5],Glow Plugs,235967277,1763324785,1402
1763324785353364255,[ 65  94  65 103   5 122   0   0],7,264,[ 9.4 10.3],[6.5 6.5],Glow Plugs,352668953,1763324785,1402
1763324785446902512,[ 65  94  65 103   5 122   0   0],7,264,[ 9.4 10.3],[6.5 6.5],Glow Plugs,444804831,1763324785,1402
1763324785549763405,[ 65  94  65 103   5 122   0   0],7,264,[ 9.4 10.3],[6.5 6.5],Glow Plugs,549119176,1763324785,1402
1763324785643114717,[ 65  94  65 104   5 122   0   0],7,264,[ 9.4 10.4],[6.5 6.5],Glow Plugs,642242742,1763324785,1402
1763324785802442881,[ 65  94  65 104   5 122   0   0],7,264,[ 9.4 10.4],[6.5 6.5],Glow Plugs,798911908,1763324785,1402
1763324785871384972,[ 65  94  65 104   5 122   0   0],7,264,[ 9.4 10.4],[6.5 6.5],Glow Plugs,870957449,1763324785,1402
1763324785954139879,[ 65  94  65 104   5 122   0   0],7,264,[ 9.4 10.4],[6.5 6.5],Glow Plugs,953811396,1763324785,1402
1763324786048223805,[ 65  94  65 104   5 122   0   0],7,264,[ 9.4 10.4],[6.5 6.5],Glow Plugs,47258614,1763324786,1402
1763324786151316413,[ 65  93  65 104   5 122   0   0],7,264,[ 9.3 10.4],[6.5 6.5],Glow Plugs,150488854,1763324786,1402
1763324786243512197,[ 65  93  65 104   5 122   0   0],7,264,[ 9.3 10.4],[6.5 6.5],Glow Plugs,243021985,1763324786,1402
1763324786357265850,[ 65  93  65 104   5 122   0   0],7,264,[ 9.3 10.4],[6.5 6.5],Glow Plugs,356590581,1763324786,1402
1763324786440799484,[ 65  93  65 103   5 122   0   0],7,264,[ 9.3 10.3],[6.5 6.5],Glow Plugs,439782516,1763324786,1402
1763324786554917365,[ 65  93  65 103   5 122   0   0],7,264,[ 9.3 10.3],[6.5 6.5],Glow Plugs,554559858,1763324786,1402
1763324786651070812,[ 65  93  65 103   5 122   0   0],7,264,[ 9.3 10.3],[6.5 6.5],Glow Plugs,648477096,1763324786,1402
1763324786793958237,[  0   0   0   0   5 122   0   0],7,264,[0. 0.],[0. 0.],Glow Plugs,793463065,1763324786,1402
1763324786866144387,[  0   0   0   0   5 122   0   0],7,264,[0. 0.],[0. 0.],Glow Plugs,865648735,1763324786,1402
1763324786959269267,[  0   0   0   0   5 122   0   0],7,264,[0. 0.],[0. 0.],Glow Plugs,958648302,1763324786,1402
1763324787041322473,[  0   0   0   0   5 122   0   0],7,264,[0. 0.],[0. 0.],Glow Plugs,40867909,1763324787,1402
1763324787154690941,[  0   0   0   0   5 122   0   0],7,264,[0. 0.],[0. 0.],Glow Plugs,154404538,1763324787,1402
1763324787247722924,[  0   0   0   0   5 122   0   0],7,264,[0. 0.],[0. 0.],Glow Plugs,247303465,1763324787,1402
1763324787360907774,[  0   0   0   0   5 122   0   0],7,264,[0. 0.],[0. 0.],Glow Plugs,360357082,1763324787,1402
1763324787443103926,[  0   0   0   0   5 122   0   0],7,264,[0. 0.],[0. 0.],Glow Plugs,442317072,1763324787,1402
1763324787560831437,[  0   0   0   0   5 122   0   0],7,264,[0. 0.],[0. 0.],Glow Plugs,555346785,1763324787,1402
1763324787650499969,[  0   0   0   0   5 122   0   0],7,264,[0. 0.],[0. 0.],Glow Plugs,649764667,1763324787,1402
1763324787804066746,[  0   0   0   0   5 122   0   0],7,264,[0. 0.],[0. 0.],Glow Plugs,799901048,1763324787,1402
1763324787876348546,[  0   0   0   0   5 122   0   0],7,264,[0. 0.],[0. 0.],Glow Plugs,875383962,1763324787,1402
1763324787959377952,[  0   0   0   0   5 122   0   0],7,264,[0. 0.],[0. 0.],Glow Plugs,958589626,1763324787,1402
1763324788051558249,[  0   0   0   0   5 122   0   0],7,264,[0. 0.],[0. 0.],Glow Plugs,50806499,1763324788,1402
1763324788163412434,[  0   0   0   0   5 122   0   0],7,264,[0. 0.],[0. 0.],Glow Plugs,162992526,1763324788,1402
1763324788250022798,[  0   0   0   0   5 122   0   0],7,264,[0. 0.],[0. 0.],Glow Plugs,247758300,1763324788,1402
1763324788362913087,[  0   0   0   0   5 122   0   0],7,264,[0. 0.],[0. 0.],Glow Plugs,362371227,1763324788,1402
1763324788455129929,[  0   0   0   0   5 122   0   0],7,264,[0. 0.],[0. 0.],Glow Plugs,454518308,1763324788,1402
1763324788557114530,[  0   0   0   0   5 122   0   0],7,264,[0. 0.],[0. 0.],Glow Plugs,556926240,1763324788,1402
1763324788651328284,[  0   0   0   0   5 122   0   0],7,264,[0. 0.],[0. 0.],Glow Plugs,650977945,1763324788,1402
1763324788805611227,[  0   0   0   0   5 122   0   0],7,264,[0. 0.],[0. 0.],Glow Plugs,805359865,1763324788,1402
1763324788878513769,[  0   0   0   0   5 122   0   0],7,264,[0. 0.],[0. 0.],Glow Plugs,877559585,1763324788,1402
1763324788962556817,[  0   0   0   0   5 122   0   0],7,264,[0. 0.],[0. 0.],Glow Plugs,961610313,1763324788,1402
1763324789055166366,[  0   0   0   0   5 122   0   0],7,264,[0. 0.],[0. 0.],Glow Plugs,54715546,1763324789,1402
1763324789168939767,[  0   0   0   0   5 122   0   0],7,264,[0. 0.],[0. 0.],Glow Plugs,168207473,1763324789,1402
1763324789252841887,[  0   0   0   0   5 122   0   0],7,264,[0. 0.],[0. 0.],Glow Plugs,252626013,1763324789,1402
1763324789369059340,[  0   0   0   0   5 122   0   0],7,264,[0. 0.],[0. 0.],Glow Plugs,368388966,1763324789,1402
1763324789450562112,[  0   0   0   0   5 122   0   0],7,264,[0. 0.],[0. 0.],Glow Plugs,450314430,1763324789,1402
1763324789566356393,[  0   0   0   0   5 122   0   0],7,264,[0. 0.],[0. 0.],Glow Plugs,565628612,1763324789,1402
1763324789659351995,[  0   0   0   0   5 122   0   0],7,264,[0. 0.],[0. 0.],Glow Plugs,658605940,1763324789,1402
1763324789802701795,[  0   0   0   0   5 122   0   0],7,264,[0. 0.],[0. 0.],Glow Plugs,802119839,1763324789,1402
1763324789877038333,[  0   0   0   0   5 122   0   0],7,264,[0. 0.],[0. 0.],Glow Plugs,874440840,1763324789,1402
1763324789968351521,[  0   0   0   0   5 122   0   0],7,264,[0. 0.],[0. 0.],Glow Plugs,967509274,1763324789,1402
1763324790061995032,[  0   0   0   0   5 122   0   0],7,264,[0. 0.],[0. 0.],Glow Plugs,61653941,1763324790,1402
1763324790169917731,[  0   0   0   0   5 122   0   0],7,264,[0. 0.],[0. 0.],Glow Plugs,168669176,1763324790,1402
1763324790251728634,[  0   0   0   0   5 122   0   0],7,264,[0. 0.],[0. 0.],Glow Plugs,251115637,1763324790,1402
1763324790369000369,[  0   0   0   0   5 122   0   0],7,264,[0. 0.],[0. 0.],Glow Plugs,368459564,1763324790,1402
1763324790462453094,[  0   0   0   0   5 122   0   0],7,264,[0. 0.],[0. 0.],Glow Plugs,461451998,1763324790,1402
1763324790567201720,[  0   0   0   0   5 122   0   0],7,264,[0. 0.],[0. 0.],Glow Plugs,566991350,1763324790,1402
1763324790659912263,[  0   0   0   0   5 122   0   0],7,264,[0. 0.],[0. 0.],Glow Plugs,659027872,1763324790,1402
1763324790813721862,[  0   0   0   0   5 122   0   0],7,264,[0. 0.],[0. 0.],Glow Plugs,812883871,1763324790,1402
1763324790886458772,[  0   0   0   0   5 122   0   0],7,264,[0. 0.],[0. 0.],Glow Plugs,886034257,1763324790,1402
1763324790968841520,[  0   0   0   0   5 122   0   0],7,264,[0. 0.],[0. 0.],Glow Plugs,968299692,1763324790,1402
1763324791062886283,[  0   0   0   0   5 122   0   0],7,264,[0. 0.],[0. 0.],Glow Plugs,62291942,1763324791,1402
1763324791167749630,[  0   0   0   0   5 122   0   0],7,264,[0. 0.],[0. 0.],Glow Plugs,166179154,1763324791,1402
1763324791260888882,[  0   0   0   0   5 122   0   0],7,264,[0. 0.],[0. 0.],Glow Plugs,259843914,1763324791,1402
1763324791375103890,[  0   0   0   0   5 122   0   0],7,264,[0. 0.],[0. 0.],Glow Plugs,374185802,1763324791,1402
1763324791456841321,[  0   0   0   0   5 122   0   0],7,264,[0. 0.],[0. 0.],Glow Plugs,456367749,1763324791,1402
1763324791569698333,[  0   0   0   0   5 122   0   0],7,264,[0. 0.],[0. 0.],Glow Plugs,569159033,1763324791,1402
1763324791662719824,[  0   0   0   0   5 122   0   0],7,264,[0. 0.],[0. 0.],Glow Plugs,661876746,1763324791,1402
1763324791818844900,[  0   0   0   0   5 122   0   0],7,264,[0. 0.],[0. 0.],Glow Plugs,818208447,1763324791,1402
1763324791891901877,[  0   0   0   0   5 122   0   0],7,264,[0. 0.],[0. 0.],Glow Plugs,891047502,1763324791,1402
1763324791973944751,[  0   0   0   0   5 122   0   0],7,264,[0. 0.],[0. 0.],Glow Plugs,973448203,1763324791,1402
1763324792067646280,[  0   0   0   0   5 122   0   0],7,264,[0. 0.],[0. 0.],Glow Plugs,67295269,1763324792,1402
1763324792171649717,[  0   0   0   0   5 122   0   0],7,264,[0. 0.],[0. 0.],Glow Plugs,170995984,1763324792,1402
1763324792265931796,[  0   0   0   0   5 122   0   0],7,264,[0. 0.],[0. 0.],Glow Plugs,265753074,1763324792,1402
1763324792369487805,[  0   0   0   0   5 122   0   0],7,264,[0. 0.],[0. 0.],Glow Plugs,369251004,1763324792,1402
1763324792466566547,[  0   0   0   0   5 122   0   0],7,264,[0. 0.],[0. 0.],Glow Plugs,463317336,1763324792,1402
1763324792582138782,[  0   0   0   0   5 122   0   0],7,264,[0. 0.],[0. 0.],Glow Plugs,580804147,1763324792,1402
1763324792665268386,[  0   0   0   0   5 122   0   0],7,264,[0. 0.],[0. 0.],Glow Plugs,664829854,1763324792,1402
1763324792821611928,[  0   0   0   0   5 122   0   0],7,264,[0. 0.],[0. 0.],Glow Plugs,821241941,1763324792,1402
1763324792894209990,[  0   0   0   0   5 122   0   0],7,264,[0. 0.],[0. 0.],Glow Plugs,894008549,1763324792,1402
1763324792977635660,[  0   0   0   0   5 122   0   0],7,264,[0. 0.],[0. 0.],Glow Plugs,976293922,1763324792,1402
1763324793070634241,[  0   0   0   0   5 122   0   0],7,264,[0. 0.],[0. 0.],Glow Plugs,69970268,1763324793,1402
1763324793174112491,[  0   0   0   0   5 122   0   0],7,264,[0. 0.],[0. 0.],Glow Plugs,173459366,1763324793,1402
1763324793265978999,[  0   0   0   0   5 122   0   0],7,264,[0. 0.],[0. 0.],Glow Plugs,265473171,1763324793,1402
1763324793380296505,[  0   0   0   0   5 122   0   0],7,264,[0. 0.],[0. 0.],Glow Plugs,380102296,1763324793,1402
1763324793464096707,[  0   0   0   0   5 122   0   0],7,264,[0. 0.],[0. 0.],Glow Plugs,463170268,1763324793,1402
1763324793576015922,[  0   0   0   0   5 122   0   0],7,264,[0. 0.],[0. 0.],Glow Plugs,575425165,1763324793,1402
1763324793668655620,[  0   0   0   0   5 122   0   0],7,264,[0. 0.],[0. 0.],Glow Plugs,668214016,1763324793,1402
1763324793823741170,[  0   0   0   0   5 122   0   0],7,264,[0. 0.],[0. 0.],Glow Plugs,823417455,1763324793,1402
1763324793896567363,[  0   0   0   0   5 122   0   0],7,264,[0. 0.],[0. 0.],Glow Plugs,895884189,1763324793,1402
1763324793979049826,[  0   0   0   0   5 122   0   0],7,264,[0. 0.],[0. 0.],Glow Plugs,978035130,1763324793,1402
1763324794072160760,[  0   0   0   0   5 122   0   0],7,264,[0. 0.],[0. 0.],Glow Plugs,71205808,1763324794,1402
1763324794176305129,[  0   0   0   0   5 122   0   0],7,264,[0. 0.],[0. 0.],Glow Plugs,175655876,1763324794,1402
1763324794269252190,[  0   0   0   0   5 122   0   0],7,264,[0. 0.],[0. 0.],Glow Plugs,267614641,1763324794,1402
1763324794385428177,[  0   0   0   0   5 122   0   0],7,264,[0. 0.],[0. 0.],Glow Plugs,385215951,1763324794,1402
1763324794469214299,[  0   0   0   0   5 122   0   0],7,264,[0. 0.],[0. 0.],Glow Plugs,468424085,1763324794,1402
1763324794582105459,[  0   0   0   0   5 122   0   0],7,264,[0. 0.],[0. 0.],Glow Plugs,581912786,1763324794,1402
1763324794675506828,[  0   0   0   0   5 122   0   0],7,264,[0. 0.],[0. 0.],Glow Plugs,675073577,1763324794,1402
1763324794825962198,[  0   0   0   0   5 122   0   0],7,264,[0. 0.],[0. 0.],Glow Plugs,825386578,1763324794,1402
1763324794898481829,[  0   0   0   0   5 122   0   0],7,264,[0. 0.],[0. 0.],Glow Plugs,897634462,1763324794,1402
1763324794983553210,[  0   0   0   0   5 122   0   0],7,264,[0. 0.],[0. 0.],Glow Plugs,981701867,1763324794,1402
1763324795075312071,[  0   0   0   0   5 122   0   0],7,264,[0. 0.],[0. 0.],Glow Plugs,74613441,1763324795,1402
1763324795187744252,[  0   0   0   0   5 122   0   0],7,264,[0. 0.],[0. 0.],Glow Plugs,186855829,1763324795,1402
1763324795280099662,[  0   0   0   0   5 122   0   0],7,264,[0. 0.],[0. 0.],Glow Plugs,278936932,1763324795,1402
1763324795387223127,[  0   0   0   0   5 122   0   0],7,264,[0. 0.],[0. 0.],Glow Plugs,382725907,1763324795,1402
1763324795475853739,[  0   0   0   0   5 122   0   0],7,264,[0. 0.],[0. 0.],Glow Plugs,475044004,1763324795,1402
1763324795588794020,[  0   0   0   0   5 122   0   0],7,264,[0. 0.],[0. 0.],Glow Plugs,587912829,1763324795,1402
1763324795670363037,[  0   0   0   0   5 122   0   0],7,264,[0. 0.],[0. 0.],Glow Plugs,670168700,1763324795,1402
1763324795824111300,[  0   0   0   0   5 122   0   0],7,264,[0. 0.],[0. 0.],Glow Plugs,823607136,1763324795,1402
1763324795899099783,[  0   0   0   0   5 122   0   0],7,264,[0. 0.],[0. 0.],Glow Plugs,896134799,1763324795,1402
1763324795988792259,[  0   0   0   0   5 122   0   0],7,264,[0. 0.],[0. 0.],Glow Plugs,988493505,1763324795,1402
1763324796071990891,[  0   0   0   0   5 122   0   0],7,264,[0. 0.],[0. 0.],Glow Plugs,71375974,1763324796,1402
1763324796185805868,[  0   0   0   0   5 122   0   0],7,264,[0. 0.],[0. 0.],Glow Plugs,185563626,1763324796,1402
1763324796278774756,[  0   0   0   0   5 122   0   0],7,264,[0. 0.],[0. 0.],Glow Plugs,278250847,1763324796,1402
1763324796392517541,[  0   0   0   0   5 122   0   0],7,264,[0. 0.],[0. 0.],Glow Plugs,391538173,1763324796,1402
1763324796476216913,[  0   0   0   0   5 122   0   0],7,264,[0. 0.],[0. 0.],Glow Plugs,475499275,1763324796,1402
1763324796589348397,[  0   0   0   0   5 122   0   0],7,264,[0. 0.],[0. 0.],Glow Plugs,588964521,1763324796,1402
1763324796681597758,[  0   0   0   0   5 122   0   0],7,264,[0. 0.],[0. 0.],Glow Plugs,681161499,1763324796,1402
1763324796826059386,[  0   0   0   0   5 122   0   0],7,264,[0. 0.],[0. 0.],Glow Plugs,825288180,1763324796,1402
1763324796898968270,[  0   0   0   0   5 122   0   0],7,264,[0. 0.],[0. 0.],Glow Plugs,898175239,1763324796,1402
1763324796995161567,[  0   0   0   0   5 122   0   0],7,264,[0. 0.],[0. 0.],Glow Plugs,994265336,1763324796,1402
1763324797075856755,[  0   0   0   0   5 122   0   0],7,264,[0. 0.],[0. 0.],Glow Plugs,75633201,1763324797,1402
1763324797193350740,[  0   0   0   0   5 122   0   0],7,264,[0. 0.],[0. 0.],Glow Plugs,192788176,1763324797,1402
1763324797275590837,[  0   0   0   0   5 122   0   0],7,264,[0. 0.],[0. 0.],Glow Plugs,274515916,1763324797,1402
1763324797390806659,[  0   0   0   0   5 122   0   0],7,264,[0. 0.],[0. 0.],Glow Plugs,390031229,1763324797,1402
1763324797483095606,[  0   0   0   0   5 122   0   0],7,264,[0. 0.],[0. 0.],Glow Plugs,482624146,1763324797,1402
1763324797599360749,[  0   0   0   0   5 122   0   0],7,264,[0. 0.],[0. 0.],Glow Plugs,598852681,1763324797,1402
1763324797682065713,[  0   0   0   0   5 122   0   0],7,264,[0. 0.],[0. 0.],Glow Plugs,681623309,1763324797,1402
1763324797836030396,[  0   0   0   0   5 122   0   0],7,264,[0. 0.],[0. 0.],Glow Plugs,835503704,1763324797,1402
1763324797909268339,[  0   0   0   0   5 122   0   0],7,264,[0. 0.],[0. 0.],Glow Plugs,908665614,1763324797,1402
1763324797992313242,[  0   0   0   0   5 122   0   0],7,264,[0. 0.],[0. 0.],Glow Plugs,991367187,1763324797,1402
1763324798084868016,[  0   0   0   0   5 122   0   0],7,264,[0. 0.],[0. 0.],Glow Plugs,84386668,1763324798,1402
1763324798196614819,[  0   0   0   0   5 122   0   0],7,264,[0. 0.],[0. 0.],Glow Plugs,196233152,1763324798,1402
1763324798278516226,[  0   0   0   0   5 122   0   0],7,264,[0. 0.],[0. 0.],Glow Plugs,277988158,1763324798,1402
1763324798393223629,[  0   0   0   0   5 122   0   0],7,264,[0. 0.],[0. 0.],Glow Plugs,392352710,1763324798,1402
1763324798485907268,[  0   0   0   0   5 122   0   0],7,264,[0. 0.],[0. 0.],Glow Plugs,485107037,1763324798,1402
1763324798598004314,[  0   0   0   0   5 122   0   0],7,264,[0. 0.],[0. 0.],Glow Plugs,597522134,1763324798,1402
1763324798679853112,[  0   0   0   0   5 122   0   0],7,264,[0. 0.],[0. 0.],Glow Plugs,679385140,1763324798,1402
1763324798837249281,[  0   0   0   0   5 122   0   0],7,264,[0. 0.],[0. 0.],Glow Plugs,836122296,1763324798,1402
1763324798909205230,[  0   0   0   0   5 122   0   0],7,264,[0. 0.],[0. 0.],Glow Plugs,908866379,1763324798,1402
1763324798991634609,[  0   0   0   0   5 122   0   0],7,264,[0. 0.],[0. 0.],Glow Plugs,990961004,1763324798,1402
1763324799085659668,[  0   0   0   0   5 122   0   0],7,264,[0. 0.],[0. 0.],Glow Plugs,84948110,1763324799,1402
1763324799198657554,[  0   0   0   0   5 122   0   0],7,264,[0. 0.],[0. 0.],Glow Plugs,198256303,1763324799,1402
1763324799282006846,[  0   0   0   0   5 122   0   0],7,264,[0. 0.],[0. 0.],Glow Plugs,281692315,1763324799,1402
1763324799398253271,[  0   0   0   0   5 122   0   0],7,264,[0. 0.],[0. 0.],Glow Plugs,397895444,1763324799,1402
1763324799491192177,[  0   0   0   0   5 122   0   0],7,264,[0. 0.],[0. 0.],Glow Plugs,490853390,1763324799,1402
1763324799597389783,[  0   0   0   0   5 122   0   0],7,264,[0. 0.],[0. 0.],Glow Plugs,596667089,1763324799,1402
1763324799689647596,[  0   0   0   0   7 209   0   0],7,264,[0. 0.],[0. 0.],Glow Plugs,688760132,1763324799,2001
1763324799835712857,[  0   0   0   0   7 209   0   0],7,264,[0. 0.],[0. 0.],Glow Plugs,835224117,1763324799,2001
1763324799908874193,[  0   0   0   0   7 209   0   0],7,264,[0. 0.],[0. 0.],Glow Plugs,907158147,1763324799,2001
1763324800001661194,[  0   0   0   0   7 209   0   0],7,264,[0. 0.],[0. 0.],Glow Plugs,53820,1763324800,2001
1763324800094462467,[  0   0   0   0   7 209   0   0],7,264,[0. 0.],[0. 0.],Glow Plugs,93462075,1763324800,2001
1763324800195700802,[  0   0   0   0   7 209   0   0],7,264,[0. 0.],[0. 0.],Glow Plugs,194834523,1763324800,2001
1763324800288004408,[  0   0   0   0   7 209   0   0],7,264,[0. 0.],[0. 0.],Glow Plugs,287262514,1763324800,2001
1763324800406210914,[  0   0   0   0   7 209   0   0],7,264,[0. 0.],[0. 0.],Glow Plugs,405449084,1763324800,2001
1763324800491362653,[  0   0   0   0   7 209   0   0],7,264,[0. 0.],[0. 0.],Glow Plugs,488450117,1763324800,2001
1763324800602310316,[  0   0   0   0   7 209   0   0],7,264,[0. 0.],[0. 0.],Glow Plugs,601353348,1763324800,2001
1763324800694738691,[  0   0   0   0   7 209   0   0],7,264,[0. 0.],[0. 0.],Glow Plugs,694091165,1763324800,2001
1763324800839565415,[  0   0   0   0   7 209   0   0],7,264,[0. 0.],[0. 0.],Glow Plugs,838462174,1763324800,2001
1763324800911756312,[  0   0   0   0   7 209   0   0],7,264,[0. 0.],[0. 0.],Glow Plugs,911098739,1763324800,2001
1763324801004644370,[  0   0   0   0   7 209   0   0],7,264,[0. 0.],[0. 0.],Glow Plugs,4229487,1763324801,2001
1763324801098717912,[  0   0   0   0   7 209   0   0],7,264,[0. 0.],[0. 0.],Glow Plugs,97946737,1763324801,2001
1763324801204712671,[  0   0   0   0   7 209   0   0],7,264,[0. 0.],[0. 0.],Glow Plugs,203895576,1763324801,2001
1763324801298347872,[  0   0   0   0   7 209   0   0],7,264,[0. 0.],[0. 0.],Glow Plugs,297209879,1763324801,2001
1763324801401168653,[  0   0   0   0   7 209   0   0],7,264,[0. 0.],[0. 0.],Glow Plugs,400386855,1763324801,2001
1763324801493079521,[  0   0   0   0   7 209   0   0],7,264,[0. 0.],[0. 0.],Glow Plugs,492826399,1763324801,2001
1763324801606762567,[  0   0   0   0   7 209   0   0],7,264,[0. 0.],[0. 0.],Glow Plugs,605812351,1763324801,2001
1763324801699239007,[  0   0   0   0   7 209   0   0],7,264,[0. 0.],[0. 0.],Glow Plugs,698424728,1763324801,2001
1763324801844255015,[  0   0   0   0   7 209   0   0],7,264,[0. 0.],[0. 0.],Glow Plugs,843896708,1763324801,2001
1763324801917997029,[  0   0   0   0   7 209   0   0],7,264,[0. 0.],[0. 0.],Glow Plugs,916853691,1763324801,2001
1763324802010105626,[  0   0   0   0   7 209   0   0],7,264,[0. 0.],[0. 0.],Glow Plugs,9726615,1763324802,2001
1763324802092141117,[  0   0   0   0   7 209   0   0],7,264,[0. 0.],[0. 0.],Glow Plugs,91864698,1763324802,2001
1763324802207617299,[  0   0   0   0   7 209   0   0],7,264,[0. 0.],[0. 0.],Glow Plugs,207087055,1763324802,2001
1763324802299464903,[  0   0   0   0   7 209   0   0],7,264,[0. 0.],[0. 0.],Glow Plugs,298991491,1763324802,2001
1763324802403275037,[  0   0   0   0   7 209   0   0],7,264,[0. 0.],[0. 0.],Glow Plugs,402927226,1763324802,2001
1763324802496914783,[  0   0   0   0   7 209   0   0],7,264,[0. 0.],[0. 0.],Glow Plugs,496659805,1763324802,2001
1763324802612665656,[  0   0   0   0   7 209   0   0],7,264,[0. 0.],[0. 0.],Glow Plugs,612229492,1763324802,2001
1763324802694017141,[  0   0   0   0   7 209   0   0],7,264,[0. 0.],[0. 0.],Glow Plugs,693701203,1763324802,2001
1763324802848828271,[  0   0   0   0   7 209   0   0],7,264,[0. 0.],[0. 0.],Glow Plugs,848565805,1763324802,2001
1763324802921659686,[  0   0   0   0   7 209   0   0],7,264,[0. 0.],[0. 0.],Glow Plugs,921169442,1763324802,2001
1763324803004745714,[  0   0   0   0   7 209   0   0],7,264,[0. 0.],[0. 0.],Glow Plugs,4200141,1763324803,2001
1763324803098331221,[  0   0   0   0   7 209   0   0],7,264,[0. 0.],[0. 0.],Glow Plugs,97812113,1763324803,2001
1763324803211763579,[  0   0   0   0   7 209   0   0],7,264,[0. 0.],[0. 0.],Glow Plugs,210985845,1763324803,2001
1763324803303646608,[  0   0   0   0   7 209   0   0],7,264,[0. 0.],[0. 0.],Glow Plugs,303117900,1763324803,2001
1763324803408137261,[  0   0   0   0   7 209   0   0],7,264,[0. 0.],[0. 0.],Glow Plugs,407774890,1763324803,2001
1763324803501551375,[  0   0   0   0   7 209   0   0],7,264,[0. 0.],[0. 0.],Glow Plugs,500751176,1763324803,2001
1763324803614097742,[  0   0   0   0   7 209   0   0],7,264,[0. 0.],[0. 0.],Glow Plugs,613894860,1763324803,2001
1763324803698300644,[  0   0   0   0   7 209   0   0],7,264,[0. 0.],[0. 0.],Glow Plugs,695863535,1763324803,2001
1763324803851632787,[  0   0   0   0   7 209   0   0],7,264,[0. 0.],[0. 0.],Glow Plugs,851370833,1763324803,2001
1763324803924028199,[  0   0   0   0   7 209   0   0],7,264,[0. 0.],[0. 0.],Glow Plugs,923726981,1763324803,2001
1763324804017491657,[  0   0   0   0   7 209   0   0],7,264,[0. 0.],[0. 0.],Glow Plugs,16473889,1763324804,2001
1763324804099287052,[  0   0   0   0   7 209   0   0],7,264,[0. 0.],[0. 0.],Glow Plugs,99061578,1763324804,2001
1763324804212644691,[  0   0   0   0   7 209   0   0],7,264,[0. 0.],[0. 0.],Glow Plugs,212073070,1763324804,2001
1763324804304731754,[  0   0   0   0   7 209   0   0],7,264,[0. 0.],[0. 0.],Glow Plugs,304219526,1763324804,2001
1763324804417490733,[  0   0   0   0   7 209   0   0],7,264,[0. 0.],[0. 0.],Glow Plugs,416871079,1763324804,2001
1763324804499733267,[  0   0   0   0   7 209   0   0],7,264,[0. 0.],[0. 0.],Glow Plugs,499533137,1763324804,2001
1763324804612435572,[  0   0   0   0   7 209   0   0],7,264,[0. 0.],[0. 0.],Glow Plugs,612273683,1763324804,2001
1763324804705389075,[  0   0   0   0   7 209   0   0],7,264,[0. 0.],[0. 0.],Glow Plugs,704487116,1763324804,2001
1763324804861193848,[  0   0   0   0   7 209   0   0],7,264,[0. 0.],[0. 0.],Glow Plugs,860615123,1763324804,2001
1763324804933996625,[  0   0   0   0   7 209   0   0],7,264,[0. 0.],[0. 0.],Glow Plugs,933745999,1763324804,2001
1763324805017007006,[  0   0   0   0   7 209   0   0],7,264,[0. 0.],[0. 0.],Glow Plugs,16587386,1763324805,2001
1763324805100536367,[  0   0   0   0   7 209   0   0],7,264,[0. 0.],[0. 0.],Glow Plugs,99707464,1763324805,2001
1763324805214375515,[  0   0   0   0   7 209   0   0],7,264,[0. 0.],[0. 0.],Glow Plugs,213626837,1763324805,2001
1763324805309361676,[  0   0   0   0   7 209   0   0],7,264,[0. 0.],[0. 0.],Glow Plugs,308697734,1763324805,2001
1763324805414930324,[  0   0   0   0   7 209   0   0],7,264,[0. 0.],[0. 0.],Glow Plugs,414052140,1763324805,2001
1763324805506643305,[  0   0   0   0   7 209   0   0],7,264,[0. 0.],[0. 0.],Glow Plugs,506161541,1763324805,2001
1763324805620602646,[  0   0   0   0   7 209   0   0],7,264,[0. 0.],[0. 0.],Glow Plugs,619963601,1763324805,2001
1763324805711588581,[  0   0   0   0   7 209   0   0],7,264,[0. 0.],[0. 0.],Glow Plugs,711360195,1763324805,2001
1763324805860774421,[  0   0   0   0   7 209   0   0],7,264,[0. 0.],[0. 0.],Glow Plugs,856194000,1763324805,2001
1763324805928387204,[  0   0   0   0   7 209   0   0],7,264,[0. 0.],[0. 0.],Glow Plugs,928163810,1763324805,2001
1763324806025235140,[  0   0   0   0   7 209   0   0],7,264,[0. 0.],[0. 0.],Glow Plugs,24893889,1763324806,2001
1763324806105825374,[  0   0   0   0   7 209   0   0],7,264,[0. 0.],[0. 0.],Glow Plugs,105386586,1763324806,2001
1763324806219444457,[  0   0   0   0   7 209   0   0],7,264,[0. 0.],[0. 0.],Glow Plugs,219032934,1763324806,2001
1763324806311815365,[  0   0   0   0   7 209   0   0],7,264,[0. 0.],[0. 0.],Glow Plugs,311165696,1763324806,2001
1763324806418180244,[  0   0   0   0   7 209   0   0],7,264,[0. 0.],[0. 0.],Glow Plugs,415081691,1763324806,2001
1763324806509223109,[  0   0   0   0   7 209   0   0],7,264,[0. 0.],[0. 0.],Glow Plugs,508750721,1763324806,2001
1763324806624646304,[  0   0   0   0   7 209   0   0],7,264,[0. 0.],[0. 0.],Glow Plugs,623266484,1763324806,2001
1763324806707014377,[  0   0   0   0   7 209   0   0],7,264,[0. 0.],[0. 0.],Glow Plugs,705964000,1763324806,2001
1763324806864368094,[  0   0   0   0   7 209   0   0],7,264,[0. 0.],[0. 0.],Glow Plugs,863125011,1763324806,2001
1763324806936491250,[  0   0   0   0   7 209   0   0],7,264,[0. 0.],[0. 0.],Glow Plugs,935838284,1763324806,2001
1763324807020010149,[  0   0   0   0   7 209   0   0],7,264,[0. 0.],[0. 0.],Glow Plugs,18894107,1763324807,2001
1763324807112378913,[  0   0   0   0   7 209   0   0],7,264,[0. 0.],[0. 0.],Glow Plugs,112147423,1763324807,2001
1763324807225678443,[  0   0   0   0   7 209   0   0],7,264,[0. 0.],[0. 0.],Glow Plugs,225267400,1763324807,2001
1763324807309561121,[  0   0   0   0   7 209   0   0],7,264,[0. 0.],[0. 0.],Glow Plugs,308798203,1763324807,2001
1763324807423305807,[  0   0   0   0   7 209   0   0],7,264,[0. 0.],[0. 0.],Glow Plugs,422623049,1763324807,2001
1763324807515383369,[  0   0   0   0   7 209   0   0],7,264,[0. 0.],[0. 0.],Glow Plugs,514978566,1763324807,2001
1763324807628915765,[  0   0   0   0   7 209   0   0],7,264,[0. 0.],[0. 0.],Glow Plugs,628427697,1763324807,2001
1763324807711001916,[  0   0   0   0   7 209   0   0],7,264,[0. 0.],[0. 0.],Glow Plugs,710597849,1763324807,2001
1763324807866006751,[  0   0   0   0   7 209   0   0],7,264,[0. 0.],[0. 0.],Glow Plugs,865339994,1763324807,2001
1763324807938255669,[  0   0   0   0   7 209   0   0],7,264,[0. 0.],[0. 0.],Glow Plugs,937404142,1763324807,2001
1763324808020999907,[  0   0   0   0   7 209   0   0],7,264,[0. 0.],[0. 0.],Glow Plugs,20491198,1763324808,2001
1763324808113446689,[  0   0   0   0   7 209   0   0],7,264,[0. 0.],[0. 0.],Glow Plugs,113162430,1763324808,2001
1763324808227010830,[  0   0   0   0   7 209   0   0],7,264,[0. 0.],[0. 0.],Glow Plugs,225804580,1763324808,2001
1763324808318634405,[  0   0   0   0   7 209   0   0],7,264,[0. 0.],[0. 0.],Glow Plugs,318395587,1763324808,2001
1763324808423031206,[  0   0   0   0   7 209   0   0],7,264,[0. 0.],[0. 0.],Glow Plugs,422200448,1763324808,2001
1763324808514900032,[  0   0   0   0   7 209   0   0],7,264,[0. 0.],[0. 0.],Glow Plugs,514406524,1763324808,2001
1763324808630343517,[  0   0   0   0   7 209   0   0],7,264,[0. 0.],[0. 0.],Glow Plugs,627514149,1763324808,2001
1763324808722754906,[  0   0   0   0   7 209   0   0],7,264,[0. 0.],[0. 0.],Glow Plugs,721754130,1763324808,2001
1763324808867138887,[  0   0   0   0   7 209   0   0],7,264,[0. 0.],[0. 0.],Glow Plugs,866925893,1763324808,2001
1763324808944177061,[  0   0   0   0   7 209   0   0],7,264,[0. 0.],[0. 0.],Glow Plugs,942437399,1763324808,2001
1763324809033052326,[  0   0   0   0   7 209   0   0],7,264,[0. 0.],[0. 0.],Glow Plugs,28578593,1763324809,2001
1763324809122056393,[  0   0   0   0   7 209   0   0],7,264,[0. 0.],[0. 0.],Glow Plugs,120798174,1763324809,2001
1763324809225030111,[  0   0   0   0   7 209   0   0],7,264,[0. 0.],[0. 0.],Glow Plugs,224574651,1763324809,2001
1763324809316605911,[  0   0   0   0   7 209   0   0],7,264,[0. 0.],[0. 0.],Glow Plugs,316018546,1763324809,2001
1763324809432087509,[  0   0   0   0   7 209   0   0],7,264,[0. 0.],[0. 0.],Glow Plugs,430848907,1763324809,2001
1763324809524936664,[  0   0   0   0   7 209   0   0],7,264,[0. 0.],[0. 0.],Glow Plugs,524386355,1763324809,2001
1763324809627118439,[  0   0   0   0   7 209   0   0],7,264,[0. 0.],[0. 0.],Glow Plugs,626869477,1763324809,2001
1763324809719896297,[  0   0   0   0   7 209   0   0],7,264,[0. 0.],[0. 0.],Glow Plugs,719591463,1763324809,2001
1763324809876454140,[  0   0   0   0   7 209   0   0],7,264,[0. 0.],[0. 0.],Glow Plugs,876241819,1763324809,2001
1763324809949569371,[  0   0   0   0   7 209   0   0],7,264,[0. 0.],[0. 0.],Glow Plugs,949012246,1763324809,2001
1763324810031170240,[  0   0   0   0   7 209   0   0],7,264,[0. 0.],[0. 0.],Glow Plugs,30912030,1763324810,2001
1763324810124437767,[  0   0   0   0   7 209   0   0],7,264,[0. 0.],[0. 0.],Glow Plugs,123641280,1763324810,2001
1763324810237364145,[  0   0   0   0   7 209   0   0],7,264,[0. 0.],[0. 0.],Glow Plugs,236518314,1763324810,2001
1763324810319392539,[  0   0   0   0   7 209   0   0],7,264,[0. 0.],[0. 0.],Glow Plugs,318631380,1763324810,2001
1763324810431757344,[  0   0   0   0   7 209   0   0],7,264,[0. 0.],[0. 0.],Glow Plugs,431249084,1763324810,2001
1763324810524279361,[  0   0   0   0   7 209   0   0],7,264,[0. 0.],[0. 0.],Glow Plugs,523540858,1763324810,2001
1763324810636972745,[  0   0   0   0   7 209   0   0],7,264,[0. 0.],[0. 0.],Glow Plugs,636184770,1763324810,2001
1763324810720952642,[  0   0   0   0   7 209   0   0],7,264,[0. 0.],[0. 0.],Glow Plugs,720171292,1763324810,2001
1763324810875771113,[  0   0   0   0   7 209   0   0],7,264,[0. 0.],[0. 0.],Glow Plugs,875216228,1763324810,2001
1763324810949103402,[  0   0   0   0   7 209   0   0],7,264,[0. 0.],[0. 0.],Glow Plugs,948451236,1763324810,2001
1763324811031086067,[  0   0   0   0   7 209   0   0],7,264,[0. 0.],[0. 0.],Glow Plugs,30869841,1763324811,2001
1763324811128199547,[  0   0   0   0   7 209   0   0],7,264,[0. 0.],[0. 0.],Glow Plugs,124566684,1763324811,2001
1763324811238156333,[  0   0   0   0   7 209   0   0],7,264,[0. 0.],[0. 0.],Glow Plugs,237554120,1763324811,2001
1763324811329910184,[  0   0   0   0   7 209   0   0],7,264,[0. 0.],[0. 0.],Glow Plugs,329555877,1763324811,2001
1763324811436003035,[  0   0   0   0   7 209   0   0],7,264,[0. 0.],[0. 0.],Glow Plugs,432753344,1763324811,2001
1763324811527024464,[  0   0   0   0   7 209   0   0],7,264,[0. 0.],[0. 0.],Glow Plugs,525501635,1763324811,2001
1763324811638243725,[  0   0   0   0   7 209   0   0],7,264,[0. 0.],[0. 0.],Glow Plugs,637954058,1763324811,2001
1763324811731328883,[  0   0   0   0   7 209   0   0],7,264,[0. 0.],[0. 0.],Glow Plugs,731005744,1763324811,2001
1763324811879506083,[  0   0   0   0   7 209   0   0],7,264,[0. 0.],[0. 0.],Glow Plugs,878538203,1763324811,2001
1763324811951585147,[  0   0   0   0   7 209   0   0],7,264,[0. 0.],[0. 0.],Glow Plugs,950979286,1763324811,2001
1763324812036514813,[  0   0   0   0   7 209   0   0],7,264,[0. 0.],[0. 0.],Glow Plugs,35833464,1763324812,2001
1763324812130524236,[  0   0   0   0   7 209   0   0],7,264,[0. 0.],[0. 0.],Glow Plugs,129130369,1763324812,2001
1763324812234654127,[  0   0   0   0   7 209   0   0],7,264,[0. 0.],[0. 0.],Glow Plugs,233723367,1763324812,2001
1763324812327010672,[  0   0   0   0   7 209   0   0],7,264,[0. 0.],[0. 0.],Glow Plugs,326765102,1763324812,2001
1763324812440326816,[  0   0   0   0   7 209   0   0],7,264,[0. 0.],[0. 0.],Glow Plugs,439283831,1763324812,2001
1763324812532227261,[  0   0   0   0   7 209   0   0],7,264,[0. 0.],[0. 0.],Glow Plugs,531995195,1763324812,2001
1763324812636347040,[  0   0   0   0   7 209   0   0],7,264,[0. 0.],[0. 0.],Glow Plugs,635510841,1763324812,2001
1763324812728873602,[  0   0   0   0   7 209   0   0],7,264,[0. 0.],[0. 0.],Glow Plugs,727736569,1763324812,2001
1763324812883268328,[  0   0   0   0   7 209   0   0],7,264,[0. 0.],[0. 0.],Glow Plugs,882851717,1763324812,2001
1763324812956750892,[  0   0   0   0   7 209   0   0],7,264,[0. 0.],[0. 0.],Glow Plugs,956109319,1763324812,2001
1763324813038891896,[  0   0   0   0   7 209   0   0],7,264,[0. 0.],[0. 0.],Glow Plugs,38098578,1763324813,2001
1763324813130942456,[  0   0   0   0   7 209   0   0],7,264,[0. 0.],[0. 0.],Glow Plugs,130749846,1763324813,2001
1763324813244875693,[  0   0   0   0   7 209   0   0],7,264,[0. 0.],[0. 0.],Glow Plugs,244148039,1763324813,2001
1763324813336877484,[  0   0   0   0   7 209   0   0],7,264,[0. 0.],[0. 0.],Glow Plugs,336430889,1763324813,2001
1763324813440866575,[  0   0   0   0   7 209   0   0],7,264,[0. 0.],[0. 0.],Glow Plugs,439575364,1763324813,2001
1763324813532891374,[  0   0   0   0   7 209   0   0],7,264,[0. 0.],[0. 0.],Glow Plugs,532238345,1763324813,2001
1763324813645379032,[  0   0   0   0   7 209   0   0],7,264,[0. 0.],[0. 0.],Glow Plugs,644989397,1763324813,2001
1763324813739303783,[  0   0   0   0   7 209   0   0],7,264,[0. 0.],[0. 0.],Glow Plugs,738990148,1763324813,2001
1763324813885586763,[  0   0   0   0   7 209   0   0],7,264,[0. 0.],[0. 0.],Glow Plugs,884860421,1763324813,2001
1763324813960949791,[  0   0   0   0   7 209   0   0],7,264,[0. 0.],[0. 0.],Glow Plugs,957809061,1763324813,2001
1763324814040570231,[  0   0   0   0   7 209   0   0],7,264,[0. 0.],[0. 0.],Glow Plugs,40098963,1763324814,2001
1763324814132358357,[  0   0   0   0   7 209   0   0],7,264,[0. 0.],[0. 0.],Glow Plugs,131924145,1763324814,2001
1763324814246672527,[  0   0   0   0   7 209   0   0],7,264,[0. 0.],[0. 0.],Glow Plugs,246168459,1763324814,2001
1763324814340573471,[  0   0   0   0   7 209   0   0],7,264,[0. 0.],[0. 0.],Glow Plugs,340076859,1763324814,2001
1763324814443752540,[  0   0   0   0   7 209   0   0],7,264,[0. 0.],[0. 0.],Glow Plugs,442547858,1763324814,2001
1763324814535702107,[  0   0   0   0   7 209   0   0],7,264,[0. 0.],[0. 0.],Glow Plugs,535230327,1763324814,2001
1763324814650910653,[  0   0   0   0   7 209   0   0],7,264,[0. 0.],[0. 0.],Glow Plugs,650735675,1763324814,2001
1763324814734479862,[  0   0   0   0   7 209   0   0],7,264,[0. 0.],[0. 0.],Glow Plugs,733502446,1763324814,2001
1763324814890669870,[  0   0   0   0   7 209   0   0],7,264,[0. 0.],[0. 0.],Glow Plugs,889917096,1763324814,2001
1763324814968376791,[  0   0   0   0   7 209   0   0],7,264,[0. 0.],[0. 0.],Glow Plugs,965094267,1763324814,2001
1763324815049294874,[  0   0   0   0   7 209   0   0],7,264,[0. 0.],[0. 0.],Glow Plugs,48488084,1763324815,2001
1763324815140689142,[  0   0   0   0   7 209   0   0],7,264,[0. 0.],[0. 0.],Glow Plugs,140453844,1763324815,2001
1763324815244266871,[  0   0   0   0   7 209   0   0],7,264,[0. 0.],[0. 0.],Glow Plugs,243813364,1763324815,2001
1763324815338186696,[  0   0   0   0   7 209   0   0],7,264,[0. 0.],[0. 0.],Glow Plugs,337489346,1763324815,2001
1763324815453828399,[  0   0   0   0   7 209   0   0],7,264,[0. 0.],[0. 0.],Glow Plugs,453358539,1763324815,2001
1763324815537537450,[  0   0   0   0   7 209   0   0],7,264,[0. 0.],[0. 0.],Glow Plugs,536898949,1763324815,2001
1763324815650129783,[  0   0   0   0   7 209   0   0],7,264,[0. 0.],[0. 0.],Glow Plugs,649963477,1763324815,2001
1763324815743720613,[  0   0   0   0   7 209   0   0],7,264,[0. 0.],[0. 0.],Glow Plugs,743379362,1763324815,2001
1763324815890753201,[  0   0   0   0   7 209   0   0],7,264,[0. 0.],[0. 0.],Glow Plugs,889849674,1763324815,2001
1763324815963164590,[  0   0   0   0   7 209   0   0],7,264,[0. 0.],[0. 0.],Glow Plugs,962784299,1763324815,2001
1763324816046765257,[  0   0   0   0   7 209   0   0],7,264,[0. 0.],[0. 0.],Glow Plugs,46091620,1763324816,2001
1763324816138932012,[  0   0   0   0   7 209   0   0],7,264,[0. 0.],[0. 0.],Glow Plugs,138725835,1763324816,2001
1763324816249714475,[  0   0   0   0   7 209   0   0],7,264,[0. 0.],[0. 0.],Glow Plugs,248221023,1763324816,2001
1763324816340803493,[  0   0   0   0   7 209   0   0],7,264,[0. 0.],[0. 0.],Glow Plugs,340605027,1763324816,2001
1763324816455157986,[  0   0   0   0   7 209   0   0],7,264,[0. 0.],[0. 0.],Glow Plugs,454316027,1763324816,2001
1763324816546589567,[  0   0   0   0   7 209   0   0],7,264,[0. 0.],[0. 0.],Glow Plugs,546404701,1763324816,2001
1763324816652196338,[  0   0   0   0   7 209   0   0],7,264,[0. 0.],[0. 0.],Glow Plugs,650385155,1763324816,2001
1763324816743345741,[  0   0   0   0   7 209   0   0],7,264,[0. 0.],[0. 0.],Glow Plugs,742948457,1763324816,2001
1763324816899972779,[  0   0   0   0   7 209   0   0],7,264,[0. 0.],[0. 0.],Glow Plugs,899350630,1763324816,2001
1763324816973229264,[  0   0   0   0   7 209   0   0],7,264,[0. 0.],[0. 0.],Glow Plugs,971885572,1763324816,2001
1763324817056227399,[  0   0   0   0   7 209   0   0],7,264,[0. 0.],[0. 0.],Glow Plugs,55036189,1763324817,2001
1763324817149773718,[  0   0   0   0   7 209   0   0],7,264,[0. 0.],[0. 0.],Glow Plugs,149549364,1763324817,2001
1763324817253088151,[  0   0   0   0   7 209   0   0],7,264,[0. 0.],[0. 0.],Glow Plugs,252420946,1763324817,2001
1763324817346330500,[  0   0   0   0   7 209   0   0],7,264,[0. 0.],[0. 0.],Glow Plugs,346102370,1763324817,2001
1763324817451578678,[  0   0   0   0   7 209   0   0],7,264,[0. 0.],[0. 0.],Glow Plugs,451025105,1763324817,2001
1763324817544373023,[  0   0   0   0   7 209   0   0],7,264,[0. 0.],[0. 0.],Glow Plugs,543846042,1763324817,2001
1763324817657274768,[  0   0   0   0   7 209   0   0],7,264,[0. 0.],[0. 0.],Glow Plugs,657079407,1763324817,2001
1763324817742599515,[  0   0   0   0   7 209   0   0],7,264,[0. 0.],[0. 0.],Glow Plugs,742032438,1763324817,2001
1763324817896285026,[  0   0   0   0   7 209   0   0],7,264,[0. 0.],[0. 0.],Glow Plugs,895526876,1763324817,2001
1763324817972724450,[  0   0   0   0   7 209   0   0],7,264,[0. 0.],[0. 0.],Glow Plugs,972429888,1763324817,2001
1763324818055797467,[  0   0   0   0   7 209   0   0],7,264,[0. 0.],[0. 0.],Glow Plugs,55556505,1763324818,2001
1763324818149558157,[  0   0   0   0   7 209   0   0],7,264,[0. 0.],[0. 0.],Glow Plugs,148678213,1763324818,2001
1763324818260171884,[  0   0   0   0   7 209   0   0],7,264,[0. 0.],[0. 0.],Glow Plugs,259615112,1763324818,2001
1763324818353081431,[  0   0   0   0   7 209   0   0],7,264,[0. 0.],[0. 0.],Glow Plugs,352647124,1763324818,2001
1763324818457710309,[  0   0   0   0   7 209   0   0],7,264,[0. 0.],[0. 0.],Glow Plugs,457228416,1763324818,2001
1763324818549688712,[  0   0   0   0   7 209   0   0],7,264,[0. 0.],[0. 0.],Glow Plugs,549226884,1763324818,2001
1763324818663863813,[  0   0   0   0   7 209   0   0],7,264,[0. 0.],[0. 0.],Glow Plugs,662907773,1763324818,2001
1763324818746340985,[  0   0   0   0   7 209   0   0],7,264,[0. 0.],[0. 0.],Glow Plugs,745745652,1763324818,2001
1763324818903724768,[  0   0   0   0   7 209   0   0],7,264,[0. 0.],[0. 0.],Glow Plugs,903306237,1763324818,2001
1763324818978865174,[  0   0   0   0   7 209   0   0],7,264,[0. 0.],[0. 0.],Glow Plugs,978029839,1763324818,2001
1763324819060250881,[  0   0   0   0   7 209   0   0],7,264,[0. 0.],[0. 0.],Glow Plugs,59615132,1763324819,2001
1763324819153194061,[  0   0   0   0   7 209   0   0],7,264,[0. 0.],[0. 0.],Glow Plugs,152623273,1763324819,2001
1763324819267657038,[  0   0   0   0   7 209   0   0],7,264,[0. 0.],[0. 0.],Glow Plugs,267308491,1763324819,2001
1763324819350072770,[  0   0   0   0   7 209   0   0],7,264,[0. 0.],[0. 0.],Glow Plugs,349575838,1763324819,2001
1763324819465494731,[  0   0   0   0   7 209   0   0],7,264,[0. 0.],[0. 0.],Glow Plugs,465037575,1763324819,2001
1763324819548869831,[  0   0   0   0   7 209   0   0],7,264,[0. 0.],[0. 0.],Glow Plugs,548257666,1763324819,2001
1763324819661762555,[  0   0   0   0   7 209   0   0],7,264,[0. 0.],[0. 0.],Glow Plugs,661092853,1763324819,2001
1763324819755093514,[  0   0   0   0   7 209   0   0],7,264,[0. 0.],[0. 0.],Glow Plugs,752944120,1763324819,2001
1763324819910278081,[  0   0   0   0   7 209   0   0],7,264,[0. 0.],[0. 0.],Glow Plugs,909503962,1763324819,2001
1763324819981749113,[  0   0   0   0   7 209   0   0],7,264,[0. 0.],[0. 0.],Glow Plugs,981479318,1763324819,2001
1763324820068115694,[  0   0   0   0   7 209   0   0],7,264,[0. 0.],[0. 0.],Glow Plugs,67674123,1763324820,2001
1763324820150095007,[  0   0   0   0   7 209   0   0],7,264,[0. 0.],[0. 0.],Glow Plugs,149407545,1763324820,2001
1763324820263629081,[  0   0   0   0   7 209   0   0],7,264,[0. 0.],[0. 0.],Glow Plugs,263077013,1763324820,2001
1763324820356406853,[  0   0   0   0   7 209   0   0],7,264,[0. 0.],[0. 0.],Glow Plugs,355872545,1763324820,2001
1763324820469559388,[  0   0   0   0   7 209   0   0],7,264,[0. 0.],[0. 0.],Glow Plugs,468748373,1763324820,2001
1763324820552459509,[  0   0   0   0   7 209   0   0],7,264,[0. 0.],[0. 0.],Glow Plugs,552141106,1763324820,2001
1763324820664849957,[  0   0   0   0   7 209   0   0],7,264,[0. 0.],[0. 0.],Glow Plugs,664369505,1763324820,2001
1763324820756876331,[  0   0   0   0   7 209   0   0],7,264,[0. 0.],[0. 0.],Glow Plugs,756469511,1763324820,2001
1763324820914309814,[  0   0   0   0   7 209   0   0],7,264,[0. 0.],[0. 0.],Glow Plugs,913942067,1763324820,2001
1763324820988793704,[  0   0   0   0   7 209   0   0],7,264,[0. 0.],[0. 0.],Glow Plugs,987757791,1763324820,2001
1763324821071351710,[  0   0   0   0   7 209   0   0],7,264,[0. 0.],[0. 0.],Glow Plugs,70845850,1763324821,2001
1763324821155075039,[  0   0   0   0   7 209   0   0],7,264,[0. 0.],[0. 0.],Glow Plugs,154042966,1763324821,2001
1763324821269306080,[  0   0   0   0   7 209   0   0],7,264,[0. 0.],[0. 0.],Glow Plugs,268785179,1763324821,2001
1763324821360850562,[  0   0   0   0   7 209   0   0],7,264,[0. 0.],[0. 0.],Glow Plugs,360269245,1763324821,2001
1763324821475547367,[  0   0   0   0   7 209   0   0],7,264,[0. 0.],[0. 0.],Glow Plugs,474907041,1763324821,2001
1763324821560487153,[  0   0   0   0   7 209   0   0],7,264,[0. 0.],[0. 0.],Glow Plugs,559593258,1763324821,2001
1763324821673250054,[  0   0   0   0   7 209   0   0],7,264,[0. 0.],[0. 0.],Glow Plugs,672420415,1763324821,2001
1763324821755133783,[  0   0   0   0   7 209   0   0],7,264,[0. 0.],[0. 0.],Glow Plugs,754500690,1763324821,2001
1763324821910131215,[  0   0   0   0   7 209   0   0],7,264,[0. 0.],[0. 0.],Glow Plugs,909592747,1763324821,2001
1763324821984270015,[  0   0   0   0   7 209   0   0],7,264,[0. 0.],[0. 0.],Glow Plugs,983623162,1763324821,2001
1763324822079251295,[  0   0   0   0   7 209   0   0],7,264,[0. 0.],[0. 0.],Glow Plugs,78897244,1763324822,2001
1763324822161556116,[  0   0   0   0   7 209   0   0],7,264,[0. 0.],[0. 0.],Glow Plugs,160848302,1763324822,2001
1763324822276064761,[  0   0   0   0   7 209   0   0],7,264,[0. 0.],[0. 0.],Glow Plugs,275658869,1763324822,2001
1763324822362329839,[  0   0   0   0   7 209   0   0],7,264,[0. 0.],[0. 0.],Glow Plugs,361726922,1763324822,2001
1763324822476157774,[  0   0   0   0   7 209   0   0],7,264,[0. 0.],[0. 0.],Glow Plugs,475324167,1763324822,2001
1763324822561040441,[  0   0   0   0   7 209   0   0],7,264,[0. 0.],[0. 0.],Glow Plugs,557429819,1763324822,2001
1763324822673875407,[  0   0   0   0   7 209   0   0],7,264,[0. 0.],[0. 0.],Glow Plugs,670793078,1763324822,2001
1763324822764056455,[  0   0   0   0   7 209   0   0],7,264,[0. 0.],[0. 0.],Glow Plugs,763044223,1763324822,2001
1763324822917705429,[  0   0   0   0   7 209   0   0],7,264,[0. 0.],[0. 0.],Glow Plugs,917450867,1763324822,2001
1763324822990668444,[  0   0   0   0   7 209   0   0],7,264,[0. 0.],[0. 0.],Glow Plugs,990286585,1763324822,2001
1763324823074494047,[  0   0   0   0   7 209   0   0],7,264,[0. 0.],[0. 0.],Glow Plugs,72797232,1763324823,2001
1763324823167407214,[  0   0   0   0   7 209   0   0],7,264,[0. 0.],[0. 0.],Glow Plugs,166789641,1763324823,2001
1763324823280034212,[  0   0   0   0   7 209   0   0],7,264,[0. 0.],[0. 0.],Glow Plugs,278949979,1763324823,2001
1763324823362492827,[  0   0   0   0   7 209   0   0],7,264,[0. 0.],[0. 0.],Glow Plugs,361425970,1763324823,2001
1763324823474876879,[  0   0   0   0   7 209   0   0],7,264,[0. 0.],[0. 0.],Glow Plugs,474225801,1763324823,2001
1763324823567087544,[  0   0   0   0   7 209   0   0],7,264,[0. 0.],[0. 0.],Glow Plugs,566465619,1763324823,2001
1763324823679604141,[  0   0   0   0   7 209   0   0],7,264,[0. 0.],[0. 0.],Glow Plugs,678888071,1763324823,2001
1763324823761927140,[  0   0   0   0   7 209   0   0],7,264,[0. 0.],[0. 0.],Glow Plugs,761097789,1763324823,2001
1763324823919085137,[  0   0   0   0   7 209   0   0],7,264,[0. 0.],[0. 0.],Glow Plugs,918094792,1763324823,2001
1763324823990818702,[  0   0   0   0   7 209   0   0],7,264,[0. 0.],[0. 0.],Glow Plugs,990228297,1763324823,2001
1763324824073255366,[  0   0   0   0   7 209   0   0],7,264,[0. 0.],[0. 0.],Glow Plugs,72640480,1763324824,2001
1763324824166589529,[  0   0   0   0   7 209   0   0],7,264,[0. 0.],[0. 0.],Glow Plugs,166046581,1763324824,2001
1763324824279652020,[  0   0   0   0   7 209   0   0],7,264,[0. 0.],[0. 0.],Glow Plugs,279338609,1763324824,2001
1763324824373785071,[  0   0   0   0   7 209   0   0],7,264,[0. 0.],[0. 0.],Glow Plugs,373181418,1763324824,2001
1763324824476977750,[  0   0   0   0   7 209   0   0],7,264,[0. 0.],[0. 0.],Glow Plugs,476547826,1763324824,2001
1763324824570366506,[  0   0   0   0   7 209   0   0],7,264,[0. 0.],[0. 0.],Glow Plugs,569884998,1763324824,2001
1763324824683570950,[  0   0   0   0   7 209   0   0],7,264,[0. 0.],[0. 0.],Glow Plugs,683118178,1763324824,2001
1763324824767173192,[  0   0   0   0   7 209   0   0],7,264,[0. 0.],[0. 0.],Glow Plugs,766568099,1763324824,2001
1763324824924313526,[  0   0   0   0   7 209   0   0],7,264,[0. 0.],[0. 0.],Glow Plugs,923419535,1763324824,2001
1763324824998500681,[  0   0   0   0   7 209   0   0],7,264,[0. 0.],[0. 0.],Glow Plugs,997095197,1763324824,2001
1763324825080455965,[  0   0   0   0   7 209   0   0],7,264,[0. 0.],[0. 0.],Glow Plugs,79180146,1763324825,2001
1763324825171837474,[  0   0   0   0   7 209   0   0],7,264,[0. 0.],[0. 0.],Glow Plugs,171571455,1763324825,2001
1763324825284511866,[  0   0   0   0   7 209   0   0],7,264,[0. 0.],[0. 0.],Glow Plugs,283913845,1763324825,2001
1763324825367678073,[  0   0   0   0   7 209   0   0],7,264,[0. 0.],[0. 0.],Glow Plugs,367114292,1763324825,2001
1763324825480455058,[  0   0   0   0   7 209   0   0],7,264,[0. 0.],[0. 0.],Glow Plugs,480051214,1763324825,2001
1763324825572979808,[  0   0   0   0   7 209   0   0],7,264,[0. 0.],[0. 0.],Glow Plugs,572684381,1763324825,2001
1763324825687299462,[  0   0   0   0   7 209   0   0],7,264,[0. 0.],[0. 0.],Glow Plugs,686987779,1763324825,2001
1763324825769149050,[  0   0   0   0   7 209   0   0],7,264,[0. 0.],[0. 0.],Glow Plugs,768952024,1763324825,2001
1763324825924406330,[  0   0   0   0   7 209   0   0],7,264,[0. 0.],[0. 0.],Glow Plugs,923836661,1763324825,2001
1763324825996311738,[  0   0   0   0   7 209   0   0],7,264,[0. 0.],[0. 0.],Glow Plugs,995913846,1763324825,2001
1763324826092503368,[  0   0   0   0   7 209   0   0],7,264,[0. 0.],[0. 0.],Glow Plugs,89462382,1763324826,2001
1763324826174046650,[  0   0   0   0   7 209   0   0],7,264,[0. 0.],[0. 0.],Glow Plugs,173213651,1763324826,2001
1763324826286356528,[  0   0   0   0   7 209   0   0],7,264,[0. 0.],[0. 0.],Glow Plugs,286053869,1763324826,2001
1763324826381627286,[  0   0   0   0   7 209   0   0],7,264,[0. 0.],[0. 0.],Glow Plugs,378883327,1763324826,2001
1763324826482564204,[  0   0   0   0   7 209   0   0],7,264,[0. 0.],[0. 0.],Glow Plugs,481616484,1763324826,2001
1763324826574101523,[  0   0   0   0   7 209   0   0],7,264,[0. 0.],[0. 0.],Glow Plugs,573900753,1763324826,2001
1763324826687185103,[  0   0   0   0   7 209   0   0],7,264,[0. 0.],[0. 0.],Glow Plugs,686742028,1763324826,2001
1763324826780464645,[  0   0   0   0   7 209   0   0],7,264,[0. 0.],[0. 0.],Glow Plugs,779799967,1763324826,2001
1763324826925840499,[  0   0   0   0   7 209   0   0],7,264,[0. 0.],[0. 0.],Glow Plugs,924921771,1763324826,2001
1763324826998688155,[  0   0   0   0   7 209   0   0],7,264,[0. 0.],[0. 0.],Glow Plugs,997931573,1763324826,2001
1763324827092354388,[  0   0   0   0   7 209   0   0],7,264,[0. 0.],[0. 0.],Glow Plugs,90529637,1763324827,2001
1763324827175798103,[  0   0   0   0   7 209   0   0],7,264,[0. 0.],[0. 0.],Glow Plugs,172492891,1763324827,2001
1763324827285364823,[  0   0   0   0   7 209   0   0],7,264,[0. 0.],[0. 0.],Glow Plugs,284793650,1763324827,2001
1763324827386677778,[  0   0   0   0   7 209   0   0],7,264,[0. 0.],[0. 0.],Glow Plugs,382640495,1763324827,2001
1763324827486333694,[  0   0   0   0   7 209   0   0],7,264,[0. 0.],[0. 0.],Glow Plugs,486150396,1763324827,2001
1763324827581384547,[  0   0   0   0   7 209   0   0],7,264,[0. 0.],[0. 0.],Glow Plugs,580975903,1763324827,2001
1763324827693437112,[  0   0   0   0   7 209   0   0],7,264,[0. 0.],[0. 0.],Glow Plugs,693238326,1763324827,2001
1763324827778538377,[  0   0   0   0   7 209   0   0],7,264,[0. 0.],[0. 0.],Glow Plugs,777596833,1763324827,2001
1763324827930878963,[  0   0   0   0   7 209   0   0],7,264,[0. 0.],[0. 0.],Glow Plugs,930457904,1763324827,2001
1763324828003419610,[  0   0   0   0   7 209   0   0],7,264,[0. 0.],[0. 0.],Glow Plugs,3192696,1763324828,2001
1763324828086505050,[  0   0   0   0   7 209   0   0],7,264,[0. 0.],[0. 0.],Glow Plugs,86057495,1763324828,2001
1763324828178845833,[  0   0   0   0   7 209   0   0],7,264,[0. 0.],[0. 0.],Glow Plugs,178578567,1763324828,2001
1763324828293693239,[  0   0   0   0   7 209   0   0],7,264,[0. 0.],[0. 0.],Glow Plugs,292788208,1763324828,2001
1763324828385940486,[  0   0   0   0   7 209   0   0],7,264,[0. 0.],[0. 0.],Glow Plugs,385609699,1763324828,2001
1763324828488027495,[  0   0   0   0   7 209   0   0],7,264,[0. 0.],[0. 0.],Glow Plugs,487318657,1763324828,2001
1763324828581429567,[  0   0   0   0   7 209   0   0],7,264,[0. 0.],[0. 0.],Glow Plugs,581046908,1763324828,2001
1763324828694488030,[  0   0   0   0   7 209   0   0],7,264,[0. 0.],[0. 0.],Glow Plugs,694143931,1763324828,2001
1763324828788793950,[  0   0   0   0   7 209   0   0],7,264,[0. 0.],[0. 0.],Glow Plugs,787881334,1763324828,2001
1763324828934963861,[  0   0   0   0   7 209   0   0],7,264,[0. 0.],[0. 0.],Glow Plugs,931195093,1763324828,2001
1763324829004798310,[  0   0   0   0   7 209   0   0],7,264,[0. 0.],[0. 0.],Glow Plugs,3599867,1763324829,2001
1763324829098224127,[  0   0   0   0   7 209   0   0],7,264,[0. 0.],[0. 0.],Glow Plugs,97020052,1763324829,2001
1763324829180494937,[  0   0   0   0   7 209   0   0],7,264,[0. 0.],[0. 0.],Glow Plugs,179728723,1763324829,2001
1763324829294603170,[  0   0   0   0   7 209   0   0],7,264,[0. 0.],[0. 0.],Glow Plugs,293994685,1763324829,2001
1763324829386597071,[  0   0   0   0   7 209   0   0],7,264,[0. 0.],[0. 0.],Glow Plugs,386216204,1763324829,2001
1763324829499619342,[  0   0   0   0   7 209   0   0],7,264,[0. 0.],[0. 0.],Glow Plugs,499271179,1763324829,2001
1763324829581652071,[  0   0   0   0   7 209   0   0],7,264,[0. 0.],[0. 0.],Glow Plugs,581156611,1763324829,2001
1763324829694353412,[  0   0   0   0   7 209   0   0],7,264,[0. 0.],[0. 0.],Glow Plugs,693977312,1763324829,2001
1763324829786368241,[  0   0   0   0   7 209   0   0],7,264,[0. 0.],[0. 0.],Glow Plugs,786143023,1763324829,2001
1763324829942961090,[  0   0   0   0   7 209   0   0],7,264,[0. 0.],[0. 0.],Glow Plugs,942195036,1763324829,2001
1763324830016427154,[  0   0   0   0   7 209   0   0],7,264,[0. 0.],[0. 0.],Glow Plugs,14813956,1763324830,2001
1763324830097289217,[  0   0   0   0   7 209   0   0],7,264,[0. 0.],[0. 0.],Glow Plugs,96934014,1763324830,2001
1763324830191211743,[  0   0   0   0   7 209   0   0],7,264,[0. 0.],[0. 0.],Glow Plugs,190579162,1763324830,2001
1763324830294302892,[  0   0   0   0   7 209   0   0],7,264,[0. 0.],[0. 0.],Glow Plugs,293775079,1763324830,2001
1763324830386119736,[  0   0   0   0   7 209   0   0],7,264,[0. 0.],[0. 0.],Glow Plugs,385839638,1763324830,2001
1763324830499258650,[  0   0   0   0   7 209   0   0],7,264,[0. 0.],[0. 0.],Glow Plugs,498813750,1763324830,2001
1763324830592621907,[  0   0   0   0   7 209   0   0],7,264,[0. 0.],[0. 0.],Glow Plugs,591565194,1763324830,2001
1763324830695010553,[  0   0   0   0   7 209   0   0],7,264,[0. 0.],[0. 0.],Glow Plugs,694762775,1763324830,2001
1763324830787645677,[  0   0   0   0   7 209   0   0],7,264,[0. 0.],[0. 0.],Glow Plugs,787106920,1763324830,2001
1763324830943545498,[  0   0   0   0   7 209   0   0],7,264,[0. 0.],[0. 0.],Glow Plugs,942927668,1763324830,2001
1763324831017858801,[  0   0   0   0   7 209   0   0],7,264,[0. 0.],[0. 0.],Glow Plugs,17321997,1763324831,2001
1763324831099516808,[  0   0   0   0   7 209   0   0],7,264,[0. 0.],[0. 0.],Glow Plugs,98165469,1763324831,2001
1763324831191396406,[  0   0   0   0   7 209   0   0],7,264,[0. 0.],[0. 0.],Glow Plugs,190835057,1763324831,2001
1763324831304304278,[  0   0   0   0   7 209   0   0],7,264,[0. 0.],[0. 0.],Glow Plugs,303997204,1763324831,2001
1763324831387303001,[  0   0   0   0   7 209   0   0],7,264,[0. 0.],[0. 0.],Glow Plugs,386642867,1763324831,2001
1763324831501671366,[  0   0   0   0   7 209   0   0],7,264,[0. 0.],[0. 0.],Glow Plugs,500456987,1763324831,2001
1763324831593280081,[  0   0   0   0   7 209   0   0],7,264,[0. 0.],[0. 0.],Glow Plugs,592550443,1763324831,2001
1763324831708160035,[  0   0   0   0   7 209   0   0],7,264,[0. 0.],[0. 0.],Glow Plugs,706493492,1763324831,2001
1763324831790213117,[  0   0   0   0   7 209   0   0],7,264,[0. 0.],[0. 0.],Glow Plugs,788692464,1763324831,2001
1763324831946827889,[  0   0   0   0   7 209   0   0],7,264,[0. 0.],[0. 0.],Glow Plugs,945569319,1763324831,2001
1763324832019895711,[  0   0   0   0   7 209   0   0],7,264,[0. 0.],[0. 0.],Glow Plugs,19532028,1763324832,2001
1763324832101768472,[  0   0   0   0   7 209   0   0],7,264,[0. 0.],[0. 0.],Glow Plugs,101074099,1763324832,2001
1763324832194731376,[  0   0   0   0   7 209   0   0],7,264,[0. 0.],[0. 0.],Glow Plugs,193176227,1763324832,2001
1763324832308782076,[  0   0   0   0   7 209   0   0],7,264,[0. 0.],[0. 0.],Glow Plugs,308110294,1763324832,2001
1763324832390657749,[  0   0   0   0   7 209   0   0],7,264,[0. 0.],[0. 0.],Glow Plugs,390144977,1763324832,2001
1763324832511038903,[  0   0   0   0   7 209   0   0],7,264,[0. 0.],[0. 0.],Glow Plugs,510483154,1763324832,2001
1763324832591832967,[  0   0   0   0   7 209   0   0],7,264,[0. 0.],[0. 0.],Glow Plugs,591530500,1763324832,2001
1763324832706542872,[  0   0   0   0   7 209   0   0],7,264,[0. 0.],[0. 0.],Glow Plugs,705445550,1763324832,2001
1763324832799228749,[  0   0   0   0   7 209   0   0],7,264,[0. 0.],[0. 0.],Glow Plugs,798024099,1763324832,2001
1763324832954084340,[  0   0   0   0   7 209   0   0],7,264,[0. 0.],[0. 0.],Glow Plugs,953556432,1763324832,2001
1763324833027566310,[  0   0   0   0   7 209   0   0],7,264,[0. 0.],[0. 0.],Glow Plugs,27188195,1763324833,2001
1763324833109652674,[  0   0   0   0   7 209   0   0],7,264,[0. 0.],[0. 0.],Glow Plugs,109270207,1763324833,2001
1763324833202123415,[  0   0   0   0   7 209   0   0],7,264,[0. 0.],[0. 0.],Glow Plugs,201475825,1763324833,2001
1763324833305829451,[  0   0   0   0   7 209   0   0],7,264,[0. 0.],[0. 0.],Glow Plugs,303995324,1763324833,2001
1763324833397656922,[  0   0   0   0   7 209   0   0],7,264,[0. 0.],[0. 0.],Glow Plugs,397235095,1763324833,2001
1763324833511525029,[  0   0   0   0   7 209   0   0],7,264,[0. 0.],[0. 0.],Glow Plugs,511196290,1763324833,2001
1763324833595903989,[  0   0   0   0   7 209   0   0],7,264,[0. 0.],[0. 0.],Glow Plugs,594938028,1763324833,2001
1763324833710964586,[  0   0   0   0   7 209   0   0],7,264,[0. 0.],[0. 0.],Glow Plugs,710140579,1763324833,2001
1763324833803377214,[  0   0   0   0   7 209   0   0],7,264,[0. 0.],[0. 0.],Glow Plugs,802376757,1763324833,2001
1763324833948208209,[  0   0   0   0   7 209   0   0],7,264,[0. 0.],[0. 0.],Glow Plugs,946802277,1763324833,2001
1763324834022178536,[  0   0   0   0   7 209   0   0],7,264,[0. 0.],[0. 0.],Glow Plugs,21269568,1763324834,2001
1763324834113335026,[  0   0   0   0   7 209   0   0],7,264,[0. 0.],[0. 0.],Glow Plugs,112343689,1763324834,2001
1763324834205463524,[  0   0   0   0   7 209   0   0],7,264,[0. 0.],[0. 0.],Glow Plugs,204701566,1763324834,2001
1763324834310013953,[  0   0   0   0   7 209   0   0],7,264,[0. 0.],[0. 0.],Glow Plugs,309313435,1763324834,2001
1763324834401394893,[  0   0   0   0   7 209   0   0],7,264,[0. 0.],[0. 0.],Glow Plugs,401024586,1763324834,2001
1763324834514350641,[  0   0   0   0   7 209   0   0],7,264,[0. 0.],[0. 0.],Glow Plugs,513943886,1763324834,2001
1763324834606976776,[  0   0   0   0   7 209   0   0],7,264,[0. 0.],[0. 0.],Glow Plugs,606304610,1763324834,2001
1763324834712490797,[  0   0   0   0   7 209   0   0],7,264,[0. 0.],[0. 0.],Glow Plugs,711461028,1763324834,2001
1763324834805542727,[  0   0   0   0   7 209   0   0],7,264,[0. 0.],[0. 0.],Glow Plugs,804771584,1763324834,2001
1763324834952226635,[  0   0   0   0   7 209   0   0],7,264,[0. 0.],[0. 0.],Glow Plugs,951703047,1763324834,2001
1763324835027531854,[  0   0   0   0   7 209   0   0],7,264,[0. 0.],[0. 0.],Glow Plugs,26749511,1763324835,2001
1763324835111432251,[  0   0   0   0   7 209   0   0],7,264,[0. 0.],[0. 0.],Glow Plugs,110787638,1763324835,2001
1763324835204724536,[  0   0   0   0   7 209   0   0],7,264,[0. 0.],[0. 0.],Glow Plugs,203644847,1763324835,2001
1763324835316983448,[  0   0   0   0   7 209   0   0],7,264,[0. 0.],[0. 0.],Glow Plugs,316708277,1763324835,2001
1763324835410056627,[  0   0   0   0   7 209   0   0],7,264,[0. 0.],[0. 0.],Glow Plugs,409404270,1763324835,2001
1763324835513537383,[  0   0   0   0   7 209   0   0],7,264,[0. 0.],[0. 0.],Glow Plugs,513299813,1763324835,2001
1763324835607149351,[  0   0   0   0   7 209   0   0],7,264,[0. 0.],[0. 0.],Glow Plugs,605996478,1763324835,2001
1763324835721924188,[  0   0   0   0   7 209   0   0],7,264,[0. 0.],[0. 0.],Glow Plugs,721217494,1763324835,2001
1763324835804409885,[  0   0   0   0   7 209   0   0],7,264,[0. 0.],[0. 0.],Glow Plugs,803812056,1763324835,2001
1763324835959007334,[  0   0   0   0   7 209   0   0],7,264,[0. 0.],[0. 0.],Glow Plugs,958477186,1763324835,2001
1763324836033646020,[  0   0   0   0   7 209   0   0],7,264,[0. 0.],[0. 0.],Glow Plugs,33175232,1763324836,2001
1763324836115782435,[  0   0   0   0   7 209   0   0],7,264,[0. 0.],[0. 0.],Glow Plugs,114882459,1763324836,2001
1763324836209539301,[  0   0   0   0   7 209   0   0],7,264,[0. 0.],[0. 0.],Glow Plugs,208607805,1763324836,2001
1763324836324768351,[  0   0   0   0   7 209   0   0],7,264,[0. 0.],[0. 0.],Glow Plugs,323123121,1763324836,2001
1763324836406948894,[  0   0   0   0   7 209   0   0],7,264,[0. 0.],[0. 0.],Glow Plugs,405679699,1763324836,2001
1763324836519110686,[  0   0   0   0   7 209   0   0],7,264,[0. 0.],[0. 0.],Glow Plugs,518890588,1763324836,2001
1763324836611752438,[  0   0   0   0   7 209   0   0],7,264,[0. 0.],[0. 0.],Glow Plugs,611586965,1763324836,2001
1763324836715688367,[  0   0   0   0   7 209   0   0],7,264,[0. 0.],[0. 0.],Glow Plugs,715028426,1763324836,2001
1763324836808157798,[  0   0   0   0   7 209   0   0],7,264,[0. 0.],[0. 0.],Glow Plugs,807654178,1763324836,2001
1763324836967728284,[  0   0   0   0   7 209   0   0],7,264,[0. 0.],[0. 0.],Glow Plugs,967229463,1763324836,2001
1763324837039897253,[  0   0   0   0   7 209   0   0],7,264,[0. 0.],[0. 0.],Glow Plugs,39381473,1763324837,2001
1763324837122282279,[  0   0   0   0   7 209   0   0],7,264,[0. 0.],[0. 0.],Glow Plugs,121979972,1763324837,2001
1763324837214845632,[  0   0   0   0   7 209   0   0],7,264,[0. 0.],[0. 0.],Glow Plugs,214418460,1763324837,2001
1763324837319099932,[  0   0   0   0   7 209   0   0],7,264,[0. 0.],[0. 0.],Glow Plugs,318323062,1763324837,2001
1763324837411340082,[  0   0   0   0   7 209   0   0],7,264,[0. 0.],[0. 0.],Glow Plugs,410991375,1763324837,2001
1763324837523037135,[  0   0   0   0   7 209   0   0],7,264,[0. 0.],[0. 0.],Glow Plugs,522443978,1763324837,2001
1763324837616566544,[  0   0   0   0   7 209   0   0],7,264,[0. 0.],[0. 0.],Glow Plugs,615694761,1763324837,2001
1763324837718968349,[  0   0   0   0   7 209   0   0],7,264,[0. 0.],[0. 0.],Glow Plugs,718169398,1763324837,2001
1763324837813717609,[  0   0   0   0   7 209   0   0],7,264,[0. 0.],[0. 0.],Glow Plugs,812387325,1763324837,2001
1763324837966813736,[  0   0   0   0   7 209   0   0],7,264,[0. 0.],[0. 0.],Glow Plugs,966533285,1763324837,2001
1763324838040257661,[  0   0   0   0   7 209   0   0],7,264,[0. 0.],[0. 0.],Glow Plugs,39124691,1763324838,2001
1763324838124383758,[  0   0   0   0   7 209   0   0],7,264,[0. 0.],[0. 0.],Glow Plugs,123814057,1763324838,2001
1763324838216568645,[  0   0   0   0   7 209   0   0],7,264,[0. 0.],[0. 0.],Glow Plugs,215812862,1763324838,2001
1763324838329152490,[  0   0   0   0   7 209   0   0],7,264,[0. 0.],[0. 0.],Glow Plugs,328546213,1763324838,2001
1763324838411662541,[  0   0   0   0   7 209   0   0],7,264,[0. 0.],[0. 0.],Glow Plugs,411374027,1763324838,2001
1763324838525231867,[  0   0   0   0   7 209   0   0],7,264,[0. 0.],[0. 0.],Glow Plugs,525010233,1763324838,2001
1763324838618579291,[  0   0   0   0   7 209   0   0],7,264,[0. 0.],[0. 0.],Glow Plugs,617959638,1763324838,2001
1763324838720910825,[  0   0   0   0   7 209   0   0],7,264,[0. 0.],[0. 0.],Glow Plugs,720526629,1763324838,2001
1763324838814146152,[  0   0   0   0   7 209   0   0],7,264,[0. 0.],[0. 0.],Glow Plugs,813919430,1763324838,2001
1763324838970658086,[  0   0   0   0   7 209   0   0],7,264,[0. 0.],[0. 0.],Glow Plugs,968162097,1763324838,2001
1763324839041469413,[  0   0   0   0   7 209   0   0],7,264,[0. 0.],[0. 0.],Glow Plugs,40477597,1763324839,2001
1763324839123510918,[  0   0   0   0   7 209   0   0],7,264,[0. 0.],[0. 0.],Glow Plugs,122950561,1763324839,2001
1763324839216146561,[  0   0   0   0   7 209   0   0],7,264,[0. 0.],[0. 0.],Glow Plugs,215497467,1763324839,2001
1763324839329576398,[  0   0   0   0   7 209   0   0],7,264,[0. 0.],[0. 0.],Glow Plugs,329144491,1763324839,2001
1763324839421646916,[  0   0   0   0   7 209   0   0],7,264,[0. 0.],[0. 0.],Glow Plugs,421328034,1763324839,2001
1763324839526690122,[  0   0   0   0   7 209   0   0],7,264,[0. 0.],[0. 0.],Glow Plugs,526148101,1763324839,2001
1763324839619516743,[  0   0   0   0   7 209   0   0],7,264,[0. 0.],[0. 0.],Glow Plugs,619157380,1763324839,2001
1763324839734979046,[  0   0   0   0   7 209   0   0],7,264,[0. 0.],[0. 0.],Glow Plugs,734126526,1763324839,2001
1763324839815069813,[  0   0   0   0   7 209   0   0],7,264,[0. 0.],[0. 0.],Glow Plugs,814671666,1763324839,2001
1763324839972615837,[  0   0   0   0   7 209   0   0],7,264,[0. 0.],[0. 0.],Glow Plugs,971918391,1763324839,2001
1763324840045044363,[  0   0   0   0   7 209   0   0],7,264,[0. 0.],[0. 0.],Glow Plugs,44664360,1763324840,2001
1763324840127315118,[  0   0   0   0   7 209   0   0],7,264,[0. 0.],[0. 0.],Glow Plugs,126961067,1763324840,2001
1763324840223170214,[  0   0   0   0   7 209   0   0],7,264,[0. 0.],[0. 0.],Glow Plugs,220693777,1763324840,2001
1763324840334206816,[  0   0   0   0   7 209   0   0],7,264,[0. 0.],[0. 0.],Glow Plugs,333092182,1763324840,2001
1763324840426305975,[  0   0   0   0   7 209   0   0],7,264,[0. 0.],[0. 0.],Glow Plugs,426049717,1763324840,2001
1763324840528703751,[  0   0   0   0   7 209   0   0],7,264,[0. 0.],[0. 0.],Glow Plugs,528213475,1763324840,2001
1763324840624279004,[  0   0   0   0   7 209   0   0],7,264,[0. 0.],[0. 0.],Glow Plugs,621943336,1763324840,2001
1763324840736317375,[  0   0   0   0   7 209   0   0],7,264,[0. 0.],[0. 0.],Glow Plugs,733811433,1763324840,2001
1763324840828245493,[  0   0   0   0   7 209   0   0],7,264,[0. 0.],[0. 0.],Glow Plugs,826892073,1763324840,2001
1763324840971177889,[  0   0   0   0   7 209   0   0],7,264,[0. 0.],[0. 0.],Glow Plugs,970357434,1763324840,2001
1763324841044223989,[  0   0   0   0   7 209   0   0],7,264,[0. 0.],[0. 0.],Glow Plugs,43862578,1763324841,2001
1763324841136599631,[  0   0   0   0   7 209   0   0],7,264,[0. 0.],[0. 0.],Glow Plugs,136352141,1763324841,2001
1763324841219337975,[  0   0   0   0   7 209   0   0],7,264,[0. 0.],[0. 0.],Glow Plugs,218779570,1763324841,2001
1763324841333769391,[  0   0   0   0   7 209   0   0],7,264,[0. 0.],[0. 0.],Glow Plugs,333172170,1763324841,2001
1763324841427183475,[  0   0   0   0   7 209   0   0],7,264,[0. 0.],[0. 0.],Glow Plugs,425828135,1763324841,2001
1763324841539520377,[  0   0   0   0   7 209   0   0],7,264,[0. 0.],[0. 0.],Glow Plugs,538858003,1763324841,2001
1763324841622728389,[  0   0   0   0   7 209   0   0],7,264,[0. 0.],[0. 0.],Glow Plugs,622208064,1763324841,2001
1763324841734053826,[  0   0   0   0   7 209   0   0],7,264,[0. 0.],[0. 0.],Glow Plugs,733729631,1763324841,2001
1763324841826728351,[  0   0   0   0   7 209   0   0],7,264,[0. 0.],[0. 0.],Glow Plugs,826087322,1763324841,2001
1763324841980660235,[  0   0   0   0   7 209   0   0],7,264,[0. 0.],[0. 0.],Glow Plugs,980213672,1763324841,2001
1763324842053498558,[  0   0   0   0   7 209   0   0],7,264,[0. 0.],[0. 0.],Glow Plugs,52448597,1763324842,2001
1763324842138930014,[  0   0   0   0   7 209   0   0],7,264,[0. 0.],[0. 0.],Glow Plugs,137814580,1763324842,2001
1763324842229849773,[  0   0   0   0   7 209   0   0],7,264,[0. 0.],[0. 0.],Glow Plugs,228921029,1763324842,2001
1763324842342395734,[  0   0   0   0   7 209   0   0],7,264,[0. 0.],[0. 0.],Glow Plugs,341430894,1763324842,2001
1763324842424699451,[  0   0   0   0   7 209   0   0],7,264,[0. 0.],[0. 0.],Glow Plugs,424237943,1763324842,2001
1763324842537986954,[  0   0   0   0   7 209   0   0],7,264,[0. 0.],[0. 0.],Glow Plugs,537685991,1763324842,2001
1763324842631545008,[  0   0   0   0   7 209   0   0],7,264,[0. 0.],[0. 0.],Glow Plugs,631004715,1763324842,2001
1763324842744473180,[  0   0   0   0   7 209   0   0],7,264,[0. 0.],[0. 0.],Glow Plugs,744284986,1763324842,2001
1763324842830580513,[  0   0   0   0   7 209   0   0],7,264,[0. 0.],[0. 0.],Glow Plugs,827042723,1763324842,2001
1763324842981740119,[  0   0   0   0   7 209   0   0],7,264,[0. 0.],[0. 0.],Glow Plugs,981188690,1763324842,2001
1763324843055597619,[  0   0   0   0   7 209   0   0],7,264,[0. 0.],[0. 0.],Glow Plugs,54636715,1763324843,2001
1763324843137461077,[  0   0   0   0   7 209   0   0],7,264,[0. 0.],[0. 0.],Glow Plugs,136801775,1763324843,2001
1763324843230720057,[  0   0   0   0   7 209   0   0],7,264,[0. 0.],[0. 0.],Glow Plugs,229977587,1763324843,2001
1763324843343618790,[  0   0   0   0   7 209   0   0],7,264,[0. 0.],[0. 0.],Glow Plugs,342547133,1763324843,2001
1763324843434996250,[  0   0   0   0   7 209   0   0],7,264,[0. 0.],[0. 0.],Glow Plugs,434469397,1763324843,2001
1763324843539580447,[  0   0   0   0   7 209   0   0],7,264,[0. 0.],[0. 0.],Glow Plugs,538651159,1763324843,2001
1763324843633352072,[  0   0   0   0   7 209   0   0],7,264,[0. 0.],[0. 0.],Glow Plugs,633076933,1763324843,2001
1763324843738225328,[  0   0   0   0   7 209   0   0],7,264,[0. 0.],[0. 0.],Glow Plugs,737735435,1763324843,2001
1763324843831355986,[  0   0   0   0   7 209   0   0],7,264,[0. 0.],[0. 0.],Glow Plugs,830670540,1763324843,2001
1763324843987475124,[  0   0   0   0   7 209   0   0],7,264,[0. 0.],[0. 0.],Glow Plugs,986975856,1763324843,2001
1763324844062910111,[  0   0   0   0   7 209   0   0],7,264,[0. 0.],[0. 0.],Glow Plugs,61049007,1763324844,2001
1763324844145281350,[  0   0   0   0   7 209   0   0],7,264,[0. 0.],[0. 0.],Glow Plugs,144443774,1763324844,2001
1763324844239977143,[  0   0   0   0   7 209   0   0],7,264,[0. 0.],[0. 0.],Glow Plugs,239085999,1763324844,2001
1763324844342017959,[  0   0   0   0   7 209   0   0],7,264,[0. 0.],[0. 0.],Glow Plugs,341554915,1763324844,2001
1763324844434231203,[  0   0   0   0   7 209   0   0],7,264,[0. 0.],[0. 0.],Glow Plugs,433993185,1763324844,2001
1763324844548025881,[  0   0   0   0   7 209   0   0],7,264,[0. 0.],[0. 0.],Glow Plugs,547102449,1763324844,2001
1763324844641613760,[  0   0   0   0   7 209   0   0],7,264,[0. 0.],[0. 0.],Glow Plugs,641222557,1763324844,2001
1763324844741998723,[  0   0   0   0   7 209   0   0],7,264,[0. 0.],[0. 0.],Glow Plugs,741668832,1763324844,2001
1763324844834859236,[  0   0   0   0   7 209   0   0],7,264,[0. 0.],[0. 0.],Glow Plugs,834456864,1763324844,2001
1763324844990965255,[  0   0   0   0   7 209   0   0],7,264,[0. 0.],[0. 0.],Glow Plugs,990651172,1763324844,2001
1763324845062957333,[  0   0   0   0   7 209   0   0],7,264,[0. 0.],[0. 0.],Glow Plugs,62746419,1763324845,2001
1763324845149664226,[  0   0   0   0   7 209   0   0],7,264,[0. 0.],[0. 0.],Glow Plugs,149177405,1763324845,2001
1763324845247286829,[  0   0   0   0   7 209   0   0],7,264,[0. 0.],[0. 0.],Glow Plugs,241686108,1763324845,2001
1763324845347416558,[  0   0   0   0   7 209   0   0],7,264,[0. 0.],[0. 0.],Glow Plugs,346175843,1763324845,2001
1763324845439612554,[  0   0   0   0   7 209   0   0],7,264,[0. 0.],[0. 0.],Glow Plugs,439024453,1763324845,2001
1763324845552770012,[  0   0   0   0   7 209   0   0],7,264,[0. 0.],[0. 0.],Glow Plugs,551840148,1763324845,2001
1763324845634416925,[  0   0   0   0   7 209   0   0],7,264,[0. 0.],[0. 0.],Glow Plugs,633896280,1763324845,2001
1763324845746738727,[  0   0   0   0   7 209   0   0],7,264,[0. 0.],[0. 0.],Glow Plugs,746410116,1763324845,2001
1763324845838956868,[  0   0   0   0   7 209   0   0],7,264,[0. 0.],[0. 0.],Glow Plugs,838546848,1763324845,2001
1763324845994535908,[  0   0   0   0   7 209   0   0],7,264,[0. 0.],[0. 0.],Glow Plugs,994211457,1763324845,2001
1763324846067887486,[  0   0   0   0   7 209   0   0],7,264,[0. 0.],[0. 0.],Glow Plugs,66832661,1763324846,2001
1763324846150284870,[  0   0   0   0   7 209   0   0],7,264,[0. 0.],[0. 0.],Glow Plugs,149716481,1763324846,2001
1763324846241862878,[  0   0   0   0   7 209   0   0],7,264,[0. 0.],[0. 0.],Glow Plugs,241568476,1763324846,2001
1763324846346065763,[  0   0   0   0   7 209   0   0],7,264,[0. 0.],[0. 0.],Glow Plugs,345731136,1763324846,2001
1763324846438927366,[  0   0   0   0   7 209   0   0],7,264,[0. 0.],[0. 0.],Glow Plugs,438715204,1763324846,2001
1763324846551848951,[  0   0   0   0   7 209   0   0],7,264,[0. 0.],[0. 0.],Glow Plugs,551384499,1763324846,2001
1763324846643580656,[  0   0   0   0   7 209   0   0],7,264,[0. 0.],[0. 0.],Glow Plugs,643267309,1763324846,2001
1763324846756847203,[  0   0   0   0   7 209   0   0],7,264,[0. 0.],[0. 0.],Glow Plugs,756351743,1763324846,2001
1763324846838791272,[  0   0   0   0   7 209   0   0],7,264,[0. 0.],[0. 0.],Glow Plugs,838440517,1763324846,2001
1763324846995178480,[  0   0   0   0   7 209   0   0],7,264,[0. 0.],[0. 0.],Glow Plugs,993985606,1763324846,2001
1763324847067069438,[  0   0   0   0   7 209   0   0],7,264,[0. 0.],[0. 0.],Glow Plugs,66537914,1763324847,2001
1763324847151094454,[  0   0   0   0   7 209   0   0],7,264,[0. 0.],[0. 0.],Glow Plugs,149988620,1763324847,2001
1763324847242606670,[  0   0   0   0   7 209   0   0],7,264,[0. 0.],[0. 0.],Glow Plugs,242282411,1763324847,2001
1763324847356275750,[  0   0   0   0   7 209   0   0],7,264,[0. 0.],[0. 0.],Glow Plugs,355719233,1763324847,2001
1763324847448779207,[  0   0   0   0   7 209   0   0],7,264,[0. 0.],[0. 0.],Glow Plugs,448397923,1763324847,2001
1763324847552685834,[  0   0   0   0   7 209   0   0],7,264,[0. 0.],[0. 0.],Glow Plugs,552416104,1763324847,2001
1763324847644651846,[  0   0   0   0   7 209   0   0],7,264,[0. 0.],[0. 0.],Glow Plugs,644271331,1763324847,2001
1763324847760948277,[  0   0   0   0   7 209   0   0],7,264,[0. 0.],[0. 0.],Glow Plugs,760714483,1763324847,2001
1763324847843890019,[  0   0   0   0   7 209   0   0],7,264,[0. 0.],[0. 0.],Glow Plugs,843216861,1763324847,2001
1763324848001979259,[  0   0   0   0   7 209   0   0],7,264,[0. 0.],[0. 0.],Glow Plugs,1215605,1763324848,2001
1763324848074390319,[  0   0   0   0   7 209   0   0],7,264,[0. 0.],[0. 0.],Glow Plugs,73653928,1763324848,2001
1763324848156836185,[  0   0   0   0   7 209   0   0],7,264,[0. 0.],[0. 0.],Glow Plugs,156388117,1763324848,2001
1763324848251850000,[  0   0   0   0   7 209   0   0],7,264,[0. 0.],[0. 0.],Glow Plugs,251200107,1763324848,2001
1763324848356952799,[  0   0   0   0   7 209   0   0],7,264,[0. 0.],[0. 0.],Glow Plugs,356482235,1763324848,2001
1763324848449432000,[  0   0   0   0   7 209   0   0],7,264,[0. 0.],[0. 0.],Glow Plugs,448930812,1763324848,2001
1763324848564758024,[  0   0   0   0   7 209   0   0],7,264,[0. 0.],[0. 0.],Glow Plugs,564251363,1763324848,2001
1763324848649223780,[  0   0   0   0   7 209   0   0],7,264,[0. 0.],[0. 0.],Glow Plugs,648256155,1763324848,2001
1763324848761400912,[  0   0   0   0   7 209   0   0],7,264,[0. 0.],[0. 0.],Glow Plugs,760988300,1763324848,2001
1763324848855038459,[  0   0   0   0   7 209   0   0],7,264,[0. 0.],[0. 0.],Glow Plugs,853881137,1763324848,2001
1763324849000454471,[  0   0   0   0   7 209   0   0],7,264,[0. 0.],[0. 0.],Glow Plugs,188261,1763324849,2001
1763324849072586393,[  0   0   0   0   7 209   0   0],7,264,[0. 0.],[0. 0.],Glow Plugs,72378775,1763324849,2001
1763324849164907354,[  0   0   0   0   7 209   0   0],7,264,[0. 0.],[0. 0.],Glow Plugs,164682296,1763324849,2001
1763324849246647711,[  0   0   0   0   7 209   0   0],7,264,[0. 0.],[0. 0.],Glow Plugs,246481085,1763324849,2001
1763324849360656828,[  0   0   0   0   7 209   0   0],7,264,[0. 0.],[0. 0.],Glow Plugs,360437722,1763324849,2001
1763324849453284831,[  0   0   0   0   7 209   0   0],7,264,[0. 0.],[0. 0.],Glow Plugs,452879452,1763324849,2001
1763324849556830145,[  0   0   0   0   7 209   0   0],7,264,[0. 0.],[0. 0.],Glow Plugs,556611424,1763324849,2001
1763324849651644312,[  0   0   0   0   7 209   0   0],7,264,[0. 0.],[0. 0.],Glow Plugs,651254645,1763324849,2001
1763324849765771990,[  0   0   0   0   7 209   0   0],7,264,[0. 0.],[0. 0.],Glow Plugs,764739821,1763324849,2001
1763324849848132224,[  0   0   0   0   7 209   0   0],7,264,[0. 0.],[0. 0.],Glow Plugs,846775157,1763324849,2001
1763324850001450674,[  0   0   0   0   7 209   0   0],7,264,[0. 0.],[0. 0.],Glow Plugs,785772,1763324850,2001
1763324850075556022,[  0   0   0   0   7 209   0   0],7,264,[0. 0.],[0. 0.],Glow Plugs,74747119,1763324850,2001
1763324850168474813,[  0   0   0   0   7 209   0   0],7,264,[0. 0.],[0. 0.],Glow Plugs,167602165,1763324850,2001
1763324850252929690,[  0   0   0   0   7 209   0   0],7,264,[0. 0.],[0. 0.],Glow Plugs,252214100,1763324850,2001
1763324850366574485,[  0   0   0   0   7 209   0   0],7,264,[0. 0.],[0. 0.],Glow Plugs,366292338,1763324850,2001
1763324850458698837,[  0   0   0   0   7 209   0   0],7,264,[0. 0.],[0. 0.],Glow Plugs,458487955,1763324850,2001
1763324850563177664,[  0   0   0   0   7 209   0   0],7,264,[0. 0.],[0. 0.],Glow Plugs,562897022,1763324850,2001
1763324850656428074,[  0   0   0   0   7 209   0   0],7,264,[0. 0.],[0. 0.],Glow Plugs,655265184,1763324850,2001
1763324850769554272,[  0   0   0   0   7 209   0   0],7,264,[0. 0.],[0. 0.],Glow Plugs,769307998,1763324850,2001
1763324850852201294,[  0   0   0   0   7 209   0   0],7,264,[0. 0.],[0. 0.],Glow Plugs,851321926,1763324850,2001
1763324851009669669,[  0   0   0   0   7 209   0   0],7,264,[0. 0.],[0. 0.],Glow Plugs,9035296,1763324851,2001
1763324851081774680,[  0   0   0   0   7 209   0   0],7,264,[0. 0.],[0. 0.],Glow Plugs,81601846,1763324851,2001
1763324851166434392,[  0   0   0   0   7 209   0   0],7,264,[0. 0.],[0. 0.],Glow Plugs,165612273,1763324851,2001
1763324851259297951,[  0   0   0   0   7 209   0   0],7,264,[0. 0.],[0. 0.],Glow Plugs,258836123,1763324851,2001
1763324851372835706,[  0   0   0   0   7 209   0   0],7,264,[0. 0.],[0. 0.],Glow Plugs,371824305,1763324851,2001
1763324851454487232,[  0   0   0   0   7 209   0   0],7,264,[0. 0.],[0. 0.],Glow Plugs,453918107,1763324851,2001
1763324851567133907,[  0   0   0   0   7 209   0   0],7,264,[0. 0.],[0. 0.],Glow Plugs,566501133,1763324851,2001
1763324851660050075,[  0   0   0   0   7 209   0   0],7,264,[0. 0.],[0. 0.],Glow Plugs,659233619,1763324851,2001
1763324851773203730,[  0   0   0   0   7 209   0   0],7,264,[0. 0.],[0. 0.],Glow Plugs,772894607,1763324851,2001
1763324851855378652,[  0   0   0   0   7 209   0   0],7,264,[0. 0.],[0. 0.],Glow Plugs,855070842,1763324851,2001
1763324852010966565,[  0   0   0   0   7 209   0   0],7,264,[0. 0.],[0. 0.],Glow Plugs,10698275,1763324852,2001
1763324852082950455,[  0   0   0   0   7 209   0   0],7,264,[0. 0.],[0. 0.],Glow Plugs,82714581,1763324852,2001
1763324852166715216,[  0   0   0   0   7 209   0   0],7,264,[0. 0.],[0. 0.],Glow Plugs,166113931,1763324852,2001
1763324852259731930,[  0   0   0   0   7 209   0   0],7,264,[0. 0.],[0. 0.],Glow Plugs,259306070,1763324852,2001
1763324852372991859,[  0   0   0   0   7 209   0   0],7,264,[0. 0.],[0. 0.],Glow Plugs,372744561,1763324852,2001
1763324852456002245,[  0   0   0   0   7 209   0   0],7,264,[0. 0.],[0. 0.],Glow Plugs,455610754,1763324852,2001
1763324852569012573,[  0   0   0   0   7 209   0   0],7,264,[0. 0.],[0. 0.],Glow Plugs,568495640,1763324852,2001
1763324852662221512,[  0   0   0   0   7 209   0   0],7,264,[0. 0.],[0. 0.],Glow Plugs,661978246,1763324852,2001
1763324852777507571,[  0   0   0   0   7 209   0   0],7,264,[0. 0.],[0. 0.],Glow Plugs,776887150,1763324852,2001
1763324852861482606,[  0   0   0   0   7 209   0   0],7,264,[0. 0.],[0. 0.],Glow Plugs,860446885,1763324852,2001
1763324853017497595,[  0   0   0   0   7 209   0   0],7,264,[0. 0.],[0. 0.],Glow Plugs,16907446,1763324853,2001
1763324853089755281,[  0   0   0   0   7 209   0   0],7,264,[0. 0.],[0. 0.],Glow Plugs,89420174,1763324853,2001
1763324853172516514,[  0   0   0   0   7 209   0   0],7,264,[0. 0.],[0. 0.],Glow Plugs,172139358,1763324853,2001
1763324853265089576,[  0   0   0   0   7 209   0   0],7,264,[0. 0.],[0. 0.],Glow Plugs,264675748,1763324853,2001
1763324853379077609,[  0   0   0   0   7 209   0   0],7,264,[0. 0.],[0. 0.],Glow Plugs,378161057,1763324853,2001
1763324853462696993,[  0   0   0   0   7 209   0   0],7,264,[0. 0.],[0. 0.],Glow Plugs,462041660,1763324853,2001
1763324853574802066,[  0   0   0   0   7 209   0   0],7,264,[0. 0.],[0. 0.],Glow Plugs,574336078,1763324853,2001
1763324853666700306,[  0   0   0   0   7 209   0   0],7,264,[0. 0.],[0. 0.],Glow Plugs,666309135,1763324853,2001
1763324853771783302,[  0   0   0   0   7 209   0   0],7,264,[0. 0.],[0. 0.],Glow Plugs,770453402,1763324853,2001
1763324853863906056,[  0   0   0   0   7 209   0   0],7,264,[0. 0.],[0. 0.],Glow Plugs,863138593,1763324853,2001
1763324854018476107,[  0   0   0   0   7 209   0   0],7,264,[0. 0.],[0. 0.],Glow Plugs,18291273,1763324854,2001
1763324854090792929,[  0   0   0   0   7 209   0   0],7,264,[0. 0.],[0. 0.],Glow Plugs,90615168,1763324854,2001
1763324854173391089,[  0   0   0   0   7 209   0   0],7,264,[0. 0.],[0. 0.],Glow Plugs,172808748,1763324854,2001
1763324854265929176,[  0   0   0   0   7 209   0   0],7,264,[0. 0.],[0. 0.],Glow Plugs,265377491,1763324854,2001
1763324854379590391,[  0   0   0   0   7 209   0   0],7,264,[0. 0.],[0. 0.],Glow Plugs,378228203,1763324854,2001
1763324854473409705,[  0   0   0   0   7 209   0   0],7,264,[0. 0.],[0. 0.],Glow Plugs,470105069,1763324854,2001
1763324854574209464,[  0   0   0   0   7 209   0   0],7,264,[0. 0.],[0. 0.],Glow Plugs,572913581,1763324854,2001
1763324854666596126,[  0   0   0   0   7 209   0   0],7,264,[0. 0.],[0. 0.],Glow Plugs,664998512,1763324854,2001
1763324854778559246,[  0   0   0   0   7 209   0   0],7,264,[0. 0.],[0. 0.],Glow Plugs,778334476,1763324854,2001
1763324854871191638,[  0   0   0   0   7 209   0   0],7,264,[0. 0.],[0. 0.],Glow Plugs,870676497,1763324854,2001
1763324855016297351,[  0   0   0   0   7 209   0   0],7,264,[0. 0.],[0. 0.],Glow Plugs,15762307,1763324855,2001
1763324855089213028,[  0   0   0   0   7 209   0   0],7,264,[0. 0.],[0. 0.],Glow Plugs,88270971,1763324855,2001
1763324855181700651,[  0   0   0   0   7 209   0   0],7,264,[0. 0.],[0. 0.],Glow Plugs,181399592,1763324855,2001
1763324855276806601,[  0   0   0   0   7 209   0   0],7,264,[0. 0.],[0. 0.],Glow Plugs,274718999,1763324855,2001
1763324855380078606,[  0   0   0   0   7 209   0   0],7,264,[0. 0.],[0. 0.],Glow Plugs,378739043,1763324855,2001
1763324855472402932,[  0   0   0   0   7 209   0   0],7,264,[0. 0.],[0. 0.],Glow Plugs,471524973,1763324855,2001
1763324855585127500,[  0   0   0   0   7 209   0   0],7,264,[0. 0.],[0. 0.],Glow Plugs,584614536,1763324855,2001
1763324855668711238,[  0   0   0   0   7 209   0   0],7,264,[0. 0.],[0. 0.],Glow Plugs,668325858,1763324855,2001
1763324855782869706,[  0   0   0   0   7 209   0   0],7,264,[0. 0.],[0. 0.],Glow Plugs,782646184,1763324855,2001
1763324855875063759,[  0   0   0   0   7 209   0   0],7,264,[0. 0.],[0. 0.],Glow Plugs,874466794,1763324855,2001
1763324856021920305,[  0   0   0   0   7 209   0   0],7,264,[0. 0.],[0. 0.],Glow Plugs,21637774,1763324856,2001
1763324856094826670,[  0   0   0   0   7 209   0   0],7,264,[0. 0.],[0. 0.],Glow Plugs,94457099,1763324856,2001
1763324856188613633,[  0   0   0   0   7 209   0   0],7,264,[0. 0.],[0. 0.],Glow Plugs,187921723,1763324856,2001
1763324856270756271,[  0   0   0   0   7 209   0   0],7,264,[0. 0.],[0. 0.],Glow Plugs,270494029,1763324856,2001
1763324856384260399,[  0   0   0   0   7 209   0   0],7,264,[0. 0.],[0. 0.],Glow Plugs,384073741,1763324856,2001
1763324856477084538,[  0   0   0   0   7 209   0   0],7,264,[0. 0.],[0. 0.],Glow Plugs,476601046,1763324856,2001
1763324856581990126,[  0   0   0   0   7 209   0   0],7,264,[0. 0.],[0. 0.],Glow Plugs,581662476,1763324856,2001
1763324856676975724,[  0   0   0   0   7 209   0   0],7,264,[0. 0.],[0. 0.],Glow Plugs,675844962,1763324856,2001
1763324856788253561,[  0   0   0   0   7 209   0   0],7,264,[0. 0.],[0. 0.],Glow Plugs,787998934,1763324856,2001
1763324856871914516,[  0   0   0   0   7 209   0   0],7,264,[0. 0.],[0. 0.],Glow Plugs,871616881,1763324856,2001
1763324857028903983,[  0   0   0   0   7 209   0   0],7,264,[0. 0.],[0. 0.],Glow Plugs,27719589,1763324857,2001
1763324857101942350,[  0   0   0   0   7 209   0   0],7,264,[0. 0.],[0. 0.],Glow Plugs,101261768,1763324857,2001
1763324857184249342,[  0   0   0   0   7 209   0   0],7,264,[0. 0.],[0. 0.],Glow Plugs,183843099,1763324857,2001
1763324857278538359,[  0   0   0   0   7 209   0   0],7,264,[0. 0.],[0. 0.],Glow Plugs,276789864,1763324857,2001
1763324857390648811,[  0   0   0   0   7 209   0   0],7,264,[0. 0.],[0. 0.],Glow Plugs,390195527,1763324857,2001
1763324857473318943,[  0   0   0   0   7 209   0   0],7,264,[0. 0.],[0. 0.],Glow Plugs,472563288,1763324857,2001
1763324857590817314,[  0   0   0   0   7 209   0   0],7,264,[0. 0.],[0. 0.],Glow Plugs,586699774,1763324857,2001
1763324857682231170,[  0   0   0   0   7 209   0   0],7,264,[0. 0.],[0. 0.],Glow Plugs,681912191,1763324857,2001
1763324857785233191,[  0   0   0   0   7 209   0   0],7,264,[0. 0.],[0. 0.],Glow Plugs,784971588,1763324857,2001
1763324857879213885,[  0   0   0   0   7 209   0   0],7,264,[0. 0.],[0. 0.],Glow Plugs,877379533,1763324857,2001
1763324858034098504,[  0   0   0   0   7 209   0   0],7,264,[0. 0.],[0. 0.],Glow Plugs,33727300,1763324858,2001
1763324858107865165,[  0   0   0   0   7 209   0   0],7,264,[0. 0.],[0. 0.],Glow Plugs,107431338,1763324858,2001
1763324858190782691,[  0   0   0   0   7 209   0   0],7,264,[0. 0.],[0. 0.],Glow Plugs,188658129,1763324858,2001
1763324858275165062,[  0   0   0   0   7 209   0   0],7,264,[0. 0.],[0. 0.],Glow Plugs,274683170,1763324858,2001
1763324858388145571,[  0   0   0   0   7 209   0   0],7,264,[0. 0.],[0. 0.],Glow Plugs,387496126,1763324858,2001
1763324858484807122,[  0   0   0   0   7 209   0   0],7,264,[0. 0.],[0. 0.],Glow Plugs,482770336,1763324858,2001
1763324858598788024,[  0   0   0   0   7 209   0   0],7,264,[0. 0.],[0. 0.],Glow Plugs,597131465,1763324858,2001
1763324858681351722,[  0   0   0   0   7 209   0   0],7,264,[0. 0.],[0. 0.],Glow Plugs,680179072,1763324858,2001
1763324858794842828,[  0   0   0   0   7 209   0   0],7,264,[0. 0.],[0. 0.],Glow Plugs,794290823,1763324858,2001
1763324858876740857,[  0   0   0   0   7 209   0   0],7,264,[0. 0.],[0. 0.],Glow Plugs,876300373,1763324858,2001
1763324859033283668,[  0   0   0   0   7 209   0   0],7,264,[0. 0.],[0. 0.],Glow Plugs,31501060,1763324859,2001
1763324859107598367,[  0   0   0   0   7 209   0   0],7,264,[0. 0.],[0. 0.],Glow Plugs,106473685,1763324859,2001
1763324859190531574,[  0   0   0   0   7 209   0   0],7,264,[0. 0.],[0. 0.],Glow Plugs,189928433,1763324859,2001
1763324859284401613,[  0   0   0   0   7 209   0   0],7,264,[0. 0.],[0. 0.],Glow Plugs,283877448,1763324859,2001
1763324859397059624,[  0   0   0   0   7 209   0   0],7,264,[0. 0.],[0. 0.],Glow Plugs,396552772,1763324859,2001
1763324859479568891,[  0   0   0   0   7 209   0   0],7,264,[0. 0.],[0. 0.],Glow Plugs,478921558,1763324859,2001
1763324859593888805,[  0   0   0   0   7 209   0   0],7,264,[0. 0.],[0. 0.],Glow Plugs,592221015,1763324859,2001
1763324859685152229,[  0   0   0   0   7 209   0   0],7,264,[0. 0.],[0. 0.],Glow Plugs,684372862,1763324859,2001
1763324859798060899,[  0   0   0   0   7 209   0   0],7,264,[0. 0.],[0. 0.],Glow Plugs,797310236,1763324859,2001
1763324859890205290,[  0   0   0   0   7 209   0   0],7,264,[0. 0.],[0. 0.],Glow Plugs,889619013,1763324859,2001
1763324860035780934,[  0   0   0   0   7 209   0   0],7,264,[0. 0.],[0. 0.],Glow Plugs,34944415,1763324860,2001
1763324860107770462,[  0   0   0   0   7 209   0   0],7,264,[0. 0.],[0. 0.],Glow Plugs,107202329,1763324860,2001
1763324860202136314,[  0   0   0   0   7 209   0   0],7,264,[0. 0.],[0. 0.],Glow Plugs,201670518,1763324860,2001
1763324860284764335,[  0   0   0   0   7 209   0   0],7,264,[0. 0.],[0. 0.],Glow Plugs,284392715,1763324860,2001
1763324860398519733,[  0   0   0   0   7 209   0   0],7,264,[0. 0.],[0. 0.],Glow Plugs,398094417,1763324860,2001
1763324860491741478,[  0   0   0   0   7 209   0   0],7,264,[0. 0.],[0. 0.],Glow Plugs,491365091,1763324860,2001
1763324860597114595,[  0   0   0   0   7 209   0   0],7,264,[0. 0.],[0. 0.],Glow Plugs,596188091,1763324860,2001
1763324860688460516,[  0   0   0   0   7 209   0   0],7,264,[0. 0.],[0. 0.],Glow Plugs,687675773,1763324860,2001
1763324860800888159,[  0   0   0   0   7 209   0   0],7,264,[0. 0.],[0. 0.],Glow Plugs,800567164,1763324860,2001
1763324860885092993,[  0   0   0   0   7 209   0   0],7,264,[0. 0.],[0. 0.],Glow Plugs,884827423,1763324860,2001
1763324861039364171,[  0   0   0   0   7 209   0   0],7,264,[0. 0.],[0. 0.],Glow Plugs,38941383,1763324861,2001
1763324861111778119,[  0   0   0   0   7 209   0   0],7,264,[0. 0.],[0. 0.],Glow Plugs,111437572,1763324861,2001
1763324861205210331,[  0   0   0   0   7 209   0   0],7,264,[0. 0.],[0. 0.],Glow Plugs,204724055,1763324861,2001
1763324861287838929,[  0   0   0   0   7 209   0   0],7,264,[0. 0.],[0. 0.],Glow Plugs,287606191,1763324861,2001
1763324861404406545,[  0   0   0   0   7 209   0   0],7,264,[0. 0.],[0. 0.],Glow Plugs,402087420,1763324861,2001
1763324861486103070,[  0   0   0   0   7 209   0   0],7,264,[0. 0.],[0. 0.],Glow Plugs,485503257,1763324861,2001
1763324861599051838,[  0   0   0   0   7 209   0   0],7,264,[0. 0.],[0. 0.],Glow Plugs,598401176,1763324861,2001
1763324861692926967,[  0   0   0   0   7 209   0   0],7,264,[0. 0.],[0. 0.],Glow Plugs,692107311,1763324861,2001
1763324861804973550,[  0   0   0   0   7 209   0   0],7,264,[0. 0.],[0. 0.],Glow Plugs,804174311,1763324861,2001
1763324861887743685,[  0   0   0   0   7 209   0   0],7,264,[0. 0.],[0. 0.],Glow Plugs,886126231,1763324861,2001
1763324862040994984,[  0   0   0   0   7 209   0   0],7,264,[0. 0.],[0. 0.],Glow Plugs,40774502,1763324862,2001
1763324862115283381,[  0   0   0   0   7 209   0   0],7,264,[0. 0.],[0. 0.],Glow Plugs,114961426,1763324862,2001
1763324862209089293,[  0   0   0   0   7 209   0   0],7,264,[0. 0.],[0. 0.],Glow Plugs,208298470,1763324862,2001
1763324862290617146,[  0   0   0   0   7 209   0   0],7,264,[0. 0.],[0. 0.],Glow Plugs,290099957,1763324862,2001
1763324862409225837,[  0   0   0   0   7 209   0   0],7,264,[0. 0.],[0. 0.],Glow Plugs,408670792,1763324862,2001
1763324862493467761,[  0   0   0   0   7 209   0   0],7,264,[0. 0.],[0. 0.],Glow Plugs,492522633,1763324862,2001
1763324862606549395,[  0   0   0   0   7 209   0   0],7,264,[0. 0.],[0. 0.],Glow Plugs,605296456,1763324862,2001
1763324862700276587,[  0   0   0   0   7 209   0   0],7,264,[0. 0.],[0. 0.],Glow Plugs,699704134,1763324862,2001
1763324862802399181,[  0   0   0   0   7 209   0   0],7,264,[0. 0.],[0. 0.],Glow Plugs,801820808,1763324862,2001
1763324862897299439,[  0   0   0   0   7 209   0   0],7,264,[0. 0.],[0. 0.],Glow Plugs,896965324,1763324862,2001
1763324863049913901,[  0   0   0   0   7 209   0   0],7,264,[0. 0.],[0. 0.],Glow Plugs,49491433,1763324863,2001
1763324863122301290,[  0   0   0   0   7 209   0   0],7,264,[0. 0.],[0. 0.],Glow Plugs,121774501,1763324863,2001
1763324863206006283,[  0   0   0   0   7 209   0   0],7,264,[0. 0.],[0. 0.],Glow Plugs,205229124,1763324863,2001
1763324863302435227,[  0   0   0   0   7 209   0   0],7,264,[0. 0.],[0. 0.],Glow Plugs,298150485,1763324863,2001
1763324863404741503,[  0   0   0   0   7 209   0   0],7,264,[0. 0.],[0. 0.],Glow Plugs,404346364,1763324863,2001
1763324863496589992,[  0   0   0   0   7 209   0   0],7,264,[0. 0.],[0. 0.],Glow Plugs,496143204,1763324863,2001
1763324863611252153,[  0   0   0   0   7 209   0   0],7,264,[0. 0.],[0. 0.],Glow Plugs,609406792,1763324863,2001
1763324863703616325,[  0   0   0   0   7 209   0   0],7,264,[0. 0.],[0. 0.],Glow Plugs,703259042,1763324863,2001
1763324863806905618,[  0   0   0   0   7 209   0   0],7,264,[0. 0.],[0. 0.],Glow Plugs,805945194,1763324863,2001
1763324863900030630,[  0   0   0   0   7 209   0   0],7,264,[0. 0.],[0. 0.],Glow Plugs,899528865,1763324863,2001
1763324864058311319,[  0   0   0   0   7 209   0   0],7,264,[0. 0.],[0. 0.],Glow Plugs,56115492,1763324864,2001
1763324864130455698,[  0   0   0   0   7 209   0   0],7,264,[0. 0.],[0. 0.],Glow Plugs,130294449,1763324864,2001
1763324864214278293,[  0   0   0   0   7 209   0   0],7,264,[0. 0.],[0. 0.],Glow Plugs,213987698,1763324864,2001
1763324864298024438,[  0   0   0   0   7 209   0   0],7,264,[0. 0.],[0. 0.],Glow Plugs,296619658,1763324864,2001
1763324864412125540,[  0   0   0   0   7 209   0   0],7,264,[0. 0.],[0. 0.],Glow Plugs,411561279,1763324864,2001
1763324864505260952,[  0   0   0   0   7 209   0   0],7,264,[0. 0.],[0. 0.],Glow Plugs,504645554,1763324864,2001
1763324864609602991,[  0   0   0   0   7 209   0   0],7,264,[0. 0.],[0. 0.],Glow Plugs,609329197,1763324864,2001
1763324864702513601,[  0   0   0   0   7 209   0   0],7,264,[0. 0.],[0. 0.],Glow Plugs,702078878,1763324864,2001
1763324864807255612,[  0   0   0   0   7 209   0   0],7,264,[0. 0.],[0. 0.],Glow Plugs,806478773,1763324864,2001
1763324864899715946,[  0   0   0   0   7 209   0   0],7,264,[0. 0.],[0. 0.],Glow Plugs,898959012,1763324864,2001
1763324865055122404,[  0   0   0   0   7 209   0   0],7,264,[0. 0.],[0. 0.],Glow Plugs,54656544,1763324865,2001
1763324865128077191,[  0   0   0   0   7 209   0   0],7,264,[0. 0.],[0. 0.],Glow Plugs,126895997,1763324865,2001
1763324865211629992,[  0   0   0   0   7 209   0   0],7,264,[0. 0.],[0. 0.],Glow Plugs,211361125,1763324865,2001
1763324865304854334,[  0   0   0   0   7 209   0   0],7,264,[0. 0.],[0. 0.],Glow Plugs,303839541,1763324865,2001
1763324865417067323,[  0   0   0   0   7 209   0   0],7,264,[0. 0.],[0. 0.],Glow Plugs,416800057,1763324865,2001
1763324865501392483,[  0   0   0   0   7 209   0   0],7,264,[0. 0.],[0. 0.],Glow Plugs,501139712,1763324865,2001
1763324865616451769,[  0   0   0   0   7 209   0   0],7,264,[0. 0.],[0. 0.],Glow Plugs,614840587,1763324865,2001
1763324865708672710,[  0   0   0   0   7 209   0   0],7,264,[0. 0.],[0. 0.],Glow Plugs,708396708,1763324865,2001
1763324865811117261,[  0   0   0   0   7 209   0   0],7,264,[0. 0.],[0. 0.],Glow Plugs,810898475,1763324865,2001
1763324865906427766,[  0   0   0   0   7 209   0   0],7,264,[0. 0.],[0. 0.],Glow Plugs,904930121,1763324865,2001
1763324866063886883,[  0   0   0   0   7 209   0   0],7,264,[0. 0.],[0. 0.],Glow Plugs,62720184,1763324866,2001
1763324866135347801,[  0   0   0   0   7 209   0   0],7,264,[0. 0.],[0. 0.],Glow Plugs,135190456,1763324866,2001
1763324866218672377,[  0   0   0   0   7 209   0   0],7,264,[0. 0.],[0. 0.],Glow Plugs,218089652,1763324866,2001
1763324866301888855,[  0   0   0   0   7 209   0   0],7,264,[0. 0.],[0. 0.],Glow Plugs,301646325,1763324866,2001
1763324866414895933,[  0   0   0   0   7 209   0   0],7,264,[0. 0.],[0. 0.],Glow Plugs,414715003,1763324866,2001
1763324866507496526,[  0   0   0   0   7 209   0   0],7,264,[0. 0.],[0. 0.],Glow Plugs,507263052,1763324866,2001
1763324866621106105,[  0   0   0   0   7 209   0   0],7,264,[0. 0.],[0. 0.],Glow Plugs,620201233,1763324866,2001
1763324866702112612,[  0   0   0   0   7 209   0   0],7,264,[0. 0.],[0. 0.],Glow Plugs,701812929,1763324866,2001
1763324866815231722,[  0   0   0   0   7 209   0   0],7,264,[0. 0.],[0. 0.],Glow Plugs,814355490,1763324866,2001
1763324866908453857,[  0   0   0   0   7 209   0   0],7,264,[0. 0.],[0. 0.],Glow Plugs,907131829,1763324866,2001
1763324867063595867,[  0   0   0   0   7 209   0   0],7,264,[0. 0.],[0. 0.],Glow Plugs,62078221,1763324867,2001
1763324867135759032,[  0   0   0   0   7 209   0   0],7,264,[0. 0.],[0. 0.],Glow Plugs,135056658,1763324867,2001
1763324867222591671,[  0   0   0   0   7 209   0   0],7,264,[0. 0.],[0. 0.],Glow Plugs,221057002,1763324867,2001
1763324867314430115,[  0   0   0   0   7 209   0   0],7,264,[0. 0.],[0. 0.],Glow Plugs,313549403,1763324867,2001
1763324867418453498,[  0   0   0   0   7 209   0   0],7,264,[0. 0.],[0. 0.],Glow Plugs,417608082,1763324867,2001
1763324867510987435,[  0   0   0   0   7 209   0   0],7,264,[0. 0.],[0. 0.],Glow Plugs,510232548,1763324867,2001
1763324867623264683,[  0   0   0   0   7 209   0   0],7,264,[0. 0.],[0. 0.],Glow Plugs,622703494,1763324867,2001
1763324867715273336,[  0   0   0   0   7 209   0   0],7,264,[0. 0.],[0. 0.],Glow Plugs,715039254,1763324867,2001
1763324867823365395,[  0   0   0   0   7 209   0   0],7,264,[0. 0.],[0. 0.],Glow Plugs,822925263,1763324867,2001
1763324867916485802,[  0   0   0   0   7 209   0   0],7,264,[0. 0.],[0. 0.],Glow Plugs,915798467,1763324867,2001
1763324868061503691,[  0   0   0   0   7 209   0   0],7,264,[0. 0.],[0. 0.],Glow Plugs,60605699,1763324868,2001
1763324868133356391,[  0   0   0   0   7 209   0   0],7,264,[0. 0.],[0. 0.],Glow Plugs,132788386,1763324868,2001
1763324868226880610,[  0   0   0   0   7 209   0   0],7,264,[0. 0.],[0. 0.],Glow Plugs,226299325,1763324868,2001
1763324868310652935,[  0   0   0   0   7 209   0   0],7,264,[0. 0.],[0. 0.],Glow Plugs,309729534,1763324868,2001
1763324868422413059,[  0   0   0   0   7 209   0   0],7,264,[0. 0.],[0. 0.],Glow Plugs,422060096,1763324868,2001
1763324868517423435,[  0   0   0   0   7 209   0   0],7,264,[0. 0.],[0. 0.],Glow Plugs,516840678,1763324868,2001
1763324868628412929,[  0   0   0   0   7 209   0   0],7,264,[0. 0.],[0. 0.],Glow Plugs,627581657,1763324868,2001
1763324868710826649,[  0   0   0   0   7 209   0   0],7,264,[0. 0.],[0. 0.],Glow Plugs,709882033,1763324868,2001
1763324868826107317,[  0   0   0   0   7 209   0   0],7,264,[0. 0.],[0. 0.],Glow Plugs,825499280,1763324868,2001
1763324868918262180,[  0   0   0   0   7 209   0   0],7,264,[0. 0.],[0. 0.],Glow Plugs,918031970,1763324868,2001
1763324869063796683,[  0   0   0   0   7 209   0   0],7,264,[0. 0.],[0. 0.],Glow Plugs,62823683,1763324869,2001
1763324869136376430,[  0   0   0   0   7 209   0   0],7,264,[0. 0.],[0. 0.],Glow Plugs,135248164,1763324869,2001
1763324869228551454,[  0   0   0   0   7 209   0   0],7,264,[0. 0.],[0. 0.],Glow Plugs,228031641,1763324869,2001
1763324869320789966,[  0   0   0   0   7 209   0   0],7,264,[0. 0.],[0. 0.],Glow Plugs,319920647,1763324869,2001
1763324869424421188,[  0   0   0   0   7 209   0   0],7,264,[0. 0.],[0. 0.],Glow Plugs,423505276,1763324869,2001
1763324869516649108,[  0   0   0   0   7 209   0   0],7,264,[0. 0.],[0. 0.],Glow Plugs,515577963,1763324869,2001
1763324869629706077,[  0   0   0   0   7 209   0   0],7,264,[0. 0.],[0. 0.],Glow Plugs,628631891,1763324869,2001
1763324869721743500,[  0   0   0   0   7 209   0   0],7,264,[0. 0.],[0. 0.],Glow Plugs,721529450,1763324869,2001
1763324869825586883,[  0   0   0   0   7 209   0   0],7,264,[0. 0.],[0. 0.],Glow Plugs,824915101,1763324869,2001
1763324869918769788,[  0   0   0   0   7 209   0   0],7,264,[0. 0.],[0. 0.],Glow Plugs,918374392,1763324869,2001
1763324870074452063,[  0   0   0   0   7 209   0   0],7,264,[0. 0.],[0. 0.],Glow Plugs,74147612,1763324870,2001
1763324870147270532,[  0   0   0   0   7 209   0   0],7,264,[0. 0.],[0. 0.],Glow Plugs,146447004,1763324870,2001
1763324870229608925,[  0   0   0   0   7 209   0   0],7,264,[0. 0.],[0. 0.],Glow Plugs,228748886,1763324870,2001
1763324870321714606,[  0   0   0   0   7 209   0   0],7,264,[0. 0.],[0. 0.],Glow Plugs,321179049,1763324870,2001
1763324870437622065,[  0   0   0   0   7 209   0   0],7,264,[0. 0.],[0. 0.],Glow Plugs,436951307,1763324870,2001
1763324870519266596,[  0   0   0   0   7 209   0   0],7,264,[0. 0.],[0. 0.],Glow Plugs,518963233,1763324870,2001
1763324870633434840,[  0   0   0   0   7 209   0   0],7,264,[0. 0.],[0. 0.],Glow Plugs,632918419,1763324870,2001
1763324870726529201,[  0   0   0   0   7 209   0   0],7,264,[0. 0.],[0. 0.],Glow Plugs,725911595,1763324870,2001
1763324870829935813,[  0   0   0   0   7 209   0   0],7,264,[0. 0.],[0. 0.],Glow Plugs,829120158,1763324870,2001
1763324870924326057,[  0   0   0   0   7 209   0   0],7,264,[0. 0.],[0. 0.],Glow Plugs,923676259,1763324870,2001
1763324871079017125,[  0   0   0   0   7 209   0   0],7,264,[0. 0.],[0. 0.],Glow Plugs,77921467,1763324871,2001
1763324871151343654,[  0   0   0   0   7 209   0   0],7,264,[0. 0.],[0. 0.],Glow Plugs,150276349,1763324871,2001
1763324871235370031,[  0   0   0   0   7 209   0   0],7,264,[0. 0.],[0. 0.],Glow Plugs,234887243,1763324871,2001
1763324871327287615,[  0   0   0   0   7 209   0   0],7,264,[0. 0.],[0. 0.],Glow Plugs,326560664,1763324871,2001
1763324871435774689,[  0   0   0   0   7 209   0   0],7,264,[0. 0.],[0. 0.],Glow Plugs,430779188,1763324871,2001
1763324871526245155,[  0   0   0   0   7 209   0   0],7,264,[0. 0.],[0. 0.],Glow Plugs,525450140,1763324871,2001
1763324871639099052,[  0   0   0   0   7 209   0   0],7,264,[0. 0.],[0. 0.],Glow Plugs,638757609,1763324871,2001
1763324871721164100,[  0   0   0   0   7 209   0   0],7,264,[0. 0.],[0. 0.],Glow Plugs,720487582,1763324871,2001
1763324871836141184,[  0   0   0   0   7 209   0   0],7,264,[0. 0.],[0. 0.],Glow Plugs,834663987,1763324871,2001
1763324871923219588,[  0   0   0   0   7 209   0   0],7,264,[0. 0.],[0. 0.],Glow Plugs,922692576,1763324871,2001
1763324872074690212,[  0   0   0   0   7 209   0   0],7,264,[0. 0.],[0. 0.],Glow Plugs,74398114,1763324872,2001
1763324872150754536,[  0   0   0   0   7 209   0   0],7,264,[0. 0.],[0. 0.],Glow Plugs,148315314,1763324872,2001
1763324872231305811,[  0   0   0   0   7 209   0   0],7,264,[0. 0.],[0. 0.],Glow Plugs,230935631,1763324872,2001
1763324872324827633,[  0   0   0   0   7 209   0   0],7,264,[0. 0.],[0. 0.],Glow Plugs,323899753,1763324872,2001
1763324872436836852,[  0   0   0   0   7 209   0   0],7,264,[0. 0.],[0. 0.],Glow Plugs,436613618,1763324872,2001
1763324872532127810,[  0   0   0   0   7 209   0   0],7,264,[0. 0.],[0. 0.],Glow Plugs,530729333,1763324872,2001
1763324872635714361,[  0   0   0   0   7 209   0   0],7,264,[0. 0.],[0. 0.],Glow Plugs,635154708,1763324872,2001
1763324872728976117,[  0   0   0   0   7 209   0   0],7,264,[0. 0.],[0. 0.],Glow Plugs,727697034,1763324872,2001
1763324872842356004,[  0   0   0   0   7 209   0   0],7,264,[0. 0.],[0. 0.],Glow Plugs,841935872,1763324872,2001
1763324872924906273,[  0   0   0   0   7 209   0   0],7,264,[0. 0.],[0. 0.],Glow Plugs,924201434,1763324872,2001
1763324873080144324,[  0   0   0   0   7 209   0   0],7,264,[0. 0.],[0. 0.],Glow Plugs,79464382,1763324873,2001
1763324873153275885,[  0   0   0   0   7 209   0   0],7,264,[0. 0.],[0. 0.],Glow Plugs,152421094,1763324873,2001
1763324873234875267,[  0   0   0   0   7 209   0   0],7,264,[0. 0.],[0. 0.],Glow Plugs,234361726,1763324873,2001
1763324873327531738,[  0   0   0   0   7 209   0   0],7,264,[0. 0.],[0. 0.],Glow Plugs,327313304,1763324873,2001
1763324873441473647,[  0   0   0   0   7 209   0   0],7,264,[0. 0.],[0. 0.],Glow Plugs,440911594,1763324873,2001
1763324873534098086,[  0   0   0   0   7 209   0   0],7,264,[0. 0.],[0. 0.],Glow Plugs,533421152,1763324873,2001
1763324873637930209,[  0   0   0   0   7 209   0   0],7,264,[0. 0.],[0. 0.],Glow Plugs,636920440,1763324873,2001
1763324873729317037,[  0   0   0   0   7 209   0   0],7,264,[0. 0.],[0. 0.],Glow Plugs,729077995,1763324873,2001
1763324873843333154,[  0   0   0   0   7 209   0   0],7,264,[0. 0.],[0. 0.],Glow Plugs,842523867,1763324873,2001
1763324873937319589,[  0   0   0   0   7 209   0   0],7,264,[0. 0.],[0. 0.],Glow Plugs,934779183,1763324873,2001
1763324874078953969,[  0   0   0   0   7 209   0   0],7,264,[0. 0.],[0. 0.],Glow Plugs,78505485,1763324874,2001
1763324874152122043,[  0   0   0   0   7 209   0   0],7,264,[0. 0.],[0. 0.],Glow Plugs,151721336,1763324874,2001
1763324874244505681,[  0   0   0   0   7 209   0   0],7,264,[0. 0.],[0. 0.],Glow Plugs,244211183,1763324874,2001
1763324874336849287,[  0   0   0   0   7 209   0   0],7,264,[0. 0.],[0. 0.],Glow Plugs,336665061,1763324874,2001
1763324874440963045,[  0   0   0   0   7 209   0   0],7,264,[0. 0.],[0. 0.],Glow Plugs,440229182,1763324874,2001
1763324874532970871,[  0   0   0   0   7 209   0   0],7,264,[0. 0.],[0. 0.],Glow Plugs,532295217,1763324874,2001
1763324874646256647,[  0   0   0   0   7 209   0   0],7,264,[0. 0.],[0. 0.],Glow Plugs,645356287,1763324874,2001
1763324874738160152,[  0   0   0   0   7 209   0   0],7,264,[0. 0.],[0. 0.],Glow Plugs,737958423,1763324874,2001
1763324874841643217,[  0   0   0   0   7 209   0   0],7,264,[0. 0.],[0. 0.],Glow Plugs,841441135,1763324874,2001
1763324874934287881,[  0   0   0   0   7 209   0   0],7,264,[0. 0.],[0. 0.],Glow Plugs,933763876,1763324874,2001
1763324875087881056,[  0   0   0   0   7 209   0   0],7,264,[0. 0.],[0. 0.],Glow Plugs,87537853,1763324875,2001
1763324875160630856,[  0   0   0   0   7 209   0   0],7,264,[0. 0.],[0. 0.],Glow Plugs,160117315,1763324875,2001
1763324875242984549,[  0   0   0   0   7 209   0   0],7,264,[0. 0.],[0. 0.],Glow Plugs,242649314,1763324875,2001
1763324875336237924,[  0   0   0   0   7 209   0   0],7,264,[0. 0.],[0. 0.],Glow Plugs,335352380,1763324875,2001
1763324875449343923,[  0   0   0   0   7 209   0   0],7,264,[0. 0.],[0. 0.],Glow Plugs,449001968,1763324875,2001
1763324875533229182,[  0   0   0   0   7 209   0   0],7,264,[0. 0.],[0. 0.],Glow Plugs,531896658,1763324875,2001
1763324875647141652,[  0   0   0   0   7 209   0   0],7,264,[0. 0.],[0. 0.],Glow Plugs,646151499,1763324875,2001
1763324875743519246,[  0   0   0   0   7 209   0   0],7,264,[0. 0.],[0. 0.],Glow Plugs,741905856,1763324875,2001
1763324875851849747,[  0   0   0   0   7 209   0   0],7,264,[0. 0.],[0. 0.],Glow Plugs,850941931,1763324875,2001
1763324875933355144,[  0   0   0   0   7 209   0   0],7,264,[0. 0.],[0. 0.],Glow Plugs,932690050,1763324875,2001
1763324876090933956,[  0   0   0   0   7 209   0   0],7,264,[0. 0.],[0. 0.],Glow Plugs,90491072,1763324876,2001
1763324876163911343,[  0   0   0   0   7 209   0   0],7,264,[0. 0.],[0. 0.],Glow Plugs,162827237,1763324876,2001
1763324876246058379,[  0   0   0   0   7 209   0   0],7,264,[0. 0.],[0. 0.],Glow Plugs,245632711,1763324876,2001
1763324876338245440,[  0   0   0   0   7 209   0   0],7,264,[0. 0.],[0. 0.],Glow Plugs,338075679,1763324876,2001
1763324876450874124,[  0   0   0   0   7 209   0   0],7,264,[0. 0.],[0. 0.],Glow Plugs,450548137,1763324876,2001
1763324876543698920,[  0   0   0   0   7 209   0   0],7,264,[0. 0.],[0. 0.],Glow Plugs,543106082,1763324876,2001
1763324876655183753,[  0   0   0   0   7 209   0   0],7,264,[0. 0.],[0. 0.],Glow Plugs,651280966,1763324876,2001
1763324876746501463,[  0   0   0   0   7 209   0   0],7,264,[0. 0.],[0. 0.],Glow Plugs,744380772,1763324876,2001
1763324876848792295,[  0   0   0   0   7 209   0   0],7,264,[0. 0.],[0. 0.],Glow Plugs,848478788,1763324876,2001
1763324876942165895,[  0   0   0   0   7 209   0   0],7,264,[0. 0.],[0. 0.],Glow Plugs,941619714,1763324876,2001
1763324877096886155,[  0   0   0   0   7 209   0   0],7,264,[0. 0.],[0. 0.],Glow Plugs,96469383,1763324877,2001
1763324877169020238,[  0   0   0   0   7 209   0   0],7,264,[0. 0.],[0. 0.],Glow Plugs,168677195,1763324877,2001
1763324877251568815,[  0   0   0   0   7 209   0   0],7,264,[0. 0.],[0. 0.],Glow Plugs,251322349,1763324877,2001
1763324877344080232,[  0   0   0   0   7 209   0   0],7,264,[0. 0.],[0. 0.],Glow Plugs,343763013,1763324877,2001
1763324877460809337,[  0   0   0   0   7 209   0   0],7,264,[0. 0.],[0. 0.],Glow Plugs,460412150,1763324877,2001
1763324877541790444,[  0   0   0   0   7 209   0   0],7,264,[0. 0.],[0. 0.],Glow Plugs,541281223,1763324877,2001
1763324877655451266,[  0   0   0   0   7 209   0   0],7,264,[0. 0.],[0. 0.],Glow Plugs,654910877,1763324877,2001
1763324877748980804,[  0   0   0   0   7 209   0   0],7,264,[0. 0.],[0. 0.],Glow Plugs,748678274,1763324877,2001
1763324877855019510,[  0   0   0   0   7 209   0   0],7,264,[0. 0.],[0. 0.],Glow Plugs,854786548,1763324877,2001
1763324877949838020,[  0   0   0   0   7 209   0   0],7,264,[0. 0.],[0. 0.],Glow Plugs,947355150,1763324877,2001
1763324878092393405,[  0   0   0   0   7 209   0   0],7,264,[0. 0.],[0. 0.],Glow Plugs,91610134,1763324878,2001
1763324878165389833,[  0   0   0   0   7 209   0   0],7,264,[0. 0.],[0. 0.],Glow Plugs,165074662,1763324878,2001
1763324878259311727,[  0   0   0   0   7 209   0   0],7,264,[0. 0.],[0. 0.],Glow Plugs,258658506,1763324878,2001
1763324878341540942,[  0   0   0   0   7 209   0   0],7,264,[0. 0.],[0. 0.],Glow Plugs,341215307,1763324878,2001
1763324878454521215,[  0   0   0   0   7 209   0   0],7,264,[0. 0.],[0. 0.],Glow Plugs,454062810,1763324878,2001
1763324878547089657,[  0   0   0   0   7 209   0   0],7,264,[0. 0.],[0. 0.],Glow Plugs,546522164,1763324878,2001
1763324878663246854,[  0   0   0   0   7 209   0   0],7,264,[0. 0.],[0. 0.],Glow Plugs,661537751,1763324878,2001
1763324878744733694,[  0   0   0   0   7 209   0   0],7,264,[0. 0.],[0. 0.],Glow Plugs,744087704,1763324878,2001
1763324878859146972,[  0   0   0   0   7 209   0   0],7,264,[0. 0.],[0. 0.],Glow Plugs,857401868,1763324878,2001
1763324878950551820,[  0   0   0   0   7 209   0   0],7,264,[0. 0.],[0. 0.],Glow Plugs,950272106,1763324878,2001
1763324879105521685,[  0   0   0   0   7 209   0   0],7,264,[0. 0.],[0. 0.],Glow Plugs,105057521,1763324879,2001
1763324879178370816,[  0   0   0   0   7 209   0   0],7,264,[0. 0.],[0. 0.],Glow Plugs,177903964,1763324879,2001
1763324879262968916,[  0   0   0   0   7 209   0   0],7,264,[0. 0.],[0. 0.],Glow Plugs,262539824,1763324879,2001
1763324879345901913,[  0   0   0   0   7 209   0   0],7,264,[0. 0.],[0. 0.],Glow Plugs,344780559,1763324879,2001
1763324879459025165,[  0   0   0   0   7 209   0   0],7,264,[0. 0.],[0. 0.],Glow Plugs,458530472,1763324879,2001
1763324879551810314,[  0   0   0   0   7 209   0   0],7,264,[0. 0.],[0. 0.],Glow Plugs,551380806,1763324879,2001
1763324879665202015,[  0   0   0   0   7 209   0   0],7,264,[0. 0.],[0. 0.],Glow Plugs,664786012,1763324879,2001
1763324879752150025,[  0   0   0   0   7 209   0   0],7,264,[0. 0.],[0. 0.],Glow Plugs,751222048,1763324879,2001
1763324879869238815,[  0   0   0   0   7 209   0   0],7,264,[0. 0.],[0. 0.],Glow Plugs,868490873,1763324879,2001
1763324879951656128,[  0   0   0   0   7 209   0   0],7,264,[0. 0.],[0. 0.],Glow Plugs,950776312,1763324879,2001
1763324880109478884,[  0   0   0   0   7 209   0   0],7,264,[0. 0.],[0. 0.],Glow Plugs,107477522,1763324880,2001
1763324880189759634,[  0   0   0   0   7 209   0   0],7,264,[0. 0.],[0. 0.],Glow Plugs,189159084,1763324880,2001
1763324880262542077,[  0   0   0   0   7 209   0   0],7,264,[0. 0.],[0. 0.],Glow Plugs,262171866,1763324880,2001
1763324880355034521,[  0   0   0   0   7 209   0   0],7,264,[0. 0.],[0. 0.],Glow Plugs,354358866,1763324880,2001
1763324880468062476,[  0   0   0   0   7 209   0   0],7,264,[0. 0.],[0. 0.],Glow Plugs,467831562,1763324880,2001
1763324880551759673,[  0   0   0   0   7 209   0   0],7,264,[0. 0.],[0. 0.],Glow Plugs,551254164,1763324880,2001
1763324880667603653,[  0   0   0   0   7 209   0   0],7,264,[0. 0.],[0. 0.],Glow Plugs,666529563,1763324880,2001
1763324880748902300,[  0   0   0   0   7 209   0   0],7,264,[0. 0.],[0. 0.],Glow Plugs,748650138,1763324880,2001
1763324880863902753,[  0   0   0   0   7 209   0   0],7,264,[0. 0.],[0. 0.],Glow Plugs,863102298,1763324880,2001
1763324880957775529,[  0   0   0   0   7 209   0   0],7,264,[0. 0.],[0. 0.],Glow Plugs,957211940,1763324880,2001
1763324881101561457,[  0   0   0   0   7 209   0   0],7,264,[0. 0.],[0. 0.],Glow Plugs,101231278,1763324881,2001
1763324881173804279,[  0   0   0   0   7 209   0   0],7,264,[0. 0.],[0. 0.],Glow Plugs,173486517,1763324881,2001
1763324881268306502,[  0   0   0   0   7 209   0   0],7,264,[0. 0.],[0. 0.],Glow Plugs,267516575,1763324881,2001
1763324881359263636,[  0   0   0   0   7 209   0   0],7,264,[0. 0.],[0. 0.],Glow Plugs,358986578,1763324881,2001
1763324881463254744,[  0   0   0   0   7 209   0   0],7,264,[0. 0.],[0. 0.],Glow Plugs,462964597,1763324881,2001
1763324881556687068,[  0   0   0   0   7 209   0   0],7,264,[0. 0.],[0. 0.],Glow Plugs,555978262,1763324881,2001
1763324881670181973,[  0   0   0   0   7 209   0   0],7,264,[0. 0.],[0. 0.],Glow Plugs,669354157,1763324881,2001
1763324881761563367,[  0   0   0   0   7 209   0   0],7,264,[0. 0.],[0. 0.],Glow Plugs,761243236,1763324881,2001
1763324881867721406,[  0   0   0   0   7 209   0   0],7,264,[0. 0.],[0. 0.],Glow Plugs,866624116,1763324881,2001
1763324881961123906,[  0   0   0   0   7 209   0   0],7,264,[0. 0.],[0. 0.],Glow Plugs,959910647,1763324881,2001
1763324882115366857,[  0   0   0   0   7 209   0   0],7,264,[0. 0.],[0. 0.],Glow Plugs,114578274,1763324882,2001
1763324882187510703,[  0   0   0   0   7 209   0   0],7,264,[0. 0.],[0. 0.],Glow Plugs,187037131,1763324882,2001
1763324882269870290,[  0   0   0   0   7 209   0   0],7,264,[0. 0.],[0. 0.],Glow Plugs,269391309,1763324882,2001
1763324882363185174,[  0   0   0   0   7 209   0   0],7,264,[0. 0.],[0. 0.],Glow Plugs,362334766,1763324882,2001
1763324882466019344,[  0   0   0   0   7 209   0   0],7,264,[0. 0.],[0. 0.],Glow Plugs,465595948,1763324882,2001
1763324882560584128,[  0   0   0   0   7 209   0   0],7,264,[0. 0.],[0. 0.],Glow Plugs,557801319,1763324882,2001
1763324882672780397,[  0   0   0   0   7 209   0   0],7,264,[0. 0.],[0. 0.],Glow Plugs,671650019,1763324882,2001
1763324882767214908,[  0   0   0   0   7 209   0   0],7,264,[0. 0.],[0. 0.],Glow Plugs,766424085,1763324882,2001
1763324882870694587,[  0   0   0   0   7 209   0   0],7,264,[0. 0.],[0. 0.],Glow Plugs,869674962,1763324882,2001
1763324882963532060,[  0   0   0   0   7 209   0   0],7,264,[0. 0.],[0. 0.],Glow Plugs,963129304,1763324882,2001
1763324883119509779,[  0   0   0   0   7 209   0   0],7,264,[0. 0.],[0. 0.],Glow Plugs,119297873,1763324883,2001
1763324883192906469,[  0   0   0   0   7 209   0   0],7,264,[0. 0.],[0. 0.],Glow Plugs,192160127,1763324883,2001
1763324883276151728,[  0   0   0   0   7 209   0   0],7,264,[0. 0.],[0. 0.],Glow Plugs,275791565,1763324883,2001
1763324883358581492,[  0   0   0   0   7 209   0   0],7,264,[0. 0.],[0. 0.],Glow Plugs,358317905,1763324883,2001
1763324883473130936,[  0   0   0   0   7 209   0   0],7,264,[0. 0.],[0. 0.],Glow Plugs,472438577,1763324883,2001
1763324883564756206,[  0   0   0   0   7 209   0   0],7,264,[0. 0.],[0. 0.],Glow Plugs,564248585,1763324883,2001
1763324883676887228,[  0   0   0   0   7 209   0   0],7,264,[0. 0.],[0. 0.],Glow Plugs,676654298,1763324883,2001
1763324883760404937,[  0   0   0   0   7 209   0   0],7,264,[0. 0.],[0. 0.],Glow Plugs,759831140,1763324883,2001
1763324883872647448,[  0   0   0   0   7 209   0   0],7,264,[0. 0.],[0. 0.],Glow Plugs,872371862,1763324883,2001
1763324883965896829,[  0   0   0   0   7 209   0   0],7,264,[0. 0.],[0. 0.],Glow Plugs,965412249,1763324883,2001
1763324884121060654,[  0   0   0   0   7 209   0   0],7,264,[0. 0.],[0. 0.],Glow Plugs,120273671,1763324884,2001
1763324884194242975,[  0   0   0   0   7 209   0   0],7,264,[0. 0.],[0. 0.],Glow Plugs,193661370,1763324884,2001
1763324884276377281,[  0   0   0   0   7 209   0   0],7,264,[0. 0.],[0. 0.],Glow Plugs,275964893,1763324884,2001
1763324884368779903,[  0   0   0   0   7 209   0   0],7,264,[0. 0.],[0. 0.],Glow Plugs,368418780,1763324884,2001
1763324884472611971,[  0   0   0   0   7 209   0   0],7,264,[0. 0.],[0. 0.],Glow Plugs,471767420,1763324884,2001
1763324884564874336,[  0   0   0   0   7 209   0   0],7,264,[0. 0.],[0. 0.],Glow Plugs,564492957,1763324884,2001
1763324884678779775,[  0   0   0   0   7 209   0   0],7,264,[0. 0.],[0. 0.],Glow Plugs,678448476,1763324884,2001
1763324884772627594,[  0   0   0   0   7 209   0   0],7,264,[0. 0.],[0. 0.],Glow Plugs,771835619,1763324884,2001
1763324884874624542,[  0   0   0   0   7 209   0   0],7,264,[0. 0.],[0. 0.],Glow Plugs,874068889,1763324884,2001
1763324884970307705,[  0   0   0   0   7 209   0   0],7,264,[0. 0.],[0. 0.],Glow Plugs,969504914,1763324884,2001
1763324885125373995,[  0   0   0   0   7 209   0   0],7,264,[0. 0.],[0. 0.],Glow Plugs,124798214,1763324885,2001
1763324885200465774,[  0   0   0   0   7 209   0   0],7,264,[0. 0.],[0. 0.],Glow Plugs,199328228,1763324885,2001
1763324885282844850,[  0   0   0   0   7 209   0   0],7,264,[0. 0.],[0. 0.],Glow Plugs,282229965,1763324885,2001
1763324885366068735,[  0   0   0   0   7 209   0   0],7,264,[0. 0.],[0. 0.],Glow Plugs,365838397,1763324885,2001
1763324885480070207,[  0   0   0   0   7 209   0   0],7,264,[0. 0.],[0. 0.],Glow Plugs,479584539,1763324885,2001
1763324885573769546,[  0   0   0   0   7 209   0   0],7,264,[0. 0.],[0. 0.],Glow Plugs,572877730,1763324885,2001
1763324885677229164,[  0   0   0   0   7 209   0   0],7,264,[0. 0.],[0. 0.],Glow Plugs,676576166,1763324885,2001
1763324885770523698,[  0   0   0   0   7 209   0   0],7,264,[0. 0.],[0. 0.],Glow Plugs,769887053,1763324885,2001
1763324885883738348,[  0   0   0   0   7 209   0   0],7,264,[0. 0.],[0. 0.],Glow Plugs,883249224,1763324885,2001
1763324885966119441,[  0   0   0   0   7 209   0   0],7,264,[0. 0.],[0. 0.],Glow Plugs,965856078,1763324885,2001
1763324886122006443,[  0   0   0   0   7 209   0   0],7,264,[0. 0.],[0. 0.],Glow Plugs,121753993,1763324886,2001
1763324886194538424,[  0   0   0   0   7 209   0   0],7,264,[0. 0.],[0. 0.],Glow Plugs,194210613,1763324886,2001
1763324886288450437,[  0   0   0   0   7 209   0   0],7,264,[0. 0.],[0. 0.],Glow Plugs,288133538,1763324886,2001
1763324886371772114,[  0   0   0   0   7 209   0   0],7,264,[0. 0.],[0. 0.],Glow Plugs,371093964,1763324886,2001
1763324886484378440,[  0   0   0   0   7 209   0   0],7,264,[0. 0.],[0. 0.],Glow Plugs,484015044,1763324886,2001
1763324886577957714,[  0   0   0   0   7 209   0   0],7,264,[0. 0.],[0. 0.],Glow Plugs,577597070,1763324886,2001
1763324886681061105,[  0   0   0   0   7 209   0   0],7,264,[0. 0.],[0. 0.],Glow Plugs,680334379,1763324886,2001
1763324886773732339,[  0   0   0   0   7 209   0   0],7,264,[0. 0.],[0. 0.],Glow Plugs,773131854,1763324886,2001
1763324886888275162,[  0   0   0   0   7 209   0   0],7,264,[0. 0.],[0. 0.],Glow Plugs,887794293,1763324886,2001
1763324886972654225,[  0   0   0   0   7 209   0   0],7,264,[0. 0.],[0. 0.],Glow Plugs,972242957,1763324886,2001
1763324887127450755,[  0   0   0   0   7 209   0   0],7,264,[0. 0.],[0. 0.],Glow Plugs,125967222,1763324887,2001
1763324887201192667,[  0   0   0   0   7 209   0   0],7,264,[0. 0.],[0. 0.],Glow Plugs,200417460,1763324887,2001
1763324887283296767,[  0   0   0   0   7 209   0   0],7,264,[0. 0.],[0. 0.],Glow Plugs,282042995,1763324887,2001
1763324887379246207,[  0   0   0   0   7 209   0   0],7,264,[0. 0.],[0. 0.],Glow Plugs,377545583,1763324887,2001
1763324887492370841,[  0   0   0   0   7 209   0   0],7,264,[0. 0.],[0. 0.],Glow Plugs,491124046,1763324887,2001
1763324887574375612,[  0   0   0   0   7 209   0   0],7,264,[0. 0.],[0. 0.],Glow Plugs,573719318,1763324887,2001
1763324887686958962,[  0   0   0   0   7 209   0   0],7,264,[0. 0.],[0. 0.],Glow Plugs,686492046,1763324887,2001
1763324887784789155,[  0   0   0   0   7 209   0   0],7,264,[0. 0.],[0. 0.],Glow Plugs,781892425,1763324887,2001
1763324887885893394,[  0   0   0   0   7 209   0   0],7,264,[0. 0.],[0. 0.],Glow Plugs,885415597,1763324887,2001
1763324887981437774,[  0   0   0   0   7 209   0   0],7,264,[0. 0.],[0. 0.],Glow Plugs,979811264,1763324887,2001
1763324888133223398,[  0   0   0   0   7 209   0   0],7,264,[0. 0.],[0. 0.],Glow Plugs,132747234,1763324888,2001
1763324888205779860,[  0   0   0   0   7 209   0   0],7,264,[0. 0.],[0. 0.],Glow Plugs,205246544,1763324888,2001
1763324888288076346,[  0   0   0   0   7 209   0   0],7,264,[0. 0.],[0. 0.],Glow Plugs,287800504,1763324888,2001
1763324888380884287,[  0   0   0   0   7 209   0   0],7,264,[0. 0.],[0. 0.],Glow Plugs,380535676,1763324888,2001
1763324888496058445,[  0   0   0   0   7 209   0   0],7,264,[0. 0.],[0. 0.],Glow Plugs,495134437,1763324888,2001
1763324888579343484,[  0   0   0   0   7 209   0   0],7,264,[0. 0.],[0. 0.],Glow Plugs,578224370,1763324888,2001
1763324888693318271,[  0   0   0   0   7 209   0   0],7,264,[0. 0.],[0. 0.],Glow Plugs,692771354,1763324888,2001
1763324888775100033,[  0   0   0   0   7 209   0   0],7,264,[0. 0.],[0. 0.],Glow Plugs,774779294,1763324888,2001
1763324888896627016,[  0   0   0   0   7 209   0   0],7,264,[0. 0.],[0. 0.],Glow Plugs,895827393,1763324888,2001
1763324888981046785,[  0   0   0   0   7 209   0   0],7,264,[0. 0.],[0. 0.],Glow Plugs,980663486,1763324888,2001
1763324889137249922,[  0   0   0   0   7 209   0   0],7,264,[0. 0.],[0. 0.],Glow Plugs,136880735,1763324889,2001
1763324889215629350,[  0   0   0   0   7 209   0   0],7,264,[0. 0.],[0. 0.],Glow Plugs,214673757,1763324889,2001
1763324889296496319,[  0   0   0   0   7 209   0   0],7,264,[0. 0.],[0. 0.],Glow Plugs,296232189,1763324889,2001
1763324889379687950,[  0   0   0   0   7 209   0   0],7,264,[0. 0.],[0. 0.],Glow Plugs,378608196,1763324889,2001
1763324889494790557,[  0   0   0   0   7 209   0   0],7,264,[0. 0.],[0. 0.],Glow Plugs,492284934,1763324889,2001
1763324889586700986,[  0   0   0   0   7 209   0   0],7,264,[0. 0.],[0. 0.],Glow Plugs,586466872,1763324889,2001
1763324889690279424,[  0   0   0   0   7 209   0   0],7,264,[0. 0.],[0. 0.],Glow Plugs,689433657,1763324889,2001
1763324889781626969,[  0   0   0   0   7 209   0   0],7,264,[0. 0.],[0. 0.],Glow Plugs,781035827,1763324889,2001
1763324889895808543,[  0   0   0   0   7 209   0   0],7,264,[0. 0.],[0. 0.],Glow Plugs,894957943,1763324889,2001
1763324889989191914,[  0   0   0   0   7 209   0   0],7,264,[0. 0.],[0. 0.],Glow Plugs,988578052,1763324889,2001
1763324890136836607,[  0   0   0   0   7 209   0   0],7,264,[0. 0.],[0. 0.],Glow Plugs,136400027,1763324890,2001
1763324890212257704,[  0   0   0   0   7 209   0   0],7,264,[0. 0.],[0. 0.],Glow Plugs,208925354,1763324890,2001
1763324890292757183,[  0   0   0   0   7 209   0   0],7,264,[0. 0.],[0. 0.],Glow Plugs,291890583,1763324890,2001
1763324890384690589,[  0   0   0   0   7 209   0   0],7,264,[0. 0.],[0. 0.],Glow Plugs,384052728,1763324890,2001
1763324890498307679,[  0   0   0   0   7 209   0   0],7,264,[0. 0.],[0. 0.],Glow Plugs,497584345,1763324890,2001
1763324890583053181,[  0   0   0   0   7 209   0   0],7,264,[0. 0.],[0. 0.],Glow Plugs,580434981,1763324890,2001
1763324890696221019,[  0   0   0   0   7 209   0   0],7,264,[0. 0.],[0. 0.],Glow Plugs,695314067,1763324890,2001
1763324890789575014,[  0   0   0   0   7 209   0   0],7,264,[0. 0.],[0. 0.],Glow Plugs,789262947,1763324890,2001
1763324890904964248,[  0   0   0   0   7 209   0   0],7,264,[0. 0.],[0. 0.],Glow Plugs,904346707,1763324890,2001
1763324890984921802,[  0   0   0   0   7 209   0   0],7,264,[0. 0.],[0. 0.],Glow Plugs,984396294,1763324890,2001
1763324891142622940,[  0   0   0   0   7 209   0   0],7,264,[0. 0.],[0. 0.],Glow Plugs,139150300,1763324891,2001
1763324891212870199,[  0   0   0   0   7 209   0   0],7,264,[0. 0.],[0. 0.],Glow Plugs,211519211,1763324891,2001
1763324891295018109,[  0   0   0   0   7 209   0   0],7,264,[0. 0.],[0. 0.],Glow Plugs,293750866,1763324891,2001
1763324891387830500,[  0   0   0   0   7 209   0   0],7,264,[0. 0.],[0. 0.],Glow Plugs,386622809,1763324891,2001
1763324891504785670,[  0   0   0   0   7 209   0   0],7,264,[0. 0.],[0. 0.],Glow Plugs,501425831,1763324891,2001
1763324891594024620,[  0   0   0   0   7 209   0   0],7,264,[0. 0.],[0. 0.],Glow Plugs,593802698,1763324891,2001
1763324891697770998,[  0   0   0   0   7 209   0   0],7,264,[0. 0.],[0. 0.],Glow Plugs,697294226,1763324891,2001
1763324891789778134,[  0   0   0   0   7 209   0   0],7,264,[0. 0.],[0. 0.],Glow Plugs,789331954,1763324891,2001
1763324891903926142,[  0   0   0   0   7 209   0   0],7,264,[0. 0.],[0. 0.],Glow Plugs,903621467,1763324891,2001
1763324891986611689,[  0   0   0   0   7 209   0   0],7,264,[0. 0.],[0. 0.],Glow Plugs,986399047,1763324891,2001
1763324892144584830,[  0   0   0   0   7 209   0   0],7,264,[0. 0.],[0. 0.],Glow Plugs,142975536,1763324892,2001
1763324892216994222,[  0   0   0   0   7 209   0   0],7,264,[0. 0.],[0. 0.],Glow Plugs,216225895,1763324892,2001
1763324892300863524,[  0   0   0   0   7 209   0   0],7,264,[0. 0.],[0. 0.],Glow Plugs,300459809,1763324892,2001
1763324892393298601,[  0   0   0   0   7 209   0   0],7,264,[0. 0.],[0. 0.],Glow Plugs,392309216,1763324892,2001
1763324892505698434,[  0   0   0   0   7 209   0   0],7,264,[0. 0.],[0. 0.],Glow Plugs,505334431,1763324892,2001
1763324892588339886,[  0   0   0   0   7 209   0   0],7,264,[0. 0.],[0. 0.],Glow Plugs,587744072,1763324892,2001
1763324892702193268,[  0   0   0   0   7 209   0   0],7,264,[0. 0.],[0. 0.],Glow Plugs,701290988,1763324892,2001
1763324892795069820,[  0   0   0   0   7 209   0   0],7,264,[0. 0.],[0. 0.],Glow Plugs,794322261,1763324892,2001
1763324892907678583,[  0   0   0   0   7 209   0   0],7,264,[0. 0.],[0. 0.],Glow Plugs,906845968,1763324892,2001
1763324892989832862,[  0   0   0   0   7 209   0   0],7,264,[0. 0.],[0. 0.],Glow Plugs,988898902,1763324892,2001
1763324893148523131,[  0   0   0   0   7 209   0   0],7,264,[0. 0.],[0. 0.],Glow Plugs,147216688,1763324893,2001
1763324893219610623,[  0   0   0   0   7 209   0   0],7,264,[0. 0.],[0. 0.],Glow Plugs,218616438,1763324893,2001
1763324893301516133,[  0   0   0   0   7 209   0   0],7,264,[0. 0.],[0. 0.],Glow Plugs,300854719,1763324893,2001
1763324893393727592,[  0   0   0   0   7 209   0   0],7,264,[0. 0.],[0. 0.],Glow Plugs,393168771,1763324893,2001
1763324893506739720,[  0   0   0   0   7 209   0   0],7,264,[0. 0.],[0. 0.],Glow Plugs,505941344,1763324893,2001
1763324893598913034,[  0   0   0   0   7 209   0   0],7,264,[0. 0.],[0. 0.],Glow Plugs,598052451,1763324893,2001
1763324893705478928,[  0   0   0   0   7 209   0   0],7,264,[0. 0.],[0. 0.],Glow Plugs,704530311,1763324893,2001
1763324893798691228,[  0   0   0   0   7 209   0   0],7,264,[0. 0.],[0. 0.],Glow Plugs,797753619,1763324893,2001
1763324893914313523,[  0   0   0   0   7 209   0   0],7,264,[0. 0.],[0. 0.],Glow Plugs,912656676,1763324893,2001
1763324893998087722,[  0   0   0   0   7 209   0   0],7,264,[0. 0.],[0. 0.],Glow Plugs,997257410,1763324893,2001
1763324894152089853,[  0   0   0   0   7 209   0   0],7,264,[0. 0.],[0. 0.],Glow Plugs,151603129,1763324894,2001
1763324894225102227,[  0   0   0   0   7 209   0   0],7,264,[0. 0.],[0. 0.],Glow Plugs,224868497,1763324894,2001
1763324894309807955,[  0   0   0   0   7 209   0   0],7,264,[0. 0.],[0. 0.],Glow Plugs,308618120,1763324894,2001
1763324894404854865,[  0   0   0   0   7 209   0   0],7,264,[0. 0.],[0. 0.],Glow Plugs,403684710,1763324894,2001
1763324894507979032,[  0   0   0   0   7 209   0   0],7,264,[0. 0.],[0. 0.],Glow Plugs,507281745,1763324894,2001
1763324894601374854,[  0   0   0   0   7 209   0   0],7,264,[0. 0.],[0. 0.],Glow Plugs,600171675,1763324894,2001
1763324894708685683,[  0   0   0   0   7 209   0   0],7,264,[0. 0.],[0. 0.],Glow Plugs,705835257,1763324894,2001
1763324894798628290,[  0   0   0   0   7 209   0   0],7,264,[0. 0.],[0. 0.],Glow Plugs,798389216,1763324894,2001
1763324894911863621,[  0   0   0   0   7 209   0   0],7,264,[0. 0.],[0. 0.],Glow Plugs,911148062,1763324894,2001
1763324895000329415,[  0   0   0   0   7 209   0   0],7,264,[0. 0.],[0. 0.],Glow Plugs,998776184,1763324894,2001
1763324895151101566,[  0   0   0   0   7 209   0   0],7,264,[0. 0.],[0. 0.],Glow Plugs,150622074,1763324895,2001
1763324895224631546,[  0   0   0   0   7 209   0   0],7,264,[0. 0.],[0. 0.],Glow Plugs,223349358,1763324895,2001
1763324895317490020,[  0   0   0   0   7 209   0   0],7,264,[0. 0.],[0. 0.],Glow Plugs,317259138,1763324895,2001
1763324895400055185,[  0   0   0   0   7 209   0   0],7,264,[0. 0.],[0. 0.],Glow Plugs,399718446,1763324895,2001
1763324895513155347,[  0   0   0   0   7 209   0   0],7,264,[0. 0.],[0. 0.],Glow Plugs,512439117,1763324895,2001
1763324895604811187,[  0   0   0   0   7 209   0   0],7,264,[0. 0.],[0. 0.],Glow Plugs,604343695,1763324895,2001
1763324895717328560,[  0   0   0   0   7 209   0   0],7,264,[0. 0.],[0. 0.],Glow Plugs,716652426,1763324895,2001
1763324895799435609,[  0   0   0   0   7 209   0   0],7,264,[0. 0.],[0. 0.],Glow Plugs,798739219,1763324895,2001
1763324895912084727,[  0   0   0   0   7 209   0   0],7,264,[0. 0.],[0. 0.],Glow Plugs,911515282,1763324895,2001
1763324896003636598,[  0   0   0   0   7 209   0   0],7,264,[0. 0.],[0. 0.],Glow Plugs,3350227,1763324896,2001
1763324896157374826,[  0   0   0   0   7 209   0   0],7,264,[0. 0.],[0. 0.],Glow Plugs,156871333,1763324896,2001
1763324896228967604,[  0   0   0   0   7 209   0   0],7,264,[0. 0.],[0. 0.],Glow Plugs,228768882,1763324896,2001
1763324896311793124,[  0   0   0   0   7 209   0   0],7,264,[0. 0.],[0. 0.],Glow Plugs,311070974,1763324896,2001
1763324896403413924,[  0   0   0   0   7 209   0   0],7,264,[0. 0.],[0. 0.],Glow Plugs,402981280,1763324896,2001
1763324896517413391,[  0   0   0   0   7 209   0   0],7,264,[0. 0.],[0. 0.],Glow Plugs,516616904,1763324896,2001
1763324896610129561,[  0   0   0   0   7 209   0   0],7,264,[0. 0.],[0. 0.],Glow Plugs,609620821,1763324896,2001
1763324896712615868,[  0   0   0   0   7 209   0   0],7,264,[0. 0.],[0. 0.],Glow Plugs,712363546,1763324896,2001
1763324896805078276,[  0   0   0   0   7 209   0   0],7,264,[0. 0.],[0. 0.],Glow Plugs,804696320,1763324896,2001
1763324896917625186,[  0   0   0   0   7 209   0   0],7,264,[0. 0.],[0. 0.],Glow Plugs,917424672,1763324896,2001
1763324897009777031,[  0   0   0   0   7 209   0   0],7,264,[0. 0.],[0. 0.],Glow Plugs,9588165,1763324897,2001
1763324897153895781,[  0   0   0   0   7 209   0   0],7,264,[0. 0.],[0. 0.],Glow Plugs,153621154,1763324897,2001
1763324897230936673,[  0   0   0   0   7 209   0   0],7,264,[0. 0.],[0. 0.],Glow Plugs,230368156,1763324897,2001
1763324897313806546,[  0   0   0   0   7 209   0   0],7,264,[0. 0.],[0. 0.],Glow Plugs,312918218,1763324897,2001
1763324897405476372,[  0   0   0   0   7 209   0   0],7,264,[0. 0.],[0. 0.],Glow Plugs,404925230,1763324897,2001
1763324897517807761,[  0   0   0   0   7 209   0   0],7,264,[0. 0.],[0. 0.],Glow Plugs,517588015,1763324897,2001
1763324897610581340,[  0   0   0   0   7 209   0   0],7,264,[0. 0.],[0. 0.],Glow Plugs,610359418,1763324897,2001
1763324897723690112,[  0   0   0   0   7 209   0   0],7,264,[0. 0.],[0. 0.],Glow Plugs,723320573,1763324897,2001
1763324897805735178,[  0   0   0   0   7 209   0   0],7,264,[0. 0.],[0. 0.],Glow Plugs,805391591,1763324897,2001
1763324897918801517,[  0   0   0   0   7 209   0   0],7,264,[0. 0.],[0. 0.],Glow Plugs,917975814,1763324897,2001
1763324898011150901,[  0   0   0   0   7 209   0   0],7,264,[0. 0.],[0. 0.],Glow Plugs,10767313,1763324898,2001
1763324898165000013,[  0   0   0   0   7 209   0   0],7,264,[0. 0.],[0. 0.],Glow Plugs,164304550,1763324898,2001
1763324898237304830,[  0   0   0   0   7 209   0   0],7,264,[0. 0.],[0. 0.],Glow Plugs,236506423,1763324898,2001
1763324898318950085,[  0   0   0   0   7 209   0   0],7,264,[0. 0.],[0. 0.],Glow Plugs,318645954,1763324898,2001
1763324898412609593,[  0   0   0   0   7 209   0   0],7,264,[0. 0.],[0. 0.],Glow Plugs,412270038,1763324898,2001
1763324898525716542,[  0   0   0   0   7 209   0   0],7,264,[0. 0.],[0. 0.],Glow Plugs,524697749,1763324898,2001
1763324898607011714,[  0   0   0   0   7 209   0   0],7,264,[0. 0.],[0. 0.],Glow Plugs,606794336,1763324898,2001
1763324898720395274,[  0   0   0   0   7 209   0   0],7,264,[0. 0.],[0. 0.],Glow Plugs,719686979,1763324898,2001
1763324898811783401,[  0   0   0   0   7 209   0   0],7,264,[0. 0.],[0. 0.],Glow Plugs,811559239,1763324898,2001
1763324898933101465,[  0   0   0   0   7 209   0   0],7,264,[0. 0.],[0. 0.],Glow Plugs,930215966,1763324898,2001
1763324899013305330,[  0   0   0   0   7 209   0   0],7,264,[0. 0.],[0. 0.],Glow Plugs,13056624,1763324899,2001
1763324899168810938,[  0   0   0   0   7 209   0   0],7,264,[0. 0.],[0. 0.],Glow Plugs,168184469,1763324899,2001
1763324899241158669,[  0   0   0   0   7 209   0   0],7,264,[0. 0.],[0. 0.],Glow Plugs,240593128,1763324899,2001
1763324899323272345,[  0   0   0   0   7 209   0   0],7,264,[0. 0.],[0. 0.],Glow Plugs,322515890,1763324899,2001
1763324899418836607,[  0   0   0   0   7 209   0   0],7,264,[0. 0.],[0. 0.],Glow Plugs,415908293,1763324899,2001
1763324899522865267,[  0   0   0   0   7 209   0   0],7,264,[0. 0.],[0. 0.],Glow Plugs,522076683,1763324899,2001
1763324899615085178,[  0   0   0   0   7 209   0   0],7,264,[0. 0.],[0. 0.],Glow Plugs,614333747,1763324899,2001
1763324899727857309,[  0   0   0   0   7 209   0   0],7,264,[0. 0.],[0. 0.],Glow Plugs,727079798,1763324899,2001
1763324899820625514,[  0   0   0   0   7 209   0   0],7,264,[0. 0.],[0. 0.],Glow Plugs,820115621,1763324899,2001
1763324899928272318,[  0   0   0   0   7 209   0   0],7,264,[0. 0.],[0. 0.],Glow Plugs,927492183,1763324899,2001
1763324900021515695,[  0   0   0   0   7 209   0   0],7,264,[0. 0.],[0. 0.],Glow Plugs,21284493,1763324900,2001
1763324900166840508,[  0   0   0   0   7 209   0   0],7,264,[0. 0.],[0. 0.],Glow Plugs,166327255,1763324900,2001
1763324900240109592,[  0   0   0   0   7 209   0   0],7,264,[0. 0.],[0. 0.],Glow Plugs,239737812,1763324900,2001
1763324900332560834,[  0   0   0   0   7 209   0   0],7,264,[0. 0.],[0. 0.],Glow Plugs,332381537,1763324900,2001
1763324900415405269,[  0   0   0   0   7 209   0   0],7,264,[0. 0.],[0. 0.],Glow Plugs,415012786,1763324900,2001
1763324900529176706,[  0   0   0   0   7 209   0   0],7,264,[0. 0.],[0. 0.],Glow Plugs,527732149,1763324900,2001
1763324900621822351,[  0   0   0   0   7 209   0   0],7,264,[0. 0.],[0. 0.],Glow Plugs,621250090,1763324900,2001
1763324900734219279,[  0   0   0   0   7 209   0   0],7,264,[0. 0.],[0. 0.],Glow Plugs,733883436,1763324900,2001
1763324900816891681,[  0   0   0   0   7 209   0   0],7,264,[0. 0.],[0. 0.],Glow Plugs,816414460,1763324900,2001
1763324900929818438,[  0   0   0   0   7 209   0   0],7,264,[0. 0.],[0. 0.],Glow Plugs,929429762,1763324900,2001
1763324901022474739,[  0   0   0   0   7 209   0   0],7,264,[0. 0.],[0. 0.],Glow Plugs,21954350,1763324901,2001
1763324901177265047,[  0   0   0   0   7 209   0   0],7,264,[0. 0.],[0. 0.],Glow Plugs,176855091,1763324901,2001
1763324901251326138,[  0   0   0   0   7 209   0   0],7,264,[0. 0.],[0. 0.],Glow Plugs,250872854,1763324901,2001
1763324901333445159,[  0   0   0   0   7 209   0   0],7,264,[0. 0.],[0. 0.],Glow Plugs,332859266,1763324901,2001
1763324901425816274,[  0   0   0   0   7 209   0   0],7,264,[0. 0.],[0. 0.],Glow Plugs,425337422,1763324901,2001
1763324901529461572,[  0   0   0   0   7 209   0   0],7,264,[0. 0.],[0. 0.],Glow Plugs,528403770,1763324901,2001
1763324901621492843,[  0   0   0   0   7 209   0   0],7,264,[0. 0.],[0. 0.],Glow Plugs,621064455,1763324901,2001
1763324901734364145,[  0   0   0   0   7 209   0   0],7,264,[0. 0.],[0. 0.],Glow Plugs,734035854,1763324901,2001
1763324901828484235,[  0   0   0   0   7 209   0   0],7,264,[0. 0.],[0. 0.],Glow Plugs,826528410,1763324901,2001
1763324901930083850,[  0   0   0   0   7 209   0   0],7,264,[0. 0.],[0. 0.],Glow Plugs,929653030,1763324901,2001
1763324902023266812,[  0   0   0   0   7 209   0   0],7,264,[0. 0.],[0. 0.],Glow Plugs,22859321,1763324902,2001
1763324902177654334,[  0   0   0   0   7 209   0   0],7,264,[0. 0.],[0. 0.],Glow Plugs,177120441,1763324902,2001
1763324902250604632,[  0   0   0   0   7 209   0   0],7,264,[0. 0.],[0. 0.],Glow Plugs,250056499,1763324902,2001
1763324902334072242,[  0   0   0   0   7 209   0   0],7,264,[0. 0.],[0. 0.],Glow Plugs,333321771,1763324902,2001
1763324902426067706,[  0   0   0   0   7 209   0   0],7,264,[0. 0.],[0. 0.],Glow Plugs,425769272,1763324902,2001
1763324902540235533,[  0   0   0   0   7 209   0   0],7,264,[0. 0.],[0. 0.],Glow Plugs,539820137,1763324902,2001
1763324902622827743,[  0   0   0   0   7 209   0   0],7,264,[0. 0.],[0. 0.],Glow Plugs,622432987,1763324902,2001
1763324902736823248,[  0   0   0   0   7 209   0   0],7,264,[0. 0.],[0. 0.],Glow Plugs,736087977,1763324902,2001
1763324902832025365,[  0   0   0   0   7 209   0   0],7,264,[0. 0.],[0. 0.],Glow Plugs,830118084,1763324902,2001
1763324902933056943,[  0   0   0   0   7 209   0   0],7,264,[0. 0.],[0. 0.],Glow Plugs,932537515,1763324902,2001
1763324903029523200,[  0   0   0   0   7 209   0   0],7,264,[0. 0.],[0. 0.],Glow Plugs,27972530,1763324903,2001
1763324903182700088,[  0   0   0   0   7 209   0   0],7,264,[0. 0.],[0. 0.],Glow Plugs,182415222,1763324903,2001
1763324903255416881,[  0   0   0   0   7 209   0   0],7,264,[0. 0.],[0. 0.],Glow Plugs,255181999,1763324903,2001
1763324903337686241,[  0   0   0   0   7 209   0   0],7,264,[0. 0.],[0. 0.],Glow Plugs,337461535,1763324903,2001
1763324903431610331,[  0   0   0   0   7 209   0   0],7,264,[0. 0.],[0. 0.],Glow Plugs,431328824,1763324903,2001
1763324903536051606,[  0   0   0   0   7 209   0   0],7,264,[0. 0.],[0. 0.],Glow Plugs,535823731,1763324903,2001
1763324903630183730,[  0   0   0   0   7 209   0   0],7,264,[0. 0.],[0. 0.],Glow Plugs,629448971,1763324903,2001
1763324903745246413,[  0   0   0   0   7 209   0   0],7,264,[0. 0.],[0. 0.],Glow Plugs,743847905,1763324903,2001
1763324903827624958,[  0   0   0   0   7 209   0   0],7,264,[0. 0.],[0. 0.],Glow Plugs,826909496,1763324903,2001
1763324903942770810,[  0   0   0   0   7 209   0   0],7,264,[0. 0.],[0. 0.],Glow Plugs,942255734,1763324903,2001
1763324904035457578,[  0   0   0   0   7 209   0   0],7,264,[0. 0.],[0. 0.],Glow Plugs,34601730,1763324904,2001
1763324904180771643,[  0   0   0   0   7 209   0   0],7,264,[0. 0.],[0. 0.],Glow Plugs,180449976,1763324904,2001
1763324904253706806,[  0   0   0   0   7 209   0   0],7,264,[0. 0.],[0. 0.],Glow Plugs,253020112,1763324904,2001
1763324904345610335,[  0   0   0   0   7 209   0   0],7,264,[0. 0.],[0. 0.],Glow Plugs,345388381,1763324904,2001
1763324904433746245,[  0   0   0   0   7 209   0   0],7,264,[0. 0.],[0. 0.],Glow Plugs,428450868,1763324904,2001
1763324904541682656,[  0   0   0   0   7 209   0   0],7,264,[0. 0.],[0. 0.],Glow Plugs,540761016,1763324904,2001
1763324904633175013,[  0   0   0   0   7 209   0   0],7,264,[0. 0.],[0. 0.],Glow Plugs,632691553,1763324904,2001
1763324904748084768,[  0   0   0   0   7 209   0   0],7,264,[0. 0.],[0. 0.],Glow Plugs,746519538,1763324904,2001
1763324904831738557,[  0   0   0   0   7 209   0   0],7,264,[0. 0.],[0. 0.],Glow Plugs,830307632,1763324904,2001
1763324904943567580,[  0   0   0   0   7 209   0   0],7,264,[0. 0.],[0. 0.],Glow Plugs,942594291,1763324904,2001
1763324905035355652,[  0   0   0   0   7 209   0   0],7,264,[0. 0.],[0. 0.],Glow Plugs,35077633,1763324905,2001
1763324905189663113,[  0   0   0   0   7 209   0   0],7,264,[0. 0.],[0. 0.],Glow Plugs,189068323,1763324905,2001
1763324905261922654,[  0   0   0   0   7 209   0   0],7,264,[0. 0.],[0. 0.],Glow Plugs,261403898,1763324905,2001
1763324905344201232,[  0   0   0   0   7 209   0   0],7,264,[0. 0.],[0. 0.],Glow Plugs,343536425,1763324905,2001
1763324905436801887,[  0   0   0   0   7 209   0   0],7,264,[0. 0.],[0. 0.],Glow Plugs,436173338,1763324905,2001
1763324905552521859,[  0   0   0   0   7 209   0   0],7,264,[0. 0.],[0. 0.],Glow Plugs,549385062,1763324905,2001
1763324905636492516,[  0   0   0   0   7 209   0   0],7,264,[0. 0.],[0. 0.],Glow Plugs,636130368,1763324905,2001
1763324905749627663,[  0   0   0   0   7 209   0   0],7,264,[0. 0.],[0. 0.],Glow Plugs,749440814,1763324905,2001
1763324905834355607,[  0   0   0   0   7 209   0   0],7,264,[0. 0.],[0. 0.],Glow Plugs,833954227,1763324905,2001
1763324905946969278,[  0   0   0   0   7 209   0   0],7,264,[0. 0.],[0. 0.],Glow Plugs,946370456,1763324905,2001
1763324906039738000,[  0   0   0   0   7 209   0   0],7,264,[0. 0.],[0. 0.],Glow Plugs,39089770,1763324906,2001
1763324906194157623,[  0   0   0   0   7 209   0   0],7,264,[0. 0.],[0. 0.],Glow Plugs,193496144,1763324906,2001
1763324906268349022,[  0   0   0   0   7 209   0   0],7,264,[0. 0.],[0. 0.],Glow Plugs,267471126,1763324906,2001
1763324906351123893,[  0   0   0   0   7 209   0   0],7,264,[0. 0.],[0. 0.],Glow Plugs,350883635,1763324906,2001
1763324906433104004,[  0   0   0   0   7 209   0   0],7,264,[0. 0.],[0. 0.],Glow Plugs,432905890,1763324906,2001
1763324906548431077,[  0   0   0   0   7 209   0   0],7,264,[0. 0.],[0. 0.],Glow Plugs,546193200,1763324906,2001
1763324906640421872,[  0   0   0   0   7 209   0   0],7,264,[0. 0.],[0. 0.],Glow Plugs,639553896,1763324906,2001
1763324906753013271,[  0   0   0   0   7 209   0   0],7,264,[0. 0.],[0. 0.],Glow Plugs,752701749,1763324906,2001
1763324906838129987,[  0   0   0   0   7 209   0   0],7,264,[0. 0.],[0. 0.],Glow Plugs,836356627,1763324906,2001
1763324906947506062,[  0   0   0   0   7 209   0   0],7,264,[0. 0.],[0. 0.],Glow Plugs,947286636,1763324906,2001
1763324907040909414,[  0   0   0   0   7 209   0   0],7,264,[0. 0.],[0. 0.],Glow Plugs,40371041,1763324907,2001
1763324907194976491,[  0   0   0   0   7 209   0   0],7,264,[0. 0.],[0. 0.],Glow Plugs,194428998,1763324907,2001
1763324907268729391,[  0   0   0   0   7 209   0   0],7,264,[0. 0.],[0. 0.],Glow Plugs,267613285,1763324907,2001
1763324907350380508,[  0   0   0   0   7 209   0   0],7,264,[0. 0.],[0. 0.],Glow Plugs,349820471,1763324907,2001
1763324907444190712,[  0   0   0   0   7 209   0   0],7,264,[0. 0.],[0. 0.],Glow Plugs,443287952,1763324907,2001
1763324907556448094,[  0   0   0   0   7 209   0   0],7,264,[0. 0.],[0. 0.],Glow Plugs,556221820,1763324907,2001
1763324907638293389,[  0   0   0   0   7 209   0   0],7,264,[0. 0.],[0. 0.],Glow Plugs,638119787,1763324907,2001
1763324907752285602,[  0   0   0   0   7 209   0   0],7,264,[0. 0.],[0. 0.],Glow Plugs,751676092,1763324907,2001
1763324907844348814,[  0   0   0   0   7 209   0   0],7,264,[0. 0.],[0. 0.],Glow Plugs,844096588,1763324907,2001
1763324907949575475,[  0   0   0   0   7 209   0   0],7,264,[0. 0.],[0. 0.],Glow Plugs,948830733,1763324907,2001
1763324908044858910,[  0   0   0   0   7 209   0   0],7,264,[0. 0.],[0. 0.],Glow Plugs,44545787,1763324908,2001
1763324908200227504,[  0   0   0   0   7 209   0   0],7,264,[0. 0.],[0. 0.],Glow Plugs,199576010,1763324908,2001
1763324908273888436,[  0   0   0   0   7 209   0   0],7,264,[0. 0.],[0. 0.],Glow Plugs,272263685,1763324908,2001
1763324908355760772,[  0   0   0   0   7 209   0   0],7,264,[0. 0.],[0. 0.],Glow Plugs,354697146,1763324908,2001
1763324908449525376,[  0   0   0   0   7 209   0   0],7,264,[0. 0.],[0. 0.],Glow Plugs,449307550,1763324908,2001
1763324908553944287,[  0   0   0   0   7 209   0   0],7,264,[0. 0.],[0. 0.],Glow Plugs,552753108,1763324908,2001
1763324908645518151,[  0   0   0   0   7 209   0   0],7,264,[0. 0.],[0. 0.],Glow Plugs,644702496,1763324908,2001
1763324908760745513,[  0   0   0   0   7 209   0   0],7,264,[0. 0.],[0. 0.],Glow Plugs,758246322,1763324908,2001
1763324908843599106,[  0   0   0   0   7 209   0   0],7,264,[0. 0.],[0. 0.],Glow Plugs,842835355,1763324908,2001
1763324908957820986,[  0   0   0   0   7 209   0   0],7,264,[0. 0.],[0. 0.],Glow Plugs,957050227,1763324908,2001
1763324909051108915,[  0   0   0   0   7 209   0   0],7,264,[0. 0.],[0. 0.],Glow Plugs,50374348,1763324909,2001
1763324909194656250,[  0   0   0   0   7 209   0   0],7,264,[0. 0.],[0. 0.],Glow Plugs,194177877,1763324909,2001
1763324909268341343,[  0   0   0   0   7 209   0   0],7,264,[0. 0.],[0. 0.],Glow Plugs,267498551,1763324909,2001
1763324909361135379,[  0   0   0   0   7 209   0   0],7,264,[0. 0.],[0. 0.],Glow Plugs,360653871,1763324909,2001
1763324909443856011,[  0   0   0   0   7 209   0   0],7,264,[0. 0.],[0. 0.],Glow Plugs,443008387,1763324909,2001
1763324909558814635,[  0   0   0   0   7 209   0   0],7,264,[0. 0.],[0. 0.],Glow Plugs,558338727,1763324909,2001
1763324909652181797,[  0   0   0   0   7 209   0   0],7,264,[0. 0.],[0. 0.],Glow Plugs,651440094,1763324909,2001
1763324909754287887,[  0   0   0   0   7 209   0   0],7,264,[0. 0.],[0. 0.],Glow Plugs,754073549,1763324909,2001
1763324909848805204,[  0   0   0   0   7 209   0   0],7,264,[0. 0.],[0. 0.],Glow Plugs,848316719,1763324909,2001
1763324909963454161,[  0   0   0   0   7 209   0   0],7,264,[0. 0.],[0. 0.],Glow Plugs,962323975,1763324909,2001
1763324910046201194,[  0   0   0   0   7 209   0   0],7,264,[0. 0.],[0. 0.],Glow Plugs,45802054,1763324910,2001
1763324910200977561,[  0   0   0   0   7 209   0   0],7,264,[0. 0.],[0. 0.],Glow Plugs,200243122,1763324910,2001
1763324910272522283,[  0   0   0   0   7 209   0   0],7,264,[0. 0.],[0. 0.],Glow Plugs,272345385,1763324910,2001
1763324910357545112,[  0   0   0   0   7 209   0   0],7,264,[0. 0.],[0. 0.],Glow Plugs,356392046,1763324910,2001
1763324910450297421,[  0   0   0   0   7 209   0   0],7,264,[0. 0.],[0. 0.],Glow Plugs,449331781,1763324910,2001
1763324910562719351,[  0   0   0   0   7 209   0   0],7,264,[0. 0.],[0. 0.],Glow Plugs,562023025,1763324910,2001
1763324910659351344,[  0   0   0   0   7 209   0   0],7,264,[0. 0.],[0. 0.],Glow Plugs,655087465,1763324910,2001
1763324910758377534,[  0   0   0   0   7 209   0   0],7,264,[0. 0.],[0. 0.],Glow Plugs,758020635,1763324910,2001
1763324910853447849,[  0   0   0   0   7 209   0   0],7,264,[0. 0.],[0. 0.],Glow Plugs,853221030,1763324910,2001
1763324910968327177,[  0   0   0   0   7 209   0   0],7,264,[0. 0.],[0. 0.],Glow Plugs,967278623,1763324910,2001
1763324911052367630,[  0   0   0   0   7 209   0   0],7,264,[0. 0.],[0. 0.],Glow Plugs,51372005,1763324911,2001
1763324911207264544,[  0   0   0   0   7 209   0   0],7,264,[0. 0.],[0. 0.],Glow Plugs,206638266,1763324911,2001
1763324911280656771,[  0   0   0   0   7 209   0   0],7,264,[0. 0.],[0. 0.],Glow Plugs,280350112,1763324911,2001
1763324911365759250,[  0   0   0   0   7 209   0   0],7,264,[0. 0.],[0. 0.],Glow Plugs,365192717,1763324911,2001
1763324911457682720,[  0   0   0   0   7 209   0   0],7,264,[0. 0.],[0. 0.],Glow Plugs,457329277,1763324911,2001
1763324911561155289,[  0   0   0   0   7 209   0   0],7,264,[0. 0.],[0. 0.],Glow Plugs,560622740,1763324911,2001
1763324911654889623,[  0   0   0   0   7 209   0   0],7,264,[0. 0.],[0. 0.],Glow Plugs,654312210,1763324911,2001
1763324911769167251,[  0   0   0   0   7 209   0   0],7,264,[0. 0.],[0. 0.],Glow Plugs,768769872,1763324911,2001
1763324911852743476,[  0   0   0   0   7 209   0   0],7,264,[0. 0.],[0. 0.],Glow Plugs,852201647,1763324911,2001
1763324911967144849,[  0   0   0   0   7 209   0   0],7,264,[0. 0.],[0. 0.],Glow Plugs,966283049,1763324911,2001
1763324912060581518,[  0   0   0   0   7 209   0   0],7,264,[0. 0.],[0. 0.],Glow Plugs,60243467,1763324912,2001
1763324912207281781,[  0   0   0   0   7 209   0   0],7,264,[0. 0.],[0. 0.],Glow Plugs,207035315,1763324912,2001
1763324912281180542,[  0   0   0   0   7 209   0   0],7,264,[0. 0.],[0. 0.],Glow Plugs,280964028,1763324912,2001
1763324912363715414,[  0   0   0   0   7 209   0   0],7,264,[0. 0.],[0. 0.],Glow Plugs,363507156,1763324912,2001
1763324912456858896,[  0   0   0   0   7 209   0   0],7,264,[0. 0.],[0. 0.],Glow Plugs,456449004,1763324912,2001
1763324912569347996,[  0   0   0   0   7 209   0   0],7,264,[0. 0.],[0. 0.],Glow Plugs,569136378,1763324912,2001
1763324912664152582,[  0   0   0   0   7 209   0   0],7,264,[0. 0.],[0. 0.],Glow Plugs,663708769,1763324912,2001
1763324912766972793,[  0   0   0   0   7 209   0   0],7,264,[0. 0.],[0. 0.],Glow Plugs,766568085,1763324912,2001
1763324912860510038,[  0   0   0   0   7 209   0   0],7,264,[0. 0.],[0. 0.],Glow Plugs,860029874,1763324912,2001
1763324912975697563,[  0   0   0   0   7 209   0   0],7,264,[0. 0.],[0. 0.],Glow Plugs,974629938,1763324912,2001
1763324913059225821,[  0   0   0   0   7 209   0   0],7,264,[0. 0.],[0. 0.],Glow Plugs,57950641,1763324913,2001
1763324913217594033,[  0   0   0   0   7 209   0   0],7,264,[0. 0.],[0. 0.],Glow Plugs,217232558,1763324913,2001
1763324913291700381,[  0   0   0   0   7 209   0   0],7,264,[0. 0.],[0. 0.],Glow Plugs,290846997,1763324913,2001
1763324913376000870,[  0   0   0   0   7 209   0   0],7,264,[0. 0.],[0. 0.],Glow Plugs,374501912,1763324913,2001
1763324913458294460,[  0   0   0   0   7 209   0   0],7,264,[0. 0.],[0. 0.],Glow Plugs,456534092,1763324913,2001
1763324913572212151,[  0   0   0   0   7 209   0   0],7,264,[0. 0.],[0. 0.],Glow Plugs,571827955,1763324913,2001
1763324913665712533,[  0   0   0   0   7 209   0   0],7,264,[0. 0.],[0. 0.],Glow Plugs,664563754,1763324913,2001
1763324913769672019,[  0   0   0   0   7 209   0   0],7,264,[0. 0.],[0. 0.],Glow Plugs,768681610,1763324913,2001
1763324913862336522,[  0   0   0   0   7 209   0   0],7,264,[0. 0.],[0. 0.],Glow Plugs,861704420,1763324913,2001
1763324913975301403,[  0   0   0   0   7 209   0   0],7,264,[0. 0.],[0. 0.],Glow Plugs,975031545,1763324913,2001
1763324914066896072,[  0   0   0   0   7 209   0   0],7,264,[0. 0.],[0. 0.],Glow Plugs,66469700,1763324914,2001
1763324914212673033,[  0   0   0   0   7 209   0   0],7,264,[0. 0.],[0. 0.],Glow Plugs,212163653,1763324914,2001
1763324914287160793,[  0   0   0   0   7 209   0   0],7,264,[0. 0.],[0. 0.],Glow Plugs,286354801,1763324914,2001
1763324914379142185,[  0   0   0   0   7 209   0   0],7,264,[0. 0.],[0. 0.],Glow Plugs,378869767,1763324914,2001
1763324914462261224,[  0   0   0   0   7 209   0   0],7,264,[0. 0.],[0. 0.],Glow Plugs,461538722,1763324914,2001
1763324914576026146,[  0   0   0   0   7 209   0   0],7,264,[0. 0.],[0. 0.],Glow Plugs,575467261,1763324914,2001
1763324914667862737,[  0   0   0   0   7 209   0   0],7,264,[0. 0.],[0. 0.],Glow Plugs,667652592,1763324914,2001
1763324914774870509,[  0   0   0   0   7 209   0   0],7,264,[0. 0.],[0. 0.],Glow Plugs,774253415,1763324914,2001
1763324914864539592,[  0   0   0   0   7 209   0   0],7,264,[0. 0.],[0. 0.],Glow Plugs,864254630,1763324914,2001
1763324914981749730,[  0   0   0   0   7 209   0   0],7,264,[0. 0.],[0. 0.],Glow Plugs,976709395,1763324914,2001
1763324915072244325,[  0   0   0   0   7 209   0   0],7,264,[0. 0.],[0. 0.],Glow Plugs,71597280,1763324915,2001
1763324915217702437,[  0   0   0   0   7 209   0   0],7,264,[0. 0.],[0. 0.],Glow Plugs,217211488,1763324915,2001
1763324915290382500,[  0   0   0   0   7 209   0   0],7,264,[0. 0.],[0. 0.],Glow Plugs,290144898,1763324915,2001
1763324915375385429,[  0   0   0   0   7 209   0   0],7,264,[0. 0.],[0. 0.],Glow Plugs,374474765,1763324915,2001
1763324915469904254,[  0   0   0   0   7 209   0   0],7,264,[0. 0.],[0. 0.],Glow Plugs,466962371,1763324915,2001
1763324915574771047,[  0   0   0   0   7 209   0   0],7,264,[0. 0.],[0. 0.],Glow Plugs,573747133,1763324915,2001
1763324915669806452,[  0   0   0   0   7 209   0   0],7,264,[0. 0.],[0. 0.],Glow Plugs,668450888,1763324915,2001
1763324915783407053,[  0   0   0   0   7 209   0   0],7,264,[0. 0.],[0. 0.],Glow Plugs,782813192,1763324915,2001
1763324915865727078,[  0   0   0   0   7 209   0   0],7,264,[0. 0.],[0. 0.],Glow Plugs,865536644,1763324915,2001
1763324915981059407,[  0   0   0   0   7 209   0   0],7,264,[0. 0.],[0. 0.],Glow Plugs,980707724,1763324915,2001
1763324916073887177,[  0   0   0   0   7 209   0   0],7,264,[0. 0.],[0. 0.],Glow Plugs,73564870,1763324916,2001
1763324916219912079,[  0   0   0   0   7 209   0   0],7,264,[0. 0.],[0. 0.],Glow Plugs,219376586,1763324916,2001
1763324916292243499,[  0   0   0   0   7 209   0   0],7,264,[0. 0.],[0. 0.],Glow Plugs,291759687,1763324916,2001
1763324916388316451,[  0   0   0   0   7 209   0   0],7,264,[0. 0.],[0. 0.],Glow Plugs,387653085,1763324916,2001
1763324916472172650,[  0   0   0   0   7 209   0   0],7,264,[0. 0.],[0. 0.],Glow Plugs,471236514,1763324916,2001
1763324916584528409,[  0   0   0   0   7 209   0   0],7,264,[0. 0.],[0. 0.],Glow Plugs,584110581,1763324916,2001
1763324916666757233,[  0   0   0   0   7 209   0   0],7,264,[0. 0.],[0. 0.],Glow Plugs,666204556,1763324916,2001
1763324916781974522,[  0   0   0   0   7 209   0   0],7,264,[0. 0.],[0. 0.],Glow Plugs,781478261,1763324916,2001
1763324916874311503,[  0   0   0   0   7 209   0   0],7,264,[0. 0.],[0. 0.],Glow Plugs,874129966,1763324916,2001
1763324916987687175,[  0   0   0   0   7 209   0   0],7,264,[0. 0.],[0. 0.],Glow Plugs,987126338,1763324916,2001
1763324917069462172,[  0   0   0   0   7 209   0   0],7,264,[0. 0.],[0. 0.],Glow Plugs,68893591,1763324917,2001
1763324917224847545,[  0   0   0   0   7 209   0   0],7,264,[0. 0.],[0. 0.],Glow Plugs,224290740,1763324917,2001
1763324917298010846,[  0   0   0   0   7 209   0   0],7,264,[0. 0.],[0. 0.],Glow Plugs,296768339,1763324917,2001
1763324917381658916,[  0   0   0   0   7 209   0   0],7,264,[0. 0.],[0. 0.],Glow Plugs,381078463,1763324917,2001
1763324917471778278,[  0   0   0   0   7 209   0   0],7,264,[0. 0.],[0. 0.],Glow Plugs,471391746,1763324917,2001
1763324917585920326,[  0   0   0   0   7 209   0   0],7,264,[0. 0.],[0. 0.],Glow Plugs,584814300,1763324917,2001
1763324917678874274,[  0   0   0   0   7 209   0   0],7,264,[0. 0.],[0. 0.],Glow Plugs,678186459,1763324917,2001
1763324917782549185,[  0   0   0   0   7 209   0   0],7,264,[0. 0.],[0. 0.],Glow Plugs,781936187,1763324917,2001
1763324917877791058,[  0   0   0   0   7 209   0   0],7,264,[0. 0.],[0. 0.],Glow Plugs,876217060,1763324917,2001
1763324917993142909,[  0   0   0   0   7 209   0   0],7,264,[0. 0.],[0. 0.],Glow Plugs,991319564,1763324917,2001
1763324918074981875,[  0   0   0   0   7 209   0   0],7,264,[0. 0.],[0. 0.],Glow Plugs,73466853,1763324918,2001
1763324918228751235,[  0   0   0   0   7 209   0   0],7,264,[0. 0.],[0. 0.],Glow Plugs,228109917,1763324918,2001
1763324918301908136,[  0   0   0   0   7 209   0   0],7,264,[0. 0.],[0. 0.],Glow Plugs,301488004,1763324918,2001
1763324918384005824,[  0   0   0   0   7 209   0   0],7,264,[0. 0.],[0. 0.],Glow Plugs,383641117,1763324918,2001
1763324918476681146,[  0   0   0   0   7 209   0   0],7,264,[0. 0.],[0. 0.],Glow Plugs,476241110,1763324918,2001
1763324918590203606,[  0   0   0   0   7 209   0   0],7,264,[0. 0.],[0. 0.],Glow Plugs,589995380,1763324918,2001
1763324918675048903,[  0   0   0   0   7 209   0   0],7,264,[0. 0.],[0. 0.],Glow Plugs,674557859,1763324918,2001
1763324918787726714,[  0   0   0   0   7 209   0   0],7,264,[0. 0.],[0. 0.],Glow Plugs,787179605,1763324918,2001
1763324918882357735,[  0   0   0   0   7 209   0   0],7,264,[0. 0.],[0. 0.],Glow Plugs,881266237,1763324918,2001
1763324918995126299,[  0   0   0   0   7 209   0   0],7,264,[0. 0.],[0. 0.],Glow Plugs,993654605,1763324918,2001
1763324919076888433,[  0   0   0   0   7 209   0   0],7,264,[0. 0.],[0. 0.],Glow Plugs,76345963,1763324919,2001
1763324919230829091,[  0   0   0   0   7 209   0   0],7,264,[0. 0.],[0. 0.],Glow Plugs,230410303,1763324919,2001
1763324919303911240,[  0   0   0   0   7 209   0   0],7,264,[0. 0.],[0. 0.],Glow Plugs,303105313,1763324919,2001
1763324919387358894,[  0   0   0   0   7 209   0   0],7,264,[0. 0.],[0. 0.],Glow Plugs,386711240,1763324919,2001
1763324919479652581,[  0   0   0   0   7 209   0   0],7,264,[0. 0.],[0. 0.],Glow Plugs,478887998,1763324919,2001
1763324919596129212,[  0   0   0   0   7 209   0   0],7,264,[0. 0.],[0. 0.],Glow Plugs,592308857,1763324919,2001
1763324919685602074,[  0   0   0   0   7 209   0   0],7,264,[0. 0.],[0. 0.],Glow Plugs,684551536,1763324919,2001
1763324919790579654,[  0   0   0   0   7 209   0   0],7,264,[0. 0.],[0. 0.],Glow Plugs,788865527,1763324919,2001
1763324919885820025,[  0   0   0   0   7 209   0   0],7,264,[0. 0.],[0. 0.],Glow Plugs,885240564,1763324919,2001
1763324919988797043,[  0   0   0   0   7 209   0   0],7,264,[0. 0.],[0. 0.],Glow Plugs,988505489,1763324919,2001
1763324920084066055,[  0   0   0   0   7 209   0   0],7,264,[0. 0.],[0. 0.],Glow Plugs,83505122,1763324920,2001
1763324920237901306,[  0   0   0   0   7 209   0   0],7,264,[0. 0.],[0. 0.],Glow Plugs,237338933,1763324920,2001
1763324920310639996,[  0   0   0   0   7 209   0   0],7,264,[0. 0.],[0. 0.],Glow Plugs,310039415,1763324920,2001
1763324920393346876,[  0   0   0   0   7 209   0   0],7,264,[0. 0.],[0. 0.],Glow Plugs,392802199,1763324920,2001
1763324920489825882,[  0   0   0   0   7 209   0   0],7,264,[0. 0.],[0. 0.],Glow Plugs,488892914,1763324920,2001
1763324920597123422,[  0   0   0   0   7 209   0   0],7,264,[0. 0.],[0. 0.],Glow Plugs,595766257,1763324920,2001
1763324920688743471,[  0   0   0   0   7 209   0   0],7,264,[0. 0.],[0. 0.],Glow Plugs,687261474,1763324920,2001
1763324920791187750,[  0   0   0   0   7 209   0   0],7,264,[0. 0.],[0. 0.],Glow Plugs,790513151,1763324920,2001
1763324920883985186,[  0   0   0   0   7 209   0   0],7,264,[0. 0.],[0. 0.],Glow Plugs,883227483,1763324920,2001
1763324920996366709,[  0   0   0   0   7 209   0   0],7,264,[0. 0.],[0. 0.],Glow Plugs,995404492,1763324920,2001
1763324921090263996,[  0   0   0   0   7 209   0   0],7,264,[0. 0.],[0. 0.],Glow Plugs,89912665,1763324921,2001
1763324921234849754,[  0   0   0   0   7 209   0   0],7,264,[0. 0.],[0. 0.],Glow Plugs,234486423,1763324921,2001
1763324921308977259,[  0   0   0   0   7 209   0   0],7,264,[0. 0.],[0. 0.],Glow Plugs,308246084,1763324921,2001
1763324921401484357,[  0   0   0   0   7 209   0   0],7,264,[0. 0.],[0. 0.],Glow Plugs,401186915,1763324921,2001
1763324921485176110,[  0   0   0   0   7 209   0   0],7,264,[0. 0.],[0. 0.],Glow Plugs,484662409,1763324921,2001
1763324921599438003,[  0   0   0   0   7 209   0   0],7,264,[0. 0.],[0. 0.],Glow Plugs,598392009,1763324921,2001
1763324921691699755,[  0   0   0   0   7 209   0   0],7,264,[0. 0.],[0. 0.],Glow Plugs,691321096,1763324921,2001
1763324921797341984,[  0   0   0   0   7 209   0   0],7,264,[0. 0.],[0. 0.],Glow Plugs,796299638,1763324921,2001
1763324921889196021,[  0   0   0   0   7 209   0   0],7,264,[0. 0.],[0. 0.],Glow Plugs,888377197,1763324921,2001
1763324922002908308,[  0   0   0   0   7 209   0   0],7,264,[0. 0.],[0. 0.],Glow Plugs,2066925,1763324922,2001
1763324922085428819,[  0   0   0   0   7 209   0   0],7,264,[0. 0.],[0. 0.],Glow Plugs,84843950,1763324922,2001
1763324922241089529,[  0   0   0   0   7 209   0   0],7,264,[0. 0.],[0. 0.],Glow Plugs,240562132,1763324922,2001
1763324922313735420,[  0   0   0   0   7 209   0   0],7,264,[0. 0.],[0. 0.],Glow Plugs,313197879,1763324922,2001
1763324922398286574,[  0   0   0   0   7 209   0   0],7,264,[0. 0.],[0. 0.],Glow Plugs,397412422,1763324922,2001
1763324922490485510,[  0   0   0   0   7 209   0   0],7,264,[0. 0.],[0. 0.],Glow Plugs,489785728,1763324922,2001
1763324922604998254,[  0   0   0   0   7 209   0   0],7,264,[0. 0.],[0. 0.],Glow Plugs,603852708,1763324922,2001
1763324922687147690,[  0   0   0   0   7 209   0   0],7,264,[0. 0.],[0. 0.],Glow Plugs,685810173,1763324922,2001
1763324922800036930,[  0   0   0   0   7 209   0   0],7,264,[0. 0.],[0. 0.],Glow Plugs,799458365,1763324922,2001
1763324922893495431,[  0   0   0   0   7 209   0   0],7,264,[0. 0.],[0. 0.],Glow Plugs,892657631,1763324922,2001
1763324923006856164,[  0   0   0   0   7 209   0   0],7,264,[0. 0.],[0. 0.],Glow Plugs,6023004,1763324923,2001
1763324923088741565,[  0   0   0   0   7 209   0   0],7,264,[0. 0.],[0. 0.],Glow Plugs,88283737,1763324923,2001
1763324923244368677,[  0   0   0   0   7 209   0   0],7,264,[0. 0.],[0. 0.],Glow Plugs,243758015,1763324923,2001
1763324923319647553,[  0   0   0   0   7 209   0   0],7,264,[0. 0.],[0. 0.],Glow Plugs,319242429,1763324923,2001
1763324923402763301,[  0   0   0   0   7 209   0   0],7,264,[0. 0.],[0. 0.],Glow Plugs,402208320,1763324923,2001
1763324923494242904,[  0   0   0   0   7 209   0   0],7,264,[0. 0.],[0. 0.],Glow Plugs,493482513,1763324923,2001
1763324923606838447,[  0   0   0   0   7 209   0   0],7,264,[0. 0.],[0. 0.],Glow Plugs,606279178,1763324923,2001
1763324923700259636,[  0   0   0   0   7 209   0   0],7,264,[0. 0.],[0. 0.],Glow Plugs,699726479,1763324923,2001
1763324923803826455,[  0   0   0   0   7 209   0   0],7,264,[0. 0.],[0. 0.],Glow Plugs,803465491,1763324923,2001
1763324923896579509,[  0   0   0   0   7 209   0   0],7,264,[0. 0.],[0. 0.],Glow Plugs,895688653,1763324923,2001
1763324924008970058,[  0   0   0   0   7 209   0   0],7,264,[0. 0.],[0. 0.],Glow Plugs,8624519,1763324924,2001
1763324924094265252,[  0   0   0   0   7 209   0   0],7,264,[0. 0.],[0. 0.],Glow Plugs,93112442,1763324924,2001
1763324924248744962,[  0   0   0   0   7 209   0   0],7,264,[0. 0.],[0. 0.],Glow Plugs,247861882,1763324924,2001
1763324924321027171,[  0   0   0   0   7 209   0   0],7,264,[0. 0.],[0. 0.],Glow Plugs,320679807,1763324924,2001
1763324924403123903,[  0   0   0   0   7 209   0   0],7,264,[0. 0.],[0. 0.],Glow Plugs,402890301,1763324924,2001
1763324924497027689,[  0   0   0   0   7 209   0   0],7,264,[0. 0.],[0. 0.],Glow Plugs,496813127,1763324924,2001
1763324924610408232,[  0   0   0   0   7 209   0   0],7,264,[0. 0.],[0. 0.],Glow Plugs,610230214,1763324924,2001
1763324924692964648,[  0   0   0   0   7 209   0   0],7,264,[0. 0.],[0. 0.],Glow Plugs,692599077,1763324924,2001
1763324924810534286,[  0   0   0   0   7 209   0   0],7,264,[0. 0.],[0. 0.],Glow Plugs,809895848,1763324924,2001
1763324924903571856,[  0   0   0   0   7 209   0   0],7,264,[0. 0.],[0. 0.],Glow Plugs,901976545,1763324924,2001
1763324925007439511,[  0   0   0   0   7 209   0   0],7,264,[0. 0.],[0. 0.],Glow Plugs,6910130,1763324925,2001
1763324925100227511,[  0   0   0   0   7 209   0   0],7,264,[0. 0.],[0. 0.],Glow Plugs,99804339,1763324925,2001
1763324925255650463,[  0   0   0   0   7 209   0   0],7,264,[0. 0.],[0. 0.],Glow Plugs,255268059,1763324925,2001
1763324925328216323,[  0   0   0   0   7 209   0   0],7,264,[0. 0.],[0. 0.],Glow Plugs,327833119,1763324925,2001
1763324925411593131,[  0   0   0   0   7 209   0   0],7,264,[0. 0.],[0. 0.],Glow Plugs,410842244,1763324925,2001
1763324925505253076,[  0   0   0   0   7 209   0   0],7,264,[0. 0.],[0. 0.],Glow Plugs,504680494,1763324925,2001
1763324925609162652,[  0   0   0   0   7 209   0   0],7,264,[0. 0.],[0. 0.],Glow Plugs,608573814,1763324925,2001
1763324925703711084,[  0   0   0   0   7 209   0   0],7,264,[0. 0.],[0. 0.],Glow Plugs,703092678,1763324925,2001
1763324925815908865,[  0   0   0   0   7 209   0   0],7,264,[0. 0.],[0. 0.],Glow Plugs,815595806,1763324925,2001
1763324925899519372,[  0   0   0   0   7 209   0   0],7,264,[0. 0.],[0. 0.],Glow Plugs,899291562,1763324925,2001
1763324926013824853,[  0   0   0   0   7 209   0   0],7,264,[0. 0.],[0. 0.],Glow Plugs,13299344,1763324926,2001
1763324926106046608,[  0   0   0   0   7 209   0   0],7,264,[0. 0.],[0. 0.],Glow Plugs,105824174,1763324926,2001
1763324926251769471,[  0   0   0   0   7 209   0   0],7,264,[0. 0.],[0. 0.],Glow Plugs,251006168,1763324926,2001
1763324926324599750,[  0   0   0   0   7 209   0   0],7,264,[0. 0.],[0. 0.],Glow Plugs,324085153,1763324926,2001
1763324926417863851,[  0   0   0   0   7 209   0   0],7,264,[0. 0.],[0. 0.],Glow Plugs,416867298,1763324926,2001
1763324926501938683,[  0   0   0   0   7 209   0   0],7,264,[0. 0.],[0. 0.],Glow Plugs,500409421,1763324926,2001
1763324926614236338,[  0   0   0   0   7 209   0   0],7,264,[0. 0.],[0. 0.],Glow Plugs,612738820,1763324926,2001
1763324926705895528,[  0   0   0   0   7 209   0   0],7,264,[0. 0.],[0. 0.],Glow Plugs,704844703,1763324926,2001
1763324926818721828,[  0   0   0   0   7 209   0   0],7,264,[0. 0.],[0. 0.],Glow Plugs,818431169,1763324926,2001
1763324926911077985,[  0   0   0   0   7 209   0   0],7,264,[0. 0.],[0. 0.],Glow Plugs,910481564,1763324926,2001
1763324927013647389,[  0   0   0   0   7 209   0   0],7,264,[0. 0.],[0. 0.],Glow Plugs,13052088,1763324927,2001
1763324927106167997,[  0   0   0   0   7 209   0   0],7,264,[0. 0.],[0. 0.],Glow Plugs,105244052,1763324927,2001
1763324927259800726,[  0   0   0   0   7 209   0   0],7,264,[0. 0.],[0. 0.],Glow Plugs,259524819,1763324927,2001
1763324927332238170,[  0   0   0   0   7 209   0   0],7,264,[0. 0.],[0. 0.],Glow Plugs,331716533,1763324927,2001
1763324927419278374,[  0   0   0   0   7 209   0   0],7,264,[0. 0.],[0. 0.],Glow Plugs,416110056,1763324927,2001
1763324927509059852,[  0   0   0   0   7 209   0   0],7,264,[0. 0.],[0. 0.],Glow Plugs,508860490,1763324927,2001
1763324927614127936,[  0   0   0   0   7 209   0   0],7,264,[0. 0.],[0. 0.],Glow Plugs,613704572,1763324927,2001
1763324927708736339,[  0   0   0   0   7 209   0   0],7,264,[0. 0.],[0. 0.],Glow Plugs,708179469,1763324927,2001
1763324927821377038,[  0   0   0   0   7 209   0   0],7,264,[0. 0.],[0. 0.],Glow Plugs,820795400,1763324927,2001
1763324927916661927,[  0   0   0   0   7 209   0   0],7,264,[0. 0.],[0. 0.],Glow Plugs,915054360,1763324927,2001
1763324928016047814,[  0   0   0   0   7 209   0   0],7,264,[0. 0.],[0. 0.],Glow Plugs,15236062,1763324928,2001
1763324928109289485,[  0   0   0   0   7 209   0   0],7,264,[0. 0.],[0. 0.],Glow Plugs,107711742,1763324928,2001
1763324928265703585,[  0   0   0   0   7 209   0   0],7,264,[0. 0.],[0. 0.],Glow Plugs,264797689,1763324928,2001
1763324928337510720,[  0   0   0   0   7 209   0   0],7,264,[0. 0.],[0. 0.],Glow Plugs,336471766,1763324928,2001
1763324928419315580,[  0   0   0   0   7 209   0   0],7,264,[0. 0.],[0. 0.],Glow Plugs,419131386,1763324928,2001
1763324928511987677,[  0   0   0   0   7 209   0   0],7,264,[0. 0.],[0. 0.],Glow Plugs,511551417,1763324928,2001
1763324928625217790,[  0   0   0   0   7 209   0   0],7,264,[0. 0.],[0. 0.],Glow Plugs,624853787,1763324928,2001
1763324928706971930,[  0   0   0   0   7 209   0   0],7,264,[0. 0.],[0. 0.],Glow Plugs,706733719,1763324928,2001
1763324928821293317,[  0   0   0   0   7 209   0   0],7,264,[0. 0.],[0. 0.],Glow Plugs,820354140,1763324928,2001
1763324928913998887,[  0   0   0   0   7 209   0   0],7,264,[0. 0.],[0. 0.],Glow Plugs,913521442,1763324928,2001
1763324929027192136,[  0   0   0   0   7 209   0   0],7,264,[0. 0.],[0. 0.],Glow Plugs,26491393,1763324929,2001
1763324929109005413,[  0   0   0   0   7 209   0   0],7,264,[0. 0.],[0. 0.],Glow Plugs,108714754,1763324929,2001
1763324929263613257,[  0   0   0   0   7 209   0   0],7,264,[0. 0.],[0. 0.],Glow Plugs,263192005,1763324929,2001
1763324929336315665,[  0   0   0   0   7 209   0   0],7,264,[0. 0.],[0. 0.],Glow Plugs,336080303,1763324929,2001
1763324929418819956,[  0   0   0   0   7 209   0   0],7,264,[0. 0.],[0. 0.],Glow Plugs,418616146,1763324929,2001
1763324929512028891,[  0   0   0   0   7 209   0   0],7,264,[0. 0.],[0. 0.],Glow Plugs,511729464,1763324929,2001
1763324929628227065,[  0   0   0   0   7 209   0   0],7,264,[0. 0.],[0. 0.],Glow Plugs,626946221,1763324929,2001
1763324929718211682,[  0   0   0   0   7 209   0   0],7,264,[0. 0.],[0. 0.],Glow Plugs,717428699,1763324929,2001
1763324929820843265,[  0   0   0   0   7 209   0   0],7,264,[0. 0.],[0. 0.],Glow Plugs,820604287,1763324929,2001
1763324929916168156,[  0   0   0   0   7 209   0   0],7,264,[0. 0.],[0. 0.],Glow Plugs,913227808,1763324929,2001
1763324930030575849,[  0   0   0   0   7 209   0   0],7,264,[0. 0.],[0. 0.],Glow Plugs,30100261,1763324930,2001
1763324930113891349,[  0   0   0   0   7 209   0   0],7,264,[0. 0.],[0. 0.],Glow Plugs,113349135,1763324930,2001
1763324930269002367,[  0   0   0   0   7 209   0   0],7,264,[0. 0.],[0. 0.],Glow Plugs,267497265,1763324930,2001
1763324930341766088,[  0   0   0   0   7 209   0   0],7,264,[0. 0.],[0. 0.],Glow Plugs,341436677,1763324930,2001
1763324930425434903,[  0   0   0   0   7 209   0   0],7,264,[0. 0.],[0. 0.],Glow Plugs,424180395,1763324930,2001
1763324930517630517,[  0   0   0   0   7 209   0   0],7,264,[0. 0.],[0. 0.],Glow Plugs,516813133,1763324930,2001
1763324930630525621,[  0   0   0   0   7 209   0   0],7,264,[0. 0.],[0. 0.],Glow Plugs,630115313,1763324930,2001
1763324930725821456,[  0   0   0   0   7 209   0   0],7,264,[0. 0.],[0. 0.],Glow Plugs,724767974,1763324930,2001
1763324930828040716,[  0   0   0   0   7 209   0   0],7,264,[0. 0.],[0. 0.],Glow Plugs,827310693,1763324930,2001
1763324930920702959,[  0   0   0   0   7 209   0   0],7,264,[0. 0.],[0. 0.],Glow Plugs,920253419,1763324930,2001
1763324931032882024,[  0   0   0   0   7 209   0   0],7,264,[0. 0.],[0. 0.],Glow Plugs,32192546,1763324931,2001
1763324931123186486,[  0   0   0   0   7 209   0   0],7,264,[0. 0.],[0. 0.],Glow Plugs,122353070,1763324931,2001
1763324931268872585,[  0   0   0   0   7 209   0   0],7,264,[0. 0.],[0. 0.],Glow Plugs,266376082,1763324931,2001
1763324931339494207,[  0   0   0   0   7 209   0   0],7,264,[0. 0.],[0. 0.],Glow Plugs,338699671,1763324931,2001
1763324931433916402,[  0   0   0   0   7 209   0   0],7,264,[0. 0.],[0. 0.],Glow Plugs,433235052,1763324931,2001
1763324931516879739,[  0   0   0   0   7 209   0   0],7,264,[0. 0.],[0. 0.],Glow Plugs,515245324,1763324931,2001
1763324931629125942,[  0   0   0   0   7 209   0   0],7,264,[0. 0.],[0. 0.],Glow Plugs,628087756,1763324931,2001
1763324931721263988,[  0   0   0   0   7 209   0   0],7,264,[0. 0.],[0. 0.],Glow Plugs,720425292,1763324931,2001
1763324931835547938,[  0   0   0   0   7 209   0   0],7,264,[0. 0.],[0. 0.],Glow Plugs,835354240,1763324931,2001
1763324931923109622,[  0   0   0   0   7 209   0   0],7,264,[0. 0.],[0. 0.],Glow Plugs,922586161,1763324931,2001
1763324932036347930,[  0   0   0   0   7 209   0   0],7,264,[0. 0.],[0. 0.],Glow Plugs,35580627,1763324932,2001
1763324932120283756,[  0   0   0   0   7 209   0   0],7,264,[0. 0.],[0. 0.],Glow Plugs,119670023,1763324932,2001
1763324932275330649,[  0   0   0   0   7 209   0   0],7,264,[0. 0.],[0. 0.],Glow Plugs,274096429,1763324932,2001
1763324932346175601,[  0   0   0   0   7 209   0   0],7,264,[0. 0.],[0. 0.],Glow Plugs,345692492,1763324932,2001
1763324932440669894,[  0   0   0   0   7 209   0   0],7,264,[0. 0.],[0. 0.],Glow Plugs,440480900,1763324932,2001
1763324932530464655,[  0   0   0   0   7 209   0   0],7,264,[0. 0.],[0. 0.],Glow Plugs,530009131,1763324932,2001
1763324932634532862,[  0   0   0   0   7 209   0   0],7,264,[0. 0.],[0. 0.],Glow Plugs,633723191,1763324932,2001
1763324932726490172,[  0   0   0   0   7 209   0   0],7,264,[0. 0.],[0. 0.],Glow Plugs,725863318,1763324932,2001
1763324932841133486,[  0   0   0   0   7 209   0   0],7,264,[0. 0.],[0. 0.],Glow Plugs,839761313,1763324932,2001
1763324932922464776,[  0   0   0   0   7 209   0   0],7,264,[0. 0.],[0. 0.],Glow Plugs,922212165,1763324932,2001
1763324933035740077,[  0   0   0   0   7 209   0   0],7,264,[0. 0.],[0. 0.],Glow Plugs,35300521,1763324933,2001
1763324933129860736,[  0   0   0   0   7 209   0   0],7,264,[0. 0.],[0. 0.],Glow Plugs,128946391,1763324933,2001
1763324933281269452,[  0   0   0   0   7 209   0   0],7,264,[0. 0.],[0. 0.],Glow Plugs,280947401,1763324933,2001
1763324933355911239,[  0   0   0   0   7 209   0   0],7,264,[0. 0.],[0. 0.],Glow Plugs,355337922,1763324933,2001
1763324933438702864,[  0   0   0   0   7 209   0   0],7,264,[0. 0.],[0. 0.],Glow Plugs,438353484,1763324933,2001
1763324933532784194,[  0   0   0   0   7 209   0   0],7,264,[0. 0.],[0. 0.],Glow Plugs,532421054,1763324933,2001
1763324933636254380,[  0   0   0   0   7 209   0   0],7,264,[0. 0.],[0. 0.],Glow Plugs,635568390,1763324933,2001
1763324933729804889,[  0   0   0   0   7 209   0   0],7,264,[0. 0.],[0. 0.],Glow Plugs,729116499,1763324933,2001
1763324933843090303,[  0   0   0   0   7 209   0   0],7,264,[0. 0.],[0. 0.],Glow Plugs,842490746,1763324933,2001
1763324933925600581,[  0   0   0   0   7 209   0   0],7,264,[0. 0.],[0. 0.],Glow Plugs,925290914,1763324933,2001
1763324934039771124,[  0   0   0   0   7 209   0   0],7,264,[0. 0.],[0. 0.],Glow Plugs,39271663,1763324934,2001
1763324934132343737,[  0   0   0   0   7 209   0   0],7,264,[0. 0.],[0. 0.],Glow Plugs,131726835,1763324934,2001
1763324934276502785,[  0   0   0   0   7 209   0   0],7,264,[0. 0.],[0. 0.],Glow Plugs,275814011,1763324934,2001
1763324934352321353,[  0   0   0   0   7 209   0   0],7,264,[0. 0.],[0. 0.],Glow Plugs,350111028,1763324934,2001
1763324934444493706,[  0   0   0   0   7 209   0   0],7,264,[0. 0.],[0. 0.],Glow Plugs,443626690,1763324934,2001
1763324934525632739,[  0   0   0   0   7 209   0   0],7,264,[0. 0.],[0. 0.],Glow Plugs,525043358,1763324934,2001
1763324934638788809,[  0   0   0   0   7 209   0   0],7,264,[0. 0.],[0. 0.],Glow Plugs,638011362,1763324934,2001
1763324934731813618,[  0   0   0   0   7 209   0   0],7,264,[0. 0.],[0. 0.],Glow Plugs,730958218,1763324934,2001
1763324934846066274,[  0   0   0   0   7 209   0   0],7,264,[0. 0.],[0. 0.],Glow Plugs,845584606,1763324934,2001
1763324934928828907,[  0   0   0   0   7 209   0   0],7,264,[0. 0.],[0. 0.],Glow Plugs,928109028,1763324934,2001
1763324935041714414,[  0   0   0   0   7 209   0   0],7,264,[0. 0.],[0. 0.],Glow Plugs,41484492,1763324935,2001
1763324935133800047,[  0   0   0   0   7 209   0   0],7,264,[0. 0.],[0. 0.],Glow Plugs,133485708,1763324935,2001
1763324935289208131,[  0   0   0   0   7 209   0   0],7,264,[0. 0.],[0. 0.],Glow Plugs,288089048,1763324935,2001
1763324935361271272,[  0   0   0   0   7 209   0   0],7,264,[0. 0.],[0. 0.],Glow Plugs,361056326,1763324935,2001
1763324935444336820,[  0   0   0   0   7 209   0   0],7,264,[0. 0.],[0. 0.],Glow Plugs,443615981,1763324935,2001
1763324935537014394,[  0   0   0   0   7 209   0   0],7,264,[0. 0.],[0. 0.],Glow Plugs,536427765,1763324935,2001
1763324935640396837,[  0   0   0   0   7 209   0   0],7,264,[0. 0.],[0. 0.],Glow Plugs,639988289,1763324935,2001
1763324935732431077,[  0   0   0   0   7 209   0   0],7,264,[0. 0.],[0. 0.],Glow Plugs,732147875,1763324935,2001
1763324935845960880,[  0   0   0   0   7 209   0   0],7,264,[0. 0.],[0. 0.],Glow Plugs,845611148,1763324935,2001
1763324935938555669,[  0   0   0   0   7 209   0   0],7,264,[0. 0.],[0. 0.],Glow Plugs,938178418,1763324935,2001
1763324936040728629,[  0   0   0   0   7 209   0   0],7,264,[0. 0.],[0. 0.],Glow Plugs,40503123,1763324936,2001
1763324936134462182,[  0   0   0   0   7 209   0   0],7,264,[0. 0.],[0. 0.],Glow Plugs,134207300,1763324936,2001
1763324936291351785,[  0   0   0   0   7 209   0   0],7,264,[0. 0.],[0. 0.],Glow Plugs,290936357,1763324936,2001
1763324936364234006,[  0   0   0   0   7 209   0   0],7,264,[0. 0.],[0. 0.],Glow Plugs,363371726,1763324936,2001
1763324936446456923,[  0   0   0   0   7 209   0   0],7,264,[0. 0.],[0. 0.],Glow Plugs,445909366,1763324936,2001
1763324936539203043,[  0   0   0   0   7 209   0   0],7,264,[0. 0.],[0. 0.],Glow Plugs,538922016,1763324936,2001
1763324936652747726,[  0   0   0   0   7 209   0   0],7,264,[0. 0.],[0. 0.],Glow Plugs,652127432,1763324936,2001
1763324936736064989,[  0   0   0   0   7 209   0   0],7,264,[0. 0.],[0. 0.],Glow Plugs,735686969,1763324936,2001
1763324936848018809,[  0   0   0   0   7 209   0   0],7,264,[0. 0.],[0. 0.],Glow Plugs,847528149,1763324936,2001
1763324936940150843,[  0   0   0   0   7 209   0   0],7,264,[0. 0.],[0. 0.],Glow Plugs,939673495,1763324936,2001
1763324937053900649,[  0   0   0   0   7 209   0   0],7,264,[0. 0.],[0. 0.],Glow Plugs,52663805,1763324937,2001
1763324937136166351,[  0   0   0   0   7 209   0   0],7,264,[0. 0.],[0. 0.],Glow Plugs,135798603,1763324937,2001
1763324937293073139,[  0   0   0   0   7 209   0   0],7,264,[0. 0.],[0. 0.],Glow Plugs,292864369,1763324937,2001
1763324937366440037,[  0   0   0   0   7 209   0   0],7,264,[0. 0.],[0. 0.],Glow Plugs,366055649,1763324937,2001
1763324937449529971,[  0   0   0   0   7 209   0   0],7,264,[0. 0.],[0. 0.],Glow Plugs,448854092,1763324937,2001
1763324937542658815,[  0   0   0   0   7 209   0   0],7,264,[0. 0.],[0. 0.],Glow Plugs,542435965,1763324937,2001
1763324937655230242,[  0   0   0   0   7 209   0   0],7,264,[0. 0.],[0. 0.],Glow Plugs,654991583,1763324937,2001
1763324937738255919,[  0   0   0   0   7 209   0   0],7,264,[0. 0.],[0. 0.],Glow Plugs,737843691,1763324937,2001
1763324937851473112,[  0   0   0   0   7 209   0   0],7,264,[0. 0.],[0. 0.],Glow Plugs,850739121,1763324937,2001
1763324937943920349,[  0   0   0   0   7 209   0   0],7,264,[0. 0.],[0. 0.],Glow Plugs,943079061,1763324937,2001
1763324938057146663,[  0   0   0   0   7 209   0   0],7,264,[0. 0.],[0. 0.],Glow Plugs,56658754,1763324938,2001
1763324938142532235,[  0   0   0   0   7 209   0   0],7,264,[0. 0.],[0. 0.],Glow Plugs,140247317,1763324938,2001
1763324938294206879,[  0   0   0   0   7 209   0   0],7,264,[0. 0.],[0. 0.],Glow Plugs,294014845,1763324938,2001
1763324938367169518,[  0   0   0   0   7 209   0   0],7,264,[0. 0.],[0. 0.],Glow Plugs,366274917,1763324938,2001
1763324938451551208,[  0   0   0   0   7 209   0   0],7,264,[0. 0.],[0. 0.],Glow Plugs,451100132,1763324938,2001
1763324938543525578,[  0   0   0   0   7 209   0   0],7,264,[0. 0.],[0. 0.],Glow Plugs,543285256,1763324938,2001
1763324938657399450,[  0   0   0   0   7 209   0   0],7,264,[0. 0.],[0. 0.],Glow Plugs,657194616,1763324938,2001
1763324938740105989,[  0   0   0   0   7 209   0   0],7,264,[0. 0.],[0. 0.],Glow Plugs,739830946,1763324938,2001
1763324938853866996,[  0   0   0   0   7 209   0   0],7,264,[0. 0.],[0. 0.],Glow Plugs,853281998,1763324938,2001
1763324938948492495,[  0   0   0   0   7 209   0   0],7,264,[0. 0.],[0. 0.],Glow Plugs,947657479,1763324938,2001
1763324939058693725,[  0   0   0   0   7 209   0   0],7,264,[0. 0.],[0. 0.],Glow Plugs,58421914,1763324939,2001
1763324939141669162,[  0   0   0   0   7 209   0   0],7,264,[0. 0.],[0. 0.],Glow Plugs,141452008,1763324939,2001
1763324939300669700,[  0   0   0   0   7 209   0   0],7,264,[0. 0.],[0. 0.],Glow Plugs,299432537,1763324939,2001
1763324939372736108,[  0   0   0   0   7 209   0   0],7,264,[0. 0.],[0. 0.],Glow Plugs,371916740,1763324939,2001
1763324939455070131,[  0   0   0   0   7 209   0   0],7,264,[0. 0.],[0. 0.],Glow Plugs,454177035,1763324939,2001
1763324939548237473,[  0   0   0   0   7 209   0   0],7,264,[0. 0.],[0. 0.],Glow Plugs,547388601,1763324939,2001
1763324939661759951,[  0   0   0   0   7 209   0   0],7,264,[0. 0.],[0. 0.],Glow Plugs,660521635,1763324939,2001
1763324939743773972,[  0   0   0   0   7 209   0   0],7,264,[0. 0.],[0. 0.],Glow Plugs,742836683,1763324939,2001
1763324939858310571,[  0   0   0   0   7 209   0   0],7,264,[0. 0.],[0. 0.],Glow Plugs,857903975,1763324939,2001
1763324939950664209,[  0   0   0   0   7 209   0   0],7,264,[0. 0.],[0. 0.],Glow Plugs,950086667,1763324939,2001
1763324940053622555,[  0   0   0   0   7 209   0   0],7,264,[0. 0.],[0. 0.],Glow Plugs,53341977,1763324940,2001
1763324940147211086,[  0   0   0   0   7 209   0   0],7,264,[0. 0.],[0. 0.],Glow Plugs,146852235,1763324940,2001
1763324940301843328,[  0   0   0   0   7 209   0   0],7,264,[0. 0.],[0. 0.],Glow Plugs,301553053,1763324940,2001
1763324940375580663,[  0   0   0   0   7 209   0   0],7,264,[0. 0.],[0. 0.],Glow Plugs,374566318,1763324940,2001
1763324940458122338,[  0   0   0   0   7 209   0   0],7,264,[0. 0.],[0. 0.],Glow Plugs,457194489,1763324940,2001
1763324940552421147,[  0   0   0   0   7 209   0   0],7,264,[0. 0.],[0. 0.],Glow Plugs,549575200,1763324940,2001
1763324940663178575,[  0   0   0   0   7 209   0   0],7,264,[0. 0.],[0. 0.],Glow Plugs,662678891,1763324940,2001
1763324940755742680,[  0   0   0   0   7 209   0   0],7,264,[0. 0.],[0. 0.],Glow Plugs,755061490,1763324940,2001
1763324940858639939,[  0   0   0   0   7 209   0   0],7,264,[0. 0.],[0. 0.],Glow Plugs,858231711,1763324940,2001
1763324940951513198,[  0   0   0   0   7 209   0   0],7,264,[0. 0.],[0. 0.],Glow Plugs,950649670,1763324940,2001
1763324941065053630,[  0   0   0   0   7 209   0   0],7,264,[0. 0.],[0. 0.],Glow Plugs,64299830,1763324941,2001
1763324941158861651,[  0   0   0   0   7 209   0   0],7,264,[0. 0.],[0. 0.],Glow Plugs,157171555,1763324941,2001
1763324941303232229,[  0   0   0   0   7 209   0   0],7,264,[0. 0.],[0. 0.],Glow Plugs,302529247,1763324941,2001
1763324941375255437,[  0   0   0   0   7 209   0   0],7,264,[0. 0.],[0. 0.],Glow Plugs,374930474,1763324941,2001
1763324941468557886,[  0   0   0   0   7 209   0   0],7,264,[0. 0.],[0. 0.],Glow Plugs,468247643,1763324941,2001
1763324941552100210,[  0   0   0   0   7 209   0   0],7,264,[0. 0.],[0. 0.],Glow Plugs,551522125,1763324941,2001
1763324941665803587,[  0   0   0   0   7 209   0   0],7,264,[0. 0.],[0. 0.],Glow Plugs,665541985,1763324941,2001
1763324941758698256,[  0   0   0   0   7 209   0   0],7,264,[0. 0.],[0. 0.],Glow Plugs,758239435,1763324941,2001
1763324941860877940,[  0   0   0   0   7 209   0   0],7,264,[0. 0.],[0. 0.],Glow Plugs,860616370,1763324941,2001
1763324941953595103,[  0   0   0   0   7 209   0   0],7,264,[0. 0.],[0. 0.],Glow Plugs,953098650,1763324941,2001
1763324942068826879,[  0   0   0   0   7 209   0   0],7,264,[0. 0.],[0. 0.],Glow Plugs,68263610,1763324942,2001
1763324942160273119,[  0   0   0   0   7 209   0   0],7,264,[0. 0.],[0. 0.],Glow Plugs,159807898,1763324942,2001
1763324942306257602,[  0   0   0   0   7 209   0   0],7,264,[0. 0.],[0. 0.],Glow Plugs,305732317,1763324942,2001
1763324942378479084,[  0   0   0   0   7 209   0   0],7,264,[0. 0.],[0. 0.],Glow Plugs,378210057,1763324942,2001
1763324942470971637,[  0   0   0   0   7 209   0   0],7,264,[0. 0.],[0. 0.],Glow Plugs,470595154,1763324942,2001
1763324942554354665,[  0   0   0   0   7 209   0   0],7,264,[0. 0.],[0. 0.],Glow Plugs,552784602,1763324942,2001
1763324942666859568,[  0   0   0   0   7 209   0   0],7,264,[0. 0.],[0. 0.],Glow Plugs,665228800,1763324942,2001
1763324942757987788,[  0   0   0   0   7 209   0   0],7,264,[0. 0.],[0. 0.],Glow Plugs,757346246,1763324942,2001
1763324942864695804,[  0   0   0   0   7 209   0   0],7,264,[0. 0.],[0. 0.],Glow Plugs,864192023,1763324942,2001
1763324942957713163,[  0   0   0   0   7 209   0   0],7,264,[0. 0.],[0. 0.],Glow Plugs,956268253,1763324942,2001
1763324943070796407,[  0   0   0   0   7 209   0   0],7,264,[0. 0.],[0. 0.],Glow Plugs,70258162,1763324943,2001
1763324943163325090,[  0   0   0   0   7 209   0   0],7,264,[0. 0.],[0. 0.],Glow Plugs,162334776,1763324943,2001
1763324943308754785,[  0   0   0   0   7 209   0   0],7,264,[0. 0.],[0. 0.],Glow Plugs,307919449,1763324943,2001
1763324943380756265,[  0   0   0   0   7 209   0   0],7,264,[0. 0.],[0. 0.],Glow Plugs,380461318,1763324943,2001
1763324943472995601,[  0   0   0   0   7 209   0   0],7,264,[0. 0.],[0. 0.],Glow Plugs,472721038,1763324943,2001
1763324943557791187,[  0   0   0   0   7 209   0   0],7,264,[0. 0.],[0. 0.],Glow Plugs,556641800,1763324943,2001
1763324943669461586,[  0   0   0   0   7 209   0   0],7,264,[0. 0.],[0. 0.],Glow Plugs,669278960,1763324943,2001
1763324943762895589,[  0   0   0   0   7 209   0   0],7,264,[0. 0.],[0. 0.],Glow Plugs,761741050,1763324943,2001
1763324943875695856,[  0   0   0   0   7 209   0   0],7,264,[0. 0.],[0. 0.],Glow Plugs,875465165,1763324943,2001
1763324943961519579,[  0   0   0   0   7 209   0   0],7,264,[0. 0.],[0. 0.],Glow Plugs,961308249,1763324943,2001
1763324944078920369,[  0   0   0   0   7 209   0   0],7,264,[0. 0.],[0. 0.],Glow Plugs,77798599,1763324944,2001
1763324944161547583,[  0   0   0   0   7 209   0   0],7,264,[0. 0.],[0. 0.],Glow Plugs,161238108,1763324944,2001
1763324944316603578,[  0   0   0   0   7 209   0   0],7,264,[0. 0.],[0. 0.],Glow Plugs,315602416,1763324944,2001
1763324944389208424,[  0   0   0   0   7 209   0   0],7,264,[0. 0.],[0. 0.],Glow Plugs,388221375,1763324944,2001
1763324944471266993,[  0   0   0   0   7 209   0   0],7,264,[0. 0.],[0. 0.],Glow Plugs,471011790,1763324944,2001
1763324944563807132,[  0   0   0   0   7 209   0   0],7,264,[0. 0.],[0. 0.],Glow Plugs,563308311,1763324944,2001
1763324944677194509,[  0   0   0   0   7 209   0   0],7,264,[0. 0.],[0. 0.],Glow Plugs,676132771,1763324944,2001
1763324944759164948,[  0   0   0   0   7 209   0   0],7,264,[0. 0.],[0. 0.],Glow Plugs,758970482,1763324944,2001
1763324944876996655,[  0   0   0   0   7 209   0   0],7,264,[0. 0.],[0. 0.],Glow Plugs,876494986,1763324944,2001
1763324944969347289,[  0   0   0   0   7 209   0   0],7,264,[0. 0.],[0. 0.],Glow Plugs,965804311,1763324944,2001
1763324945081950306,[  0   0   0   0   7 209   0   0],7,264,[0. 0.],[0. 0.],Glow Plugs,81467710,1763324945,2001
1763324945164589809,[  0   0   0   0   7 209   0   0],7,264,[0. 0.],[0. 0.],Glow Plugs,163586119,1763324945,2001
1763324945320686711,[  0   0   0   0   7 209   0   0],7,264,[0. 0.],[0. 0.],Glow Plugs,320341395,1763324945,2001
1763324945394471761,[  0   0   0   0   7 209   0   0],7,264,[0. 0.],[0. 0.],Glow Plugs,392714945,1763324945,2001
1763324945475350703,[  0   0   0   0   7 209   0   0],7,264,[0. 0.],[0. 0.],Glow Plugs,475120077,1763324945,2001
1763324945568320575,[  0   0   0   0   7 209   0   0],7,264,[0. 0.],[0. 0.],Glow Plugs,568063965,1763324945,2001
1763324945682534809,[  0   0   0   0   7 209   0   0],7,264,[0. 0.],[0. 0.],Glow Plugs,682317815,1763324945,2001
1763324945766037039,[  0   0   0   0   7 209   0   0],7,264,[0. 0.],[0. 0.],Glow Plugs,765833805,1763324945,2001
1763324945879541634,[  0   0   0   0   7 209   0   0],7,264,[0. 0.],[0. 0.],Glow Plugs,879303936,1763324945,2001
1763324945974081153,[  0   0   0   0   7 209   0   0],7,264,[0. 0.],[0. 0.],Glow Plugs,973836383,1763324945,2001
1763324946079060867,[  0   0   0   0   7 209   0   0],7,264,[0. 0.],[0. 0.],Glow Plugs,78598783,1763324946,2001
1763324946175265011,[  0   0   0   0   7 209   0   0],7,264,[0. 0.],[0. 0.],Glow Plugs,174252329,1763324946,2001
1763324946318900612,[  0   0   0   0   7 209   0   0],7,264,[0. 0.],[0. 0.],Glow Plugs,318392255,1763324946,2001
1763324946391486548,[  0   0   0   0   7 209   0   0],7,264,[0. 0.],[0. 0.],Glow Plugs,391065456,1763324946,2001
1763324946488429770,[  0   0   0   0   7 209   0   0],7,264,[0. 0.],[0. 0.],Glow Plugs,484703047,1763324946,2001
1763324946569265064,[  0   0   0   0   7 209   0   0],7,264,[0. 0.],[0. 0.],Glow Plugs,568312543,1763324946,2001
1763324946681896883,[  0   0   0   0   7 209   0   0],7,264,[0. 0.],[0. 0.],Glow Plugs,679378299,1763324946,2001
1763324946772286476,[  0   0   0   0   7 209   0   0],7,264,[0. 0.],[0. 0.],Glow Plugs,771252514,1763324946,2001
1763324946885430620,[  0   0   0   0   7 209   0   0],7,264,[0. 0.],[0. 0.],Glow Plugs,884684181,1763324946,2001
1763324946968553711,[  0   0   0   0   7 209   0   0],7,264,[0. 0.],[0. 0.],Glow Plugs,967209923,1763324946,2001
1763324947084138007,[  0   0   0   0   7 209   0   0],7,264,[0. 0.],[0. 0.],Glow Plugs,83051341,1763324947,2001
1763324947176405666,[  0   0   0   0   7 209   0   0],7,264,[0. 0.],[0. 0.],Glow Plugs,175127606,1763324947,2001
1763324947319767058,[  0   0   0   0   7 209   0   0],7,264,[0. 0.],[0. 0.],Glow Plugs,318818217,1763324947,2001
1763324947395508864,[  0   0   0   0   7 209   0   0],7,264,[0. 0.],[0. 0.],Glow Plugs,394962587,1763324947,2001
1763324947488735988,[  0   0   0   0   7 209   0   0],7,264,[0. 0.],[0. 0.],Glow Plugs,488381936,1763324947,2001
1763324947571220610,[  0   0   0   0   7 209   0   0],7,264,[0. 0.],[0. 0.],Glow Plugs,570943647,1763324947,2001
1763324947683775245,[  0   0   0   0   7 209   0   0],7,264,[0. 0.],[0. 0.],Glow Plugs,683301001,1763324947,2001
1763324947776141017,[  0   0   0   0   7 209   0   0],7,264,[0. 0.],[0. 0.],Glow Plugs,775753333,1763324947,2001
1763324947889564333,[  0   0   0   0   7 209   0   0],7,264,[0. 0.],[0. 0.],Glow Plugs,889077512,1763324947,2001
1763324947971369556,[  0   0   0   0   7 209   0   0],7,264,[0. 0.],[0. 0.],Glow Plugs,971004625,1763324947,2001
1763324948084196963,[  0   0   0   0   7 209   0   0],7,264,[0. 0.],[0. 0.],Glow Plugs,83498492,1763324948,2001
1763324948176237516,[  0   0   0   0   7 209   0   0],7,264,[0. 0.],[0. 0.],Glow Plugs,176015146,1763324948,2001
1763324948331500462,[  0   0   0   0   7 209   0   0],7,264,[0. 0.],[0. 0.],Glow Plugs,331105098,1763324948,2001
1763324948404019774,[  0   0   0   0   7 209   0   0],7,264,[0. 0.],[0. 0.],Glow Plugs,403050037,1763324948,2001
1763324948486389356,[  0   0   0   0   7 209   0   0],7,264,[0. 0.],[0. 0.],Glow Plugs,485868199,1763324948,2001
1763324948578350292,[  0   0   0   0   7 209   0   0],7,264,[0. 0.],[0. 0.],Glow Plugs,577951505,1763324948,2001
1763324948692069164,[  0   0   0   0   7 209   0   0],7,264,[0. 0.],[0. 0.],Glow Plugs,691107203,1763324948,2001
1763324948773874836,[  0   0   0   0   7 209   0   0],7,264,[0. 0.],[0. 0.],Glow Plugs,773055372,1763324948,2001
1763324948888277682,[  0   0   0   0   7 209   0   0],7,264,[0. 0.],[0. 0.],Glow Plugs,887586859,1763324948,2001
1763324948980307867,[  0   0   0   0   7 209   0   0],7,264,[0. 0.],[0. 0.],Glow Plugs,979683189,1763324948,2001
1763324949094058611,[  0   0   0   0   7 209   0   0],7,264,[0. 0.],[0. 0.],Glow Plugs,93643599,1763324949,2001
1763324949175816860,[  0   0   0   0   7 209   0   0],7,264,[0. 0.],[0. 0.],Glow Plugs,175445912,1763324949,2001
1763324949333690071,[  0   0   0   0   7 209   0   0],7,264,[0. 0.],[0. 0.],Glow Plugs,333175250,1763324949,2001
1763324949405532833,[  0   0   0   0   7 209   0   0],7,264,[0. 0.],[0. 0.],Glow Plugs,405190206,1763324949,2001
1763324949487857679,[  0   0   0   0   7 209   0   0],7,264,[0. 0.],[0. 0.],Glow Plugs,487391115,1763324949,2001
1763324949580975300,[  0   0   0   0   7 209   0   0],7,264,[0. 0.],[0. 0.],Glow Plugs,580090587,1763324949,2001
1763324949694053302,[  0   0   0   0   7 209   0   0],7,264,[0. 0.],[0. 0.],Glow Plugs,692986476,1763324949,2001
1763324949776332995,[  0   0   0   0   7 209   0   0],7,264,[0. 0.],[0. 0.],Glow Plugs,775280441,1763324949,2001
1763324949890035067,[  0   0   0   0   7 209   0   0],7,264,[0. 0.],[0. 0.],Glow Plugs,888214634,1763324949,2001
1763324949981994404,[  0   0   0   0   7 209   0   0],7,264,[0. 0.],[0. 0.],Glow Plugs,981666049,1763324949,2001
1763324950094652883,[  0   0   0   0   7 209   0   0],7,264,[0. 0.],[0. 0.],Glow Plugs,94230031,1763324950,2001
1763324950176819648,[  0   0   0   0   7 209   0   0],7,264,[0. 0.],[0. 0.],Glow Plugs,176288251,1763324950,2001
1763324950333439857,[  0   0   0   0   7 209   0   0],7,264,[0. 0.],[0. 0.],Glow Plugs,332875499,1763324950,2001
1763324950405922370,[  0   0   0   0   7 209   0   0],7,264,[0. 0.],[0. 0.],Glow Plugs,405156186,1763324950,2001
1763324950498077646,[  0   0   0   0   7 209   0   0],7,264,[0. 0.],[0. 0.],Glow Plugs,497573449,1763324950,2001
1763324950581419590,[  0   0   0   0   7 209   0   0],7,264,[0. 0.],[0. 0.],Glow Plugs,580850368,1763324950,2001
1763324950694413752,[  0   0   0   0   7 209   0   0],7,264,[0. 0.],[0. 0.],Glow Plugs,693794642,1763324950,2001
1763324950788189683,[  0   0   0   0   7 209   0   0],7,264,[0. 0.],[0. 0.],Glow Plugs,785961054,1763324950,2001
1763324950899460085,[  0   0   0   0   7 209   0   0],7,264,[0. 0.],[0. 0.],Glow Plugs,898765454,1763324950,2001
1763324950981661666,[  0   0   0   0   7 209   0   0],7,264,[0. 0.],[0. 0.],Glow Plugs,981494753,1763324950,2001
1763324951096665000,[  0   0   0   0   7 209   0   0],7,264,[0. 0.],[0. 0.],Glow Plugs,95489821,1763324951,2001
1763324951189265817,[  0   0   0   0   7 209   0   0],7,264,[0. 0.],[0. 0.],Glow Plugs,188722996,1763324951,2001
1763324951337126071,[  0   0   0   0   7 209   0   0],7,264,[0. 0.],[0. 0.],Glow Plugs,336813716,1763324951,2001
1763324951411829950,[  0   0   0   0   7 209   0   0],7,264,[0. 0.],[0. 0.],Glow Plugs,409291910,1763324951,2001
1763324951492969922,[  0   0   0   0   7 209   0   0],7,264,[0. 0.],[0. 0.],Glow Plugs,492672767,1763324951,2001
1763324951586604572,[  0   0   0   0   7 209   0   0],7,264,[0. 0.],[0. 0.],Glow Plugs,585946838,1763324951,2001
1763324951702495531,[  0   0   0   0   7 209   0   0],7,264,[0. 0.],[0. 0.],Glow Plugs,701832357,1763324951,2001
1763324951785453824,[  0   0   0   0   7 209   0   0],7,264,[0. 0.],[0. 0.],Glow Plugs,784718617,1763324951,2001
1763324951899617054,[  0   0   0   0   7 209   0   0],7,264,[0. 0.],[0. 0.],Glow Plugs,897287784,1763324951,2001
1763324951991553384,[  0   0   0   0   7 209   0   0],7,264,[0. 0.],[0. 0.],Glow Plugs,991191109,1763324951,2001
1763324952097371160,[  0   0   0   0   7 209   0   0],7,264,[0. 0.],[0. 0.],Glow Plugs,96324110,1763324952,2001
1763324952189207426,[  0   0   0   0   7 209   0   0],7,264,[0. 0.],[0. 0.],Glow Plugs,188746014,1763324952,2001
1763324952344052772,[  0   0   0   0   7 209   0   0],7,264,[0. 0.],[0. 0.],Glow Plugs,343358526,1763324952,2001
1763324952419005838,[  0   0   0   0   7 209   0   0],7,264,[0. 0.],[0. 0.],Glow Plugs,418491017,1763324952,2001
1763324952501934787,[  0   0   0   0   7 209   0   0],7,264,[0. 0.],[0. 0.],Glow Plugs,501102491,1763324952,2001
1763324952593589420,[  0   0   0   0   7 209   0   0],7,264,[0. 0.],[0. 0.],Glow Plugs,593359497,1763324952,2001
1763324952697955341,[  0   0   0   0   7 209   0   0],7,264,[0. 0.],[0. 0.],Glow Plugs,697493417,1763324952,2001
1763324952791764394,[  0   0   0   0   7 209   0   0],7,264,[0. 0.],[0. 0.],Glow Plugs,790972963,1763324952,2001
1763324952904436507,[  0   0   0   0   7 209   0   0],7,264,[0. 0.],[0. 0.],Glow Plugs,903966678,1763324952,2001
1763324952986604169,[  0   0   0   0   7 209   0   0],7,264,[0. 0.],[0. 0.],Glow Plugs,986079780,1763324952,2001
1763324953102864477,[  0   0   0   0   7 209   0   0],7,264,[0. 0.],[0. 0.],Glow Plugs,99727807,1763324953,2001
1763324953192239184,[  0   0   0   0   7 209   0   0],7,264,[0. 0.],[0. 0.],Glow Plugs,191793196,1763324953,2001
1763324953351804352,[  0   0   0   0   7 209   0   0],7,264,[0. 0.],[0. 0.],Glow Plugs,351460381,1763324953,2001
1763324953425101435,[  0   0   0   0   7 209   0   0],7,264,[0. 0.],[0. 0.],Glow Plugs,424173490,1763324953,2001
1763324953507530860,[  0   0   0   0   7 209   0   0],7,264,[0. 0.],[0. 0.],Glow Plugs,506747109,1763324953,2001
1763324953590487202,[  0   0   0   0   7 209   0   0],7,264,[0. 0.],[0. 0.],Glow Plugs,590064670,1763324953,2001
1763324953707845536,[  0   0   0   0   7 209   0   0],7,264,[0. 0.],[0. 0.],Glow Plugs,707350204,1763324953,2001
1763324953790854711,[  0   0   0   0   7 209   0   0],7,264,[0. 0.],[0. 0.],Glow Plugs,790066192,1763324953,2001
1763324953903651306,[  0   0   0   0   7 209   0   0],7,264,[0. 0.],[0. 0.],Glow Plugs,903150309,1763324953,2001
1763324953997324326,[  0   0   0   0   7 209   0   0],7,264,[0. 0.],[0. 0.],Glow Plugs,996693376,1763324953,2001
1763324954101506344,[  0   0   0   0   7 209   0   0],7,264,[0. 0.],[0. 0.],Glow Plugs,100702176,1763324954,2001
1763324954195370599,[  0   0   0   0   7 209   0   0],7,264,[0. 0.],[0. 0.],Glow Plugs,193187922,1763324954,2001
1763324954349658182,[  0   0   0   0   7 209   0   0],7,264,[0. 0.],[0. 0.],Glow Plugs,348798814,1763324954,2001
1763324954422068824,[  0   0   0   0   7 209   0   0],7,264,[0. 0.],[0. 0.],Glow Plugs,421171248,1763324954,2001
1763324954504559691,[  0   0   0   0   7 209   0   0],7,264,[0. 0.],[0. 0.],Glow Plugs,503529121,1763324954,2001
1763324954599308530,[  0   0   0   0   7 209   0   0],7,264,[0. 0.],[0. 0.],Glow Plugs,598746541,1763324954,2001
1763324954711575840,[  0   0   0   0   7 209   0   0],7,264,[0. 0.],[0. 0.],Glow Plugs,711173309,1763324954,2001
1763324954794645016,[  0   0   0   0   7 209   0   0],7,264,[0. 0.],[0. 0.],Glow Plugs,793473869,1763324954,2001
1763324954907601037,[  0   0   0   0   7 209   0   0],7,264,[0. 0.],[0. 0.],Glow Plugs,907388299,1763324954,2001
1763324955001175018,[  0   0   0   0   7 209   0   0],7,264,[0. 0.],[0. 0.],Glow Plugs,999598843,1763324954,2001
1763324955112886484,[  0   0   0   0   7 209   0   0],7,264,[0. 0.],[0. 0.],Glow Plugs,112493328,1763324955,2001
1763324955195442599,[  0   0   0   0   7 209   0   0],7,264,[0. 0.],[0. 0.],Glow Plugs,195099204,1763324955,2001
1763324955349313284,[  0   0   0   0   7 209   0   0],7,264,[0. 0.],[0. 0.],Glow Plugs,348837471,1763324955,2001
1763324955424674803,[  0   0   0   0   7 209   0   0],7,264,[0. 0.],[0. 0.],Glow Plugs,423061123,1763324955,2001
1763324955507504841,[  0   0   0   0   7 209   0   0],7,264,[0. 0.],[0. 0.],Glow Plugs,507198758,1763324955,2001
1763324955601148999,[  0   0   0   0   7 209   0   0],7,264,[0. 0.],[0. 0.],Glow Plugs,600706626,1763324955,2001
1763324955714497792,[  0   0   0   0   7 209   0   0],7,264,[0. 0.],[0. 0.],Glow Plugs,713697113,1763324955,2001
1763324955796187244,[  0   0   0   0   7 209   0   0],7,264,[0. 0.],[0. 0.],Glow Plugs,795832424,1763324955,2001
1763324955915360669,[  0   0   0   0   7 209   0   0],7,264,[0. 0.],[0. 0.],Glow Plugs,912546466,1763324955,2001
1763324956008243059,[  0   0   0   0   7 209   0   0],7,264,[0. 0.],[0. 0.],Glow Plugs,4760370,1763324956,2001
1763324956108132301,[  0   0   0   0   7 209   0   0],7,264,[0. 0.],[0. 0.],Glow Plugs,107256389,1763324956,2001
1763324956200486239,[  0   0   0   0   7 209   0   0],7,264,[0. 0.],[0. 0.],Glow Plugs,200304669,1763324956,2001
1763324956357856958,[  0   0   0   0   7 209   0   0],7,264,[0. 0.],[0. 0.],Glow Plugs,357603803,1763324956,2001
1763324956430224785,[  0   0   0   0   7 209   0   0],7,264,[0. 0.],[0. 0.],Glow Plugs,429924750,1763324956,2001
1763324956514123122,[  0   0   0   0   7 209   0   0],7,264,[0. 0.],[0. 0.],Glow Plugs,513549068,1763324956,2001
1763324956606647814,[  0   0   0   0   7 209   0   0],7,264,[0. 0.],[0. 0.],Glow Plugs,606146177,1763324956,2001
1763324956710098433,[  0   0   0   0   7 209   0   0],7,264,[0. 0.],[0. 0.],Glow Plugs,709334874,1763324956,2001
1763324956802848855,[  0   0   0   0   7 209   0   0],7,264,[0. 0.],[0. 0.],Glow Plugs,802456915,1763324956,2001
1763324956917507134,[  0   0   0   0   7 209   0   0],7,264,[0. 0.],[0. 0.],Glow Plugs,916200050,1763324956,2001
1763324957011580160,[  0   0   0   0   7 209   0   0],7,264,[0. 0.],[0. 0.],Glow Plugs,10478390,1763324957,2001
1763324957113476014,[  0   0   0   0   7 209   0   0],7,264,[0. 0.],[0. 0.],Glow Plugs,113132811,1763324957,2001
1763324957208106615,[  0   0   0   0   7 209   0   0],7,264,[0. 0.],[0. 0.],Glow Plugs,207355279,1763324957,2001
1763324957354379692,[  0   0   0   0   7 209   0   0],7,264,[0. 0.],[0. 0.],Glow Plugs,353923272,1763324957,2001
1763324957427669001,[  0   0   0   0   7 209   0   0],7,264,[0. 0.],[0. 0.],Glow Plugs,427013315,1763324957,2001
1763324957519754041,[  0   0   0   0   7 209   0   0],7,264,[0. 0.],[0. 0.],Glow Plugs,519193684,1763324957,2001
1763324957603274871,[  0   0   0   0   7 209   0   0],7,264,[0. 0.],[0. 0.],Glow Plugs,602188525,1763324957,2001
1763324957717445178,[  0   0   0   0   7 209   0   0],7,264,[0. 0.],[0. 0.],Glow Plugs,716819476,1763324957,2001
1763324957809486538,[  0   0   0   0   7 209   0   0],7,264,[0. 0.],[0. 0.],Glow Plugs,808936485,1763324957,2001
1763324957914500277,[  0   0   0   0   7 209   0   0],7,264,[0. 0.],[0. 0.],Glow Plugs,913627437,1763324957,2001
1763324958006671718,[  0   0   0   0   7 209   0   0],7,264,[0. 0.],[0. 0.],Glow Plugs,6204738,1763324958,2001
1763324958121671058,[  0   0   0   0   7 209   0   0],7,264,[0. 0.],[0. 0.],Glow Plugs,120670953,1763324958,2001
1763324958204915854,[  0   0   0   0   7 209   0   0],7,264,[0. 0.],[0. 0.],Glow Plugs,203128669,1763324958,2001
1763324958358222056,[  0   0   0   0   7 209   0   0],7,264,[0. 0.],[0. 0.],Glow Plugs,357948070,1763324958,2001
1763324958430710750,[  0   0   0   0   7 209   0   0],7,264,[0. 0.],[0. 0.],Glow Plugs,430076664,1763324958,2001
1763324958523556694,[  0   0   0   0   7 209   0   0],7,264,[0. 0.],[0. 0.],Glow Plugs,523158450,1763324958,2001
1763324958607292183,[  0   0   0   0   7 209   0   0],7,264,[0. 0.],[0. 0.],Glow Plugs,607104373,1763324958,2001
1763324958720193134,[  0   0   0   0   7 209   0   0],7,264,[0. 0.],[0. 0.],Glow Plugs,719992812,1763324958,2001
1763324958814382483,[  0   0   0   0   7 209   0   0],7,264,[0. 0.],[0. 0.],Glow Plugs,814068304,1763324958,2001
1763324958918564664,[  0   0   0   0   7 209   0   0],7,264,[0. 0.],[0. 0.],Glow Plugs,917428525,1763324958,2001
1763324959014571758,[  0   0   0   0   7 209   0   0],7,264,[0. 0.],[0. 0.],Glow Plugs,14185514,1763324959,2001
1763324959117788650,[  0   0   0   0   7 209   0   0],7,264,[0. 0.],[0. 0.],Glow Plugs,116958018,1763324959,2001
1763324959209595641,[  0   0   0   0   7 209   0   0],7,264,[0. 0.],[0. 0.],Glow Plugs,209288918,1763324959,2001
1763324959365064937,[  0   0   0   0   7 209   0   0],7,264,[0. 0.],[0. 0.],Glow Plugs,364025951,1763324959,2001
1763324959437139642,[  0   0   0   0   7 209   0   0],7,264,[0. 0.],[0. 0.],Glow Plugs,436475188,1763324959,2001
1763324959521439489,[  0   0   0   0   7 209   0   0],7,264,[0. 0.],[0. 0.],Glow Plugs,518975690,1763324959,2001
1763324959612153062,[  0   0   0   0   7 209   0   0],7,264,[0. 0.],[0. 0.],Glow Plugs,611295709,1763324959,2001
1763324959725384417,[  0   0   0   0   7 209   0   0],7,264,[0. 0.],[0. 0.],Glow Plugs,724898365,1763324959,2001
1763324959819763401,[  0   0   0   0   7 209   0   0],7,264,[0. 0.],[0. 0.],Glow Plugs,817664309,1763324959,2001
1763324959921252276,[  0   0   0   0   7 209   0   0],7,264,[0. 0.],[0. 0.],Glow Plugs,920482157,1763324959,2001
1763324960014365135,[  0   0   0   0   7 209   0   0],7,264,[0. 0.],[0. 0.],Glow Plugs,13223300,1763324960,2001
1763324960126555234,[  0   0   0   0   7 209   0   0],7,264,[0. 0.],[0. 0.],Glow Plugs,126007229,1763324960,2001
1763324960211656721,[  0   0   0   0   7 209   0   0],7,264,[0. 0.],[0. 0.],Glow Plugs,209396444,1763324960,2001
1763324960364494665,[  0   0   0   0   7 209   0   0],7,264,[0. 0.],[0. 0.],Glow Plugs,363716546,1763324960,2001
1763324960438116266,[  0   0   0   0   7 209   0   0],7,264,[0. 0.],[0. 0.],Glow Plugs,437937385,1763324960,2001
1763324960530852611,[  0   0   0   0   7 209   0   0],7,264,[0. 0.],[0. 0.],Glow Plugs,530032347,1763324960,2001
1763324960613332409,[  0   0   0   0   7 209   0   0],7,264,[0. 0.],[0. 0.],Glow Plugs,612556209,1763324960,2001
1763324960729411825,[  0   0   0   0   7 209   0   0],7,264,[0. 0.],[0. 0.],Glow Plugs,729143342,1763324960,2001
1763324960813410613,[  0   0   0   0   7 209   0   0],7,264,[0. 0.],[0. 0.],Glow Plugs,812364331,1763324960,2001
1763324960926998581,[  0   0   0   0   7 209   0   0],7,264,[0. 0.],[0. 0.],Glow Plugs,926278414,1763324960,2001
1763324961019027207,[  0   0   0   0   7 209   0   0],7,264,[0. 0.],[0. 0.],Glow Plugs,18499874,1763324961,2001
1763324961133019692,[  0   0   0   0   7 209   0   0],7,264,[0. 0.],[0. 0.],Glow Plugs,132220164,1763324961,2001
1763324961217096657,[  0   0   0   0   7 209   0   0],7,264,[0. 0.],[0. 0.],Glow Plugs,216470251,1763324961,2001
1763324961371326168,[  0   0   0   0   7 209   0   0],7,264,[0. 0.],[0. 0.],Glow Plugs,370637905,1763324961,2001
1763324961443671853,[  0   0   0   0   7 209   0   0],7,264,[0. 0.],[0. 0.],Glow Plugs,443186025,1763324961,2001
1763324961526120260,[  0   0   0   0   7 209   0   0],7,264,[0. 0.],[0. 0.],Glow Plugs,525526846,1763324961,2001
1763324961618701627,[  0   0   0   0   7 209   0   0],7,264,[0. 0.],[0. 0.],Glow Plugs,617990228,1763324961,2001
1763324961731791319,[  0   0   0   0   7 209   0   0],7,264,[0. 0.],[0. 0.],Glow Plugs,731305875,1763324961,2001
1763324961825246775,[  0   0   0   0   7 209   0   0],7,264,[0. 0.],[0. 0.],Glow Plugs,824806739,1763324961,2001
1763324961930068644,[  0   0   0   0   7 209   0   0],7,264,[0. 0.],[0. 0.],Glow Plugs,927743278,1763324961,2001
1763324962020640360,[  0   0   0   0   7 209   0   0],7,264,[0. 0.],[0. 0.],Glow Plugs,20125155,1763324962,2001
1763324962134267818,[  0   0   0   0   7 209   0   0],7,264,[0. 0.],[0. 0.],Glow Plugs,132976830,1763324962,2001
1763324962226144316,[  0   0   0   0   7 209   0   0],7,264,[0. 0.],[0. 0.],Glow Plugs,225627319,1763324962,2001
1763324962372899420,[  0   0   0   0   7 209   0   0],7,264,[0. 0.],[0. 0.],Glow Plugs,371460942,1763324962,2001
1763324962443987654,[  0   0   0   0   7 209   0   0],7,264,[0. 0.],[0. 0.],Glow Plugs,443541089,1763324962,2001
1763324962537625320,[  0   0   0   0   7 209   0   0],7,264,[0. 0.],[0. 0.],Glow Plugs,536306619,1763324962,2001
1763324962619624315,[  0   0   0   0   7 209   0   0],7,264,[0. 0.],[0. 0.],Glow Plugs,618387791,1763324962,2001
1763324962732948186,[  0   0   0   0   7 209   0   0],7,264,[0. 0.],[0. 0.],Glow Plugs,732109554,1763324962,2001
1763324962826291993,[  0   0   0   0   7 209   0   0],7,264,[0. 0.],[0. 0.],Glow Plugs,825873141,1763324962,2001
1763324962929494103,[  0   0   0   0   7 209   0   0],7,264,[0. 0.],[0. 0.],Glow Plugs,928577198,1763324962,2001
1763324963022615765,[  0   0   0   0   7 209   0   0],7,264,[0. 0.],[0. 0.],Glow Plugs,22117552,1763324963,2001
1763324963136639515,[  0   0   0   0   7 209   0   0],7,264,[0. 0.],[0. 0.],Glow Plugs,135550929,1763324963,2001
1763324963229673176,[  0   0   0   0   7 209   0   0],7,264,[0. 0.],[0. 0.],Glow Plugs,228719183,1763324963,2001
1763324963373341500,[  0   0   0   0   7 209   0   0],7,264,[0. 0.],[0. 0.],Glow Plugs,372666389,1763324963,2001
1763324963447652229,[  0   0   0   0   7 209   0   0],7,264,[0. 0.],[0. 0.],Glow Plugs,446522330,1763324963,2001
1763324963539870331,[  0   0   0   0   7 209   0   0],7,264,[0. 0.],[0. 0.],Glow Plugs,539328661,1763324963,2001
1763324963623957314,[  0   0   0   0   7 209   0   0],7,264,[0. 0.],[0. 0.],Glow Plugs,623303004,1763324963,2001
1763324963738495725,[  0   0   0   0   7 209   0   0],7,264,[0. 0.],[0. 0.],Glow Plugs,738123850,1763324963,2001
1763324963830927493,[  0   0   0   0   7 209   0   0],7,264,[0. 0.],[0. 0.],Glow Plugs,830336543,1763324963,2001
1763324963935224846,[  0   0   0   0   7 209   0   0],7,264,[0. 0.],[0. 0.],Glow Plugs,934517767,1763324963,2001
1763324964030627298,[  0   0   0   0   7 209   0   0],7,264,[0. 0.],[0. 0.],Glow Plugs,29361174,1763324964,2001
1763324964142911097,[  0   0   0   0   7 209   0   0],7,264,[0. 0.],[0. 0.],Glow Plugs,142595574,1763324964,2001
1763324964225630772,[  0   0   0   0   7 209   0   0],7,264,[0. 0.],[0. 0.],Glow Plugs,225258736,1763324964,2001
1763324964382396278,[  0   0   0   0   7 209   0   0],7,264,[0. 0.],[0. 0.],Glow Plugs,379630907,1763324964,2001
1763324964452924924,[  0   0   0   0   7 209   0   0],7,264,[0. 0.],[0. 0.],Glow Plugs,452067379,1763324964,2001
1763324964535185234,[  0   0   0   0   7 209   0   0],7,264,[0. 0.],[0. 0.],Glow Plugs,534199240,1763324964,2001
1763324964626918787,[  0   0   0   0   7 209   0   0],7,264,[0. 0.],[0. 0.],Glow Plugs,626527743,1763324964,2001
1763324964740289220,[  0   0   0   0   7 209   0   0],7,264,[0. 0.],[0. 0.],Glow Plugs,739556765,1763324964,2001
1763324964827589131,[  0   0   0   0   7 209   0   0],7,264,[0. 0.],[0. 0.],Glow Plugs,827111143,1763324964,2001
1763324964940491176,[  0   0   0   0   7 209   0   0],7,264,[0. 0.],[0. 0.],Glow Plugs,940238630,1763324964,2001
1763324965036280352,[  0   0   0   0   7 209   0   0],7,264,[0. 0.],[0. 0.],Glow Plugs,34940468,1763324965,2001
1763324965140147271,[  0   0   0   0   7 209   0   0],7,264,[0. 0.],[0. 0.],Glow Plugs,139720035,1763324965,2001
1763324965235343930,[  0   0   0   0   7 209   0   0],7,264,[0. 0.],[0. 0.],Glow Plugs,233440328,1763324965,2001
1763324965379596069,[  0   0   0   0   7 209   0   0],7,264,[0. 0.],[0. 0.],Glow Plugs,378730525,1763324965,2001
1763324965452613476,[  0   0   0   0   7 209   0   0],7,264,[0. 0.],[0. 0.],Glow Plugs,452233504,1763324965,2001
1763324965546497418,[  0   0   0   0   7 209   0   0],7,264,[0. 0.],[0. 0.],Glow Plugs,545979941,1763324965,2001
1763324965628588736,[  0   0   0   0   7 209   0   0],7,264,[0. 0.],[0. 0.],Glow Plugs,628257532,1763324965,2001
1763324965743682546,[  0   0   0   0   7 209   0   0],7,264,[0. 0.],[0. 0.],Glow Plugs,743333967,1763324965,2001
1763324965836270188,[  0   0   0   0   7 209   0   0],7,264,[0. 0.],[0. 0.],Glow Plugs,835462341,1763324965,2001
1763324965938638565,[  0   0   0   0   7 209   0   0],7,264,[0. 0.],[0. 0.],Glow Plugs,938379554,1763324965,2001
1763324966031252127,[  0   0   0   0   7 209   0   0],7,264,[0. 0.],[0. 0.],Glow Plugs,30885084,1763324966,2001
1763324966144956741,[  0   0   0   0   7 209   0   0],7,264,[0. 0.],[0. 0.],Glow Plugs,144125437,1763324966,2001
1763324966237628033,[  0   0   0   0   7 209   0   0],7,264,[0. 0.],[0. 0.],Glow Plugs,237117788,1763324966,2001
1763324966384188259,[  0   0   0   0   7 209   0   0],7,264,[0. 0.],[0. 0.],Glow Plugs,383451516,1763324966,2001
1763324966458146411,[  0   0   0   0   7 209   0   0],7,264,[0. 0.],[0. 0.],Glow Plugs,457454532,1763324966,2001
1763324966550927176,[  0   0   0   0   7 209   0   0],7,264,[0. 0.],[0. 0.],Glow Plugs,550366594,1763324966,2001
1763324966631783986,[  0   0   0   0   7 209   0   0],7,264,[0. 0.],[0. 0.],Glow Plugs,631370414,1763324966,2001
1763324966745288694,[  0   0   0   0   7 209   0   0],7,264,[0. 0.],[0. 0.],Glow Plugs,744801425,1763324966,2001
1763324966838333397,[  0   0   0   0   7 209   0   0],7,264,[0. 0.],[0. 0.],Glow Plugs,837479245,1763324966,2001
1763324966951020337,[  0   0   0   0   7 209   0   0],7,264,[0. 0.],[0. 0.],Glow Plugs,950606061,1763324966,2001
1763324967033261737,[  0   0   0   0   7 209   0   0],7,264,[0. 0.],[0. 0.],Glow Plugs,32377312,1763324967,2001
1763324967150468658,[  0   0   0   0   7 209   0   0],7,264,[0. 0.],[0. 0.],Glow Plugs,148210332,1763324967,2001
1763324967241408637,[  0   0   0   0   7 209   0   0],7,264,[0. 0.],[0. 0.],Glow Plugs,240569237,1763324967,2001
1763324967386219408,[  0   0   0   0   7 209   0   0],7,264,[0. 0.],[0. 0.],Glow Plugs,385876364,1763324967,2001
1763324967458457319,[  0   0   0   0   7 209   0   0],7,264,[0. 0.],[0. 0.],Glow Plugs,458181829,1763324967,2001
1763324967552879253,[  0   0   0   0   7 209   0   0],7,264,[0. 0.],[0. 0.],Glow Plugs,551676137,1763324967,2001
1763324967636194199,[  0   0   0   0   7 209   0   0],7,264,[0. 0.],[0. 0.],Glow Plugs,634139299,1763324967,2001
1763324967748978837,[  0   0   0   0   7 209   0   0],7,264,[0. 0.],[0. 0.],Glow Plugs,748110957,1763324967,2001
1763324967840371557,[  0   0   0   0   7 209   0   0],7,264,[0. 0.],[0. 0.],Glow Plugs,840166211,1763324967,2001
1763324967953516038,[  0   0   0   0   7 209   0   0],7,264,[0. 0.],[0. 0.],Glow Plugs,952723807,1763324967,2001
1763324968036385285,[  0   0   0   0   7 209   0   0],7,264,[0. 0.],[0. 0.],Glow Plugs,35530172,1763324968,2001
1763324968149412422,[  0   0   0   0   7 209   0   0],7,264,[0. 0.],[0. 0.],Glow Plugs,148609630,1763324968,2001
1763324968241994114,[  0   0   0   0   7 209   0   0],7,264,[0. 0.],[0. 0.],Glow Plugs,241200154,1763324968,2001
1763324968397299579,[  0   0   0   0   7 209   0   0],7,264,[0. 0.],[0. 0.],Glow Plugs,396717397,1763324968,2001
1763324968469529907,[  0   0   0   0   7 209   0   0],7,264,[0. 0.],[0. 0.],Glow Plugs,468992110,1763324968,2001
1763324968554281507,[  0   0   0   0   7 209   0   0],7,264,[0. 0.],[0. 0.],Glow Plugs,551630730,1763324968,2001
1763324968648511823,[  0   0   0   0   7 209   0   0],7,264,[0. 0.],[0. 0.],Glow Plugs,647492870,1763324968,2001
1763324968751692274,[  0   0   0   0   7 209   0   0],7,264,[0. 0.],[0. 0.],Glow Plugs,751296622,1763324968,2001
1763324968846672997,[  0   0   0   0   7 209   0   0],7,264,[0. 0.],[0. 0.],Glow Plugs,846306082,1763324968,2001
1763324968954314898,[  0   0   0   0   7 209   0   0],7,264,[0. 0.],[0. 0.],Glow Plugs,953270408,1763324968,2001
1763324969043904210,[  0   0   0   0   7 209   0   0],7,264,[0. 0.],[0. 0.],Glow Plugs,43514606,1763324969,2001
1763324969157465177,[  0   0   0   0   7 209   0   0],7,264,[0. 0.],[0. 0.],Glow Plugs,156921652,1763324969,2001
1763324969240796221,[  0   0   0   0   7 209   0   0],7,264,[0. 0.],[0. 0.],Glow Plugs,239921716,1763324969,2001
1763324969398548494,[  0   0   0   0   7 209   0   0],7,264,[0. 0.],[0. 0.],Glow Plugs,396458554,1763324969,2001
1763324969469442074,[  0   0   0   0   7 209   0   0],7,264,[0. 0.],[0. 0.],Glow Plugs,468714899,1763324969,2001
1763324969552054742,[  0   0   0   0   7 209   0   0],7,264,[0. 0.],[0. 0.],Glow Plugs,551130958,1763324969,2001
1763324969645658685,[  0   0   0   0   7 209   0   0],7,264,[0. 0.],[0. 0.],Glow Plugs,643225286,1763324969,2001
1763324969757585365,[  0   0   0   0   7 209   0   0],7,264,[0. 0.],[0. 0.],Glow Plugs,756581771,1763324969,2001
1763324969843177710,[  0   0   0   0   7 209   0   0],7,264,[0. 0.],[0. 0.],Glow Plugs,842591304,1763324969,2001
1763324969955999246,[  0   0   0   0   7 209   0   0],7,264,[0. 0.],[0. 0.],Glow Plugs,955064933,1763324969,2001
1763324970048735309,[  0   0   0   0   7 209   0   0],7,264,[0. 0.],[0. 0.],Glow Plugs,48095558,1763324970,2001
1763324970162980379,[  0   0   0   0   7 209   0   0],7,264,[0. 0.],[0. 0.],Glow Plugs,161879953,1763324970,2001
1763324970244939282,[  0   0   0   0   7 209   0   0],7,264,[0. 0.],[0. 0.],Glow Plugs,244187051,1763324970,2001
1763324970400406991,[  0   0   0   0   7 209   0   0],7,264,[0. 0.],[0. 0.],Glow Plugs,399251843,1763324970,2001
1763324970472258564,[  0   0   0   0   7 209   0   0],7,264,[0. 0.],[0. 0.],Glow Plugs,471733055,1763324970,2001
1763324970554100122,[  0   0   0   0   7 209   0   0],7,264,[0. 0.],[0. 0.],Glow Plugs,553728342,1763324970,2001
1763324970646350772,[  0   0   0   0   7 209   0   0],7,264,[0. 0.],[0. 0.],Glow Plugs,646149714,1763324970,2001
1763324970760180319,[  0   0   0   0   7 209   0   0],7,264,[0. 0.],[0. 0.],Glow Plugs,759883804,1763324970,2001
1763324970852654171,[  0   0   0   0   7 209   0   0],7,264,[0. 0.],[0. 0.],Glow Plugs,851908884,1763324970,2001
1763324970965800895,[  0   0   0   0   7 209   0   0],7,264,[0. 0.],[0. 0.],Glow Plugs,965234426,1763324970,2001
1763324971048370140,[  0   0   0   0   7 209   0   0],7,264,[0. 0.],[0. 0.],Glow Plugs,47534676,1763324971,2001
1763324971162063494,[  0   0   0   0   7 209   0   0],7,264,[0. 0.],[0. 0.],Glow Plugs,161098013,1763324971,2001
1763324971253380728,[  0   0   0   0   7 209   0   0],7,264,[0. 0.],[0. 0.],Glow Plugs,253008821,1763324971,2001
1763324971407649162,[  0   0   0   0   7 209   0   0],7,264,[0. 0.],[0. 0.],Glow Plugs,407024228,1763324971,2001
1763324971481824983,[  0   0   0   0   7 209   0   0],7,264,[0. 0.],[0. 0.],Glow Plugs,480436585,1763324971,2001
1763324971563490859,[  0   0   0   0   7 209   0   0],7,264,[0. 0.],[0. 0.],Glow Plugs,562992007,1763324971,2001
1763324971656372588,[  0   0   0   0   7 209   0   0],7,264,[0. 0.],[0. 0.],Glow Plugs,654960575,1763324971,2001
1763324971768113732,[  0   0   0   0   7 209   0   0],7,264,[0. 0.],[0. 0.],Glow Plugs,767624127,1763324971,2001
1763324971852777429,[  0   0   0   0   7 209   0   0],7,264,[0. 0.],[0. 0.],Glow Plugs,852238512,1763324971,2001
1763324971965123826,[  0   0   0   0   7 209   0   0],7,264,[0. 0.],[0. 0.],Glow Plugs,964697678,1763324971,2001
1763324972060156713,[  0   0   0   0   7 209   0   0],7,264,[0. 0.],[0. 0.],Glow Plugs,59727044,1763324972,2001
1763324972164180566,[  0   0   0   0   7 209   0   0],7,264,[0. 0.],[0. 0.],Glow Plugs,162212611,1763324972,2001
1763324972257784063,[  0   0   0   0   7 209   0   0],7,264,[0. 0.],[0. 0.],Glow Plugs,256575059,1763324972,2001
1763324972410050750,[  0   0   0   0   7 209   0   0],7,264,[0. 0.],[0. 0.],Glow Plugs,409763548,1763324972,2001
1763324972482988767,[  0   0   0   0   7 209   0   0],7,264,[0. 0.],[0. 0.],Glow Plugs,482402074,1763324972,2001
1763324972566415334,[  0   0   0   0   7 209   0   0],7,264,[0. 0.],[0. 0.],Glow Plugs,566068866,1763324972,2001
1763324972659805260,[  0   0   0   0   7 209   0   0],7,264,[0. 0.],[0. 0.],Glow Plugs,658549056,1763324972,2001
1763324972763922171,[  0   0   0   0   7 209   0   0],7,264,[0. 0.],[0. 0.],Glow Plugs,763378389,1763324972,2001
1763324972857988840,[  0   0   0   0   7 209   0   0],7,264,[0. 0.],[0. 0.],Glow Plugs,857219264,1763324972,2001
1763324972971578866,[  0   0   0   0   7 209   0   0],7,264,[0. 0.],[0. 0.],Glow Plugs,971312015,1763324972,2001
1763324973055026617,[  0   0   0   0   7 209   0   0],7,264,[0. 0.],[0. 0.],Glow Plugs,54788438,1763324973,2001
1763324973169416939,[  0   0   0   0   7 209   0   0],7,264,[0. 0.],[0. 0.],Glow Plugs,168862278,1763324973,2001
1763324973261768360,[  0   0   0   0   7 209   0   0],7,264,[0. 0.],[0. 0.],Glow Plugs,260850463,1763324973,2001
1763324973407006117,[  0   0   0   0   7 209   0   0],7,264,[0. 0.],[0. 0.],Glow Plugs,406497056,1763324973,2001
1763324973481103186,[  0   0   0   0   7 209   0   0],7,264,[0. 0.],[0. 0.],Glow Plugs,479898502,1763324973,2001
1763324973573074027,[  0   0   0   0   7 209   0   0],7,264,[0. 0.],[0. 0.],Glow Plugs,572417541,1763324973,2001
1763324973656653140,[  0   0   0   0   7 209   0   0],7,264,[0. 0.],[0. 0.],Glow Plugs,656047182,1763324973,2001
1763324973771085158,[  0   0   0   0   7 209   0   0],7,264,[0. 0.],[0. 0.],Glow Plugs,770888677,1763324973,2001
1763324973865761114,[  0   0   0   0   7 209   0   0],7,264,[0. 0.],[0. 0.],Glow Plugs,865335030,1763324973,2001
1763324973969407237,[  0   0   0   0   7 209   0   0],7,264,[0. 0.],[0. 0.],Glow Plugs,968653053,1763324973,2001
1763324974064298075,[  0   0   0   0   7 209   0   0],7,264,[0. 0.],[0. 0.],Glow Plugs,62103686,1763324974,2001
1763324974166961917,[  0   0   0   0   7 209   0   0],7,264,[0. 0.],[0. 0.],Glow Plugs,166170517,1763324974,2001
1763324974262017333,[  0   0   0   0   7 209   0   0],7,264,[0. 0.],[0. 0.],Glow Plugs,260630247,1763324974,2001
1763324974416162473,[  0   0   0   0   7 209   0   0],7,264,[0. 0.],[0. 0.],Glow Plugs,414522969,1763324974,2001
1763324974487707837,[  0   0   0   0   7 209   0   0],7,264,[0. 0.],[0. 0.],Glow Plugs,486905270,1763324974,2001
1763324974570062394,[  0   0   0   0   7 209   0   0],7,264,[0. 0.],[0. 0.],Glow Plugs,569852504,1763324974,2001
1763324974663467715,[  0   0   0   0   7 209   0   0],7,264,[0. 0.],[0. 0.],Glow Plugs,663020446,1763324974,2001
1763324974776452616,[  0   0   0   0   7 209   0   0],7,264,[0. 0.],[0. 0.],Glow Plugs,775704577,1763324974,2001
1763324974859039336,[  0   0   0   0   7 209   0   0],7,264,[0. 0.],[0. 0.],Glow Plugs,858741573,1763324974,2001
1763324974971658314,[  0   0   0   0   7 209   0   0],7,264,[0. 0.],[0. 0.],Glow Plugs,971422119,1763324974,2001
1763324975064250122,[  0   0   0   0   7 209   0   0],7,264,[0. 0.],[0. 0.],Glow Plugs,63900039,1763324975,2001
1763324975177517779,[  0   0   0   0   7 209   0   0],7,264,[0. 0.],[0. 0.],Glow Plugs,176591915,1763324975,2001
1763324975269696048,[  0   0   0   0   7 209   0   0],7,264,[0. 0.],[0. 0.],Glow Plugs,269369645,1763324975,2001
1763324975415026000,[  0   0   0   0   7 209   0   0],7,264,[0. 0.],[0. 0.],Glow Plugs,414288585,1763324975,2001
1763324975488825307,[  0   0   0   0   7 209   0   0],7,264,[0. 0.],[0. 0.],Glow Plugs,487617743,1763324975,2001
1763324975582089058,[  0   0   0   0   7 209   0   0],7,264,[0. 0.],[0. 0.],Glow Plugs,581819904,1763324975,2001
1763324975667254011,[  0   0   0   0   7 209   0   0],7,264,[0. 0.],[0. 0.],Glow Plugs,665054374,1763324975,2001
1763324975778977141,[  0   0   0   0   7 209   0   0],7,264,[0. 0.],[0. 0.],Glow Plugs,778591314,1763324975,2001
1763324975861452724,[  0   0   0   0   7 209   0   0],7,264,[0. 0.],[0. 0.],Glow Plugs,861124273,1763324975,2001
1763324975974117400,[  0   0   0   0   7 209   0   0],7,264,[0. 0.],[0. 0.],Glow Plugs,973837781,1763324975,2001
1763324976068378537,[  0   0   0   0   7 209   0   0],7,264,[0. 0.],[0. 0.],Glow Plugs,66599864,1763324976,2001
1763324976179566815,[  0   0   0   0   7 209   0   0],7,264,[0. 0.],[0. 0.],Glow Plugs,179230460,1763324976,2001
1763324976272294562,[  0   0   0   0   7 209   0   0],7,264,[0. 0.],[0. 0.],Glow Plugs,271880894,1763324976,2001
1763324976418012518,[  0   0   0   0   7 209   0   0],7,264,[0. 0.],[0. 0.],Glow Plugs,416596441,1763324976,2001
1763324976488934646,[  0   0   0   0   7 209   0   0],7,264,[0. 0.],[0. 0.],Glow Plugs,488779380,1763324976,2001
1763324976582658562,[  0   0   0   0   7 209   0   0],7,264,[0. 0.],[0. 0.],Glow Plugs,581697497,1763324976,2001
1763324976664426779,[  0   0   0   0   7 209   0   0],7,264,[0. 0.],[0. 0.],Glow Plugs,663887062,1763324976,2001
1763324976780565345,[  0   0   0   0   7 209   0   0],7,264,[0. 0.],[0. 0.],Glow Plugs,778548333,1763324976,2001
1763324976872150809,[  0   0   0   0   7 209   0   0],7,264,[0. 0.],[0. 0.],Glow Plugs,871807925,1763324976,2001
1763324976985095839,[  0   0   0   0   7 209   0   0],7,264,[0. 0.],[0. 0.],Glow Plugs,984708892,1763324976,2001
1763324977068568521,[  0   0   0   0   7 209   0   0],7,264,[0. 0.],[0. 0.],Glow Plugs,68308839,1763324977,2001
1763324977182113751,[  0   0   0   0   7 209   0   0],7,264,[0. 0.],[0. 0.],Glow Plugs,181579889,1763324977,2001
1763324977275873828,[  0   0   0   0   7 209   0   0],7,264,[0. 0.],[0. 0.],Glow Plugs,274293301,1763324977,2001
1763324977424630599,[  0   0   0   0   7 209   0   0],7,264,[0. 0.],[0. 0.],Glow Plugs,423882912,1763324977,2001
1763324977497811341,[  0   0   0   0   7 209   0   0],7,264,[0. 0.],[0. 0.],Glow Plugs,497212615,1763324977,2001
1763324977581727099,[  0   0   0   0   7 209   0   0],7,264,[0. 0.],[0. 0.],Glow Plugs,580010890,1763324977,2001
1763324977673137554,[  0   0   0   0   7 209   0   0],7,264,[0. 0.],[0. 0.],Glow Plugs,672368906,1763324977,2001
1763324977786551870,[  0   0   0   0   7 209   0   0],7,264,[0. 0.],[0. 0.],Glow Plugs,785889560,1763324977,2001
1763324977868681019,[  0   0   0   0   7 209   0   0],7,264,[0. 0.],[0. 0.],Glow Plugs,868050005,1763324977,2001
1763324977984086842,[  0   0   0   0   7 209   0   0],7,264,[0. 0.],[0. 0.],Glow Plugs,983479668,1763324977,2001
1763324978085885142,[  0   0   0   0   7 209   0   0],7,264,[0. 0.],[0. 0.],Glow Plugs,85106351,1763324978,2001
1763324978186092387,[  0   0   0   0   7 209   0   0],7,264,[0. 0.],[0. 0.],Glow Plugs,185337692,1763324978,2001
1763324978279235691,[  0   0   0   0   7 209   0   0],7,264,[0. 0.],[0. 0.],Glow Plugs,277980319,1763324978,2001
1763324978422665692,[  0   0   0   0   7 209   0   0],7,264,[0. 0.],[0. 0.],Glow Plugs,422151191,1763324978,2001
1763324978495538911,[  0   0   0   0   7 209   0   0],7,264,[0. 0.],[0. 0.],Glow Plugs,494804088,1763324978,2001
1763324978588067361,[  0   0   0   0   7 209   0   0],7,264,[0. 0.],[0. 0.],Glow Plugs,587228569,1763324978,2001
1763324978672284403,[  0   0   0   0   7 209   0   0],7,264,[0. 0.],[0. 0.],Glow Plugs,670859909,1763324978,2001
1763324978784855448,[  0   0   0   0   7 209   0   0],7,264,[0. 0.],[0. 0.],Glow Plugs,784333043,1763324978,2001
1763324978877873919,[  0   0   0   0   7 209   0   0],7,264,[0. 0.],[0. 0.],Glow Plugs,876836565,1763324978,2001
1763324978990887144,[  0   0   0   0   7 209   0   0],7,264,[0. 0.],[0. 0.],Glow Plugs,990124512,1763324978,2001
1763324979073100038,[  0   0   0   0   7 209   0   0],7,264,[0. 0.],[0. 0.],Glow Plugs,72504577,1763324979,2001
1763324979188225669,[  0   0   0   0   7 209   0   0],7,264,[0. 0.],[0. 0.],Glow Plugs,187466685,1763324979,2001
1763324979280306755,[  0   0   0   0   7 209   0   0],7,264,[0. 0.],[0. 0.],Glow Plugs,279554556,1763324979,2001
1763324979425048641,[  0   0   0   0   7 209   0   0],7,264,[0. 0.],[0. 0.],Glow Plugs,424845087,1763324979,2001
1763324979499552917,[  0   0   0   0   7 209   0   0],7,264,[0. 0.],[0. 0.],Glow Plugs,498812942,1763324979,2001
1763324979592445052,[  0   0   0   0   7 209   0   0],7,264,[0. 0.],[0. 0.],Glow Plugs,591801461,1763324979,2001
1763324979675833414,[  0   0   0   0   7 209   0   0],7,264,[0. 0.],[0. 0.],Glow Plugs,674904989,1763324979,2001
1763324979788966033,[  0   0   0   0   7 209   0   0],7,264,[0. 0.],[0. 0.],Glow Plugs,787511619,1763324979,2001
1763324979879961317,[  0   0   0   0   7 209   0   0],7,264,[0. 0.],[0. 0.],Glow Plugs,879695394,1763324979,2001
1763324979993188689,[  0   0   0   0   7 209   0   0],7,264,[0. 0.],[0. 0.],Glow Plugs,992492842,1763324979,2001
1763324980075251950,[  0   0   0   0   7 209   0   0],7,264,[0. 0.],[0. 0.],Glow Plugs,74883403,1763324980,2001
1763324980189255107,[  0   0   0   0   7 209   0   0],7,264,[0. 0.],[0. 0.],Glow Plugs,188347002,1763324980,2001
1763324980281599781,[  0   0   0   0   7 209   0   0],7,264,[0. 0.],[0. 0.],Glow Plugs,281134304,1763324980,2001
1763324980435592222,[  0   0   0   0   7 209   0   0],7,264,[0. 0.],[0. 0.],Glow Plugs,435350587,1763324980,2001
1763324980511603937,[  0   0   0   0   7 209   0   0],7,264,[0. 0.],[0. 0.],Glow Plugs,511134204,1763324980,2001
1763324980593629726,[  0   0   0   0   7 209   0   0],7,264,[0. 0.],[0. 0.],Glow Plugs,592868407,1763324980,2001
1763324980687236108,[  0   0   0   0   7 209   0   0],7,264,[0. 0.],[0. 0.],Glow Plugs,686445220,1763324980,2001
1763324980791755076,[  0   0   0   0   7 209   0   0],7,264,[0. 0.],[0. 0.],Glow Plugs,789653968,1763324980,2001
1763324980885678645,[  0   0   0   0   7 209   0   0],7,264,[0. 0.],[0. 0.],Glow Plugs,883147837,1763324980,2001
1763324980997705590,[  0   0   0   0   7 209   0   0],7,264,[0. 0.],[0. 0.],Glow Plugs,996762413,1763324980,2001
1763324981079753652,[  0   0   0   0   7 209   0   0],7,264,[0. 0.],[0. 0.],Glow Plugs,79381905,1763324981,2001
1763324981192296795,[  0   0   0   0   7 209   0   0],7,264,[0. 0.],[0. 0.],Glow Plugs,191873975,1763324981,2001
1763324981285734632,[  0   0   0   0   7 209   0   0],7,264,[0. 0.],[0. 0.],Glow Plugs,284985921,1763324981,2001
1763324981447669808,[  0   0   0   0   7 209   0   0],7,264,[0. 0.],[0. 0.],Glow Plugs,446753959,1763324981,2001
1763324981519648428,[  0   0   0   0   7 209   0   0],7,264,[0. 0.],[0. 0.],Glow Plugs,518823748,1763324981,2001
1763324981591633512,[  0   0   0   0   7 209   0   0],7,264,[0. 0.],[0. 0.],Glow Plugs,591158596,1763324981,2001
1763324981683728072,[  0   0   0   0   7 209   0   0],7,264,[0. 0.],[0. 0.],Glow Plugs,683273604,1763324981,2001
1763324981796764596,[  0   0   0   0   7 209   0   0],7,264,[0. 0.],[0. 0.],Glow Plugs,796382992,1763324981,2001
1763324981889121111,[  0   0   0   0   7 209   0   0],7,264,[0. 0.],[0. 0.],Glow Plugs,888263310,1763324981,2001
1763324982008118396,[  0   0   0   0   7 209   0   0],7,264,[0. 0.],[0. 0.],Glow Plugs,3115180,1763324982,2001
1763324982084340322,[  0   0   0   0   7 209   0   0],7,264,[0. 0.],[0. 0.],Glow Plugs,83707932,1763324982,2001
1763324982196844810,[  0   0   0   0   7 209   0   0],7,264,[0. 0.],[0. 0.],Glow Plugs,196399013,1763324982,2001
1763324982289924180,[  0   0   0   0   7 209   0   0],7,264,[0. 0.],[0. 0.],Glow Plugs,289097740,1763324982,2001
1763324982449148130,[  0   0   0   0   7 209   0   0],7,264,[0. 0.],[0. 0.],Glow Plugs,447809301,1763324982,2001
1763324982520252438,[  0   0   0   0   7 209   0   0],7,264,[0. 0.],[0. 0.],Glow Plugs,519834834,1763324982,2001
1763324982605994553,[  0   0   0   0   7 209   0   0],7,264,[0. 0.],[0. 0.],Glow Plugs,602931419,1763324982,2001
1763324982686210886,[  0   0   0   0   7 209   0   0],7,264,[0. 0.],[0. 0.],Glow Plugs,685825378,1763324982,2001
1763324982800053786,[  0   0   0   0   7 209   0   0],7,264,[0. 0.],[0. 0.],Glow Plugs,799506645,1763324982,2001
1763324982893493960,[  0   0   0   0   7 209   0   0],7,264,[0. 0.],[0. 0.],Glow Plugs,892607615,1763324982,2001
1763324982996695413,[  0   0   0   0   7 209   0   0],7,264,[0. 0.],[0. 0.],Glow Plugs,995607242,1763324982,2001
1763324983089502621,[  0   0   0   0   7 209   0   0],7,264,[0. 0.],[0. 0.],Glow Plugs,88511955,1763324983,2001
1763324983202540170,[  0   0   0   0   7 209   0   0],7,264,[0. 0.],[0. 0.],Glow Plugs,201784643,1763324983,2001
1763324983297294085,[  0   0   0   0   7 209   0   0],7,264,[0. 0.],[0. 0.],Glow Plugs,296724224,1763324983,2001
1763324983440948893,[  0   0   0   0   7 209   0   0],7,264,[0. 0.],[0. 0.],Glow Plugs,439844914,1763324983,2001
1763324983515109488,[  0   0   0   0   7 209   0   0],7,264,[0. 0.],[0. 0.],Glow Plugs,514331368,1763324983,2001
1763324983598760031,[  0   0   0   0   7 209   0   0],7,264,[0. 0.],[0. 0.],Glow Plugs,597811445,1763324983,2001
1763324983691015457,[  0   0   0   0   7 209   0   0],7,264,[0. 0.],[0. 0.],Glow Plugs,690422172,1763324983,2001
1763324983804067567,[  0   0   0   0   7 209   0   0],7,264,[0. 0.],[0. 0.],Glow Plugs,802911556,1763324983,2001
1763324983896748982,[  0   0   0   0   7 209   0   0],7,264,[0. 0.],[0. 0.],Glow Plugs,896181808,1763324983,2001
1763324983999840354,[  0   0   0   0   7 209   0   0],7,264,[0. 0.],[0. 0.],Glow Plugs,999030746,1763324983,2001
1763324984094764768,[  0   0   0   0   7 209   0   0],7,264,[0. 0.],[0. 0.],Glow Plugs,93811350,1763324984,2001
1763324984212366170,[  0   0   0   0   7 209   0   0],7,264,[0. 0.],[0. 0.],Glow Plugs,211952566,1763324984,2001
1763324984293208238,[  0   0   0   0   7 209   0   0],7,264,[0. 0.],[0. 0.],Glow Plugs,291732192,1763324984,2001
1763324984446938633,[  0   0   0   0   7 209   0   0],7,264,[0. 0.],[0. 0.],Glow Plugs,446193314,1763324984,2001
1763324984518672933,[  0   0   0   0   7 209   0   0],7,264,[0. 0.],[0. 0.],Glow Plugs,518460739,1763324984,2001
1763324984602694552,[  0   0   0   0   7 209   0   0],7,264,[0. 0.],[0. 0.],Glow Plugs,601845871,1763324984,2001
1763324984695334143,[  0   0   0   0   7 209   0   0],7,264,[0. 0.],[0. 0.],Glow Plugs,694991196,1763324984,2001
1763324984810125630,[  0   0   0   0   7 209   0   0],7,264,[0. 0.],[0. 0.],Glow Plugs,809192437,1763324984,2001
1763324984891254645,[  0   0   0   0   7 209   0   0],7,264,[0. 0.],[0. 0.],Glow Plugs,890863441,1763324984,2001
1763324985004358084,[  0   0   0   0   7 209   0   0],7,264,[0. 0.],[0. 0.],Glow Plugs,3561148,1763324985,2001
1763324985098117815,[  0   0   0   0   7 209   0   0],7,264,[0. 0.],[0. 0.],Glow Plugs,97872372,1763324985,2001
1763324985214178819,[  0   0   0   0   7 209   0   0],7,264,[0. 0.],[0. 0.],Glow Plugs,213655870,1763324985,2001
1763324985296397637,[  0   0   0   0   7 209   0   0],7,264,[0. 0.],[0. 0.],Glow Plugs,296175875,1763324985,2001
1763324985455903289,[  0   0   0   0   7 209   0   0],7,264,[0. 0.],[0. 0.],Glow Plugs,455724600,1763324985,2001
1763324985528227227,[  0   0   0   0   7 209   0   0],7,264,[0. 0.],[0. 0.],Glow Plugs,528019929,1763324985,2001
1763324985611480231,[  0   0   0   0   7 209   0   0],7,264,[0. 0.],[0. 0.],Glow Plugs,610943362,1763324985,2001
1763324985694730516,[  0   0   0   0   7 209   0   0],7,264,[0. 0.],[0. 0.],Glow Plugs,693839659,1763324985,2001
1763324985807412511,[  0   0   0   0   7 209   0   0],7,264,[0. 0.],[0. 0.],Glow Plugs,807173501,1763324985,2001
1763324985900810446,[  0   0   0   0   7 209   0   0],7,264,[0. 0.],[0. 0.],Glow Plugs,900454027,1763324985,2001
1763324986015710383,[  0   0   0   0   7 209   0   0],7,264,[0. 0.],[0. 0.],Glow Plugs,15290827,1763324986,2001
1763324986096313954,[  0   0   0   0   7 209   0   0],7,264,[0. 0.],[0. 0.],Glow Plugs,95834238,1763324986,2001
1763324986209750518,[  0   0   0   0   7 209   0   0],7,264,[0. 0.],[0. 0.],Glow Plugs,209189136,1763324986,2001
1763324986304507251,[  0   0   0   0   7 209   0   0],7,264,[0. 0.],[0. 0.],Glow Plugs,302013819,1763324986,2001
1763324986460391077,[  0   0   0   0   7 209   0   0],7,264,[0. 0.],[0. 0.],Glow Plugs,456913827,1763324986,2001
1763324986530099086,[  0   0   0   0   7 209   0   0],7,264,[0. 0.],[0. 0.],Glow Plugs,529294854,1763324986,2001
1763324986614214851,[  0   0   0   0   7 209   0   0],7,264,[0. 0.],[0. 0.],Glow Plugs,613792351,1763324986,2001
1763324986709081217,[  0   0   0   0   7 209   0   0],7,264,[0. 0.],[0. 0.],Glow Plugs,708668765,1763324986,2001
1763324986809871353,[  0   0   0   0   7 209   0   0],7,264,[0. 0.],[0. 0.],Glow Plugs,808861199,1763324986,2001
1763324986901167477,[  0   0   0   0   7 209   0   0],7,264,[0. 0.],[0. 0.],Glow Plugs,900987731,1763324986,2001
1763324987013789312,[  0   0   0   0   7 209   0   0],7,264,[0. 0.],[0. 0.],Glow Plugs,13580030,1763324987,2001
1763324987107308658,[  0   0   0   0   7 209   0   0],7,264,[0. 0.],[0. 0.],Glow Plugs,106337160,1763324987,2001
1763324987210268800,[  0   0   0   0   7 209   0   0],7,264,[0. 0.],[0. 0.],Glow Plugs,209465112,1763324987,2001
1763324987301699357,[  0   0   0   0   7 209   0   0],7,264,[0. 0.],[0. 0.],Glow Plugs,301493051,1763324987,2001
1763324987457143596,[  0   0   0   0   7 209   0   0],7,264,[0. 0.],[0. 0.],Glow Plugs,456681703,1763324987,2001
1763324987531034910,[  0   0   0   0   7 209   0   0],7,264,[0. 0.],[0. 0.],Glow Plugs,530519641,1763324987,2001
1763324987612769789,[  0   0   0   0   7 209   0   0],7,264,[0. 0.],[0. 0.],Glow Plugs,612516250,1763324987,2001
1763324987707324760,[  0   0   0   0   7 209   0   0],7,264,[0. 0.],[0. 0.],Glow Plugs,706499984,1763324987,2001
1763324987819604129,[  0   0   0   0   7 209   0   0],7,264,[0. 0.],[0. 0.],Glow Plugs,819139261,1763324987,2001
1763324987904391038,[  0   0   0   0   7 209   0   0],7,264,[0. 0.],[0. 0.],Glow Plugs,903897273,1763324987,2001
1763324988019393346,[  0   0   0   0   7 209   0   0],7,264,[0. 0.],[0. 0.],Glow Plugs,19083103,1763324988,2001
1763324988111787561,[  0   0   0   0   7 209   0   0],7,264,[0. 0.],[0. 0.],Glow Plugs,111364773,1763324988,2001
1763324988215350654,[  0   0   0   0   7 209   0   0],7,264,[0. 0.],[0. 0.],Glow Plugs,214490197,1763324988,2001
1763324988307911207,[  0   0   0   0   7 209   0   0],7,264,[0. 0.],[0. 0.],Glow Plugs,307403330,1763324988,2001
1763324988463670937,[  0   0   0   0   7 209   0   0],7,264,[0. 0.],[0. 0.],Glow Plugs,463291062,1763324988,2001
1763324988539567072,[  0   0   0   0   7 209   0   0],7,264,[0. 0.],[0. 0.],Glow Plugs,538226770,1763324988,2001
1763324988621019420,[  0   0   0   0   7 209   0   0],7,264,[0. 0.],[0. 0.],Glow Plugs,619862705,1763324988,2001
1763324988713167105,[  0   0   0   0   7 209   0   0],7,264,[0. 0.],[0. 0.],Glow Plugs,712878110,1763324988,2001
1763324988816715893,[  0   0   0   0   7 209   0   0],7,264,[0. 0.],[0. 0.],Glow Plugs,815877805,1763324988,2001
1763324988911833591,[  0   0   0   0   7 209   0   0],7,264,[0. 0.],[0. 0.],Glow Plugs,910945039,1763324988,2001
1763324989027832742,[  0   0   0   0   7 209   0   0],7,264,[0. 0.],[0. 0.],Glow Plugs,25827378,1763324989,2001
1763324989109929289,[  0   0   0   0   7 209   0   0],7,264,[0. 0.],[0. 0.],Glow Plugs,109197410,1763324989,2001
1763324989224117894,[  0   0   0   0   7 209   0   0],7,264,[0. 0.],[0. 0.],Glow Plugs,223421919,1763324989,2001
1763324989308954692,[  0   0   0   0   7 209   0   0],7,264,[0. 0.],[0. 0.],Glow Plugs,308423647,1763324989,2001
1763324989464988891,[  0   0   0   0   7 209   0   0],7,264,[0. 0.],[0. 0.],Glow Plugs,464160435,1763324989,2001
1763324989536905755,[  0   0   0   0   7 209   0   0],7,264,[0. 0.],[0. 0.],Glow Plugs,536328437,1763324989,2001
1763324989623163431,[  0   0   0   0   7 209   0   0],7,264,[0. 0.],[0. 0.],Glow Plugs,620736303,1763324989,2001
1763324989714834984,[  0   0   0   0   7 209   0   0],7,264,[0. 0.],[0. 0.],Glow Plugs,714182241,1763324989,2001
1763324989828226013,[  0   0   0   0   7 209   0   0],7,264,[0. 0.],[0. 0.],Glow Plugs,826726318,1763324989,2001
1763324989912197203,[  0   0   0   0   7 209   0   0],7,264,[0. 0.],[0. 0.],Glow Plugs,911725294,1763324989,2001
1763324990019493932,[  0   0   0   0   7 209   0   0],7,264,[0. 0.],[0. 0.],Glow Plugs,18313121,1763324990,2001
1763324990110825611,[  0   0   0   0   7 209   0   0],7,264,[0. 0.],[0. 0.],Glow Plugs,110089348,1763324990,2001
1763324990225457101,[  0   0   0   0   7 209   0   0],7,264,[0. 0.],[0. 0.],Glow Plugs,225079881,1763324990,2001
1763324990319433349,[  0   0   0   0   7 209   0   0],7,264,[0. 0.],[0. 0.],Glow Plugs,319066306,1763324990,2001
1763324990464613427,[  0   0   0   0   7 209   0   0],7,264,[0. 0.],[0. 0.],Glow Plugs,464237871,1763324990,2001
1763324990537536189,[  0   0   0   0   7 209   0   0],7,264,[0. 0.],[0. 0.],Glow Plugs,536669332,1763324990,2001
1763324990630786606,[  0   0   0   0   7 209   0   0],7,264,[0. 0.],[0. 0.],Glow Plugs,630202312,1763324990,2001
1763324990713240693,[  0   0   0   0   7 209   0   0],7,264,[0. 0.],[0. 0.],Glow Plugs,712345580,1763324990,2001
1763324990829114500,[  0   0   0   0   7 209   0   0],7,264,[0. 0.],[0. 0.],Glow Plugs,828611327,1763324990,2001
1763324990915783860,[  0   0   0   0   7 209   0   0],7,264,[0. 0.],[0. 0.],Glow Plugs,915356752,1763324990,2001
1763324991026768787,[  0   0   0   0   7 209   0   0],7,264,[0. 0.],[0. 0.],Glow Plugs,25945259,1763324991,2001
1763324991122821344,[  0   0   0   0   7 209   0   0],7,264,[0. 0.],[0. 0.],Glow Plugs,121485427,1763324991,2001
1763324991228438891,[  0   0   0   0   7 209   0   0],7,264,[0. 0.],[0. 0.],Glow Plugs,226331958,1763324991,2001
1763324991322291651,[  0   0   0   0   7 209   0   0],7,264,[0. 0.],[0. 0.],Glow Plugs,321526523,1763324991,2001
1763324991467566098,[  0   0   0   0   7 209   0   0],7,264,[0. 0.],[0. 0.],Glow Plugs,467217807,1763324991,2001
1763324991542044076,[  0   0   0   0   7 209   0   0],7,264,[0. 0.],[0. 0.],Glow Plugs,541441254,1763324991,2001
1763324991626438823,[  0   0   0   0   7 209   0   0],7,264,[0. 0.],[0. 0.],Glow Plugs,625378620,1763324991,2001
1763324991718059368,[  0   0   0   0   7 209   0   0],7,264,[0. 0.],[0. 0.],Glow Plugs,717804134,1763324991,2001
1763324991832284456,[  0   0   0   0   7 209   0   0],7,264,[0. 0.],[0. 0.],Glow Plugs,832065861,1763324991,2001
1763324991916880900,[  0   0   0   0   7 209   0   0],7,264,[0. 0.],[0. 0.],Glow Plugs,916563553,1763324991,2001
1763324992029687670,[  0   0   0   0   7 209   0   0],7,264,[0. 0.],[0. 0.],Glow Plugs,29475700,1763324992,2001
1763324992122428227,[  0   0   0   0   7 209   0   0],7,264,[0. 0.],[0. 0.],Glow Plugs,122062880,1763324992,2001
1763324992236119838,[  0   0   0   0   7 209   0   0],7,264,[0. 0.],[0. 0.],Glow Plugs,235588345,1763324992,2001
1763324992317639165,[  0   0   0   0   7 209   0   0],7,264,[0. 0.],[0. 0.],Glow Plugs,316765877,1763324992,2001
1763324992472692878,[  0   0   0   0   7 209   0   0],7,264,[0. 0.],[0. 0.],Glow Plugs,472044775,1763324992,2001
1763324992545549016,[  0   0   0   0   7 209   0   0],7,264,[0. 0.],[0. 0.],Glow Plugs,544717264,1763324992,2001
1763324992630152405,[  0   0   0   0   7 209   0   0],7,264,[0. 0.],[0. 0.],Glow Plugs,629843538,1763324992,2001
1763324992723691595,[  0   0   0   0   7 209   0   0],7,264,[0. 0.],[0. 0.],Glow Plugs,723042500,1763324992,2001
1763324992836727295,[  0   0   0   0   7 209   0   0],7,264,[0. 0.],[0. 0.],Glow Plugs,836128793,1763324992,2001
1763324992919541003,[  0   0   0   0   7 209   0   0],7,264,[0. 0.],[0. 0.],Glow Plugs,919217288,1763324992,2001
1763324993033442984,[  0   0   0   0   7 209   0   0],7,264,[0. 0.],[0. 0.],Glow Plugs,32919875,1763324993,2001
1763324993126124149,[  0   0   0   0   7 209   0   0],7,264,[0. 0.],[0. 0.],Glow Plugs,125271309,1763324993,2001
1763324993230494933,[  0   0   0   0   7 209   0   0],7,264,[0. 0.],[0. 0.],Glow Plugs,229748302,1763324993,2001
1763324993324184909,[  0   0   0   0   7 209   0   0],7,264,[0. 0.],[0. 0.],Glow Plugs,323985355,1763324993,2001
1763324993480675852,[  0   0   0   0   7 209   0   0],7,264,[0. 0.],[0. 0.],Glow Plugs,480343209,1763324993,2001
1763324993554053724,[  0   0   0   0   7 209   0   0],7,264,[0. 0.],[0. 0.],Glow Plugs,553793593,1763324993,2001
1763324993639880454,[  0   0   0   0   7 209   0   0],7,264,[0. 0.],[0. 0.],Glow Plugs,639556291,1763324993,2001
1763324993722612370,[  0   0   0   0   7 209   0   0],7,264,[0. 0.],[0. 0.],Glow Plugs,721753609,1763324993,2001
1763324993836552656,[  0   0   0   0   7 209   0   0],7,264,[0. 0.],[0. 0.],Glow Plugs,836333678,1763324993,2001
1763324993933167108,[  0   0   0   0   7 209   0   0],7,264,[0. 0.],[0. 0.],Glow Plugs,932530622,1763324993,2001
1763324994038775504,[  0   0   0   0   7 209   0   0],7,264,[0. 0.],[0. 0.],Glow Plugs,38349580,1763324994,2001
1763324994131425950,[  0   0   0   0   7 209   0   0],7,264,[0. 0.],[0. 0.],Glow Plugs,128968934,1763324994,2001
1763324994234750292,[  0   0   0   0   7 209   0   0],7,264,[0. 0.],[0. 0.],Glow Plugs,231804503,1763324994,2001
1763324994327293057,[  0   0   0   0   7 209   0   0],7,264,[0. 0.],[0. 0.],Glow Plugs,325377902,1763324994,2001
1763324994480834373,[  0   0   0   0   7 209   0   0],7,264,[0. 0.],[0. 0.],Glow Plugs,480290527,1763324994,2001
1763324994553925906,[  0   0   0   0   7 209   0   0],7,264,[0. 0.],[0. 0.],Glow Plugs,553345485,1763324994,2001
1763324994636857057,[  0   0   0   0   7 209   0   0],7,264,[0. 0.],[0. 0.],Glow Plugs,636349948,1763324994,2001
1763324994729488238,[  0   0   0   0   7 209   0   0],7,264,[0. 0.],[0. 0.],Glow Plugs,729163019,1763324994,2001
1763324994843997362,[  0   0   0   0   7 209   0   0],7,264,[0. 0.],[0. 0.],Glow Plugs,843323916,1763324994,2001
1763324994927109730,[  0   0   0   0   7 209   0   0],7,264,[0. 0.],[0. 0.],Glow Plugs,925826326,1763324994,2001
1763324995041825801,[  0   0   0   0   7 209   0   0],7,264,[0. 0.],[0. 0.],Glow Plugs,41284964,1763324995,2001
1763324995126190566,[  0   0   0   0   7 209   0   0],7,264,[0. 0.],[0. 0.],Glow Plugs,125414046,1763324995,2001
1763324995239072123,[  0   0   0   0   7 209   0   0],7,264,[0. 0.],[0. 0.],Glow Plugs,238853081,1763324995,2001
1763324995333675805,[  0   0   0   0   7 209   0   0],7,264,[0. 0.],[0. 0.],Glow Plugs,332869365,1763324995,2001
1763324995481698283,[  0   0   0   0   7 209   0   0],7,264,[0. 0.],[0. 0.],Glow Plugs,480358942,1763324995,2001
1763324995555510304,[  0   0   0   0   7 209   0   0],7,264,[0. 0.],[0. 0.],Glow Plugs,554905018,1763324995,2001
1763324995638022059,[  0   0   0   0   7 209   0   0],7,264,[0. 0.],[0. 0.],Glow Plugs,637123138,1763324995,2001
1763324995733900825,[  0   0   0   0   7 209   0   0],7,264,[0. 0.],[0. 0.],Glow Plugs,730109428,1763324995,2001
1763324995852987595,[  0   0   0   0   7 209   0   0],7,264,[0. 0.],[0. 0.],Glow Plugs,852461446,1763324995,2001
1763324995931026666,[  0   0   0   0   7 209   0   0],7,264,[0. 0.],[0. 0.],Glow Plugs,930502085,1763324995,2001
1763324996045192300,[  0   0   0   0   7 209   0   0],7,264,[0. 0.],[0. 0.],Glow Plugs,45007530,1763324996,2001
1763324996127902649,[  0   0   0   0   7 209   0   0],7,264,[0. 0.],[0. 0.],Glow Plugs,127506645,1763324996,2001
1763324996242257917,[  0   0   0   0   7 209   0   0],7,264,[0. 0.],[0. 0.],Glow Plugs,241518486,1763324996,2001
1763324996333990531,[  0   0   0   0   7 209   0   0],7,264,[0. 0.],[0. 0.],Glow Plugs,333821666,1763324996,2001
1763324996490795817,[  0   0   0   0   7 209   0   0],7,264,[0. 0.],[0. 0.],Glow Plugs,490025634,1763324996,2001
1763324996563652117,[  0   0   0   0   7 209   0   0],7,264,[0. 0.],[0. 0.],Glow Plugs,562761741,1763324996,2001
1763324996647114090,[  0   0   0   0   7 209   0   0],7,264,[0. 0.],[0. 0.],Glow Plugs,646920680,1763324996,2001
1763324996739402293,[  0   0   0   0   7 209   0   0],7,264,[0. 0.],[0. 0.],Glow Plugs,739171571,1763324996,2001
1763324996844460222,[  0   0   0   0   7 209   0   0],7,264,[0. 0.],[0. 0.],Glow Plugs,844111739,1763324996,2001
1763324996939463108,[  0   0   0   0   7 209   0   0],7,264,[0. 0.],[0. 0.],Glow Plugs,936564840,1763324996,2001
1763324997055049653,[  0   0   0   0   7 209   0   0],7,264,[0. 0.],[0. 0.],Glow Plugs,49964963,1763324997,2001
1763324997133539354,[  0   0   0   0   7 209   0   0],7,264,[0. 0.],[0. 0.],Glow Plugs,133313111,1763324997,2001
1763324997247091671,[  0   0   0   0   7 209   0   0],7,264,[0. 0.],[0. 0.],Glow Plugs,246839412,1763324997,2001
1763324997341268533,[  0   0   0   0   7 209   0   0],7,264,[0. 0.],[0. 0.],Glow Plugs,340978707,1763324997,2001
1763324997486382697,[  0   0   0   0   7 209   0   0],7,264,[0. 0.],[0. 0.],Glow Plugs,486035910,1763324997,2001
1763324997559328311,[  0   0   0   0   7 209   0   0],7,264,[0. 0.],[0. 0.],Glow Plugs,558807186,1763324997,2001
1763324997652023335,[  0   0   0   0   7 209   0   0],7,264,[0. 0.],[0. 0.],Glow Plugs,651779845,1763324997,2001
1763324997734424690,[  0   0   0   0   7 209   0   0],7,264,[0. 0.],[0. 0.],Glow Plugs,733890124,1763324997,2001
1763324997847712300,[  0   0   0   0   7 209   0   0],7,264,[0. 0.],[0. 0.],Glow Plugs,847161703,1763324997,2001
1763324997940763328,[  0   0   0   0   7 209   0   0],7,264,[0. 0.],[0. 0.],Glow Plugs,940159098,1763324997,2001
1763324998053841561,[  0   0   0   0   7 209   0   0],7,264,[0. 0.],[0. 0.],Glow Plugs,53632567,1763324998,2001
1763324998136365477,[  0   0   0   0   7 209   0   0],7,264,[0. 0.],[0. 0.],Glow Plugs,136016834,1763324998,2001
1763324998249959396,[  0   0   0   0   7 209   0   0],7,264,[0. 0.],[0. 0.],Glow Plugs,248726136,1763324998,2001
1763324998341482569,[  0   0   0   0   7 209   0   0],7,264,[0. 0.],[0. 0.],Glow Plugs,341317959,1763324998,2001
1763324998496098299,[  0   0   0   0   7 209   0   0],7,264,[0. 0.],[0. 0.],Glow Plugs,495578166,1763324998,2001
1763324998569630223,[  0   0   0   0   7 209   0   0],7,264,[0. 0.],[0. 0.],Glow Plugs,569052745,1763324998,2001
1763324998654559699,[  0   0   0   0   7 209   0   0],7,264,[0. 0.],[0. 0.],Glow Plugs,654342673,1763324998,2001
1763324998737135552,[  0   0   0   0   7 209   0   0],7,264,[0. 0.],[0. 0.],Glow Plugs,736937534,1763324998,2001
1763324998852678162,[  0   0   0   0   7 209   0   0],7,264,[0. 0.],[0. 0.],Glow Plugs,852173773,1763324998,2001
1763324998945721574,[  0   0   0   0   7 209   0   0],7,264,[0. 0.],[0. 0.],Glow Plugs,944870014,1763324998,2001
1763324999050633647,[  0   0   0   0   7 209   0   0],7,264,[0. 0.],[0. 0.],Glow Plugs,48374905,1763324999,2001
1763324999143654820,[  0   0   0   0   7 209   0   0],7,264,[0. 0.],[0. 0.],Glow Plugs,142902012,1763324999,2001
1763324999256779166,[  0   0   0   0   7 209   0   0],7,264,[0. 0.],[0. 0.],Glow Plugs,256559132,1763324999,2001
1763324999339877361,[  0   0   0   0   7 209   0   0],7,264,[0. 0.],[0. 0.],Glow Plugs,339669423,1763324999,2001
1763324999495192267,[  0   0   0   0   7 209   0   0],7,264,[0. 0.],[0. 0.],Glow Plugs,494874440,1763324999,2001
1763324999570207086,[  0   0   0   0   7 209   0   0],7,264,[0. 0.],[0. 0.],Glow Plugs,567870359,1763324999,2001
1763324999650826313,[  0   0   0   0   7 209   0   0],7,264,[0. 0.],[0. 0.],Glow Plugs,650368932,1763324999,2001
1763324999745333420,[  0   0   0   0   7 209   0   0],7,264,[0. 0.],[0. 0.],Glow Plugs,744813735,1763324999,2001
1763324999859687283,[  0   0   0   0   7 209   0   0],7,264,[0. 0.],[0. 0.],Glow Plugs,858705385,1763324999,2001
1763324999941744475,[  0   0   0   0   7 209   0   0],7,264,[0. 0.],[0. 0.],Glow Plugs,941221590,1763324999,2001
1763325000055984225,[  0   0   0   0   7 209   0   0],7,264,[0. 0.],[0. 0.],Glow Plugs,55296794,1763325000,2001
1763325000161731860,[  0   0   0   0   7 209   0   0],7,264,[0. 0.],[0. 0.],Glow Plugs,155149075,1763325000,2001
1763325000262826552,[  0   0   0   0   7 209   0   0],7,264,[0. 0.],[0. 0.],Glow Plugs,261333258,1763325000,2001
1763325000349764209,[  0   0   0   0   7 209   0   0],7,264,[0. 0.],[0. 0.],Glow Plugs,344228603,1763325000,2001
1763325000503398012,[  0   0   0   0   7 209   0   0],7,264,[0. 0.],[0. 0.],Glow Plugs,500332254,1763325000,2001
1763325000576089193,[  0   0   0   0   7 209   0   0],7,264,[0. 0.],[0. 0.],Glow Plugs,574574106,1763325000,2001
1763325000657132232,[  0   0   0   0   7 209   0   0],7,264,[0. 0.],[0. 0.],Glow Plugs,656723876,1763325000,2001
1763325000749944923,[  0   0   0   0   7 209   0   0],7,264,[0. 0.],[0. 0.],Glow Plugs,749263892,1763325000,2001
1763325000863228280,[  0   0   0   0   7 209   0   0],7,264,[0. 0.],[0. 0.],Glow Plugs,862017708,1763325000,2001
1763325000945755717,[  0   0   0   0   7 209   0   0],7,264,[0. 0.],[0. 0.],Glow Plugs,944698875,1763325000,2001
1763325001059649545,[  0   0   0   0   7 209   0   0],7,264,[0. 0.],[0. 0.],Glow Plugs,58419549,1763325001,2001
1763325001152821504,[  0   0   0   0   7 209   0   0],7,264,[0. 0.],[0. 0.],Glow Plugs,151683669,1763325001,2001
1763325001255911737,[  0   0   0   0   7 209   0   0],7,264,[0. 0.],[0. 0.],Glow Plugs,255614646,1763325001,2001
1763325001348218248,[  0   0   0   0   7 209   0   0],7,264,[0. 0.],[0. 0.],Glow Plugs,347613346,1763325001,2001
1763325001502071254,[  0   0   0   0   7 209   0   0],7,264,[0. 0.],[0. 0.],Glow Plugs,501822131,1763325001,2001
1763325001574716962,[  0   0   0   0   7 209   0   0],7,264,[0. 0.],[0. 0.],Glow Plugs,574034012,1763325001,2001
1763325001657295825,[  0   0   0   0   7 209   0   0],7,264,[0. 0.],[0. 0.],Glow Plugs,656658379,1763325001,2001
1763325001750432712,[  0   0   0   0   7 209   0   0],7,264,[0. 0.],[0. 0.],Glow Plugs,749748545,1763325001,2001
1763325001864213131,[  0   0   0   0   7 209   0   0],7,264,[0. 0.],[0. 0.],Glow Plugs,863811271,1763325001,2001
1763325001957217472,[  0   0   0   0   7 209   0   0],7,264,[0. 0.],[0. 0.],Glow Plugs,956201590,1763325001,2001
1763325002059806645,[  0   0   0   0   7 209   0   0],7,264,[0. 0.],[0. 0.],Glow Plugs,59217679,1763325002,2001
1763325002153768692,[  0   0   0   0   7 209   0   0],7,264,[0. 0.],[0. 0.],Glow Plugs,152296870,1763325002,2001
1763325002266550190,[  0   0   0   0   7 209   0   0],7,264,[0. 0.],[0. 0.],Glow Plugs,266368972,1763325002,2001
1763325002349350495,[  0   0   0   0   7 209   0   0],7,264,[0. 0.],[0. 0.],Glow Plugs,348760794,1763325002,2001
1763325002504085879,[  0   0   0   0   7 209   0   0],7,264,[0. 0.],[0. 0.],Glow Plugs,503701971,1763325002,2001
1763325002578459765,[  0   0   0   0   7 209   0   0],7,264,[0. 0.],[0. 0.],Glow Plugs,577795279,1763325002,2001
1763325002663448188,[  0   0   0   0   7 209   0   0],7,264,[0. 0.],[0. 0.],Glow Plugs,662327729,1763325002,2001
1763325002755181926,[  0   0   0   0   7 209   0   0],7,264,[0. 0.],[0. 0.],Glow Plugs,753725112,1763325002,2001
1763325002869027306,[  0   0   0   0   7 209   0   0],7,264,[0. 0.],[0. 0.],Glow Plugs,867863295,1763325002,2001
1763325002960554354,[  0   0   0   0   7 209   0   0],7,264,[0. 0.],[0. 0.],Glow Plugs,959321157,1763325002,2001
1763325003062582177,[  0   0   0   0   7 209   0   0],7,264,[0. 0.],[0. 0.],Glow Plugs,61757433,1763325003,2001
1763325003158573046,[  0   0   0   0   7 209   0   0],7,264,[0. 0.],[0. 0.],Glow Plugs,155598296,1763325003,2001
1763325003270030211,[  0   0   0   0   7 209   0   0],7,264,[0. 0.],[0. 0.],Glow Plugs,269798561,1763325003,2001
1763325003353406139,[  0   0   0   0   7 209   0   0],7,264,[0. 0.],[0. 0.],Glow Plugs,352273231,1763325003,2001
1763325003506941383,[  0   0   0   0   7 209   0   0],7,264,[0. 0.],[0. 0.],Glow Plugs,506066655,1763325003,2001
1763325003578795405,[  0   0   0   0   7 209   0   0],7,264,[0. 0.],[0. 0.],Glow Plugs,578416010,1763325003,2001
1763325003674044090,[  0   0   0   0   7 209   0   0],7,264,[0. 0.],[0. 0.],Glow Plugs,672230408,1763325003,2001
1763325003754280371,[  0   0   0   0   7 209   0   0],7,264,[0. 0.],[0. 0.],Glow Plugs,753838351,1763325003,2001
1763325003869814408,[  0   0   0   0   7 209   0   0],7,264,[0. 0.],[0. 0.],Glow Plugs,869248067,1763325003,2001
1763325003964322350,[  0   0   0   0   7 209   0   0],7,264,[0. 0.],[0. 0.],Glow Plugs,961762133,1763325003,2001
1763325004069748448,[  0   0   0   0   7 209   0   0],7,264,[0. 0.],[0. 0.],Glow Plugs,66831043,1763325004,2001
1763325004161312713,[  0   0   0   0   7 209   0   0],7,264,[0. 0.],[0. 0.],Glow Plugs,160403168,1763325004,2001
1763325004273390109,[  0   0   0   0   7 209   0   0],7,264,[0. 0.],[0. 0.],Glow Plugs,273057690,1763325004,2001
1763325004355483401,[  0   0   0   0   7 209   0   0],7,264,[0. 0.],[0. 0.],Glow Plugs,354702049,1763325004,2001
1763325004509554876,[  0   0   0   0   7 209   0   0],7,264,[0. 0.],[0. 0.],Glow Plugs,509026071,1763325004,2001
1763325004582991666,[  0   0   0   0   7 209   0   0],7,264,[0. 0.],[0. 0.],Glow Plugs,581943272,1763325004,2001
1763325004675034688,[  0   0   0   0   7 209   0   0],7,264,[0. 0.],[0. 0.],Glow Plugs,674473339,1763325004,2001
1763325004758889181,[  0   0   0   0   7 209   0   0],7,264,[0. 0.],[0. 0.],Glow Plugs,758501497,1763325004,2001
1763325004873588587,[  0   0   0   0   7 209   0   0],7,264,[0. 0.],[0. 0.],Glow Plugs,872989541,1763325004,2001
1763325004965562264,[  0   0   0   0   7 209   0   0],7,264,[0. 0.],[0. 0.],Glow Plugs,965252277,1763325004,2001
1763325005070614919,[  0   0   0   0   7 209   0   0],7,264,[0. 0.],[0. 0.],Glow Plugs,69407035,1763325005,2001
1763325005163051386,[  0   0   0   0   7 209   0   0],7,264,[0. 0.],[0. 0.],Glow Plugs,162811383,1763325005,2001
1763325005276960065,[  0   0   0   0   7 209   0   0],7,264,[0. 0.],[0. 0.],Glow Plugs,276279002,1763325005,2001
1763325005359034605,[  0   0   0   0   7 209   0   0],7,264,[0. 0.],[0. 0.],Glow Plugs,358429447,1763325005,2001
1763325005514165003,[  0   0   0   0   7 209   0   0],7,264,[0. 0.],[0. 0.],Glow Plugs,513211554,1763325005,2001
1763325005587502657,[  0   0   0   0   7 209   0   0],7,264,[0. 0.],[0. 0.],Glow Plugs,586598200,1763325005,2001
1763325005680426168,[  0   0   0   0   7 209   0   0],7,264,[0. 0.],[0. 0.],Glow Plugs,679382862,1763325005,2001
1763325005762776743,[  0   0   0   0   7 209   0   0],7,264,[0. 0.],[0. 0.],Glow Plugs,761532986,1763325005,2001
1763325005875295776,[  0   0   0   0   7 209   0   0],7,264,[0. 0.],[0. 0.],Glow Plugs,874927452,1763325005,2001
1763325005967341262,[  0   0   0   0   7 209   0   0],7,264,[0. 0.],[0. 0.],Glow Plugs,966976171,1763325005,2001
1763325006080505295,[  0   0   0   0   7 209   0   0],7,264,[0. 0.],[0. 0.],Glow Plugs,79818376,1763325006,2001
1763325006164918418,[  0   0   0   0   7 209   0   0],7,264,[0. 0.],[0. 0.],Glow Plugs,164448046,1763325006,2001
1763325006279276862,[  0   0   0   0   7 209   0   0],7,264,[0. 0.],[0. 0.],Glow Plugs,278536087,1763325006,2001
1763325006361723758,[  0   0   0   0   7 209   0   0],7,264,[0. 0.],[0. 0.],Glow Plugs,361318794,1763325006,2001
1763325006515689155,[  0   0   0   0   7 209   0   0],7,264,[0. 0.],[0. 0.],Glow Plugs,515386176,1763325006,2001
1763325006588202801,[  0   0   0   0   7 209   0   0],7,264,[0. 0.],[0. 0.],Glow Plugs,587793996,1763325006,2001
1763325006681039688,[  0   0   0   0   7 209   0   0],7,264,[0. 0.],[0. 0.],Glow Plugs,680027774,1763325006,2001
1763325006772988950,[  0   0   0   0   7 209   0   0],7,264,[0. 0.],[0. 0.],Glow Plugs,772588530,1763325006,2001
1763325006875221802,[  0   0   0   0   7 209   0   0],7,264,[0. 0.],[0. 0.],Glow Plugs,874967559,1763325006,2001
1763325006967868415,[  0   0   0   0   7 209   0   0],7,264,[0. 0.],[0. 0.],Glow Plugs,967602300,1763325006,2001
1763325007081770823,[  0   0   0   0   7 209   0   0],7,264,[0. 0.],[0. 0.],Glow Plugs,81056480,1763325007,2001
1763325007166135403,[  0   0   0   0   7 209   0   0],7,264,[0. 0.],[0. 0.],Glow Plugs,165686758,1763325007,2001
1763325007280947804,[  0   0   0   0   7 209   0   0],7,264,[0. 0.],[0. 0.],Glow Plugs,280392599,1763325007,2001
1763325007376691665,[  0   0   0   0   7 209   0   0],7,264,[0. 0.],[0. 0.],Glow Plugs,372130372,1763325007,2001
1763325007522845017,[  0   0   0   0   7 209   0   0],7,264,[0. 0.],[0. 0.],Glow Plugs,520571970,1763325007,2001
1763325007593600213,[  0   0   0   0   7 209   0   0],7,264,[0. 0.],[0. 0.],Glow Plugs,593219890,1763325007,2001
1763325007677407540,[  0   0   0   0   7 209   0   0],7,264,[0. 0.],[0. 0.],Glow Plugs,676645164,1763325007,2001
1763325007772008829,[  0   0   0   0   7 209   0   0],7,264,[0. 0.],[0. 0.],Glow Plugs,771581017,1763325007,2001
1763325007882967176,[  0   0   0   0   7 209   0   0],7,264,[0. 0.],[0. 0.],Glow Plugs,882476003,1763325007,2001
1763325007975310459,[  0   0   0   0   7 209   0   0],7,264,[0. 0.],[0. 0.],Glow Plugs,974716501,1763325007,2001
1763325008077896435,[  0   0   0   0   7 209   0   0],7,264,[0. 0.],[0. 0.],Glow Plugs,77322990,1763325008,2001
1763325008170595370,[  0   0   0   0   7 209   0   0],7,264,[0. 0.],[0. 0.],Glow Plugs,170105830,1763325008,2001
1763325008284761910,[  0   0   0   0   7 209   0   0],7,264,[0. 0.],[0. 0.],Glow Plugs,284455763,1763325008,2001
1763325008377953426,[  0   0   0   0   7 209   0   0],7,264,[0. 0.],[0. 0.],Glow Plugs,376231521,1763325008,2001
1763325008520873691,[  0   0   0   0   7 209   0   0],7,264,[0. 0.],[0. 0.],Glow Plugs,520637720,1763325008,2001
1763325008596478856,[  0   0   0   0   7 209   0   0],7,264,[0. 0.],[0. 0.],Glow Plugs,596099236,1763325008,2001
1763325008689046110,[  0   0   0   0   7 209   0   0],7,264,[0. 0.],[0. 0.],Glow Plugs,687896946,1763325008,2001
1763325008772319287,[  0   0   0   0   7 209   0   0],7,264,[0. 0.],[0. 0.],Glow Plugs,771490895,1763325008,2001
1763325008885535737,[  0   0   0   0   7 209   0   0],7,264,[0. 0.],[0. 0.],Glow Plugs,884934452,1763325008,2001
1763325008977791180,[  0   0   0   0   7 209   0   0],7,264,[0. 0.],[0. 0.],Glow Plugs,977174982,1763325008,2001
1763325009084984755,[  0   0   0   0   7 209   0   0],7,264,[0. 0.],[0. 0.],Glow Plugs,84546575,1763325009,2001
1763325009178738869,[  0   0   0   0   7 209   0   0],7,264,[0. 0.],[0. 0.],Glow Plugs,177620490,1763325009,2001
1763325009290944366,[  0   0   0   0   7 209   0   0],7,264,[0. 0.],[0. 0.],Glow Plugs,290560618,1763325009,2001
1763325009374569004,[  0   0   0   0   7 209   0   0],7,264,[0. 0.],[0. 0.],Glow Plugs,373371840,1763325009,2001
1763325009527907261,[  0   0   0   0   7 209   0   0],7,264,[0. 0.],[0. 0.],Glow Plugs,527402776,1763325009,2001
1763325009600426060,[  0   0   0   0   7 209   0   0],7,264,[0. 0.],[0. 0.],Glow Plugs,600182890,1763325009,2001
1763325009682725212,[  0   0   0   0   7 209   0   0],7,264,[0. 0.],[0. 0.],Glow Plugs,682196119,1763325009,2001
1763325009775369267,[  0   0   0   0   7 209   0   0],7,264,[0. 0.],[0. 0.],Glow Plugs,774415658,1763325009,2001
1763325009888366164,[  0   0   0   0   7 209   0   0],7,264,[0. 0.],[0. 0.],Glow Plugs,887785903,1763325009,2001
1763325009984144650,[  0   0   0   0   7 209   0   0],7,264,[0. 0.],[0. 0.],Glow Plugs,982835869,1763325009,2001
1763325010085993405,[  0   0   0   0   7 209   0   0],7,264,[0. 0.],[0. 0.],Glow Plugs,85808315,1763325010,2001
1763325010179157786,[  0   0   0   0   7 209   0   0],7,264,[0. 0.],[0. 0.],Glow Plugs,178351346,1763325010,2001
1763325010291405460,[  0   0   0   0   7 209   0   0],7,264,[0. 0.],[0. 0.],Glow Plugs,290692045,1763325010,2001
1763325010383124611,[  0   0   0   0   7 209   0   0],7,264,[0. 0.],[0. 0.],Glow Plugs,382759103,1763325010,2001
1763325010528371620,[  0   0   0   0   7 209   0   0],7,264,[0. 0.],[0. 0.],Glow Plugs,527881791,1763325010,2001
1763325010600819635,[  0   0   0   0   7 209   0   0],7,264,[0. 0.],[0. 0.],Glow Plugs,600565457,1763325010,2001
1763325010693998288,[  0   0   0   0   7 209   0   0],7,264,[0. 0.],[0. 0.],Glow Plugs,693759534,1763325010,2001
1763325010777033001,[  0   0   0   0   7 209   0   0],7,264,[0. 0.],[0. 0.],Glow Plugs,776268993,1763325010,2001
1763325010889801928,[  0   0   0   0   7 209   0   0],7,264,[0. 0.],[0. 0.],Glow Plugs,888891231,1763325010,2001
1763325010981266036,[  0   0   0   0   7 209   0   0],7,264,[0. 0.],[0. 0.],Glow Plugs,980741231,1763325010,2001
1763325011093919571,[  0   0   0   0   7 209   0   0],7,264,[0. 0.],[0. 0.],Glow Plugs,93553583,1763325011,2001
1763325011187605013,[  0   0   0   0   7 209   0   0],7,264,[0. 0.],[0. 0.],Glow Plugs,186818221,1763325011,2001
1763325011290175952,[  0   0   0   0   7 209   0   0],7,264,[0. 0.],[0. 0.],Glow Plugs,289419528,1763325011,2001
1763325011385010846,[  0   0   0   0   7 209   0   0],7,264,[0. 0.],[0. 0.],Glow Plugs,384481081,1763325011,2001
1763325011540952651,[  0   0   0   0   7 209   0   0],7,264,[0. 0.],[0. 0.],Glow Plugs,540414565,1763325011,2001
1763325011615480047,[  0   0   0   0   7 209   0   0],7,264,[0. 0.],[0. 0.],Glow Plugs,614894921,1763325011,2001
1763325011697425501,[  0   0   0   0   7 209   0   0],7,264,[0. 0.],[0. 0.],Glow Plugs,696673718,1763325011,2001
1763325011789861363,[  0   0   0   0   7 209   0   0],7,264,[0. 0.],[0. 0.],Glow Plugs,788869929,1763325011,2001
1763325011894067134,[  0   0   0   0   7 209   0   0],7,264,[0. 0.],[0. 0.],Glow Plugs,893357399,1763325011,2001
1763325011988025571,[  0   0   0   0   7 209   0   0],7,264,[0. 0.],[0. 0.],Glow Plugs,987594239,1763325011,2001
1763325012093439867,[  0   0   0   0   7 209   0   0],7,264,[0. 0.],[0. 0.],Glow Plugs,92948534,1763325012,2001
1763325012189323668,[  0   0   0   0   7 209   0   0],7,264,[0. 0.],[0. 0.],Glow Plugs,188593965,1763325012,2001
1763325012300637255,[  0   0   0   0   7 209   0   0],7,264,[0. 0.],[0. 0.],Glow Plugs,299832383,1763325012,2001
1763325012383337309,[  0   0   0   0   7 209   0   0],7,264,[0. 0.],[0. 0.],Glow Plugs,383035002,1763325012,2001
1763325012543426452,[  0   0   0   0   7 209   0   0],7,264,[0. 0.],[0. 0.],Glow Plugs,541584769,1763325012,2001
1763325012615347743,[  0   0   0   0   7 209   0   0],7,264,[0. 0.],[0. 0.],Glow Plugs,614630487,1763325012,2001
1763325012699061631,[  0   0   0   0   7 209   0   0],7,264,[0. 0.],[0. 0.],Glow Plugs,698508761,1763325012,2001
1763325012792997156,[  0   0   0   0   7 209   0   0],7,264,[0. 0.],[0. 0.],Glow Plugs,792107451,1763325012,2001
1763325012894614966,[  0   0   0   0   7 209   0   0],7,264,[0. 0.],[0. 0.],Glow Plugs,894393460,1763325012,2001
1763325012987750324,[  0   0   0   0   7 209   0   0],7,264,[0. 0.],[0. 0.],Glow Plugs,987064333,1763325012,2001
1763325013101234493,[  0   0   0   0   7 209   0   0],7,264,[0. 0.],[0. 0.],Glow Plugs,100761432,1763325013,2001
1763325013195839658,[  0   0   0   0   7 209   0   0],7,264,[0. 0.],[0. 0.],Glow Plugs,194842432,1763325013,2001
1763325013299040940,[  0   0   0   0   7 209   0   0],7,264,[0. 0.],[0. 0.],Glow Plugs,298433542,1763325013,2001
1763325013391966536,[  0   0   0   0   7 209   0   0],7,264,[0. 0.],[0. 0.],Glow Plugs,391717222,1763325013,2001
1763325013546260807,[  0   0   0   0   7 209   0   0],7,264,[0. 0.],[0. 0.],Glow Plugs,545810626,1763325013,2001
1763325013619446239,[  0   0   0   0   7 209   0   0],7,264,[0. 0.],[0. 0.],Glow Plugs,618755864,1763325013,2001
1763325013702828860,[  0   0   0   0   7 209   0   0],7,264,[0. 0.],[0. 0.],Glow Plugs,701122955,1763325013,2001
1763325013795607479,[  0   0   0   0   7 209   0   0],7,264,[0. 0.],[0. 0.],Glow Plugs,795309300,1763325013,2001
1763325013901519732,[  0   0   0   0   7 209   0   0],7,264,[0. 0.],[0. 0.],Glow Plugs,900794381,1763325013,2001
1763325013993855466,[  0   0   0   0   7 209   0   0],7,264,[0. 0.],[0. 0.],Glow Plugs,993357702,1763325013,2001
1763325014106285353,[  0   0   0   0   7 209   0   0],7,264,[0. 0.],[0. 0.],Glow Plugs,105855077,1763325014,2001
1763325014190448463,[  0   0   0   0   7 209   0   0],7,264,[0. 0.],[0. 0.],Glow Plugs,190163116,1763325014,2001
1763325014304804833,[  0   0   0   0   7 209   0   0],7,264,[0. 0.],[0. 0.],Glow Plugs,304438782,1763325014,2001
1763325014398184899,[  0   0   0   0   7 209   0   0],7,264,[0. 0.],[0. 0.],Glow Plugs,397637725,1763325014,2001
1763325014541995418,[  0   0   0   0   7 209   0   0],7,264,[0. 0.],[0. 0.],Glow Plugs,541304499,1763325014,2001
1763325014614660877,[  0   0   0   0   7 209   0   0],7,264,[0. 0.],[0. 0.],Glow Plugs,614183016,1763325014,2001
1763325014707027876,[  0   0   0   0   7 209   0   0],7,264,[0. 0.],[0. 0.],Glow Plugs,706493343,1763325014,2001
1763325014799450684,[  0   0   0   0   7 209   0   0],7,264,[0. 0.],[0. 0.],Glow Plugs,798720789,1763325014,2001
1763325014902584319,[  0   0   0   0   7 209   0   0],7,264,[0. 0.],[0. 0.],Glow Plugs,901200497,1763325014,2001
1763325014995296409,[  0   0   0   0   7 209   0   0],7,264,[0. 0.],[0. 0.],Glow Plugs,994798484,1763325014,2001
1763325015110404980,[  0   0   0   0   7 209   0   0],7,264,[0. 0.],[0. 0.],Glow Plugs,109219368,1763325015,2001
1763325015191607068,[  0   0   0   0   7 209   0   0],7,264,[0. 0.],[0. 0.],Glow Plugs,191383706,1763325015,2001
1763325015304442272,[  0   0   0   0   7 209   0   0],7,264,[0. 0.],[0. 0.],Glow Plugs,304215486,1763325015,2001
1763325015396684535,[  0   0   0   0   7 209   0   0],7,264,[0. 0.],[0. 0.],Glow Plugs,396287475,1763325015,2001
1763325015551342779,[  0   0   0   0   7 209   0   0],7,264,[0. 0.],[0. 0.],Glow Plugs,550854454,1763325015,2001
1763325015625341020,[  0   0   0   0   7 209   0   0],7,264,[0. 0.],[0. 0.],Glow Plugs,624630069,1763325015,2001
1763325015708336118,[  0   0   0   0   7 209   0   0],7,264,[0. 0.],[0. 0.],Glow Plugs,707585071,1763325015,2001
1763325015801149075,[  0   0   0   0   7 209   0   0],7,264,[0. 0.],[0. 0.],Glow Plugs,800596077,1763325015,2001
1763325015906071496,[  0   0   0   0   7 209   0   0],7,264,[0. 0.],[0. 0.],Glow Plugs,905544514,1763325015,2001
1763325015997972859,[  0   0   0   0   7 209   0   0],7,264,[0. 0.],[0. 0.],Glow Plugs,997133427,1763325015,2001
1763325016110571581,[  0   0   0   0   7 209   0   0],7,264,[0. 0.],[0. 0.],Glow Plugs,108905004,1763325016,2001
1763325016202831252,[  0   0   0   0   7 209   0   0],7,264,[0. 0.],[0. 0.],Glow Plugs,202174638,1763325016,2001
1763325016306182202,[  0   0   0   0   7 209   0   0],7,264,[0. 0.],[0. 0.],Glow Plugs,305482963,1763325016,2001
1763325016398891382,[  0   0   0   0   7 209   0   0],7,264,[0. 0.],[0. 0.],Glow Plugs,397496392,1763325016,2001
1763325016555148779,[  0   0   0   0   7 209   0   0],7,264,[0. 0.],[0. 0.],Glow Plugs,554331267,1763325016,2001
1763325016628252612,[  0   0   0   0   7 209   0   0],7,264,[0. 0.],[0. 0.],Glow Plugs,627449820,1763325016,2001
1763325016712653677,[  0   0   0   0   7 209   0   0],7,264,[0. 0.],[0. 0.],Glow Plugs,712254057,1763325016,2001
1763325016805701036,[  0   0   0   0   7 209   0   0],7,264,[0. 0.],[0. 0.],Glow Plugs,805413065,1763325016,2001
1763325016908654798,[  0   0   0   0   7 209   0   0],7,264,[0. 0.],[0. 0.],Glow Plugs,908433100,1763325016,2001
1763325017001949808,[  0   0   0   0   7 209   0   0],7,264,[0. 0.],[0. 0.],Glow Plugs,1783150,1763325017,2001
1763325017116765161,[  0   0   0   0   7 209   0   0],7,264,[0. 0.],[0. 0.],Glow Plugs,115807711,1763325017,2001
1763325017200173609,[  0   0   0   0   7 209   0   0],7,264,[0. 0.],[0. 0.],Glow Plugs,199565955,1763325017,2001
1763325017317115159,[  0   0   0   0   7 209   0   0],7,264,[0. 0.],[0. 0.],Glow Plugs,316846132,1763325017,2001
1763325017399127625,[  0   0   0   0   7 209   0   0],7,264,[0. 0.],[0. 0.],Glow Plugs,398917927,1763325017,2001
1763325017554266324,[  0   0   0   0   7 209   0   0],7,264,[0. 0.],[0. 0.],Glow Plugs,553655822,1763325017,2001
1763325017627724208,[  0   0   0   0   7 209   0   0],7,264,[0. 0.],[0. 0.],Glow Plugs,627438990,1763325017,2001
1763325017718740028,[  0   0   0   0   7 209   0   0],7,264,[0. 0.],[0. 0.],Glow Plugs,718290007,1763325017,2001
1763325017801606774,[  0   0   0   0   7 209   0   0],7,264,[0. 0.],[0. 0.],Glow Plugs,800689965,1763325017,2001
1763325017915779625,[  0   0   0   0   7 209   0   0],7,264,[0. 0.],[0. 0.],Glow Plugs,915506662,1763325017,2001
1763325018008821993,[  0   0   0   0   7 209   0   0],7,264,[0. 0.],[0. 0.],Glow Plugs,8487781,1763325018,2001
1763325018110462879,[  0   0   0   0   7 209   0   0],7,264,[0. 0.],[0. 0.],Glow Plugs,110209660,1763325018,2001
1763325018202908857,[  0   0   0   0   7 209   0   0],7,264,[0. 0.],[0. 0.],Glow Plugs,202562774,1763325018,2001
1763325018317128877,[  0   0   0   0   7 209   0   0],7,264,[0. 0.],[0. 0.],Glow Plugs,316521447,1763325018,2001
1763325018411113815,[  0   0   0   0   7 209   0   0],7,264,[0. 0.],[0. 0.],Glow Plugs,409007106,1763325018,2001
1763325018555344918,[  0   0   0   0   7 209   0   0],7,264,[0. 0.],[0. 0.],Glow Plugs,554992915,1763325018,2001
1763325018631993075,[  0   0   0   0   7 209   0   0],7,264,[0. 0.],[0. 0.],Glow Plugs,628936149,1763325018,2001
1763325018722662812,[  0   0   0   0   7 209   0   0],7,264,[0. 0.],[0. 0.],Glow Plugs,722062966,1763325018,2001
1763325018804828112,[  0   0   0   0   7 209   0   0],7,264,[0. 0.],[0. 0.],Glow Plugs,804358731,1763325018,2001
1763325018919742282,[  0   0   0   0   7 209   0   0],7,264,[0. 0.],[0. 0.],Glow Plugs,919165541,1763325018,2001
1763325019011727168,[  0   0   0   0   7 209   0   0],7,264,[0. 0.],[0. 0.],Glow Plugs,11557183,1763325019,2001
1763325019116547991,[  0   0   0   0   7 209   0   0],7,264,[0. 0.],[0. 0.],Glow Plugs,115716399,1763325019,2001
1763325019206893501,[  0   0   0   0   7 209   0   0],7,264,[0. 0.],[0. 0.],Glow Plugs,206657179,1763325019,2001
1763325019323643179,[  0   0   0   0   7 209   0   0],7,264,[0. 0.],[0. 0.],Glow Plugs,322131036,1763325019,2001
1763325019404886262,[  0   0   0   0   7 209   0   0],7,264,[0. 0.],[0. 0.],Glow Plugs,404484274,1763325019,2001
1763325019563457638,[  0   0   0   0   7 209   0   0],7,264,[0. 0.],[0. 0.],Glow Plugs,559360349,1763325019,2001
1763325019633622082,[  0   0   0   0   7 209   0   0],7,264,[0. 0.],[0. 0.],Glow Plugs,632848250,1763325019,2001
1763325019725791930,[  0   0   0   0   7 209   0   0],7,264,[0. 0.],[0. 0.],Glow Plugs,725596952,1763325019,2001
1763325019809652416,[  0   0   0   0   7 209   0   0],7,264,[0. 0.],[0. 0.],Glow Plugs,808437332,1763325019,2001
1763325019925162881,[  0   0   0   0   7 209   0   0],7,264,[0. 0.],[0. 0.],Glow Plugs,922598376,1763325019,2001
1763325020017520507,[  0   0   0   0   7 209   0   0],7,264,[0. 0.],[0. 0.],Glow Plugs,15966636,1763325020,2001
1763325020121318505,[  0   0   0   0   7 209   0   0],7,264,[0. 0.],[0. 0.],Glow Plugs,120439744,1763325020,2001
1763325020213911270,[  0   0   0   0   7 209   0   0],7,264,[0. 0.],[0. 0.],Glow Plugs,213257343,1763325020,2001
1763325020329740811,[  0   0   0   0   7 209   0   0],7,264,[0. 0.],[0. 0.],Glow Plugs,327158737,1763325020,2001
1763325020412047809,[  0   0   0   0   7 209   0   0],7,264,[0. 0.],[0. 0.],Glow Plugs,411712606,1763325020,2001
1763325020569754345,[  0   0   0   0   7 209   0   0],7,264,[0. 0.],[0. 0.],Glow Plugs,569469094,1763325020,2001
1763325020643267080,[  0   0   0   0   7 209   0   0],7,264,[0. 0.],[0. 0.],Glow Plugs,642570305,1763325020,2001
1763325020725339036,[  0   0   0   0   7 209   0   0],7,264,[0. 0.],[0. 0.],Glow Plugs,724795158,1763325020,2001
1763325020818544095,[  0   0   0   0   7 209   0   0],7,264,[0. 0.],[0. 0.],Glow Plugs,818276924,1763325020,2001
1763325020921379235,[  0   0   0   0   7 209   0   0],7,264,[0. 0.],[0. 0.],Glow Plugs,920276759,1763325020,2001
1763325021014788936,[  0   0   0   0   7 209   0   0],7,264,[0. 0.],[0. 0.],Glow Plugs,14333475,1763325021,2001
1763325021128793148,[  0   0   0   0   7 209   0   0],7,264,[0. 0.],[0. 0.],Glow Plugs,127629872,1763325021,2001
1763325021224928509,[  0   0   0   0   7 209   0   0],7,264,[0. 0.],[0. 0.],Glow Plugs,223479950,1763325021,2001
1763325021327862306,[  0   0   0   0   7 209   0   0],7,264,[0. 0.],[0. 0.],Glow Plugs,326939545,1763325021,2001
1763325021421344073,[  0   0   0   0   7 209   0   0],7,264,[0. 0.],[0. 0.],Glow Plugs,420654018,1763325021,2001
1763325021565853325,[  0   0   0   0   7 209   0   0],7,264,[0. 0.],[0. 0.],Glow Plugs,565260200,1763325021,2001
1763325021639251243,[  0   0   0   0   7 209   0   0],7,264,[0. 0.],[0. 0.],Glow Plugs,638202753,1763325021,2001
1763325021731455269,[  0   0   0   0   7 209   0   0],7,264,[0. 0.],[0. 0.],Glow Plugs,730959296,1763325021,2001
1763325021815012585,[  0   0   0   0   7 209   0   0],7,264,[0. 0.],[0. 0.],Glow Plugs,814718438,1763325021,2001
1763325021929865477,[  0   0   0   0   7 209   0   0],7,264,[0. 0.],[0. 0.],Glow Plugs,928861787,1763325021,2001
1763325022026235849,[  0   0   0   0   7 209   0   0],7,264,[0. 0.],[0. 0.],Glow Plugs,25968230,1763325022,2001
1763325022130742654,[  0   0   0   0   7 209   0   0],7,264,[0. 0.],[0. 0.],Glow Plugs,129846773,1763325022,2001
1763325022225609779,[  0   0   0   0   7 209   0   0],7,264,[0. 0.],[0. 0.],Glow Plugs,223306972,1763325022,2001
1763325022332158301,[  0   0   0   0   7 209   0   0],7,264,[0. 0.],[0. 0.],Glow Plugs,327815634,1763325022,2001
1763325022421718525,[  0   0   0   0   7 209   0   0],7,264,[0. 0.],[0. 0.],Glow Plugs,421031126,1763325022,2001
1763325022576907342,[  0   0   0   0   7 209   0   0],7,264,[0. 0.],[0. 0.],Glow Plugs,575772162,1763325022,2001
1763325022649096640,[  0   0   0   0   7 209   0   0],7,264,[0. 0.],[0. 0.],Glow Plugs,648720700,1763325022,2001
1763325022731691546,[  0   0   0   0   7 209   0   0],7,264,[0. 0.],[0. 0.],Glow Plugs,731421304,1763325022,2001
1763325022825037984,[  0   0   0   0   7 209   0   0],7,264,[0. 0.],[0. 0.],Glow Plugs,824192920,1763325022,2001
1763325022928201320,[  0   0   0   0   7 209   0   0],7,264,[0. 0.],[0. 0.],Glow Plugs,927061885,1763325022,2001
1763325023020693542,[  0   0   0   0   7 209   0   0],7,264,[0. 0.],[0. 0.],Glow Plugs,20326114,1763325023,2001
1763325023136078569,[  0   0   0   0   7 209   0   0],7,264,[0. 0.],[0. 0.],Glow Plugs,135056095,1763325023,2001
1763325023218372353,[  0   0   0   0   7 209   0   0],7,264,[0. 0.],[0. 0.],Glow Plugs,218125246,1763325023,2001
1763325023332191796,[  0   0   0   0   7 209   0   0],7,264,[0. 0.],[0. 0.],Glow Plugs,331361004,1763325023,2001
1763325023424628978,[  0   0   0   0   7 209   0   0],7,264,[0. 0.],[0. 0.],Glow Plugs,424214445,1763325023,2001
1763325023570753064,[  0   0   0   0   7 209   0   0],7,264,[0. 0.],[0. 0.],Glow Plugs,569961409,1763325023,2001
1763325023645186578,[  0   0   0   0   7 209   0   0],7,264,[0. 0.],[0. 0.],Glow Plugs,644321865,1763325023,2001
1763325023737271052,[  0   0   0   0   7 209   0   0],7,264,[0. 0.],[0. 0.],Glow Plugs,736696774,1763325023,2001
1763325023820997842,[  0   0   0   0   7 209   0   0],7,264,[0. 0.],[0. 0.],Glow Plugs,819671524,1763325023,2001
1763325023933545368,[  0   0   0   0   7 209   0   0],7,264,[0. 0.],[0. 0.],Glow Plugs,932594063,1763325023,2001
1763325024025464305,[  0   0   0   0   7 209   0   0],7,264,[0. 0.],[0. 0.],Glow Plugs,24693289,1763325024,2001
1763325024139328389,[  0   0   0   0   7 209   0   0],7,264,[0. 0.],[0. 0.],Glow Plugs,139004354,1763325024,2001
1763325024222470822,[  0   0   0   0   7 209   0   0],7,264,[0. 0.],[0. 0.],Glow Plugs,222274180,1763325024,2001
1763325024336460956,[  0   0   0   0   7 209   0   0],7,264,[0. 0.],[0. 0.],Glow Plugs,336135033,1763325024,2001
1763325024428947451,[  0   0   0   0   7 209   0   0],7,264,[0. 0.],[0. 0.],Glow Plugs,428468694,1763325024,2001
1763325024573890023,[  0   0   0   0   7 209   0   0],7,264,[0. 0.],[0. 0.],Glow Plugs,573518531,1763325024,2001
1763325024648435473,[  0   0   0   0   7 209   0   0],7,264,[0. 0.],[0. 0.],Glow Plugs,647903052,1763325024,2001
1763325024740807023,[  0   0   0   0   7 209   0   0],7,264,[0. 0.],[0. 0.],Glow Plugs,740427019,1763325024,2001
1763325024823500619,[  0   0   0   0   7 209   0   0],7,264,[0. 0.],[0. 0.],Glow Plugs,823213160,1763325024,2001
1763325024939419476,[  0   0   0   0   7 209   0   0],7,264,[0. 0.],[0. 0.],Glow Plugs,938305929,1763325024,2001
1763325025028683539,[  0   0   0   0   7 209   0   0],7,264,[0. 0.],[0. 0.],Glow Plugs,28425200,1763325025,2001
1763325025142763082,[  0   0   0   0   7 209   0   0],7,264,[0. 0.],[0. 0.],Glow Plugs,142121572,1763325025,2001
1763325025225138180,[  0   0   0   0   7 209   0   0],7,264,[0. 0.],[0. 0.],Glow Plugs,224577918,1763325025,2001
1763325025339635936,[  0   0   0   0   7 209   0   0],7,264,[0. 0.],[0. 0.],Glow Plugs,339167323,1763325025,2001
1763325025432836358,[  0   0   0   0   7 209   0   0],7,264,[0. 0.],[0. 0.],Glow Plugs,432354529,1763325025,2001
1763325025587009455,[  0   0   0   0   7 209   0   0],7,264,[0. 0.],[0. 0.],Glow Plugs,584206419,1763325025,2001
1763325025656627465,[  0   0   0   0   7 209   0   0],7,264,[0. 0.],[0. 0.],Glow Plugs,656252005,1763325025,2001
1763325025737772278,[  0   0   0   0   7 209   0   0],7,264,[0. 0.],[0. 0.],Glow Plugs,737183697,1763325025,2001
1763325025832652590,[  0   0   0   0   7 209   0   0],7,264,[0. 0.],[0. 0.],Glow Plugs,830890044,1763325025,2001
1763325025945543993,[  0   0   0   0   7 209   0   0],7,264,[0. 0.],[0. 0.],Glow Plugs,945092085,1763325025,2001
1763325026030561934,[  0   0   0   0   7 209   0   0],7,264,[0. 0.],[0. 0.],Glow Plugs,29723557,1763325026,2001
1763325026145527471,[  0   0   0   0   7 209   0   0],7,264,[0. 0.],[0. 0.],Glow Plugs,144917001,1763325026,2001
1763325026228465647,[  0   0   0   0   7 209   0   0],7,264,[0. 0.],[0. 0.],Glow Plugs,228200556,1763325026,2001
1763325026343433552,[  0   0   0   0   7 209   0   0],7,264,[0. 0.],[0. 0.],Glow Plugs,343117645,1763325026,2001
1763325026437433375,[  0   0   0   0   7 209   0   0],7,264,[0. 0.],[0. 0.],Glow Plugs,436862233,1763325026,2001
1763325026583693370,[  0   0   0   0   7 209   0   0],7,264,[0. 0.],[0. 0.],Glow Plugs,583343638,1763325026,2001
1763325026658483464,[  0   0   0   0   7 209   0   0],7,264,[0. 0.],[0. 0.],Glow Plugs,657976899,1763325026,2001
1763325026742277776,[  0   0   0   0   7 209   0   0],7,264,[0. 0.],[0. 0.],Glow Plugs,741769291,1763325026,2001
1763325026835105683,[  0   0   0   0   7 209   0   0],7,264,[0. 0.],[0. 0.],Glow Plugs,834024649,1763325026,2001
1763325026948105441,[  0   0   0   0   7 209   0   0],7,264,[0. 0.],[0. 0.],Glow Plugs,947116023,1763325026,2001
1763325027040456991,[  0   0   0   0   7 209   0   0],7,264,[0. 0.],[0. 0.],Glow Plugs,39034545,1763325027,2001
1763325027144941080,[  0   0   0   0   7 209   0   0],7,264,[0. 0.],[0. 0.],Glow Plugs,144147664,1763325027,2001
1763325027236743473,[  0   0   0   0   7 209   0   0],7,264,[0. 0.],[0. 0.],Glow Plugs,236549712,1763325027,2001
1763325027342248660,[  0   0   0   0   7 209   0   0],7,264,[0. 0.],[0. 0.],Glow Plugs,341215818,1763325027,2001
1763325027434325681,[  0   0   0   0   7 209   0   0],7,264,[0. 0.],[0. 0.],Glow Plugs,434149455,1763325027,2001
1763325027589180259,[  0   0   0   0   7 209   0   0],7,264,[0. 0.],[0. 0.],Glow Plugs,588531836,1763325027,2001
1763325027661941853,[  0   0   0   0   7 209   0   0],7,264,[0. 0.],[0. 0.],Glow Plugs,661483000,1763325027,2001
1763325027745006975,[  0   0   0   0   7 209   0   0],7,264,[0. 0.],[0. 0.],Glow Plugs,744507738,1763325027,2001
1763325027837448383,[  0   0   0   0   7 209   0   0],7,264,[0. 0.],[0. 0.],Glow Plugs,837195164,1763325027,2001
1763325027953413738,[  0   0   0   0   7 209   0   0],7,264,[0. 0.],[0. 0.],Glow Plugs,952362304,1763325027,2001
1763325028036022728,[  0   0   0   0   7 209   0   0],7,264,[0. 0.],[0. 0.],Glow Plugs,35564003,1763325028,2001
1763325028152879805,[  0   0   0   0   7 209   0   0],7,264,[0. 0.],[0. 0.],Glow Plugs,152336920,1763325028,2001
1763325028237908979,[  0   0   0   0   7 209   0   0],7,264,[0. 0.],[0. 0.],Glow Plugs,237162860,1763325028,2001
1763325028350345437,[  0   0   0   0   7 209   0   0],7,264,[0. 0.],[0. 0.],Glow Plugs,349440531,1763325028,2001
1763325028443088480,[  0   0   0   0   7 209   0   0],7,264,[0. 0.],[0. 0.],Glow Plugs,442195863,1763325028,2001
1763325028587601131,[  0   0   0   0   7 209   0   0],7,264,[0. 0.],[0. 0.],Glow Plugs,586843428,1763325028,2001
1763325028660926572,[  0   0   0   0   7 209   0   0],7,264,[0. 0.],[0. 0.],Glow Plugs,660282949,1763325028,2001
1763325028753257803,[  0   0   0   0   7 209   0   0],7,264,[0. 0.],[0. 0.],Glow Plugs,753009161,1763325028,2001
1763325028835821608,[  0   0   0   0   7 209   0   0],7,264,[0. 0.],[0. 0.],Glow Plugs,835245410,1763325028,2001
1763325028948844183,[  0   0   0   0   7 209   0   0],7,264,[0. 0.],[0. 0.],Glow Plugs,948292722,1763325028,2001
1763325029042649958,[  0   0   0   0   7 209   0   0],7,264,[0. 0.],[0. 0.],Glow Plugs,41511866,1763325029,2001
1763325029155903736,[  0   0   0   0   7 209   0   0],7,264,[0. 0.],[0. 0.],Glow Plugs,155062255,1763325029,2001
1763325029238515734,[  0   0   0   0   7 209   0   0],7,264,[0. 0.],[0. 0.],Glow Plugs,237995601,1763325029,2001
1763325029353601403,[  0   0   0   0   7 209   0   0],7,264,[0. 0.],[0. 0.],Glow Plugs,352671825,1763325029,2001
1763325029445519286,[  0   0   0   0   7 209   0   0],7,264,[0. 0.],[0. 0.],Glow Plugs,445357685,1763325029,2001
1763325029591174062,[  0   0   0   0   7 209   0   0],7,264,[0. 0.],[0. 0.],Glow Plugs,590664233,1763325029,2001
1763325029663375684,[  0   0   0   0   7 209   0   0],7,264,[0. 0.],[0. 0.],Glow Plugs,663132609,1763325029,2001
1763325029756954000,[  0   0   0   0   7 209   0   0],7,264,[0. 0.],[0. 0.],Glow Plugs,756755822,1763325029,2001
1763325029841365568,[  0   0   0   0   7 209   0   0],7,264,[0. 0.],[0. 0.],Glow Plugs,840458455,1763325029,2001
1763325029958545306,[  0   0   0   0   7 209   0   0],7,264,[0. 0.],[0. 0.],Glow Plugs,957701266,1763325029,2001
1763325030044175447,[  0   0   0   0   7 209   0   0],7,264,[0. 0.],[0. 0.],Glow Plugs,43660306,1763325030,2001
1763325030159865666,[  0   0   0   0   7 209   0   0],7,264,[0. 0.],[0. 0.],Glow Plugs,159546399,1763325030,2001
1763325030242978502,[  0   0   0   0   7 209   0   0],7,264,[0. 0.],[0. 0.],Glow Plugs,242119805,1763325030,2001
1763325030355812405,[  0   0   0   0   7 209   0   0],7,264,[0. 0.],[0. 0.],Glow Plugs,354909548,1763325030,2001
1763325030451170228,[  0   0   0   0   7 209   0   0],7,264,[0. 0.],[0. 0.],Glow Plugs,450226570,1763325030,2001
1763325030611177501,[  0   0   0   0   7 209   0   0],7,264,[0. 0.],[0. 0.],Glow Plugs,609674989,1763325030,2001
1763325030681575872,[  0   0   0   0   7 209   0   0],7,264,[0. 0.],[0. 0.],Glow Plugs,680916314,1763325030,2001
1763325030754849665,[  0   0   0   0   7 209   0   0],7,264,[0. 0.],[0. 0.],Glow Plugs,754414493,1763325030,2001
1763325030847309539,[  0   0   0   0   7 209   0   0],7,264,[0. 0.],[0. 0.],Glow Plugs,846869087,1763325030,2001
1763325030962221127,[  0   0   0   0   7 209   0   0],7,264,[0. 0.],[0. 0.],Glow Plugs,961994628,1763325030,2001
1763325031045846544,[  0   0   0   0   7 209   0   0],7,264,[0. 0.],[0. 0.],Glow Plugs,44987623,1763325031,2001
1763325031162487941,[  0   0   0   0   7 209   0   0],7,264,[0. 0.],[0. 0.],Glow Plugs,162232099,1763325031,2001
1763325031245800460,[  0   0   0   0   7 209   0   0],7,264,[0. 0.],[0. 0.],Glow Plugs,245380456,1763325031,2001
1763325031359670150,[  0   0   0   0   7 209   0   0],7,264,[0. 0.],[0. 0.],Glow Plugs,359380515,1763325031,2001
1763325031453564086,[  0   0   0   0   7 209   0   0],7,264,[0. 0.],[0. 0.],Glow Plugs,452716398,1763325031,2001
1763325031598921549,[  0   0   0   0   7 209   0   0],7,264,[0. 0.],[0. 0.],Glow Plugs,598448104,1763325031,2001
1763325031670956418,[  0   0   0   0   7 209   0   0],7,264,[0. 0.],[0. 0.],Glow Plugs,670667967,1763325031,2001
1763325031763740167,[  0   0   0   0   7 209   0   0],7,264,[0. 0.],[0. 0.],Glow Plugs,763214082,1763325031,2001
1763325031846653226,[  0   0   0   0   7 209   0   0],7,264,[0. 0.],[0. 0.],Glow Plugs,846288550,1763325031,2001
1763325031960479299,[  0   0   0   0   7 209   0   0],7,264,[0. 0.],[0. 0.],Glow Plugs,959501145,1763325031,2001
1763325032052771460,[  0   0   0   0   7 209   0   0],7,264,[0. 0.],[0. 0.],Glow Plugs,52527362,1763325032,2001
1763325032166761088,[  0   0   0   0   7 209   0   0],7,264,[0. 0.],[0. 0.],Glow Plugs,166460925,1763325032,2001
1763325032251386388,[  0   0   0   0   7 209   0   0],7,264,[0. 0.],[0. 0.],Glow Plugs,250437962,1763325032,2001
1763325032363982977,[  0   0   0   0   7 209   0   0],7,264,[0. 0.],[0. 0.],Glow Plugs,363663326,1763325032,2001
1763325032450765931,[  0   0   0   0   7 209   0   0],7,264,[0. 0.],[0. 0.],Glow Plugs,448424948,1763325032,2001
1763325032605242655,[  0   0   0   0   7 209   0   0],7,264,[0. 0.],[0. 0.],Glow Plugs,604637464,1763325032,2001
1763325032678843716,[  0   0   0   0   7 209   0   0],7,264,[0. 0.],[0. 0.],Glow Plugs,677868538,1763325032,2001
1763325032760555450,[  0   0   0   0   7 209   0   0],7,264,[0. 0.],[0. 0.],Glow Plugs,760360280,1763325032,2001
1763325032853808261,[  0   0   0   0   7 209   0   0],7,264,[0. 0.],[0. 0.],Glow Plugs,853258336,1763325032,2001
1763325032966855960,[  0   0   0   0   7 209   0   0],7,264,[0. 0.],[0. 0.],Glow Plugs,966336338,1763325032,2001
1763325033062975264,[  0   0   0   0   7 209   0   0],7,264,[0. 0.],[0. 0.],Glow Plugs,61955637,1763325033,2001
1763325033165818796,[  0   0   0   0   7 209   0   0],7,264,[0. 0.],[0. 0.],Glow Plugs,164451006,1763325033,2001
1763325033256745024,[  0   0   0   0   7 209   0   0],7,264,[0. 0.],[0. 0.],Glow Plugs,256529822,1763325033,2001
1763325033362144998,[  0   0   0   0   7 209   0   0],7,264,[0. 0.],[0. 0.],Glow Plugs,361952196,1763325033,2001
1763325033457012834,[  0   0   0   0   7 209   0   0],7,264,[0. 0.],[0. 0.],Glow Plugs,456728319,1763325033,2001
1763325033611467254,[  0   0   0   0   7 209   0   0],7,264,[0. 0.],[0. 0.],Glow Plugs,610891408,1763325033,2001
1763325033683670605,[  0   0   0   0   7 209   0   0],7,264,[0. 0.],[0. 0.],Glow Plugs,683484459,1763325033,2001
1763325033766380558,[  0   0   0   0   7 209   0   0],7,264,[0. 0.],[0. 0.],Glow Plugs,766176300,1763325033,2001
1763325033863385408,[  0   0   0   0   7 209   0   0],7,264,[0. 0.],[0. 0.],Glow Plugs,863071133,1763325033,2001
1763325033968972968,[  0   0   0   0   7 209   0   0],7,264,[0. 0.],[0. 0.],Glow Plugs,968241504,1763325033,2001
1763325034061866416,[  0   0   0   0   7 209   0   0],7,264,[0. 0.],[0. 0.],Glow Plugs,61293706,1763325034,2001
1763325034165034816,[  0   0   0   0   7 209   0   0],7,264,[0. 0.],[0. 0.],Glow Plugs,164619676,1763325034,2001
1763325034259293750,[  0   0   0   0   7 209   0   0],7,264,[0. 0.],[0. 0.],Glow Plugs,258577935,1763325034,2001
1763325034373396884,[  0   0   0   0   7 209   0   0],7,264,[0. 0.],[0. 0.],Glow Plugs,372671981,1763325034,2001
1763325034456509466,[  0   0   0   0   7 209   0   0],7,264,[0. 0.],[0. 0.],Glow Plugs,455910484,1763325034,2001
1763325034610529387,[  0   0   0   0   7 209   0   0],7,264,[0. 0.],[0. 0.],Glow Plugs,610290121,1763325034,2001
1763325034682856900,[  0   0   0   0   7 209   0   0],7,264,[0. 0.],[0. 0.],Glow Plugs,682398239,1763325034,2001
1763325034766992436,[  0   0   0   0   7 209   0   0],7,264,[0. 0.],[0. 0.],Glow Plugs,766111723,1763325034,2001
1763325034860188064,[  0   0   0   0   7 209   0   0],7,264,[0. 0.],[0. 0.],Glow Plugs,858855698,1763325034,2001
1763325034973660600,[  0   0   0   0   7 209   0   0],7,264,[0. 0.],[0. 0.],Glow Plugs,971487906,1763325034,2001
1763325035066048604,[  0   0   0   0   7 209   0   0],7,264,[0. 0.],[0. 0.],Glow Plugs,63864453,1763325035,2001
1763325035167055190,[  0   0   0   0   7 209   0   0],7,264,[0. 0.],[0. 0.],Glow Plugs,166719123,1763325035,2001
1763325035264651119,[  0   0   0   0   7 209   0   0],7,264,[0. 0.],[0. 0.],Glow Plugs,263856359,1763325035,2001
1763325035370290425,[  0   0   0   0   7 209   0   0],7,264,[0. 0.],[0. 0.],Glow Plugs,369300239,1763325035,2001
1763325035462029366,[  0   0   0   0   7 209   0   0],7,264,[0. 0.],[0. 0.],Glow Plugs,461735379,1763325035,2001
1763325035617582679,[  0   0   0   0   7 209   0   0],7,264,[0. 0.],[0. 0.],Glow Plugs,616729103,1763325035,2001
1763325035689461868,[  0   0   0   0   7 209   0   0],7,264,[0. 0.],[0. 0.],Glow Plugs,689265642,1763325035,2001
1763325035772519346,[  0   0   0   0   7 209   0   0],7,264,[0. 0.],[0. 0.],Glow Plugs,771711530,1763325035,2001
1763325035864041837,[  0   0   0   0   7 209   0   0],7,264,[0. 0.],[0. 0.],Glow Plugs,863747498,1763325035,2001
1763325035978199469,[  0   0   0   0   7 209   0   0],7,264,[0. 0.],[0. 0.],Glow Plugs,977877674,1763325035,2001
1763325036059485441,[  0   0   0   0   7 209   0   0],7,264,[0. 0.],[0. 0.],Glow Plugs,58787290,1763325036,2001
1763325036172197715,[  0   0   0   0   7 209   0   0],7,264,[0. 0.],[0. 0.],Glow Plugs,171661165,1763325036,2001
1763325036266299561,[  0   0   0   0   7 209   0   0],7,264,[0. 0.],[0. 0.],Glow Plugs,265281054,1763325036,2001
1763325036378663735,[  0   0   0   0   7 209   0   0],7,264,[0. 0.],[0. 0.],Glow Plugs,378206450,1763325036,2001
1763325036463767186,[  0   0   0   0   7 209   0   0],7,264,[0. 0.],[0. 0.],Glow Plugs,461144599,1763325036,2001
1763325036618459051,[  0   0   0   0   7 209   0   0],7,264,[0. 0.],[0. 0.],Glow Plugs,618004775,1763325036,2001
1763325036691067528,[  0   0   0   0   7 209   0   0],7,264,[0. 0.],[0. 0.],Glow Plugs,690805542,1763325036,2001
1763325036778164759,[  0   0   0   0   7 209   0   0],7,264,[0. 0.],[0. 0.],Glow Plugs,777533073,1763325036,2001
1763325036873058805,[  0   0   0   0   7 209   0   0],7,264,[0. 0.],[0. 0.],Glow Plugs,872384974,1763325036,2001
1763325036974773336,[  0   0   0   0   7 209   0   0],7,264,[0. 0.],[0. 0.],Glow Plugs,974146546,1763325036,2001
1763325037066799385,[  0   0   0   0   7 209   0   0],7,264,[0. 0.],[0. 0.],Glow Plugs,65972561,1763325037,2001
1763325037181358430,[  0   0   0   0   7 209   0   0],7,264,[0. 0.],[0. 0.],Glow Plugs,181101212,1763325037,2001
1763325037263354298,[  0   0   0   0   7 209   0   0],7,264,[0. 0.],[0. 0.],Glow Plugs,263023927,1763325037,2001
1763325037376288847,[  0   0   0   0   7 209   0   0],7,264,[0. 0.],[0. 0.],Glow Plugs,376099117,1763325037,2001
1763325037469818304,[  0   0   0   0   7 209   0   0],7,264,[0. 0.],[0. 0.],Glow Plugs,468898614,1763325037,2001
1763325037625379459,[  0   0   0   0   7 209   0   0],7,264,[0. 0.],[0. 0.],Glow Plugs,624623483,1763325037,2001
1763325037699133068,[  0   0   0   0   7 209   0   0],7,264,[0. 0.],[0. 0.],Glow Plugs,698582566,1763325037,2001
1763325037781748814,[  0   0   0   0   7 209   0   0],7,264,[0. 0.],[0. 0.],Glow Plugs,781526060,1763325037,2001
1763325037875883109,[  0   0   0   0   7 209   0   0],7,264,[0. 0.],[0. 0.],Glow Plugs,874751962,1763325037,2001
1763325037977944428,[  0   0   0   0   7 209   0   0],7,264,[0. 0.],[0. 0.],Glow Plugs,977105283,1763325037,2001
1763325038072155940,[  0   0   0   0   7 209   0   0],7,264,[0. 0.],[0. 0.],Glow Plugs,69591786,1763325038,2001
1763325038183205446,[  0   0   0   0   7 209   0   0],7,264,[0. 0.],[0. 0.],Glow Plugs,182432222,1763325038,2001
1763325038274854020,[  0   0   0   0   7 209   0   0],7,264,[0. 0.],[0. 0.],Glow Plugs,273983772,1763325038,2001
1763325038377005549,[  0   0   0   0   7 209   0   0],7,264,[0. 0.],[0. 0.],Glow Plugs,376604713,1763325038,2001
1763325038471925580,[  0   0   0   0   7 209   0   0],7,264,[0. 0.],[0. 0.],Glow Plugs,469427507,1763325038,2001
1763325038625179769,[  0   0   0   0   7 209   0   0],7,264,[0. 0.],[0. 0.],Glow Plugs,624661460,1763325038,2001
1763325038699292486,[  0   0   0   0   7 209   0   0],7,264,[0. 0.],[0. 0.],Glow Plugs,698376925,1763325038,2001
1763325038781084385,[  0   0   0   0   7 209   0   0],7,264,[0. 0.],[0. 0.],Glow Plugs,780626204,1763325038,2001
1763325038876525829,[  0   0   0   0   7 209   0   0],7,264,[0. 0.],[0. 0.],Glow Plugs,874997046,1763325038,2001
1763325038989755709,[  0   0   0   0   7 209   0   0],7,264,[0. 0.],[0. 0.],Glow Plugs,989315577,1763325038,2001
1763325039073068168,[  0   0   0   0   7 209   0   0],7,264,[0. 0.],[0. 0.],Glow Plugs,71584857,1763325039,2001
1763325039185401912,[  0   0   0   0   7 209   0   0],7,264,[0. 0.],[0. 0.],Glow Plugs,184921171,1763325039,2001
1763325039279331694,[  0   0   0   0   7 209   0   0],7,264,[0. 0.],[0. 0.],Glow Plugs,278554470,1763325039,2001
1763325039384511637,[  0   0   0   0   7 209   0   0],7,264,[0. 0.],[0. 0.],Glow Plugs,383691053,1763325039,2001
1763325039480722274,[  0   0   0   0   7 209   0   0],7,264,[0. 0.],[0. 0.],Glow Plugs,480093372,1763325039,2001
1763325039628249494,[  0   0   0   0   7 209   0   0],7,264,[0. 0.],[0. 0.],Glow Plugs,627421070,1763325039,2001
1763325039702078785,[  0   0   0   0   7 209   0   0],7,264,[0. 0.],[0. 0.],Glow Plugs,701437658,1763325039,2001
1763325039786259220,[  0   0   0   0   7 209   0   0],7,264,[0. 0.],[0. 0.],Glow Plugs,783911388,1763325039,2001
1763325039877590448,[  0   0   0   0   7 209   0   0],7,264,[0. 0.],[0. 0.],Glow Plugs,876443332,1763325039,2001
1763325039990304196,[  0   0   0   0   7 209   0   0],7,264,[0. 0.],[0. 0.],Glow Plugs,989434779,1763325039,2001
1763325040083189551,[  0   0   0   0   7 209   0   0],7,264,[0. 0.],[0. 0.],Glow Plugs,82476584,1763325040,2001
1763325040186110209,[  0   0   0   0   7 209   0   0],7,264,[0. 0.],[0. 0.],Glow Plugs,185777085,1763325040,2001
1763325040278704490,[  0   0   0   0   7 209   0   0],7,264,[0. 0.],[0. 0.],Glow Plugs,278430055,1763325040,2001
1763325040392457513,[  0   0   0   0   7 209   0   0],7,264,[0. 0.],[0. 0.],Glow Plugs,392219462,1763325040,2001
1763325040475450449,[  0   0   0   0   7 209   0   0],7,264,[0. 0.],[0. 0.],Glow Plugs,474648488,1763325040,2001
1763325040630835733,[  0   0   0   0   7 209   0   0],7,264,[0. 0.],[0. 0.],Glow Plugs,629887243,1763325040,2001
1763325040704791105,[  0   0   0   0   7 209   0   0],7,264,[0. 0.],[0. 0.],Glow Plugs,704146459,1763325040,2001
1763325040787378341,[  0   0   0   0   7 209   0   0],7,264,[0. 0.],[0. 0.],Glow Plugs,786663038,1763325040,2001
1763325040879546506,[  0   0   0   0   7 209   0   0],7,264,[0. 0.],[0. 0.],Glow Plugs,878990436,1763325040,2001
1763325040994178706,[  0   0   0   0   7 209   0   0],7,264,[0. 0.],[0. 0.],Glow Plugs,993441482,1763325040,2001
1763325041075394120,[  0   0   0   0   7 209   0   0],7,264,[0. 0.],[0. 0.],Glow Plugs,75171398,1763325041,2001
1763325041189154184,[  0   0   0   0   7 209   0   0],7,264,[0. 0.],[0. 0.],Glow Plugs,188640802,1763325041,2001
1763325041281549807,[  0   0   0   0   7 209   0   0],7,264,[0. 0.],[0. 0.],Glow Plugs,281224268,1763325041,2001
1763325041397884585,[  0   0   0   0   7 209   0   0],7,264,[0. 0.],[0. 0.],Glow Plugs,396350138,1763325041,2001
1763325041479918280,[  0   0   0   0   7 209   0   0],7,264,[0. 0.],[0. 0.],Glow Plugs,478727356,1763325041,2001
1763325041634848488,[  0   0   0   0   7 209   0   0],7,264,[0. 0.],[0. 0.],Glow Plugs,633974399,1763325041,2001
1763325041708384945,[  0   0   0   0   7 209   0   0],7,264,[0. 0.],[0. 0.],Glow Plugs,707829131,1763325041,2001
1763325041791881886,[  0   0   0   0   7 209   0   0],7,264,[0. 0.],[0. 0.],Glow Plugs,791649948,1763325041,2001
1763325041884736586,[  0   0   0   0   7 209   0   0],7,264,[0. 0.],[0. 0.],Glow Plugs,884218789,1763325041,2001
1763325041991147104,[  0   0   0   0   7 209   0   0],7,264,[0. 0.],[0. 0.],Glow Plugs,990680827,1763325041,2001
1763325042084822645,[  0   0   0   0   7 209   0   0],7,264,[0. 0.],[0. 0.],Glow Plugs,84463345,1763325042,2001
1763325042200755979,[  0   0   0   0   7 209   0   0],7,264,[0. 0.],[0. 0.],Glow Plugs,198675222,1763325042,2001
1763325042282061955,[  0   0   0   0   7 209   0   0],7,264,[0. 0.],[0. 0.],Glow Plugs,281875489,1763325042,2001
1763325042394824410,[  0   0   0   0   7 209   0   0],7,264,[0. 0.],[0. 0.],Glow Plugs,394609591,1763325042,2001
1763325042487449540,[  0   0   0   0   7 209   0   0],7,264,[0. 0.],[0. 0.],Glow Plugs,487106529,1763325042,2001
1763325042644649693,[  0   0   0   0   7 209   0   0],7,264,[0. 0.],[0. 0.],Glow Plugs,643678259,1763325042,2001
1763325042715999312,[  0   0   0   0   7 209   0   0],7,264,[0. 0.],[0. 0.],Glow Plugs,715736685,1763325042,2001
1763325042798353554,[  0   0   0   0   7 209   0   0],7,264,[0. 0.],[0. 0.],Glow Plugs,798144752,1763325042,2001
1763325042892110504,[  0   0   0   0   7 209   0   0],7,264,[0. 0.],[0. 0.],Glow Plugs,891842053,1763325042,2001
1763325042996069733,[  0   0   0   0   7 209   0   0],7,264,[0. 0.],[0. 0.],Glow Plugs,995350174,1763325042,2001
1763325043089383991,[  0   0   0   0   7 209   0   0],7,264,[0. 0.],[0. 0.],Glow Plugs,89001555,1763325043,2001
1763325043193886522,[  0   0   0   0   7 209   0   0],7,264,[0. 0.],[0. 0.],Glow Plugs,193529911,1763325043,2001
1763325043286504261,[  0   0   0   0   7 209   0   0],7,264,[0. 0.],[0. 0.],Glow Plugs,286184322,1763325043,2001
1763325043402037496,[  0   0   0   0   7 209   0   0],7,264,[0. 0.],[0. 0.],Glow Plugs,401084335,1763325043,2001
1763325043493591129,[  0   0   0   0   7 209   0   0],7,264,[0. 0.],[0. 0.],Glow Plugs,493274005,1763325043,2001
1763325043638422709,[  0   0   0   0   7 209   0   0],7,264,[0. 0.],[0. 0.],Glow Plugs,638091505,1763325043,2001
1763325043711923422,[  0   0   0   0   7 209   0   0],7,264,[0. 0.],[0. 0.],Glow Plugs,711034165,1763325043,2001
1763325043805984920,[  0   0   0   0   7 209   0   0],7,264,[0. 0.],[0. 0.],Glow Plugs,805366193,1763325043,2001
1763325043888601629,[  0   0   0   0   7 209   0   0],7,264,[0. 0.],[0. 0.],Glow Plugs,888009527,1763325043,2001
1763325044001071697,[  0   0   0   0   7 209   0   0],7,264,[0. 0.],[0. 0.],Glow Plugs,388042,1763325044,2001
1763325044093759869,[  0   0   0   0   7 209   0   0],7,264,[0. 0.],[0. 0.],Glow Plugs,93176823,1763325044,2001
1763325044198686822,[  0   0   0   0   7 209   0   0],7,264,[0. 0.],[0. 0.],Glow Plugs,197951710,1763325044,2001
1763325044290755468,[  0   0   0   0   7 209   0   0],7,264,[0. 0.],[0. 0.],Glow Plugs,290369992,1763325044,2001
1763325044404416525,[  0   0   0   0   7 209   0   0],7,264,[0. 0.],[0. 0.],Glow Plugs,403827399,1763325044,2001
1763325044496825590,[  0   0   0   0   7 209   0   0],7,264,[0. 0.],[0. 0.],Glow Plugs,496484403,1763325044,2001
1763325044645747357,[  0   0   0   0   7 209   0   0],7,264,[0. 0.],[0. 0.],Glow Plugs,644884916,1763325044,2001
1763325044719908557,[  0   0   0   0   7 209   0   0],7,264,[0. 0.],[0. 0.],Glow Plugs,718320861,1763325044,2001
1763325044805971318,[  0   0   0   0   7 209   0   0],7,264,[0. 0.],[0. 0.],Glow Plugs,805364048,1763325044,2001
1763325044899270920,[  0   0   0   0   7 209   0   0],7,264,[0. 0.],[0. 0.],Glow Plugs,897646840,1763325044,2001
1763325045001899161,[  0   0   0   0   7 209   0   0],7,264,[0. 0.],[0. 0.],Glow Plugs,1238643,1763325045,2001
1763325045093793374,[  0   0   0   0   7 209   0   0],7,264,[0. 0.],[0. 0.],Glow Plugs,93278137,1763325045,2001
1763325045209397779,[  0   0   0   0   7 209   0   0],7,264,[0. 0.],[0. 0.],Glow Plugs,208636652,1763325045,2001
1763325045293413928,[  0   0   0   0   7 209   0   0],7,264,[0. 0.],[0. 0.],Glow Plugs,292803074,1763325045,2001
1763325045406531108,[  0   0   0   0   7 209   0   0],7,264,[0. 0.],[0. 0.],Glow Plugs,405707388,1763325045,2001
1763325045502495538,[  0   0   0   0   7 209   0   0],7,264,[0. 0.],[0. 0.],Glow Plugs,501840940,1763325045,2001
1763325045648918208,[  0   0   0   0   7 209   0   0],7,264,[0. 0.],[0. 0.],Glow Plugs,645578847,1763325045,2001
1763325045719173162,[  0   0   0   0   7 209   0   0],7,264,[0. 0.],[0. 0.],Glow Plugs,718767429,1763325045,2001
1763325045804054535,[  0   0   0   0   7 209   0   0],7,264,[0. 0.],[0. 0.],Glow Plugs,803430785,1763325045,2001
1763325045900074550,[  0   0   0   0   7 209   0   0],7,264,[0. 0.],[0. 0.],Glow Plugs,899552112,1763325045,2001
1763325046003880051,[  0   0   0   0   7 209   0   0],7,264,[0. 0.],[0. 0.],Glow Plugs,3633553,1763325046,2001
1763325046098784727,[  0   0   0   0   7 209   0   0],7,264,[0. 0.],[0. 0.],Glow Plugs,98272114,1763325046,2001
1763325046213280226,[  0   0   0   0   7 209   0   0],7,264,[0. 0.],[0. 0.],Glow Plugs,212929854,1763325046,2001
1763325046296420558,[  0   0   0   0   7 209   0   0],7,264,[0. 0.],[0. 0.],Glow Plugs,296142092,1763325046,2001
1763325046409541067,[  0   0   0   0   7 209   0   0],7,264,[0. 0.],[0. 0.],Glow Plugs,409065894,1763325046,2001
1763325046504088683,[  0   0   0   0   7 209   0   0],7,264,[0. 0.],[0. 0.],Glow Plugs,503259459,1763325046,2001
1763325046649972213,[  0   0   0   0   7 209   0   0],7,264,[0. 0.],[0. 0.],Glow Plugs,649627890,1763325046,2001
1763325046723032571,[  0   0   0   0   7 209   0   0],7,264,[0. 0.],[0. 0.],Glow Plugs,722569718,1763325046,2001
1763325046804876282,[  0   0   0   0   7 209   0   0],7,264,[0. 0.],[0. 0.],Glow Plugs,804549495,1763325046,2001
1763325046897479847,[  0   0   0   0   7 209   0   0],7,264,[0. 0.],[0. 0.],Glow Plugs,896975106,1763325046,2001
1763325047011049384,[  0   0   0   0   7 209   0   0],7,264,[0. 0.],[0. 0.],Glow Plugs,10757477,1763325047,2001
1763325047103246257,[  0   0   0   0   7 209   0   0],7,264,[0. 0.],[0. 0.],Glow Plugs,102752620,1763325047,2001
1763325047216349807,[  0   0   0   0   7 209   0   0],7,264,[0. 0.],[0. 0.],Glow Plugs,216054156,1763325047,2001
1763325047300295972,[  0   0   0   0   7 209   0   0],7,264,[0. 0.],[0. 0.],Glow Plugs,298787252,1763325047,2001
1763325047412467864,[  0   0   0   0   7 209   0   0],7,264,[0. 0.],[0. 0.],Glow Plugs,411832433,1763325047,2001
1763325047505590954,[  0   0   0   0   7 209   0   0],7,264,[0. 0.],[0. 0.],Glow Plugs,504605728,1763325047,2001
1763325047651463924,[  0   0   0   0   7 209   0   0],7,264,[0. 0.],[0. 0.],Glow Plugs,650785933,1763325047,2001
1763325047723777779,[  0   0   0   0   7 209   0   0],7,264,[0. 0.],[0. 0.],Glow Plugs,722847690,1763325047,2001
1763325047815547768,[  0   0   0   0   7 209   0   0],7,264,[0. 0.],[0. 0.],Glow Plugs,815293557,1763325047,2001
1763325047909567315,[  0   0   0   0   7 209   0   0],7,264,[0. 0.],[0. 0.],Glow Plugs,908984909,1763325047,2001
1763325048013476211,[  0   0   0   0   7 209   0   0],7,264,[0. 0.],[0. 0.],Glow Plugs,12899053,1763325048,2001
1763325048106873033,[  0   0   0   0   7 209   0   0],7,264,[0. 0.],[0. 0.],Glow Plugs,106272195,1763325048,2001
1763325048220183881,[  0   0   0   0   7 209   0   0],7,264,[0. 0.],[0. 0.],Glow Plugs,219112670,1763325048,2001
1763325048304165279,[  0   0   0   0   7 209   0   0],7,264,[0. 0.],[0. 0.],Glow Plugs,302685136,1763325048,2001
1763325048419054287,[  0   0   0   0   7 209   0   0],7,264,[0. 0.],[0. 0.],Glow Plugs,417916964,1763325048,2001
1763325048500962192,[  0   0   0   0   7 209   0   0],7,264,[0. 0.],[0. 0.],Glow Plugs,499920262,1763325048,2001
1763325048654725516,[  0   0   0   0   7 209   0   0],7,264,[0. 0.],[0. 0.],Glow Plugs,653869923,1763325048,2001
1763325048728808573,[  0   0   0   0   7 209   0   0],7,264,[0. 0.],[0. 0.],Glow Plugs,727618097,1763325048,2001
1763325048823401311,[  0   0   0   0   7 209   0   0],7,264,[0. 0.],[0. 0.],Glow Plugs,820391168,1763325048,2001
1763325048903476141,[  0   0   0   0   7 209   0   0],7,264,[0. 0.],[0. 0.],Glow Plugs,902977000,1763325048,2001
1763325049016893678,[  0   0   0   0   7 209   0   0],7,264,[0. 0.],[0. 0.],Glow Plugs,15918661,1763325049,2001
1763325049108519091,[  0   0   0   0   7 209   0   0],7,264,[0. 0.],[0. 0.],Glow Plugs,108112367,1763325049,2001
1763325049223093440,[  0   0   0   0   7 209   0   0],7,264,[0. 0.],[0. 0.],Glow Plugs,222748253,1763325049,2001
1763325049305171684,[  0   0   0   0   7 209   0   0],7,264,[0. 0.],[0. 0.],Glow Plugs,304637278,1763325049,2001
1763325049418446052,[  0   0   0   0   7 209   0   0],7,264,[0. 0.],[0. 0.],Glow Plugs,417548123,1763325049,2001
1763325049514095953,[  0   0   0   0   7 209   0   0],7,264,[0. 0.],[0. 0.],Glow Plugs,510647086,1763325049,2001
1763325049656706972,[  0   0   0   0   7 209   0   0],7,264,[0. 0.],[0. 0.],Glow Plugs,655910836,1763325049,2001
1763325049730804622,[  0   0   0   0   7 209   0   0],7,264,[0. 0.],[0. 0.],Glow Plugs,728384790,1763325049,2001
1763325049822703541,[  0   0   0   0   7 209   0   0],7,264,[0. 0.],[0. 0.],Glow Plugs,821256742,1763325049,2001
1763325049913821620,[  0   0   0   0   7 209   0   0],7,264,[0. 0.],[0. 0.],Glow Plugs,912978028,1763325049,2001
1763325050016127557,[  0   0   0   0   7 209   0   0],7,264,[0. 0.],[0. 0.],Glow Plugs,15653472,1763325050,2001
1763325050109541724,[  0   0   0   0   7 209   0   0],7,264,[0. 0.],[0. 0.],Glow Plugs,108573170,1763325050,2001
1763325050221819955,[  0   0   0   0   7 209   0   0],7,264,[0. 0.],[0. 0.],Glow Plugs,221561457,1763325050,2001
1763325050315005672,[  0   0   0   0   7 209   0   0],7,264,[0. 0.],[0. 0.],Glow Plugs,314638212,1763325050,2001
1763325050418820073,[  0   0   0   0   7 209   0   0],7,264,[0. 0.],[0. 0.],Glow Plugs,418053697,1763325050,2001
1763325050511491832,[  0   0   0   0   7 209   0   0],7,264,[0. 0.],[0. 0.],Glow Plugs,510889298,1763325050,2001
1763325050667097705,[  0   0   0   0   7 209   0   0],7,264,[0. 0.],[0. 0.],Glow Plugs,666174591,1763325050,2001
1763325050740085712,[  0   0   0   0   7 209   0   0],7,264,[0. 0.],[0. 0.],Glow Plugs,739390280,1763325050,2001
1763325050823903205,[  0   0   0   0   7 209   0   0],7,264,[0. 0.],[0. 0.],Glow Plugs,821624494,1763325050,2001
1763325050915889933,[  0   0   0   0   7 209   0   0],7,264,[0. 0.],[0. 0.],Glow Plugs,915523274,1763325050,2001
1763325051029635572,[  0   0   0   0   7 209   0   0],7,264,[0. 0.],[0. 0.],Glow Plugs,29033869,1763325051,2001
1763325051112794723,[  0   0   0   0   7 209   0   0],7,264,[0. 0.],[0. 0.],Glow Plugs,112010107,1763325051,2001
1763325051225636864,[  0   0   0   0   7 209   0   0],7,264,[0. 0.],[0. 0.],Glow Plugs,224961977,1763325051,2001
1763325051317634409,[  0   0   0   0   7 209   0   0],7,264,[0. 0.],[0. 0.],Glow Plugs,316855713,1763325051,2001
1763325051420468737,[  0   0   0   0   7 209   0   0],7,264,[0. 0.],[0. 0.],Glow Plugs,419712057,1763325051,2001
1763325051513069040,[  0   0   0   0   7 209   0   0],7,264,[0. 0.],[0. 0.],Glow Plugs,512225832,1763325051,2001
1763325051666937616,[  0   0   0   0   7 209   0   0],7,264,[0. 0.],[0. 0.],Glow Plugs,666733294,1763325051,2001
1763325051741014434,[  0   0   0   0   7 209   0   0],7,264,[0. 0.],[0. 0.],Glow Plugs,740755072,1763325051,2001
1763325051824048848,[  0   0   0   0   7 209   0   0],7,264,[0. 0.],[0. 0.],Glow Plugs,823261192,1763325051,2001
1763325051915185648,[  0   0   0   0   7 209   0   0],7,264,[0. 0.],[0. 0.],Glow Plugs,914964878,1763325051,2001
1763325052028640724,[  0   0   0   0   7 209   0   0],7,264,[0. 0.],[0. 0.],Glow Plugs,27765003,1763325052,2001
1763325052120700063,[  0   0   0   0   7 209   0   0],7,264,[0. 0.],[0. 0.],Glow Plugs,120263866,1763325052,2001
1763325052224995622,[  0   0   0   0   7 209   0   0],7,264,[0. 0.],[0. 0.],Glow Plugs,223851354,1763325052,2001
1763325052316774125,[  0   0   0   0   7 209   0   0],7,264,[0. 0.],[0. 0.],Glow Plugs,316136423,1763325052,2001
1763325052429239048,[  0   0   0   0   7 209   0   0],7,264,[0. 0.],[0. 0.],Glow Plugs,428785635,1763325052,2001
1763325052522881058,[  0   0   0   0   7 209   0   0],7,264,[0. 0.],[0. 0.],Glow Plugs,522006265,1763325052,2001
1763325052667693286,[  0   0   0   0   7 209   0   0],7,264,[0. 0.],[0. 0.],Glow Plugs,666894238,1763325052,2001
1763325052740049448,[  0   0   0   0   7 209   0   0],7,264,[0. 0.],[0. 0.],Glow Plugs,739577027,1763325052,2001
1763325052833892772,[  0   0   0   0   7 209   0   0],7,264,[0. 0.],[0. 0.],Glow Plugs,832979803,1763325052,2001
1763325052915462884,[  0   0   0   0   7 209   0   0],7,264,[0. 0.],[0. 0.],Glow Plugs,915212769,1763325052,2001
1763325053029417485,[  0   0   0   0   7 209   0   0],7,264,[0. 0.],[0. 0.],Glow Plugs,28540228,1763325053,2001
1763325053125334400,[  0   0   0   0   7 209   0   0],7,264,[0. 0.],[0. 0.],Glow Plugs,124862747,1763325053,2001
1763325053229556294,[  0   0   0   0   7 209   0   0],7,264,[0. 0.],[0. 0.],Glow Plugs,228868927,1763325053,2001
1763325053324296845,[  0   0   0   0   7 209   0   0],7,264,[0. 0.],[0. 0.],Glow Plugs,323678854,1763325053,2001
1763325053426852611,[  0   0   0   0   7 209   0   0],7,264,[0. 0.],[0. 0.],Glow Plugs,426412894,1763325053,2001
1763325053519344370,[  0   0   0   0   7 209   0   0],7,264,[0. 0.],[0. 0.],Glow Plugs,519112304,1763325053,2001
1763325053674353695,[  0   0   0   0   7 209   0   0],7,264,[0. 0.],[0. 0.],Glow Plugs,674123485,1763325053,2001
1763325053747267815,[  0   0   0   0   7 209   0   0],7,264,[0. 0.],[0. 0.],Glow Plugs,746863138,1763325053,2001
1763325053833820217,[  0   0   0   0   7 209   0   0],7,264,[0. 0.],[0. 0.],Glow Plugs,832507500,1763325053,2001
1763325053925466208,[  0   0   0   0   7 209   0   0],7,264,[0. 0.],[0. 0.],Glow Plugs,925128541,1763325053,2001
1763325054035232256,[  0   0   0   0   7 209   0   0],7,264,[0. 0.],[0. 0.],Glow Plugs,34776539,1763325054,2001
1763325054129200927,[  0   0   0   0   7 209   0   0],7,264,[0. 0.],[0. 0.],Glow Plugs,127628527,1763325054,2001
1763325054230461096,[  0   0   0   0   7 209   0   0],7,264,[0. 0.],[0. 0.],Glow Plugs,229206907,1763325054,2001
1763325054326045559,[  0   0   0   0   7 209   0   0],7,264,[0. 0.],[0. 0.],Glow Plugs,325828021,1763325054,2001
1763325054438974040,[  0   0   0   0   7 209   0   0],7,264,[0. 0.],[0. 0.],Glow Plugs,438640596,1763325054,2001
1763325054521635139,[  0   0   0   0   7 209   0   0],7,264,[0. 0.],[0. 0.],Glow Plugs,520838491,1763325054,2001
1763325054678903976,[  0   0   0   0   7 209   0   0],7,264,[0. 0.],[0. 0.],Glow Plugs,678357059,1763325054,2001
1763325054750999944,[  0   0   0   0   7 209   0   0],7,264,[0. 0.],[0. 0.],Glow Plugs,750767718,1763325054,2001
1763325054833522290,[  0   0   0   0   7 209   0   0],7,264,[0. 0.],[0. 0.],Glow Plugs,833290992,1763325054,2001
1763325054927869301,[  0   0   0   0   7 209   0   0],7,264,[0. 0.],[0. 0.],Glow Plugs,926182052,1763325054,2001
1763325055044579708,[  0   0   0   0   7 209   0   0],7,264,[0. 0.],[0. 0.],Glow Plugs,41921313,1763325055,2001
1763325055128734072,[  0   0   0   0   7 209   0   0],7,264,[0. 0.],[0. 0.],Glow Plugs,128006320,1763325055,2001
1763325055241123539,[  0   0   0   0   7 209   0   0],7,264,[0. 0.],[0. 0.],Glow Plugs,240637070,1763325055,2001
1763325055324656200,[  0   0   0   0   7 209   0   0],7,264,[0. 0.],[0. 0.],Glow Plugs,324091650,1763325055,2001
1763325055436569023,[  0   0   0   0   7 209   0   0],7,264,[0. 0.],[0. 0.],Glow Plugs,436181147,1763325055,2001
1763325055530001721,[  0   0   0   0   7 209   0   0],7,264,[0. 0.],[0. 0.],Glow Plugs,529520884,1763325055,2001
1763325055684738821,[  0   0   0   0   7 209   0   0],7,264,[0. 0.],[0. 0.],Glow Plugs,684067582,1763325055,2001
1763325055758933851,[  0   0   0   0   7 209   0   0],7,264,[0. 0.],[0. 0.],Glow Plugs,758387157,1763325055,2001
1763325055841964331,[  0   0   0   0   7 209   0   0],7,264,[0. 0.],[0. 0.],Glow Plugs,841395045,1763325055,2001
1763325055934742366,[  0   0   0   0   7 209   0   0],7,264,[0. 0.],[0. 0.],Glow Plugs,934139896,1763325055,2001
1763325056037966876,[  0   0   0   0   7 209   0   0],7,264,[0. 0.],[0. 0.],Glow Plugs,37271573,1763325056,2001
1763325056131358486,[  0   0   0   0   7 209   0   0],7,264,[0. 0.],[0. 0.],Glow Plugs,130172874,1763325056,2001
1763325056244246200,[  0   0   0   0   7 209   0   0],7,264,[0. 0.],[0. 0.],Glow Plugs,243175885,1763325056,2001
1763325056339342627,[  0   0   0   0   7 209   0   0],7,264,[0. 0.],[0. 0.],Glow Plugs,335617437,1763325056,2001
1763325056439820710,[  0   0   0   0   7 209   0   0],7,264,[0. 0.],[0. 0.],Glow Plugs,438918973,1763325056,2001
1763325056532737851,[  0   0   0   0   7 209   0   0],7,264,[0. 0.],[0. 0.],Glow Plugs,531885235,1763325056,2001
1763325056688693685,[  0   0   0   0   7 209   0   0],7,264,[0. 0.],[0. 0.],Glow Plugs,686718529,1763325056,2001
1763325056759722122,[  0   0   0   0   7 209   0   0],7,264,[0. 0.],[0. 0.],Glow Plugs,759341895,1763325056,2001
1763325056841651919,[  0   0   0   0   7 209   0   0],7,264,[0. 0.],[0. 0.],Glow Plugs,841372461,1763325056,2001
1763325056936172117,[  0   0   0   0   7 209   0   0],7,264,[0. 0.],[0. 0.],Glow Plugs,935674736,1763325056,2001
1763325057038685805,[  0   0   0   0   7 209   0   0],7,264,[0. 0.],[0. 0.],Glow Plugs,38511723,1763325057,2001
1763325057132575597,[  0   0   0   0   7 209   0   0],7,264,[0. 0.],[0. 0.],Glow Plugs,131922310,1763325057,2001
1763325057244988970,[  0   0   0   0   7 209   0   0],7,264,[0. 0.],[0. 0.],Glow Plugs,244613286,1763325057,2001
1763325057338607431,[  0   0   0   0   7 209   0   0],7,264,[0. 0.],[0. 0.],Glow Plugs,338071297,1763325057,2001
1763325057441590788,[  0   0   0   0   7 209   0   0],7,264,[0. 0.],[0. 0.],Glow Plugs,441358081,1763325057,2001
1763325057533498319,[  0   0   0   0   7 209   0   0],7,264,[0. 0.],[0. 0.],Glow Plugs,533045547,1763325057,2001
1763325057688379743,[  0   0   0   0   7 209   0   0],7,264,[0. 0.],[0. 0.],Glow Plugs,687962586,1763325057,2001
1763325057761943567,[  0   0   0   0   7 209   0   0],7,264,[0. 0.],[0. 0.],Glow Plugs,761404681,1763325057,2001
1763325057845875689,[  0   0   0   0   7 209   0   0],7,264,[0. 0.],[0. 0.],Glow Plugs,845391972,1763325057,2001
1763325057940323598,[  0   0   0   0   7 209   0   0],7,264,[0. 0.],[0. 0.],Glow Plugs,939548295,1763325057,2001
1763325058047203123,[  0   0   0   0   7 209   0   0],7,264,[0. 0.],[0. 0.],Glow Plugs,45586819,1763325058,2001
1763325058139736230,[  0   0   0   0   7 209   0   0],7,264,[0. 0.],[0. 0.],Glow Plugs,139250849,1763325058,2001
1763325058243826159,[  0   0   0   0   7 209   0   0],7,264,[0. 0.],[0. 0.],Glow Plugs,243284841,1763325058,2001
1763325058335674074,[  0   0   0   0   7 209   0   0],7,264,[0. 0.],[0. 0.],Glow Plugs,335445432,1763325058,2001
1763325058452015488,[  0   0   0   0   7 209   0   0],7,264,[0. 0.],[0. 0.],Glow Plugs,451120503,1763325058,2001
1763325058534634893,[  0   0   0   0   7 209   0   0],7,264,[0. 0.],[0. 0.],Glow Plugs,534145288,1763325058,2001
1763325058688851351,[  0   0   0   0   7 209   0   0],7,264,[0. 0.],[0. 0.],Glow Plugs,688150640,1763325058,2001
1763325058765640456,[  0   0   0   0   7 209   0   0],7,264,[0. 0.],[0. 0.],Glow Plugs,764939681,1763325058,2001
1763325058849323488,[  0   0   0   0   7 209   0   0],7,264,[0. 0.],[0. 0.],Glow Plugs,848903196,1763325058,2001
1763325058951192754,[  0   0   0   0   7 209   0   0],7,264,[0. 0.],[0. 0.],Glow Plugs,944434093,1763325058,2001
1763325059048139506,[  0   0   0   0   7 209   0   0],7,264,[0. 0.],[0. 0.],Glow Plugs,47466348,1763325059,2001
1763325059141819217,[  0   0   0   0   7 209   0   0],7,264,[0. 0.],[0. 0.],Glow Plugs,141304172,1763325059,2001
1763325059254764117,[  0   0   0   0   7 209   0   0],7,264,[0. 0.],[0. 0.],Glow Plugs,254400178,1763325059,2001
1763325059337251586,[  0   0   0   0   7 209   0   0],7,264,[0. 0.],[0. 0.],Glow Plugs,337034015,1763325059,2001
1763325059451110127,[  0   0   0   0   7 209   0   0],7,264,[0. 0.],[0. 0.],Glow Plugs,450513513,1763325059,2001
1763325059543438528,[  0   0   0   0   7 209   0   0],7,264,[0. 0.],[0. 0.],Glow Plugs,542614295,1763325059,2001
1763325059699640575,[  0   0   0   0   7 209   0   0],7,264,[0. 0.],[0. 0.],Glow Plugs,699028248,1763325059,2001
1763325059772081892,[  0   0   0   0   7 209   0   0],7,264,[0. 0.],[0. 0.],Glow Plugs,771597087,1763325059,2001
1763325059855492346,[  0   0   0   0   7 209   0   0],7,264,[0. 0.],[0. 0.],Glow Plugs,855079158,1763325059,2001
1763325059938128104,[  0   0   0   0   7 209   0   0],7,264,[0. 0.],[0. 0.],Glow Plugs,937630627,1763325059,2001
1763325060050949899,[  0   0   0   0   7 209   0   0],7,264,[0. 0.],[0. 0.],Glow Plugs,50622631,1763325060,2001
1763325060144089573,[  0   0   0   0   7 209   0   0],7,264,[0. 0.],[0. 0.],Glow Plugs,143627520,1763325060,2001
1763325060256530116,[  0   0   0   0   7 209   0   0],7,264,[0. 0.],[0. 0.],Glow Plugs,256177248,1763325060,2001
1763325060339848537,[  0   0   0   0   7 209   0   0],7,264,[0. 0.],[0. 0.],Glow Plugs,339325332,1763325060,2001
1763325060453266627,[  0   0   0   0   7 209   0   0],7,264,[0. 0.],[0. 0.],Glow Plugs,452600668,1763325060,2001
1763325060546331292,[  0   0   0   0   7 209   0   0],7,264,[0. 0.],[0. 0.],Glow Plugs,545608117,1763325060,2001
1763325060700826922,[  0   0   0   0   7 209   0   0],7,264,[0. 0.],[0. 0.],Glow Plugs,700378182,1763325060,2001
1763325060773041614,[  0   0   0   0   7 209   0   0],7,264,[0. 0.],[0. 0.],Glow Plugs,772664010,1763325060,2001
1763325060856408676,[  0   0   0   0   7 209   0   0],7,264,[0. 0.],[0. 0.],Glow Plugs,855262552,1763325060,2001
1763325060948218608,[  0   0   0   0   7 209   0   0],7,264,[0. 0.],[0. 0.],Glow Plugs,947684682,1763325060,2001
1763325061061230614,[  0   0   0   0   7 209   0   0],7,264,[0. 0.],[0. 0.],Glow Plugs,60986547,1763325061,2001
1763325061143876676,[  0   0   0   0   7 209   0   0],7,264,[0. 0.],[0. 0.],Glow Plugs,143607170,1763325061,2001
1763325061256771913,[  0   0   0   0   7 209   0   0],7,264,[0. 0.],[0. 0.],Glow Plugs,256524487,1763325061,2001
1763325061350992175,[  0   0   0   0   7 209   0   0],7,264,[0. 0.],[0. 0.],Glow Plugs,350326024,1763325061,2001
1763325061453158982,[  0   0   0   0   7 209   0   0],7,264,[0. 0.],[0. 0.],Glow Plugs,452697633,1763325061,2001
1763325061546728389,[  0   0   0   0   7 209   0   0],7,264,[0. 0.],[0. 0.],Glow Plugs,546397281,1763325061,2001
1763325061705385630,[  0   0   0   0   7 209   0   0],7,264,[0. 0.],[0. 0.],Glow Plugs,705029787,1763325061,2001
1763325061777474753,[  0   0   0   0   7 209   0   0],7,264,[0. 0.],[0. 0.],Glow Plugs,777239391,1763325061,2001
1763325061860561204,[  0   0   0   0   7 209   0   0],7,264,[0. 0.],[0. 0.],Glow Plugs,860010319,1763325061,2001
1763325061953521005,[  0   0   0   0   7 209   0   0],7,264,[0. 0.],[0. 0.],Glow Plugs,953009256,1763325061,2001
1763325062056762351,[  0   0   0   0   7 209   0   0],7,264,[0. 0.],[0. 0.],Glow Plugs,56209674,1763325062,2001
1763325062149297156,[  0   0   0   0   7 209   0   0],7,264,[0. 0.],[0. 0.],Glow Plugs,148436091,1763325062,2001
1763325062264789188,[  0   0   0   0   7 209   0   0],7,264,[0. 0.],[0. 0.],Glow Plugs,261506979,1763325062,2001
1763325062355145827,[  0   0   0   0   7 209   0   0],7,264,[0. 0.],[0. 0.],Glow Plugs,354236153,1763325062,2001
1763325062458278980,[  0   0   0   0   7 209   0   0],7,264,[0. 0.],[0. 0.],Glow Plugs,458054562,1763325062,2001
1763325062551787171,[  0   0   0   0   7 209   0   0],7,264,[0. 0.],[0. 0.],Glow Plugs,551394367,1763325062,2001
1763325062709015343,[  0   0   0   0   7 209   0   0],7,264,[0. 0.],[0. 0.],Glow Plugs,708262215,1763325062,2001
1763325062785041850,[  0   0   0   0   7 209   0   0],7,264,[0. 0.],[0. 0.],Glow Plugs,780562125,1763325062,2001
1763325062865353938,[  0   0   0   0   7 209   0   0],7,264,[0. 0.],[0. 0.],Glow Plugs,863872995,1763325062,2001
1763325062958199562,[  0   0   0   0   7 209   0   0],7,264,[0. 0.],[0. 0.],Glow Plugs,957405058,1763325062,2001
1763325063061580014,[  0   0   0   0   7 209   0   0],7,264,[0. 0.],[0. 0.],Glow Plugs,60585988,1763325063,2001
1763325063153283771,[  0   0   0   0   7 209   0   0],7,264,[0. 0.],[0. 0.],Glow Plugs,152726709,1763325063,2001
1763325063265965823,[  0   0   0   0   7 209   0   0],7,264,[0. 0.],[0. 0.],Glow Plugs,265305656,1763325063,2001
1763325063358415667,[  0   0   0   0   7 209   0   0],7,264,[0. 0.],[0. 0.],Glow Plugs,358205617,1763325063,2001
1763325063462589088,[  0   0   0   0   7 209   0   0],7,264,[0. 0.],[0. 0.],Glow Plugs,461711735,1763325063,2001
1763325063554803826,[  0   0   0   0   7 209   0   0],7,264,[0. 0.],[0. 0.],Glow Plugs,554115115,1763325063,2001
1763325063709657767,[  0   0   0   0   7 209   0   0],7,264,[0. 0.],[0. 0.],Glow Plugs,709371524,1763325063,2001
1763325063782936695,[  0   0   0   0   7 209   0   0],7,264,[0. 0.],[0. 0.],Glow Plugs,781749131,1763325063,2001
1763325063866752499,[  0   0   0   0   7 209   0   0],7,264,[0. 0.],[0. 0.],Glow Plugs,864680093,1763325063,2001
1763325063957294099,[  0   0   0   0   7 209   0   0],7,264,[0. 0.],[0. 0.],Glow Plugs,956597068,1763325063,2001
1763325064074773865,[  0   0   0   0   7 209   0   0],7,264,[0. 0.],[0. 0.],Glow Plugs,73188985,1763325064,2001
1763325064154015927,[  0   0   0   0   7 209   0   0],7,264,[0. 0.],[0. 0.],Glow Plugs,153835317,1763325064,2001
1763325064268266347,[  0   0   0   0   7 209   0   0],7,264,[0. 0.],[0. 0.],Glow Plugs,267378210,1763325064,2001
1763325064361174309,[  0   0   0   0   7 209   0   0],7,264,[0. 0.],[0. 0.],Glow Plugs,360942915,1763325064,2001
1763325064466813954,[  0   0   0   0   7 209   0   0],7,264,[0. 0.],[0. 0.],Glow Plugs,466022137,1763325064,2001
1763325064559298519,[  0   0   0   0   7 209   0   0],7,264,[0. 0.],[0. 0.],Glow Plugs,558391566,1763325064,2001
1763325064714411279,[  0   0   0   0   7 209   0   0],7,264,[0. 0.],[0. 0.],Glow Plugs,714183373,1763325064,2001
1763325064788426439,[  0   0   0   0   7 209   0   0],7,264,[0. 0.],[0. 0.],Glow Plugs,787483133,1763325064,2001
1763325064872027169,[  0   0   0   0   7 209   0   0],7,264,[0. 0.],[0. 0.],Glow Plugs,871418907,1763325064,2001
1763325064965046108,[  0   0   0   0   7 209   0   0],7,264,[0. 0.],[0. 0.],Glow Plugs,964804633,1763325064,2001
1763325065067093268,[  0   0   0   0   7 209   0   0],7,264,[0. 0.],[0. 0.],Glow Plugs,66590383,1763325065,2001
1763325065159954382,[  0   0   0   0   7 209   0   0],7,264,[0. 0.],[0. 0.],Glow Plugs,159747307,1763325065,2001
1763325065275206733,[  0   0   0   0   7 209   0   0],7,264,[0. 0.],[0. 0.],Glow Plugs,272562418,1763325065,2001
1763325065367145470,[  0   0   0   0   7 209   0   0],7,264,[0. 0.],[0. 0.],Glow Plugs,366470423,1763325065,2001
1763325065469393048,[  0   0   0   0   7 209   0   0],7,264,[0. 0.],[0. 0.],Glow Plugs,469164630,1763325065,2001
1763325065563204059,[  0   0   0   0   7 209   0   0],7,264,[0. 0.],[0. 0.],Glow Plugs,562894552,1763325065,2001
1763325065718723833,[  0   0   0   0   7 209   0   0],7,264,[0. 0.],[0. 0.],Glow Plugs,718380277,1763325065,2001
1763325065792467086,[  0   0   0   0   7 209   0   0],7,264,[0. 0.],[0. 0.],Glow Plugs,791669030,1763325065,2001
1763325065874667675,[  0   0   0   0   7 209   0   0],7,264,[0. 0.],[0. 0.],Glow Plugs,874334199,1763325065,2001
1763325065958788091,[  0   0   0   0   7 209   0   0],7,264,[0. 0.],[0. 0.],Glow Plugs,957924594,1763325065,2001
1763325066071638434,[  0   0   0   0   7 209   0   0],7,264,[0. 0.],[0. 0.],Glow Plugs,70940091,1763325066,2001
1763325066164393563,[  0   0   0   0   7 209   0   0],7,264,[0. 0.],[0. 0.],Glow Plugs,163458674,1763325066,2001
1763325066276605116,[  0   0   0   0   7 209   0   0],7,264,[0. 0.],[0. 0.],Glow Plugs,276157144,1763325066,2001
1763325066369329109,[  0   0   0   0   7 209   0   0],7,264,[0. 0.],[0. 0.],Glow Plugs,368352555,1763325066,2001
1763325066472774812,[  0   0   0   0   7 209   0   0],7,264,[0. 0.],[0. 0.],Glow Plugs,472468953,1763325066,2001
1763325066566582337,[  0   0   0   0   7 209   0   0],7,264,[0. 0.],[0. 0.],Glow Plugs,566162492,1763325066,2001
1763325066720801649,[  0   0   0   0   7 209   0   0],7,264,[0. 0.],[0. 0.],Glow Plugs,720386573,1763325066,2001
1763325066794238340,[  0   0   0   0   7 209   0   0],7,264,[0. 0.],[0. 0.],Glow Plugs,793802272,1763325066,2001
1763325066877248153,[  0   0   0   0   7 209   0   0],7,264,[0. 0.],[0. 0.],Glow Plugs,875969996,1763325066,2001
1763325066970512088,[  0   0   0   0   7 209   0   0],7,264,[0. 0.],[0. 0.],Glow Plugs,969175498,1763325066,2001
1763325067072846388,[  0   0   0   0   7 209   0   0],7,264,[0. 0.],[0. 0.],Glow Plugs,72148013,1763325067,2001
1763325067167035740,[  0   0   0   0   7 209   0   0],7,264,[0. 0.],[0. 0.],Glow Plugs,163766683,1763325067,2001
1763325067279517537,[  0   0   0   0   7 209   0   0],7,264,[0. 0.],[0. 0.],Glow Plugs,278870362,1763325067,2001
1763325067373771626,[  0   0   0   0   7 209   0   0],7,264,[0. 0.],[0. 0.],Glow Plugs,372808544,1763325067,2001
1763325067478182492,[  0   0   0   0   7 209   0   0],7,264,[0. 0.],[0. 0.],Glow Plugs,477950137,1763325067,2001
1763325067571221785,[  0   0   0   0   7 209   0   0],7,264,[0. 0.],[0. 0.],Glow Plugs,570969878,1763325067,2001
1763325067716933843,[  0   0   0   0   7 209   0   0],7,264,[0. 0.],[0. 0.],Glow Plugs,716667184,1763325067,2001
1763325067789413596,[  0   0   0   0   7 209   0   0],7,264,[0. 0.],[0. 0.],Glow Plugs,789100377,1763325067,2001
1763325067881548752,[  0   0   0   0   7 209   0   0],7,264,[0. 0.],[0. 0.],Glow Plugs,881292717,1763325067,2001
1763325067964811784,[  0   0   0   0   7 209   0   0],7,264,[0. 0.],[0. 0.],Glow Plugs,964040992,1763325067,2001
1763325068077549392,[  0   0   0   0   7 209   0   0],7,264,[0. 0.],[0. 0.],Glow Plugs,76820936,1763325068,2001
1763325068169630147,[  0   0   0   0   7 209   0   0],7,264,[0. 0.],[0. 0.],Glow Plugs,169397985,1763325068,2001
1763325068282777935,[  0   0   0   0   7 209   0   0],7,264,[0. 0.],[0. 0.],Glow Plugs,282105544,1763325068,2001
1763325068366280554,[  0   0   0   0   7 209   0   0],7,264,[0. 0.],[0. 0.],Glow Plugs,366061512,1763325068,2001
1763325068479580888,[  0   0   0   0   7 209   0   0],7,264,[0. 0.],[0. 0.],Glow Plugs,479330677,1763325068,2001
1763325068572638453,[  0   0   0   0   7 209   0   0],7,264,[0. 0.],[0. 0.],Glow Plugs,571877838,1763325068,2001
1763325068727798706,[  0   0   0   0   7 209   0   0],7,264,[0. 0.],[0. 0.],Glow Plugs,726933705,1763325068,2001
1763325068801618793,[  0   0   0   0   7 209   0   0],7,264,[0. 0.],[0. 0.],Glow Plugs,799887416,1763325068,2001
1763325068882883886,[  0   0   0   0   7 209   0   0],7,264,[0. 0.],[0. 0.],Glow Plugs,882623083,1763325068,2001
1763325068968245820,[  0   0   0   0   7 209   0   0],7,264,[0. 0.],[0. 0.],Glow Plugs,967649782,1763325068,2001
1763325069083229211,[  0   0   0   0   7 209   0   0],7,264,[0. 0.],[0. 0.],Glow Plugs,82276210,1763325069,2001
1763325069174878123,[  0   0   0   0   7 209   0   0],7,264,[0. 0.],[0. 0.],Glow Plugs,173905953,1763325069,2001
1763325069286708426,[  0   0   0   0   7 209   0   0],7,264,[0. 0.],[0. 0.],Glow Plugs,286308902,1763325069,2001
1763325069368678550,[  0   0   0   0   7 209   0   0],7,264,[0. 0.],[0. 0.],Glow Plugs,368372563,1763325069,2001
1763325069481615553,[  0   0   0   0   7 209   0   0],7,264,[0. 0.],[0. 0.],Glow Plugs,481242941,1763325069,2001
1763325069573718453,[  0   0   0   0   7 209   0   0],7,264,[0. 0.],[0. 0.],Glow Plugs,573457202,1763325069,2001
1763325069730427586,[  0   0   0   0   7 209   0   0],7,264,[0. 0.],[0. 0.],Glow Plugs,729704795,1763325069,2001
1763325069804372283,[  0   0   0   0   7 209   0   0],7,264,[0. 0.],[0. 0.],Glow Plugs,802978925,1763325069,2001
1763325069886605066,[  0   0   0   0   7 209   0   0],7,264,[0. 0.],[0. 0.],Glow Plugs,886072868,1763325069,2001
1763325069978583709,[  0   0   0   0   7 209   0   0],7,264,[0. 0.],[0. 0.],Glow Plugs,978263033,1763325069,2001
1763325070081819908,[  0   0   0   0   7 209   0   0],7,264,[0. 0.],[0. 0.],Glow Plugs,81644610,1763325070,2001
1763325070174559199,[  0   0   0   0   7 209   0   0],7,264,[0. 0.],[0. 0.],Glow Plugs,174214844,1763325070,2001
1763325070292352733,[  0   0   0   0   7 209   0   0],7,264,[0. 0.],[0. 0.],Glow Plugs,291864824,1763325070,2001
1763325070373537825,[  0   0   0   0   7 209   0   0],7,264,[0. 0.],[0. 0.],Glow Plugs,373080284,1763325070,2001
1763325070489779726,[  0   0   0   0   7 209   0   0],7,264,[0. 0.],[0. 0.],Glow Plugs,488944774,1763325070,2001
1763325070581942404,[  0   0   0   0   7 209   0   0],7,264,[0. 0.],[0. 0.],Glow Plugs,581211004,1763325070,2001
1763325070726657462,[  0   0   0   0   7 209   0   0],7,264,[0. 0.],[0. 0.],Glow Plugs,726311411,1763325070,2001
1763325070799446308,[  0   0   0   0   7 209   0   0],7,264,[0. 0.],[0. 0.],Glow Plugs,798575323,1763325070,2001
1763325070893696463,[  0   0   0   0   7 209   0   0],7,264,[0. 0.],[0. 0.],Glow Plugs,893389548,1763325070,2001
1763325070977467438,[  0   0   0   0   7 209   0   0],7,264,[0. 0.],[0. 0.],Glow Plugs,977034377,1763325070,2001
1763325071092241645,[  0   0   0   0   7 209   0   0],7,264,[0. 0.],[0. 0.],Glow Plugs,91208130,1763325071,2001
1763325071183671355,[  0   0   0   0   7 209   0   0],7,264,[0. 0.],[0. 0.],Glow Plugs,183404184,1763325071,2001
1763325071287779468,[  0   0   0   0   7 209   0   0],7,264,[0. 0.],[0. 0.],Glow Plugs,287176646,1763325071,2001
1763325071380347494,[  0   0   0   0   7 209   0   0],7,264,[0. 0.],[0. 0.],Glow Plugs,379423580,1763325071,2001
1763325071492885646,[  0   0   0   0   7 209   0   0],7,264,[0. 0.],[0. 0.],Glow Plugs,492705772,1763325071,2001
1763325071587418428,[  0   0   0   0   7 209   0   0],7,264,[0. 0.],[0. 0.],Glow Plugs,585430792,1763325071,2001
1763325071733944386,[  0   0   0   0   7 209   0   0],7,264,[0. 0.],[0. 0.],Glow Plugs,733234843,1763325071,2001
1763325071808679141,[  0   0   0   0   7 209   0   0],7,264,[0. 0.],[0. 0.],Glow Plugs,808457250,1763325071,2001
1763325071892731847,[  0   0   0   0   7 209   0   0],7,264,[0. 0.],[0. 0.],Glow Plugs,892205121,1763325071,2001
1763325071987387030,[  0   0   0   0   7 209   0   0],7,264,[0. 0.],[0. 0.],Glow Plugs,985206016,1763325071,2001
1763325072090338588,[  0   0   0   0   7 209   0   0],7,264,[0. 0.],[0. 0.],Glow Plugs,89430707,1763325072,2001
1763325072184108355,[  0   0   0   0   7 209   0   0],7,264,[0. 0.],[0. 0.],Glow Plugs,183483196,1763325072,2001
1763325072289892486,[  0   0   0   0   7 209   0   0],7,264,[0. 0.],[0. 0.],Glow Plugs,289375008,1763325072,2001
1763325072382534081,[  0   0   0   0   7 209   0   0],7,264,[0. 0.],[0. 0.],Glow Plugs,382313599,1763325072,2001
1763325072495347437,[  0   0   0   0   7 209   0   0],7,264,[0. 0.],[0. 0.],Glow Plugs,495170955,1763325072,2001
1763325072589129268,[  0   0   0   0   7 209   0   0],7,264,[0. 0.],[0. 0.],Glow Plugs,588484493,1763325072,2001
1763325072735902589,[  0   0   0   0   7 209   0   0],7,264,[0. 0.],[0. 0.],Glow Plugs,735013460,1763325072,2001
1763325072807827171,[  0   0   0   0   7 209   0   0],7,264,[0. 0.],[0. 0.],Glow Plugs,807527552,1763325072,2001
1763325072900888867,[  0   0   0   0   7 209   0   0],7,264,[0. 0.],[0. 0.],Glow Plugs,900069626,1763325072,2001
1763325072982126152,[  0   0   0   0   7 209   0   0],7,264,[0. 0.],[0. 0.],Glow Plugs,981801733,1763325072,2001
1763325073095489466,[  0   0   0   0   7 209   0   0],7,264,[0. 0.],[0. 0.],Glow Plugs,95053589,1763325073,2001
1763325073187364494,[  0   0   0   0   7 209   0   0],7,264,[0. 0.],[0. 0.],Glow Plugs,187081835,1763325073,2001
1763325073300753600,[  0   0   0   0   7 209   0   0],7,264,[0. 0.],[0. 0.],Glow Plugs,300393052,1763325073,2001
1763325073384320126,[  0   0   0   0   7 209   0   0],7,264,[0. 0.],[0. 0.],Glow Plugs,382314793,1763325073,2001
1763325073495678075,[  0   0   0   0   7 209   0   0],7,264,[0. 0.],[0. 0.],Glow Plugs,495230647,1763325073,2001
1763325073588338743,[  0   0   0   0   7 209   0   0],7,264,[0. 0.],[0. 0.],Glow Plugs,587730545,1763325073,2001
1763325073742806161,[  0   0   0   0   7 209   0   0],7,264,[0. 0.],[0. 0.],Glow Plugs,742196427,1763325073,2001
1763325073815253629,[  0   0   0   0   7 209   0   0],7,264,[0. 0.],[0. 0.],Glow Plugs,814631958,1763325073,2001
1763325073901757177,[  0   0   0   0   7 209   0   0],7,264,[0. 0.],[0. 0.],Glow Plugs,900719407,1763325073,2001
1763325073988153269,[  0   0   0   0   7 209   0   0],7,264,[0. 0.],[0. 0.],Glow Plugs,987603759,1763325073,2001
1763325074100957633,[  0   0   0   0   7 209   0   0],7,264,[0. 0.],[0. 0.],Glow Plugs,100527837,1763325074,2001
1763325074193959073,[  0   0   0   0   7 209   0   0],7,264,[0. 0.],[0. 0.],Glow Plugs,193457980,1763325074,2001
1763325074297375277,[  0   0   0   0   7 209   0   0],7,264,[0. 0.],[0. 0.],Glow Plugs,296438947,1763325074,2001
1763325074388833821,[  0   0   0   0   7 209   0   0],7,264,[0. 0.],[0. 0.],Glow Plugs,388552986,1763325074,2001
1763325074503442908,[  0   0   0   0   7 209   0   0],7,264,[0. 0.],[0. 0.],Glow Plugs,502325297,1763325074,2001
1763325074585983537,[  0   0   0   0   7 209   0   0],7,264,[0. 0.],[0. 0.],Glow Plugs,585742734,1763325074,2001
1763325074740655341,[  0   0   0   0   7 209   0   0],7,264,[0. 0.],[0. 0.],Glow Plugs,740393611,1763325074,2001
1763325074813232859,[  0   0   0   0   7 209   0   0],7,264,[0. 0.],[0. 0.],Glow Plugs,812729942,1763325074,2001
1763325074908368145,[  0   0   0   0   7 209   0   0],7,264,[0. 0.],[0. 0.],Glow Plugs,906890370,1763325074,2001
1763325074989578903,[  0   0   0   0   7 209   0   0],7,264,[0. 0.],[0. 0.],Glow Plugs,989195507,1763325074,2001
1763325075103076876,[  0   0   0   0   7 209   0   0],7,264,[0. 0.],[0. 0.],Glow Plugs,102917066,1763325075,2001
1763325075198477029,[  0   0   0   0   7 209   0   0],7,264,[0. 0.],[0. 0.],Glow Plugs,197703869,1763325075,2001
1763325075301019016,[  0   0   0   0   7 209   0   0],7,264,[0. 0.],[0. 0.],Glow Plugs,300671077,1763325075,2001
1763325075395263382,[  0   0   0   0   7 209   0   0],7,264,[0. 0.],[0. 0.],Glow Plugs,393332162,1763325075,2001
1763325075507850977,[  0   0   0   0   7 209   0   0],7,264,[0. 0.],[0. 0.],Glow Plugs,507255163,1763325075,2001
1763325075589796431,[  0   0   0   0   7 209   0   0],7,264,[0. 0.],[0. 0.],Glow Plugs,589611470,1763325075,2001
1763325075745922396,[  0   0   0   0   7 209   0   0],7,264,[0. 0.],[0. 0.],Glow Plugs,745213781,1763325075,2001
1763325075820980932,[  0   0   0   0   7 209   0   0],7,264,[0. 0.],[0. 0.],Glow Plugs,820080794,1763325075,2001
1763325075902307980,[  0   0   0   0   7 209   0   0],7,264,[0. 0.],[0. 0.],Glow Plugs,901737446,1763325075,2001
1763325075996327863,[  0   0   0   0   7 209   0   0],7,264,[0. 0.],[0. 0.],Glow Plugs,995637808,1763325075,2001
1763325076111206362,[  0   0   0   0   7 209   0   0],7,264,[0. 0.],[0. 0.],Glow Plugs,110149999,1763325076,2001
1763325076195263711,[  0   0   0   0   7 209   0   0],7,264,[0. 0.],[0. 0.],Glow Plugs,194559480,1763325076,2001
1763325076309153112,[  0   0   0   0   7 209   0   0],7,264,[0. 0.],[0. 0.],Glow Plugs,308637683,1763325076,2001
1763325076392322772,[  0   0   0   0   7 209   0   0],7,264,[0. 0.],[0. 0.],Glow Plugs,391854735,1763325076,2001
1763325076507164951,[  0   0   0   0   7 209   0   0],7,264,[0. 0.],[0. 0.],Glow Plugs,506600753,1763325076,2001
1763325076601057121,[  0   0   0   0   7 209   0   0],7,264,[0. 0.],[0. 0.],Glow Plugs,599212046,1763325076,2001
1763325076746884836,[  0   0   0   0   7 209   0   0],7,264,[0. 0.],[0. 0.],Glow Plugs,745948667,1763325076,2001
1763325076819024078,[  0   0   0   0   7 209   0   0],7,264,[0. 0.],[0. 0.],Glow Plugs,818314151,1763325076,2001
1763325076914036004,[  0   0   0   0   7 209   0   0],7,264,[0. 0.],[0. 0.],Glow Plugs,910779746,1763325076,2001
1763325077005522102,[  0   0   0   0   7 209   0   0],7,264,[0. 0.],[0. 0.],Glow Plugs,4168104,1763325077,2001
1763325077107297970,[  0   0   0   0   7 209   0   0],7,264,[0. 0.],[0. 0.],Glow Plugs,106422281,1763325077,2001
1763325077199117832,[  0   0   0   0   7 209   0   0],7,264,[0. 0.],[0. 0.],Glow Plugs,198935942,1763325077,2001
1763325077313047906,[  0   0   0   0   7 209   0   0],7,264,[0. 0.],[0. 0.],Glow Plugs,312489116,1763325077,2001
1763325077395820538,[  0   0   0   0   7 209   0   0],7,264,[0. 0.],[0. 0.],Glow Plugs,395251604,1763325077,2001
1763325077509574610,[  0   0   0   0   7 209   0   0],7,264,[0. 0.],[0. 0.],Glow Plugs,508795626,1763325077,2001
1763325077602405650,[  0   0   0   0   7 209   0   0],7,264,[0. 0.],[0. 0.],Glow Plugs,601708075,1763325077,2001
1763325077756583917,[  0   0   0   0   7 209   0   0],7,264,[0. 0.],[0. 0.],Glow Plugs,755843301,1763325077,2001
1763325077830556714,[  0   0   0   0   7 209   0   0],7,264,[0. 0.],[0. 0.],Glow Plugs,829937507,1763325077,2001
1763325077912855421,[  0   0   0   0   7 209   0   0],7,264,[0. 0.],[0. 0.],Glow Plugs,912637499,1763325077,2001
1763325078007265549,[  0   0   0   0   7 209   0   0],7,264,[0. 0.],[0. 0.],Glow Plugs,6026464,1763325078,2001
1763325078108970570,[  0   0   0   0   7 209   0   0],7,264,[0. 0.],[0. 0.],Glow Plugs,108648006,1763325078,2001
1763325078200980546,[  0   0   0   0   7 209   0   0],7,264,[0. 0.],[0. 0.],Glow Plugs,200766751,1763325078,2001
1763325078317016914,[  0   0   0   0   7 209   0   0],7,264,[0. 0.],[0. 0.],Glow Plugs,315725765,1763325078,2001
1763325078410287191,[  0   0   0   0   7 209   0   0],7,264,[0. 0.],[0. 0.],Glow Plugs,408113601,1763325078,2001
1763325078513306753,[  0   0   0   0   7 209   0   0],7,264,[0. 0.],[0. 0.],Glow Plugs,512593978,1763325078,2001
1763325078606397925,[  0   0   0   0   7 209   0   0],7,264,[0. 0.],[0. 0.],Glow Plugs,605079959,1763325078,2001
1763325078759811000,[  0   0   0   0   7 209   0   0],7,264,[0. 0.],[0. 0.],Glow Plugs,759578454,1763325078,2001
1763325078832331654,[  0   0   0   0   7 209   0   0],7,264,[0. 0.],[0. 0.],Glow Plugs,832133348,1763325078,2001
1763325078915389154,[  0   0   0   0   7 209   0   0],7,264,[0. 0.],[0. 0.],Glow Plugs,914364919,1763325078,2001
1763325079007921023,[  0   0   0   0   7 209   0   0],7,264,[0. 0.],[0. 0.],Glow Plugs,7513307,1763325079,2001
1763325079122608611,[  0   0   0   0   7 209   0   0],7,264,[0. 0.],[0. 0.],Glow Plugs,122330880,1763325079,2001
1763325079207202319,[  0   0   0   0   7 209   0   0],7,264,[0. 0.],[0. 0.],Glow Plugs,205390204,1763325079,2001
1763325079319400120,[  0   0   0   0   7 209   0   0],7,264,[0. 0.],[0. 0.],Glow Plugs,318437678,1763325079,2001
1763325079411477617,[  0   0   0   0   7 209   0   0],7,264,[0. 0.],[0. 0.],Glow Plugs,410899787,1763325079,2001
1763325079516723283,[  0   0   0   0   7 209   0   0],7,264,[0. 0.],[0. 0.],Glow Plugs,516544561,1763325079,2001
1763325079610165722,[  0   0   0   0   7 209   0   0],7,264,[0. 0.],[0. 0.],Glow Plugs,609855063,1763325079,2001
1763325079758086870,[  0   0   0   0   7 209   0   0],7,264,[0. 0.],[0. 0.],Glow Plugs,757865780,1763325079,2001
1763325079830815559,[  0   0   0   0   7 209   0   0],7,264,[0. 0.],[0. 0.],Glow Plugs,830394083,1763325079,2001
1763325079915102032,[  0   0   0   0   7 209   0   0],7,264,[0. 0.],[0. 0.],Glow Plugs,914662891,1763325079,2001
1763325080011000528,[  0   0   0   0   7 209   0   0],7,264,[0. 0.],[0. 0.],Glow Plugs,9882565,1763325080,2001
1763325080124559305,[  0   0   0   0   7 209   0   0],7,264,[0. 0.],[0. 0.],Glow Plugs,124190181,1763325080,2001
1763325080208174059,[  0   0   0   0   7 209   0   0],7,264,[0. 0.],[0. 0.],Glow Plugs,207760327,1763325080,2001
1763325080321497505,[  0   0   0   0   7 209   0   0],7,264,[0. 0.],[0. 0.],Glow Plugs,321123837,1763325080,2001
1763325080416790780,[  0   0   0   0   7 209   0   0],7,264,[0. 0.],[0. 0.],Glow Plugs,415516879,1763325080,2001
1763325080520225611,[  0   0   0   0   7 209   0   0],7,264,[0. 0.],[0. 0.],Glow Plugs,519753639,1763325080,2001
1763325080613423921,[  0   0   0   0   7 209   0   0],7,264,[0. 0.],[0. 0.],Glow Plugs,612458887,1763325080,2001
1763325080758182412,[  0   0   0   0   7 209   0   0],7,264,[0. 0.],[0. 0.],Glow Plugs,757794920,1763325080,2001
1763325080833188405,[  0   0   0   0   7 209   0   0],7,264,[0. 0.],[0. 0.],Glow Plugs,829870099,1763325080,2001
1763325080925424913,[  0   0   0   0   7 209   0   0],7,264,[0. 0.],[0. 0.],Glow Plugs,924665353,1763325080,2001
1763325081009117588,[  0   0   0   0   7 209   0   0],7,264,[0. 0.],[0. 0.],Glow Plugs,8361452,1763325081,2001
1763325081122446058,[  0   0   0   0   7 209   0   0],7,264,[0. 0.],[0. 0.],Glow Plugs,122104775,1763325081,2001
1763325081216014932,[  0   0   0   0   7 209   0   0],7,264,[0. 0.],[0. 0.],Glow Plugs,215195372,1763325081,2001
1763325081329278538,[  0   0   0   0   7 209   0   0],7,264,[0. 0.],[0. 0.],Glow Plugs,328680452,1763325081,2001
1763325081413523347,[  0   0   0   0   7 209   0   0],7,264,[0. 0.],[0. 0.],Glow Plugs,412151845,1763325081,2001
1763325081527842708,[  0   0   0   0   7 209   0   0],7,264,[0. 0.],[0. 0.],Glow Plugs,526406277,1763325081,2001
1763325081612191551,[  0   0   0   0   7 209   0   0],7,264,[0. 0.],[0. 0.],Glow Plugs,610765936,1763325081,2001
1763325081767574153,[  0   0   0   0   7 209   0   0],7,264,[0. 0.],[0. 0.],Glow Plugs,766744672,1763325081,2001
1763325081839062030,[  0   0   0   0   7 209   0   0],7,264,[0. 0.],[0. 0.],Glow Plugs,838824907,1763325081,2001
1763325081921539525,[  0   0   0   0   7 209   0   0],7,264,[0. 0.],[0. 0.],Glow Plugs,921162369,1763325081,2001
1763325082014991469,[  0   0   0   0   7 209   0   0],7,264,[0. 0.],[0. 0.],Glow Plugs,14170085,1763325082,2001
1763325082129714643,[  0   0   0   0   7 209   0   0],7,264,[0. 0.],[0. 0.],Glow Plugs,129295727,1763325082,2001
1763325082221369482,[  0   0   0   0   7 209   0   0],7,264,[0. 0.],[0. 0.],Glow Plugs,221129479,1763325082,2001
1763325082324835419,[  0   0   0   0   7 209   0   0],7,264,[0. 0.],[0. 0.],Glow Plugs,324226516,1763325082,2001
1763325082416558450,[  0   0   0   0   7 209   0   0],7,264,[0. 0.],[0. 0.],Glow Plugs,416089517,1763325082,2001
1763325082531584987,[  0   0   0   0   7 209   0   0],7,264,[0. 0.],[0. 0.],Glow Plugs,529692103,1763325082,2001
1763325082622161734,[  0   0   0   0   7 209   0   0],7,264,[0. 0.],[0. 0.],Glow Plugs,621326269,1763325082,2001
1763325082768486195,[  0   0   0   0   7 209   0   0],7,264,[0. 0.],[0. 0.],Glow Plugs,767540490,1763325082,2001
1763325082840411773,[  0   0   0   0   7 209   0   0],7,264,[0. 0.],[0. 0.],Glow Plugs,839926872,1763325082,2001
1763325082932373559,[  0   0   0   0   7 209   0   0],7,264,[0. 0.],[0. 0.],Glow Plugs,932069076,1763325082,2001
1763325083018017295,[  0   0   0   0   7 209   0   0],7,264,[0. 0.],[0. 0.],Glow Plugs,17282696,1763325083,2001
1763325083132693845,[  0   0   0   0   7 209   0   0],7,264,[0. 0.],[0. 0.],Glow Plugs,132268433,1763325083,2001
1763325083214892810,[  0   0   0   0   7 209   0   0],7,264,[0. 0.],[0. 0.],Glow Plugs,214380549,1763325083,2001
1763325083328095905,[  0   0   0   0   7 209   0   0],7,264,[0. 0.],[0. 0.],Glow Plugs,327316697,1763325083,2001
1763325083419794296,[  0   0   0   0   7 209   0   0],7,264,[0. 0.],[0. 0.],Glow Plugs,419478677,1763325083,2001
1763325083533957049,[  0   0   0   0   7 209   0   0],7,264,[0. 0.],[0. 0.],Glow Plugs,533040271,1763325083,2001
1763325083625814802,[  0   0   0   0   7 209   0   0],7,264,[0. 0.],[0. 0.],Glow Plugs,625344397,1763325083,2001
1763325083772485476,[  0   0   0   0   7 209   0   0],7,264,[0. 0.],[0. 0.],Glow Plugs,771657307,1763325083,2001
1763325083845538650,[  0   0   0   0   7 209   0   0],7,264,[0. 0.],[0. 0.],Glow Plugs,844328205,1763325083,2001
1763325083928883579,[  0   0   0   0   7 209   0   0],7,264,[0. 0.],[0. 0.],Glow Plugs,928234516,1763325083,2001
1763325084021054775,[  0   0   0   0   7 209   0   0],7,264,[0. 0.],[0. 0.],Glow Plugs,20353200,1763325084,2001
1763325084134498193,[  0   0   0   0   7 209   0   0],7,264,[0. 0.],[0. 0.],Glow Plugs,133912203,1763325084,2001
1763325084229751342,[  0   0   0   0   7 209   0   0],7,264,[0. 0.],[0. 0.],Glow Plugs,227682520,1763325084,2001
1763325084331554223,[  0   0   0   0   7 209   0   0],7,264,[0. 0.],[0. 0.],Glow Plugs,330569156,1763325084,2001
1763325084426506632,[  0   0   0   0   7 209   0   0],7,264,[0. 0.],[0. 0.],Glow Plugs,425087994,1763325084,2001
1763325084539112473,[  0   0   0   0   7 209   0   0],7,264,[0. 0.],[0. 0.],Glow Plugs,538593236,1763325084,2001
1763325084621496881,[  0   0   0   0   7 209   0   0],7,264,[0. 0.],[0. 0.],Glow Plugs,620417094,1763325084,2001
1763325084776556955,[  0   0   0   0   7 209   0   0],7,264,[0. 0.],[0. 0.],Glow Plugs,775524592,1763325084,2001
1763325084849326126,[  0   0   0   0   7 209   0   0],7,264,[0. 0.],[0. 0.],Glow Plugs,848842313,1763325084,2001
1763325084932234571,[  0   0   0   0   7 209   0   0],7,264,[0. 0.],[0. 0.],Glow Plugs,931679909,1763325084,2001
1763325085024645226,[  0   0   0   0   7 209   0   0],7,264,[0. 0.],[0. 0.],Glow Plugs,24441416,1763325085,2001
1763325085137459166,[  0   0   0   0   7 209   0   0],7,264,[0. 0.],[0. 0.],Glow Plugs,137265084,1763325085,2001
1763325085231977748,[  0   0   0   0   7 209   0   0],7,264,[0. 0.],[0. 0.],Glow Plugs,230619270,1763325085,2001
1763325085335466439,[  0   0   0   0   7 209   0   0],7,264,[0. 0.],[0. 0.],Glow Plugs,333180271,1763325085,2001
1763325085426498841,[  0   0   0   0   7 209   0   0],7,264,[0. 0.],[0. 0.],Glow Plugs,425676720,1763325085,2001
1763325085540364695,[  0   0   0   0   7 209   0   0],7,264,[0. 0.],[0. 0.],Glow Plugs,539273900,1763325085,2001
1763325085622216394,[  0   0   0   0   7 209   0   0],7,264,[0. 0.],[0. 0.],Glow Plugs,621975463,1763325085,2001
1763325085776857200,[  0   0   0   0   7 209   0   0],7,264,[0. 0.],[0. 0.],Glow Plugs,775880838,1763325085,2001
1763325085851116179,[  0   0   0   0   7 209   0   0],7,264,[0. 0.],[0. 0.],Glow Plugs,850508333,1763325085,2001
1763325085942199430,[  0   0   0   0   7 209   0   0],7,264,[0. 0.],[0. 0.],Glow Plugs,941282236,1763325085,2001
1763325086025308709,[  0   0   0   0   7 209   0   0],7,264,[0. 0.],[0. 0.],Glow Plugs,24364059,1763325086,2001
1763325086138248699,[  0   0   0   0   7 209   0   0],7,264,[0. 0.],[0. 0.],Glow Plugs,136908653,1763325086,2001
1763325086230601019,[  0   0   0   0   7 209   0   0],7,264,[0. 0.],[0. 0.],Glow Plugs,229137675,1763325086,2001
1763325086343255181,[  0   0   0   0   7 209   0   0],7,264,[0. 0.],[0. 0.],Glow Plugs,342732232,1763325086,2001
1763325086426111915,[  0   0   0   0   7 209   0   0],7,264,[0. 0.],[0. 0.],Glow Plugs,425670118,1763325086,2001
1763325086540014474,[  0   0   0   0   7 209   0   0],7,264,[0. 0.],[0. 0.],Glow Plugs,538782942,1763325086,2001
1763325086633218867,[  0   0   0   0   7 209   0   0],7,264,[0. 0.],[0. 0.],Glow Plugs,632715406,1763325086,2001
1763325086779364418,[  0   0   0   0   7 209   0   0],7,264,[0. 0.],[0. 0.],Glow Plugs,778926046,1763325086,2001
1763325086853060288,[  0   0   0   0   7 209   0   0],7,264,[0. 0.],[0. 0.],Glow Plugs,852620443,1763325086,2001
1763325086945868261,[  0   0   0   0   7 209   0   0],7,264,[0. 0.],[0. 0.],Glow Plugs,944892986,1763325086,2001
1763325087028406879,[  0   0   0   0   7 209   0   0],7,264,[0. 0.],[0. 0.],Glow Plugs,27462165,1763325087,2001
1763325087140028231,[  0   0   0   0   7 209   0   0],7,264,[0. 0.],[0. 0.],Glow Plugs,139788325,1763325087,2001
1763325087234223483,[  0   0   0   0   7 209   0   0],7,264,[0. 0.],[0. 0.],Glow Plugs,234008505,1763325087,2001
1763325087339081597,[  0   0   0   0   7 209   0   0],7,264,[0. 0.],[0. 0.],Glow Plugs,338842587,1763325087,2001
1763325087431843010,[  0   0   0   0   7 209   0   0],7,264,[0. 0.],[0. 0.],Glow Plugs,431024825,1763325087,2001
1763325087545132636,[  0   0   0   0   7 209   0   0],7,264,[0. 0.],[0. 0.],Glow Plugs,544394068,1763325087,2001
1763325087638479015,[  0   0   0   0   7 209   0   0],7,264,[0. 0.],[0. 0.],Glow Plugs,637942017,1763325087,2001
1763325087782416992,[  0   0   0   0   7 209   0   0],7,264,[0. 0.],[0. 0.],Glow Plugs,782162397,1763325087,2001
1763325087855429911,[  0   0   0   0   7 209   0   0],7,264,[0. 0.],[0. 0.],Glow Plugs,855183092,1763325087,2001
1763325087951651327,[  0   0   0   0   7 209   0   0],7,264,[0. 0.],[0. 0.],Glow Plugs,948785986,1763325087,2001
1763325088033120751,[  0   0   0   0   7 209   0   0],7,264,[0. 0.],[0. 0.],Glow Plugs,32921069,1763325088,2001
1763325088147749752,[  0   0   0   0   7 209   0   0],7,264,[0. 0.],[0. 0.],Glow Plugs,147128849,1763325088,2001
1763325088240287130,[  0   0   0   0   7 209   0   0],7,264,[0. 0.],[0. 0.],Glow Plugs,239777717,1763325088,2001
1763325088345366688,[  0   0   0   0   7 209   0   0],7,264,[0. 0.],[0. 0.],Glow Plugs,345043356,1763325088,2001
1763325088437563807,[  0   0   0   0   7 209   0   0],7,264,[0. 0.],[0. 0.],Glow Plugs,437072794,1763325088,2001
1763325088555779181,[  0   0   0   0   7 209   0   0],7,264,[0. 0.],[0. 0.],Glow Plugs,552619372,1763325088,2001
1763325088637232572,[  0   0   0   0   7 209   0   0],7,264,[0. 0.],[0. 0.],Glow Plugs,636657014,1763325088,2001
1763325088792937904,[  0   0   0   0   7 209   0   0],7,264,[0. 0.],[0. 0.],Glow Plugs,792639149,1763325088,2001
1763325088865669477,[  0   0   0   0   7 209   0   0],7,264,[0. 0.],[0. 0.],Glow Plugs,864837181,1763325088,2001
1763325088948673573,[  0   0   0   0   7 209   0   0],7,264,[0. 0.],[0. 0.],Glow Plugs,947750619,1763325088,2001
1763325089041445162,[  0   0   0   0   7 209   0   0],7,264,[0. 0.],[0. 0.],Glow Plugs,40896581,1763325089,2001
1763325089145237571,[  0   0   0   0   7 209   0   0],7,264,[0. 0.],[0. 0.],Glow Plugs,144764350,1763325089,2001
1763325089237365218,[  0   0   0   0   7 209   0   0],7,264,[0. 0.],[0. 0.],Glow Plugs,237155232,1763325089,2001
1763325089351826954,[  0   0   0   0   7 209   0   0],7,264,[0. 0.],[0. 0.],Glow Plugs,351417125,1763325089,2001
1763325089444888146,[  0   0   0   0   7 209   0   0],7,264,[0. 0.],[0. 0.],Glow Plugs,444042570,1763325089,2001
1763325089549903736,[  0   0   0   0   7 209   0   0],7,264,[0. 0.],[0. 0.],Glow Plugs,549069455,1763325089,2001
1763325089642349050,[  0   0   0   0   7 209   0   0],7,264,[0. 0.],[0. 0.],Glow Plugs,642018903,1763325089,2001
1763325089798499188,[  0   0   0   0   7 209   0   0],7,264,[0. 0.],[0. 0.],Glow Plugs,797164614,1763325089,2001
1763325089869878395,[  0   0   0   0   7 209   0   0],7,264,[0. 0.],[0. 0.],Glow Plugs,869452310,1763325089,2001
1763325089958598134,[  0   0   0   0   7 209   0   0],7,264,[0. 0.],[0. 0.],Glow Plugs,957894959,1763325089,2001
1763325090038292564,[  0   0   0   0   7 209   0   0],7,264,[0. 0.],[0. 0.],Glow Plugs,37767087,1763325090,2001
1763325090154174891,[  0   0   0   0   7 209   0   0],7,264,[0. 0.],[0. 0.],Glow Plugs,153918536,1763325090,2001
1763325090247026610,[  0   0   0   0   7 209   0   0],7,264,[0. 0.],[0. 0.],Glow Plugs,246332107,1763325090,2001
1763325090350441159,[  0   0   0   0   7 209   0   0],7,264,[0. 0.],[0. 0.],Glow Plugs,349890402,1763325090,2001
1763325090444301017,[  0   0   0   0   7 209   0   0],7,264,[0. 0.],[0. 0.],Glow Plugs,443690963,1763325090,2001
1763325090557987033,[  0   0   0   0   7 209   0   0],7,264,[0. 0.],[0. 0.],Glow Plugs,557612757,1763325090,2001
1763325090640678583,[  0   0   0   0   7 209   0   0],7,264,[0. 0.],[0. 0.],Glow Plugs,640504917,1763325090,2001
1763325090795829863,[  0   0   0   0   7 209   0   0],7,264,[0. 0.],[0. 0.],Glow Plugs,795225824,1763325090,2001
1763325090867832277,[  0   0   0   0   7 209   0   0],7,264,[0. 0.],[0. 0.],Glow Plugs,867502481,1763325090,2001
1763325090950370032,[  0   0   0   0   7 209   0   0],7,264,[0. 0.],[0. 0.],Glow Plugs,949759018,1763325090,2001
1763325091048276556,[  0   0   0   0   7 209   0   0],7,264,[0. 0.],[0. 0.],Glow Plugs,44167170,1763325091,2001
1763325091159046415,[  0   0   0   0   7 209   0   0],7,264,[0. 0.],[0. 0.],Glow Plugs,157466398,1763325091,2001
1763325091242071088,[  0   0   0   0   7 209   0   0],7,264,[0. 0.],[0. 0.],Glow Plugs,240575424,1763325091,2001
1763325091355761105,[  0   0   0   0   7 209   0   0],7,264,[0. 0.],[0. 0.],Glow Plugs,355104778,1763325091,2001
1763325091449126270,[  0   0   0   0   7 209   0   0],7,264,[0. 0.],[0. 0.],Glow Plugs,448473815,1763325091,2001
1763325091562444859,[  0   0   0   0   7 209   0   0],7,264,[0. 0.],[0. 0.],Glow Plugs,562041623,1763325091,2001
1763325091645453660,[  0   0   0   0   7 209   0   0],7,264,[0. 0.],[0. 0.],Glow Plugs,645204825,1763325091,2001
1763325091806045894,[  0   0   0   0   7 209   0   0],7,264,[0. 0.],[0. 0.],Glow Plugs,805671714,1763325091,2001
1763325091879358210,[  0   0   0   0   7 209   0   0],7,264,[0. 0.],[0. 0.],Glow Plugs,878708987,1763325091,2001
1763325091962154496,[  0   0   0   0   7 209   0   0],7,264,[0. 0.],[0. 0.],Glow Plugs,961305784,1763325091,2001
1763325092044555707,[  0   0   0   0   7 209   0   0],7,264,[0. 0.],[0. 0.],Glow Plugs,43622482,1763325092,2001
1763325092157512565,[  0   0   0   0   7 209   0   0],7,264,[0. 0.],[0. 0.],Glow Plugs,156793838,1763325092,2001
1763325092249517237,[  0   0   0   0   7 209   0   0],7,264,[0. 0.],[0. 0.],Glow Plugs,249330995,1763325092,2001
1763325092363258359,[  0   0   0   0   7 209   0   0],7,264,[0. 0.],[0. 0.],Glow Plugs,362690865,1763325092,2001
1763325092445155437,[  0   0   0   0   7 209   0   0],7,264,[0. 0.],[0. 0.],Glow Plugs,444720136,1763325092,2001
1763325092557965669,[  0   0   0   0   7 209   0   0],7,264,[0. 0.],[0. 0.],Glow Plugs,557264862,1763325092,2001
1763325092650917710,[  0   0   0   0   7 209   0   0],7,264,[0. 0.],[0. 0.],Glow Plugs,649955876,1763325092,2001
1763325092811959485,[  0   0   0   0   7 209   0   0],7,264,[0. 0.],[0. 0.],Glow Plugs,811175477,1763325092,2001
1763325092884048973,[  0   0   0   0   7 209   0   0],7,264,[0. 0.],[0. 0.],Glow Plugs,883288357,1763325092,2001
1763325092966850381,[  0   0   0   0   7 209   0   0],7,264,[0. 0.],[0. 0.],Glow Plugs,966215430,1763325092,2001
1763325093049132263,[  0   0   0   0   7 209   0   0],7,264,[0. 0.],[0. 0.],Glow Plugs,48595841,1763325093,2001
1763325093162557574,[  0   0   0   0   7 209   0   0],7,264,[0. 0.],[0. 0.],Glow Plugs,162174242,1763325093,2001
1763325093256099830,[  0   0   0   0   7 209   0   0],7,264,[0. 0.],[0. 0.],Glow Plugs,255535920,1763325093,2001
1763325093358186207,[  0   0   0   0   7 209   0   0],7,264,[0. 0.],[0. 0.],Glow Plugs,357971261,1763325093,2001
1763325093451280938,[  0   0   0   0   7 209   0   0],7,264,[0. 0.],[0. 0.],Glow Plugs,450694788,1763325093,2001
1763325093565076334,[  0   0   0   0   7 209   0   0],7,264,[0. 0.],[0. 0.],Glow Plugs,563842401,1763325093,2001
1763325093656219780,[  0   0   0   0   7 209   0   0],7,264,[0. 0.],[0. 0.],Glow Plugs,656024290,1763325093,2001
1763325093811848444,[  0   0   0   0   7 209   0   0],7,264,[0. 0.],[0. 0.],Glow Plugs,810159083,1763325093,2001
1763325093882872097,[  0   0   0   0   7 209   0   0],7,264,[0. 0.],[0. 0.],Glow Plugs,882419388,1763325093,2001
1763325093969239014,[  0   0   0   0   7 209   0   0],7,264,[0. 0.],[0. 0.],Glow Plugs,968236092,1763325093,2001
1763325094051746915,[  0   0   0   0   7 209   0   0],7,264,[0. 0.],[0. 0.],Glow Plugs,51267134,1763325094,2001
1763325094164951969,[  0   0   0   0   7 209   0   0],7,264,[0. 0.],[0. 0.],Glow Plugs,164331098,1763325094,2001
1763325094258729364,[  0   0   0   0   7 209   0   0],7,264,[0. 0.],[0. 0.],Glow Plugs,258298703,1763325094,2001
1763325094372845339,[  0   0   0   0   7 209   0   0],7,264,[0. 0.],[0. 0.],Glow Plugs,372165236,1763325094,2001
1763325094454394670,[  0   0   0   0   7 209   0   0],7,264,[0. 0.],[0. 0.],Glow Plugs,454163116,1763325094,2001
1763325094567789326,[  0   0   0   0   7 209   0   0],7,264,[0. 0.],[0. 0.],Glow Plugs,567192136,1763325094,2001
1763325094662684173,[  0   0   0   0   7 209   0   0],7,264,[0. 0.],[0. 0.],Glow Plugs,662124935,1763325094,2001
1763325094807162033,[  0   0   0   0   7 209   0   0],7,264,[0. 0.],[0. 0.],Glow Plugs,806176166,1763325094,2001
1763325094879207297,[  0   0   0   0   7 209   0   0],7,264,[0. 0.],[0. 0.],Glow Plugs,878625403,1763325094,2001
1763325094973288791,[  0   0   0   0   7 209   0   0],7,264,[0. 0.],[0. 0.],Glow Plugs,972807378,1763325094,2001
1763325095056017655,[  0   0   0   0   7 209   0   0],7,264,[0. 0.],[0. 0.],Glow Plugs,55766196,1763325095,2001
1763325095169775291,[  0   0   0   0   7 209   0   0],7,264,[0. 0.],[0. 0.],Glow Plugs,168827409,1763325095,2001
1763325095262241153,[  0   0   0   0   7 209   0   0],7,264,[0. 0.],[0. 0.],Glow Plugs,261915133,1763325095,2001
1763325095364835984,[  0   0   0   0   7 209   0   0],7,264,[0. 0.],[0. 0.],Glow Plugs,364610158,1763325095,2001
1763325095457328854,[  0   0   0   0   7 209   0   0],7,264,[0. 0.],[0. 0.],Glow Plugs,456975058,1763325095,2001
1763325095576188751,[  0   0   0   0   7 209   0   0],7,264,[0. 0.],[0. 0.],Glow Plugs,573118159,1763325095,2001
1763325095655489644,[  0   0   0   0   7 209   0   0],7,264,[0. 0.],[0. 0.],Glow Plugs,655271945,1763325095,2001
1763325095814335495,[  0   0   0   0   7 209   0   0],7,264,[0. 0.],[0. 0.],Glow Plugs,812560308,1763325095,2001
1763325095885488238,[  0   0   0   0   7 209   0   0],7,264,[0. 0.],[0. 0.],Glow Plugs,885045801,1763325095,2001
1763325095968238254,[  0   0   0   0   7 209   0   0],7,264,[0. 0.],[0. 0.],Glow Plugs,967152259,1763325095,2001
1763325096061806784,[  0   0   0   0   7 209   0   0],7,264,[0. 0.],[0. 0.],Glow Plugs,58605630,1763325096,2001
1763325096172943849,[  0   0   0   0   7 209   0   0],7,264,[0. 0.],[0. 0.],Glow Plugs,172060320,1763325096,2001
1763325096267351492,[  0   0   0   0   7 209   0   0],7,264,[0. 0.],[0. 0.],Glow Plugs,264519206,1763325096,2001
1763325096379561912,[  0   0   0   0   7 209   0   0],7,264,[0. 0.],[0. 0.],Glow Plugs,378990802,1763325096,2001
1763325096462545979,[  0   0   0   0   7 209   0   0],7,264,[0. 0.],[0. 0.],Glow Plugs,462017782,1763325096,2001
1763325096577073288,[  0   0   0   0   7 209   0   0],7,264,[0. 0.],[0. 0.],Glow Plugs,576451330,1763325096,2001
1763325096659306531,[  0   0   0   0   7 209   0   0],7,264,[0. 0.],[0. 0.],Glow Plugs,659059553,1763325096,2001
1763325096813704721,[  0   0   0   0   7 209   0   0],7,264,[0. 0.],[0. 0.],Glow Plugs,813502287,1763325096,2001
1763325096887009775,[  0   0   0   0   7 209   0   0],7,264,[0. 0.],[0. 0.],Glow Plugs,886516394,1763325096,2001
1763325096970330774,[  0   0   0   0   7 209   0   0],7,264,[0. 0.],[0. 0.],Glow Plugs,970048083,1763325096,2001
1763325097066381378,[  0   0   0   0   7 209   0   0],7,264,[0. 0.],[0. 0.],Glow Plugs,64976915,1763325097,2001
1763325097178859834,[  0   0   0   0   7 209   0   0],7,264,[0. 0.],[0. 0.],Glow Plugs,177993809,1763325097,2001
1763325097261622619,[  0   0   0   0   7 209   0   0],7,264,[0. 0.],[0. 0.],Glow Plugs,261409689,1763325097,2001
1763325097376870160,[  0   0   0   0   7 209   0   0],7,264,[0. 0.],[0. 0.],Glow Plugs,376380907,1763325097,2001
1763325097470647076,[  0   0   0   0   7 209   0   0],7,264,[0. 0.],[0. 0.],Glow Plugs,468791505,1763325097,2001
1763325097582233587,[  0   0   0   0   7 209   0   0],7,264,[0. 0.],[0. 0.],Glow Plugs,582071441,1763325097,2001
1763325097666329378,[  0   0   0   0   7 209   0   0],7,264,[0. 0.],[0. 0.],Glow Plugs,665973791,1763325097,2001
1763325097822584868,[  0   0   0   0   7 209   0   0],7,264,[0. 0.],[0. 0.],Glow Plugs,822130047,1763325097,2001
1763325097896662602,[  0   0   0   0   7 209   0   0],7,264,[0. 0.],[0. 0.],Glow Plugs,895814466,1763325097,2001
1763325097980676793,[  0   0   0   0   7 209   0   0],7,264,[0. 0.],[0. 0.],Glow Plugs,979410860,1763325097,2001
1763325098072607130,[  0   0   0   0   7 209   0   0],7,264,[0. 0.],[0. 0.],Glow Plugs,71621072,1763325098,2001
1763325098178035593,[  0   0   0   0   7 209   0   0],7,264,[0. 0.],[0. 0.],Glow Plugs,177678150,1763325098,2001
1763325098268063799,[  0   0   0   0   7 209   0   0],7,264,[0. 0.],[0. 0.],Glow Plugs,267326607,1763325098,2001
1763325098385752646,[  0   0   0   0   7 209   0   0],7,264,[0. 0.],[0. 0.],Glow Plugs,384606778,1763325098,2001
1763325098469197999,[  0   0   0   0   7 209   0   0],7,264,[0. 0.],[0. 0.],Glow Plugs,468877548,1763325098,2001
1763325098582478000,[  0   0   0   0   7 209   0   0],7,264,[0. 0.],[0. 0.],Glow Plugs,581921258,1763325098,2001
1763325098674451122,[  0   0   0   0   7 209   0   0],7,264,[0. 0.],[0. 0.],Glow Plugs,674032302,1763325098,2001
1763325098818805688,[  0   0   0   0   7 209   0   0],7,264,[0. 0.],[0. 0.],Glow Plugs,818526485,1763325098,2001
1763325098891831540,[  0   0   0   0   7 209   0   0],7,264,[0. 0.],[0. 0.],Glow Plugs,891134349,1763325098,2001
1763325098986055534,[  0   0   0   0   7 209   0   0],7,264,[0. 0.],[0. 0.],Glow Plugs,985528936,1763325098,2001
1763325099068309643,[  0   0   0   0   7 209   0   0],7,264,[0. 0.],[0. 0.],Glow Plugs,68104233,1763325099,2001
1763325099182054993,[  0   0   0   0   7 209   0   0],7,264,[0. 0.],[0. 0.],Glow Plugs,181345386,1763325099,2001
1763325099277271158,[  0   0   0   0   7 209   0   0],7,264,[0. 0.],[0. 0.],Glow Plugs,276947378,1763325099,2001
1763325099380941459,[  0   0   0   0   7 209   0   0],7,264,[0. 0.],[0. 0.],Glow Plugs,380581871,1763325099,2001
1763325099474389701,[  0   0   0   0   7 209   0   0],7,264,[0. 0.],[0. 0.],Glow Plugs,474093442,1763325099,2001
1763325099580047831,[  0   0   0   0   7 209   0   0],7,264,[0. 0.],[0. 0.],Glow Plugs,579715859,1763325099,2001
1763325099674629685,[  0   0   0   0   7 209   0   0],7,264,[0. 0.],[0. 0.],Glow Plugs,674015630,1763325099,2001
1763325099829040677,[  0   0   0   0   7 209   0   0],7,264,[0. 0.],[0. 0.],Glow Plugs,828327965,1763325099,2001
1763325099901042423,[  0   0   0   0   7 209   0   0],7,264,[0. 0.],[0. 0.],Glow Plugs,900818132,1763325099,2001
1763325099983598967,[  0   0   0   0   7 209   0   0],7,264,[0. 0.],[0. 0.],Glow Plugs,983026993,1763325099,2001
1763325100077385261,[  0   0   0   0   7 209   0   0],7,264,[0. 0.],[0. 0.],Glow Plugs,76365698,1763325100,2001
1763325100190646447,[  0   0   0   0   7 209   0   0],7,264,[0. 0.],[0. 0.],Glow Plugs,190151210,1763325100,2001
1763325100275712682,[  0   0   0   0   7 209   0   0],7,264,[0. 0.],[0. 0.],Glow Plugs,274212346,1763325100,2001
1763325100388981260,[  0   0   0   0   7 209   0   0],7,264,[0. 0.],[0. 0.],Glow Plugs,388192291,1763325100,2001
1763325100482952292,[  0   0   0   0   7 209   0   0],7,264,[0. 0.],[0. 0.],Glow Plugs,481796568,1763325100,2001
1763325100585127634,[  0   0   0   0   7 209   0   0],7,264,[0. 0.],[0. 0.],Glow Plugs,583596418,1763325100,2001
1763325100679415533,[  0   0   0   0   7 209   0   0],7,264,[0. 0.],[0. 0.],Glow Plugs,678746662,1763325100,2001
1763325100833795230,[  0   0   0   0   7 209   0   0],7,264,[0. 0.],[0. 0.],Glow Plugs,833572796,1763325100,2001
1763325100906291989,[  0   0   0   0   7 209   0   0],7,264,[0. 0.],[0. 0.],Glow Plugs,906015762,1763325100,2001
1763325100989460060,[  0   0   0   0   7 209   0   0],7,264,[0. 0.],[0. 0.],Glow Plugs,988878422,1763325100,2001
1763325101082115879,[  0   0   0   0   7 209   0   0],7,264,[0. 0.],[0. 0.],Glow Plugs,81826596,1763325101,2001
1763325101185634115,[  0   0   0   0   7 209   0   0],7,264,[0. 0.],[0. 0.],Glow Plugs,185042045,1763325101,2001
1763325101279872287,[  0   0   0   0   7 209   0   0],7,264,[0. 0.],[0. 0.],Glow Plugs,279389434,1763325101,2001
1763325101392436730,[  0   0   0   0   7 209   0   0],7,264,[0. 0.],[0. 0.],Glow Plugs,392234776,1763325101,2001
1763325101474978843,[  0   0   0   0   7 209   0   0],7,264,[0. 0.],[0. 0.],Glow Plugs,474649847,1763325101,2001
1763325101590073233,[  0   0   0   0   7 209   0   0],7,264,[0. 0.],[0. 0.],Glow Plugs,589040454,1763325101,2001
1763325101683649637,[  0   0   0   0   7 209   0   0],7,264,[0. 0.],[0. 0.],Glow Plugs,682203862,1763325101,2001
1763325101836655720,[  0   0   0   0   7 209   0   0],7,264,[0. 0.],[0. 0.],Glow Plugs,836414694,1763325101,2001
1763325101909650597,[  0   0   0   0   7 209   0   0],7,264,[0. 0.],[0. 0.],Glow Plugs,909421571,1763325101,2001
1763325101992631179,[  0   0   0   0   7 209   0   0],7,264,[0. 0.],[0. 0.],Glow Plugs,992395144,1763325101,2001
1763325102086765541,[  0   0   0   0   7 209   0   0],7,264,[0. 0.],[0. 0.],Glow Plugs,85864220,1763325102,2001
1763325102189050006,[  0   0   0   0   7 209   0   0],7,264,[0. 0.],[0. 0.],Glow Plugs,188620081,1763325102,2001
1763325102282490217,[  0   0   0   0   7 209   0   0],7,264,[0. 0.],[0. 0.],Glow Plugs,282187910,1763325102,2001
1763325102398850861,[  0   0   0   0   7 209   0   0],7,264,[0. 0.],[0. 0.],Glow Plugs,396384915,1763325102,2001
1763325102478834772,[  0   0   0   0   7 209   0   0],7,264,[0. 0.],[0. 0.],Glow Plugs,478356271,1763325102,2001
1763325102591629522,[  0   0   0   0   7 209   0   0],7,264,[0. 0.],[0. 0.],Glow Plugs,591282318,1763325102,2001
1763325102685124038,[  0   0   0   0   7 209   0   0],7,264,[0. 0.],[0. 0.],Glow Plugs,684736226,1763325102,2001
1763325102832554416,[  0   0   0   0   7 209   0   0],7,264,[0. 0.],[0. 0.],Glow Plugs,831340835,1763325102,2001
1763325102905307754,[  0   0   0   0   7 209   0   0],7,264,[0. 0.],[0. 0.],Glow Plugs,904728708,1763325102,2001
1763325102999304644,[  0   0   0   0   7 209   0   0],7,264,[0. 0.],[0. 0.],Glow Plugs,998547452,1763325102,2001
1763325103080747194,[  0   0   0   0   7 209   0   0],7,264,[0. 0.],[0. 0.],Glow Plugs,80178964,1763325103,2001
1763325103196168725,[  0   0   0   0   7 209   0   0],7,264,[0. 0.],[0. 0.],Glow Plugs,193693275,1763325103,2001
1763325103289106115,[  0   0   0   0   7 209   0   0],7,264,[0. 0.],[0. 0.],Glow Plugs,288036664,1763325103,2001
1763325103392854851,[  0   0   0   0   7 209   0   0],7,264,[0. 0.],[0. 0.],Glow Plugs,392252573,1763325103,2001
1763325103485566992,[  0   0   0   0   7 209   0   0],7,264,[0. 0.],[0. 0.],Glow Plugs,484888521,1763325103,2001
1763325103598551057,[  0   0   0   0   7 209   0   0],7,264,[0. 0.],[0. 0.],Glow Plugs,598272654,1763325103,2001
1763325103691805059,[  0   0   0   0   7 209   0   0],7,264,[0. 0.],[0. 0.],Glow Plugs,691584801,1763325103,2001
1763325103837878495,[  0   0   0   0   7 209   0   0],7,264,[0. 0.],[0. 0.],Glow Plugs,837079415,1763325103,2001
1763325103911263105,[  0   0   0   0   7 209   0   0],7,264,[0. 0.],[0. 0.],Glow Plugs,910870813,1763325103,2001
1763325103995764663,[  0   0   0   0   7 209   0   0],7,264,[0. 0.],[0. 0.],Glow Plugs,995011183,1763325103,2001
1763325104090316215,[  0   0   0   0   7 209   0   0],7,264,[0. 0.],[0. 0.],Glow Plugs,89786034,1763325104,2001
1763325104204579527,[  0   0   0   0   7 209   0   0],7,264,[0. 0.],[0. 0.],Glow Plugs,204355492,1763325104,2001
1763325104287095112,[  0   0   0   0   7 209   0   0],7,264,[0. 0.],[0. 0.],Glow Plugs,286813989,1763325104,2001
1763325104400381261,[  0   0   0   0   7 209   0   0],7,264,[0. 0.],[0. 0.],Glow Plugs,400186731,1763325104,2001
1763325104492406835,[  0   0   0   0   7 209   0   0],7,264,[0. 0.],[0. 0.],Glow Plugs,492157136,1763325104,2001
1763325104595646158,[  0   0   0   0   7 209   0   0],7,264,[0. 0.],[0. 0.],Glow Plugs,595117193,1763325104,2001
1763325104688769120,[  0   0   0   0   7 209   0   0],7,264,[0. 0.],[0. 0.],Glow Plugs,688495133,1763325104,2001
1763325104846836314,[  0   0   0   0   7 209   0   0],7,264,[0. 0.],[0. 0.],Glow Plugs,844216895,1763325104,2001
1763325104917142556,[  0   0   0   0   7 209   0   0],7,264,[0. 0.],[0. 0.],Glow Plugs,916786233,1763325104,2001
1763325105004375120,[  0   0   0   0   7 209   0   0],7,264,[0. 0.],[0. 0.],Glow Plugs,291045,1763325105,2001
1763325105094502562,[  0   0   0   0   7 209   0   0],7,264,[0. 0.],[0. 0.],Glow Plugs,93154068,1763325105,2001
1763325105208889395,[  0   0   0   0   7 209   0   0],7,264,[0. 0.],[0. 0.],Glow Plugs,208458190,1763325105,2001
1763325105289388800,[  0   0   0   0   7 209   0   0],7,264,[0. 0.],[0. 0.],Glow Plugs,288339669,1763325105,2001
1763325105402940872,[  0   0   0   0   7 209   0   0],7,264,[0. 0.],[0. 0.],Glow Plugs,401280791,1763325105,2001
1763325105494981551,[  0   0   0   0   7 209   0   0],7,264,[0. 0.],[0. 0.],Glow Plugs,494599115,1763325105,2001
1763325105598117930,[  0   0   0   0   7 209   0   0],7,264,[0. 0.],[0. 0.],Glow Plugs,597896135,1763325105,2001
1763325105690984825,[  0   0   0   0   7 209   0   0],7,264,[0. 0.],[0. 0.],Glow Plugs,690523060,1763325105,2001
1763325105847866152,[  0   0   0   0   7 209   0   0],7,264,[0. 0.],[0. 0.],Glow Plugs,846840093,1763325105,2001
1763325105920061822,[  0   0   0   0   7 209   0   0],7,264,[0. 0.],[0. 0.],Glow Plugs,919690010,1763325105,2001
1763325106003428105,[  0   0   0   0   7 209   0   0],7,264,[0. 0.],[0. 0.],Glow Plugs,2439199,1763325106,2001
1763325106095096556,[  0   0   0   0   7 209   0   0],7,264,[0. 0.],[0. 0.],Glow Plugs,94783305,1763325106,2001
1763325106208760374,[  0   0   0   0   7 209   0   0],7,264,[0. 0.],[0. 0.],Glow Plugs,207501001,1763325106,2001
1763325106291795967,[  0   0   0   0   7 209   0   0],7,264,[0. 0.],[0. 0.],Glow Plugs,291555612,1763325106,2001
1763325106407161595,[  0   0   0   0   7 209   0   0],7,264,[0. 0.],[0. 0.],Glow Plugs,406772471,1763325106,2001
1763325106499627142,[  0   0   0   0   7 209   0   0],7,264,[0. 0.],[0. 0.],Glow Plugs,499126497,1763325106,2001
1763325106603088517,[  0   0   0   0   7 209   0   0],7,264,[0. 0.],[0. 0.],Glow Plugs,602873283,1763325106,2001
1763325106696683484,[  0   0   0   0   7 209   0   0],7,264,[0. 0.],[0. 0.],Glow Plugs,696269560,1763325106,2001
1763325106851409526,[  0   0   0   0   7 209   0   0],7,264,[0. 0.],[0. 0.],Glow Plugs,850746415,1763325106,2001
1763325106924129777,[  0   0   0   0   7 209   0   0],7,264,[0. 0.],[0. 0.],Glow Plugs,923321353,1763325106,2001
1763325107007414652,[  0   0   0   0   7 209   0   0],7,264,[0. 0.],[0. 0.],Glow Plugs,6832118,1763325107,2001
1763325107100797234,[  0   0   0   0   7 209   0   0],7,264,[0. 0.],[0. 0.],Glow Plugs,100011978,1763325107,2001
1763325107214575774,[  0   0   0   0   7 209   0   0],7,264,[0. 0.],[0. 0.],Glow Plugs,213694069,1763325107,2001
1763325107297461957,[  0   0   0   0   7 209   0   0],7,264,[0. 0.],[0. 0.],Glow Plugs,296625308,1763325107,2001
1763325107410731276,[  0   0   0   0   7 209   0   0],7,264,[0. 0.],[0. 0.],Glow Plugs,409988196,1763325107,2001
1763325107502764691,[  0   0   0   0   7 209   0   0],7,264,[0. 0.],[0. 0.],Glow Plugs,502166573,1763325107,2001
1763325107605228072,[  0   0   0   0   7 209   0   0],7,264,[0. 0.],[0. 0.],Glow Plugs,604663714,1763325107,2001
1763325107697642963,[  0   0   0   0   7 209   0   0],7,264,[0. 0.],[0. 0.],Glow Plugs,697014189,1763325107,2001
1763325107853496537,[  0   0   0   0   7 209   0   0],7,264,[0. 0.],[0. 0.],Glow Plugs,852358925,1763325107,2001
1763325107924898696,[  0   0   0   0   7 209   0   0],7,264,[0. 0.],[0. 0.],Glow Plugs,924629477,1763325107,2001
1763325108008412950,[  0   0   0   0   7 209   0   0],7,264,[0. 0.],[0. 0.],Glow Plugs,7879120,1763325108,2001
1763325108102613844,[  0   0   0   0   7 209   0   0],7,264,[0. 0.],[0. 0.],Glow Plugs,100879106,1763325108,2001
1763325108216476866,[  0   0   0   0   7 209   0   0],7,264,[0. 0.],[0. 0.],Glow Plugs,214364139,1763325108,2001
1763325108298883364,[  0   0   0   0   7 209   0   0],7,264,[0. 0.],[0. 0.],Glow Plugs,297416853,1763325108,2001
1763325108412661105,[  0   0   0   0   7 209   0   0],7,264,[0. 0.],[0. 0.],Glow Plugs,412397550,1763325108,2001
1763325108507547126,[  0   0   0   0   7 209   0   0],7,264,[0. 0.],[0. 0.],Glow Plugs,507050289,1763325108,2001
1763325108611536252,[  0   0   0   0   7 209   0   0],7,264,[0. 0.],[0. 0.],Glow Plugs,611074519,1763325108,2001
1763325108704575790,[  0   0   0   0   7 209   0   0],7,264,[0. 0.],[0. 0.],Glow Plugs,704140938,1763325108,2001
1763325108858967782,[  0   0   0   0   7 209   0   0],7,264,[0. 0.],[0. 0.],Glow Plugs,858155454,1763325108,2001
1763325108932856111,[  0   0   0   0   7 209   0   0],7,264,[0. 0.],[0. 0.],Glow Plugs,931011580,1763325108,2001
1763325109016923907,[  0   0   0   0   7 209   0   0],7,264,[0. 0.],[0. 0.],Glow Plugs,16392766,1763325109,2001
1763325109107739743,[  0   0   0   0   7 209   0   0],7,264,[0. 0.],[0. 0.],Glow Plugs,107005655,1763325109,2001
1763325109211639332,[  0   0   0   0   7 209   0   0],7,264,[0. 0.],[0. 0.],Glow Plugs,210617369,1763325109,2001
1763325109304654391,[  0   0   0   0   7 209   0   0],7,264,[0. 0.],[0. 0.],Glow Plugs,304449172,1763325109,2001
1763325109418794568,[  0   0   0   0   7 209   0   0],7,264,[0. 0.],[0. 0.],Glow Plugs,418534437,1763325109,2001
1763325109502541113,[  0   0   0   0   7 209   0   0],7,264,[0. 0.],[0. 0.],Glow Plugs,502080212,1763325109,2001
1763325109616970733,[  0   0   0   0   7 209   0   0],7,264,[0. 0.],[0. 0.],Glow Plugs,616522952,1763325109,2001
1763325109710156513,[  0   0   0   0   7 209   0   0],7,264,[0. 0.],[0. 0.],Glow Plugs,709560795,1763325109,2001
1763325109861789469,[  0   0   0   0   7 209   0   0],7,264,[0. 0.],[0. 0.],Glow Plugs,861128374,1763325109,2001
1763325109933722289,[  0   0   0   0   7 209   0   0],7,264,[0. 0.],[0. 0.],Glow Plugs,933052586,1763325109,2001
1763325110016141429,[  0   0   0   0   7 209   0   0],7,264,[0. 0.],[0. 0.],Glow Plugs,15182090,1763325110,2001
1763325110109359498,[  0   0   0   0   7 209   0   0],7,264,[0. 0.],[0. 0.],Glow Plugs,108781380,1763325110,2001
1763325110225208749,[  0   0   0   0   7 209   0   0],7,264,[0. 0.],[0. 0.],Glow Plugs,222888437,1763325110,2001
1763325110308491354,[  0   0   0   0   7 209   0   0],7,264,[0. 0.],[0. 0.],Glow Plugs,307391183,1763325110,2001
1763325110420621655,[  0   0   0   0   7 209   0   0],7,264,[0. 0.],[0. 0.],Glow Plugs,420161810,1763325110,2001
1763325110514668917,[  0   0   0   0   7 209   0   0],7,264,[0. 0.],[0. 0.],Glow Plugs,513921165,1763325110,2001
1763325110617852563,[  0   0   0   0   7 209   0   0],7,264,[0. 0.],[0. 0.],Glow Plugs,616895849,1763325110,2001
1763325110710620195,[  0   0   0   0   7 209   0   0],7,264,[0. 0.],[0. 0.],Glow Plugs,710318560,1763325110,2001
1763325110865912262,[  0   0   0   0   7 209   0   0],7,264,[0. 0.],[0. 0.],Glow Plugs,865517154,1763325110,2001
1763325110938318272,[  0   0   0   0   7 209   0   0],7,264,[0. 0.],[0. 0.],Glow Plugs,938040477,1763325110,2001
1763325111022369877,[  0   0   0   0   7 209   0   0],7,264,[0. 0.],[0. 0.],Glow Plugs,21280170,1763325111,2001
1763325111116154481,[  0   0   0   0   7 209   0   0],7,264,[0. 0.],[0. 0.],Glow Plugs,115402633,1763325111,2001
1763325111220674782,[  0   0   0   0   7 209   0   0],7,264,[0. 0.],[0. 0.],Glow Plugs,220054935,1763325111,2001
1763325111312822024,[  0   0   0   0   7 209   0   0],7,264,[0. 0.],[0. 0.],Glow Plugs,312424548,1763325111,2001
1763325111425517643,[  0   0   0   0   7 209   0   0],7,264,[0. 0.],[0. 0.],Glow Plugs,425292233,1763325111,2001
1763325111507577036,[  0   0   0   0   7 209   0   0],7,264,[0. 0.],[0. 0.],Glow Plugs,507348745,1763325111,2001
1763325111621173240,[  0   0   0   0   7 209   0   0],7,264,[0. 0.],[0. 0.],Glow Plugs,620806932,1763325111,2001
1763325111713599750,[  0   0   0   0   7 209   0   0],7,264,[0. 0.],[0. 0.],Glow Plugs,713297506,1763325111,2001
1763325111867665404,[  0   0   0   0   7 209   0   0],7,264,[0. 0.],[0. 0.],Glow Plugs,867155031,1763325111,2001
1763325111940493467,[  0   0   0   0   7 209   0   0],7,264,[0. 0.],[0. 0.],Glow Plugs,939506673,1763325111,2001
1763325112022109655,[  0   0   0   0   7 209   0   0],7,264,[0. 0.],[0. 0.],Glow Plugs,21812660,1763325112,2001
1763325112116444505,[  0   0   0   0   7 209   0   0],7,264,[0. 0.],[0. 0.],Glow Plugs,116094421,1763325112,2001
1763325112229227710,[  0   0   0   0   7 209   0   0],7,264,[0. 0.],[0. 0.],Glow Plugs,228318548,1763325112,2001
1763325112310769881,[  0   0   0   0   7 209   0   0],7,264,[0. 0.],[0. 0.],Glow Plugs,310293844,1763325112,2001
1763325112424370086,[  0   0   0   0   7 209   0   0],7,264,[0. 0.],[0. 0.],Glow Plugs,423350875,1763325112,2001
1763325112517140280,[  0   0   0   0   7 209   0   0],7,264,[0. 0.],[0. 0.],Glow Plugs,516925141,1763325112,2001
1763325112631385868,[  0   0   0   0   7 209   0   0],7,264,[0. 0.],[0. 0.],Glow Plugs,630956551,1763325112,2001
1763325112713896177,[  0   0   0   0   7 209   0   0],7,264,[0. 0.],[0. 0.],Glow Plugs,712988423,1763325112,2001
1763325112872600889,[  0   0   0   0   7 209   0   0],7,264,[0. 0.],[0. 0.],Glow Plugs,872200597,1763325112,2001
1763325112945875262,[  0   0   0   0   7 209   0   0],7,264,[0. 0.],[0. 0.],Glow Plugs,945173174,1763325112,2001
1763325113027813661,[  0   0   0   0   7 209   0   0],7,264,[0. 0.],[0. 0.],Glow Plugs,27283032,1763325113,2001
1763325113121293591,[  0   0   0   0   7 209   0   0],7,264,[0. 0.],[0. 0.],Glow Plugs,120793393,1763325113,2001
1763325113225942406,[  0   0   0   0   7 209   0   0],7,264,[0. 0.],[0. 0.],Glow Plugs,225458337,1763325113,2001
1763325113318268019,[  0   0   0   0   7 209   0   0],7,264,[0. 0.],[0. 0.],Glow Plugs,317512748,1763325113,2001
1763325113431013560,[  0   0   0   0   7 209   0   0],7,264,[0. 0.],[0. 0.],Glow Plugs,430818966,1763325113,2001
1763325113524377041,[  0   0   0   0   7 209   0   0],7,264,[0. 0.],[0. 0.],Glow Plugs,523427751,1763325113,2001
1763325113627123468,[  0   0   0   0   7 209   0   0],7,264,[0. 0.],[0. 0.],Glow Plugs,626360900,1763325113,2001
1763325113719388153,[  0   0   0   0   7 209   0   0],7,264,[0. 0.],[0. 0.],Glow Plugs,718711825,1763325113,2001
1763325113874945057,[  0   0   0   0   7 209   0   0],7,264,[0. 0.],[0. 0.],Glow Plugs,874298010,1763325113,2001
1763325113949325585,[  0   0   0   0   7 209   0   0],7,264,[0. 0.],[0. 0.],Glow Plugs,948658730,1763325113,2001
1763325114032681152,[  0   0   0   0   7 209   0   0],7,264,[0. 0.],[0. 0.],Glow Plugs,32346940,1763325114,2001
1763325114125747958,[  0   0   0   0   7 209   0   0],7,264,[0. 0.],[0. 0.],Glow Plugs,125301425,1763325114,2001
1763325114229848192,[  0   0   0   0   7 209   0   0],7,264,[0. 0.],[0. 0.],Glow Plugs,228423633,1763325114,2001
1763325114322024460,[  0   0   0   0   7 209   0   0],7,264,[0. 0.],[0. 0.],Glow Plugs,321332933,1763325114,2001
1763325114435710747,[  0   0   0   0   7 209   0   0],7,264,[0. 0.],[0. 0.],Glow Plugs,434739729,1763325114,2001
1763325114519082027,[  0   0   0   0   7 209   0   0],7,264,[0. 0.],[0. 0.],Glow Plugs,518177793,1763325114,2001
1763325114634265386,[  0   0   0   0   7 209   0   0],7,264,[0. 0.],[0. 0.],Glow Plugs,633635747,1763325114,2001
1763325114724141054,[  0   0   0   0   7 209   0   0],7,264,[0. 0.],[0. 0.],Glow Plugs,719421260,1763325114,2001
1763325114876395940,[  0   0   0   0   7 209   0   0],7,264,[0. 0.],[0. 0.],Glow Plugs,874490096,1763325114,2001
1763325114950095309,[  0   0   0   0   7 209   0   0],7,264,[0. 0.],[0. 0.],Glow Plugs,947180975,1763325114,2001
1763325115032720501,[  0   0   0   0   7 209   0   0],7,264,[0. 0.],[0. 0.],Glow Plugs,31596553,1763325115,2001
1763325115124310748,[  0   0   0   0   7 209   0   0],7,264,[0. 0.],[0. 0.],Glow Plugs,123804950,1763325115,2001
1763325115237093826,[  0   0   0   0   7 209   0   0],7,264,[0. 0.],[0. 0.],Glow Plugs,236574333,1763325115,2001
1763325115330527132,[  0   0   0   0   7 209   0   0],7,264,[0. 0.],[0. 0.],Glow Plugs,329578802,1763325115,2001
1763325115433341241,[  0   0   0   0   7 209   0   0],7,264,[0. 0.],[0. 0.],Glow Plugs,433019734,1763325115,2001
1763325115527034582,[  0   0   0   0   7 209   0   0],7,264,[0. 0.],[0. 0.],Glow Plugs,526616626,1763325115,2001
1763325115640386914,[  0   0   0   0   7 209   0   0],7,264,[0. 0.],[0. 0.],Glow Plugs,640119360,1763325115,2001
1763325115724158423,[  0   0   0   0   7 209   0   0],7,264,[0. 0.],[0. 0.],Glow Plugs,723413007,1763325115,2001
1763325115878547124,[  0   0   0   0   7 209   0   0],7,264,[0. 0.],[0. 0.],Glow Plugs,877766796,1763325115,2001
1763325115951906138,[  0   0   0   0   7 209   0   0],7,264,[0. 0.],[0. 0.],Glow Plugs,951438037,1763325115,2001
1763325116035265098,[  0   0   0   0   7 209   0   0],7,264,[0. 0.],[0. 0.],Glow Plugs,34066110,1763325116,2001
1763325116126330028,[  0   0   0   0   7 209   0   0],7,264,[0. 0.],[0. 0.],Glow Plugs,126040777,1763325116,2001
1763325116242783481,[  0   0   0   0   7 209   0   0],7,264,[0. 0.],[0. 0.],Glow Plugs,242538071,1763325116,2001
1763325116325752262,[  0   0   0   0   7 209   0   0],7,264,[0. 0.],[0. 0.],Glow Plugs,325489475,1763325116,2001
1763325116440114909,[  0   0   0   0   7 209   0   0],7,264,[0. 0.],[0. 0.],Glow Plugs,439085938,1763325116,2001
1763325116533862043,[  0   0   0   0   7 209   0   0],7,264,[0. 0.],[0. 0.],Glow Plugs,531340160,1763325116,2001
1763325116645161682,[  0   0   0   0   7 209   0   0],7,264,[0. 0.],[0. 0.],Glow Plugs,644800591,1763325116,2001
1763325116728353345,[  0   0   0   0   7 209   0   0],7,264,[0. 0.],[0. 0.],Glow Plugs,727104244,1763325116,2001
1763325116883308549,[  0   0   0   0   7 209   0   0],7,264,[0. 0.],[0. 0.],Glow Plugs,882903521,1763325116,2001
1763325116956888782,[  0   0   0   0   7 209   0   0],7,264,[0. 0.],[0. 0.],Glow Plugs,956550570,1763325116,2001
1763325117041083143,[  0   0   0   0   7 209   0   0],7,264,[0. 0.],[0. 0.],Glow Plugs,40511873,1763325117,2001
1763325117134011485,[  0   0   0   0   7 209   0   0],7,264,[0. 0.],[0. 0.],Glow Plugs,132196202,1763325117,2001
1763325117247736975,[  0   0   0   0   7 209   0   0],7,264,[0. 0.],[0. 0.],Glow Plugs,247451276,1763325117,2001
1763325117330940414,[  0   0   0   0   7 209   0   0],7,264,[0. 0.],[0. 0.],Glow Plugs,330641818,1763325117,2001
1763325117445240309,[  0   0   0   0   7 209   0   0],7,264,[0. 0.],[0. 0.],Glow Plugs,444702031,1763325117,2001
1763325117529149004,[  0   0   0   0   7 209   0   0],7,264,[0. 0.],[0. 0.],Glow Plugs,528673095,1763325117,2001
1763325117642321175,[  0   0   0   0   7 209   0   0],7,264,[0. 0.],[0. 0.],Glow Plugs,641629904,1763325117,2001
1763325117738638609,[  0   0   0   0   7 209   0   0],7,264,[0. 0.],[0. 0.],Glow Plugs,737825992,1763325117,2001
1763325117883265897,[  0   0   0   0   7 209   0   0],7,264,[0. 0.],[0. 0.],Glow Plugs,882924005,1763325117,2001
1763325117957609850,[  0   0   0   0   7 209   0   0],7,264,[0. 0.],[0. 0.],Glow Plugs,957229846,1763325117,2001
1763325118040604327,[  0   0   0   0   7 209   0   0],7,264,[0. 0.],[0. 0.],Glow Plugs,39725886,1763325118,2001
1763325118133479229,[  0   0   0   0   7 209   0   0],7,264,[0. 0.],[0. 0.],Glow Plugs,132434514,1763325118,2001
1763325118246846699,[  0   0   0   0   7 209   0   0],7,264,[0. 0.],[0. 0.],Glow Plugs,246114340,1763325118,2001
1763325118340113605,[  0   0   0   0   7 209   0   0],7,264,[0. 0.],[0. 0.],Glow Plugs,339808546,1763325118,2001
1763325118445374462,[  0   0   0   0   7 209   0   0],7,264,[0. 0.],[0. 0.],Glow Plugs,444339443,1763325118,2001
1763325118535363637,[  0   0   0   0   7 209   0   0],7,264,[0. 0.],[0. 0.],Glow Plugs,534689710,1763325118,2001
1763325118650192819,[  0   0   0   0   7 209   0   0],7,264,[0. 0.],[0. 0.],Glow Plugs,649682861,1763325118,2001
1763325118732569753,[  0   0   0   0   7 209   0   0],7,264,[0. 0.],[0. 0.],Glow Plugs,732085300,1763325118,2001
1763325118887515743,[  0   0   0   0   7 209   0   0],7,264,[0. 0.],[0. 0.],Glow Plugs,887147259,1763325118,2001
1763325118960933383,[  0   0   0   0   7 209   0   0],7,264,[0. 0.],[0. 0.],Glow Plugs,960712005,1763325118,2001
1763325119045472805,[  0   0   0   0   7 209   0   0],7,264,[0. 0.],[0. 0.],Glow Plugs,44886847,1763325119,2001
1763325119141059544,[  0   0   0   0   7 209   0   0],7,264,[0. 0.],[0. 0.],Glow Plugs,140309616,1763325119,2001
1763325119245874668,[  0   0   0   0   7 209   0   0],7,264,[0. 0.],[0. 0.],Glow Plugs,244782625,1763325119,2001
1763325119340649591,[  0   0   0   0   7 209   0   0],7,264,[0. 0.],[0. 0.],Glow Plugs,340251443,1763325119,2001
1763325119453942981,[  0   0   0   0   7 209   0   0],7,264,[0. 0.],[0. 0.],Glow Plugs,453386815,1763325119,2001
1763325119537259894,[  0   0   0   0   7 209   0   0],7,264,[0. 0.],[0. 0.],Glow Plugs,536588975,1763325119,2001
1763325119650241313,[  0   0   0   0   7 209   0   0],7,264,[0. 0.],[0. 0.],Glow Plugs,649755548,1763325119,2001
1763325119736071373,[  0   0   0   0   7 209   0   0],7,264,[0. 0.],[0. 0.],Glow Plugs,735689512,1763325119,2001
1763325119893696175,[  0   0   0   0   7 209   0   0],7,264,[0. 0.],[0. 0.],Glow Plugs,893177258,1763325119,2001
1763325119966654035,[  0   0   0   0   7 209   0   0],7,264,[0. 0.],[0. 0.],Glow Plugs,966176430,1763325119,2001
1763325120050579467,[  0   0   0   0   7 209   0   0],7,264,[0. 0.],[0. 0.],Glow Plugs,50000261,1763325120,2001
1763325120143747365,[  0   0   0   0   7 209   0   0],7,264,[0. 0.],[0. 0.],Glow Plugs,143043101,1763325120,2001
1763325120256930386,[  0   0   0   0   7 209   0   0],7,264,[0. 0.],[0. 0.],Glow Plugs,256621007,1763325120,2001
1763325120339803903,[  0   0   0   0   7 209   0   0],7,264,[0. 0.],[0. 0.],Glow Plugs,339311194,1763325120,2001
1763325120454966690,[  0   0   0   0   7 209   0   0],7,264,[0. 0.],[0. 0.],Glow Plugs,454499133,1763325120,2001
1763325120547241650,[  0   0   0   0   7 209   0   0],7,264,[0. 0.],[0. 0.],Glow Plugs,546739021,1763325120,2001
1763325120649923888,[  0   0   0   0   7 209   0   0],7,264,[0. 0.],[0. 0.],Glow Plugs,649546828,1763325120,2001
1763325120742660838,[  0   0   0   0   7 209   0   0],7,264,[0. 0.],[0. 0.],Glow Plugs,741987231,1763325120,2001
1763325120897983153,[  0   0   0   0   7 209   0   0],7,264,[0. 0.],[0. 0.],Glow Plugs,897275658,1763325120,2001
1763325120969706376,[  0   0   0   0   7 209   0   0],7,264,[0. 0.],[0. 0.],Glow Plugs,969502726,1763325120,2001
1763325121052883576,[  0   0   0   0   7 209   0   0],7,264,[0. 0.],[0. 0.],Glow Plugs,52322002,1763325121,2001
1763325121145298795,[  0   0   0   0   7 209   0   0],7,264,[0. 0.],[0. 0.],Glow Plugs,144803973,1763325121,2001
1763325121259239169,[  0   0   0   0   7 209   0   0],7,264,[0. 0.],[0. 0.],Glow Plugs,258610170,1763325121,2001
1763325121342104494,[  0   0   0   0   7 209   0   0],7,264,[0. 0.],[0. 0.],Glow Plugs,341765451,1763325121,2001
1763325121456745580,[  0   0   0   0   7 209   0   0],7,264,[0. 0.],[0. 0.],Glow Plugs,456531529,1763325121,2001
1763325121547623758,[  0   0   0   0   7 209   0   0],7,264,[0. 0.],[0. 0.],Glow Plugs,545893691,1763325121,2001
1763325121658260065,[  0   0   0   0   7 209   0   0],7,264,[0. 0.],[0. 0.],Glow Plugs,657743836,1763325121,2001
1763325121752505639,[  0   0   0   0   7 209   0   0],7,264,[0. 0.],[0. 0.],Glow Plugs,751712894,1763325121,2001
1763325121895005323,[  0   0   0   0   7 209   0   0],7,264,[0. 0.],[0. 0.],Glow Plugs,894530182,1763325121,2001
1763325121970980368,[  0   0   0   0   7 209   0   0],7,264,[0. 0.],[0. 0.],Glow Plugs,970094886,1763325121,2001
1763325122053470393,[  0   0   0   0   7 209   0   0],7,264,[0. 0.],[0. 0.],Glow Plugs,52626864,1763325122,2001
1763325122145619241,[  0   0   0   0   7 209   0   0],7,264,[0. 0.],[0. 0.],Glow Plugs,145084579,1763325122,2001
1763325122261166065,[  0   0   0   0   7 209   0   0],7,264,[0. 0.],[0. 0.],Glow Plugs,260619595,1763325122,2001
1763325122343686907,[  0   0   0   0   7 209   0   0],7,264,[0. 0.],[0. 0.],Glow Plugs,343022836,1763325122,2001
1763325122458833790,[  0   0   0   0   7 209   0   0],7,264,[0. 0.],[0. 0.],Glow Plugs,458464571,1763325122,2001
1763325122551570101,[  0   0   0   0   7 209   0   0],7,264,[0. 0.],[0. 0.],Glow Plugs,550804781,1763325122,2001
1763325122667233214,[  0   0   0   0   7 209   0   0],7,264,[0. 0.],[0. 0.],Glow Plugs,665173160,1763325122,2001
1763325122750183756,[  0   0   0   0   7 209   0   0],7,264,[0. 0.],[0. 0.],Glow Plugs,749381956,1763325122,2001
1763325122905819613,[  0   0   0   0   7 209   0   0],7,264,[0. 0.],[0. 0.],Glow Plugs,904961492,1763325122,2001
1763325122983039023,[  0   0   0   0   7 209   0   0],7,264,[0. 0.],[0. 0.],Glow Plugs,981917731,1763325122,2001
1763325123067085001,[  0   0   0   0   7 209   0   0],7,264,[0. 0.],[0. 0.],Glow Plugs,64463181,1763325123,2001
1763325123147976994,[  0   0   0   0   7 209   0   0],7,264,[0. 0.],[0. 0.],Glow Plugs,147439965,1763325123,2001
1763325123261905114,[  0   0   0   0   7 209   0   0],7,264,[0. 0.],[0. 0.],Glow Plugs,261251699,1763325123,2001
1763325123354940659,[  0   0   0   0   7 209   0   0],7,264,[0. 0.],[0. 0.],Glow Plugs,354140683,1763325123,2001
1763325123458376380,[  0   0   0   0   7 209   0   0],7,264,[0. 0.],[0. 0.],Glow Plugs,457914903,1763325123,2001
1763325123552342655,[  0   0   0   0   7 209   0   0],7,264,[0. 0.],[0. 0.],Glow Plugs,551134962,1763325123,2001
1763325123665905075,[  0   0   0   0   7 209   0   0],7,264,[0. 0.],[0. 0.],Glow Plugs,665273996,1763325123,2001
1763325123748915298,[  0   0   0   0   7 209   0   0],7,264,[0. 0.],[0. 0.],Glow Plugs,748132794,1763325123,2001
1763325123904647925,[  0   0   0   0   7 209   0   0],7,264,[0. 0.],[0. 0.],Glow Plugs,903976461,1763325123,2001
1763325123977264598,[  0   0   0   0   7 209   0   0],7,264,[0. 0.],[0. 0.],Glow Plugs,976239083,1763325123,2001
1763325124059331100,[  0   0   0   0   7 209   0   0],7,264,[0. 0.],[0. 0.],Glow Plugs,59017401,1763325124,2001
1763325124152532440,[  0   0   0   0   7 209   0   0],7,264,[0. 0.],[0. 0.],Glow Plugs,152331382,1763325124,2001
1763325124265605383,[  0   0   0   0   7 209   0   0],7,264,[0. 0.],[0. 0.],Glow Plugs,265223683,1763325124,2001
1763325124359573291,[  0   0   0   0   7 209   0   0],7,264,[0. 0.],[0. 0.],Glow Plugs,358237245,1763325124,2001
1763325124461077695,[  0   0   0   0   7 209   0   0],7,264,[0. 0.],[0. 0.],Glow Plugs,460867261,1763325124,2001
1763325124559635060,[  0   0   0   0   7 209   0   0],7,264,[0. 0.],[0. 0.],Glow Plugs,556137423,1763325124,2001
1763325124668952475,[  0   0   0   0   7 209   0   0],7,264,[0. 0.],[0. 0.],Glow Plugs,668300212,1763325124,2001
1763325124753382842,[  0   0   0   0   7 209   0   0],7,264,[0. 0.],[0. 0.],Glow Plugs,752598290,1763325124,2001
1763325124909727348,[  0   0   0   0   7 209   0   0],7,264,[0. 0.],[0. 0.],Glow Plugs,909391312,1763325124,2001
1763325124982725562,[  0   0   0   0   7 209   0   0],7,264,[0. 0.],[0. 0.],Glow Plugs,982517592,1763325124,2001
1763325125066068622,[  0   0   0   0   7 209   0   0],7,264,[0. 0.],[0. 0.],Glow Plugs,65544808,1763325125,2001
1763325125158670116,[  0   0   0   0   7 209   0   0],7,264,[0. 0.],[0. 0.],Glow Plugs,157835963,1763325125,2001
1763325125272075671,[  0   0   0   0   7 209   0   0],7,264,[0. 0.],[0. 0.],Glow Plugs,271334543,1763325125,2001
1763325125353681049,[  0   0   0   0   7 209   0   0],7,264,[0. 0.],[0. 0.],Glow Plugs,353486871,1763325125,2001
1763325125467495152,[  0   0   0   0   7 209   0   0],7,264,[0. 0.],[0. 0.],Glow Plugs,467169229,1763325125,2001
1763325125561307187,[  0   0   0   0   7 209   0   0],7,264,[0. 0.],[0. 0.],Glow Plugs,560613420,1763325125,2001
1763325125674199649,[  0   0   0   0   7 209   0   0],7,264,[0. 0.],[0. 0.],Glow Plugs,673807356,1763325125,2001
1763325125757717495,[  0   0   0   0   7 209   0   0],7,264,[0. 0.],[0. 0.],Glow Plugs,757444884,1763325125,2001
1763325125913396586,[  0   0   0   0   7 209   0   0],7,264,[0. 0.],[0. 0.],Glow Plugs,912503488,1763325125,2001
1763325125985272612,[  0   0   0   0   7 209   0   0],7,264,[0. 0.],[0. 0.],Glow Plugs,984784255,1763325125,2001
1763325126067627726,[  0   0   0   0   7 209   0   0],7,264,[0. 0.],[0. 0.],Glow Plugs,67124681,1763325126,2001
1763325126160591849,[  0   0   0   0   7 209   0   0],7,264,[0. 0.],[0. 0.],Glow Plugs,160264549,1763325126,2001
1763325126274501026,[  0   0   0   0   7 209   0   0],7,264,[0. 0.],[0. 0.],Glow Plugs,274083069,1763325126,2001
1763325126357150447,[  0   0   0   0   7 209   0   0],7,264,[0. 0.],[0. 0.],Glow Plugs,356595689,1763325126,2001
1763325126470404737,[  0   0   0   0   7 209   0   0],7,264,[0. 0.],[0. 0.],Glow Plugs,469396310,1763325126,2001
1763325126564288101,[  0   0   0   0   7 209   0   0],7,264,[0. 0.],[0. 0.],Glow Plugs,562478194,1763325126,2001
1763325126678206270,[  0   0   0   0   7 209   0   0],7,264,[0. 0.],[0. 0.],Glow Plugs,677052626,1763325126,2001
1763325126761099726,[  0   0   0   0   7 209   0   0],7,264,[0. 0.],[0. 0.],Glow Plugs,760734922,1763325126,2001
1763325126916037818,[  0   0   0   0   7 209   0   0],7,264,[0. 0.],[0. 0.],Glow Plugs,915436660,1763325126,2001
1763325126988943104,[  0   0   0   0   7 209   0   0],7,264,[0. 0.],[0. 0.],Glow Plugs,988286457,1763325126,2001
1763325127072421174,[  0   0   0   0   7 209   0   0],7,264,[0. 0.],[0. 0.],Glow Plugs,71582829,1763325127,2001
1763325127164650857,[  0   0   0   0   7 209   0   0],7,264,[0. 0.],[0. 0.],Glow Plugs,163870241,1763325127,2001
1763325127277998301,[  0   0   0   0   7 209   0   0],7,264,[0. 0.],[0. 0.],Glow Plugs,277180564,1763325127,2001
1763325127360155525,[  0   0   0   0   7 209   0   0],7,264,[0. 0.],[0. 0.],Glow Plugs,359387677,1763325127,2001
1763325127473529465,[  0   0   0   0   7 209   0   0],7,264,[0. 0.],[0. 0.],Glow Plugs,472470894,1763325127,2001
1763325127566212785,[  0   0   0   0   7 209   0   0],7,264,[0. 0.],[0. 0.],Glow Plugs,565290567,1763325127,2001
1763325127679874440,[  0   0   0   0   7 209   0   0],7,264,[0. 0.],[0. 0.],Glow Plugs,679310722,1763325127,2001
1763325127764231592,[  0   0   0   0   7 209   0   0],7,264,[0. 0.],[0. 0.],Glow Plugs,762438517,1763325127,2001
1763325127917867911,[  0   0   0   0   7 209   0   0],7,264,[0. 0.],[0. 0.],Glow Plugs,917321185,1763325127,2001
1763325127990236391,[  0   0   0   0   7 209   0   0],7,264,[0. 0.],[0. 0.],Glow Plugs,989734306,1763325127,2001
1763325128073349882,[  0   0   0   0   7 209   0   0],7,264,[0. 0.],[0. 0.],Glow Plugs,72910198,1763325128,2001
1763325128165869329,[  0   0   0   0   7 209   0   0],7,264,[0. 0.],[0. 0.],Glow Plugs,165681135,1763325128,2001
1763325128279769131,[  0   0   0   0   7 209   0   0],7,264,[0. 0.],[0. 0.],Glow Plugs,279262918,1763325128,2001
1763325128364257709,[  0   0   0   0   7 209   0   0],7,264,[0. 0.],[0. 0.],Glow Plugs,363393028,1763325128,2001
1763325128477928356,[  0   0   0   0   7 209   0   0],7,264,[0. 0.],[0. 0.],Glow Plugs,477494464,1763325128,2001
1763325128570743870,[  0   0   0   0   7 209   0   0],7,264,[0. 0.],[0. 0.],Glow Plugs,570377082,1763325128,2001
1763325128674370507,[  0   0   0   0   7 209   0   0],7,264,[0. 0.],[0. 0.],Glow Plugs,673908230,1763325128,2001
1763325128766437917,[  0   0   0   0   7 209   0   0],7,264,[0. 0.],[0. 0.],Glow Plugs,766037497,1763325128,2001
1763325128921704015,[  0   0   0   0   7 209   0   0],7,264,[0. 0.],[0. 0.],Glow Plugs,921203977,1763325128,2001
1763325128995453374,[  0   0   0   0   7 209   0   0],7,264,[0. 0.],[0. 0.],Glow Plugs,994680182,1763325128,2001
1763325129078763155,[  0   0   0   0   7 209   0   0],7,264,[0. 0.],[0. 0.],Glow Plugs,78371631,1763325129,2001
1763325129172025171,[  0   0   0   0   7 209   0   0],7,264,[0. 0.],[0. 0.],Glow Plugs,171552590,1763325129,2001
1763325129286413394,[  0   0   0   0   7 209   0   0],7,264,[0. 0.],[0. 0.],Glow Plugs,285985550,1763325129,2001
1763325129368498043,[  0   0   0   0   7 209   0   0],7,264,[0. 0.],[0. 0.],Glow Plugs,368242584,1763325129,2001
1763325129485007953,[  0   0   0   0   7 209   0   0],7,264,[0. 0.],[0. 0.],Glow Plugs,484559820,1763325129,2001
1763325129568222406,[  0   0   0   0   7 209   0   0],7,264,[0. 0.],[0. 0.],Glow Plugs,567246875,1763325129,2001
1763325129682191361,[  0   0   0   0   7 209   0   0],7,264,[0. 0.],[0. 0.],Glow Plugs,681326072,1763325129,2001
1763325129775164189,[  0   0   0   0   7 209   0   0],7,264,[0. 0.],[0. 0.],Glow Plugs,773890736,1763325129,2001
1763325129932370884,[  0   0   0   0   7 209   0   0],7,264,[0. 0.],[0. 0.],Glow Plugs,928636284,1763325129,2001
1763325130002222314,[  0   0   0   0   7 209   0   0],7,264,[0. 0.],[0. 0.],Glow Plugs,1440994,1763325130,2001
1763325130085682274,[  0   0   0   0   7 209   0   0],7,264,[0. 0.],[0. 0.],Glow Plugs,85499872,1763325130,2001
1763325130178625278,[  0   0   0   0   7 209   0   0],7,264,[0. 0.],[0. 0.],Glow Plugs,177945847,1763325130,2001
1763325130281734791,[  0   0   0   0   7 209   0   0],7,264,[0. 0.],[0. 0.],Glow Plugs,280857821,1763325130,2001
1763325130377810436,[  0   0   0   0   7 209   0   0],7,264,[0. 0.],[0. 0.],Glow Plugs,374340095,1763325130,2001
1763325130488891521,[  0   0   0   0   7 209   0   0],7,264,[0. 0.],[0. 0.],Glow Plugs,488387292,1763325130,2001
1763325130573064289,[  0   0   0   0   7 209   0   0],7,264,[0. 0.],[0. 0.],Glow Plugs,572639740,1763325130,2001
1763325130688272778,[  0   0   0   0   7 209   0   0],7,264,[0. 0.],[0. 0.],Glow Plugs,687136062,1763325130,2001
1763325130780120314,[  0   0   0   0   7 209   0   0],7,264,[0. 0.],[0. 0.],Glow Plugs,779782775,1763325130,2001
1763325130928683302,[  0   0   0   0   7 209   0   0],7,264,[0. 0.],[0. 0.],Glow Plugs,928263874,1763325130,2001
1763325131000031517,[  0   0   0   0   7 209   0   0],7,264,[0. 0.],[0. 0.],Glow Plugs,999683193,1763325130,2001
1763325131083185777,[  0   0   0   0   7 209   0   0],7,264,[0. 0.],[0. 0.],Glow Plugs,81942500,1763325131,2001
1763325131176265904,[  0   0   0   0   7 209   0   0],7,264,[0. 0.],[0. 0.],Glow Plugs,175444679,1763325131,2001
1763325131288990687,[  0   0   0   0   7 209   0   0],7,264,[0. 0.],[0. 0.],Glow Plugs,288197463,1763325131,2001
1763325131382320480,[  0   0   0   0   7 209   0   0],7,264,[0. 0.],[0. 0.],Glow Plugs,381289781,1763325131,2001
1763325131484218652,[  0   0   0   0   7 209   0   0],7,264,[0. 0.],[0. 0.],Glow Plugs,483499220,1763325131,2001
1763325131576685236,[  0   0   0   0   7 209   0   0],7,264,[0. 0.],[0. 0.],Glow Plugs,576378128,1763325131,2001
1763325131696084778,[  0   0   0   0   7 209   0   0],7,264,[0. 0.],[0. 0.],Glow Plugs,694204598,1763325131,2001
1763325131780874800,[  0   0   0   0   7 209   0   0],7,264,[0. 0.],[0. 0.],Glow Plugs,777585421,1763325131,2001
1763325131934111054,[  0   0   0   0   7 209   0   0],7,264,[0. 0.],[0. 0.],Glow Plugs,931750581,1763325131,2001
1763325132006192493,[  0   0   0   0   7 209   0   0],7,264,[0. 0.],[0. 0.],Glow Plugs,5479942,1763325132,2001
1763325132091607258,[  0   0   0   0   7 209   0   0],7,264,[0. 0.],[0. 0.],Glow Plugs,91121397,1763325132,2001
1763325132185189375,[  0   0   0   0   7 209   0   0],7,264,[0. 0.],[0. 0.],Glow Plugs,184696921,1763325132,2001
1763325132288760429,[  0   0   0   0   7 209   0   0],7,264,[0. 0.],[0. 0.],Glow Plugs,287988901,1763325132,2001
1763325132382025454,[  0   0   0   0   7 209   0   0],7,264,[0. 0.],[0. 0.],Glow Plugs,381059907,1763325132,2001
1763325132496752019,[  0   0   0   0   7 209   0   0],7,264,[0. 0.],[0. 0.],Glow Plugs,496143500,1763325132,2001
1763325132578512601,[  0   0   0   0   7 209   0   0],7,264,[0. 0.],[0. 0.],Glow Plugs,577795697,1763325132,2001
1763325132693816484,[  0   0   0   0   7 209   0   0],7,264,[0. 0.],[0. 0.],Glow Plugs,692848346,1763325132,2001
1763325132786443902,[  0   0   0   0   7 209   0   0],7,264,[0. 0.],[0. 0.],Glow Plugs,785821016,1763325132,2001
1763325132930068951,[  0   0   0   0   7 209   0   0],7,264,[0. 0.],[0. 0.],Glow Plugs,929826325,1763325132,2001
1763325133003340483,[  0   0   0   0   7 209   0   0],7,264,[0. 0.],[0. 0.],Glow Plugs,3087168,1763325133,2001
1763325133096951880,[  0   0   0   0   7 209   0   0],7,264,[0. 0.],[0. 0.],Glow Plugs,96282625,1763325133,2001
1763325133179594328,[  0   0   0   0   7 209   0   0],7,264,[0. 0.],[0. 0.],Glow Plugs,178970033,1763325133,2001
1763325133293542774,[  0   0   0   0   7 209   0   0],7,264,[0. 0.],[0. 0.],Glow Plugs,292894063,1763325133,2001
1763325133386047279,[  0   0   0   0   7 209   0   0],7,264,[0. 0.],[0. 0.],Glow Plugs,385402216,1763325133,2001
1763325133492072856,[  0   0   0   0   7 209   0   0],7,264,[0. 0.],[0. 0.],Glow Plugs,490514727,1763325133,2001
1763325133582358233,[  0   0   0   0   7 209   0   0],7,264,[0. 0.],[0. 0.],Glow Plugs,582163223,1763325133,2001
1763325133696084500,[  0   0   0   0   7 209   0   0],7,264,[0. 0.],[0. 0.],Glow Plugs,695705168,1763325133,2001
1763325133789330869,[  0   0   0   0   7 209   0   0],7,264,[0. 0.],[0. 0.],Glow Plugs,787567523,1763325133,2001
1763325133945351379,[  0   0   0   0   7 209   0   0],7,264,[0. 0.],[0. 0.],Glow Plugs,944534026,1763325133,2001
1763325134017490643,[  0   0   0   0   7 209   0   0],7,264,[0. 0.],[0. 0.],Glow Plugs,16654346,1763325134,2001
1763325134100160420,[  0   0   0   0   7 209   0   0],7,264,[0. 0.],[0. 0.],Glow Plugs,99361659,1763325134,2001
1763325134192030967,[  0   0   0   0   7 209   0   0],7,264,[0. 0.],[0. 0.],Glow Plugs,191654419,1763325134,2001
1763325134295130497,[  0   0   0   0   7 209   0   0],7,264,[0. 0.],[0. 0.],Glow Plugs,294585403,1763325134,2001
1763325134387294935,[  0   0   0   0   7 209   0   0],7,264,[0. 0.],[0. 0.],Glow Plugs,386993332,1763325134,2001
1763325134501480152,[  0   0   0   0   7 209   0   0],7,264,[0. 0.],[0. 0.],Glow Plugs,501031859,1763325134,2001
1763325134585167507,[  0   0   0   0   7 209   0   0],7,264,[0. 0.],[0. 0.],Glow Plugs,584112520,1763325134,2001
1763325134698551820,[  0   0   0   0   7 209   0   0],7,264,[0. 0.],[0. 0.],Glow Plugs,698128743,1763325134,2001
1763325134789012015,[  0   0   0   0   7 209   0   0],7,264,[0. 0.],[0. 0.],Glow Plugs,788625099,1763325134,2001
1763325134948163311,[  0   0   0   0   7 209   0   0],7,264,[0. 0.],[0. 0.],Glow Plugs,947689066,1763325134,2001
1763325135020502386,[  0   0   0   0   7 209   0   0],7,264,[0. 0.],[0. 0.],Glow Plugs,20246159,1763325135,2001
1763325135102911360,[  0   0   0   0   7 209   0   0],7,264,[0. 0.],[0. 0.],Glow Plugs,102514908,1763325135,2001
1763325135186450619,[  0   0   0   0   7 209   0   0],7,264,[0. 0.],[0. 0.],Glow Plugs,185881429,1763325135,2001
1763325135299706322,[  0   0   0   0   7 209   0   0],7,264,[0. 0.],[0. 0.],Glow Plugs,298937290,1763325135,2001
1763325135394519653,[  0   0   0   0   7 209   0   0],7,264,[0. 0.],[0. 0.],Glow Plugs,394100768,1763325135,2001
1763325135496973993,[  0   0   0   0   7 209   0   0],7,264,[0. 0.],[0. 0.],Glow Plugs,496584197,1763325135,2001
1763325135592302081,[  0   0   0   0   7 209   0   0],7,264,[0. 0.],[0. 0.],Glow Plugs,591414168,1763325135,2001
1763325135705152468,[  0   0   0   0   7 209   0   0],7,264,[0. 0.],[0. 0.],Glow Plugs,704660079,1763325135,2001
1763325135797384299,[  0   0   0   0   7 209   0   0],7,264,[0. 0.],[0. 0.],Glow Plugs,796341792,1763325135,2001
1763325135941859599,[  0   0   0   0   7 209   0   0],7,264,[0. 0.],[0. 0.],Glow Plugs,941454699,1763325135,2001
1763325136015688482,[  0   0   0   0   7 209   0   0],7,264,[0. 0.],[0. 0.],Glow Plugs,15294430,1763325136,2001
1763325136108103580,[  0   0   0   0   7 209   0   0],7,264,[0. 0.],[0. 0.],Glow Plugs,107715800,1763325136,2001
1763325136192904132,[  0   0   0   0   7 209   0   0],7,264,[0. 0.],[0. 0.],Glow Plugs,192641378,1763325136,2001
1763325136306753475,[  0   0   0   0   7 209   0   0],7,264,[0. 0.],[0. 0.],Glow Plugs,305945050,1763325136,2001
1763325136402300862,[  0   0   0   0   7 209   0   0],7,264,[0. 0.],[0. 0.],Glow Plugs,401656535,1763325136,2001
1763325136505721997,[  0   0   0   0   7 209   0   0],7,264,[0. 0.],[0. 0.],Glow Plugs,505183175,1763325136,2001
1763325136598274824,[  0   0   0   0   7 209   0   0],7,264,[0. 0.],[0. 0.],Glow Plugs,597425695,1763325136,2001
1763325136701279890,[  0   0   0   0   7 209   0   0],7,264,[0. 0.],[0. 0.],Glow Plugs,700905326,1763325136,2001
1763325136794969913,[  0   0   0   0   7 209   0   0],7,264,[0. 0.],[0. 0.],Glow Plugs,793803501,1763325136,2001
1763325136949020132,[  0   0   0   0   7 209   0   0],7,264,[0. 0.],[0. 0.],Glow Plugs,948805730,1763325136,2001
1763325137022775223,[  0   0   0   0   7 209   0   0],7,264,[0. 0.],[0. 0.],Glow Plugs,22566677,1763325137,2001
1763325137107471775,[  0   0   0   0   7 209   0   0],7,264,[0. 0.],[0. 0.],Glow Plugs,106437364,1763325137,2001
1763325137199563125,[  0   0   0   0   7 209   0   0],7,264,[0. 0.],[0. 0.],Glow Plugs,198738732,1763325137,2001
1763325137312282792,[  0   0   0   0   7 209   0   0],7,264,[0. 0.],[0. 0.],Glow Plugs,311617985,1763325137,2001
1763325137395326430,[  0   0   0   0   7 209   0   0],7,264,[0. 0.],[0. 0.],Glow Plugs,394415284,1763325137,2001
1763325137509192061,[  0   0   0   0   7 209   0   0],7,264,[0. 0.],[0. 0.],Glow Plugs,508373844,1763325137,2001
1763325137603210760,[  0   0   0   0   7 209   0   0],7,264,[0. 0.],[0. 0.],Glow Plugs,601772633,1763325137,2001
1763325137706169779,[  0   0   0   0   7 209   0   0],7,264,[0. 0.],[0. 0.],Glow Plugs,705312746,1763325137,2001
1763325137798499404,[  0   0   0   0   7 209   0   0],7,264,[0. 0.],[0. 0.],Glow Plugs,797699139,1763325137,2001
1763325137952772154,[  0   0   0   0   7 209   0   0],7,264,[0. 0.],[0. 0.],Glow Plugs,952305525,1763325137,2001
1763325138025257376,[  0   0   0   0   7 209   0   0],7,264,[0. 0.],[0. 0.],Glow Plugs,25005693,1763325138,2001
1763325138108103828,[  0   0   0   0   7 209   0   0],7,264,[0. 0.],[0. 0.],Glow Plugs,107245803,1763325138,2001
1763325138202207713,[  0   0   0   0   7 209   0   0],7,264,[0. 0.],[0. 0.],Glow Plugs,201156213,1763325138,2001
1763325138314446767,[  0   0   0   0   7 209   0   0],7,264,[0. 0.],[0. 0.],Glow Plugs,314035146,1763325138,2001
1763325138398137804,[  0   0   0   0   7 209   0   0],7,264,[0. 0.],[0. 0.],Glow Plugs,396322297,1763325138,2001
1763325138512186318,[  0   0   0   0   7 209   0   0],7,264,[0. 0.],[0. 0.],Glow Plugs,509199438,1763325138,2001
1763325138602043373,[  0   0   0   0   7 209   0   0],7,264,[0. 0.],[0. 0.],Glow Plugs,601662601,1763325138,2001
1763325138716091918,[  0   0   0   0   7 209   0   0],7,264,[0. 0.],[0. 0.],Glow Plugs,715494216,1763325138,2001
1763325138798872834,[  0   0   0   0   7 209   0   0],7,264,[0. 0.],[0. 0.],Glow Plugs,798407229,1763325138,2001
1763325138954980709,[  0   0   0   0   7 209   0   0],7,264,[0. 0.],[0. 0.],Glow Plugs,954580704,1763325138,2001
1763325139029306814,[  0   0   0   0   7 209   0   0],7,264,[0. 0.],[0. 0.],Glow Plugs,27843599,1763325139,2001
1763325139110775844,[  0   0   0   0   7 209   0   0],7,264,[0. 0.],[0. 0.],Glow Plugs,110326880,1763325139,2001
1763325139203438050,[  0   0   0   0   7 209   0   0],7,264,[0. 0.],[0. 0.],Glow Plugs,203036286,1763325139,2001
1763325139316287607,[  0   0   0   0   7 209   0   0],7,264,[0. 0.],[0. 0.],Glow Plugs,315733681,1763325139,2001
1763325139401539526,[  0   0   0   0   7 209   0   0],7,264,[0. 0.],[0. 0.],Glow Plugs,400370105,1763325139,2001
1763325139512545031,[  0   0   0   0   7 209   0   0],7,264,[0. 0.],[0. 0.],Glow Plugs,512265476,1763325139,2001
1763325139605561321,[  0   0   0   0   7 209   0   0],7,264,[0. 0.],[0. 0.],Glow Plugs,604802465,1763325139,2001
1763325139719885262,[  0   0   0   0   7 209   0   0],7,264,[0. 0.],[0. 0.],Glow Plugs,718824579,1763325139,2001
1763325139801551862,[  0   0   0   0   7 209   0   0],7,264,[0. 0.],[0. 0.],Glow Plugs,801113169,1763325139,2001
1763325139957078931,[  0   0   0   0   7 209   0   0],7,264,[0. 0.],[0. 0.],Glow Plugs,955999112,1763325139,2001
1763325140031009833,[  0   0   0   0   7 209   0   0],7,264,[0. 0.],[0. 0.],Glow Plugs,30061439,1763325140,2001
1763325140116413273,[  0   0   0   0   7 209   0   0],7,264,[0. 0.],[0. 0.],Glow Plugs,113772445,1763325140,2001
1763325140206739007,[  0   0   0   0   7 209   0   0],7,264,[0. 0.],[0. 0.],Glow Plugs,205748212,1763325140,2001
1763325140320008569,[  0   0   0   0   7 209   0   0],7,264,[0. 0.],[0. 0.],Glow Plugs,319448243,1763325140,2001
1763325140406098545,[  0   0   0   0   7 209   0   0],7,264,[0. 0.],[0. 0.],Glow Plugs,404934372,1763325140,2001
1763325140522079080,[  0   0   0   0   7 209   0   0],7,264,[0. 0.],[0. 0.],Glow Plugs,521709380,1763325140,2001
1763325140606077514,[  0   0   0   0   7 209   0   0],7,264,[0. 0.],[0. 0.],Glow Plugs,605202528,1763325140,2001
1763325140721331897,[  0   0   0   0   7 209   0   0],7,264,[0. 0.],[0. 0.],Glow Plugs,720434576,1763325140,2001
1763325140815300453,[  0   0   0   0   7 209   0   0],7,264,[0. 0.],[0. 0.],Glow Plugs,812306693,1763325140,2001
1763325140957204178,[  0   0   0   0   7 209   0   0],7,264,[0. 0.],[0. 0.],Glow Plugs,956294472,1763325140,2001
1763325141032237556,[  0   0   0   0   7 209   0   0],7,264,[0. 0.],[0. 0.],Glow Plugs,31557100,1763325141,2001
1763325141127362541,[  0   0   0   0   7 209   0   0],7,264,[0. 0.],[0. 0.],Glow Plugs,123769222,1763325141,2001
1763325141207217986,[  0   0   0   0   7 209   0   0],7,264,[0. 0.],[0. 0.],Glow Plugs,206522395,1763325141,2001
1763325141319549331,[  0   0   0   0   7 209   0   0],7,264,[0. 0.],[0. 0.],Glow Plugs,319283600,1763325141,2001
1763325141414569867,[  0   0   0   0   7 209   0   0],7,264,[0. 0.],[0. 0.],Glow Plugs,414170887,1763325141,2001
1763325141521522498,[  0   0   0   0   7 209   0   0],7,264,[0. 0.],[0. 0.],Glow Plugs,521278336,1763325141,2001
1763325141613632987,[  0   0   0   0   7 209   0   0],7,264,[0. 0.],[0. 0.],Glow Plugs,613257175,1763325141,2001
1763325141727177881,[  0   0   0   0   7 209   0   0],7,264,[0. 0.],[0. 0.],Glow Plugs,726602899,1763325141,2001
1763325141810437491,[  0   0   0   0   7 209   0   0],7,264,[0. 0.],[0. 0.],Glow Plugs,810127312,1763325141,2001
1763325141966390102,[  0   0   0   0   7 209   0   0],7,264,[0. 0.],[0. 0.],Glow Plugs,964296768,1763325141,2001
1763325142039157600,[  0   0   0   0   7 209   0   0],7,264,[0. 0.],[0. 0.],Glow Plugs,38186134,1763325142,2001
1763325142121245838,[  0   0   0   0   7 209   0   0],7,264,[0. 0.],[0. 0.],Glow Plugs,121025708,1763325142,2001
1763325142214781015,[  0   0   0   0   7 209   0   0],7,264,[0. 0.],[0. 0.],Glow Plugs,214332402,1763325142,2001
1763325142329041725,[  0   0   0   0   7 209   0   0],7,264,[0. 0.],[0. 0.],Glow Plugs,328310389,1763325142,2001
1763325142413444260,[  0   0   0   0   7 209   0   0],7,264,[0. 0.],[0. 0.],Glow Plugs,412844733,1763325142,2001
1763325142526911937,[  0   0   0   0   7 209   0   0],7,264,[0. 0.],[0. 0.],Glow Plugs,526667391,1763325142,2001
1763325142620640556,[  0   0   0   0   7 209   0   0],7,264,[0. 0.],[0. 0.],Glow Plugs,620368969,1763325142,2001
1763325142724947080,[  0   0   0   0   7 209   0   0],7,264,[0. 0.],[0. 0.],Glow Plugs,723475768,1763325142,2001
1763325142821289870,[  0   0   0   0   7 209   0   0],7,264,[0. 0.],[0. 0.],Glow Plugs,819689565,1763325142,2001
1763325142976127974,[  0   0   0   0   7 209   0   0],7,264,[0. 0.],[0. 0.],Glow Plugs,975198940,1763325142,2001
1763325143048127400,[  0   0   0   0   7 209   0   0],7,264,[0. 0.],[0. 0.],Glow Plugs,47905958,1763325143,2001
1763325143130637083,[  0   0   0   0   7 209   0   0],7,264,[0. 0.],[0. 0.],Glow Plugs,130438041,1763325143,2001
1763325143213053069,[  0   0   0   0   7 209   0   0],7,264,[0. 0.],[0. 0.],Glow Plugs,212852683,1763325143,2001
1763325143326753262,[  0   0   0   0   7 209   0   0],7,264,[0. 0.],[0. 0.],Glow Plugs,326028390,1763325143,2001
1763325143419832338,[  0   0   0   0   7 209   0   0],7,264,[0. 0.],[0. 0.],Glow Plugs,419398189,1763325143,2001
1763325143532937036,[  0   0   0   0   7 209   0   0],7,264,[0. 0.],[0. 0.],Glow Plugs,532480391,1763325143,2001
1763325143614837049,[  0   0   0   0   7 209   0   0],7,264,[0. 0.],[0. 0.],Glow Plugs,614179858,1763325143,2001
1763325143728001972,[  0   0   0   0   7 209   0   0],7,264,[0. 0.],[0. 0.],Glow Plugs,727356109,1763325143,2001
1763325143821388315,[  0   0   0   0   7 209   0   0],7,264,[0. 0.],[0. 0.],Glow Plugs,819798218,1763325143,2001
1763325143977166814,[  0   0   0   0   7 209   0   0],7,264,[0. 0.],[0. 0.],Glow Plugs,976372693,1763325143,2001
1763325144049861000,[  0   0   0   0   7 209   0   0],7,264,[0. 0.],[0. 0.],Glow Plugs,49543269,1763325144,2001
1763325144131861078,[  0   0   0   0   7 209   0   0],7,264,[0. 0.],[0. 0.],Glow Plugs,131340656,1763325144,2001
1763325144223825998,[  0   0   0   0   7 209   0   0],7,264,[0. 0.],[0. 0.],Glow Plugs,223605996,1763325144,2001
1763325144327647814,[  0   0   0   0   7 209   0   0],7,264,[0. 0.],[0. 0.],Glow Plugs,326641083,1763325144,2001
1763325144421442162,[  0   0   0   0   7 209   0   0],7,264,[0. 0.],[0. 0.],Glow Plugs,420823084,1763325144,2001
1763325144533518434,[  0   0   0   0   7 209   0   0],7,264,[0. 0.],[0. 0.],Glow Plugs,533000700,1763325144,2001
1763325144626741320,[  0   0   0   0   7 209   0   0],7,264,[0. 0.],[0. 0.],Glow Plugs,625572700,1763325144,2001
1763325144728981935,[  0   0   0   0   7 209   0   0],7,264,[0. 0.],[0. 0.],Glow Plugs,728586890,1763325144,2001
1763325144822112340,[  0   0   0   0   7 209   0   0],7,264,[0. 0.],[0. 0.],Glow Plugs,821150697,1763325144,2001
1763325144979027076,[  0   0   0   0   7 209   0   0],7,264,[0. 0.],[0. 0.],Glow Plugs,977380818,1763325144,2001
1763325145051663118,[  0   0   0   0   7 209   0   0],7,264,[0. 0.],[0. 0.],Glow Plugs,51235145,1763325145,2001
1763325145133590459,[  0   0   0   0   7 209   0   0],7,264,[0. 0.],[0. 0.],Glow Plugs,133368889,1763325145,2001
1763325145226927235,[  0   0   0   0   7 209   0   0],7,264,[0. 0.],[0. 0.],Glow Plugs,226248604,1763325145,2001
1763325145329486477,[  0   0   0   0   7 209   0   0],7,264,[0. 0.],[0. 0.],Glow Plugs,329135594,1763325145,2001
1763325145421737225,[  0   0   0   0   7 209   0   0],7,264,[0. 0.],[0. 0.],Glow Plugs,421286149,1763325145,2001
1763325145534142941,[  0   0   0   0   7 209   0   0],7,264,[0. 0.],[0. 0.],Glow Plugs,533646584,1763325145,2001
1763325145630490597,[  0   0   0   0   7 209   0   0],7,264,[0. 0.],[0. 0.],Glow Plugs,629628892,1763325145,2001
1763325145733212786,[  0   0   0   0   7 209   0   0],7,264,[0. 0.],[0. 0.],Glow Plugs,732138534,1763325145,2001
1763325145825605519,[  0   0   0   0   7 209   0   0],7,264,[0. 0.],[0. 0.],Glow Plugs,824251777,1763325145,2001
1763325145979467167,[  0   0   0   0   7 209   0   0],7,264,[0. 0.],[0. 0.],Glow Plugs,977982383,1763325145,2001
1763325146051184160,[  0   0   0   0   7 209   0   0],7,264,[0. 0.],[0. 0.],Glow Plugs,50022675,1763325146,2001
1763325146133118542,[  0   0   0   0   7 209   0   0],7,264,[0. 0.],[0. 0.],Glow Plugs,132963660,1763325146,2001
1763325146231024967,[  0   0   0   0   7 209   0   0],7,264,[0. 0.],[0. 0.],Glow Plugs,225042471,1763325146,2001
1763325146338607304,[  0   0   0   0   7 209   0   0],7,264,[0. 0.],[0. 0.],Glow Plugs,338292292,1763325146,2001
1763325146432058193,[  0   0   0   0   7 209   0   0],7,264,[0. 0.],[0. 0.],Glow Plugs,431783662,1763325146,2001
1763325146536784467,[  0   0   0   0   7 209   0   0],7,264,[0. 0.],[0. 0.],Glow Plugs,536364943,1763325146,2001
1763325146631223751,[  0   0   0   0   7 209   0   0],7,264,[0. 0.],[0. 0.],Glow Plugs,630461663,1763325146,2001
1763325146743886975,[  0   0   0   0   7 209   0   0],7,264,[0. 0.],[0. 0.],Glow Plugs,743029206,1763325146,2001
1763325146826949049,[  0   0   0   0   7 209   0   0],7,264,[0. 0.],[0. 0.],Glow Plugs,826193585,1763325146,2001
1763325146984282959,[  0   0   0   0   7 209   0   0],7,264,[0. 0.],[0. 0.],Glow Plugs,983158275,1763325146,2001
1763325147059737144,[  0   0   0   0   7 209   0   0],7,264,[0. 0.],[0. 0.],Glow Plugs,59281971,1763325147,2001
1763325147141707559,[  0   0   0   0   7 209   0   0],7,264,[0. 0.],[0. 0.],Glow Plugs,141311746,1763325147,2001
1763325147233639840,[  0   0   0   0   7 209   0   0],7,264,[0. 0.],[0. 0.],Glow Plugs,233191835,1763325147,2001
1763325147336978068,[  0   0   0   0   7 209   0   0],7,264,[0. 0.],[0. 0.],Glow Plugs,336695025,1763325147,2001
1763325147429537172,[  0   0   0   0   7 209   0   0],7,264,[0. 0.],[0. 0.],Glow Plugs,429203857,1763325147,2001
1763325147545451503,[  0   0   0   0   7 209   0   0],7,264,[0. 0.],[0. 0.],Glow Plugs,544226882,1763325147,2001
1763325147627388254,[  0   0   0   0   7 209   0   0],7,264,[0. 0.],[0. 0.],Glow Plugs,627089146,1763325147,2001
1763325147743660956,[  0   0   0   0   7 209   0   0],7,264,[0. 0.],[0. 0.],Glow Plugs,741605094,1763325147,2001
1763325147835495637,[  0   0   0   0   7 209   0   0],7,264,[0. 0.],[0. 0.],Glow Plugs,834916559,1763325147,2001
1763325147981462290,[  0   0   0   0   7 209   0   0],7,264,[0. 0.],[0. 0.],Glow Plugs,980636233,1763325147,2001
1763325148055361322,[  0   0   0   0   7 209   0   0],7,264,[0. 0.],[0. 0.],Glow Plugs,54831781,1763325148,2001
1763325148148732436,[  0   0   0   0   7 209   0   0],7,264,[0. 0.],[0. 0.],Glow Plugs,148391664,1763325148,2001
1763325148231310346,[  0   0   0   0   7 209   0   0],7,264,[0. 0.],[0. 0.],Glow Plugs,231059911,1763325148,2001
1763325148344105155,[  0   0   0   0   7 209   0   0],7,264,[0. 0.],[0. 0.],Glow Plugs,343247386,1763325148,2001
1763325148436817510,[  0   0   0   0   7 209   0   0],7,264,[0. 0.],[0. 0.],Glow Plugs,436334209,1763325148,2001
1763325148549344957,[  0   0   0   0   7 209   0   0],7,264,[0. 0.],[0. 0.],Glow Plugs,548966841,1763325148,2001
1763325148632752763,[  0   0   0   0   7 209   0   0],7,264,[0. 0.],[0. 0.],Glow Plugs,632242774,1763325148,2001
1763325148746369566,[  0   0   0   0   7 209   0   0],7,264,[0. 0.],[0. 0.],Glow Plugs,746109371,1763325148,2001
1763325148840641041,[  0   0   0   0   7 209   0   0],7,264,[0. 0.],[0. 0.],Glow Plugs,840314062,1763325148,2001
1763325148988028382,[  0   0   0   0   7 209   0   0],7,264,[0. 0.],[0. 0.],Glow Plugs,987456376,1763325148,2001
1763325149062870017,[  0   0   0   0   7 209   0   0],7,264,[0. 0.],[0. 0.],Glow Plugs,62364284,1763325149,2001
1763325149144207114,[  0   0   0   0   7 209   0   0],7,264,[0. 0.],[0. 0.],Glow Plugs,143454370,1763325149,2001
1763325149236865805,[  0   0   0   0   7 209   0   0],7,264,[0. 0.],[0. 0.],Glow Plugs,236149029,1763325149,2001
1763325149349966954,[  0   0   0   0   7 209   0   0],7,264,[0. 0.],[0. 0.],Glow Plugs,349282787,1763325149,2001
1763325149442301673,[  0   0   0   0   7 209   0   0],7,264,[0. 0.],[0. 0.],Glow Plugs,441927653,1763325149,2001
1763325149545209881,[  0   0   0   0   7 209   0   0],7,264,[0. 0.],[0. 0.],Glow Plugs,544412369,1763325149,2001
1763325149639462317,[  0   0   0   0   7 209   0   0],7,264,[0. 0.],[0. 0.],Glow Plugs,639111241,1763325149,2001
1763325149752117830,[  0   0   0   0   7 209   0   0],7,264,[0. 0.],[0. 0.],Glow Plugs,751878595,1763325149,2001
1763325149836082571,[  0   0   0   0   7 209   0   0],7,264,[0. 0.],[0. 0.],Glow Plugs,835658790,1763325149,2001
1763325149995068405,[  0   0   0   0   7 209   0   0],7,264,[0. 0.],[0. 0.],Glow Plugs,991608912,1763325149,2001
1763325150063332978,[  0   0   0   0   7 209   0   0],7,264,[0. 0.],[0. 0.],Glow Plugs,62811948,1763325150,2001
1763325150147017716,[  0   0   0   0   7 209   0   0],7,264,[0. 0.],[0. 0.],Glow Plugs,146773810,1763325150,2001
1763325150240777379,[  0   0   0   0   7 209   0   0],7,264,[0. 0.],[0. 0.],Glow Plugs,239897434,1763325150,2001
1763325150353670463,[  0   0   0   0   7 209   0   0],7,264,[0. 0.],[0. 0.],Glow Plugs,352833174,1763325150,2001
1763325150436470264,[  0   0   0   0   7 209   0   0],7,264,[0. 0.],[0. 0.],Glow Plugs,436218741,1763325150,2001
1763325150549857721,[  0   0   0   0   7 209   0   0],7,264,[0. 0.],[0. 0.],Glow Plugs,549108977,1763325150,2001
1763325150642756927,[  0   0   0   0   7 209   0   0],7,264,[0. 0.],[0. 0.],Glow Plugs,641918390,1763325150,2001
1763325150756040415,[  0   0   0   0   7 209   0   0],7,264,[0. 0.],[0. 0.],Glow Plugs,755101269,1763325150,2001
1763325150837702092,[  0   0   0   0   7 209   0   0],7,264,[0. 0.],[0. 0.],Glow Plugs,837178406,1763325150,2001
1763325150994586720,[  0   0   0   0   7 209   0   0],7,264,[0. 0.],[0. 0.],Glow Plugs,992663147,1763325150,2001
1763325151065388729,[  0   0   0   0   7 209   0   0],7,264,[0. 0.],[0. 0.],Glow Plugs,64699057,1763325151,2001
1763325151158550689,[  0   0   0   0   7 209   0   0],7,264,[0. 0.],[0. 0.],Glow Plugs,158148477,1763325151,2001
1763325151244262522,[  0   0   0   0   7 209   0   0],7,264,[0. 0.],[0. 0.],Glow Plugs,243175502,1763325151,2001
1763325151357944127,[  0   0   0   0   7 209   0   0],7,264,[0. 0.],[0. 0.],Glow Plugs,357719453,1763325151,2001
1763325151441342015,[  0   0   0   0   7 209   0   0],7,264,[0. 0.],[0. 0.],Glow Plugs,440512726,1763325151,2001
1763325151554810754,[  0   0   0   0   7 209   0   0],7,264,[0. 0.],[0. 0.],Glow Plugs,554235611,1763325151,2001
1763325151647572518,[  0   0   0   0   7 209   0   0],7,264,[0. 0.],[0. 0.],Glow Plugs,646789534,1763325151,2001
1763325151760217024,[  0   0   0   0   7 209   0   0],7,264,[0. 0.],[0. 0.],Glow Plugs,759720891,1763325151,2001
1763325151842382195,[  0   0   0   0   7 209   0   0],7,264,[0. 0.],[0. 0.],Glow Plugs,841743628,1763325151,2001
1763325151996652012,[  0   0   0   0   7 209   0   0],7,264,[0. 0.],[0. 0.],Glow Plugs,995995621,1763325151,2001
1763325152070330147,[  0   0   0   0   7 209   0   0],7,264,[0. 0.],[0. 0.],Glow Plugs,68484687,1763325152,2001
1763325152152230451,[  0   0   0   0   7 209   0   0],7,264,[0. 0.],[0. 0.],Glow Plugs,151378090,1763325152,2001
1763325152245404093,[  0   0   0   0   7 209   0   0],7,264,[0. 0.],[0. 0.],Glow Plugs,244816694,1763325152,2001
1763325152357735348,[  0   0   0   0   7 209   0   0],7,264,[0. 0.],[0. 0.],Glow Plugs,357464785,1763325152,2001
1763325152449934227,[  0   0   0   0   7 209   0   0],7,264,[0. 0.],[0. 0.],Glow Plugs,449581295,1763325152,2001
1763325152562910417,[  0   0   0   0   7 209   0   0],7,264,[0. 0.],[0. 0.],Glow Plugs,562629422,1763325152,2001
1763325152646496563,[  0   0   0   0   7 209   0   0],7,264,[0. 0.],[0. 0.],Glow Plugs,644558686,1763325152,2001
1763325152757438523,[  0   0   0   0   7 209   0   0],7,264,[0. 0.],[0. 0.],Glow Plugs,757248857,1763325152,2001
1763325152850294625,[  0   0   0   0   7 209   0   0],7,264,[0. 0.],[0. 0.],Glow Plugs,849654842,1763325152,2001
1763325153006353390,[  0   0   0   0   7 209   0   0],7,264,[0. 0.],[0. 0.],Glow Plugs,5997002,1763325153,2001
1763325153078017489,[  0   0   0   0   7 209   0   0],7,264,[0. 0.],[0. 0.],Glow Plugs,77168648,1763325153,2001
1763325153160026882,[  0   0   0   0   7 209   0   0],7,264,[0. 0.],[0. 0.],Glow Plugs,159655646,1763325153,2001
1763325153252781352,[  0   0   0   0   7 209   0   0],7,264,[0. 0.],[0. 0.],Glow Plugs,252300738,1763325153,2001
1763325153355632313,[  0   0   0   0   7 209   0   0],7,264,[0. 0.],[0. 0.],Glow Plugs,355087988,1763325153,2001
1763325153448146364,[  0   0   0   0   7 209   0   0],7,264,[0. 0.],[0. 0.],Glow Plugs,447601078,1763325153,2001
1763325153562008036,[  0   0   0   0   7 209   0   0],7,264,[0. 0.],[0. 0.],Glow Plugs,561328413,1763325153,2001
1763325153654041666,[  0   0   0   0   7 209   0   0],7,264,[0. 0.],[0. 0.],Glow Plugs,653647133,1763325153,2001
1763325153757913982,[  0   0   0   0   7 209   0   0],7,264,[0. 0.],[0. 0.],Glow Plugs,757070325,1763325153,2001
1763325153850015229,[  0   0   0   0   7 209   0   0],7,264,[0. 0.],[0. 0.],Glow Plugs,849348406,1763325153,2001
1763325154005772775,[  0   0   0   0   7 209   0   0],7,264,[0. 0.],[0. 0.],Glow Plugs,5281090,1763325154,2001
1763325154080920208,[  0   0   0   0   7 209   0   0],7,264,[0. 0.],[0. 0.],Glow Plugs,80644589,1763325154,2001
1763325154163501960,[  0   0   0   0   7 209   0   0],7,264,[0. 0.],[0. 0.],Glow Plugs,162971138,1763325154,2001
1763325154256243949,[  0   0   0   0   7 209   0   0],7,264,[0. 0.],[0. 0.],Glow Plugs,255507878,1763325154,2001
1763325154360520783,[  0   0   0   0   7 209   0   0],7,264,[0. 0.],[0. 0.],Glow Plugs,360305069,1763325154,2001
1763325154454299968,[  0   0   0   0   7 209   0   0],7,264,[0. 0.],[0. 0.],Glow Plugs,453228340,1763325154,2001
1763325154566595416,[  0   0   0   0   7 209   0   0],7,264,[0. 0.],[0. 0.],Glow Plugs,565987857,1763325154,2001
1763325154660743756,[  0   0   0   0   7 209   0   0],7,264,[0. 0.],[0. 0.],Glow Plugs,660255463,1763325154,2001
1763325154768067855,[  0   0   0   0   7 209   0   0],7,264,[0. 0.],[0. 0.],Glow Plugs,767050308,1763325154,2001
1763325154851076588,[  0   0   0   0   7 209   0   0],7,264,[0. 0.],[0. 0.],Glow Plugs,850275939,1763325154,2001
1763325155005807692,[  0   0   0   0   7 209   0   0],7,264,[0. 0.],[0. 0.],Glow Plugs,5022276,1763325155,2001
1763325155078700796,[  0   0   0   0   7 209   0   0],7,264,[0. 0.],[0. 0.],Glow Plugs,77895188,1763325155,2001
1763325155162958119,[  0   0   0   0   7 209   0   0],7,264,[0. 0.],[0. 0.],Glow Plugs,162400737,1763325155,2001
1763325155256835513,[  0   0   0   0   7 209   0   0],7,264,[0. 0.],[0. 0.],Glow Plugs,255171464,1763325155,2001
1763325155369828569,[  0   0   0   0   7 209   0   0],7,264,[0. 0.],[0. 0.],Glow Plugs,369460437,1763325155,2001
1763325155461878072,[  0   0   0   0   7 209   0   0],7,264,[0. 0.],[0. 0.],Glow Plugs,461675766,1763325155,2001
1763325155564938349,[  0   0   0   0   7 209   0   0],7,264,[0. 0.],[0. 0.],Glow Plugs,564435848,1763325155,2001
1763325155657201998,[  0   0   0   0   7 209   0   0],7,264,[0. 0.],[0. 0.],Glow Plugs,656829226,1763325155,2001
1763325155770717203,[  0   0   0   0   7 209   0   0],7,264,[0. 0.],[0. 0.],Glow Plugs,770484913,1763325155,2001
1763325155864103456,[  0   0   0   0   7 209   0   0],7,264,[0. 0.],[0. 0.],Glow Plugs,863640731,1763325155,2001
1763325156008384753,[  0   0   0   0   7 209   0   0],7,264,[0. 0.],[0. 0.],Glow Plugs,8145935,1763325156,2001
1763325156080913150,[  0   0   0   0   7 209   0   0],7,264,[0. 0.],[0. 0.],Glow Plugs,80525114,1763325156,2001
1763325156174266603,[  0   0   0   0   7 209   0   0],7,264,[0. 0.],[0. 0.],Glow Plugs,173823462,1763325156,2001
1763325156256561121,[  0   0   0   0   7 209   0   0],7,264,[0. 0.],[0. 0.],Glow Plugs,256182973,1763325156,2001
1763325156370243625,[  0   0   0   0   7 209   0   0],7,264,[0. 0.],[0. 0.],Glow Plugs,369617442,1763325156,2001
1763325156465578987,[  0   0   0   0   7 209   0   0],7,264,[0. 0.],[0. 0.],Glow Plugs,464815939,1763325156,2001
1763325156567651350,[  0   0   0   0   7 209   0   0],7,264,[0. 0.],[0. 0.],Glow Plugs,567432788,1763325156,2001
1763325156661551401,[  0   0   0   0   7 209   0   0],7,264,[0. 0.],[0. 0.],Glow Plugs,660822817,1763325156,2001
1763325156774536266,[  0   0   0   0   7 209   0   0],7,264,[0. 0.],[0. 0.],Glow Plugs,774292935,1763325156,2001
1763325156860298053,[  0   0   0   0   7 209   0   0],7,264,[0. 0.],[0. 0.],Glow Plugs,859714399,1763325156,2001
1763325157014050364,[  0   0   0   0   7 209   0   0],7,264,[0. 0.],[0. 0.],Glow Plugs,13650744,1763325157,2001
1763325157086951566,[  0   0   0   0   7 209   0   0],7,264,[0. 0.],[0. 0.],Glow Plugs,86446344,1763325157,2001
1763325157169588296,[  0   0   0   0   7 209   0   0],7,264,[0. 0.],[0. 0.],Glow Plugs,168886400,1763325157,2001
1763325157262596402,[  0   0   0   0   7 209   0   0],7,264,[0. 0.],[0. 0.],Glow Plugs,261919690,1763325157,2001
1763325157376545757,[  0   0   0   0   7 209   0   0],7,264,[0. 0.],[0. 0.],Glow Plugs,376290266,1763325157,2001
1763325157460043552,[  0   0   0   0   7 209   0   0],7,264,[0. 0.],[0. 0.],Glow Plugs,459335065,1763325157,2001
1763325157572621085,[  0   0   0   0   7 209   0   0],7,264,[0. 0.],[0. 0.],Glow Plugs,572416411,1763325157,2001
1763325157668392325,[  0   0   0   0   7 209   0   0],7,264,[0. 0.],[0. 0.],Glow Plugs,667864223,1763325157,2001
1763325157782336336,[  0   0   0   0   7 209   0   0],7,264,[0. 0.],[0. 0.],Glow Plugs,781094243,1763325157,2001
1763325157864089248,[  0   0   0   0   7 209   0   0],7,264,[0. 0.],[0. 0.],Glow Plugs,863702812,1763325157,2001
1763325158020874553,[  0   0   0   0   7 209   0   0],7,264,[0. 0.],[0. 0.],Glow Plugs,20619095,1763325158,2001
1763325158094473266,[  0   0   0   0   7 209   0   0],7,264,[0. 0.],[0. 0.],Glow Plugs,93952909,1763325158,2001
1763325158176702409,[  0   0   0   0   7 209   0   0],7,264,[0. 0.],[0. 0.],Glow Plugs,175839199,1763325158,2001
1763325158275124781,[  0   0   0   0   7 209   0   0],7,264,[0. 0.],[0. 0.],Glow Plugs,274673288,1763325158,2001
1763325158374467292,[  0   0   0   0   7 209   0   0],7,264,[0. 0.],[0. 0.],Glow Plugs,374087736,1763325158,2001
1763325158467887370,[  0   0   0   0   7 209   0   0],7,264,[0. 0.],[0. 0.],Glow Plugs,467286756,1763325158,2001
1763325158582872770,[  0   0   0   0   7 209   0   0],7,264,[0. 0.],[0. 0.],Glow Plugs,582187898,1763325158,2001
1763325158664603634,[  0   0   0   0   7 209   0   0],7,264,[0. 0.],[0. 0.],Glow Plugs,664124781,1763325158,2001
1763325158777851287,[  0   0   0   0   7 209   0   0],7,264,[0. 0.],[0. 0.],Glow Plugs,777238544,1763325158,2001
1763325158869751061,[  0   0   0   0   7 209   0   0],7,264,[0. 0.],[0. 0.],Glow Plugs,869265264,1763325158,2001
1763325159026559311,[  0   0   0   0   7 209   0   0],7,264,[0. 0.],[0. 0.],Glow Plugs,25870727,1763325159,2001
1763325159098541719,[  0   0   0   0   7 209   0   0],7,264,[0. 0.],[0. 0.],Glow Plugs,98337941,1763325159,2001
1763325159181195282,[  0   0   0   0   7 209   0   0],7,264,[0. 0.],[0. 0.],Glow Plugs,180489802,1763325159,2001
1763325159276340436,[  0   0   0   0   7 209   0   0],7,264,[0. 0.],[0. 0.],Glow Plugs,275299785,1763325159,2001
1763325159377803322,[  0   0   0   0   7 209   0   0],7,264,[0. 0.],[0. 0.],Glow Plugs,377338741,1763325159,2001
1763325159473448897,[  0   0   0   0   7 209   0   0],7,264,[0. 0.],[0. 0.],Glow Plugs,472191251,1763325159,2001
1763325159585884733,[  0   0   0   0   7 209   0   0],7,264,[0. 0.],[0. 0.],Glow Plugs,585640954,1763325159,2001
1763325159670361580,[  0   0   0   0   7 209   0   0],7,264,[0. 0.],[0. 0.],Glow Plugs,669142271,1763325159,2001
1763325159783326990,[  0   0   0   0   7 209   0   0],7,264,[0. 0.],[0. 0.],Glow Plugs,782595334,1763325159,2001
1763325159875074027,[  0   0   0   0   7 209   0   0],7,264,[0. 0.],[0. 0.],Glow Plugs,874564197,1763325159,2001
1763325160019553441,[  0   0   0   0   7 209   0   0],7,264,[0. 0.],[0. 0.],Glow Plugs,19159228,1763325160,2001
1763325160091718059,[  0   0   0   0   7 209   0   0],7,264,[0. 0.],[0. 0.],Glow Plugs,91284678,1763325160,2001
1763325160189045765,[  0   0   0   0   7 209   0   0],7,264,[0. 0.],[0. 0.],Glow Plugs,188282845,1763325160,2001
1763325160270961464,[  0   0   0   0   7 209   0   0],7,264,[0. 0.],[0. 0.],Glow Plugs,270282577,1763325160,2001
1763325160384160669,[  0   0   0   0   7 209   0   0],7,264,[0. 0.],[0. 0.],Glow Plugs,383008657,1763325160,2001
1763325160477920817,[  0   0   0   0   7 209   0   0],7,264,[0. 0.],[0. 0.],Glow Plugs,475719225,1763325160,2001
1763325160591715868,[  0   0   0   0   7 209   0   0],7,264,[0. 0.],[0. 0.],Glow Plugs,589739207,1763325160,2001
1763325160673003753,[  0   0   0   0   7 209   0   0],7,264,[0. 0.],[0. 0.],Glow Plugs,672424579,1763325160,2001
1763325160787481308,[  0   0   0   0   7 209   0   0],7,264,[0. 0.],[0. 0.],Glow Plugs,787157688,1763325160,2001
1763325160881548658,[  0   0   0   0   7 209   0   0],7,264,[0. 0.],[0. 0.],Glow Plugs,880624904,1763325160,2001
1763325161027912669,[  0   0   0   0   7 209   0   0],7,264,[0. 0.],[0. 0.],Glow Plugs,26618543,1763325161,2001
1763325161099816677,[  0   0   0   0   7 209   0   0],7,264,[0. 0.],[0. 0.],Glow Plugs,99219103,1763325161,2001
1763325161182339391,[  0   0   0   0   7 209   0   0],7,264,[0. 0.],[0. 0.],Glow Plugs,181693336,1763325161,2001
1763325161273559576,[  0   0   0   0   7 209   0   0],7,264,[0. 0.],[0. 0.],Glow Plugs,273268309,1763325161,2001
1763325161386435322,[  0   0   0   0   7 209   0   0],7,264,[0. 0.],[0. 0.],Glow Plugs,385411151,1763325161,2001
1763325161478421659,[  0   0   0   0   7 209   0   0],7,264,[0. 0.],[0. 0.],Glow Plugs,478203320,1763325161,2001
1763325161591357021,[  0   0   0   0   7 209   0   0],7,264,[0. 0.],[0. 0.],Glow Plugs,590940025,1763325161,2001
1763325161674160827,[  0   0   0   0   7 209   0   0],7,264,[0. 0.],[0. 0.],Glow Plugs,673466035,1763325161,2001
1763325161786855611,[  0   0   0   0   7 209   0   0],7,264,[0. 0.],[0. 0.],Glow Plugs,785525164,1763325161,2001
1763325161879170367,[  0   0   0   0   7 209   0   0],7,264,[0. 0.],[0. 0.],Glow Plugs,878806683,1763325161,2001
1763325162033046300,[  0   0   0   0   7 209   0   0],7,264,[0. 0.],[0. 0.],Glow Plugs,32566038,1763325162,2001
1763325162106332883,[  0   0   0   0   7 209   0   0],7,264,[0. 0.],[0. 0.],Glow Plugs,106078000,1763325162,2001
1763325162189744439,[  0   0   0   0   7 209   0   0],7,264,[0. 0.],[0. 0.],Glow Plugs,188830413,1763325162,2001
1763325162282753507,[  0   0   0   0   7 209   0   0],7,264,[0. 0.],[0. 0.],Glow Plugs,282366431,1763325162,2001
1763325162386537700,[  0   0   0   0   7 209   0   0],7,264,[0. 0.],[0. 0.],Glow Plugs,386217056,1763325162,2001
1763325162481387236,[  0   0   0   0   7 209   0   0],7,264,[0. 0.],[0. 0.],Glow Plugs,480431674,1763325162,2001
1763325162593060570,[  0   0   0   0   7 209   0   0],7,264,[0. 0.],[0. 0.],Glow Plugs,592450163,1763325162,2001
1763325162686224455,[  0   0   0   0   7 209   0   0],7,264,[0. 0.],[0. 0.],Glow Plugs,685694818,1763325162,2001
1763325162788127155,[  0   0   0   0   7 209   0   0],7,264,[0. 0.],[0. 0.],Glow Plugs,787446764,1763325162,2001
1763325162880914525,[  0   0   0   0   7 209   0   0],7,264,[0. 0.],[0. 0.],Glow Plugs,880192181,1763325162,2001
1763325163034251125,[  0   0   0   0   7 209   0   0],7,264,[0. 0.],[0. 0.],Glow Plugs,33953234,1763325163,2001
1763325163106489249,[  0   0   0   0   7 209   0   0],7,264,[0. 0.],[0. 0.],Glow Plugs,106249822,1763325163,2001
1763325163190448012,[  0   0   0   0   7 209   0   0],7,264,[0. 0.],[0. 0.],Glow Plugs,189298207,1763325163,2001
1763325163282188459,[  0   0   0   0   7 209   0   0],7,264,[0. 0.],[0. 0.],Glow Plugs,281528420,1763325163,2001
1763325163397948941,[  0   0   0   0   7 209   0   0],7,264,[0. 0.],[0. 0.],Glow Plugs,397125444,1763325163,2001
1763325163479681216,[  0   0   0   0   7 209   0   0],7,264,[0. 0.],[0. 0.],Glow Plugs,479167386,1763325163,2001
1763325163592486754,[  0   0   0   0   7 209   0   0],7,264,[0. 0.],[0. 0.],Glow Plugs,592161855,1763325163,2001
1763325163684948809,[  0   0   0   0   7 209   0   0],7,264,[0. 0.],[0. 0.],Glow Plugs,684447844,1763325163,2001
1763325163798204880,[  0   0   0   0   7 209   0   0],7,264,[0. 0.],[0. 0.],Glow Plugs,797667242,1763325163,2001
1763325163881780183,[  0   0   0   0   7 209   0   0],7,264,[0. 0.],[0. 0.],Glow Plugs,881314546,1763325163,2001
1763325164037691627,[  0   0   0   0   7 209   0   0],7,264,[0. 0.],[0. 0.],Glow Plugs,37238790,1763325164,2001
1763325164111081348,[  0   0   0   0   7 209   0   0],7,264,[0. 0.],[0. 0.],Glow Plugs,110548318,1763325164,2001
1763325164195490868,[  0   0   0   0   7 209   0   0],7,264,[0. 0.],[0. 0.],Glow Plugs,192989273,1763325164,2001
1763325164285978534,[  0   0   0   0   7 209   0   0],7,264,[0. 0.],[0. 0.],Glow Plugs,285713923,1763325164,2001
1763325164400276505,[  0   0   0   0   7 209   0   0],7,264,[0. 0.],[0. 0.],Glow Plugs,399918293,1763325164,2001
1763325164482979991,[  0   0   0   0   7 209   0   0],7,264,[0. 0.],[0. 0.],Glow Plugs,482813237,1763325164,2001
1763325164597034087,[  0   0   0   0   7 209   0   0],7,264,[0. 0.],[0. 0.],Glow Plugs,596771780,1763325164,2001
1763325164691442083,[  0   0   0   0   7 209   0   0],7,264,[0. 0.],[0. 0.],Glow Plugs,691130272,1763325164,2001
1763325164798223685,[  0   0   0   0   7 209   0   0],7,264,[0. 0.],[0. 0.],Glow Plugs,797495773,1763325164,2001
1763325164890716333,[  0   0   0   0   7 209   0   0],7,264,[0. 0.],[0. 0.],Glow Plugs,890070246,1763325164,2001
1763325165035807501,[  0   0   0   0   7 209   0   0],7,264,[0. 0.],[0. 0.],Glow Plugs,35269095,1763325165,2001
1763325165117619713,[  0   0   0   0   7 209   0   0],7,264,[0. 0.],[0. 0.],Glow Plugs,115866030,1763325165,2001
1763325165198733806,[  0   0   0   0   7 209   0   0],7,264,[0. 0.],[0. 0.],Glow Plugs,197981478,1763325165,2001
1763325165290447213,[  0   0   0   0   7 209   0   0],7,264,[0. 0.],[0. 0.],Glow Plugs,290136010,1763325165,2001
1763325165403667669,[  0   0   0   0   7 209   0   0],7,264,[0. 0.],[0. 0.],Glow Plugs,403297777,1763325165,2001
1763325165486246770,[  0   0   0   0   7 209   0   0],7,264,[0. 0.],[0. 0.],Glow Plugs,485813197,1763325165,2001
1763325165599642140,[  0   0   0   0   7 209   0   0],7,264,[0. 0.],[0. 0.],Glow Plugs,599089046,1763325165,2001
1763325165693951992,[  0   0   0   0   7 209   0   0],7,264,[0. 0.],[0. 0.],Glow Plugs,692063107,1763325165,2001
1763325165806237365,[  0   0   0   0   7 209   0   0],7,264,[0. 0.],[0. 0.],Glow Plugs,805540142,1763325165,2001
1763325165889414201,[  0   0   0   0   7 209   0   0],7,264,[0. 0.],[0. 0.],Glow Plugs,889064341,1763325165,2001
1763325166047093122,[  0   0   0   0   7 209   0   0],7,264,[0. 0.],[0. 0.],Glow Plugs,46827103,1763325166,2001
1763325166121998860,[  0   0   0   0   7 209   0   0],7,264,[0. 0.],[0. 0.],Glow Plugs,121682984,1763325166,2001
1763325166202628084,[  0   0   0   0   7 209   0   0],7,264,[0. 0.],[0. 0.],Glow Plugs,202082702,1763325166,2001
1763325166295490624,[  0   0   0   0   7 209   0   0],7,264,[0. 0.],[0. 0.],Glow Plugs,294488981,1763325166,2001
1763325166407662653,[  0   0   0   0   7 209   0   0],7,264,[0. 0.],[0. 0.],Glow Plugs,407126167,1763325166,2001
1763325166489953783,[  0   0   0   0   7 209   0   0],7,264,[0. 0.],[0. 0.],Glow Plugs,489482642,1763325166,2001
1763325166603526916,[  0   0   0   0   7 209   0   0],7,264,[0. 0.],[0. 0.],Glow Plugs,603119583,1763325166,2001
1763325166696818901,[  0   0   0   0   7 209   0   0],7,264,[0. 0.],[0. 0.],Glow Plugs,696389680,1763325166,2001
1763325166809966428,[  0   0   0   0   7 209   0   0],7,264,[0. 0.],[0. 0.],Glow Plugs,809481879,1763325166,2001
1763325166892252726,[  0   0   0   0   7 209   0   0],7,264,[0. 0.],[0. 0.],Glow Plugs,891722193,1763325166,2001
1763325167049571228,[  0   0   0   0   7 209   0   0],7,264,[0. 0.],[0. 0.],Glow Plugs,48961142,1763325167,2001
1763325167121076610,[  0   0   0   0   7 209   0   0],7,264,[0. 0.],[0. 0.],Glow Plugs,120778751,1763325167,2001
1763325167204088196,[  0   0   0   0   7 209   0   0],7,264,[0. 0.],[0. 0.],Glow Plugs,203369468,1763325167,2001
1763325167296388395,[  0   0   0   0   7 209   0   0],7,264,[0. 0.],[0. 0.],Glow Plugs,295496865,1763325167,2001
1763325167410380860,[  0   0   0   0   7 209   0   0],7,264,[0. 0.],[0. 0.],Glow Plugs,409810294,1763325167,2001
1763325167493956645,[  0   0   0   0   7 209   0   0],7,264,[0. 0.],[0. 0.],Glow Plugs,492505941,1763325167,2001
1763325167606234531,[  0   0   0   0   7 209   0   0],7,264,[0. 0.],[0. 0.],Glow Plugs,606017921,1763325167,2001
1763325167698914062,[  0   0   0   0   7 209   0   0],7,264,[0. 0.],[0. 0.],Glow Plugs,698716300,1763325167,2001
1763325167815433179,[  0   0   0   0   7 209   0   0],7,264,[0. 0.],[0. 0.],Glow Plugs,813699496,1763325167,2001
1763325167895844001,[  0   0   0   0   7 209   0   0],7,264,[0. 0.],[0. 0.],Glow Plugs,895459741,1763325167,2001
1763325168051365844,[  0   0   0   0   7 209   0   0],7,264,[0. 0.],[0. 0.],Glow Plugs,49778307,1763325168,2001
1763325168122894587,[  0   0   0   0   7 209   0   0],7,264,[0. 0.],[0. 0.],Glow Plugs,122661464,1763325168,2001
1763325168205774716,[  0   0   0   0   7 209   0   0],7,264,[0. 0.],[0. 0.],Glow Plugs,204856114,1763325168,2001
1763325168297967106,[  0   0   0   0   7 209   0   0],7,264,[0. 0.],[0. 0.],Glow Plugs,297533917,1763325168,2001
1763325168414148139,[  0   0   0   0   7 209   0   0],7,264,[0. 0.],[0. 0.],Glow Plugs,413898889,1763325168,2001
1763325168496305573,[  0   0   0   0   7 209   0   0],7,264,[0. 0.],[0. 0.],Glow Plugs,495851104,1763325168,2001
1763325168609425997,[  0   0   0   0   7 209   0   0],7,264,[0. 0.],[0. 0.],Glow Plugs,608981225,1763325168,2001
1763325168701598067,[  0   0   0   0   7 209   0   0],7,264,[0. 0.],[0. 0.],Glow Plugs,701249199,1763325168,2001
1763325168814688923,[  0   0   0   0   7 209   0   0],7,264,[0. 0.],[0. 0.],Glow Plugs,814412152,1763325168,2001
1763325168900015799,[  0   0   0   0   7 209   0   0],7,264,[0. 0.],[0. 0.],Glow Plugs,899134606,1763325168,2001
1763325169054455295,[  0   0   0   0   7 209   0   0],7,264,[0. 0.],[0. 0.],Glow Plugs,53914425,1763325169,2001
1763325169126822415,[  0   0   0   0   7 209   0   0],7,264,[0. 0.],[0. 0.],Glow Plugs,126422603,1763325169,2001
1763325169209624720,[  0   0   0   0   7 209   0   0],7,264,[0. 0.],[0. 0.],Glow Plugs,209019081,1763325169,2001
1763325169302351420,[  0   0   0   0   7 209   0   0],7,264,[0. 0.],[0. 0.],Glow Plugs,301562195,1763325169,2001
1763325169417032758,[  0   0   0   0   7 209   0   0],7,264,[0. 0.],[0. 0.],Glow Plugs,415511846,1763325169,2001
1763325169508870585,[  0   0   0   0   7 209   0   0],7,264,[0. 0.],[0. 0.],Glow Plugs,507947951,1763325169,2001
1763325169611402959,[  0   0   0   0   7 209   0   0],7,264,[0. 0.],[0. 0.],Glow Plugs,611020331,1763325169,2001
1763325169704265565,[  0   0   0   0   7 209   0   0],7,264,[0. 0.],[0. 0.],Glow Plugs,703136177,1763325169,2001
1763325169818377681,[  0   0   0   0   7 209   0   0],7,264,[0. 0.],[0. 0.],Glow Plugs,815318735,1763325169,2001
1763325169908071036,[  0   0   0   0   7 209   0   0],7,264,[0. 0.],[0. 0.],Glow Plugs,907430549,1763325169,2001
1763325170053977736,[  0   0   0   0   7 209   0   0],7,264,[0. 0.],[0. 0.],Glow Plugs,53300225,1763325170,2001
1763325170127881385,[  0   0   0   0   7 209   0   0],7,264,[0. 0.],[0. 0.],Glow Plugs,125956052,1763325170,2001
1763325170219901870,[  0   0   0   0   7 209   0   0],7,264,[0. 0.],[0. 0.],Glow Plugs,219268743,1763325170,2001
1763325170301311040,[  0   0   0   0   7 209   0   0],7,264,[0. 0.],[0. 0.],Glow Plugs,300817659,1763325170,2001
1763325170414175207,[  0   0   0   0   7 209   0   0],7,264,[0. 0.],[0. 0.],Glow Plugs,413416319,1763325170,2001
1763325170508924106,[  0   0   0   0   7 209   0   0],7,264,[0. 0.],[0. 0.],Glow Plugs,507319544,1763325170,2001
1763325170620773510,[  0   0   0   0   7 209   0   0],7,264,[0. 0.],[0. 0.],Glow Plugs,620476610,1763325170,2001
1763325170703531174,[  0   0   0   0   7 209   0   0],7,264,[0. 0.],[0. 0.],Glow Plugs,703256323,1763325170,2001
1763325170820523738,[  0   0   0   0   7 209   0   0],7,264,[0. 0.],[0. 0.],Glow Plugs,820134486,1763325170,2001
1763325170903772224,[  0   0   0   0   7 209   0   0],7,264,[0. 0.],[0. 0.],Glow Plugs,902942455,1763325170,2001
1763325171060574147,[  0   0   0   0   7 209   0   0],7,264,[0. 0.],[0. 0.],Glow Plugs,59542552,1763325171,2001
1763325171134168897,[  0   0   0   0   7 209   0   0],7,264,[0. 0.],[0. 0.],Glow Plugs,133676220,1763325171,2001
1763325171219647456,[  0   0   0   0   7 209   0   0],7,264,[0. 0.],[0. 0.],Glow Plugs,219296508,1763325171,2001
1763325171313264726,[  0   0   0   0   7 209   0   0],7,264,[0. 0.],[0. 0.],Glow Plugs,312914579,1763325171,2001
1763325171419834489,[  0   0   0   0   7 209   0   0],7,264,[0. 0.],[0. 0.],Glow Plugs,417884388,1763325171,2001
1763325171512442341,[  0   0   0   0   7 209   0   0],7,264,[0. 0.],[0. 0.],Glow Plugs,512232515,1763325171,2001
1763325171618511875,[  0   0   0   0   7 209   0   0],7,264,[0. 0.],[0. 0.],Glow Plugs,617427671,1763325171,2001
1763325171712091834,[  0   0   0   0   7 209   0   0],7,264,[0. 0.],[0. 0.],Glow Plugs,709791009,1763325171,2001
1763325171823667539,[  0   0   0   0   7 209   0   0],7,264,[0. 0.],[0. 0.],Glow Plugs,823211822,1763325171,2001
1763325171916899526,[  0   0   0   0   7 209   0   0],7,264,[0. 0.],[0. 0.],Glow Plugs,915706297,1763325171,2001
1763325172060901855,[  0   0   0   0   7 209   0   0],7,264,[0. 0.],[0. 0.],Glow Plugs,60294936,1763325172,2001
1763325172133631476,[  0   0   0   0   7 209   0   0],7,264,[0. 0.],[0. 0.],Glow Plugs,133103438,1763325172,2001
1763325172227760048,[  0   0   0   0   7 209   0   0],7,264,[0. 0.],[0. 0.],Glow Plugs,227376556,1763325172,2001
1763325172313612691,[  0   0   0   0   7 209   0   0],7,264,[0. 0.],[0. 0.],Glow Plugs,313375665,1763325172,2001
1763325172428161294,[  0   0   0   0   7 209   0   0],7,264,[0. 0.],[0. 0.],Glow Plugs,427764905,1763325172,2001
1763325172511407636,[  0   0   0   0   7 209   0   0],7,264,[0. 0.],[0. 0.],Glow Plugs,510773326,1763325172,2001
1763325172628940943,[  0   0   0   0   7 209   0   0],7,264,[0. 0.],[0. 0.],Glow Plugs,624855011,1763325172,2001
1763325172720117196,[  0   0   0   0   7 209   0   0],7,264,[0. 0.],[0. 0.],Glow Plugs,717735058,1763325172,2001
1763325172820648846,[  0   0   0   0   7 209   0   0],7,264,[0. 0.],[0. 0.],Glow Plugs,820470380,1763325172,2001
1763325172915280784,[  0   0   0   0   7 209   0   0],7,264,[0. 0.],[0. 0.],Glow Plugs,914790283,1763325172,2001
1763325173070485892,[  0   0   0   0   7 209   0   0],7,264,[0. 0.],[0. 0.],Glow Plugs,70249345,1763325173,2001
1763325173144101730,[  0   0   0   0   7 209   0   0],7,264,[0. 0.],[0. 0.],Glow Plugs,143559613,1763325173,2001
1763325173227516491,[  0   0   0   0   7 209   0   0],7,264,[0. 0.],[0. 0.],Glow Plugs,225993851,1763325173,2001
1763325173320080408,[  0   0   0   0   7 209   0   0],7,264,[0. 0.],[0. 0.],Glow Plugs,317828479,1763325173,2001
1763325173431812500,[  0   0   0   0   7 209   0   0],7,264,[0. 0.],[0. 0.],Glow Plugs,431546865,1763325173,2001
1763325173513694348,[  0   0   0   0   7 209   0   0],7,264,[0. 0.],[0. 0.],Glow Plugs,513038885,1763325173,2001
1763325173627169275,[  0   0   0   0   7 209   0   0],7,264,[0. 0.],[0. 0.],Glow Plugs,625449769,1763325173,2001
1763325173717880660,[  0   0   0   0   7 209   0   0],7,264,[0. 0.],[0. 0.],Glow Plugs,717348366,1763325173,2001
1763325173831179521,[  0   0   0   0   7 209   0   0],7,264,[0. 0.],[0. 0.],Glow Plugs,830536538,1763325173,2001
1763325173915361682,[  0   0   0   0   7 209   0   0],7,264,[0. 0.],[0. 0.],Glow Plugs,914606890,1763325173,2001
1763325174069961600,[  0   0   0   0   7 209   0   0],7,264,[0. 0.],[0. 0.],Glow Plugs,69018006,1763325174,2001
1763325174142095535,[  0   0   0   0   7 209   0   0],7,264,[0. 0.],[0. 0.],Glow Plugs,141574921,1763325174,2001
1763325174225205845,[  0   0   0   0   7 209   0   0],7,264,[0. 0.],[0. 0.],Glow Plugs,224936626,1763325174,2001
1763325174318589259,[  0   0   0   0   7 209   0   0],7,264,[0. 0.],[0. 0.],Glow Plugs,317899363,1763325174,2001
1763325174430953006,[  0   0   0   0   7 209   0   0],7,264,[0. 0.],[0. 0.],Glow Plugs,430677675,1763325174,2001
1763325174530335653,[  0   0   0   0   7 209   0   0],7,264,[0. 0.],[0. 0.],Glow Plugs,522921268,1763325174,2001
1763325174629050612,[  0   0   0   0   7 209   0   0],7,264,[0. 0.],[0. 0.],Glow Plugs,628345933,1763325174,2001
1763325174718195132,[  0   0   0   0   7 209   0   0],7,264,[0. 0.],[0. 0.],Glow Plugs,717302482,1763325174,2001
1763325174833049883,[  0   0   0   0   7 209   0   0],7,264,[0. 0.],[0. 0.],Glow Plugs,829870616,1763325174,2001
1763325174922933258,[  0   0   0   0   7 209   0   0],7,264,[0. 0.],[0. 0.],Glow Plugs,922620295,1763325174,2001
1763325175078371970,[  0   0   0   0   7 209   0   0],7,264,[0. 0.],[0. 0.],Glow Plugs,77990974,1763325175,2001
1763325175151894272,[  0   0   0   0   7 209   0   0],7,264,[0. 0.],[0. 0.],Glow Plugs,151302810,1763325175,2001
1763325175235529004,[  0   0   0   0   7 209   0   0],7,264,[0. 0.],[0. 0.],Glow Plugs,234648899,1763325175,2001
1763325175327499251,[  0   0   0   0   7 209   0   0],7,264,[0. 0.],[0. 0.],Glow Plugs,326924941,1763325175,2001
1763325175431861088,[  0   0   0   0   7 209   0   0],7,264,[0. 0.],[0. 0.],Glow Plugs,431178457,1763325175,2001
1763325175524738737,[  0   0   0   0   7 209   0   0],7,264,[0. 0.],[0. 0.],Glow Plugs,524373133,1763325175,2001
1763325175638859368,[  0   0   0   0   7 209   0   0],7,264,[0. 0.],[0. 0.],Glow Plugs,638600549,1763325175,2001
1763325175721089413,[  0   0   0   0   7 209   0   0],7,264,[0. 0.],[0. 0.],Glow Plugs,720877059,1763325175,2001
1763325175834039312,[  0   0   0   0   7 209   0   0],7,264,[0. 0.],[0. 0.],Glow Plugs,833582731,1763325175,2001
1763325175927199203,[  0   0   0   0   7 209   0   0],7,264,[0. 0.],[0. 0.],Glow Plugs,926693598,1763325175,2001
1763325176074399266,[  0   0   0   0   7 209   0   0],7,264,[0. 0.],[0. 0.],Glow Plugs,73374295,1763325176,2001
1763325176147239033,[  0   0   0   0   7 209   0   0],7,264,[0. 0.],[0. 0.],Glow Plugs,146752212,1763325176,2001
1763325176242118560,[  0   0   0   0   7 209   0   0],7,264,[0. 0.],[0. 0.],Glow Plugs,240341421,1763325176,2001
1763325176324713697,[  0   0   0   0   7 209   0   0],7,264,[0. 0.],[0. 0.],Glow Plugs,324284413,1763325176,2001
1763325176438191922,[  0   0   0   0   7 209   0   0],7,264,[0. 0.],[0. 0.],Glow Plugs,437923279,1763325176,2001
1763325176529978551,[  0   0   0   0   7 209   0   0],7,264,[0. 0.],[0. 0.],Glow Plugs,529718069,1763325176,2001
1763325176635145070,[  0   0   0   0   7 209   0   0],7,264,[0. 0.],[0. 0.],Glow Plugs,634470247,1763325176,2001
1763325176727159734,[  0   0   0   0   7 209   0   0],7,264,[0. 0.],[0. 0.],Glow Plugs,726889171,1763325176,2001
1763325176844235085,[  0   0   0   0   7 209   0   0],7,264,[0. 0.],[0. 0.],Glow Plugs,842288568,1763325176,2001
1763325176925298142,[  0   0   0   0   7 209   0   0],7,264,[0. 0.],[0. 0.],Glow Plugs,925092156,1763325176,2001
1763325177082547275,[  0   0   0   0   7 209   0   0],7,264,[0. 0.],[0. 0.],Glow Plugs,81401598,1763325177,2001
1763325177155120448,[  0   0   0   0   7 209   0   0],7,264,[0. 0.],[0. 0.],Glow Plugs,154437816,1763325177,2001
1763325177237512415,[  0   0   0   0   7 209   0   0],7,264,[0. 0.],[0. 0.],Glow Plugs,236636374,1763325177,2001
1763325177330001580,[  0   0   0   0   7 209   0   0],7,264,[0. 0.],[0. 0.],Glow Plugs,329258372,1763325177,2001
1763325177444419880,[  0   0   0   0   7 209   0   0],7,264,[0. 0.],[0. 0.],Glow Plugs,442933176,1763325177,2001
1763325177525934430,[  0   0   0   0   7 209   0   0],7,264,[0. 0.],[0. 0.],Glow Plugs,525324247,1763325177,2001
1763325177641032449,[  0   0   0   0   7 209   0   0],7,264,[0. 0.],[0. 0.],Glow Plugs,640480315,1763325177,2001
1763325177735347682,[  0   0   0   0   7 209   0   0],7,264,[0. 0.],[0. 0.],Glow Plugs,734187445,1763325177,2001
1763325177837178133,[  0   0   0   0   7 209   0   0],7,264,[0. 0.],[0. 0.],Glow Plugs,836970610,1763325177,2001
1763325177929402431,[  0   0   0   0   7 209   0   0],7,264,[0. 0.],[0. 0.],Glow Plugs,929242685,1763325177,2001
1763325178087244243,[  0   0   0   0   7 209   0   0],7,264,[0. 0.],[0. 0.],Glow Plugs,86955216,1763325178,2001
1763325178156548452,[  0   0   0   0   7 209   0   0],7,264,[0. 0.],[0. 0.],Glow Plugs,156349282,1763325178,2001
1763325178240753848,[  0   0   0   0   7 209   0   0],7,264,[0. 0.],[0. 0.],Glow Plugs,240384660,1763325178,2001
1763325178333384103,[  0   0   0   0   7 209   0   0],7,264,[0. 0.],[0. 0.],Glow Plugs,333028643,1763325178,2001
1763325178448482219,[  0   0   0   0   7 209   0   0],7,264,[0. 0.],[0. 0.],Glow Plugs,447476768,1763325178,2001
1763325178532316410,[  0   0   0   0   7 209   0   0],7,264,[0. 0.],[0. 0.],Glow Plugs,531946870,1763325178,2001
1763325178645668203,[  0   0   0   0   7 209   0   0],7,264,[0. 0.],[0. 0.],Glow Plugs,645132421,1763325178,2001
1763325178738031735,[  0   0   0   0   7 209   0   0],7,264,[0. 0.],[0. 0.],Glow Plugs,737780756,1763325178,2001
1763325178842536071,[  0   0   0   0   7 209   0   0],7,264,[0. 0.],[0. 0.],Glow Plugs,841124600,1763325178,2001
1763325178933489508,[  0   0   0   0   7 209   0   0],7,264,[0. 0.],[0. 0.],Glow Plugs,932647291,1763325178,2001
1763325179087816851,[  0   0   0   0   7 209   0   0],7,264,[0. 0.],[0. 0.],Glow Plugs,87591024,1763325179,2001
1763325179160379400,[  0   0   0   0   7 209   0   0],7,264,[0. 0.],[0. 0.],Glow Plugs,160133990,1763325179,2001
1763325179244383514,[  0   0   0   0   7 209   0   0],7,264,[0. 0.],[0. 0.],Glow Plugs,243422096,1763325179,2001
1763325179336485636,[  0   0   0   0   7 209   0   0],7,264,[0. 0.],[0. 0.],Glow Plugs,335509049,1763325179,2001
1763325179449125005,[  0   0   0   0   7 209   0   0],7,264,[0. 0.],[0. 0.],Glow Plugs,448196259,1763325179,2001
1763325179541477114,[  0   0   0   0   7 209   0   0],7,264,[0. 0.],[0. 0.],Glow Plugs,540316365,1763325179,2001
1763325179644356953,[  0   0   0   0   7 209   0   0],7,264,[0. 0.],[0. 0.],Glow Plugs,643453135,1763325179,2001
1763325179735845692,[  0   0   0   0   7 209   0   0],7,264,[0. 0.],[0. 0.],Glow Plugs,735348375,1763325179,2001
1763325179849080268,[  0   0   0   0   7 209   0   0],7,264,[0. 0.],[0. 0.],Glow Plugs,848710632,1763325179,2001
1763325179943246060,[  0   0   0   0   7 209   0   0],7,264,[0. 0.],[0. 0.],Glow Plugs,941958238,1763325179,2001
1763325180090454286,[  0   0   0   0   7 209   0   0],7,264,[0. 0.],[0. 0.],Glow Plugs,89956297,1763325180,2001
1763325180162201435,[  0   0   0   0   7 209   0   0],7,264,[0. 0.],[0. 0.],Glow Plugs,162019225,1763325180,2001
1763325180246150541,[  0   0   0   0   7 209   0   0],7,264,[0. 0.],[0. 0.],Glow Plugs,245882090,1763325180,2001
1763325180340905364,[  0   0   0   0   7 209   0   0],7,264,[0. 0.],[0. 0.],Glow Plugs,340179628,1763325180,2001
1763325180454020035,[  0   0   0   0   7 209   0   0],7,264,[0. 0.],[0. 0.],Glow Plugs,453670911,1763325180,2001
1763325180537932916,[  0   0   0   0   7 209   0   0],7,264,[0. 0.],[0. 0.],Glow Plugs,537714098,1763325180,2001
1763325180650342875,[  0   0   0   0   7 209   0   0],7,264,[0. 0.],[0. 0.],Glow Plugs,649679764,1763325180,2001
1763325180743497137,[  0   0   0   0   7 209   0   0],7,264,[0. 0.],[0. 0.],Glow Plugs,742420677,1763325180,2001
1763325180847018008,[  0   0   0   0   7 209   0   0],7,264,[0. 0.],[0. 0.],Glow Plugs,846435089,1763325180,2001
1763325180940716500,[  0   0   0   0   7 209   0   0],7,264,[0. 0.],[0. 0.],Glow Plugs,940157005,1763325180,2001
1763325181096147567,[  0   0   0   0   7 209   0   0],7,264,[0. 0.],[0. 0.],Glow Plugs,95788908,1763325181,2001
1763325181168730182,[  0   0   0   0   7 209   0   0],7,264,[0. 0.],[0. 0.],Glow Plugs,168307521,1763325181,2001
1763325181252787833,[  0   0   0   0   7 209   0   0],7,264,[0. 0.],[0. 0.],Glow Plugs,252391221,1763325181,2001
1763325181348267784,[  0   0   0   0   7 209   0   0],7,264,[0. 0.],[0. 0.],Glow Plugs,345412585,1763325181,2001
1763325181450939718,[  0   0   0   0   7 209   0   0],7,264,[0. 0.],[0. 0.],Glow Plugs,449957852,1763325181,2001
1763325181543227379,[  0   0   0   0   7 209   0   0],7,264,[0. 0.],[0. 0.],Glow Plugs,542966576,1763325181,2001
1763325181659006752,[  0   0   0   0   7 209   0   0],7,264,[0. 0.],[0. 0.],Glow Plugs,658316568,1763325181,2001
1763325181741645091,[  0   0   0   0   7 209   0   0],7,264,[0. 0.],[0. 0.],Glow Plugs,741038077,1763325181,2001
1763325181855433882,[  0   0   0   0   7 209   0   0],7,264,[0. 0.],[0. 0.],Glow Plugs,855208472,1763325181,2001
1763325181950475301,[  0   0   0   0   7 209   0   0],7,264,[0. 0.],[0. 0.],Glow Plugs,950003584,1763325181,2001
1763325182097505926,[  0   0   0   0   7 209   0   0],7,264,[0. 0.],[0. 0.],Glow Plugs,97174435,1763325182,2001
1763325182172494999,[  0   0   0   0   7 209   0   0],7,264,[0. 0.],[0. 0.],Glow Plugs,169375317,1763325182,2001
1763325182253851405,[  0   0   0   0   7 209   0   0],7,264,[0. 0.],[0. 0.],Glow Plugs,252465790,1763325182,2001
1763325182346595072,[  0   0   0   0   7 209   0   0],7,264,[0. 0.],[0. 0.],Glow Plugs,346022009,1763325182,2001
1763325182460678106,[  0   0   0   0   7 209   0   0],7,264,[0. 0.],[0. 0.],Glow Plugs,460160885,1763325182,2001
1763325182546548802,[  0   0   0   0   7 209   0   0],7,264,[0. 0.],[0. 0.],Glow Plugs,545363637,1763325182,2001
1763325182660706813,[  0   0   0   0   7 209   0   0],7,264,[0. 0.],[0. 0.],Glow Plugs,659083595,1763325182,2001
1763325182752724199,[  0   0   0   0   7 209   0   0],7,264,[0. 0.],[0. 0.],Glow Plugs,752280578,1763325182,2001
1763325182856986903,[  0   0   0   0   7 209   0   0],7,264,[0. 0.],[0. 0.],Glow Plugs,856273391,1763325182,2001
1763325182947776724,[  0   0   0   0   7 209   0   0],7,264,[0. 0.],[0. 0.],Glow Plugs,946584647,1763325182,2001
1763325183101891203,[  0   0   0   0   7 209   0   0],7,264,[0. 0.],[0. 0.],Glow Plugs,101673441,1763325183,2001
1763325183174921407,[  0   0   0   0   7 209   0   0],7,264,[0. 0.],[0. 0.],Glow Plugs,174458170,1763325183,2001
1763325183257849862,[  0   0   0   0   7 209   0   0],7,264,[0. 0.],[0. 0.],Glow Plugs,257106078,1763325183,2001
1763325183351503363,[  0   0   0   0   7 209   0   0],7,264,[0. 0.],[0. 0.],Glow Plugs,351133087,1763325183,2001
1763325183465980835,[  0   0   0   0   7 209   0   0],7,264,[0. 0.],[0. 0.],Glow Plugs,465667615,1763325183,2001
1763325183548504390,[  0   0   0   0   7 209   0   0],7,264,[0. 0.],[0. 0.],Glow Plugs,548048321,1763325183,2001
1763325183661401236,[  0   0   0   0   7 209   0   0],7,264,[0. 0.],[0. 0.],Glow Plugs,661174130,1763325183,2001
1763325183747520638,[  0   0   0   0   7 209   0   0],7,264,[0. 0.],[0. 0.],Glow Plugs,747268092,1763325183,2001
1763325183861440056,[  0   0   0   0   7 209   0   0],7,264,[0. 0.],[0. 0.],Glow Plugs,860647823,1763325183,2001
1763325183954790321,[  0   0   0   0   7 209   0   0],7,264,[0. 0.],[0. 0.],Glow Plugs,954109994,1763325183,2001
1763325184102963680,[  0   0   0   0   7 209   0   0],7,264,[0. 0.],[0. 0.],Glow Plugs,100195042,1763325184,2001
1763325184173177598,[  0   0   0   0   7 209   0   0],7,264,[0. 0.],[0. 0.],Glow Plugs,172529559,1763325184,2001
1763325184265173833,[  0   0   0   0   7 209   0   0],7,264,[0. 0.],[0. 0.],Glow Plugs,264691267,1763325184,2001
1763325184358766149,[  0   0   0   0   7 209   0   0],7,264,[0. 0.],[0. 0.],Glow Plugs,358321664,1763325184,2001
1763325184460963583,[  0   0   0   0   7 209   0   0],7,264,[0. 0.],[0. 0.],Glow Plugs,460084310,1763325184,2001
1763325184554994912,[  0   0   0   0   7 209   0   0],7,264,[0. 0.],[0. 0.],Glow Plugs,553879924,1763325184,2001
1763325184667044422,[  0   0   0   0   7 209   0   0],7,264,[0. 0.],[0. 0.],Glow Plugs,666661442,1763325184,2001
1763325184749222886,[  0   0   0   0   7 209   0   0],7,264,[0. 0.],[0. 0.],Glow Plugs,748841601,1763325184,2001
1763325184862893597,[  0   0   0   0   7 209   0   0],7,264,[0. 0.],[0. 0.],Glow Plugs,861818609,1763325184,2001
1763325184955743249,[  0   0   0   0   7 209   0   0],7,264,[0. 0.],[0. 0.],Glow Plugs,955218059,1763325184,2001
1763325185111813335,[  0   0   0   0   7 209   0   0],7,264,[0. 0.],[0. 0.],Glow Plugs,111520820,1763325185,2001
1763325185184342606,[  0   0   0   0   7 209   0   0],7,264,[0. 0.],[0. 0.],Glow Plugs,183873833,1763325185,2001
1763325185268483812,[  0   0   0   0   7 209   0   0],7,264,[0. 0.],[0. 0.],Glow Plugs,268139008,1763325185,2001
1763325185361402137,[  0   0   0   0   7 209   0   0],7,264,[0. 0.],[0. 0.],Glow Plugs,360642833,1763325185,2001
1763325185465247590,[  0   0   0   0   7 209   0   0],7,264,[0. 0.],[0. 0.],Glow Plugs,464692800,1763325185,2001
1763325185559061957,[  0   0   0   0   7 209   0   0],7,264,[0. 0.],[0. 0.],Glow Plugs,556892941,1763325185,2001
1763325185670581349,[  0   0   0   0   7 209   0   0],7,264,[0. 0.],[0. 0.],Glow Plugs,670159425,1763325185,2001
1763325185753664687,[  0   0   0   0   7 209   0   0],7,264,[0. 0.],[0. 0.],Glow Plugs,753095369,1763325185,2001
1763325185865747382,[  0   0   0   0   7 209   0   0],7,264,[0. 0.],[0. 0.],Glow Plugs,865541716,1763325185,2001
1763325185958777612,[  0   0   0   0   7 209   0   0],7,264,[0. 0.],[0. 0.],Glow Plugs,958229927,1763325185,2001
1763325186113591077,[  0   0   0   0   7 209   0   0],7,264,[0. 0.],[0. 0.],Glow Plugs,113223297,1763325186,2001
1763325186186168989,[  0   0   0   0   7 209   0   0],7,264,[0. 0.],[0. 0.],Glow Plugs,185108946,1763325186,2001
1763325186268112091,[  0   0   0   0   7 209   0   0],7,264,[0. 0.],[0. 0.],Glow Plugs,267267410,1763325186,2001
1763325186361464438,[  0   0   0   0   7 209   0   0],7,264,[0. 0.],[0. 0.],Glow Plugs,360602221,1763325186,2001
1763325186474628841,[  0   0   0   0   7 209   0   0],7,264,[0. 0.],[0. 0.],Glow Plugs,473793344,1763325186,2001
1763325186557294415,[  0   0   0   0   7 209   0   0],7,264,[0. 0.],[0. 0.],Glow Plugs,556239843,1763325186,2001
1763325186669983676,[  0   0   0   0   7 209   0   0],7,264,[0. 0.],[0. 0.],Glow Plugs,668866672,1763325186,2001
1763325186766042869,[  0   0   0   0   7 209   0   0],7,264,[0. 0.],[0. 0.],Glow Plugs,764305474,1763325186,2001
1763325186867878316,[  0   0   0   0   7 209   0   0],7,264,[0. 0.],[0. 0.],Glow Plugs,866888865,1763325186,2001
1763325186959720310,[  0   0   0   0   7 209   0   0],7,264,[0. 0.],[0. 0.],Glow Plugs,959474835,1763325186,2001
1763325187115213239,[  0   0   0   0   7 209   0   0],7,264,[0. 0.],[0. 0.],Glow Plugs,114587568,1763325187,2001
1763325187187656974,[  0   0   0   0   7 209   0   0],7,264,[0. 0.],[0. 0.],Glow Plugs,186920646,1763325187,2001
1763325187270488022,[  0   0   0   0   7 209   0   0],7,264,[0. 0.],[0. 0.],Glow Plugs,269307593,1763325187,2001
1763325187362680612,[  0   0   0   0   7 209   0   0],7,264,[0. 0.],[0. 0.],Glow Plugs,361524952,1763325187,2001
1763325187475138512,[  0   0   0   0   7 209   0   0],7,264,[0. 0.],[0. 0.],Glow Plugs,474907181,1763325187,2001
1763325187568951600,[  0   0   0   0   7 209   0   0],7,264,[0. 0.],[0. 0.],Glow Plugs,568113607,1763325187,2001
1763325187672279800,[  0   0   0   0   7 209   0   0],7,264,[0. 0.],[0. 0.],Glow Plugs,671538960,1763325187,2001
1763325187764664680,[  0   0   0   0   7 209   0   0],7,264,[0. 0.],[0. 0.],Glow Plugs,763790335,1763325187,2001
1763325187878845991,[  0   0   0   0   7 209   0   0],7,264,[0. 0.],[0. 0.],Glow Plugs,878375074,1763325187,2001
1763325187962029715,[  0   0   0   0   7 209   0   0],7,264,[0. 0.],[0. 0.],Glow Plugs,961440652,1763325187,2001
1763325188117215025,[  0   0   0   0   7 209   0   0],7,264,[0. 0.],[0. 0.],Glow Plugs,116950926,1763325188,2001
1763325188190129197,[  0   0   0   0   7 209   0   0],7,264,[0. 0.],[0. 0.],Glow Plugs,189310565,1763325188,2001
1763325188272650483,[  0   0   0   0   7 209   0   0],7,264,[0. 0.],[0. 0.],Glow Plugs,272002444,1763325188,2001
1763325188364507422,[  0   0   0   0   7 209   0   0],7,264,[0. 0.],[0. 0.],Glow Plugs,364065561,1763325188,2001
1763325188482374181,[  0   0   0   0   7 209   0   0],7,264,[0. 0.],[0. 0.],Glow Plugs,481510460,1763325188,2001
1763325188565357327,[  0   0   0   0   7 209   0   0],7,264,[0. 0.],[0. 0.],Glow Plugs,564992555,1763325188,2001
1763325188680304470,[  0   0   0   0   7 209   0   0],7,264,[0. 0.],[0. 0.],Glow Plugs,679429613,1763325188,2001
1763325188762582265,[  0   0   0   0   7 209   0   0],7,264,[0. 0.],[0. 0.],Glow Plugs,762082196,1763325188,2001
1763325188876178258,[  0   0   0   0   7 209   0   0],7,264,[0. 0.],[0. 0.],Glow Plugs,875480234,1763325188,2001
1763325188968100573,[  0   0   0   0   7 209   0   0],7,264,[0. 0.],[0. 0.],Glow Plugs,967864379,1763325188,2001
1763325189123925604,[  0   0   0   0   7 209   0   0],7,264,[0. 0.],[0. 0.],Glow Plugs,123223004,1763325189,2001
1763325189196191577,[  0   0   0   0   7 209   0   0],7,264,[0. 0.],[0. 0.],Glow Plugs,195920086,1763325189,2001
1763325189279678313,[  0   0   0   0   7 209   0   0],7,264,[0. 0.],[0. 0.],Glow Plugs,278918369,1763325189,2001
1763325189372931492,[  0   0   0   0   7 209   0   0],7,264,[0. 0.],[0. 0.],Glow Plugs,372358878,1763325189,2001
1763325189476402318,[  0   0   0   0   7 209   0   0],7,264,[0. 0.],[0. 0.],Glow Plugs,476074891,1763325189,2001
1763325189568268218,[  0   0   0   0   7 209   0   0],7,264,[0. 0.],[0. 0.],Glow Plugs,568078424,1763325189,2001
1763325189682110582,[  0   0   0   0   7 209   0   0],7,264,[0. 0.],[0. 0.],Glow Plugs,680751079,1763325189,2001
1763325189774609992,[  0   0   0   0   7 209   0   0],7,264,[0. 0.],[0. 0.],Glow Plugs,772817141,1763325189,2001
1763325189876543170,[  0   0   0   0   7 209   0   0],7,264,[0. 0.],[0. 0.],Glow Plugs,876277791,1763325189,2001
1763325189969735260,[  0   0   0   0   7 209   0   0],7,264,[0. 0.],[0. 0.],Glow Plugs,969532314,1763325189,2001
1763325190125872391,[  0   0   0   0   7 209   0   0],7,264,[0. 0.],[0. 0.],Glow Plugs,125521027,1763325190,2001
1763325190199059303,[  0   0   0   0   7 209   0   0],7,264,[0. 0.],[0. 0.],Glow Plugs,198285918,1763325190,2001
1763325190280819204,[  0   0   0   0   7 209   0   0],7,264,[0. 0.],[0. 0.],Glow Plugs,280627714,1763325190,2001
1763325190374283714,[  0   0   0   0   7 209   0   0],7,264,[0. 0.],[0. 0.],Glow Plugs,373716316,1763325190,2001
1763325190486261034,[  0   0   0   0   7 209   0   0],7,264,[0. 0.],[0. 0.],Glow Plugs,485904518,1763325190,2001
1763325190568277258,[  0   0   0   0   7 209   0   0],7,264,[0. 0.],[0. 0.],Glow Plugs,567890758,1763325190,2001
1763325190682633420,[  0   0   0   0   7 209   0   0],7,264,[0. 0.],[0. 0.],Glow Plugs,681870884,1763325190,2001
1763325190775801126,[  0   0   0   0   7 209   0   0],7,264,[0. 0.],[0. 0.],Glow Plugs,775542468,1763325190,2001
1763325190878745196,[  0   0   0   0   7 209   0   0],7,264,[0. 0.],[0. 0.],Glow Plugs,878486313,1763325190,2001
1763325190970975164,[  0   0   0   0   7 209   0   0],7,264,[0. 0.],[0. 0.],Glow Plugs,970666904,1763325190,2001
1763325191126230141,[  0   0   0   0   7 209   0   0],7,264,[0. 0.],[0. 0.],Glow Plugs,125663127,1763325191,2001
1763325191198696693,[  0   0   0   0   7 209   0   0],7,264,[0. 0.],[0. 0.],Glow Plugs,198103279,1763325191,2001
1763325191282220231,[  0   0   0   0   7 209   0   0],7,264,[0. 0.],[0. 0.],Glow Plugs,280619221,1763325191,2001
1763325191373648942,[  0   0   0   0   7 209   0   0],7,264,[0. 0.],[0. 0.],Glow Plugs,372835558,1763325191,2001
1763325191485839833,[  0   0   0   0   7 209   0   0],7,264,[0. 0.],[0. 0.],Glow Plugs,485393172,1763325191,2001
1763325191578420814,[  0   0   0   0   7 209   0   0],7,264,[0. 0.],[0. 0.],Glow Plugs,578199147,1763325191,2001
1763325191692309547,[  0   0   0   0   7 209   0   0],7,264,[0. 0.],[0. 0.],Glow Plugs,691393409,1763325191,2001
1763325191776895592,[  0   0   0   0   7 209   0   0],7,264,[0. 0.],[0. 0.],Glow Plugs,776306017,1763325191,2001
1763325191890367393,[  0   0   0   0   7 209   0   0],7,264,[0. 0.],[0. 0.],Glow Plugs,889782842,1763325191,2001
1763325191975024030,[  0   0   0   0   7 209   0   0],7,264,[0. 0.],[0. 0.],Glow Plugs,971890428,1763325191,2001
1763325192130078654,[  0   0   0   0   7 209   0   0],7,264,[0. 0.],[0. 0.],Glow Plugs,129391607,1763325192,2001
1763325192207428268,[  0   0   0   0   7 209   0   0],7,264,[0. 0.],[0. 0.],Glow Plugs,206642020,1763325192,2001
1763325192289742097,[  0   0   0   0   7 209   0   0],7,264,[0. 0.],[0. 0.],Glow Plugs,289276652,1763325192,2001
1763325192382351206,[  0   0   0   0   7 209   0   0],7,264,[0. 0.],[0. 0.],Glow Plugs,381600030,1763325192,2001
1763325192484891784,[  0   0   0   0   7 209   0   0],7,264,[0. 0.],[0. 0.],Glow Plugs,484441987,1763325192,2001
1763325192578624905,[  0   0   0   0   7 209   0   0],7,264,[0. 0.],[0. 0.],Glow Plugs,578070339,1763325192,2001
1763325192692390534,[  0   0   0   0   7 209   0   0],7,264,[0. 0.],[0. 0.],Glow Plugs,691786815,1763325192,2001
1763325192786101415,[  0   0   0   0   7 209   0   0],7,264,[0. 0.],[0. 0.],Glow Plugs,785790947,1763325192,2001
1763325192891323814,[  0   0   0   0   7 209   0   0],7,264,[0. 0.],[0. 0.],Glow Plugs,890544829,1763325192,2001
1763325192984167421,[  0   0   0   0   7 209   0   0],7,264,[0. 0.],[0. 0.],Glow Plugs,983300500,1763325192,2001
1763325193127878882,[  0   0   0   0   7 209   0   0],7,264,[0. 0.],[0. 0.],Glow Plugs,127506014,1763325193,2001
1763325193200792896,[  0   0   0   0   7 209   0   0],7,264,[0. 0.],[0. 0.],Glow Plugs,199902614,1763325193,2001
1763325193292834383,[  0   0   0   0   7 209   0   0],7,264,[0. 0.],[0. 0.],Glow Plugs,292491115,1763325193,2001
1763325193385707176,[  0   0   0   0   7 209   0   0],7,264,[0. 0.],[0. 0.],Glow Plugs,385422052,1763325193,2001
1763325193489591320,[  0   0   0   0   7 209   0   0],7,264,[0. 0.],[0. 0.],Glow Plugs,489096563,1763325193,2001
1763325193585649236,[  0   0   0   0   7 209   0   0],7,264,[0. 0.],[0. 0.],Glow Plugs,584606952,1763325193,2001
1763325193689363107,[  0   0   0   0   7 209   0   0],7,264,[0. 0.],[0. 0.],Glow Plugs,688935358,1763325193,2001
1763325193781919256,[  0   0   0   0   7 209   0   0],7,264,[0. 0.],[0. 0.],Glow Plugs,781405266,1763325193,2001
1763325193895034766,[  0   0   0   0   7 209   0   0],7,264,[0. 0.],[0. 0.],Glow Plugs,894440551,1763325193,2001
1763325193991013224,[  0   0   0   0   7 209   0   0],7,264,[0. 0.],[0. 0.],Glow Plugs,990521123,1763325193,2001
1763325194135457781,[  0   0   0   0   7 209   0   0],7,264,[0. 0.],[0. 0.],Glow Plugs,134886735,1763325194,2001
1763325194207663852,[  0   0   0   0   7 209   0   0],7,264,[0. 0.],[0. 0.],Glow Plugs,207177575,1763325194,2001
1763325194300904425,[  0   0   0   0   7 209   0   0],7,264,[0. 0.],[0. 0.],Glow Plugs,299828637,1763325194,2001
1763325194384205113,[  0   0   0   0   7 209   0   0],7,264,[0. 0.],[0. 0.],Glow Plugs,383554322,1763325194,2001
1763325194497005260,[  0   0   0   0   7 209   0   0],7,264,[0. 0.],[0. 0.],Glow Plugs,496412997,1763325194,2001
1763325194581287782,[  0   0   0   0   7 209   0   0],7,264,[0. 0.],[0. 0.],Glow Plugs,580911970,1763325194,2001
1763325194695818284,[  0   0   0   0   7 209   0   0],7,264,[0. 0.],[0. 0.],Glow Plugs,695300935,1763325194,2001
1763325194790177493,[  0   0   0   0   7 209   0   0],7,264,[0. 0.],[0. 0.],Glow Plugs,788155071,1763325194,2001
1763325194904186582,[  0   0   0   0   7 209   0   0],7,264,[0. 0.],[0. 0.],Glow Plugs,901568441,1763325194,2001
1763325194987621383,[  0   0   0   0   7 209   0   0],7,264,[0. 0.],[0. 0.],Glow Plugs,984532805,1763325194,2001
1763325195142661641,[  0   0   0   0   7 209   0   0],7,264,[0. 0.],[0. 0.],Glow Plugs,139723113,1763325195,2001
1763325195213402192,[  0   0   0   0   7 209   0   0],7,264,[0. 0.],[0. 0.],Glow Plugs,212990220,1763325195,2001
1763325195297963982,[  0   0   0   0   7 209   0   0],7,264,[0. 0.],[0. 0.],Glow Plugs,296809090,1763325195,2001
1763325195390218081,[  0   0   0   0   7 209   0   0],7,264,[0. 0.],[0. 0.],Glow Plugs,389801148,1763325195,2001
1763325195505735602,[  0   0   0   0   7 209   0   0],7,264,[0. 0.],[0. 0.],Glow Plugs,503483737,1763325195,2001
1763325195586037922,[  0   0   0   0   7 209   0   0],7,264,[0. 0.],[0. 0.],Glow Plugs,585833951,1763325195,2001
1763325195699907777,[  0   0   0   0   7 209   0   0],7,264,[0. 0.],[0. 0.],Glow Plugs,699528157,1763325195,2001
1763325195795463031,[  0   0   0   0   7 209   0   0],7,264,[0. 0.],[0. 0.],Glow Plugs,794117737,1763325195,2001
1763325195897737336,[  0   0   0   0   7 209   0   0],7,264,[0. 0.],[0. 0.],Glow Plugs,896541867,1763325195,2001
1763325195990086315,[  0   0   0   0   7 209   0   0],7,264,[0. 0.],[0. 0.],Glow Plugs,988998591,1763325195,2001
1763325196144115267,[  0   0   0   0   7 209   0   0],7,264,[0. 0.],[0. 0.],Glow Plugs,143634526,1763325196,2001
1763325196217710825,[  0   0   0   0   7 209   0   0],7,264,[0. 0.],[0. 0.],Glow Plugs,216339002,1763325196,2001
1763325196300390259,[  0   0   0   0   7 209   0   0],7,264,[0. 0.],[0. 0.],Glow Plugs,300081872,1763325196,2001
1763325196395712296,[  0   0   0   0   7 209   0   0],7,264,[0. 0.],[0. 0.],Glow Plugs,393585232,1763325196,2001
1763325196508208921,[  0   0   0   0   7 209   0   0],7,264,[0. 0.],[0. 0.],Glow Plugs,506942507,1763325196,2001
1763325196591339271,[  0   0   0   0   7 209   0   0],7,264,[0. 0.],[0. 0.],Glow Plugs,588962605,1763325196,2001
1763325196704238813,[  0   0   0   0   7 209   0   0],7,264,[0. 0.],[0. 0.],Glow Plugs,701534495,1763325196,2001
1763325196799914357,[  0   0   0   0   7 209   0   0],7,264,[0. 0.],[0. 0.],Glow Plugs,799716595,1763325196,2001
1763325196905092917,[  0   0   0   0   7 209   0   0],7,264,[0. 0.],[0. 0.],Glow Plugs,904327309,1763325196,2001
1763325196996482559,[  0   0   0   0   7 209   0   0],7,264,[0. 0.],[0. 0.],Glow Plugs,995860696,1763325196,2001
1763325197150691481,[  0   0   0   0   7 209   0   0],7,264,[0. 0.],[0. 0.],Glow Plugs,149937169,1763325197,2001
1763325197224034781,[  0   0   0   0   7 209   0   0],7,264,[0. 0.],[0. 0.],Glow Plugs,223306485,1763325197,2001
1763325197305842814,[  0   0   0   0   7 209   0   0],7,264,[0. 0.],[0. 0.],Glow Plugs,305502810,1763325197,2001
1763325197398195058,[  0   0   0   0   7 209   0   0],7,264,[0. 0.],[0. 0.],Glow Plugs,397961520,1763325197,2001
1763325197503075760,[  0   0   0   0   7 209   0   0],7,264,[0. 0.],[0. 0.],Glow Plugs,502534058,1763325197,2001
1763325197596651602,[  0   0   0   0   7 209   0   0],7,264,[0. 0.],[0. 0.],Glow Plugs,596199565,1763325197,2001
1763325197709650313,[  0   0   0   0   7 209   0   0],7,264,[0. 0.],[0. 0.],Glow Plugs,708856448,1763325197,2001
1763325197802820486,[  0   0   0   0   7 209   0   0],7,264,[0. 0.],[0. 0.],Glow Plugs,802008829,1763325197,2001
1763325197905425451,[  0   0   0   0   7 209   0   0],7,264,[0. 0.],[0. 0.],Glow Plugs,904932517,1763325197,2001
1763325197998358246,[  0   0   0   0   7 209   0   0],7,264,[0. 0.],[0. 0.],Glow Plugs,997916961,1763325197,2001
1763325198158404225,[  0   0   0   0   7 209   0   0],7,264,[0. 0.],[0. 0.],Glow Plugs,156323370,1763325198,2001
1763325198229061256,[  0   0   0   0   7 209   0   0],7,264,[0. 0.],[0. 0.],Glow Plugs,228783013,1763325198,2001
1763325198313200642,[  0   0   0   0   7 209   0   0],7,264,[0. 0.],[0. 0.],Glow Plugs,311005770,1763325198,2001
1763325198394190299,[  0   0   0   0   7 209   0   0],7,264,[0. 0.],[0. 0.],Glow Plugs,393797654,1763325198,2001
1763325198508555297,[  0   0   0   0   7 209   0   0],7,264,[0. 0.],[0. 0.],Glow Plugs,507688087,1763325198,2001
1763325198600821077,[  0   0   0   0   7 209   0   0],7,264,[0. 0.],[0. 0.],Glow Plugs,600280463,1763325198,2001
1763325198713989390,[  0   0   0   0   7 209   0   0],7,264,[0. 0.],[0. 0.],Glow Plugs,713704971,1763325198,2001
1763325198797002620,[  0   0   0   0   7 209   0   0],7,264,[0. 0.],[0. 0.],Glow Plugs,796145459,1763325198,2001
1763325198910756572,[  0   0   0   0   7 209   0   0],7,264,[0. 0.],[0. 0.],Glow Plugs,910183029,1763325198,2001
1763325199003465364,[  0   0   0   0   7 209   0   0],7,264,[0. 0.],[0. 0.],Glow Plugs,3269330,1763325199,2001
1763325199149049458,[  0   0   0   0 255 227   0   0],7,264,[0. 0.],[0. 0.],Glow Plugs,148229769,1763325199,-29
1763325199222460247,[  0   0   0   0 255 227   0   0],7,264,[0. 0.],[0. 0.],Glow Plugs,220877030,1763325199,-29
1763325199314628010,[  0   0   0   0 255 227   0   0],7,264,[0. 0.],[0. 0.],Glow Plugs,313905826,1763325199,-29
1763325199400493016,[  0   0   0   0 255 227   0   0],7,264,[0. 0.],[0. 0.],Glow Plugs,399836241,1763325199,-29
1763325199515000609,[  0   0   0   0 255 227   0   0],7,264,[0. 0.],[0. 0.],Glow Plugs,513729075,1763325199,-29
1763325199600150919,[  0   0   0   0 255 227   0   0],7,264,[0. 0.],[0. 0.],Glow Plugs,599105659,1763325199,-29
1763325199712892732,[  0   0   0   0 255 227   0   0],7,264,[0. 0.],[0. 0.],Glow Plugs,712112019,1763325199,-29
1763325199804688843,[  0   0   0   0 255 227   0   0],7,264,[0. 0.],[0. 0.],Glow Plugs,804431112,1763325199,-29
1763325199920185278,[  0   0   0   0 255 227   0   0],7,264,[0. 0.],[0. 0.],Glow Plugs,918899184,1763325199,-29
1763325200003080236,[  0   0   0   0 255 227   0   0],7,264,[0. 0.],[0. 0.],Glow Plugs,2245890,1763325200,-29
1763325200158474901,[  0   0   0   0 255 227   0   0],7,264,[0. 0.],[0. 0.],Glow Plugs,157873839,1763325200,-29
1763325200231565143,[  0   0   0   0 255 227   0   0],7,264,[0. 0.],[0. 0.],Glow Plugs,231195891,1763325200,-29
1763325200317251524,[  0   0   0   0 255 227   0   0],7,264,[0. 0.],[0. 0.],Glow Plugs,314349444,1763325200,-29
1763325200407261024,[  0   0   0   0 255 227   0   0],7,264,[0. 0.],[0. 0.],Glow Plugs,407016829,1763325200,-29
1763325200510867921,[  0   0   0   0 255 227   0   0],7,264,[0. 0.],[0. 0.],Glow Plugs,510613870,1763325200,-29
1763325200604433460,[  0   0   0   0 255 227   0   0],7,264,[0. 0.],[0. 0.],Glow Plugs,604230322,1763325200,-29
1763325200718848732,[  0   0   0   0 255 227   0   0],7,264,[0. 0.],[0. 0.],Glow Plugs,717371436,1763325200,-29
1763325200813452618,[  0   0   0   0 255 227   0   0],7,264,[0. 0.],[0. 0.],Glow Plugs,812291229,1763325200,-29
1763325200916230034,[  0   0   0   0 255 227   0   0],7,264,[0. 0.],[0. 0.],Glow Plugs,915641868,1763325200,-29
1763325201010984866,[  0   0   0   0 255 227   0   0],7,264,[0. 0.],[0. 0.],Glow Plugs,10781344,1763325201,-29
1763325201158045297,[  0   0   0   0 255 227   0   0],7,264,[0. 0.],[0. 0.],Glow Plugs,156952357,1763325201,-29
1763325201231252021,[  0   0   0   0 255 227   0   0],7,264,[0. 0.],[0. 0.],Glow Plugs,230828336,1763325201,-29
1763325201315791861,[  0   0   0   0 255 227   0   0],7,264,[0. 0.],[0. 0.],Glow Plugs,314028546,1763325201,-29
1763325201408171692,[  0   0   0   0 255 227   0   0],7,264,[0. 0.],[0. 0.],Glow Plugs,406913694,1763325201,-29
1763325201520636575,[  0   0   0   0 255 227   0   0],7,264,[0. 0.],[0. 0.],Glow Plugs,519871894,1763325201,-29
1763325201613619484,[  0   0   0   0 255 227   0   0],7,264,[0. 0.],[0. 0.],Glow Plugs,613069974,1763325201,-29
1763325201718263257,[  0   0   0   0 255 227   0   0],7,264,[0. 0.],[0. 0.],Glow Plugs,717576017,1763325201,-29
1763325201810885170,[  0   0   0   0 255 227   0   0],7,264,[0. 0.],[0. 0.],Glow Plugs,810375148,1763325201,-29
1763325201925328058,[  0   0   0   0 255 227   0   0],7,264,[0. 0.],[0. 0.],Glow Plugs,924157037,1763325201,-29
1763325202008552140,[  0   0   0   0 255 227   0   0],7,264,[0. 0.],[0. 0.],Glow Plugs,7735811,1763325202,-29
1763325202165861356,[  0   0   0   0 255 227   0   0],7,264,[0. 0.],[0. 0.],Glow Plugs,164972610,1763325202,-29
1763325202238339464,[  0   0   0   0 255 227   0   0],7,264,[0. 0.],[0. 0.],Glow Plugs,237899876,1763325202,-29
1763325202321672956,[  0   0   0   0 255 227   0   0],7,264,[0. 0.],[0. 0.],Glow Plugs,321149110,1763325202,-29
1763325202414859420,[  0   0   0   0 255 227   0   0],7,264,[0. 0.],[0. 0.],Glow Plugs,414405335,1763325202,-29
1763325202528226105,[  0   0   0   0 255 227   0   0],7,264,[0. 0.],[0. 0.],Glow Plugs,527455504,1763325202,-29
1763325202610837828,[  0   0   0   0 255 227   0   0],7,264,[0. 0.],[0. 0.],Glow Plugs,609680280,1763325202,-29
1763325202723485626,[  0   0   0   0 255 227   0   0],7,264,[0. 0.],[0. 0.],Glow Plugs,723046389,1763325202,-29
1763325202816668345,[  0   0   0   0 255 227   0   0],7,264,[0. 0.],[0. 0.],Glow Plugs,815665838,1763325202,-29
1763325202922636773,[  0   0   0   0 255 227   0   0],7,264,[0. 0.],[0. 0.],Glow Plugs,921358679,1763325202,-29
1763325203016286378,[  0   0   0   0 255 227   0   0],7,264,[0. 0.],[0. 0.],Glow Plugs,15419105,1763325203,-29
1763325203171200465,[  0   0   0   0 255 227   0   0],7,264,[0. 0.],[0. 0.],Glow Plugs,170885517,1763325203,-29
1763325203245213310,[  0   0   0   0 255 227   0   0],7,264,[0. 0.],[0. 0.],Glow Plugs,244625336,1763325203,-29
1763325203329146297,[  0   0   0   0 255 227   0   0],7,264,[0. 0.],[0. 0.],Glow Plugs,328948662,1763325203,-29
1763325203413140500,[  0   0   0   0 255 227   0   0],7,264,[0. 0.],[0. 0.],Glow Plugs,412615918,1763325203,-29
1763325203526361840,[  0   0   0   0 255 227   0   0],7,264,[0. 0.],[0. 0.],Glow Plugs,525826634,1763325203,-29
1763325203618860072,[  0   0   0   0 255 227   0   0],7,264,[0. 0.],[0. 0.],Glow Plugs,617986495,1763325203,-29
1763325203731684896,[  0   0   0   0 255 227   0   0],7,264,[0. 0.],[0. 0.],Glow Plugs,731006777,1763325203,-29
1763325203813909736,[  0   0   0   0 255 227   0   0],7,264,[0. 0.],[0. 0.],Glow Plugs,813376834,1763325203,-29
1763325203928403282,[  0   0   0   0 255 227   0   0],7,264,[0. 0.],[0. 0.],Glow Plugs,927642474,1763325203,-29
1763325204018654194,[  0   0   0   0 255 227   0   0],7,264,[0. 0.],[0. 0.],Glow Plugs,18492976,1763325204,-29
1763325204173603258,[  0   0   0   0 255 227   0   0],7,264,[0. 0.],[0. 0.],Glow Plugs,173137588,1763325204,-29
1763325204246509371,[  0   0   0   0 255 227   0   0],7,264,[0. 0.],[0. 0.],Glow Plugs,245865556,1763325204,-29
1763325204330626264,[  0   0   0   0 255 227   0   0],7,264,[0. 0.],[0. 0.],Glow Plugs,328861764,1763325204,-29
1763325204425377290,[  0   0   0   0 255 227   0   0],7,264,[0. 0.],[0. 0.],Glow Plugs,424959397,1763325204,-29
1763325204528946876,[  0   0   0   0 255 227   0   0],7,264,[0. 0.],[0. 0.],Glow Plugs,528292981,1763325204,-29
1763325204620918319,[  0   0   0   0 255 227   0   0],7,264,[0. 0.],[0. 0.],Glow Plugs,620703757,1763325204,-29
1763325204737189710,[  0   0   0   0 255 227   0   0],7,264,[0. 0.],[0. 0.],Glow Plugs,736908395,1763325204,-29
1763325204819493303,[  0   0   0   0 255 227   0   0],7,264,[0. 0.],[0. 0.],Glow Plugs,818896208,1763325204,-29
1763325204933642782,[  0   0   0   0 255 227   0   0],7,264,[0. 0.],[0. 0.],Glow Plugs,932751540,1763325204,-29
1763325205026225208,[  0   0   0   0 255 227   0   0],7,264,[0. 0.],[0. 0.],Glow Plugs,25059339,1763325205,-29
1763325205172823172,[  0   0   0   0 255 227   0   0],7,264,[0. 0.],[0. 0.],Glow Plugs,172227677,1763325205,-29
1763325205245161312,[  0   0   0   0 255 227   0   0],7,264,[0. 0.],[0. 0.],Glow Plugs,244600633,1763325205,-29
1763325205329242108,[  0   0   0   0 255 227   0   0],7,264,[0. 0.],[0. 0.],Glow Plugs,328233777,1763325205,-29
1763325205421686325,[  0   0   0   0 255 227   0   0],7,264,[0. 0.],[0. 0.],Glow Plugs,420958925,1763325205,-29
1763325205535538169,[  0   0   0   0 255 227   0   0],7,264,[0. 0.],[0. 0.],Glow Plugs,534606799,1763325205,-29
1763325205619198129,[  0   0   0   0 255 227   0   0],7,264,[0. 0.],[0. 0.],Glow Plugs,618539146,1763325205,-29
1763325205734025600,[  0   0   0   0 255 227   0   0],7,264,[0. 0.],[0. 0.],Glow Plugs,733025909,1763325205,-29
1763325205825505551,[  0   0   0   0 255 227   0   0],7,264,[0. 0.],[0. 0.],Glow Plugs,825022473,1763325205,-29
1763325205941484202,[  0   0   0   0 255 227   0   0],7,264,[0. 0.],[0. 0.],Glow Plugs,938673835,1763325205,-29
1763325206021952031,[  0   0   0   0 255 227   0   0],7,264,[0. 0.],[0. 0.],Glow Plugs,21315832,1763325206,-29
1763325206177058986,[  0   0   0   0 255 227   0   0],7,264,[0. 0.],[0. 0.],Glow Plugs,176682566,1763325206,-29
1763325206250111950,[  0   0   0   0 255 227   0   0],7,264,[0. 0.],[0. 0.],Glow Plugs,249505863,1763325206,-29
1763325206332844924,[  0   0   0   0 255 227   0   0],7,264,[0. 0.],[0. 0.],Glow Plugs,332536793,1763325206,-29
1763325206427898930,[  0   0   0   0 255 227   0   0],7,264,[0. 0.],[0. 0.],Glow Plugs,427217834,1763325206,-29
1763325206541536244,[  0   0   0   0 255 227   0   0],7,264,[0. 0.],[0. 0.],Glow Plugs,540986894,1763325206,-29
1763325206624059072,[  0   0   0   0 255 227   0   0],7,264,[0. 0.],[0. 0.],Glow Plugs,623308728,1763325206,-29
1763325206738331914,[  0   0   0   0 255 227   0   0],7,264,[0. 0.],[0. 0.],Glow Plugs,737659394,1763325206,-29
1763325206831025958,[  0   0   0   0 255 227   0   0],7,264,[0. 0.],[0. 0.],Glow Plugs,830255709,1763325206,-29
1763325206933542990,[  0   0   0   0 255 227   0   0],7,264,[0. 0.],[0. 0.],Glow Plugs,932806598,1763325206,-29
1763325207026225290,[  0   0   0   0 255 227   0   0],7,264,[0. 0.],[0. 0.],Glow Plugs,24936027,1763325207,-29
1763325207181354805,[  0   0   0   0 255 227   0   0],7,264,[0. 0.],[0. 0.],Glow Plugs,180601549,1763325207,-29
1763325207253695665,[  0   0   0   0 255 227   0   0],7,264,[0. 0.],[0. 0.],Glow Plugs,252910729,1763325207,-29
1763325207336188286,[  0   0   0   0 255 227   0   0],7,264,[0. 0.],[0. 0.],Glow Plugs,335459126,1763325207,-29
1763325207428936474,[  0   0   0   0 255 227   0   0],7,264,[0. 0.],[0. 0.],Glow Plugs,428169362,1763325207,-29
1763325207542442172,[  0   0   0   0 255 227   0   0],7,264,[0. 0.],[0. 0.],Glow Plugs,541713876,1763325207,-29
1763325207626077813,[  0   0   0   0 255 227   0   0],7,264,[0. 0.],[0. 0.],Glow Plugs,625751953,1763325207,-29
1763325207741204072,[  0   0   0   0 255 227   0   0],7,264,[0. 0.],[0. 0.],Glow Plugs,740841860,1763325207,-29
1763325207835820857,[  0   0   0   0 255 227   0   0],7,264,[0. 0.],[0. 0.],Glow Plugs,834659885,1763325207,-29
1763325207939797682,[  0   0   0   0 255 227   0   0],7,264,[0. 0.],[0. 0.],Glow Plugs,939461326,1763325207,-29
1763325208032644976,[  0   0   0   0 255 227   0   0],7,264,[0. 0.],[0. 0.],Glow Plugs,32033385,1763325208,-29
1763325208187777212,[  0   0   0   0 255 227   0   0],7,264,[0. 0.],[0. 0.],Glow Plugs,187191606,1763325208,-29
1763325208260998019,[  0   0   0   0 255 227   0   0],7,264,[0. 0.],[0. 0.],Glow Plugs,260675647,1763325208,-29
1763325208343388846,[  0   0   0   0 255 227   0   0],7,264,[0. 0.],[0. 0.],Glow Plugs,342876808,1763325208,-29
1763325208435921737,[  0   0   0   0 255 227   0   0],7,264,[0. 0.],[0. 0.],Glow Plugs,435056352,1763325208,-29
1763325208539391772,[  0   0   0   0 255 227   0   0],7,264,[0. 0.],[0. 0.],Glow Plugs,539026520,1763325208,-29
1763325208631649044,[  0   0   0   0 255 227   0   0],7,264,[0. 0.],[0. 0.],Glow Plugs,631091886,1763325208,-29
1763325208746962794,[  0   0   0   0 255 227   0   0],7,264,[0. 0.],[0. 0.],Glow Plugs,746300835,1763325208,-29
1763325208829000114,[  0   0   0   0 255 227   0   0],7,264,[0. 0.],[0. 0.],Glow Plugs,828299722,1763325208,-29
1763325208941939469,[  0   0   0   0 255 227   0   0],7,264,[0. 0.],[0. 0.],Glow Plugs,941538793,1763325208,-29
1763325209036626240,[  0   0   0   0 255 227   0   0],7,264,[0. 0.],[0. 0.],Glow Plugs,35661046,1763325209,-29
1763325209190205212,[  0   0   0   0 255 227   0   0],7,264,[0. 0.],[0. 0.],Glow Plugs,189813240,1763325209,-29
1763325209265037589,[  0   0   0   0 255 227   0   0],7,264,[0. 0.],[0. 0.],Glow Plugs,263655493,1763325209,-29
1763325209347068060,[  0   0   0   0 255 227   0   0],7,264,[0. 0.],[0. 0.],Glow Plugs,346795961,1763325209,-29
1763325209435359593,[  0   0   0   0 255 227   0   0],7,264,[0. 0.],[0. 0.],Glow Plugs,434073979,1763325209,-29
1763325209543685874,[  0   0   0   0 255 227   0   0],7,264,[0. 0.],[0. 0.],Glow Plugs,543148620,1763325209,-29
1763325209637469660,[  0   0   0   0 255 227   0   0],7,264,[0. 0.],[0. 0.],Glow Plugs,636924502,1763325209,-29
1763325209748722341,[  0   0   0   0 255 246   0   0],7,264,[0. 0.],[0. 0.],Glow Plugs,748081246,1763325209,-10
1763325209841374722,[  0   0   0   0 255 246   0   0],7,264,[0. 0.],[0. 0.],Glow Plugs,840765979,1763325209,-10
1763325209944411249,[  0   0   0   0 255 246   0   0],7,264,[0. 0.],[0. 0.],Glow Plugs,943307461,1763325209,-10
1763325210036334150,[  0   0   0   0 255 246   0   0],7,264,[0. 0.],[0. 0.],Glow Plugs,35599902,1763325210,-10
1763325210192095451,[  0   0   0   0 255 246   0   0],7,264,[0. 0.],[0. 0.],Glow Plugs,191701654,1763325210,-10
1763325210264965630,[  0   0   0   0 255 246   0   0],7,264,[0. 0.],[0. 0.],Glow Plugs,264316214,1763325210,-10
1763325210347674093,[  0   0   0   0 255 246   0   0],7,264,[0. 0.],[0. 0.],Glow Plugs,346746307,1763325210,-10
1763325210441403030,[  0   0   0   0 255 246   0   0],7,264,[0. 0.],[0. 0.],Glow Plugs,440928945,1763325210,-10
1763325210555055515,[  0   0   0   0 255 246   0   0],7,264,[0. 0.],[0. 0.],Glow Plugs,553719916,1763325210,-10
1763325210638365233,[  0   0   0   0 255 246   0   0],7,264,[0. 0.],[0. 0.],Glow Plugs,637595752,1763325210,-10
1763325210752055414,[  0   0   0   0 255 246   0   0],7,264,[0. 0.],[0. 0.],Glow Plugs,751273901,1763325210,-10
1763325210844670643,[  0   0   0   0 255 246   0   0],7,264,[0. 0.],[0. 0.],Glow Plugs,844403216,1763325210,-10
1763325210953118526,[  0   0   0   0 255 246   0   0],7,264,[0. 0.],[0. 0.],Glow Plugs,952410198,1763325210,-10
1763325211036457524,[  0   0   0   0 255 246   0   0],7,264,[0. 0.],[0. 0.],Glow Plugs,36133841,1763325211,-10
1763325211192375756,[  0   0   0   0 255 246   0   0],7,264,[0. 0.],[0. 0.],Glow Plugs,190742074,1763325211,-10
1763325211264462182,[  0   0   0   0 255 246   0   0],7,264,[0. 0.],[0. 0.],Glow Plugs,263483964,1763325211,-10
1763325211347752029,[  0   0   0   0 255 246   0   0],7,264,[0. 0.],[0. 0.],Glow Plugs,347238327,1763325211,-10
1763325211441204131,[  0   0   0   0 255 246   0   0],7,264,[0. 0.],[0. 0.],Glow Plugs,439534833,1763325211,-10
1763325211554791271,[  0   0   0   0 255 246   0   0],7,264,[0. 0.],[0. 0.],Glow Plugs,553857373,1763325211,-10
1763325211647286243,[  0   0   0   0 255 246   0   0],7,264,[0. 0.],[0. 0.],Glow Plugs,646514427,1763325211,-10
1763325211750491349,[  0   0   0   0 255 246   0   0],7,264,[0. 0.],[0. 0.],Glow Plugs,750274323,1763325211,-10
1763325211843205971,[  0   0   0   0 255 246   0   0],7,264,[0. 0.],[0. 0.],Glow Plugs,842601005,1763325211,-10
1763325211958211271,[  0   0   0   0 255 246   0   0],7,264,[0. 0.],[0. 0.],Glow Plugs,957276733,1763325211,-10
1763325212040941400,[  0   0   0   0 255 246   0   0],7,264,[0. 0.],[0. 0.],Glow Plugs,40330193,1763325212,-10
1763325212195660322,[  0   0   0   0 255 246   0   0],7,264,[0. 0.],[0. 0.],Glow Plugs,195407872,1763325212,-10
1763325212268556870,[  0   0   0   0 255 246   0   0],7,264,[0. 0.],[0. 0.],Glow Plugs,268373988,1763325212,-10
1763325212354918943,[  0   0   0   0 255 246   0   0],7,264,[0. 0.],[0. 0.],Glow Plugs,353560464,1763325212,-10
1763325212448022754,[  0   0   0   0 255 246   0   0],7,264,[0. 0.],[0. 0.],Glow Plugs,447730527,1763325212,-10
1763325212551344822,[  0   0   0   0 255 246   0   0],7,264,[0. 0.],[0. 0.],Glow Plugs,551116915,1763325212,-10
1763325212643840722,[  0   0   0   0 255 246   0   0],7,264,[0. 0.],[0. 0.],Glow Plugs,643613295,1763325212,-10
1763325212756869616,[  0   0   0   0 255 246   0   0],7,264,[0. 0.],[0. 0.],Glow Plugs,756650350,1763325212,-10
1763325212851308610,[  0   0   0   0 255 246   0   0],7,264,[0. 0.],[0. 0.],Glow Plugs,850728380,1763325212,-10
1763325212953807181,[  0   0   0   0 255 246   0   0],7,264,[0. 0.],[0. 0.],Glow Plugs,953251559,1763325212,-10
1763325213050903068,[  0   0   0   0 255 246   0   0],7,264,[0. 0.],[0. 0.],Glow Plugs,50284085,1763325213,-10
1763325213197091401,[  0   0   0   0 255 246   0   0],7,264,[0. 0.],[0. 0.],Glow Plugs,196526595,1763325213,-10
1763325213270011502,[  0   0   0   0 255 246   0   0],7,264,[0. 0.],[0. 0.],Glow Plugs,269208357,1763325213,-10
1763325213354130606,[  0   0   0   0 255 246   0   0],7,264,[0. 0.],[0. 0.],Glow Plugs,353550599,1763325213,-10
1763325213448072346,[  0   0   0   0 255 246   0   0],7,264,[0. 0.],[0. 0.],Glow Plugs,446821613,1763325213,-10
1763325213561736801,[  0   0   0   0 255 246   0   0],7,264,[0. 0.],[0. 0.],Glow Plugs,560801270,1763325213,-10
1763325213647978232,[  0   0   0   0 255 246   0   0],7,264,[0. 0.],[0. 0.],Glow Plugs,646082435,1763325213,-10
1763325213761616574,[  0   0   0   0 255 246   0   0],7,264,[0. 0.],[0. 0.],Glow Plugs,760787157,1763325213,-10
1763325213858606413,[  0   0   0   0 255 246   0   0],7,264,[0. 0.],[0. 0.],Glow Plugs,854323453,1763325213,-10
1763325213958201176,[  0   0   0   0 255 246   0   0],7,264,[0. 0.],[0. 0.],Glow Plugs,956504293,1763325213,-10
1763325214049401990,[  0   0   0   0 255 246   0   0],7,264,[0. 0.],[0. 0.],Glow Plugs,48486588,1763325214,-10
1763325214207110003,[  0   0   0   0 255 246   0   0],7,264,[0. 0.],[0. 0.],Glow Plugs,205888198,1763325214,-10
1763325214278889675,[  0   0   0   0 255 246   0   0],7,264,[0. 0.],[0. 0.],Glow Plugs,278416806,1763325214,-10
1763325214361228984,[  0   0   0   0 255 246   0   0],7,264,[0. 0.],[0. 0.],Glow Plugs,361023990,1763325214,-10
1763325214454173242,[  0   0   0   0 255 246   0   0],7,264,[0. 0.],[0. 0.],Glow Plugs,453807254,1763325214,-10
1763325214558868830,[  0   0   0   0 255 246   0   0],7,264,[0. 0.],[0. 0.],Glow Plugs,557426190,1763325214,-10
1763325214650181934,[  0   0   0   0 255 246   0   0],7,264,[0. 0.],[0. 0.],Glow Plugs,649727305,1763325214,-10
1763325214764619037,[  0   0   0   0 255 246   0   0],7,264,[0. 0.],[0. 0.],Glow Plugs,764292506,1763325214,-10
1763325214856627669,[  0   0   0   0 255 246   0   0],7,264,[0. 0.],[0. 0.],Glow Plugs,856142992,1763325214,-10
1763325214959318563,[  0   0   0   0 255 246   0   0],7,264,[0. 0.],[0. 0.],Glow Plugs,958731964,1763325214,-10
1763325215051662046,[  0   0   0   0 255 246   0   0],7,264,[0. 0.],[0. 0.],Glow Plugs,51251482,1763325215,-10
1763325215207653753,[  0   0   0   0 255 246   0   0],7,264,[0. 0.],[0. 0.],Glow Plugs,206811088,1763325215,-10
1763325215280840449,[  0   0   0   0 255 246   0   0],7,264,[0. 0.],[0. 0.],Glow Plugs,280377340,1763325215,-10
1763325215363810997,[  0   0   0   0 255 246   0   0],7,264,[0. 0.],[0. 0.],Glow Plugs,363113934,1763325215,-10
1763325215457124636,[  0   0   0   0 255 246   0   0],7,264,[0. 0.],[0. 0.],Glow Plugs,456394804,1763325215,-10
1763325215569818392,[  0   0   0   0 255 246   0   0],7,264,[0. 0.],[0. 0.],Glow Plugs,569381172,1763325215,-10
1763325215653685015,[  0   0   0   0 255 246   0   0],7,264,[0. 0.],[0. 0.],Glow Plugs,652680940,1763325215,-10
1763325215767058075,[  0   0   0   0 255 246   0   0],7,264,[0. 0.],[0. 0.],Glow Plugs,765532522,1763325215,-10
1763325215858559853,[  0   0   0   0 255 246   0   0],7,264,[0. 0.],[0. 0.],Glow Plugs,857805893,1763325215,-10
1763325215971029607,[  0   0   0   0 255 246   0   0],7,264,[0. 0.],[0. 0.],Glow Plugs,970618371,1763325215,-10
1763325216053561143,[  0   0   0   0 255 246   0   0],7,264,[0. 0.],[0. 0.],Glow Plugs,52818159,1763325216,-10
1763325216208716137,[  0   0   0   0 255 246   0   0],7,264,[0. 0.],[0. 0.],Glow Plugs,208092290,1763325216,-10
1763325216281732240,[  0   0   0   0 255 246   0   0],7,264,[0. 0.],[0. 0.],Glow Plugs,281297643,1763325216,-10
1763325216364278240,[  0   0   0   0 255 246   0   0],7,264,[0. 0.],[0. 0.],Glow Plugs,363794074,1763325216,-10
1763325216457672295,[  0   0   0   0 255 246   0   0],7,264,[0. 0.],[0. 0.],Glow Plugs,457471909,1763325216,-10
1763325216571775540,[  0   0   0   0 255 246   0   0],7,264,[0. 0.],[0. 0.],Glow Plugs,570950059,1763325216,-10
1763325216664233361,[  0   0   0   0 255 246   0   0],7,264,[0. 0.],[0. 0.],Glow Plugs,663457193,1763325216,-10
1763325216766373306,[  0   0   0   0 255 246   0   0],7,264,[0. 0.],[0. 0.],Glow Plugs,765939381,1763325216,-10
1763325216858341298,[  0   0   0   0 255 246   0   0],7,264,[0. 0.],[0. 0.],Glow Plugs,858142704,1763325216,-10
1763325216972056538,[  0   0   0   0 255 246   0   0],7,264,[0. 0.],[0. 0.],Glow Plugs,971089328,1763325216,-10
1763325217063575982,[  0   0   0   0 255 246   0   0],7,264,[0. 0.],[0. 0.],Glow Plugs,63135241,1763325217,-10
1763325217209217015,[  0   0   0   0 255 246   0   0],7,264,[0. 0.],[0. 0.],Glow Plugs,208180972,1763325217,-10
1763325217280897231,[  0   0   0   0 255 246   0   0],7,264,[0. 0.],[0. 0.],Glow Plugs,280180840,1763325217,-10
1763325217373714033,[  0   0   0   0 255 246   0   0],7,264,[0. 0.],[0. 0.],Glow Plugs,372903976,1763325217,-10
1763325217457160428,[  0   0   0   0 255 246   0   0],7,264,[0. 0.],[0. 0.],Glow Plugs,456329506,1763325217,-10
1763325217569841673,[  0   0   0   0 255 246   0   0],7,264,[0. 0.],[0. 0.],Glow Plugs,569388708,1763325217,-10
1763325217662813197,[  0   0   0   0 255 246   0   0],7,264,[0. 0.],[0. 0.],Glow Plugs,661609695,1763325217,-10
1763325217775394921,[  0   0   0   0 255 246   0   0],7,264,[0. 0.],[0. 0.],Glow Plugs,775134662,1763325217,-10
1763325217858459263,[  0   0   0   0 255 246   0   0],7,264,[0. 0.],[0. 0.],Glow Plugs,857282898,1763325217,-10
1763325217971302846,[  0   0   0   0 255 246   0   0],7,264,[0. 0.],[0. 0.],Glow Plugs,970601526,1763325217,-10
1763325218063668123,[  0   0   0   0 255 246   0   0],7,264,[0. 0.],[0. 0.],Glow Plugs,62957811,1763325218,-10
1763325218219190259,[  0   0   0   0 255 246   0   0],7,264,[0. 0.],[0. 0.],Glow Plugs,217596673,1763325218,-10
1763325218292453181,[  0   0   0   0 255 246   0   0],7,264,[0. 0.],[0. 0.],Glow Plugs,290499143,1763325218,-10
1763325218375049038,[  0   0   0   0 255 246   0   0],7,264,[0. 0.],[0. 0.],Glow Plugs,371868875,1763325218,-10
1763325218466294367,[  0   0   0   0 255 246   0   0],7,264,[0. 0.],[0. 0.],Glow Plugs,465556311,1763325218,-10
1763325218579048670,[  0   0   0   0 255 246   0   0],7,264,[0. 0.],[0. 0.],Glow Plugs,578589880,1763325218,-10
1763325218661654735,[  0   0   0   0 255 246   0   0],7,264,[0. 0.],[0. 0.],Glow Plugs,661446189,1763325218,-10
1763325218776182753,[  0   0   0   0 255 246   0   0],7,264,[0. 0.],[0. 0.],Glow Plugs,775849278,1763325218,-10
1763325218868044345,[  0   0   0   0 255 246   0   0],7,264,[0. 0.],[0. 0.],Glow Plugs,867764246,1763325218,-10
1763325218981928004,[  0   0   0   0 255 246   0   0],7,264,[0. 0.],[0. 0.],Glow Plugs,980827064,1763325218,-10
1763325219063429833,[  0   0   0   0 255 246   0   0],7,264,[0. 0.],[0. 0.],Glow Plugs,63196199,1763325219,-10
1763325219219044451,[  0   0   0   0 255 246   0   0],7,264,[0. 0.],[0. 0.],Glow Plugs,218321723,1763325219,-10
1763325219291610693,[  0   0   0   0 255 246   0   0],7,264,[0. 0.],[0. 0.],Glow Plugs,290773660,1763325219,-10
1763325219374512538,[  0   0   0   0 255 246   0   0],7,264,[0. 0.],[0. 0.],Glow Plugs,373959540,1763325219,-10
1763325219467643648,[  0   0   0   0 255 246   0   0],7,264,[0. 0.],[0. 0.],Glow Plugs,467208540,1763325219,-10
1763325219581871760,[  0   0   0   0 255 246   0   0],7,264,[0. 0.],[0. 0.],Glow Plugs,581317258,1763325219,-10
1763325219665131689,[  0   0   0   0 255 246   0   0],7,264,[0. 0.],[0. 0.],Glow Plugs,664606723,1763325219,-10
1763325219780342851,[  0   0   0   0 255 246   0   0],7,264,[0. 0.],[0. 0.],Glow Plugs,779780605,1763325219,-10
1763325219872994628,[  0   0   0   0 255 246   0   0],7,264,[0. 0.],[0. 0.],Glow Plugs,872482622,1763325219,-10
1763325219976060376,[  0   0   0   0 255 246   0   0],7,264,[0. 0.],[0. 0.],Glow Plugs,975541298,1763325219,-10
1763325220068945628,[  0   0   0   0 255 246   0   0],7,264,[0. 0.],[0. 0.],Glow Plugs,68660921,1763325220,-10
1763325220225226301,[  0   0   0   0 255 246   0   0],7,264,[0. 0.],[0. 0.],Glow Plugs,224605302,1763325220,-10
1763325220297187513,[  0   0   0   0 255 246   0   0],7,264,[0. 0.],[0. 0.],Glow Plugs,296814933,1763325220,-10
1763325220379810892,[  0   0   0   0 255 246   0   0],7,264,[0. 0.],[0. 0.],Glow Plugs,379582537,1763325220,-10
1763325220472385996,[  0   0   0   0 255 246   0   0],7,264,[0. 0.],[0. 0.],Glow Plugs,471854182,1763325220,-10
1763325220586423002,[  0   0   0   0 255 246   0   0],7,264,[0. 0.],[0. 0.],Glow Plugs,586133559,1763325220,-10
1763325220669072396,[  0   0   0   0 255 246   0   0],7,264,[0. 0.],[0. 0.],Glow Plugs,668230371,1763325220,-10
1763325220781857677,[  0   0   0   0 255 246   0   0],7,264,[0. 0.],[0. 0.],Glow Plugs,781584970,1763325220,-10
1763325220874571822,[  0   0   0   0 255 246   0   0],7,264,[0. 0.],[0. 0.],Glow Plugs,874030312,1763325220,-10
1763325220987949653,[  0   0   0   0 255 246   0   0],7,264,[0. 0.],[0. 0.],Glow Plugs,987308686,1763325220,-10
1763325221071480338,[  0   0   0   0 255 246   0   0],7,264,[0. 0.],[0. 0.],Glow Plugs,71067949,1763325221,-10
1763325221226192066,[  0   0   0   0 255 246   0   0],7,264,[0. 0.],[0. 0.],Glow Plugs,225299352,1763325221,-10
1763325221298183135,[  0   0   0   0 255 246   0   0],7,264,[0. 0.],[0. 0.],Glow Plugs,297972893,1763325221,-10
1763325221382908873,[  0   0   0   0 255 246   0   0],7,264,[0. 0.],[0. 0.],Glow Plugs,382477092,1763325221,-10
1763325221474586976,[  0   0   0   0 255 246   0   0],7,264,[0. 0.],[0. 0.],Glow Plugs,473946265,1763325221,-10
1763325221587575011,[  0   0   0   0 255 246   0   0],7,264,[0. 0.],[0. 0.],Glow Plugs,587185822,1763325221,-10
1763325221670568441,[  0   0   0   0 255 246   0   0],7,264,[0. 0.],[0. 0.],Glow Plugs,670186325,1763325221,-10
1763325221784838186,[  0   0   0   0 255 246   0   0],7,264,[0. 0.],[0. 0.],Glow Plugs,783618973,1763325221,-10
1763325221876162173,[  0   0   0   0 255 246   0   0],7,264,[0. 0.],[0. 0.],Glow Plugs,875758073,1763325221,-10
1763325221989103616,[  0   0   0   0 255 246   0   0],7,264,[0. 0.],[0. 0.],Glow Plugs,988443576,1763325221,-10
1763325222081407518,[  0   0   0   0 255 246   0   0],7,264,[0. 0.],[0. 0.],Glow Plugs,80826135,1763325222,-10
1763325222228959104,[  0   0   0   0 255 246   0   0],7,264,[0. 0.],[0. 0.],Glow Plugs,228250840,1763325222,-10
1763325222300860284,[  0   0   0   0 255 246   0   0],7,264,[0. 0.],[0. 0.],Glow Plugs,300250517,1763325222,-10
1763325222395200721,[  0   0   0   0 255 246   0   0],7,264,[0. 0.],[0. 0.],Glow Plugs,394616458,1763325222,-10
1763325222476765400,[  0   0   0   0 255 246   0   0],7,264,[0. 0.],[0. 0.],Glow Plugs,476128497,1763325222,-10
1763325222591096554,[  0   0   0   0 255 246   0   0],7,264,[0. 0.],[0. 0.],Glow Plugs,590322594,1763325222,-10
1763325222684239058,[  0   0   0   0 255 246   0   0],7,264,[0. 0.],[0. 0.],Glow Plugs,682222427,1763325222,-10
1763325222786770465,[  0   0   0   0 255 246   0   0],7,264,[0. 0.],[0. 0.],Glow Plugs,785627828,1763325222,-10
1763325222878728507,[  0   0   0   0 255 246   0   0],7,264,[0. 0.],[0. 0.],Glow Plugs,877429133,1763325222,-10
1763325222991976226,[  0   0   0   0 255 246   0   0],7,264,[0. 0.],[0. 0.],Glow Plugs,990851957,1763325222,-10
1763325223083718586,[  0   0   0   0 255 246   0   0],7,264,[0. 0.],[0. 0.],Glow Plugs,82817776,1763325223,-10
1763325223227080462,[  0   0   0   0 255 246   0   0],7,264,[0. 0.],[0. 0.],Glow Plugs,226818091,1763325223,-10
1763325223299587729,[  0   0   0   0 255 246   0   0],7,264,[0. 0.],[0. 0.],Glow Plugs,299232557,1763325223,-10
1763325223393898790,[  0   0   0   0 255 246   0   0],7,264,[0. 0.],[0. 0.],Glow Plugs,393119742,1763325223,-10
1763325223477210241,[  0   0   0   0 255 246   0   0],7,264,[0. 0.],[0. 0.],Glow Plugs,476069269,1763325223,-10
1763325223590937389,[  0   0   0   0 255 246   0   0],7,264,[0. 0.],[0. 0.],Glow Plugs,590169029,1763325223,-10
1763325223683134315,[  0   0   0   0 255 246   0   0],7,264,[0. 0.],[0. 0.],Glow Plugs,682456739,1763325223,-10
1763325223797157050,[  0   0   0   0 255 246   0   0],7,264,[0. 0.],[0. 0.],Glow Plugs,796601588,1763325223,-10
1763325223879220839,[  0   0   0   0 255 246   0   0],7,264,[0. 0.],[0. 0.],Glow Plugs,878750402,1763325223,-10
1763325223993279607,[  0   0   0   0 255 246   0   0],7,264,[0. 0.],[0. 0.],Glow Plugs,992980563,1763325223,-10
1763325224086071835,[  0   0   0   0 255 246   0   0],7,264,[0. 0.],[0. 0.],Glow Plugs,85610230,1763325224,-10
1763325224240813902,[  0   0   0   0 255 246   0   0],7,264,[0. 0.],[0. 0.],Glow Plugs,239650721,1763325224,-10
1763325224313801239,[  0   0   0   0 255 246   0   0],7,264,[0. 0.],[0. 0.],Glow Plugs,312408807,1763325224,-10
1763325224394970650,[  0   0   0   0 255 246   0   0],7,264,[0. 0.],[0. 0.],Glow Plugs,394458389,1763325224,-10
1763325224488457287,[  0   0   0   0 255 246   0   0],7,264,[0. 0.],[0. 0.],Glow Plugs,487756927,1763325224,-10
1763325224591395707,[  0   0   0   0 255 246   0   0],7,264,[0. 0.],[0. 0.],Glow Plugs,590652947,1763325224,-10
1763325224683710842,[  0   0   0   0 255 246   0   0],7,264,[0. 0.],[0. 0.],Glow Plugs,682803824,1763325224,-10
1763325224796601118,[  0   0   0   0 255 246   0   0],7,264,[0. 0.],[0. 0.],Glow Plugs,796057336,1763325224,-10
1763325224890563663,[  0   0   0   0 255 246   0   0],7,264,[0. 0.],[0. 0.],Glow Plugs,889689157,1763325224,-10
1763325224995169046,[  0   0   0   0 255 246   0   0],7,264,[0. 0.],[0. 0.],Glow Plugs,994493999,1763325224,-10
1763325225088967334,[  0   0   0   0 255 246   0   0],7,264,[0. 0.],[0. 0.],Glow Plugs,88258302,1763325225,-10
1763325225234039663,[  0   0   0   0 255 246   0   0],7,264,[0. 0.],[0. 0.],Glow Plugs,233235238,1763325225,-10
1763325225307533182,[  0   0   0   0 255 246   0   0],7,264,[0. 0.],[0. 0.],Glow Plugs,306285488,1763325225,-10
1763325225399548314,[  0   0   0   0 255 246   0   0],7,264,[0. 0.],[0. 0.],Glow Plugs,399194934,1763325225,-10
1763325225492295550,[  0   0   0   0 255 246   0   0],7,264,[0. 0.],[0. 0.],Glow Plugs,491724088,1763325225,-10
1763325225597305578,[  0   0   0   0 255 246   0   0],7,264,[0. 0.],[0. 0.],Glow Plugs,596274463,1763325225,-10
1763325225690609621,[  0   0   0   0 255 246   0   0],7,264,[0. 0.],[0. 0.],Glow Plugs,690229841,1763325225,-10
1763325225806820733,[  0   0   0   0 255 246   0   0],7,264,[0. 0.],[0. 0.],Glow Plugs,804247297,1763325225,-10
1763325225886120077,[  0   0   0   0 255 246   0   0],7,264,[0. 0.],[0. 0.],Glow Plugs,885809641,1763325225,-10
1763325226002091538,[  0   0   0   0 255 246   0   0],7,264,[0. 0.],[0. 0.],Glow Plugs,1102727,1763325226,-10
1763325226094338258,[  0   0   0   0 255 246   0   0],7,264,[0. 0.],[0. 0.],Glow Plugs,93793547,1763325226,-10
1763325226243885548,[  0   0   0   0 255 246   0   0],7,264,[0. 0.],[0. 0.],Glow Plugs,243152964,1763325226,-10
1763325226313488432,[  0   0   0   0 255 246   0   0],7,264,[0. 0.],[0. 0.],Glow Plugs,312691495,1763325226,-10
1763325226405375307,[  0   0   0   0 255 246   0   0],7,264,[0. 0.],[0. 0.],Glow Plugs,405162665,1763325226,-10
1763325226488088321,[  0   0   0   0 255 246   0   0],7,264,[0. 0.],[0. 0.],Glow Plugs,487558043,1763325226,-10
1763325226605473367,[  0   0   0   0 255 246   0   0],7,264,[0. 0.],[0. 0.],Glow Plugs,604378763,1763325226,-10
1763325226687320931,[  0   0   0   0 255 246   0   0],7,264,[0. 0.],[0. 0.],Glow Plugs,686371864,1763325226,-10
1763325226800966383,[  0   0   0   0 255 246   0   0],7,264,[0. 0.],[0. 0.],Glow Plugs,800108774,1763325226,-10
1763325226892800234,[  0   0   0   0 255 246   0   0],7,264,[0. 0.],[0. 0.],Glow Plugs,892220323,1763325226,-10
1763325227006407702,[  0   0   0   0 255 246   0   0],7,264,[0. 0.],[0. 0.],Glow Plugs,5204553,1763325227,-10
1763325227097589834,[  0   0   0   0 255 246   0   0],7,264,[0. 0.],[0. 0.],Glow Plugs,97172581,1763325227,-10
1763325227241430118,[  0   0   0   0 255 246   0   0],7,264,[0. 0.],[0. 0.],Glow Plugs,240910560,1763325227,-10
1763325227314503057,[  0   0   0   0 255 246   0   0],7,264,[0. 0.],[0. 0.],Glow Plugs,313797545,1763325227,-10
1763325227408036062,[  0   0   0   0 255 246   0   0],7,264,[0. 0.],[0. 0.],Glow Plugs,407011475,1763325227,-10
1763325227489726921,[  0   0   0   0 255 246   0   0],7,264,[0. 0.],[0. 0.],Glow Plugs,489417861,1763325227,-10
1763325227603696505,[  0   0   0   0 255 246   0   0],7,264,[0. 0.],[0. 0.],Glow Plugs,602906449,1763325227,-10
1763325227694761804,[  0   0   0   0 255 246   0   0],7,264,[0. 0.],[0. 0.],Glow Plugs,694509417,1763325227,-10
1763325227809088608,[  0   0   0   0 255 246   0   0],7,264,[0. 0.],[0. 0.],Glow Plugs,808703580,1763325227,-10
1763325227901396481,[  0   0   0   0 255 246   0   0],7,264,[0. 0.],[0. 0.],Glow Plugs,900653336,1763325227,-10
1763325228003496494,[  0   0   0   0 255 246   0   0],7,264,[0. 0.],[0. 0.],Glow Plugs,2946247,1763325228,-10
1763325228095956688,[  0   0   0   0 255 246   0   0],7,264,[0. 0.],[0. 0.],Glow Plugs,95345705,1763325228,-10
1763325228250991625,[  0   0   0   0 255 246   0   0],7,264,[0. 0.],[0. 0.],Glow Plugs,250742790,1763325228,-10
1763325228324343223,[  0   0   0   0 255 246   0   0],7,264,[0. 0.],[0. 0.],Glow Plugs,323481357,1763325228,-10
1763325228405508956,[  0   0   0   0 255 246   0   0],7,264,[0. 0.],[0. 0.],Glow Plugs,405223257,1763325228,-10
1763325228497847069,[  0   0   0   0 255 246   0   0],7,264,[0. 0.],[0. 0.],Glow Plugs,497443161,1763325228,-10
1763325228611617068,[  0   0   0   0 255 246   0   0],7,264,[0. 0.],[0. 0.],Glow Plugs,611029189,1763325228,-10
1763325228693597690,[  0   0   0   0 255 246   0   0],7,264,[0. 0.],[0. 0.],Glow Plugs,693259574,1763325228,-10
1763325228806558272,[  0   0   0   0 255 246   0   0],7,264,[0. 0.],[0. 0.],Glow Plugs,805935673,1763325228,-10
1763325228900180271,[  0   0   0   0 255 246   0   0],7,264,[0. 0.],[0. 0.],Glow Plugs,899266469,1763325228,-10
1763325229013405080,[  0   0   0   0 255 246   0   0],7,264,[0. 0.],[0. 0.],Glow Plugs,13013652,1763325229,-10
1763325229096797046,[  0   0   0   0 255 246   0   0],7,264,[0. 0.],[0. 0.],Glow Plugs,96511603,1763325229,-10
1763325229253490338,[  0   0   0   0 255 246   0   0],7,264,[0. 0.],[0. 0.],Glow Plugs,252816826,1763325229,-10
1763325229325624355,[  0   0   0   0 255 246   0   0],7,264,[0. 0.],[0. 0.],Glow Plugs,325405313,1763325229,-10
1763325229410273839,[  0   0   0   0 255 246   0   0],7,264,[0. 0.],[0. 0.],Glow Plugs,409464518,1763325229,-10
1763325229503749533,[  0   0   0   0 255 246   0   0],7,264,[0. 0.],[0. 0.],Glow Plugs,503423321,1763325229,-10
1763325229609221392,[  0   0   0   0 255 246   0   0],7,264,[0. 0.],[0. 0.],Glow Plugs,608612457,1763325229,-10
1763325229705275259,[  0   0   0   0 255 246   0   0],7,264,[0. 0.],[0. 0.],Glow Plugs,704958071,1763325229,-10
1763325229808560374,[0 0 0 0 0 0 0 0],7,264,[0. 0.],[0. 0.],Glow Plugs,807626347,1763325229,0
1763325229901099865,[0 0 0 0 0 0 0 0],7,264,[0. 0.],[0. 0.],Glow Plugs,900071086,1763325229,0
1763325230013918526,[0 0 0 0 0 0 0 0],7,264,[0. 0.],[0. 0.],Glow Plugs,13303703,1763325230,0
1763325230105755674,[0 0 0 0 0 0 0 0],7,264,[0. 0.],[0. 0.],Glow Plugs,105484695,1763325230,0
1763325230251586158,[0 0 0 0 0 0 0 0],7,264,[0. 0.],[0. 0.],Glow Plugs,250974344,1763325230,0
1763325230324042323,[0 0 0 0 0 0 0 0],7,264,[0. 0.],[0. 0.],Glow Plugs,323748112,1763325230,0
1763325230419153588,[0 0 0 0 0 0 0 0],7,264,[0. 0.],[0. 0.],Glow Plugs,418883217,1763325230,0
1763325230504358438,[0 0 0 0 0 0 0 0],7,264,[0. 0.],[0. 0.],Glow Plugs,502980951,1763325230,0
1763325230619694280,[0 0 0 0 0 0 0 0],7,264,[0. 0.],[0. 0.],Glow Plugs,619402469,1763325230,0
1763325230703492683,[0 0 0 0 0 0 0 0],7,264,[0. 0.],[0. 0.],Glow Plugs,703141735,1763325230,0
1763325230816702068,[0 0 0 0 0 0 0 0],7,264,[0. 0.],[0. 0.],Glow Plugs,815688041,1763325230,0
1763325230910552775,[0 0 0 0 0 0 0 0],7,264,[0. 0.],[0. 0.],Glow Plugs,909917120,1763325230,0
1763325231012521812,[0 0 0 0 0 0 0 0],7,264,[0. 0.],[0. 0.],Glow Plugs,12258289,1763325231,0
1763325231107096879,[0 0 0 0 0 0 0 0],7,264,[0. 0.],[0. 0.],Glow Plugs,104554226,1763325231,0
1763325231262894034,[0 0 0 0 0 0 0 0],7,264,[0. 0.],[0. 0.],Glow Plugs,262379852,1763325231,0
1763325231334514798,[0 0 0 0 0 0 0 0],7,264,[0. 0.],[0. 0.],Glow Plugs,333730437,1763325231,0
1763325231417517192,[0 0 0 0 0 0 0 0],7,264,[0. 0.],[0. 0.],Glow Plugs,415891158,1763325231,0
1763325231510994935,[0 0 0 0 0 0 0 0],7,264,[0. 0.],[0. 0.],Glow Plugs,510452849,1763325231,0
1763325231621572964,[0 0 0 0 0 0 0 0],7,264,[0. 0.],[0. 0.],Glow Plugs,621026366,1763325231,0
1763325231703881687,[0 0 0 0 0 0 0 0],7,264,[0. 0.],[0. 0.],Glow Plugs,703116494,1763325231,0
1763325231818157997,[0 0 0 0 0 0 0 0],7,264,[0. 0.],[0. 0.],Glow Plugs,817413093,1763325231,0
1763325231908944862,[0 0 0 0 0 0 0 0],7,264,[0. 0.],[0. 0.],Glow Plugs,908618138,1763325231,0
1763325232023714809,[0 0 0 0 0 0 0 0],7,264,[0. 0.],[0. 0.],Glow Plugs,22889296,1763325232,0
1763325232105585704,[0 0 0 0 0 0 0 0],7,264,[0. 0.],[0. 0.],Glow Plugs,104960129,1763325232,0
1763325232262917629,[0 0 0 0 0 0 0 0],7,264,[0. 0.],[0. 0.],Glow Plugs,262287606,1763325232,0
1763325232334558393,[0 0 0 0 0 0 0 0],7,264,[0. 0.],[0. 0.],Glow Plugs,334093844,1763325232,0
1763325232417140559,[0 0 0 0 0 0 0 0],7,264,[0. 0.],[0. 0.],Glow Plugs,416863756,1763325232,0
1763325232510018200,[0 0 0 0 0 0 0 0],7,264,[0. 0.],[0. 0.],Glow Plugs,509733141,1763325232,0
1763325232623220674,[0 0 0 0 0 0 0 0],7,264,[0. 0.],[0. 0.],Glow Plugs,622757949,1763325232,0
1763325232716677873,[0 0 0 0 0 0 0 0],7,264,[0. 0.],[0. 0.],Glow Plugs,715052287,1763325232,0
1763325232817810710,[0 0 0 0 0 0 0 0],7,264,[0. 0.],[0. 0.],Glow Plugs,817587539,1763325232,0
1763325232910519996,[0 0 0 0 0 0 0 0],7,264,[0. 0.],[0. 0.],Glow Plugs,910070807,1763325232,0
1763325233026671144,[0 0 0 0 0 0 0 0],7,264,[0. 0.],[0. 0.],Glow Plugs,24354222,1763325233,0
1763325233117027765,[0 0 0 0 0 0 0 0],7,264,[0. 0.],[0. 0.],Glow Plugs,116832883,1763325233,0
1763325233262949452,[0 0 0 0 0 0 0 0],7,264,[0. 0.],[0. 0.],Glow Plugs,262381029,1763325233,0
1763325233336241755,[0 0 0 0 0 0 0 0],7,264,[0. 0.],[0. 0.],Glow Plugs,335974936,1763325233,0
1763325233421094571,[0 0 0 0 0 0 0 0],7,264,[0. 0.],[0. 0.],Glow Plugs,420746503,1763325233,0
1763325233515330787,[0 0 0 0 0 0 0 0],7,264,[0. 0.],[0. 0.],Glow Plugs,513770673,1763325233,0
1763325233627447106,[0 0 0 0 0 0 0 0],7,264,[0. 0.],[0. 0.],Glow Plugs,627120190,1763325233,0
1763325233710147641,[0 0 0 0 0 0 0 0],7,264,[0. 0.],[0. 0.],Glow Plugs,709285680,1763325233,0
1763325233824912278,[0 0 0 0 0 0 0 0],7,264,[0. 0.],[0. 0.],Glow Plugs,824713107,1763325233,0
1763325233918084418,[0 0 0 0 0 0 0 0],7,264,[0. 0.],[0. 0.],Glow Plugs,917394778,1763325233,0
1763325234031004490,[0 0 0 0 0 0 0 0],7,264,[0. 0.],[0. 0.],Glow Plugs,30292386,1763325234,0
1763325234112854873,[0 0 0 0 0 0 0 0],7,264,[0. 0.],[0. 0.],Glow Plugs,112524373,1763325234,0
1763325234267231342,[0 0 0 0 0 0 0 0],7,264,[0. 0.],[0. 0.],Glow Plugs,266959723,1763325234,0
1763325234340260347,[0 0 0 0 0 0 0 0],7,264,[0. 0.],[0. 0.],Glow Plugs,339844758,1763325234,0
1763325234423196725,[0 0 0 0 0 0 0 0],7,264,[0. 0.],[0. 0.],Glow Plugs,422217323,1763325234,0
1763325234515165237,[0 0 0 0 0 0 0 0],7,264,[0. 0.],[0. 0.],Glow Plugs,514875186,1763325234,0
1763325234630649722,[0 0 0 0 0 0 0 0],7,264,[0. 0.],[0. 0.],Glow Plugs,630093043,1763325234,0
1763325234721593773,[0 0 0 0 0 0 0 0],7,264,[0. 0.],[0. 0.],Glow Plugs,721150217,1763325234,0
1763325234824448006,[0 0 0 0 0 0 0 0],7,264,[0. 0.],[0. 0.],Glow Plugs,823856479,1763325234,0
1763325234917021196,[0 0 0 0 0 0 0 0],7,264,[0. 0.],[0. 0.],Glow Plugs,916773673,1763325234,0
1763325235030671324,[0 0 0 0 0 0 0 0],7,264,[0. 0.],[0. 0.],Glow Plugs,30273240,1763325235,0
1763325235125151608,[0 0 0 0 0 0 0 0],7,264,[0. 0.],[0. 0.],Glow Plugs,124487985,1763325235,0
1763325235269310301,[0 0 0 0 0 0 0 0],7,264,[0. 0.],[0. 0.],Glow Plugs,269046746,1763325235,0
1763325235343672856,[0 0 0 0 0 0 0 0],7,264,[0. 0.],[0. 0.],Glow Plugs,343378069,1763325235,0
1763325235432502933,[0 0 0 0 0 0 0 0],7,264,[0. 0.],[0. 0.],Glow Plugs,430770754,1763325235,0
1763325235528377344,[0 0 0 0 0 0 0 0],7,264,[0. 0.],[0. 0.],Glow Plugs,523823405,1763325235,0
1763325235628164087,[0 0 0 0 0 0 0 0],7,264,[0. 0.],[0. 0.],Glow Plugs,626499332,1763325235,0
1763325235720045781,[0 0 0 0 0 0 0 0],7,264,[0. 0.],[0. 0.],Glow Plugs,718853064,1763325235,0
1763325235832855869,[0 0 0 0 0 0 0 0],7,264,[0. 0.],[0. 0.],Glow Plugs,831525998,1763325235,0
1763325235925552229,[0 0 0 0 0 0 0 0],7,264,[0. 0.],[0. 0.],Glow Plugs,924266966,1763325235,0
1763325236040419619,[0 0 0 0 0 0 0 0],7,264,[0. 0.],[0. 0.],Glow Plugs,37306305,1763325236,0
1763325236121902863,[0 0 0 0 0 0 0 0],7,264,[0. 0.],[0. 0.],Glow Plugs,121037477,1763325236,0
1763325236279905038,[0 0 0 0 0 0 0 0],7,264,[0. 0.],[0. 0.],Glow Plugs,279173414,1763325236,0
1763325236352911803,[0 0 0 0 0 0 0 0],7,264,[0. 0.],[0. 0.],Glow Plugs,352087154,1763325236,0
1763325236434898348,[0 0 0 0 0 0 0 0],7,264,[0. 0.],[0. 0.],Glow Plugs,434478119,1763325236,0
1763325236528316540,[0 0 0 0 0 0 0 0],7,264,[0. 0.],[0. 0.],Glow Plugs,527774230,1763325236,0
1763325236630821809,[0 0 0 0 0 0 0 0],7,264,[0. 0.],[0. 0.],Glow Plugs,630475789,1763325236,0
1763325236723887454,[0 0 0 0 0 0 0 0],7,264,[0. 0.],[0. 0.],Glow Plugs,723653595,1763325236,0
1763325236837098442,[0 0 0 0 0 0 0 0],7,264,[0. 0.],[0. 0.],Glow Plugs,836881608,1763325236,0
1763325236930412761,[0 0 0 0 0 0 0 0],7,264,[0. 0.],[0. 0.],Glow Plugs,929699121,1763325236,0
1763325237036627704,[0 0 0 0 0 0 0 0],7,264,[0. 0.],[0. 0.],Glow Plugs,33225074,1763325237,0
1763325237126149693,[0 0 0 0 0 0 0 0],7,264,[0. 0.],[0. 0.],Glow Plugs,125922555,1763325237,0
1763325237281724770,[0 0 0 0 0 0 0 0],7,264,[0. 0.],[0. 0.],Glow Plugs,281486975,1763325237,0
1763325237355163668,[0 0 0 0 0 0 0 0],7,264,[0. 0.],[0. 0.],Glow Plugs,354770064,1763325237,0
1763325237437541098,[0 0 0 0 0 0 0 0],7,264,[0. 0.],[0. 0.],Glow Plugs,436834018,1763325237,0
1763325237531022427,[0 0 0 0 0 0 0 0],7,264,[0. 0.],[0. 0.],Glow Plugs,530388916,1763325237,0
1763325237635319845,[0 0 0 0 0 0 0 0],7,264,[0. 0.],[0. 0.],Glow Plugs,633909813,1763325237,0
1763325237726700767,[0 0 0 0 0 0 0 0],7,264,[0. 0.],[0. 0.],Glow Plugs,726025207,1763325237,0
1763325237839429350,[0 0 0 0 0 0 0 0],7,264,[0. 0.],[0. 0.],Glow Plugs,838515676,1763325237,0
1763325237932140591,[0 0 0 0 0 0 0 0],7,264,[0. 0.],[0. 0.],Glow Plugs,931194404,1763325237,0
1763325238034340801,[0 0 0 0 0 0 0 0],7,264,[0. 0.],[0. 0.],Glow Plugs,34046622,1763325238,0
1763325238127190284,[0 0 0 0 0 0 0 0],7,264,[0. 0.],[0. 0.],Glow Plugs,126971946,1763325238,0
1763325238286809631,[0 0 0 0 0 0 0 0],7,264,[0. 0.],[0. 0.],Glow Plugs,286517755,1763325238,0
1763325238360152176,[0 0 0 0 0 0 0 0],7,264,[0. 0.],[0. 0.],Glow Plugs,359205733,1763325238,0
1763325238443175917,[0 0 0 0 0 0 0 0],7,264,[0. 0.],[0. 0.],Glow Plugs,442268835,1763325238,0
1763325238536656255,[0 0 0 0 0 0 0 0],7,264,[0. 0.],[0. 0.],Glow Plugs,535224239,1763325238,0
1763325238638687120,[0 0 0 0 0 0 0 0],7,264,[0. 0.],[0. 0.],Glow Plugs,637769637,1763325238,0
1763325238731515226,[0 0 0 0 0 0 0 0],7,264,[0. 0.],[0. 0.],Glow Plugs,730280588,1763325238,0
1763325238843683260,[0 0 0 0 0 0 0 0],7,264,[0. 0.],[0. 0.],Glow Plugs,843030037,1763325238,0
1763325238935912768,[0 0 0 0 0 0 0 0],7,264,[0. 0.],[0. 0.],Glow Plugs,935504027,1763325238,0
1763325239039958503,[0 0 0 0 0 0 0 0],7,264,[0. 0.],[0. 0.],Glow Plugs,39691940,1763325239,0
1763325239133485018,[0 0 0 0 0 0 0 0],7,264,[0. 0.],[0. 0.],Glow Plugs,132530223,1763325239,0
1763325239288203638,[0 0 0 0 0 0 0 0],7,264,[0. 0.],[0. 0.],Glow Plugs,287745393,1763325239,0
1763325239361889356,[0 0 0 0 0 0 0 0],7,264,[0. 0.],[0. 0.],Glow Plugs,360772063,1763325239,0
1763325239445864276,[0 0 0 0 0 0 0 0],7,264,[0. 0.],[0. 0.],Glow Plugs,443897086,1763325239,0
1763325239537002188,[0 0 0 0 0 0 0 0],7,264,[0. 0.],[0. 0.],Glow Plugs,536774889,1763325239,0
1763325239641824668,[0 0 0 0 0 0 0 0],7,264,[0. 0.],[0. 0.],Glow Plugs,641016275,1763325239,0
1763325239734326436,[0 0 0 0 0 0 0 0],7,264,[0. 0.],[0. 0.],Glow Plugs,733835550,1763325239,0
1763325239849237668,[0 0 0 0 0 0 0 0],7,264,[0. 0.],[0. 0.],Glow Plugs,848876192,1763325239,0
1763325239933463535,[0 0 0 0 0 0 0 0],7,264,[0. 0.],[0. 0.],Glow Plugs,932504261,1763325239,0
1763325240049587838,[0 0 0 0 0 0 0 0],7,264,[0. 0.],[0. 0.],Glow Plugs,48821013,1763325240,0
1763325240133779177,[0 0 0 0 0 0 0 0],7,264,[0. 0.],[0. 0.],Glow Plugs,132570011,1763325240,0
1763325240289154766,[0 0 0 0 0 0 0 0],7,264,[0. 0.],[0. 0.],Glow Plugs,288294244,1763325240,0
1763325240360996303,[0 0 0 0 0 0 0 0],7,264,[0. 0.],[0. 0.],Glow Plugs,360702795,1763325240,0
1763325240443803338,[0 0 0 0 0 0 0 0],7,264,[0. 0.],[0. 0.],Glow Plugs,443577320,1763325240,0
1763325240536342098,[0 0 0 0 0 0 0 0],7,264,[0. 0.],[0. 0.],Glow Plugs,535809804,1763325240,0
1763325240650311625,[0 0 0 0 0 0 0 0],7,264,[0. 0.],[0. 0.],Glow Plugs,649250461,1763325240,0
1763325240742699919,[0 0 0 0 0 0 0 0],7,264,[0. 0.],[0. 0.],Glow Plugs,741971559,1763325240,0
1763325240844964868,[0 0 0 0 0 0 0 0],7,264,[0. 0.],[0. 0.],Glow Plugs,844345661,1763325240,0
1763325240938515991,[0 0 0 0 0 0 0 0],7,264,[0. 0.],[0. 0.],Glow Plugs,937742638,1763325240,0
1763325241052153034,[0 0 0 0 0 0 0 0],7,264,[0. 0.],[0. 0.],Glow Plugs,51578660,1763325241,0
1763325241143785897,[0 0 0 0 0 0 0 0],7,264,[0. 0.],[0. 0.],Glow Plugs,143576710,1763325241,0
1763325241288217364,[0 0 0 0 0 0 0 0],7,264,[0. 0.],[0. 0.],Glow Plugs,287619373,1763325241,0
1763325241360594715,[0 0 0 0 0 0 0 0],7,264,[0. 0.],[0. 0.],Glow Plugs,359909300,1763325241,0
1763325241452734271,[0 0 0 0 0 0 0 0],7,264,[0. 0.],[0. 0.],Glow Plugs,452357947,1763325241,0
1763325241544934468,[0 0 0 0 0 0 0 0],7,264,[0. 0.],[0. 0.],Glow Plugs,544576736,1763325241,0
1763325241648332837,[0 0 0 0 0 0 0 0],7,264,[0. 0.],[0. 0.],Glow Plugs,647675070,1763325241,0
1763325241740844653,[0 0 0 0 0 0 0 0],7,264,[0. 0.],[0. 0.],Glow Plugs,740567306,1763325241,0
1763325241853223315,[0 0 0 0 0 0 0 0],7,264,[0. 0.],[0. 0.],Glow Plugs,852998416,1763325241,0
1763325241945757883,[0 0 0 0 0 0 0 0],7,264,[0. 0.],[0. 0.],Glow Plugs,945187253,1763325241,0
1763325242048430037,[0 0 0 0 0 0 0 0],7,264,[0. 0.],[0. 0.],Glow Plugs,47717133,1763325242,0
1763325242142117642,[0 0 0 0 0 0 0 0],7,264,[0. 0.],[0. 0.],Glow Plugs,141736806,1763325242,0
1763325242297493232,[0 0 0 0 0 0 0 0],7,264,[0. 0.],[0. 0.],Glow Plugs,296957994,1763325242,0
1763325242371492106,[0 0 0 0 0 0 0 0],7,264,[0. 0.],[0. 0.],Glow Plugs,370553472,1763325242,0
1763325242453678239,[0 0 0 0 0 0 0 0],7,264,[0. 0.],[0. 0.],Glow Plugs,453393212,1763325242,0
1763325242547809370,[0 0 0 0 0 0 0 0],7,264,[0. 0.],[0. 0.],Glow Plugs,546817647,1763325242,0
1763325242652282376,[0 0 0 0 0 0 0 0],7,264,[0. 0.],[0. 0.],Glow Plugs,650435059,1763325242,0
1763325242746764614,[0 0 0 0 0 0 0 0],7,264,[0. 0.],[0. 0.],Glow Plugs,746054750,1763325242,0
1763325242865263281,[0 0 0 0 0 0 0 0],7,264,[0. 0.],[0. 0.],Glow Plugs,860567420,1763325242,0
1763325242944190401,[0 0 0 0 0 0 0 0],7,264,[0. 0.],[0. 0.],Glow Plugs,942593328,1763325242,0
1763325243056665993,[0 0 0 0 0 0 0 0],7,264,[0. 0.],[0. 0.],Glow Plugs,55800927,1763325243,0
1763325243148352616,[0 0 0 0 0 0 0 0],7,264,[0. 0.],[0. 0.],Glow Plugs,148133510,1763325243,0
1763325243306161290,[0 0 0 0 0 0 0 0],7,264,[0. 0.],[0. 0.],Glow Plugs,304692922,1763325243,0
1763325243378061485,[0 0 0 0 0 0 0 0],7,264,[0. 0.],[0. 0.],Glow Plugs,377533767,1763325243,0
1763325243461326415,[0 0 0 0 0 0 0 0],7,264,[0. 0.],[0. 0.],Glow Plugs,460670023,1763325243,0
1763325243544265740,[0 0 0 0 0 0 0 0],7,264,[0. 0.],[0. 0.],Glow Plugs,543809415,1763325243,0
1763325243656863862,[0 0 0 0 0 0 0 0],7,264,[0. 0.],[0. 0.],Glow Plugs,656509490,1763325243,0
1763325243751629976,[0 0 0 0 0 0 0 0],7,264,[0. 0.],[0. 0.],Glow Plugs,750919344,1763325243,0
1763325243853757996,[0 0 0 0 0 0 0 0],7,264,[0. 0.],[0. 0.],Glow Plugs,853269446,1763325243,0
1763325243946680889,[0 0 0 0 0 0 0 0],7,264,[0. 0.],[0. 0.],Glow Plugs,945744623,1763325243,0
1763325244059182657,[0 0 0 0 0 0 0 0],7,264,[0. 0.],[0. 0.],Glow Plugs,58919294,1763325244,0
1763325244152679606,[0 0 0 0 0 0 0 0],7,264,[0. 0.],[0. 0.],Glow Plugs,152140144,1763325244,0
1763325244297109283,[0 0 0 0 0 0 0 0],7,264,[0. 0.],[0. 0.],Glow Plugs,296405339,1763325244,0
1763325244369714413,[0 0 0 0 0 0 0 0],7,264,[0. 0.],[0. 0.],Glow Plugs,368607681,1763325244,0
1763325244462344280,[0 0 0 0 0 0 0 0],7,264,[0. 0.],[0. 0.],Glow Plugs,461316428,1763325244,0
1763325244554582686,[0 0 0 0 0 0 0 0],7,264,[0. 0.],[0. 0.],Glow Plugs,553600467,1763325244,0
1763325244657351290,[0 0 0 0 0 0 0 0],7,264,[0. 0.],[0. 0.],Glow Plugs,656439568,1763325244,0
1763325244750366729,[0 0 0 0 0 0 0 0],7,264,[0. 0.],[0. 0.],Glow Plugs,750138438,1763325244,0
1763325244863326198,[0 0 0 0 0 0 0 0],7,264,[0. 0.],[0. 0.],Glow Plugs,863006611,1763325244,0
1763325244955888800,[0 0 0 0 0 0 0 0],7,264,[0. 0.],[0. 0.],Glow Plugs,955707198,1763325244,0
1763325245061713694,[0 0 0 0 0 0 0 0],7,264,[0. 0.],[0. 0.],Glow Plugs,61202616,1763325245,0
1763325245154219112,[0 0 0 0 0 0 0 0],7,264,[0. 0.],[0. 0.],Glow Plugs,153916644,1763325245,0
1763325245301320339,[0 0 0 0 0 0 0 0],7,264,[0. 0.],[0. 0.],Glow Plugs,300357640,1763325245,0
1763325245372573135,[0 0 0 0 0 0 0 0],7,264,[0. 0.],[0. 0.],Glow Plugs,372296652,1763325245,0
1763325245466007107,[0 0 0 0 0 0 0 0],7,264,[0. 0.],[0. 0.],Glow Plugs,465364956,1763325245,0
1763325245558109960,[0 0 0 0 0 0 0 0],7,264,[0. 0.],[0. 0.],Glow Plugs,557510369,1763325245,0
1763325245660678338,[0 0 0 0 0 0 0 0],7,264,[0. 0.],[0. 0.],Glow Plugs,660366271,1763325245,0
1763325245753409070,[0 0 0 0 0 0 0 0],7,264,[0. 0.],[0. 0.],Glow Plugs,752880296,1763325245,0
1763325245865589779,[0 0 0 0 0 0 0 0],7,264,[0. 0.],[0. 0.],Glow Plugs,865412594,1763325245,0
1763325245958333120,[0 0 0 0 0 0 0 0],7,264,[0. 0.],[0. 0.],Glow Plugs,957836378,1763325245,0
1763325246071420271,[0 0 0 0 0 0 0 0],7,264,[0. 0.],[0. 0.],Glow Plugs,70584070,1763325246,0
1763325246156415333,[0 0 0 0 0 0 0 0],7,264,[0. 0.],[0. 0.],Glow Plugs,155038518,1763325246,0
1763325246309877785,[0 0 0 0 0 0 0 0],7,264,[0. 0.],[0. 0.],Glow Plugs,308928558,1763325246,0
1763325246383029706,[0 0 0 0 0 0 0 0],7,264,[0. 0.],[0. 0.],Glow Plugs,382511300,1763325246,0
1763325246466096171,[0 0 0 0 0 0 0 0],7,264,[0. 0.],[0. 0.],Glow Plugs,465326914,1763325246,0
1763325246559806050,[0 0 0 0 0 0 0 0],7,264,[0. 0.],[0. 0.],Glow Plugs,559423038,1763325246,0
1763325246673104404,[0 0 0 0 0 0 0 0],7,264,[0. 0.],[0. 0.],Glow Plugs,672490029,1763325246,0
1763325246755228490,[0 0 0 0 0 0 0 0],7,264,[0. 0.],[0. 0.],Glow Plugs,754787461,1763325246,0
1763325246869356934,[0 0 0 0 0 0 0 0],7,264,[0. 0.],[0. 0.],Glow Plugs,868784767,1763325246,0
1763325246963105150,[0 0 0 0 0 0 0 0],7,264,[0. 0.],[0. 0.],Glow Plugs,961224840,1763325246,0
1763325247067478668,[0 0 0 0 0 0 0 0],7,264,[0. 0.],[0. 0.],Glow Plugs,66919238,1763325247,0
1763325247161995885,[0 0 0 0 0 0 0 0],7,264,[0. 0.],[0. 0.],Glow Plugs,160466620,1763325247,0
1763325247309838530,[0 0 0 0 0 0 0 0],7,264,[0. 0.],[0. 0.],Glow Plugs,309150490,1763325247,0
1763325247385263405,[0 0 0 0 0 0 0 0],7,264,[0. 0.],[0. 0.],Glow Plugs,384253506,1763325247,0
1763325247468068555,[0 0 0 0 0 0 0 0],7,264,[0. 0.],[0. 0.],Glow Plugs,465871731,1763325247,0
1763325247558850754,[0 0 0 0 0 0 0 0],7,264,[0. 0.],[0. 0.],Glow Plugs,558453598,1763325247,0
1763325247674831987,[0 0 0 0 0 0 0 0],7,264,[0. 0.],[0. 0.],Glow Plugs,673917929,1763325247,0
1763325247756688070,[0 0 0 0 0 0 0 0],7,264,[0. 0.],[0. 0.],Glow Plugs,756002175,1763325247,0
1763325247869966361,[0 0 0 0 0 0 0 0],7,264,[0. 0.],[0. 0.],Glow Plugs,869294417,1763325247,0
1763325247963350669,[0 0 0 0 0 0 0 0],7,264,[0. 0.],[0. 0.],Glow Plugs,962307457,1763325247,0
1763325248075268529,[0 0 0 0 0 0 0 0],7,264,[0. 0.],[0. 0.],Glow Plugs,74898604,1763325248,0
1763325248158224656,[0 0 0 0 0 0 0 0],7,264,[0. 0.],[0. 0.],Glow Plugs,157127364,1763325248,0
1763325248312484654,[0 0 0 0 0 0 0 0],7,264,[0. 0.],[0. 0.],Glow Plugs,311224320,1763325248,0
1763325248383694122,[0 0 0 0 0 0 0 0],7,264,[0. 0.],[0. 0.],Glow Plugs,383357415,1763325248,0
1763325248476158357,[0 0 0 0 0 0 0 0],7,264,[0. 0.],[0. 0.],Glow Plugs,475913394,1763325248,0
1763325248570197008,[0 0 0 0 0 0 0 0],7,264,[0. 0.],[0. 0.],Glow Plugs,569370439,1763325248,0
1763325248673585205,[0 0 0 0 0 0 0 0],7,264,[0. 0.],[0. 0.],Glow Plugs,672650954,1763325248,0
1763325248765372215,[0 0 0 0 0 0 0 0],7,264,[0. 0.],[0. 0.],Glow Plugs,764998931,1763325248,0
1763325248878147845,[0 0 0 0 0 0 0 0],7,264,[0. 0.],[0. 0.],Glow Plugs,877673375,1763325248,0
1763325248962327954,[0 0 0 0 0 0 0 0],7,264,[0. 0.],[0. 0.],Glow Plugs,960488638,1763325248,0
1763325249073636176,[0 0 0 0 0 0 0 0],7,264,[0. 0.],[0. 0.],Glow Plugs,73029481,1763325249,0
1763325249166397278,[0 0 0 0 0 0 0 0],7,264,[0. 0.],[0. 0.],Glow Plugs,165548852,1763325249,0
1763325249320193430,[0 0 0 0 0 0 0 0],7,264,[0. 0.],[0. 0.],Glow Plugs,319583408,1763325249,0
1763325249394583319,[0 0 0 0 0 0 0 0],7,264,[0. 0.],[0. 0.],Glow Plugs,394224435,1763325249,0
1763325249478250463,[0 0 0 0 0 0 0 0],7,264,[0. 0.],[0. 0.],Glow Plugs,477512919,1763325249,0
1763325249571148366,[0 0 0 0 0 0 0 0],7,264,[0. 0.],[0. 0.],Glow Plugs,570753706,1763325249,0
1763325249681416576,[0 0 0 0 0 0 0 0],7,264,[0. 0.],[0. 0.],Glow Plugs,681058588,1763325249,0
1763325249763752697,[0 0 0 0 0 0 0 0],7,264,[0. 0.],[0. 0.],Glow Plugs,763214803,1763325249,0
1763325249876644873,[0 0 0 0 0 0 0 0],7,264,[0. 0.],[0. 0.],Glow Plugs,875795071,1763325249,0
1763325249971461902,[0 0 0 0 0 0 0 0],7,264,[0. 0.],[0. 0.],Glow Plugs,970776902,1763325249,0
1763325250083536180,[0 0 0 0 0 0 0 0],7,264,[0. 0.],[0. 0.],Glow Plugs,83232368,1763325250,0
1763325250165717388,[0 0 0 0 0 0 0 0],7,264,[0. 0.],[0. 0.],Glow Plugs,165218214,1763325250,0
1763325250320456368,[0 0 0 0 0 0 0 0],7,264,[0. 0.],[0. 0.],Glow Plugs,319623271,1763325250,0
1763325250395622777,[0 0 0 0 0 0 0 0],7,264,[0. 0.],[0. 0.],Glow Plugs,392655608,1763325250,0
1763325250477006472,[0 0 0 0 0 0 0 0],7,264,[0. 0.],[0. 0.],Glow Plugs,476504355,1763325250,0
1763325250569130159,[0 0 0 0 0 0 0 0],7,264,[0. 0.],[0. 0.],Glow Plugs,568713451,1763325250,0
1763325250682229057,[0 0 0 0 0 0 0 0],7,264,[0. 0.],[0. 0.],Glow Plugs,681681819,1763325250,0
1763325250774651884,[0 0 0 0 0 0 0 0],7,264,[0. 0.],[0. 0.],Glow Plugs,773866563,1763325250,0
1763325250877697933,[0 0 0 0 0 0 0 0],7,264,[0. 0.],[0. 0.],Glow Plugs,877268424,1763325250,0
1763325250970318138,[0 0 0 0 0 0 0 0],7,264,[0. 0.],[0. 0.],Glow Plugs,969063340,1763325250,0
1763325251082931047,[0 0 0 0 0 0 0 0],7,264,[0. 0.],[0. 0.],Glow Plugs,82259327,1763325251,0
1763325251174576969,[0 0 0 0 0 0 0 0],7,264,[0. 0.],[0. 0.],Glow Plugs,174174436,1763325251,0
1763325251329665426,[0 0 0 0 0 0 0 0],7,264,[0. 0.],[0. 0.],Glow Plugs,328578117,1763325251,0
1763325251401264371,[0 0 0 0 0 0 0 0],7,264,[0. 0.],[0. 0.],Glow Plugs,400968848,1763325251,0
1763325251484985373,[0 0 0 0 0 0 0 0],7,264,[0. 0.],[0. 0.],Glow Plugs,484519256,1763325251,0
1763325251578001486,[0 0 0 0 0 0 0 0],7,264,[0. 0.],[0. 0.],Glow Plugs,577376551,1763325251,0
1763325251681186162,[0 0 0 0 0 0 0 0],7,264,[0. 0.],[0. 0.],Glow Plugs,680550379,1763325251,0
1763325251774276228,[0 0 0 0 0 0 0 0],7,264,[0. 0.],[0. 0.],Glow Plugs,773246265,1763325251,0
1763325251890274551,[0 0 0 0 0 0 0 0],7,264,[0. 0.],[0. 0.],Glow Plugs,888830375,1763325251,0
1763325251975982135,[0 0 0 0 0 0 0 0],7,264,[0. 0.],[0. 0.],Glow Plugs,974718761,1763325251,0
1763325252087246709,[0 0 0 0 0 0 0 0],7,264,[0. 0.],[0. 0.],Glow Plugs,87043923,1763325252,0
1763325252181360275,[0 0 0 0 0 0 0 0],7,264,[0. 0.],[0. 0.],Glow Plugs,180747916,1763325252,0
1763325252327373367,[0 0 0 0 0 0 0 0],7,264,[0. 0.],[0. 0.],Glow Plugs,325703524,1763325252,0
1763325252397919661,[0 0 0 0 0 0 0 0],7,264,[0. 0.],[0. 0.],Glow Plugs,397686314,1763325252,0
1763325252490840670,[0 0 0 0 0 0 0 0],7,264,[0. 0.],[0. 0.],Glow Plugs,490368952,1763325252,0
1763325252573514876,[0 0 0 0 0 0 0 0],7,264,[0. 0.],[0. 0.],Glow Plugs,572690643,1763325252,0
1763325252686364780,[0 0 0 0 0 0 0 0],7,264,[0. 0.],[0. 0.],Glow Plugs,685729957,1763325252,0
1763325252778694966,[0 0 0 0 0 0 0 0],7,264,[0. 0.],[0. 0.],Glow Plugs,778169840,1763325252,0
1763325252892932022,[0 0 0 0 0 0 0 0],7,264,[0. 0.],[0. 0.],Glow Plugs,892654643,1763325252,0
1763325252976181882,[0 0 0 0 0 0 0 0],7,264,[0. 0.],[0. 0.],Glow Plugs,975796598,1763325252,0
1763325253088496709,[0 0 0 0 0 0 0 0],7,264,[0. 0.],[0. 0.],Glow Plugs,87837405,1763325253,0
1763325253181380438,[0 0 0 0 0 0 0 0],7,264,[0. 0.],[0. 0.],Glow Plugs,179968902,1763325253,0
1763325253333992196,[0 0 0 0 0 0 0 0],7,264,[0. 0.],[0. 0.],Glow Plugs,333720833,1763325253,0
1763325253408319333,[0 0 0 0 0 0 0 0],7,264,[0. 0.],[0. 0.],Glow Plugs,407910176,1763325253,0
1763325253490536094,[0 0 0 0 0 0 0 0],7,264,[0. 0.],[0. 0.],Glow Plugs,490136601,1763325253,0
1763325253582648166,[0 0 0 0 0 0 0 0],7,264,[0. 0.],[0. 0.],Glow Plugs,582256130,1763325253,0
1763325253695729817,[0 0 0 0 0 0 0 0],7,264,[0. 0.],[0. 0.],Glow Plugs,695320981,1763325253,0
1763325253778105812,[0 0 0 0 0 0 0 0],7,264,[0. 0.],[0. 0.],Glow Plugs,777654415,1763325253,0
1763325253891554796,[0 0 0 0 0 0 0 0],7,264,[0. 0.],[0. 0.],Glow Plugs,890982789,1763325253,0
1763325253984980611,[0 0 0 0 0 0 0 0],7,264,[0. 0.],[0. 0.],Glow Plugs,984771616,1763325253,0
1763325254087569056,[0 0 0 0 0 0 0 0],7,264,[0. 0.],[0. 0.],Glow Plugs,87194172,1763325254,0
1763325254180444722,[0 0 0 0 0 0 0 0],7,264,[0. 0.],[0. 0.],Glow Plugs,179815819,1763325254,0
1763325254335154168,[0 0 0 0 0 0 0 0],7,264,[0. 0.],[0. 0.],Glow Plugs,334630002,1763325254,0
1763325254408092521,[0 0 0 0 0 0 0 0],7,264,[0. 0.],[0. 0.],Glow Plugs,406983229,1763325254,0
1763325254489793309,[0 0 0 0 0 0 0 0],7,264,[0. 0.],[0. 0.],Glow Plugs,489251127,1763325254,0
1763325254581885318,[0 0 0 0 0 0 0 0],7,264,[0. 0.],[0. 0.],Glow Plugs,581321311,1763325254,0
1763325254697124657,[0 0 0 0 0 0 0 0],7,264,[0. 0.],[0. 0.],Glow Plugs,696772589,1763325254,0
1763325254779367499,[0 0 0 0 0 0 0 0],7,264,[0. 0.],[0. 0.],Glow Plugs,779114761,1763325254,0
1763325254893482923,[0 0 0 0 0 0 0 0],7,264,[0. 0.],[0. 0.],Glow Plugs,893269064,1763325254,0
1763325254986997635,[0 0 0 0 0 0 0 0],7,264,[0. 0.],[0. 0.],Glow Plugs,986191002,1763325254,0
1763325255100118967,[0 0 0 0 0 0 0 0],7,264,[0. 0.],[0. 0.],Glow Plugs,99758067,1763325255,0
1763325255183240987,[0 0 0 0 0 0 0 0],7,264,[0. 0.],[0. 0.],Glow Plugs,182608340,1763325255,0
1763325255338091204,[0 0 0 0 0 0 0 0],7,264,[0. 0.],[0. 0.],Glow Plugs,337226010,1763325255,0
1763325255410123852,[0 0 0 0 0 0 0 0],7,264,[0. 0.],[0. 0.],Glow Plugs,409560325,1763325255,0
1763325255492076771,[0 0 0 0 0 0 0 0],7,264,[0. 0.],[0. 0.],Glow Plugs,491826240,1763325255,0
1763325255585061653,[0 0 0 0 0 0 0 0],7,264,[0. 0.],[0. 0.],Glow Plugs,584553584,1763325255,0
1763325255698624783,[0 0 0 0 0 0 0 0],7,264,[0. 0.],[0. 0.],Glow Plugs,698180970,1763325255,0
1763325255793164083,[0 0 0 0 0 0 0 0],7,264,[0. 0.],[0. 0.],Glow Plugs,789845518,1763325255,0
1763325255904159824,[0 0 0 0 0 0 0 0],7,264,[0. 0.],[0. 0.],Glow Plugs,903180197,1763325255,0
1763325255987542423,[0 0 0 0 0 0 0 0],7,264,[0. 0.],[0. 0.],Glow Plugs,986907984,1763325255,0
1763325256101805945,[0 0 0 0 0 0 0 0],7,264,[0. 0.],[0. 0.],Glow Plugs,100816813,1763325256,0
1763325256193750848,[0 0 0 0 0 0 0 0],7,264,[0. 0.],[0. 0.],Glow Plugs,193235482,1763325256,0
1763325256339209728,[0 0 0 0 0 0 0 0],7,264,[0. 0.],[0. 0.],Glow Plugs,338705722,1763325256,0
1763325256412505526,[0 0 0 0 0 0 0 0],7,264,[0. 0.],[0. 0.],Glow Plugs,411429962,1763325256,0
1763325256506655062,[0 0 0 0 0 0 0 0],7,264,[0. 0.],[0. 0.],Glow Plugs,505405416,1763325256,0
1763325256586996123,[0 0 0 0 0 0 0 0],7,264,[0. 0.],[0. 0.],Glow Plugs,586719352,1763325256,0
1763325256699780109,[0 0 0 0 0 0 0 0],7,264,[0. 0.],[0. 0.],Glow Plugs,699276679,1763325256,0
1763325256791982327,[0 0 0 0 0 0 0 0],7,264,[0. 0.],[0. 0.],Glow Plugs,791397648,1763325256,0
1763325256904931850,[0 0 0 0 0 0 0 0],7,264,[0. 0.],[0. 0.],Glow Plugs,904651623,1763325256,0
1763325256986727648,[0 0 0 0 0 0 0 0],7,264,[0. 0.],[0. 0.],Glow Plugs,986423132,1763325256,0
1763325257099590770,[0 0 0 0 0 0 0 0],7,264,[0. 0.],[0. 0.],Glow Plugs,99244942,1763325257,0
1763325257191727868,[0 0 0 0 0 0 0 0],7,264,[0. 0.],[0. 0.],Glow Plugs,191398104,1763325257,0
1763325257348289785,[0 0 0 0 0 0 0 0],7,264,[0. 0.],[0. 0.],Glow Plugs,347211757,1763325257,0
1763325257423611878,[0 0 0 0 0 0 0 0],7,264,[0. 0.],[0. 0.],Glow Plugs,420913448,1763325257,0
1763325257507072047,[0 0 0 0 0 0 0 0],7,264,[0. 0.],[0. 0.],Glow Plugs,505962690,1763325257,0
1763325257600037154,[0 0 0 0 0 0 0 0],7,264,[0. 0.],[0. 0.],Glow Plugs,599020087,1763325257,0
1763325257702220413,[0 0 0 0 0 0 0 0],7,264,[0. 0.],[0. 0.],Glow Plugs,701662263,1763325257,0
1763325257794659946,[0 0 0 0 0 0 0 0],7,264,[0. 0.],[0. 0.],Glow Plugs,794069924,1763325257,0
1763325257907738975,[0 0 0 0 0 0 0 0],7,264,[0. 0.],[0. 0.],Glow Plugs,906985399,1763325257,0
1763325258000123116,[0 0 0 0 0 0 0 0],7,264,[0. 0.],[0. 0.],Glow Plugs,999186625,1763325257,0
1763325258102943246,[0 0 0 0 0 0 0 0],7,264,[0. 0.],[0. 0.],Glow Plugs,102621067,1763325258,0
1763325258194859414,[0 0 0 0 0 0 0 0],7,264,[0. 0.],[0. 0.],Glow Plugs,194646036,1763325258,0
1763325258350211782,[0 0 0 0 0 0 0 0],7,264,[0. 0.],[0. 0.],Glow Plugs,349979491,1763325258,0
1763325258422803509,[0 0 0 0 0 0 0 0],7,264,[0. 0.],[0. 0.],Glow Plugs,422625459,1763325258,0
1763325258506095868,[0 0 0 0 0 0 0 0],7,264,[0. 0.],[0. 0.],Glow Plugs,505409204,1763325258,0
1763325258600102811,[0 0 0 0 0 0 0 0],7,264,[0. 0.],[0. 0.],Glow Plugs,599325523,1763325258,0
1763325258703131072,[0 0 0 0 0 0 0 0],7,264,[0. 0.],[0. 0.],Glow Plugs,702588058,1763325258,0
1763325258795056648,[0 0 0 0 0 0 0 0],7,264,[0. 0.],[0. 0.],Glow Plugs,794460993,1763325258,0
1763325258908298719,[0 0 0 0 0 0 0 0],7,264,[0. 0.],[0. 0.],Glow Plugs,907738937,1763325258,0
1763325259000722093,[0 0 0 0 0 0 0 0],7,264,[0. 0.],[0. 0.],Glow Plugs,999957732,1763325258,0
1763325259114317352,[0 0 0 0 0 0 0 0],7,264,[0. 0.],[0. 0.],Glow Plugs,113500831,1763325259,0
1763325259196449571,[0 0 0 0 0 0 0 0],7,264,[0. 0.],[0. 0.],Glow Plugs,196235072,1763325259,0
1763325259352513339,[0 0 0 0 0 0 0 0],7,264,[0. 0.],[0. 0.],Glow Plugs,350246914,1763325259,0
1763325259424400099,[0 0 0 0 0 0 0 0],7,264,[0. 0.],[0. 0.],Glow Plugs,422861713,1763325259,0
1763325259507150788,[0 0 0 0 0 0 0 0],7,264,[0. 0.],[0. 0.],Glow Plugs,505619571,1763325259,0
1763325259599618674,[0 0 0 0 0 0 0 0],7,264,[0. 0.],[0. 0.],Glow Plugs,598640584,1763325259,0
1763325259712335044,[0 0 0 0 0 0 0 0],7,264,[0. 0.],[0. 0.],Glow Plugs,711432570,1763325259,0
1763325259800477762,[0 0 0 0 0 0 0 0],7,264,[0. 0.],[0. 0.],Glow Plugs,799778938,1763325259,0
1763325259913815739,[0 0 0 0 0 0 0 0],7,264,[0. 0.],[0. 0.],Glow Plugs,913414775,1763325259,0
1763325259997281412,[0 0 0 0 0 0 0 0],7,264,[0. 0.],[0. 0.],Glow Plugs,996824127,1763325259,0
1763325260109790548,[0 0 0 0 0 0 0 0],7,264,[0. 0.],[0. 0.],Glow Plugs,109582002,1763325260,0
1763325260203285487,[0 0 0 0 0 0 0 0],7,264,[0. 0.],[0. 0.],Glow Plugs,202074849,1763325260,0
1763325260356987021,[0 0 0 0 0 0 0 0],7,264,[0. 0.],[0. 0.],Glow Plugs,356525352,1763325260,0
1763325260429688510,[0 0 0 0 0 0 0 0],7,264,[0. 0.],[0. 0.],Glow Plugs,429353242,1763325260,0
1763325260512908229,[0 0 0 0 0 0 0 0],7,264,[0. 0.],[0. 0.],Glow Plugs,512638370,1763325260,0
1763325260606510593,[0 0 0 0 0 0 0 0],7,264,[0. 0.],[0. 0.],Glow Plugs,605357236,1763325260,0
1763325260718874863,[0 0 0 0 0 0 0 0],7,264,[0. 0.],[0. 0.],Glow Plugs,718275848,1763325260,0
1763325260802084086,[0 0 0 0 0 0 0 0],7,264,[0. 0.],[0. 0.],Glow Plugs,800643110,1763325260,0
1763325260916312857,[0 0 0 0 0 0 0 0],7,264,[0. 0.],[0. 0.],Glow Plugs,914792744,1763325260,0
1763325261007397272,[0 0 0 0 0 0 0 0],7,264,[0. 0.],[0. 0.],Glow Plugs,7039476,1763325261,0
1763325261121178679,[0 0 0 0 0 0 0 0],7,264,[0. 0.],[0. 0.],Glow Plugs,119918697,1763325261,0
1763325261202087172,[0 0 0 0 0 0 0 0],7,264,[0. 0.],[0. 0.],Glow Plugs,201836865,1763325261,0
1763325261358021245,[0 0 0 0 0 0 0 0],7,264,[0. 0.],[0. 0.],Glow Plugs,357807098,1763325261,0
1763325261431461942,[0 0 0 0 0 0 0 0],7,264,[0. 0.],[0. 0.],Glow Plugs,431183315,1763325261,0
1763325261515113090,[0 0 0 0 0 0 0 0],7,264,[0. 0.],[0. 0.],Glow Plugs,514343129,1763325261,0
1763325261608068855,[0 0 0 0 0 0 0 0],7,264,[0. 0.],[0. 0.],Glow Plugs,607444048,1763325261,0
1763325261722674367,[0 0 0 0 0 0 0 0],7,264,[0. 0.],[0. 0.],Glow Plugs,722366395,1763325261,0
1763325261805286047,[0 0 0 0 0 0 0 0],7,264,[0. 0.],[0. 0.],Glow Plugs,804873339,1763325261,0
1763325261920226955,[0 0 0 0 0 0 0 0],7,264,[0. 0.],[0. 0.],Glow Plugs,919284672,1763325261,0
1763325262012998782,[0 0 0 0 0 0 0 0],7,264,[0. 0.],[0. 0.],Glow Plugs,12202549,1763325262,0
1763325262115488574,[0 0 0 0 0 0 0 0],7,264,[0. 0.],[0. 0.],Glow Plugs,115049721,1763325262,0
1763325262208661429,[0 0 0 0 0 0 0 0],7,264,[0. 0.],[0. 0.],Glow Plugs,207786827,1763325262,0
1763325262365503737,[0 0 0 0 0 0 0 0],7,264,[0. 0.],[0. 0.],Glow Plugs,362517271,1763325262,0
1763325262435570828,[0 0 0 0 0 0 0 0],7,264,[0. 0.],[0. 0.],Glow Plugs,434856004,1763325262,0
1763325262518608818,[0 0 0 0 0 0 0 0],7,264,[0. 0.],[0. 0.],Glow Plugs,517337508,1763325262,0
1763325262613137689,[0 0 0 0 0 0 0 0],7,264,[0. 0.],[0. 0.],Glow Plugs,610355161,1763325262,0
1763325262724708447,[0 0 0 0 0 0 0 0],7,264,[0. 0.],[0. 0.],Glow Plugs,723639539,1763325262,0
1763325262806793690,[0 0 0 0 0 0 0 0],7,264,[0. 0.],[0. 0.],Glow Plugs,806363061,1763325262,0
1763325262919782992,[0 0 0 0 0 0 0 0],7,264,[0. 0.],[0. 0.],Glow Plugs,919558733,1763325262,0
1763325263012918983,[0 0 0 0 0 0 0 0],7,264,[0. 0.],[0. 0.],Glow Plugs,12375745,1763325263,0
1763325263126659878,[0 0 0 0 0 0 0 0],7,264,[0. 0.],[0. 0.],Glow Plugs,126146913,1763325263,0
1763325263208761474,[0 0 0 0 0 0 0 0],7,264,[0. 0.],[0. 0.],Glow Plugs,208100378,1763325263,0
1763325263364106325,[0 0 0 0 0 0 0 0],7,264,[0. 0.],[0. 0.],Glow Plugs,363079721,1763325263,0
1763325263436344193,[0 0 0 0 0 0 0 0],7,264,[0. 0.],[0. 0.],Glow Plugs,435461783,1763325263,0
1763325263518743680,[0 0 0 0 0 0 0 0],7,264,[0. 0.],[0. 0.],Glow Plugs,518404188,1763325263,0
1763325263611456051,[0 0 0 0 0 0 0 0],7,264,[0. 0.],[0. 0.],Glow Plugs,610730346,1763325263,0
1763325263725176753,[0 0 0 0 0 0 0 0],7,264,[0. 0.],[0. 0.],Glow Plugs,724707692,1763325263,0
1763325263820244575,[0 0 0 0 0 0 0 0],7,264,[0. 0.],[0. 0.],Glow Plugs,819442806,1763325263,0
1763325263924582132,[0 0 0 0 0 0 0 0],7,264,[0. 0.],[0. 0.],Glow Plugs,923574921,1763325263,0
1763325264016927395,[0 0 0 0 0 0 0 0],7,264,[0. 0.],[0. 0.],Glow Plugs,15784694,1763325264,0
1763325264131518700,[0 0 0 0 0 0 0 0],7,264,[0. 0.],[0. 0.],Glow Plugs,129662807,1763325264,0
1763325264212774974,[0 0 0 0 0 0 0 0],7,264,[0. 0.],[0. 0.],Glow Plugs,211578065,1763325264,0
1763325264367384041,[0 0 0 0 0 0 0 0],7,264,[0. 0.],[0. 0.],Glow Plugs,366674754,1763325264,0
1763325264441152807,[0 0 0 0 0 0 0 0],7,264,[0. 0.],[0. 0.],Glow Plugs,440882052,1763325264,0
1763325264525782304,[0 0 0 0 0 0 0 0],7,264,[0. 0.],[0. 0.],Glow Plugs,525302234,1763325264,0
1763325264619059097,[0 0 0 0 0 0 0 0],7,264,[0. 0.],[0. 0.],Glow Plugs,618842070,1763325264,0
1763325264735342645,[0 0 0 0 0 0 0 0],7,264,[0. 0.],[0. 0.],Glow Plugs,731737645,1763325264,0
1763325264815330553,[0 0 0 0 0 0 0 0],7,264,[0. 0.],[0. 0.],Glow Plugs,814690034,1763325264,0
1763325264928910359,[0 0 0 0 0 0 0 0],7,264,[0. 0.],[0. 0.],Glow Plugs,928654964,1763325264,0
1763325265023427902,[0 0 0 0 0 0 0 0],7,264,[0. 0.],[0. 0.],Glow Plugs,21560553,1763325265,0
1763325265125701469,[0 0 0 0 0 0 0 0],7,264,[0. 0.],[0. 0.],Glow Plugs,124967221,1763325265,0
1763325265218761941,[0 0 0 0 0 0 0 0],7,264,[0. 0.],[0. 0.],Glow Plugs,217776522,1763325265,0
1763325265373689188,[0 0 0 0 0 0 0 0],7,264,[0. 0.],[0. 0.],Glow Plugs,373487682,1763325265,0
1763325265448146090,[0 0 0 0 0 0 0 0],7,264,[0. 0.],[0. 0.],Glow Plugs,447004573,1763325265,0
1763325265530557898,[0 0 0 0 0 0 0 0],7,264,[0. 0.],[0. 0.],Glow Plugs,529583391,1763325265,0
1763325265624232296,[0 0 0 0 0 0 0 0],7,264,[0. 0.],[0. 0.],Glow Plugs,623814403,1763325265,0
1763325265728085177,[0 0 0 0 0 0 0 0],7,264,[0. 0.],[0. 0.],Glow Plugs,727421425,1763325265,0
1763325265821229585,[0 0 0 0 0 0 0 0],7,264,[0. 0.],[0. 0.],Glow Plugs,820230086,1763325265,0
1763325265934317290,[0 0 0 0 0 0 0 0],7,264,[0. 0.],[0. 0.],Glow Plugs,933932934,1763325265,0
1763325266016628424,[0 0 0 0 0 0 0 0],7,264,[0. 0.],[0. 0.],Glow Plugs,16377990,1763325266,0
1763325266130781198,[0 0 0 0 0 0 0 0],7,264,[0. 0.],[0. 0.],Glow Plugs,130125094,1763325266,0
1763325266225338454,[0 0 0 0 0 0 0 0],7,264,[0. 0.],[0. 0.],Glow Plugs,224330379,1763325266,0
1763325266379688416,[0 0 0 0 0 0 0 0],7,264,[0. 0.],[0. 0.],Glow Plugs,379121049,1763325266,0
1763325266452741334,[0 0 0 0 0 0 0 0],7,264,[0. 0.],[0. 0.],Glow Plugs,451886957,1763325266,0
1763325266534891923,[0 0 0 0 0 0 0 0],7,264,[0. 0.],[0. 0.],Glow Plugs,534426446,1763325266,0
1763325266628710163,[0 0 0 0 0 0 0 0],7,264,[0. 0.],[0. 0.],Glow Plugs,628283023,1763325266,0
1763325266732202721,[0 0 0 0 0 0 0 0],7,264,[0. 0.],[0. 0.],Glow Plugs,731295766,1763325266,0
1763325266824846516,[0 0 0 0 0 0 0 0],7,264,[0. 0.],[0. 0.],Glow Plugs,824265133,1763325266,0
1763325266939531583,[0 0 0 0 0 0 0 0],7,264,[0. 0.],[0. 0.],Glow Plugs,939254940,1763325266,0
1763325267021616571,[0 0 0 0 0 0 0 0],7,264,[0. 0.],[0. 0.],Glow Plugs,21409401,1763325267,0
1763325267135355932,[0 0 0 0 0 0 0 0],7,264,[0. 0.],[0. 0.],Glow Plugs,134487378,1763325267,0
1763325267227743437,[0 0 0 0 0 0 0 0],7,264,[0. 0.],[0. 0.],Glow Plugs,227361704,1763325267,0
1763325267382005238,[0 0 0 0 0 0 0 0],7,264,[0. 0.],[0. 0.],Glow Plugs,381692050,1763325267,0
1763325267456289755,[0 0 0 0 0 0 0 0],7,264,[0. 0.],[0. 0.],Glow Plugs,455301871,1763325267,0
1763325267538666554,[0 0 0 0 0 0 0 0],7,264,[0. 0.],[0. 0.],Glow Plugs,537705680,1763325267,0
1763325267632423418,[0 0 0 0 0 0 0 0],7,264,[0. 0.],[0. 0.],Glow Plugs,631867540,1763325267,0
1763325267735851335,[0 0 0 0 0 0 0 0],7,264,[0. 0.],[0. 0.],Glow Plugs,735401282,1763325267,0
1763325267828211415,[0 0 0 0 0 0 0 0],7,264,[0. 0.],[0. 0.],Glow Plugs,827797843,1763325267,0
1763325267942118458,[0 0 0 0 0 0 0 0],7,264,[0. 0.],[0. 0.],Glow Plugs,941547924,1763325267,0
1763325268024684508,[0 0 0 0 0 0 0 0],7,264,[0. 0.],[0. 0.],Glow Plugs,24019957,1763325268,0
1763325268138069050,[0 0 0 0 0 0 0 0],7,264,[0. 0.],[0. 0.],Glow Plugs,137813847,1763325268,0
1763325268230943792,[0 0 0 0 0 0 0 0],7,264,[0. 0.],[0. 0.],Glow Plugs,229972581,1763325268,0
1763325268386827084,[0 0 0 0 0 0 0 0],7,264,[0. 0.],[0. 0.],Glow Plugs,386276390,1763325268,0
1763325268463872432,[0 0 0 0 0 0 0 0],7,264,[0. 0.],[0. 0.],Glow Plugs,463440267,1763325268,0
1763325268545034083,[0 0 0 0 0 0 0 0],7,264,[0. 0.],[0. 0.],Glow Plugs,544161657,1763325268,0
1763325268627408099,[0 0 0 0 0 0 0 0],7,264,[0. 0.],[0. 0.],Glow Plugs,627095711,1763325268,0
1763325268743978532,[0 0 0 0 0 0 0 0],7,264,[0. 0.],[0. 0.],Glow Plugs,743240412,1763325268,0
1763325268833035151,[0 0 0 0 0 0 0 0],7,264,[0. 0.],[0. 0.],Glow Plugs,832539018,1763325268,0
1763325268946228427,[0 0 0 0 0 0 0 0],7,264,[0. 0.],[0. 0.],Glow Plugs,945731621,1763325268,0
1763325269028614507,[0 0 0 0 0 0 0 0],7,264,[0. 0.],[0. 0.],Glow Plugs,27903075,1763325269,0
1763325269141462243,[0 0 0 0 0 0 0 0],7,264,[0. 0.],[0. 0.],Glow Plugs,141093183,1763325269,0
1763325269236525426,[0 0 0 0 0 0 0 0],7,264,[0. 0.],[0. 0.],Glow Plugs,235114082,1763325269,0
1763325269380962446,[0 0 0 0 0 0 0 0],7,264,[0. 0.],[0. 0.],Glow Plugs,380678699,1763325269,0
1763325269455380885,[0 0 0 0 0 0 0 0],7,264,[0. 0.],[0. 0.],Glow Plugs,455085458,1763325269,0
1763325269548330765,[0 0 0 0 0 0 0 0],7,264,[0. 0.],[0. 0.],Glow Plugs,547565444,1763325269,0
1763325269632073756,[0 0 0 0 0 0 0 0],7,264,[0. 0.],[0. 0.],Glow Plugs,630960432,1763325269,0
1763325269745278136,[0 0 0 0 0 0 0 0],7,264,[0. 0.],[0. 0.],Glow Plugs,744721970,1763325269,0
1763325269831552805,[0 0 0 0 0 0 0 0],7,264,[0. 0.],[0. 0.],Glow Plugs,831310114,1763325269,0
1763325269945328231,[0 0 0 0 0 0 0 0],7,264,[0. 0.],[0. 0.],Glow Plugs,944766817,1763325269,0
1763325270037866330,[0 0 0 0 0 0 0 0],7,264,[0. 0.],[0. 0.],Glow Plugs,37577239,1763325270,0
1763325270141988688,[0 0 0 0 0 0 0 0],7,264,[0. 0.],[0. 0.],Glow Plugs,141484874,1763325270,0
1763325270234738182,[0 0 0 0 0 0 0 0],7,264,[0. 0.],[0. 0.],Glow Plugs,234179647,1763325270,0
1763325270389504534,[0 0 0 0 0 0 0 0],7,264,[0. 0.],[0. 0.],Glow Plugs,389021361,1763325270,0
1763325270463613978,[0 0 0 0 0 0 0 0],7,264,[0. 0.],[0. 0.],Glow Plugs,462816913,1763325270,0
1763325270545403252,[0 0 0 0 0 0 0 0],7,264,[0. 0.],[0. 0.],Glow Plugs,545003792,1763325270,0
1763325270637937735,[0 0 0 0 0 0 0 0],7,264,[0. 0.],[0. 0.],Glow Plugs,637674084,1763325270,0
1763325270750694655,[0 0 0 0 0 0 0 0],7,264,[0. 0.],[0. 0.],Glow Plugs,750095480,1763325270,0
1763325270832833853,[0 0 0 0 0 0 0 0],7,264,[0. 0.],[0. 0.],Glow Plugs,832468569,1763325270,0
1763325270945645589,[0 0 0 0 0 0 0 0],7,264,[0. 0.],[0. 0.],Glow Plugs,945112783,1763325270,0
1763325271037805124,[0 0 0 0 0 0 0 0],7,264,[0. 0.],[0. 0.],Glow Plugs,37282238,1763325271,0
1763325271151056225,[0 0 0 0 0 0 0 0],7,264,[0. 0.],[0. 0.],Glow Plugs,150484731,1763325271,0
1763325271234012681,[0 0 0 0 0 0 0 0],7,264,[0. 0.],[0. 0.],Glow Plugs,233257856,1763325271,0
1763325271389868327,[0 0 0 0 0 0 0 0],7,264,[0. 0.],[0. 0.],Glow Plugs,389221151,1763325271,0
1763325271462049589,[0 0 0 0 0 0 0 0],7,264,[0. 0.],[0. 0.],Glow Plugs,461365901,1763325271,0
1763325271554430631,[0 0 0 0 0 0 0 0],7,264,[0. 0.],[0. 0.],Glow Plugs,553811104,1763325271,0
1763325271636251201,[0 0 0 0 0 0 0 0],7,264,[0. 0.],[0. 0.],Glow Plugs,635783964,1763325271,0
1763325271749421118,[0 0 0 0 0 0 0 0],7,264,[0. 0.],[0. 0.],Glow Plugs,748965369,1763325271,0
1763325271842080275,[0 0 0 0 0 0 0 0],7,264,[0. 0.],[0. 0.],Glow Plugs,841371563,1763325271,0
1763325271956487293,[0 0 0 0 0 0 0 0],7,264,[0. 0.],[0. 0.],Glow Plugs,955651380,1763325271,0
1763325272039805065,[0 0 0 0 0 0 0 0],7,264,[0. 0.],[0. 0.],Glow Plugs,38929055,1763325272,0
1763325272154527959,[0 0 0 0 0 0 0 0],7,264,[0. 0.],[0. 0.],Glow Plugs,153511148,1763325272,0
1763325272248799263,[0 0 0 0 0 0 0 0],7,264,[0. 0.],[0. 0.],Glow Plugs,246128673,1763325272,0
1763325272392374323,[0 0 0 0 0 0 0 0],7,264,[0. 0.],[0. 0.],Glow Plugs,391387912,1763325272,0
1763325272464646018,[0 0 0 0 0 0 0 0],7,264,[0. 0.],[0. 0.],Glow Plugs,463917434,1763325272,0
1763325272556542895,[0 0 0 0 0 0 0 0],7,264,[0. 0.],[0. 0.],Glow Plugs,556129802,1763325272,0
1763325272639727578,[0 0 0 0 0 0 0 0],7,264,[0. 0.],[0. 0.],Glow Plugs,639058994,1763325272,0
1763325272752030253,[0 0 0 0 0 0 0 0],7,264,[0. 0.],[0. 0.],Glow Plugs,751317637,1763325272,0
1763325272843649174,[0 0 0 0 0 0 0 0],7,264,[0. 0.],[0. 0.],Glow Plugs,843153073,1763325272,0
1763325272956921620,[0 0 0 0 0 0 0 0],7,264,[0. 0.],[0. 0.],Glow Plugs,956529712,1763325272,0
1763325273041749138,[0 0 0 0 0 0 0 0],7,264,[0. 0.],[0. 0.],Glow Plugs,39767515,1763325273,0
1763325273156473312,[0 0 0 0 0 0 0 0],7,264,[0. 0.],[0. 0.],Glow Plugs,155798329,1763325273,0
1763325273250619399,[0 0 0 0 0 0 0 0],7,264,[0. 0.],[0. 0.],Glow Plugs,249410233,1763325273,0
1763325273396502261,[0 0 0 0 0 0 0 0],7,264,[0. 0.],[0. 0.],Glow Plugs,394751746,1763325273,0
1763325273468319456,[0 0 0 0 0 0 0 0],7,264,[0. 0.],[0. 0.],Glow Plugs,467186931,1763325273,0
1763325273560206829,[0 0 0 0 0 0 0 0],7,264,[0. 0.],[0. 0.],Glow Plugs,560020203,1763325273,0
1763325273642516686,[0 0 0 0 0 0 0 0],7,264,[0. 0.],[0. 0.],Glow Plugs,642135114,1763325273,0
1763325273755284967,[0 0 0 0 0 0 0 0],7,264,[0. 0.],[0. 0.],Glow Plugs,754871234,1763325273,0
1763325273848066814,[0 0 0 0 0 0 0 0],7,264,[0. 0.],[0. 0.],Glow Plugs,847181300,1763325273,0
1763325273962475177,[0 0 0 0 0 0 0 0],7,264,[0. 0.],[0. 0.],Glow Plugs,961674240,1763325273,0
1763325274044143427,[0 0 0 0 0 0 0 0],7,264,[0. 0.],[0. 0.],Glow Plugs,43631677,1763325274,0
1763325274158478574,[0 0 0 0 0 0 0 0],7,264,[0. 0.],[0. 0.],Glow Plugs,157574852,1763325274,0
1763325274253134875,[0 0 0 0 0 0 0 0],7,264,[0. 0.],[0. 0.],Glow Plugs,252700790,1763325274,0
1763325274397379543,[0 0 0 0 0 0 0 0],7,264,[0. 0.],[0. 0.],Glow Plugs,396637135,1763325274,0
1763325274471562301,[0 0 0 0 0 0 0 0],7,264,[0. 0.],[0. 0.],Glow Plugs,471007254,1763325274,0
1763325274562908804,[0 0 0 0 0 0 0 0],7,264,[0. 0.],[0. 0.],Glow Plugs,562593601,1763325274,0
1763325274645932589,[0 0 0 0 0 0 0 0],7,264,[0. 0.],[0. 0.],Glow Plugs,645421672,1763325274,0
1763325274758880809,[0 0 0 0 0 0 0 0],7,264,[0. 0.],[0. 0.],Glow Plugs,758579845,1763325274,0
1763325274852815821,[0 0 0 0 0 0 0 0],7,264,[0. 0.],[0. 0.],Glow Plugs,852114725,1763325274,0
1763325274965102625,[0 0 0 0 0 0 0 0],7,264,[0. 0.],[0. 0.],Glow Plugs,964695740,1763325274,0
1763325275048612400,[0 0 0 0 0 0 0 0],7,264,[0. 0.],[0. 0.],Glow Plugs,47868488,1763325275,0
1763325275161736302,[0 0 0 0 0 0 0 0],7,264,[0. 0.],[0. 0.],Glow Plugs,161309929,1763325275,0
1763325275255788628,[0 0 0 0 0 0 0 0],7,264,[0. 0.],[0. 0.],Glow Plugs,253751389,1763325275,0
1763325275409039063,[0 0 0 0 0 0 0 0],7,264,[0. 0.],[0. 0.],Glow Plugs,408543185,1763325275,0
1763325275481833869,[0 0 0 0 0 0 0 0],7,264,[0. 0.],[0. 0.],Glow Plugs,481047076,1763325275,0
1763325275564859895,[0 0 0 0 0 0 0 0],7,264,[0. 0.],[0. 0.],Glow Plugs,564218255,1763325275,0
1763325275658442328,[0 0 0 0 0 0 0 0],7,264,[0. 0.],[0. 0.],Glow Plugs,657528333,1763325275,0
1763325275761350050,[0 0 0 0 0 0 0 0],7,264,[0. 0.],[0. 0.],Glow Plugs,760531417,1763325275,0
1763325275853733205,[0 0 0 0 0 0 0 0],7,264,[0. 0.],[0. 0.],Glow Plugs,853174511,1763325275,0
1763325275966506479,[0 0 0 0 0 0 0 0],7,264,[0. 0.],[0. 0.],Glow Plugs,965828519,1763325275,0
1763325276058877474,[0 0 0 0 0 0 0 0],7,264,[0. 0.],[0. 0.],Glow Plugs,58196219,1763325276,0
1763325276162491669,[0 0 0 0 0 0 0 0],7,264,[0. 0.],[0. 0.],Glow Plugs,161005924,1763325276,0
1763325276254868649,[0 0 0 0 0 0 0 0],7,264,[0. 0.],[0. 0.],Glow Plugs,254203265,1763325276,0
1763325276410315109,[0 0 0 0 0 0 0 0],7,264,[0. 0.],[0. 0.],Glow Plugs,409543644,1763325276,0
1763325276483118108,[0 0 0 0 0 0 0 0],7,264,[0. 0.],[0. 0.],Glow Plugs,482182641,1763325276,0
1763325276565707009,[0 0 0 0 0 0 0 0],7,264,[0. 0.],[0. 0.],Glow Plugs,564717526,1763325276,0
1763325276659680358,[0 0 0 0 0 0 0 0],7,264,[0. 0.],[0. 0.],Glow Plugs,658624923,1763325276,0
1763325276771860570,[0 0 0 0 0 0 0 0],7,264,[0. 0.],[0. 0.],Glow Plugs,771315412,1763325276,0
1763325276855393578,[0 0 0 0 0 0 0 0],7,264,[0. 0.],[0. 0.],Glow Plugs,854130139,1763325276,0
1763325276968045634,[0 0 0 0 0 0 0 0],7,264,[0. 0.],[0. 0.],Glow Plugs,967496220,1763325276,0
1763325277061571939,[0 0 0 0 0 0 0 0],7,264,[0. 0.],[0. 0.],Glow Plugs,60900796,1763325277,0
1763325277165877406,[0 0 0 0 0 0 0 0],7,264,[0. 0.],[0. 0.],Glow Plugs,165316984,1763325277,0
1763325277258274546,[0 0 0 0 0 0 0 0],7,264,[0. 0.],[0. 0.],Glow Plugs,257731180,1763325277,0
1763325277417601627,[0 0 0 0 0 0 0 0],7,264,[0. 0.],[0. 0.],Glow Plugs,416820722,1763325277,0
1763325277489956973,[0 0 0 0 0 0 0 0],7,264,[0. 0.],[0. 0.],Glow Plugs,489210981,1763325277,0
1763325277572314672,[0 0 0 0 0 0 0 0],7,264,[0. 0.],[0. 0.],Glow Plugs,571445574,1763325277,0
1763325277664718308,[0 0 0 0 0 0 0 0],7,264,[0. 0.],[0. 0.],Glow Plugs,663606488,1763325277,0
1763325277766670372,[0 0 0 0 0 0 0 0],7,264,[0. 0.],[0. 0.],Glow Plugs,766145630,1763325277,0
1763325277859342204,[0 0 0 0 0 0 0 0],7,264,[0. 0.],[0. 0.],Glow Plugs,858275728,1763325277,0
1763325277972168183,[0 0 0 0 0 0 0 0],7,264,[0. 0.],[0. 0.],Glow Plugs,971256013,1763325277,0
1763325278064170151,[0 0 0 0 0 0 0 0],7,264,[0. 0.],[0. 0.],Glow Plugs,63895876,1763325278,0
1763325278167251732,[0 0 0 0 0 0 0 0],7,264,[0. 0.],[0. 0.],Glow Plugs,166821040,1763325278,0
1763325278260475378,[0 0 0 0 0 0 0 0],7,264,[0. 0.],[0. 0.],Glow Plugs,260172591,1763325278,0
1763325278416450102,[0 0 0 0 0 0 0 0],7,264,[0. 0.],[0. 0.],Glow Plugs,416209619,1763325278,0
1763325278489669778,[0 0 0 0 0 0 0 0],7,264,[0. 0.],[0. 0.],Glow Plugs,489231181,1763325278,0
1763325278573420837,[0 0 0 0 0 0 0 0],7,264,[0. 0.],[0. 0.],Glow Plugs,573127905,1763325278,0
1763325278665999547,[0 0 0 0 0 0 0 0],7,264,[0. 0.],[0. 0.],Glow Plugs,665394421,1763325278,0
1763325278770088724,[0 0 0 0 0 0 0 0],7,264,[0. 0.],[0. 0.],Glow Plugs,768579619,1763325278,0
1763325278861750433,[0 0 0 0 0 0 0 0],7,264,[0. 0.],[0. 0.],Glow Plugs,861319580,1763325278,0
1763325278975268772,[0 0 0 0 0 0 0 0],7,264,[0. 0.],[0. 0.],Glow Plugs,974556892,1763325278,0
1763325279067210388,[0 0 0 0 0 0 0 0],7,264,[0. 0.],[0. 0.],Glow Plugs,66667566,1763325279,0
1763325279180335635,[0 0 0 0 0 0 0 0],7,264,[0. 0.],[0. 0.],Glow Plugs,180024784,1763325279,0
1763325279262652406,[0 0 0 0 0 0 0 0],7,264,[0. 0.],[0. 0.],Glow Plugs,262398195,1763325279,0
1763325279417841585,[0 0 0 0 0 0 0 0],7,264,[0. 0.],[0. 0.],Glow Plugs,416815174,1763325279,0
1763325279491243024,[0 0 0 0 0 0 0 0],7,264,[0. 0.],[0. 0.],Glow Plugs,490202948,1763325279,0
1763325279572744617,[0 0 0 0 0 0 0 0],7,264,[0. 0.],[0. 0.],Glow Plugs,572406853,1763325279,0
1763325279665506690,[0 0 0 0 0 0 0 0],7,264,[0. 0.],[0. 0.],Glow Plugs,664954364,1763325279,0
1763325279779662990,[0 0 0 0 0 0 0 0],7,264,[0. 0.],[0. 0.],Glow Plugs,779227561,1763325279,0
1763325279872417127,[0 0 0 0 0 0 0 0],7,264,[0. 0.],[0. 0.],Glow Plugs,871869280,1763325279,0
1763325279974155429,[0 0 0 0 0 0 0 0],7,264,[0. 0.],[0. 0.],Glow Plugs,973807809,1763325279,0
1763325280066419545,[0 0 0 0 0 0 0 0],7,264,[0. 0.],[0. 0.],Glow Plugs,66036629,1763325280,0
1763325280182646140,[0 0 0 0 0 0 0 0],7,264,[0. 0.],[0. 0.],Glow Plugs,182236311,1763325280,0
1763325280272032175,[0 0 0 0 0 0 0 0],7,264,[0. 0.],[0. 0.],Glow Plugs,271689579,1763325280,0
1763325280416755797,[0 0 0 0 0 0 0 0],7,264,[0. 0.],[0. 0.],Glow Plugs,416318512,1763325280,0
1763325280490714137,[0 0 0 0 0 0 0 0],7,264,[0. 0.],[0. 0.],Glow Plugs,489833391,1763325280,0
1763325280583588436,[0 0 0 0 0 0 0 0],7,264,[0. 0.],[0. 0.],Glow Plugs,583125551,1763325280,0
1763325280666689792,[0 0 0 0 0 0 0 0],7,264,[0. 0.],[0. 0.],Glow Plugs,666076569,1763325280,0
1763325280779845633,[0 0 0 0 0 0 0 0],7,264,[0. 0.],[0. 0.],Glow Plugs,779224570,1763325280,0
1763325280870800710,[0 0 0 0 0 0 0 0],7,264,[0. 0.],[0. 0.],Glow Plugs,870485474,1763325280,0
1763325280983396320,[0 0 0 0 0 0 0 0],7,264,[0. 0.],[0. 0.],Glow Plugs,983159453,1763325280,0
1763325281066945585,[0 0 0 0 0 0 0 0],7,264,[0. 0.],[0. 0.],Glow Plugs,66587821,1763325281,0
1763325281180332596,[0 0 0 0 0 0 0 0],7,264,[0. 0.],[0. 0.],Glow Plugs,179862415,1763325281,0
1763325281273538931,[0 0 0 0 0 0 0 0],7,264,[0. 0.],[0. 0.],Glow Plugs,273288240,1763325281,0
1763325281428411276,[0 0 0 0 0 0 0 0],7,264,[0. 0.],[0. 0.],Glow Plugs,427911654,1763325281,0
1763325281501063362,[0 0 0 0 0 0 0 0],7,264,[0. 0.],[0. 0.],Glow Plugs,500839328,1763325281,0
1763325281585062777,[0 0 0 0 0 0 0 0],7,264,[0. 0.],[0. 0.],Glow Plugs,584525843,1763325281,0
1763325281671777742,[0 0 0 0 0 0 0 0],7,264,[0. 0.],[0. 0.],Glow Plugs,669175377,1763325281,0
1763325281789522051,[0 0 0 0 0 0 0 0],7,264,[0. 0.],[0. 0.],Glow Plugs,788743866,1763325281,0
1763325281872529710,[0 0 0 0 0 0 0 0],7,264,[0. 0.],[0. 0.],Glow Plugs,871870087,1763325281,0
1763325281989004405,[0 0 0 0 0 0 0 0],7,264,[0. 0.],[0. 0.],Glow Plugs,987057471,1763325281,0
1763325282070986933,[0 0 0 0 0 0 0 0],7,264,[0. 0.],[0. 0.],Glow Plugs,69487396,1763325282,0
1763325282183906387,[0 0 0 0 0 0 0 0],7,264,[0. 0.],[0. 0.],Glow Plugs,182954025,1763325282,0
1763325282276619565,[0 0 0 0 0 0 0 0],7,264,[0. 0.],[0. 0.],Glow Plugs,275728739,1763325282,0
1763325282431785002,[0 0 0 0 0 0 0 0],7,264,[0. 0.],[0. 0.],Glow Plugs,430953888,1763325282,0
1763325282503008112,[0 0 0 0 0 0 0 0],7,264,[0. 0.],[0. 0.],Glow Plugs,502482698,1763325282,0
1763325282588456407,[0 0 0 0 0 0 0 0],7,264,[0. 0.],[0. 0.],Glow Plugs,587095400,1763325282,0
1763325282681393812,[0 0 0 0 0 0 0 0],7,264,[0. 0.],[0. 0.],Glow Plugs,681007695,1763325282,0
1763325282783647673,[0 0 0 0 0 0 0 0],7,264,[0. 0.],[0. 0.],Glow Plugs,783266741,1763325282,0
1763325282877214205,[0 0 0 0 0 0 0 0],7,264,[0. 0.],[0. 0.],Glow Plugs,876128432,1763325282,0
1763325282990123803,[0 0 0 0 0 0 0 0],7,264,[0. 0.],[0. 0.],Glow Plugs,988979630,1763325282,0
1763325283081956651,[0 0 0 0 0 0 0 0],7,264,[0. 0.],[0. 0.],Glow Plugs,81131810,1763325283,0
1763325283184687766,[0 0 0 0 0 0 0 0],7,264,[0. 0.],[0. 0.],Glow Plugs,183652331,1763325283,0
1763325283276991756,[0 0 0 0 0 0 0 0],7,264,[0. 0.],[0. 0.],Glow Plugs,276566695,1763325283,0
1763325283432722960,[0 0 0 0 0 0 0 0],7,264,[0. 0.],[0. 0.],Glow Plugs,432354059,1763325283,0
1763325283505150308,[0 0 0 0 0 0 0 0],7,264,[0. 0.],[0. 0.],Glow Plugs,504646750,1763325283,0
1763325283590301096,[0 0 0 0 0 0 0 0],7,264,[0. 0.],[0. 0.],Glow Plugs,589616737,1763325283,0
1763325283682682687,[0 0 0 0 0 0 0 0],7,264,[0. 0.],[0. 0.],Glow Plugs,681766132,1763325283,0
1763325283785743822,[0 0 0 0 0 0 0 0],7,264,[0. 0.],[0. 0.],Glow Plugs,785119431,1763325283,0
1763325283879239633,[0 0 0 0 0 0 0 0],7,264,[0. 0.],[0. 0.],Glow Plugs,878656682,1763325283,0
1763325283993218460,[0 0 0 0 0 0 0 0],7,264,[0. 0.],[0. 0.],Glow Plugs,991058243,1763325283,0
1763325284084323460,[0 0 0 0 0 0 0 0],7,264,[0. 0.],[0. 0.],Glow Plugs,83158294,1763325284,0
1763325284187067728,[0 0 0 0 0 0 0 0],7,264,[0. 0.],[0. 0.],Glow Plugs,186325223,1763325284,0
1763325284279066658,[0 0 0 0 0 0 0 0],7,264,[0. 0.],[0. 0.],Glow Plugs,278234841,1763325284,0
1763325284433983709,[0 0 0 0 0 0 0 0],7,264,[0. 0.],[0. 0.],Glow Plugs,432589709,1763325284,0
1763325284506174479,[0 0 0 0 0 0 0 0],7,264,[0. 0.],[0. 0.],Glow Plugs,505119491,1763325284,0
1763325284587901197,[0 0 0 0 0 0 0 0],7,264,[0. 0.],[0. 0.],Glow Plugs,587447944,1763325284,0
1763325284679920831,[0 0 0 0 0 0 0 0],7,264,[0. 0.],[0. 0.],Glow Plugs,679508443,1763325284,0
1763325284793154562,[0 0 0 0 0 0 0 0],7,264,[0. 0.],[0. 0.],Glow Plugs,792641629,1763325284,0
1763325284886023454,[0 0 0 0 0 0 0 0],7,264,[0. 0.],[0. 0.],Glow Plugs,885225365,1763325284,0
1763325284998742075,[0 0 0 0 0 0 0 0],7,264,[0. 0.],[0. 0.],Glow Plugs,998131093,1763325284,0
1763325285081925898,[0 0 0 0 0 0 0 0],7,264,[0. 0.],[0. 0.],Glow Plugs,81352644,1763325285,0
1763325285195045612,[0 0 0 0 0 0 0 0],7,264,[0. 0.],[0. 0.],Glow Plugs,194270051,1763325285,0
1763325285287626821,[0 0 0 0 0 0 0 0],7,264,[0. 0.],[0. 0.],Glow Plugs,286811548,1763325285,0
1763325285441536950,[0 0 0 0 0 0 0 0],7,264,[0. 0.],[0. 0.],Glow Plugs,441109937,1763325285,0
1763325285513560550,[0 0 0 0 0 0 0 0],7,264,[0. 0.],[0. 0.],Glow Plugs,513362212,1763325285,0
1763325285596954839,[0 0 0 0 0 0 0 0],7,264,[0. 0.],[0. 0.],Glow Plugs,596093133,1763325285,0
1763325285690836991,[0 0 0 0 0 0 0 0],7,264,[0. 0.],[0. 0.],Glow Plugs,690176344,1763325285,0
1763325285792455295,[0 0 0 0 0 0 0 0],7,264,[0. 0.],[0. 0.],Glow Plugs,791967449,1763325285,0
1763325285884935991,[0 0 0 0 0 0 0 0],7,264,[0. 0.],[0. 0.],Glow Plugs,884479698,1763325285,0
1763325285997449106,[0 0 0 0 0 0 0 0],7,264,[0. 0.],[0. 0.],Glow Plugs,997218384,1763325285,0
1763325286092011426,[0 0 0 0 0 0 0 0],7,264,[0. 0.],[0. 0.],Glow Plugs,89645031,1763325286,0
1763325286204172730,[0 0 0 0 0 0 0 0],7,264,[0. 0.],[0. 0.],Glow Plugs,202475367,1763325286,0
1763325286285489172,[0 0 0 0 0 0 0 0],7,264,[0. 0.],[0. 0.],Glow Plugs,284686923,1763325286,0
1763325286444459710,[0 0 0 0 0 0 0 0],7,264,[0. 0.],[0. 0.],Glow Plugs,442270373,1763325286,0
1763325286514848220,[0 0 0 0 0 0 0 0],7,264,[0. 0.],[0. 0.],Glow Plugs,514424631,1763325286,0
1763325286597238274,[0 0 0 0 0 0 0 0],7,264,[0. 0.],[0. 0.],Glow Plugs,596814557,1763325286,0
1763325286689520472,[0 0 0 0 0 0 0 0],7,264,[0. 0.],[0. 0.],Glow Plugs,689156916,1763325286,0
1763325286802298871,[0 0 0 0 0 0 0 0],7,264,[0. 0.],[0. 0.],Glow Plugs,801981331,1763325286,0
1763325286894880272,[0 0 0 0 0 0 0 0],7,264,[0. 0.],[0. 0.],Glow Plugs,894560621,1763325286,0
1763325286998317189,[0 0 0 0 0 0 0 0],7,264,[0. 0.],[0. 0.],Glow Plugs,997495068,1763325286,0
1763325287092323887,[0 0 0 0 0 0 0 0],7,264,[0. 0.],[0. 0.],Glow Plugs,92107021,1763325287,0
1763325287198046782,[0 0 0 0 0 0 0 0],7,264,[0. 0.],[0. 0.],Glow Plugs,197749275,1763325287,0
1763325287291204895,[0 0 0 0 0 0 0 0],7,264,[0. 0.],[0. 0.],Glow Plugs,290923740,1763325287,0
1763325287447121543,[0 0 0 0 0 0 0 0],7,264,[0. 0.],[0. 0.],Glow Plugs,446840868,1763325287,0
1763325287521692149,[0 0 0 0 0 0 0 0],7,264,[0. 0.],[0. 0.],Glow Plugs,519087927,1763325287,0
1763325287602274695,[0 0 0 0 0 0 0 0],7,264,[0. 0.],[0. 0.],Glow Plugs,601879778,1763325287,0
1763325287694547933,[0 0 0 0 0 0 0 0],7,264,[0. 0.],[0. 0.],Glow Plugs,694092696,1763325287,0
1763325287800205963,[0 0 0 0 0 0 0 0],7,264,[0. 0.],[0. 0.],Glow Plugs,799793223,1763325287,0
1763325287891967964,[0 0 0 0 0 0 0 0],7,264,[0. 0.],[0. 0.],Glow Plugs,891707321,1763325287,0
1763325288005603589,[0 0 0 0 0 0 0 0],7,264,[0. 0.],[0. 0.],Glow Plugs,4580857,1763325288,0
1763325288099108906,[0 0 0 0 0 0 0 0],7,264,[0. 0.],[0. 0.],Glow Plugs,97931004,1763325288,0
1763325288201300337,[0 0 0 0 0 0 0 0],7,264,[0. 0.],[0. 0.],Glow Plugs,200742155,1763325288,0
1763325288293342021,[0 0 0 0 0 0 0 0],7,264,[0. 0.],[0. 0.],Glow Plugs,292832223,1763325288,0
1763325288451229700,[0 0 0 0 0 0 0 0],7,264,[0. 0.],[0. 0.],Glow Plugs,449974742,1763325288,0
1763325288521387712,[0 0 0 0 0 0 0 0],7,264,[0. 0.],[0. 0.],Glow Plugs,521021628,1763325288,0
1763325288603684838,[0 0 0 0 0 0 0 0],7,264,[0. 0.],[0. 0.],Glow Plugs,603077695,1763325288,0
1763325288696745094,[0 0 0 0 0 0 0 0],7,264,[0. 0.],[0. 0.],Glow Plugs,696261600,1763325288,0
1763325288810008683,[0 0 0 0 0 0 0 0],7,264,[0. 0.],[0. 0.],Glow Plugs,809466884,1763325288,0
1763325288892337969,[0 0 0 0 0 0 0 0],7,264,[0. 0.],[0. 0.],Glow Plugs,891503335,1763325288,0
1763325289004733100,[0 0 0 0 0 0 0 0],7,264,[0. 0.],[0. 0.],Glow Plugs,4090532,1763325289,0
1763325289096784704,[0 0 0 0 0 0 0 0],7,264,[0. 0.],[0. 0.],Glow Plugs,96337915,1763325289,0
1763325289209320669,[0 0 0 0 0 0 0 0],7,264,[0. 0.],[0. 0.],Glow Plugs,209101211,1763325289,0
1763325289302878083,[0 0 0 0 0 0 0 0],7,264,[0. 0.],[0. 0.],Glow Plugs,302235708,1763325289,0
1763325289447075944,[0 0 0 0 0 0 0 0],7,264,[0. 0.],[0. 0.],Glow Plugs,446024316,1763325289,0
1763325289520615946,[0 0 0 0 0 0 0 0],7,264,[0. 0.],[0. 0.],Glow Plugs,519628799,1763325289,0
1763325289612432348,[0 0 0 0 0 0 0 0],7,264,[0. 0.],[0. 0.],Glow Plugs,612081080,1763325289,0
1763325289696400693,[0 0 0 0 0 0 0 0],7,264,[0. 0.],[0. 0.],Glow Plugs,695700429,1763325289,0
1763325289808905938,[0 0 0 0 0 0 0 0],7,264,[0. 0.],[0. 0.],Glow Plugs,808609135,1763325289,0
1763325289901912017,[0 0 0 0 0 0 0 0],7,264,[0. 0.],[0. 0.],Glow Plugs,901724111,1763325289,0
1763325290014853363,[0 0 0 0 0 0 0 0],7,264,[0. 0.],[0. 0.],Glow Plugs,14409486,1763325290,0
1763325290097110137,[0 0 0 0 0 0 0 0],7,264,[0. 0.],[0. 0.],Glow Plugs,96497042,1763325290,0
1763325290210425311,[0 0 0 0 0 0 0 0],7,264,[0. 0.],[0. 0.],Glow Plugs,209706999,1763325290,0
1763325290303561761,[0 0 0 0 0 0 0 0],7,264,[0. 0.],[0. 0.],Glow Plugs,301943246,1763325290,0
1763325290457228273,[0 0 0 0 0 0 0 0],7,264,[0. 0.],[0. 0.],Glow Plugs,456733292,1763325290,0
1763325290531117944,[0 0 0 0 0 0 0 0],7,264,[0. 0.],[0. 0.],Glow Plugs,529602343,1763325290,0
1763325290612167664,[0 0 0 0 0 0 0 0],7,264,[0. 0.],[0. 0.],Glow Plugs,611810348,1763325290,0
1763325290704845324,[0 0 0 0 0 0 0 0],7,264,[0. 0.],[0. 0.],Glow Plugs,704321414,1763325290,0
1763325290817326953,[0 0 0 0 0 0 0 0],7,264,[0. 0.],[0. 0.],Glow Plugs,816855620,1763325290,0
1763325290899599695,[0 0 0 0 0 0 0 0],7,264,[0. 0.],[0. 0.],Glow Plugs,898814118,1763325290,0
1763325291012231502,[0 0 0 0 0 0 0 0],7,264,[0. 0.],[0. 0.],Glow Plugs,11321028,1763325291,0
1763325291107565705,[0 0 0 0 0 0 0 0],7,264,[0. 0.],[0. 0.],Glow Plugs,104703784,1763325291,0
1763325291217843853,[0 0 0 0 0 0 0 0],7,264,[0. 0.],[0. 0.],Glow Plugs,217477993,1763325291,0
1763325291300875580,[0 0 0 0 0 0 0 0],7,264,[0. 0.],[0. 0.],Glow Plugs,300136980,1763325291,0
1763325291454475020,[0 0 0 0 0 0 0 0],7,264,[0. 0.],[0. 0.],Glow Plugs,453935654,1763325291,0
1763325291527292999,[0 0 0 0 0 0 0 0],7,264,[0. 0.],[0. 0.],Glow Plugs,526849826,1763325291,0
1763325291621340083,[0 0 0 0 0 0 0 0],7,264,[0. 0.],[0. 0.],Glow Plugs,619581471,1763325291,0
1763325291703765947,[0 0 0 0 0 0 0 0],7,264,[0. 0.],[0. 0.],Glow Plugs,702356523,1763325291,0
1763325291815548657,[0 0 0 0 0 0 0 0],7,264,[0. 0.],[0. 0.],Glow Plugs,815273870,1763325291,0
1763325291909232921,[0 0 0 0 0 0 0 0],7,264,[0. 0.],[0. 0.],Glow Plugs,908120780,1763325291,0
1763325292021965177,[0 0 0 0 0 0 0 0],7,264,[0. 0.],[0. 0.],Glow Plugs,21672150,1763325292,0
1763325292104881575,[0 0 0 0 0 0 0 0],7,264,[0. 0.],[0. 0.],Glow Plugs,104057406,1763325292,0
1763325292218530770,[0 0 0 0 0 0 0 0],7,264,[0. 0.],[0. 0.],Glow Plugs,217610856,1763325292,0
1763325292311187407,[0 0 0 0 0 0 0 0],7,264,[0. 0.],[0. 0.],Glow Plugs,310566216,1763325292,0
1763325292465385990,[0 0 0 0 0 0 0 0],7,264,[0. 0.],[0. 0.],Glow Plugs,464606429,1763325292,0
1763325292536942195,[0 0 0 0 0 0 0 0],7,264,[0. 0.],[0. 0.],Glow Plugs,536716305,1763325292,0
1763325292620001475,[0 0 0 0 0 0 0 0],7,264,[0. 0.],[0. 0.],Glow Plugs,618977431,1763325292,0
1763325292712630847,[0 0 0 0 0 0 0 0],7,264,[0. 0.],[0. 0.],Glow Plugs,712385884,1763325292,0
1763325292816708765,[0 0 0 0 0 0 0 0],7,264,[0. 0.],[0. 0.],Glow Plugs,816236856,1763325292,0
1763325292908876916,[0 0 0 0 0 0 0 0],7,264,[0. 0.],[0. 0.],Glow Plugs,908583921,1763325292,0
1763325293023703565,[0 0 0 0 0 0 0 0],7,264,[0. 0.],[0. 0.],Glow Plugs,23245320,1763325293,0
1763325293110225060,[0 0 0 0 0 0 0 0],7,264,[0. 0.],[0. 0.],Glow Plugs,109363290,1763325293,0
1763325293225251327,[0 0 0 0 0 0 0 0],7,264,[0. 0.],[0. 0.],Glow Plugs,224036466,1763325293,0
1763325293315064860,[0 0 0 0 0 0 0 0],7,264,[0. 0.],[0. 0.],Glow Plugs,314798841,1763325293,0
1763325293460833908,[0 0 0 0 0 0 0 0],7,264,[0. 0.],[0. 0.],Glow Plugs,460150413,1763325293,0
1763325293534617755,[0 0 0 0 0 0 0 0],7,264,[0. 0.],[0. 0.],Glow Plugs,534007988,1763325293,0
1763325293627134166,[0 0 0 0 0 0 0 0],7,264,[0. 0.],[0. 0.],Glow Plugs,626501167,1763325293,0
1763325293710187846,[0 0 0 0 0 0 0 0],7,264,[0. 0.],[0. 0.],Glow Plugs,709653888,1763325293,0
1763325293823280491,[0 0 0 0 0 0 0 0],7,264,[0. 0.],[0. 0.],Glow Plugs,822648452,1763325293,0
1763325293916888947,[0 0 0 0 0 0 0 0],7,264,[0. 0.],[0. 0.],Glow Plugs,916277580,1763325293,0
1763325294030690624,[0 0 0 0 0 0 0 0],7,264,[0. 0.],[0. 0.],Glow Plugs,28152004,1763325294,0
1763325294110951857,[0 0 0 0 0 0 0 0],7,264,[0. 0.],[0. 0.],Glow Plugs,110077415,1763325294,0
1763325294223369679,[0 0 0 0 0 0 0 0],7,264,[0. 0.],[0. 0.],Glow Plugs,222810888,1763325294,0
1763325294315737961,[0 0 0 0 0 0 0 0],7,264,[0. 0.],[0. 0.],Glow Plugs,315096737,1763325294,0
1763325294470432807,[0 0 0 0 0 0 0 0],7,264,[0. 0.],[0. 0.],Glow Plugs,469809760,1763325294,0
1763325294544008940,[0 0 0 0 0 0 0 0],7,264,[0. 0.],[0. 0.],Glow Plugs,543521798,1763325294,0
1763325294626972635,[0 0 0 0 0 0 0 0],7,264,[0. 0.],[0. 0.],Glow Plugs,626450933,1763325294,0
1763325294718850671,[0 0 0 0 0 0 0 0],7,264,[0. 0.],[0. 0.],Glow Plugs,718565068,1763325294,0
1763325294821498910,[0 0 0 0 0 0 0 0],7,264,[0. 0.],[0. 0.],Glow Plugs,821097690,1763325294,0
1763325294915669901,[0 0 0 0 0 0 0 0],7,264,[0. 0.],[0. 0.],Glow Plugs,914706594,1763325294,0
1763325295029284376,[0 0 0 0 0 0 0 0],7,264,[0. 0.],[0. 0.],Glow Plugs,28357486,1763325295,0
1763325295118173067,[0 0 0 0 0 0 0 0],7,264,[0. 0.],[0. 0.],Glow Plugs,112744973,1763325295,0
1763325295228143950,[0 0 0 0 0 0 0 0],7,264,[0. 0.],[0. 0.],Glow Plugs,226076854,1763325295,0
1763325295318272687,[0 0 0 0 0 0 0 0],7,264,[0. 0.],[0. 0.],Glow Plugs,318032876,1763325295,0
1763325295473697142,[0 0 0 0 0 0 0 0],7,264,[0. 0.],[0. 0.],Glow Plugs,473361042,1763325295,0
1763325295546345104,[0 0 0 0 0 0 0 0],7,264,[0. 0.],[0. 0.],Glow Plugs,545876619,1763325295,0
1763325295629938503,[0 0 0 0 0 0 0 0],7,264,[0. 0.],[0. 0.],Glow Plugs,629321888,1763325295,0
1763325295723000841,[0 0 0 0 0 0 0 0],7,264,[0. 0.],[0. 0.],Glow Plugs,722573924,1763325295,0
1763325295825636056,[0 0 0 0 0 0 0 0],7,264,[0. 0.],[0. 0.],Glow Plugs,825446166,1763325295,0
1763325295918709946,[0 0 0 0 0 0 0 0],7,264,[0. 0.],[0. 0.],Glow Plugs,918402935,1763325295,0
1763325296032772300,[0 0 0 0 0 0 0 0],7,264,[0. 0.],[0. 0.],Glow Plugs,32531017,1763325296,0
1763325296115516057,[0 0 0 0 0 0 0 0],7,264,[0. 0.],[0. 0.],Glow Plugs,115061460,1763325296,0
1763325296230279282,[0 0 0 0 0 0 0 0],7,264,[0. 0.],[0. 0.],Glow Plugs,229784621,1763325296,0
1763325296322416842,[0 0 0 0 0 0 0 0],7,264,[0. 0.],[0. 0.],Glow Plugs,322018246,1763325296,0
1763325296477190827,[0 0 0 0 0 0 0 0],7,264,[0. 0.],[0. 0.],Glow Plugs,476754182,1763325296,0
1763325296551896061,[0 0 0 0 0 0 0 0],7,264,[0. 0.],[0. 0.],Glow Plugs,551443480,1763325296,0
1763325296633415932,[0 0 0 0 0 0 0 0],7,264,[0. 0.],[0. 0.],Glow Plugs,632890294,1763325296,0
1763325296728751385,[0 0 0 0 0 0 0 0],7,264,[0. 0.],[0. 0.],Glow Plugs,727124390,1763325296,0
1763325296831667947,[0 0 0 0 0 0 0 0],7,264,[0. 0.],[0. 0.],Glow Plugs,831372936,1763325296,0
1763325296923788867,[0 0 0 0 0 0 0 0],7,264,[0. 0.],[0. 0.],Glow Plugs,923575649,1763325296,0
1763325297042160006,[0 0 0 0 0 0 0 0],7,264,[0. 0.],[0. 0.],Glow Plugs,40837271,1763325297,0
1763325297124404430,[0 0 0 0 0 0 0 0],7,264,[0. 0.],[0. 0.],Glow Plugs,123590084,1763325297,0
1763325297237205745,[0 0 0 0 0 0 0 0],7,264,[0. 0.],[0. 0.],Glow Plugs,236887662,1763325297,0
1763325297321960918,[0 0 0 0 0 0 0 0],7,264,[0. 0.],[0. 0.],Glow Plugs,321698003,1763325297,0
1763325297477279805,[0 0 0 0 0 0 0 0],7,264,[0. 0.],[0. 0.],Glow Plugs,477026458,1763325297,0
1763325297550093338,[0 0 0 0 0 0 0 0],7,264,[0. 0.],[0. 0.],Glow Plugs,549496179,1763325297,0
1763325297633176491,[0 0 0 0 0 0 0 0],7,264,[0. 0.],[0. 0.],Glow Plugs,631656954,1763325297,0
1763325297725034496,[0 0 0 0 0 0 0 0],7,264,[0. 0.],[0. 0.],Glow Plugs,724813470,1763325297,0
1763325297838934736,[0 0 0 0 0 0 0 0],7,264,[0. 0.],[0. 0.],Glow Plugs,838451211,1763325297,0
1763325297921635326,[0 0 0 0 0 0 0 0],7,264,[0. 0.],[0. 0.],Glow Plugs,921124440,1763325297,0
1763325298037910793,[0 0 0 0 0 0 0 0],7,264,[0. 0.],[0. 0.],Glow Plugs,37439747,1763325298,0
1763325298130241572,[0 0 0 0 0 0 0 0],7,264,[0. 0.],[0. 0.],Glow Plugs,129952864,1763325298,0
1763325298234295556,[0 0 0 0 0 0 0 0],7,264,[0. 0.],[0. 0.],Glow Plugs,233787678,1763325298,0
1763325298327833389,[0 0 0 0 0 0 0 0],7,264,[0. 0.],[0. 0.],Glow Plugs,327462249,1763325298,0
1763325298484873929,[0 0 0 0 0 0 0 0],7,264,[0. 0.],[0. 0.],Glow Plugs,484299906,1763325298,0
1763325298557286689,[0 0 0 0 0 0 0 0],7,264,[0. 0.],[0. 0.],Glow Plugs,556953885,1763325298,0
1763325298642139079,[0 0 0 0 0 0 0 0],7,264,[0. 0.],[0. 0.],Glow Plugs,641585344,1763325298,0
1763325298724757331,[0 0 0 0 0 0 0 0],7,264,[0. 0.],[0. 0.],Glow Plugs,724170956,1763325298,0
1763325298837731513,[0 0 0 0 0 0 0 0],7,264,[0. 0.],[0. 0.],Glow Plugs,837042705,1763325298,0
1763325298931315714,[0 0 0 0 0 0 0 0],7,264,[0. 0.],[0. 0.],Glow Plugs,930741884,1763325298,0
1763325299047185705,[0 0 0 0 0 0 0 0],7,264,[0. 0.],[0. 0.],Glow Plugs,45650776,1763325299,0
1763325299129903415,[0 0 0 0 0 0 0 0],7,264,[0. 0.],[0. 0.],Glow Plugs,127794431,1763325299,0
1763325299242392888,[0 0 0 0 0 0 0 0],7,264,[0. 0.],[0. 0.],Glow Plugs,240833702,1763325299,0
1763325299336214180,[0 0 0 0 0 0 0 0],7,264,[0. 0.],[0. 0.],Glow Plugs,334056940,1763325299,0
1763325299478595834,[0 0 0 0 0 0 0 0],7,264,[0. 0.],[0. 0.],Glow Plugs,477852209,1763325299,0
1763325299553238636,[0 0 0 0 0 0 0 0],7,264,[0. 0.],[0. 0.],Glow Plugs,552599908,1763325299,0
1763325299645825738,[0 0 0 0 0 0 0 0],7,264,[0. 0.],[0. 0.],Glow Plugs,644989536,1763325299,0
1763325299728198580,[0 0 0 0 0 0 0 0],7,264,[0. 0.],[0. 0.],Glow Plugs,727808079,1763325299,0
1763325299842379432,[0 0 0 0 0 0 0 0],7,264,[0. 0.],[0. 0.],Glow Plugs,841296284,1763325299,0
1763325299934144701,[0 0 0 0 0 0 0 0],7,264,[0. 0.],[0. 0.],Glow Plugs,933631831,1763325299,0
1763325300047789483,[0 0 0 0 0 0 0 0],7,264,[0. 0.],[0. 0.],Glow Plugs,47329574,1763325300,0
1763325300129652048,[0 0 0 0 0 0 0 0],7,264,[0. 0.],[0. 0.],Glow Plugs,129300044,1763325300,0
1763325300243094204,[0 0 0 0 0 0 0 0],7,264,[0. 0.],[0. 0.],Glow Plugs,242283442,1763325300,0
1763325300335362295,[0 0 0 0 0 0 0 0],7,264,[0. 0.],[0. 0.],Glow Plugs,334393388,1763325300,0
1763325300490779489,[0 0 0 0 0 0 0 0],7,264,[0. 0.],[0. 0.],Glow Plugs,490488606,1763325300,0
1763325300564257958,[0 0 0 0 0 0 0 0],7,264,[0. 0.],[0. 0.],Glow Plugs,563730144,1763325300,0
1763325300647268311,[0 0 0 0 0 0 0 0],7,264,[0. 0.],[0. 0.],Glow Plugs,646590128,1763325300,0
1763325300740171418,[0 0 0 0 0 0 0 0],7,264,[0. 0.],[0. 0.],Glow Plugs,739132302,1763325300,0
1763325300845334119,[0 0 0 0 0 0 0 0],7,264,[0. 0.],[0. 0.],Glow Plugs,844953539,1763325300,0
1763325300940552324,[0 0 0 0 0 0 0 0],7,264,[0. 0.],[0. 0.],Glow Plugs,937845893,1763325300,0
1763325301051364018,[0 0 0 0 0 0 0 0],7,264,[0. 0.],[0. 0.],Glow Plugs,50473128,1763325301,0
1763325301132959860,[0 0 0 0 0 0 0 0],7,264,[0. 0.],[0. 0.],Glow Plugs,132623760,1763325301,0
1763325301248926653,[0 0 0 0 0 0 0 0],7,264,[0. 0.],[0. 0.],Glow Plugs,248561625,1763325301,0
1763325301340702067,[0 0 0 0 0 0 0 0],7,264,[0. 0.],[0. 0.],Glow Plugs,339886314,1763325301,0
1763325301485620294,[0 0 0 0 0 0 0 0],7,264,[0. 0.],[0. 0.],Glow Plugs,484620699,1763325301,0
1763325301558091712,[0 0 0 0 0 0 0 0],7,264,[0. 0.],[0. 0.],Glow Plugs,557448441,1763325301,0
1763325301650567582,[0 0 0 0 0 0 0 0],7,264,[0. 0.],[0. 0.],Glow Plugs,649811925,1763325301,0
1763325301743525057,[0 0 0 0 0 0 0 0],7,264,[0. 0.],[0. 0.],Glow Plugs,742772792,1763325301,0
1763325301846152082,[0 0 0 0 0 0 0 0],7,264,[0. 0.],[0. 0.],Glow Plugs,845622796,1763325301,0
1763325301938650288,[0 0 0 0 0 0 0 0],7,264,[0. 0.],[0. 0.],Glow Plugs,937948424,1763325301,0
1763325302052438721,[0 0 0 0 0 0 0 0],7,264,[0. 0.],[0. 0.],Glow Plugs,52160286,1763325302,0
1763325302145366980,[0 0 0 0 0 0 0 0],7,264,[0. 0.],[0. 0.],Glow Plugs,144775037,1763325302,0
1763325302248775551,[0 0 0 0 0 0 0 0],7,264,[0. 0.],[0. 0.],Glow Plugs,248103383,1763325302,0
1763325302341594625,[0 0 0 0 0 0 0 0],7,264,[0. 0.],[0. 0.],Glow Plugs,340774551,1763325302,0
1763325302497100365,[0 0 0 0 0 0 0 0],7,264,[0. 0.],[0. 0.],Glow Plugs,495519067,1763325302,0
1763325302568942240,[0 0 0 0 0 0 0 0],7,264,[0. 0.],[0. 0.],Glow Plugs,568554268,1763325302,0
1763325302653449283,[0 0 0 0 0 0 0 0],7,264,[0. 0.],[0. 0.],Glow Plugs,652260150,1763325302,0
1763325302743422501,[0 0 0 0 0 0 0 0],7,264,[0. 0.],[0. 0.],Glow Plugs,743204514,1763325302,0
1763325302856723568,[0 0 0 0 0 0 0 0],7,264,[0. 0.],[0. 0.],Glow Plugs,856067433,1763325302,0
1763325302939156220,[0 0 0 0 0 0 0 0],7,264,[0. 0.],[0. 0.],Glow Plugs,938580725,1763325302,0
1763325303052892108,[0 0 0 0 0 0 0 0],7,264,[0. 0.],[0. 0.],Glow Plugs,51801536,1763325303,0
1763325303145985778,[0 0 0 0 0 0 0 0],7,264,[0. 0.],[0. 0.],Glow Plugs,145163496,1763325303,0
1763325303259179484,[0 0 0 0 0 0 0 0],7,264,[0. 0.],[0. 0.],Glow Plugs,258682935,1763325303,0
1763325303341712041,[0 0 0 0 0 0 0 0],7,264,[0. 0.],[0. 0.],Glow Plugs,340866528,1763325303,0
1763325303495653956,[0 0 0 0 0 0 0 0],7,264,[0. 0.],[0. 0.],Glow Plugs,494903548,1763325303,0
1763325303569634640,[0 0 0 0 0 0 0 0],7,264,[0. 0.],[0. 0.],Glow Plugs,568531587,1763325303,0
1763325303651249010,[0 0 0 0 0 0 0 0],7,264,[0. 0.],[0. 0.],Glow Plugs,650967311,1763325303,0
1763325303743585999,[0 0 0 0 0 0 0 0],7,264,[0. 0.],[0. 0.],Glow Plugs,743078410,1763325303,0
1763325303858382156,[0 0 0 0 0 0 0 0],7,264,[0. 0.],[0. 0.],Glow Plugs,856643704,1763325303,0
1763325303952841665,[0 0 0 0 0 0 0 0],7,264,[0. 0.],[0. 0.],Glow Plugs,951802357,1763325303,0
1763325304055531604,[0 0 0 0 0 0 0 0],7,264,[0. 0.],[0. 0.],Glow Plugs,55167984,1763325304,0
1763325304148926845,[0 0 0 0 0 0 0 0],7,264,[0. 0.],[0. 0.],Glow Plugs,148391127,1763325304,0
1763325304261357056,[0 0 0 0 0 0 0 0],7,264,[0. 0.],[0. 0.],Glow Plugs,260891322,1763325304,0
1763325304343443752,[0 0 0 0 0 0 0 0],7,264,[0. 0.],[0. 0.],Glow Plugs,342966818,1763325304,0
1763325304499439195,[0 0 0 0 0 0 0 0],7,264,[0. 0.],[0. 0.],Glow Plugs,498960566,1763325304,0
1763325304572395931,[0 0 0 0 0 0 0 0],7,264,[0. 0.],[0. 0.],Glow Plugs,572087480,1763325304,0
1763325304655087242,[0 0 0 0 0 0 0 0],7,264,[0. 0.],[0. 0.],Glow Plugs,654369730,1763325304,0
1763325304746822145,[0 0 0 0 0 0 0 0],7,264,[0. 0.],[0. 0.],Glow Plugs,746583134,1763325304,0
1763325304859685512,[0 0 0 0 0 0 0 0],7,264,[0. 0.],[0. 0.],Glow Plugs,859150658,1763325304,0
1763325304952060709,[0 0 0 0 0 0 0 0],7,264,[0. 0.],[0. 0.],Glow Plugs,951790658,1763325304,0
1763325305065487091,[0 0 0 0 0 0 0 0],7,264,[0. 0.],[0. 0.],Glow Plugs,64918317,1763325305,0
1763325305148965164,[0 0 0 0 0 0 0 0],7,264,[0. 0.],[0. 0.],Glow Plugs,148472486,1763325305,0
1763325305262450074,[0 0 0 0 0 0 0 0],7,264,[0. 0.],[0. 0.],Glow Plugs,261743058,1763325305,0
1763325305356191944,[0 0 0 0 0 0 0 0],7,264,[0. 0.],[0. 0.],Glow Plugs,355594849,1763325305,0
1763325305500122930,[0 0 0 0 0 0 0 0],7,264,[0. 0.],[0. 0.],Glow Plugs,499800942,1763325305,0
1763325305573243668,[0 0 0 0 0 0 0 0],7,264,[0. 0.],[0. 0.],Glow Plugs,572688686,1763325305,0
1763325305665678963,[0 0 0 0 0 0 0 0],7,264,[0. 0.],[0. 0.],Glow Plugs,665375759,1763325305,0
1763325305748341730,[0 0 0 0 0 0 0 0],7,264,[0. 0.],[0. 0.],Glow Plugs,747650330,1763325305,0
1763325305861399276,[0 0 0 0 0 0 0 0],7,264,[0. 0.],[0. 0.],Glow Plugs,860824357,1763325305,0
1763325305954198703,[0 0 0 0 0 0 0 0],7,264,[0. 0.],[0. 0.],Glow Plugs,953456742,1763325305,0
1763325306067290169,[0 0 0 0 0 0 0 0],7,264,[0. 0.],[0. 0.],Glow Plugs,66453456,1763325306,0
1763325306149687846,[0 0 0 0 0 0 0 0],7,264,[0. 0.],[0. 0.],Glow Plugs,148923421,1763325306,0
1763325306265142443,[0 0 0 0 0 0 0 0],7,264,[0. 0.],[0. 0.],Glow Plugs,264626117,1763325306,0
1763325306358243442,[0 0 0 0 0 0 0 0],7,264,[0. 0.],[0. 0.],Glow Plugs,357704044,1763325306,0
1763325306504682105,[0 0 0 0 0 0 0 0],7,264,[0. 0.],[0. 0.],Glow Plugs,503735438,1763325306,0
1763325306577752123,[0 0 0 0 0 0 0 0],7,264,[0. 0.],[0. 0.],Glow Plugs,576962386,1763325306,0
1763325306670540350,[0 0 0 0 0 0 0 0],7,264,[0. 0.],[0. 0.],Glow Plugs,669335280,1763325306,0
1763325306756402738,[0 0 0 0 0 0 0 0],7,264,[0. 0.],[0. 0.],Glow Plugs,753454896,1763325306,0
1763325306865243724,[0 0 0 0 0 0 0 0],7,264,[0. 0.],[0. 0.],Glow Plugs,864771815,1763325306,0
1763325306957874989,[0 0 0 0 0 0 0 0],7,264,[0. 0.],[0. 0.],Glow Plugs,957523945,1763325306,0
1763325307072582571,[0 0 0 0 0 0 0 0],7,264,[0. 0.],[0. 0.],Glow Plugs,71725761,1763325307,0
1763325307156234310,[0 0 0 0 0 0 0 0],7,264,[0. 0.],[0. 0.],Glow Plugs,153816362,1763325307,0
1763325307267865344,[0 0 0 0 0 0 0 0],7,264,[0. 0.],[0. 0.],Glow Plugs,267080727,1763325307,0
1763325307360805637,[0 0 0 0 0 0 0 0],7,264,[0. 0.],[0. 0.],Glow Plugs,359860890,1763325307,0
1763325307516203987,[0 0 0 0 0 0 0 0],7,264,[0. 0.],[0. 0.],Glow Plugs,515213896,1763325307,0
1763325307587384960,[0 0 0 0 0 0 0 0],7,264,[0. 0.],[0. 0.],Glow Plugs,587076124,1763325307,0
1763325307670101072,[0 0 0 0 0 0 0 0],7,264,[0. 0.],[0. 0.],Glow Plugs,669712492,1763325307,0
1763325307757456533,[0 0 0 0 0 0 0 0],7,264,[0. 0.],[0. 0.],Glow Plugs,757110194,1763325307,0
1763325307871292873,[0 0 0 0 0 0 0 0],7,264,[0. 0.],[0. 0.],Glow Plugs,870343390,1763325307,0
1763325307963678696,[0 0 0 0 0 0 0 0],7,264,[0. 0.],[0. 0.],Glow Plugs,963253315,1763325307,0
1763325308068646230,[0 0 0 0 0 0 0 0],7,264,[0. 0.],[0. 0.],Glow Plugs,68113136,1763325308,0
1763325308161688765,[0 0 0 0 0 0 0 0],7,264,[0. 0.],[0. 0.],Glow Plugs,161162679,1763325308,0
1763325308276366075,[0 0 0 0 0 0 0 0],7,264,[0. 0.],[0. 0.],Glow Plugs,275732339,1763325308,0
1763325308360425531,[0 0 0 0 0 0 0 0],7,264,[0. 0.],[0. 0.],Glow Plugs,360183896,1763325308,0
1763325308515689448,[0 0 0 0 0 0 0 0],7,264,[0. 0.],[0. 0.],Glow Plugs,515449349,1763325308,0
1763325308589685749,[0 0 0 0 0 0 0 0],7,264,[0. 0.],[0. 0.],Glow Plugs,588948780,1763325308,0
1763325308671849887,[0 0 0 0 0 0 0 0],7,264,[0. 0.],[0. 0.],Glow Plugs,671374330,1763325308,0
1763325308766549049,[0 0 0 0 0 0 0 0],7,264,[0. 0.],[0. 0.],Glow Plugs,766162740,1763325308,0
1763325308870704062,[0 0 0 0 0 0 0 0],7,264,[0. 0.],[0. 0.],Glow Plugs,870103735,1763325308,0
1763325308962507063,[0 0 0 0 0 0 0 0],7,264,[0. 0.],[0. 0.],Glow Plugs,961961968,1763325308,0
1763325309076799920,[0 0 0 0 0 0 0 0],7,264,[0. 0.],[0. 0.],Glow Plugs,76339659,1763325309,0
1763325309161485303,[0 0 0 0 0 0 0 0],7,264,[0. 0.],[0. 0.],Glow Plugs,160478316,1763325309,0
1763325309275345612,[0 0 0 0 0 0 0 0],7,264,[0. 0.],[0. 0.],Glow Plugs,274138334,1763325309,0
1763325309367837901,[0 0 0 0 0 0 0 0],7,264,[0. 0.],[0. 0.],Glow Plugs,367384424,1763325309,0
1763325309512425185,[0 0 0 0 0 0 0 0],7,264,[0. 0.],[0. 0.],Glow Plugs,512217950,1763325309,0
1763325309585655173,[0 0 0 0 0 0 0 0],7,264,[0. 0.],[0. 0.],Glow Plugs,584560121,1763325309,0
1763325309678701132,[0 0 0 0 0 0 0 0],7,264,[0. 0.],[0. 0.],Glow Plugs,677415645,1763325309,0
1763325309770436036,[0 0 0 0 0 0 0 0],7,264,[0. 0.],[0. 0.],Glow Plugs,770030911,1763325309,0
1763325309877375242,[0 0 0 0 0 0 0 0],7,264,[0. 0.],[0. 0.],Glow Plugs,876650401,1763325309,0
1763325309971469405,[0 0 0 0 0 0 0 0],7,264,[0. 0.],[0. 0.],Glow Plugs,970875190,1763325309,0
1763325310074481686,[0 0 0 0 0 0 0 0],7,264,[0. 0.],[0. 0.],Glow Plugs,73745229,1763325310,0
1763325310166858773,[0 0 0 0 0 0 0 0],7,264,[0. 0.],[0. 0.],Glow Plugs,166055500,1763325310,0
1763325310281286993,[0 0 0 0 0 0 0 0],7,264,[0. 0.],[0. 0.],Glow Plugs,280447399,1763325310,0
1763325310363168921,[0 0 0 0 0 0 0 0],7,264,[0. 0.],[0. 0.],Glow Plugs,362791348,1763325310,0
1763325310517046647,[0 0 0 0 0 0 0 0],7,264,[0. 0.],[0. 0.],Glow Plugs,516790836,1763325310,0
1763325310590545503,[0 0 0 0 0 0 0 0],7,264,[0. 0.],[0. 0.],Glow Plugs,590327293,1763325310,0
1763325310683572710,[0 0 0 0 0 0 0 0],7,264,[0. 0.],[0. 0.],Glow Plugs,683033664,1763325310,0
1763325310768223629,[0 0 0 0 0 0 0 0],7,264,[0. 0.],[0. 0.],Glow Plugs,766383896,1763325310,0
1763325310879179553,[0 0 0 0 0 0 0 0],7,264,[0. 0.],[0. 0.],Glow Plugs,878789757,1763325310,0
1763325310972008166,[0 0 0 0 0 0 0 0],7,264,[0. 0.],[0. 0.],Glow Plugs,971544449,1763325310,0
1763325311076676787,[0 0 0 0 0 0 0 0],7,264,[0. 0.],[0. 0.],Glow Plugs,75917546,1763325311,0
1763325311171421070,[0 0 0 0 0 0 0 0],7,264,[0. 0.],[0. 0.],Glow Plugs,170791334,1763325311,0
1763325311283968564,[0 0 0 0 0 0 0 0],7,264,[0. 0.],[0. 0.],Glow Plugs,283524495,1763325311,0
1763325311366564964,[0 0 0 0 0 0 0 0],7,264,[0. 0.],[0. 0.],Glow Plugs,365744155,1763325311,0
1763325311520155712,[0 0 0 0 0 0 0 0],7,264,[0. 0.],[0. 0.],Glow Plugs,519713947,1763325311,0
1763325311594147214,[0 0 0 0 0 0 0 0],7,264,[0. 0.],[0. 0.],Glow Plugs,592545756,1763325311,0
1763325311687778204,[0 0 0 0 0 0 0 0],7,264,[0. 0.],[0. 0.],Glow Plugs,687069780,1763325311,0
1763325311770934835,[0 0 0 0 0 0 0 0],7,264,[0. 0.],[0. 0.],Glow Plugs,769463074,1763325311,0
1763325311884748296,[0 0 0 0 0 0 0 0],7,264,[0. 0.],[0. 0.],Glow Plugs,884200194,1763325311,0
1763325311981635387,[0 0 0 0 0 0 0 0],7,264,[0. 0.],[0. 0.],Glow Plugs,976982214,1763325311,0
1763325312081526610,[0 0 0 0 0 0 0 0],7,264,[0. 0.],[0. 0.],Glow Plugs,81320079,1763325312,0
1763325312176321838,[0 0 0 0 0 0 0 0],7,264,[0. 0.],[0. 0.],Glow Plugs,174674747,1763325312,0
1763325312288910933,[0 0 0 0 0 0 0 0],7,264,[0. 0.],[0. 0.],Glow Plugs,287769992,1763325312,0
1763325312371117025,[0 0 0 0 0 0 0 0],7,264,[0. 0.],[0. 0.],Glow Plugs,370521850,1763325312,0
1763325312524909088,[0 0 0 0 0 0 0 0],7,264,[0. 0.],[0. 0.],Glow Plugs,524594844,1763325312,0
1763325312597939971,[0 0 0 0 0 0 0 0],7,264,[0. 0.],[0. 0.],Glow Plugs,597113817,1763325312,0
1763325312689955487,[0 0 0 0 0 0 0 0],7,264,[0. 0.],[0. 0.],Glow Plugs,689684156,1763325312,0
1763325312773592731,[0 0 0 0 0 0 0 0],7,264,[0. 0.],[0. 0.],Glow Plugs,772363981,1763325312,0
1763325312887635251,[0 0 0 0 0 0 0 0],7,264,[0. 0.],[0. 0.],Glow Plugs,887234351,1763325312,0
1763325312972532510,[0 0 0 0 0 0 0 0],7,264,[0. 0.],[0. 0.],Glow Plugs,971578579,1763325312,0
1763325313085033189,[0 0 0 0 0 0 0 0],7,264,[0. 0.],[0. 0.],Glow Plugs,84623936,1763325313,0
1763325313178156878,[0 0 0 0 0 0 0 0],7,264,[0. 0.],[0. 0.],Glow Plugs,177789386,1763325313,0
1763325313291872099,[0 0 0 0 0 0 0 0],7,264,[0. 0.],[0. 0.],Glow Plugs,291579839,1763325313,0
1763325313376772334,[0 0 0 0 0 0 0 0],7,264,[0. 0.],[0. 0.],Glow Plugs,375668257,1763325313,0
1763325313532684645,[0 0 0 0 0 0 0 0],7,264,[0. 0.],[0. 0.],Glow Plugs,532136927,1763325313,0
1763325313606784949,[0 0 0 0 0 0 0 0],7,264,[0. 0.],[0. 0.],Glow Plugs,605619336,1763325313,0
1763325313688670206,[0 0 0 0 0 0 0 0],7,264,[0. 0.],[0. 0.],Glow Plugs,688059831,1763325313,0
1763325313781614341,[0 0 0 0 0 0 0 0],7,264,[0. 0.],[0. 0.],Glow Plugs,780720475,1763325313,0
1763325313884294587,[0 0 0 0 0 0 0 0],7,264,[0. 0.],[0. 0.],Glow Plugs,884089881,1763325313,0
1763325313979197401,[0 0 0 0 0 0 0 0],7,264,[0. 0.],[0. 0.],Glow Plugs,978305167,1763325313,0
1763325314092514185,[0 0 0 0 0 0 0 0],7,264,[0. 0.],[0. 0.],Glow Plugs,91332572,1763325314,0
1763325314184375140,[0 0 0 0 0 0 0 0],7,264,[0. 0.],[0. 0.],Glow Plugs,183960768,1763325314,0
1763325314287388127,[0 0 0 0 0 0 0 0],7,264,[0. 0.],[0. 0.],Glow Plugs,286969050,1763325314,0
1763325314379881761,[0 0 0 0 0 0 0 0],7,264,[0. 0.],[0. 0.],Glow Plugs,379509437,1763325314,0
1763325314533793699,[0 0 0 0 0 0 0 0],7,264,[0. 0.],[0. 0.],Glow Plugs,533569312,1763325314,0
1763325314606595524,[0 0 0 0 0 0 0 0],7,264,[0. 0.],[0. 0.],Glow Plugs,606240416,1763325314,0
1763325314689149908,[0 0 0 0 0 0 0 0],7,264,[0. 0.],[0. 0.],Glow Plugs,688800176,1763325314,0
1763325314782195293,[0 0 0 0 0 0 0 0],7,264,[0. 0.],[0. 0.],Glow Plugs,781425780,1763325314,0
1763325314895449453,[0 0 0 0 0 0 0 0],7,264,[0. 0.],[0. 0.],Glow Plugs,894867878,1763325314,0
1763325314985055534,[0 0 0 0 0 0 0 0],7,264,[0. 0.],[0. 0.],Glow Plugs,981902698,1763325314,0
1763325315093913356,[0 0 0 0 0 0 0 0],7,264,[0. 0.],[0. 0.],Glow Plugs,93698153,1763325315,0
1763325315187175575,[0 0 0 0 0 0 0 0],7,264,[0. 0.],[0. 0.],Glow Plugs,186607569,1763325315,0
1763325315290342484,[0 0 0 0 0 0 0 0],7,264,[0. 0.],[0. 0.],Glow Plugs,289651084,1763325315,0
1763325315382296145,[0 0 0 0 0 0 0 0],7,264,[0. 0.],[0. 0.],Glow Plugs,381785003,1763325315,0
1763325315538130760,[0 0 0 0 0 0 0 0],7,264,[0. 0.],[0. 0.],Glow Plugs,537382016,1763325315,0
1763325315610981258,[0 0 0 0 0 0 0 0],7,264,[0. 0.],[0. 0.],Glow Plugs,610445476,1763325315,0
1763325315694973004,[0 0 0 0 0 0 0 0],7,264,[0. 0.],[0. 0.],Glow Plugs,694048641,1763325315,0
1763325315788184278,[0 0 0 0 0 0 0 0],7,264,[0. 0.],[0. 0.],Glow Plugs,786260224,1763325315,0
1763325315900528092,[0 0 0 0 0 0 0 0],7,264,[0. 0.],[0. 0.],Glow Plugs,899055019,1763325315,0
1763325315982524711,[0 0 0 0 0 0 0 0],7,264,[0. 0.],[0. 0.],Glow Plugs,981071574,1763325315,0
1763325316095996410,[0 0 0 0 0 0 0 0],7,264,[0. 0.],[0. 0.],Glow Plugs,95627798,1763325316,0
1763325316186909643,[0 0 0 0 0 0 0 0],7,264,[0. 0.],[0. 0.],Glow Plugs,186595143,1763325316,0
1763325316303637795,[0 0 0 0 0 0 0 0],7,264,[0. 0.],[0. 0.],Glow Plugs,300453791,1763325316,0
1763325316392081528,[0 0 0 0 0 0 0 0],7,264,[0. 0.],[0. 0.],Glow Plugs,391788853,1763325316,0
1763325316538856361,[0 0 0 0 0 0 0 0],7,264,[0. 0.],[0. 0.],Glow Plugs,538283746,1763325316,0
1763325316610795712,[0 0 0 0 0 0 0 0],7,264,[0. 0.],[0. 0.],Glow Plugs,610351707,1763325316,0
1763325316703572806,[0 0 0 0 0 0 0 0],7,264,[0. 0.],[0. 0.],Glow Plugs,703023904,1763325316,0
1763325316785910421,[0 0 0 0 0 0 0 0],7,264,[0. 0.],[0. 0.],Glow Plugs,785314446,1763325316,0
1763325316901079324,[0 0 0 0 0 0 0 0],7,264,[0. 0.],[0. 0.],Glow Plugs,900507413,1763325316,0
1763325316993857506,[0 0 0 0 0 0 0 0],7,264,[0. 0.],[0. 0.],Glow Plugs,992787478,1763325316,0
1763325317097552838,[0 0 0 0 0 0 0 0],7,264,[0. 0.],[0. 0.],Glow Plugs,97323619,1763325317,0
1763325317190783185,[0 0 0 0 0 0 0 0],7,264,[0. 0.],[0. 0.],Glow Plugs,190272524,1763325317,0
1763325317304980173,[0 0 0 0 0 0 0 0],7,264,[0. 0.],[0. 0.],Glow Plugs,303831712,1763325317,0
1763325317386281169,[0 0 0 0 0 0 0 0],7,264,[0. 0.],[0. 0.],Glow Plugs,386027470,1763325317,0
1763325317542944819,[0 0 0 0 0 0 0 0],7,264,[0. 0.],[0. 0.],Glow Plugs,541654308,1763325317,0
1763325317616070328,[0 0 0 0 0 0 0 0],7,264,[0. 0.],[0. 0.],Glow Plugs,615148750,1763325317,0
1763325317699413203,[0 0 0 0 0 0 0 0],7,264,[0. 0.],[0. 0.],Glow Plugs,698636650,1763325317,0
1763325317793522409,[0 0 0 0 0 0 0 0],7,264,[0. 0.],[0. 0.],Glow Plugs,792925346,1763325317,0
1763325317907724517,[0 0 0 0 0 0 0 0],7,264,[0. 0.],[0. 0.],Glow Plugs,906561815,1763325317,0
1763325317989713776,[0 0 0 0 0 0 0 0],7,264,[0. 0.],[0. 0.],Glow Plugs,988987719,1763325317,0
1763325318104448594,[0 0 0 0 0 0 0 0],7,264,[0. 0.],[0. 0.],Glow Plugs,103475751,1763325318,0
1763325318197768095,[0 0 0 0 0 0 0 0],7,264,[0. 0.],[0. 0.],Glow Plugs,197380027,1763325318,0
1763325318300904349,[0 0 0 0 0 0 0 0],7,264,[0. 0.],[0. 0.],Glow Plugs,300524537,1763325318,0
1763325318395027923,[0 0 0 0 0 0 0 0],7,264,[0. 0.],[0. 0.],Glow Plugs,394312331,1763325318,0
1763325318550061219,[0 0 0 0 0 0 0 0],7,264,[0. 0.],[0. 0.],Glow Plugs,549286427,1763325318,0
1763325318622339520,[0 0 0 0 0 0 0 0],7,264,[0. 0.],[0. 0.],Glow Plugs,621563127,1763325318,0
1763325318704662319,[0 0 0 0 0 0 0 0],7,264,[0. 0.],[0. 0.],Glow Plugs,703735364,1763325318,0
1763325318797432086,[0 0 0 0 0 0 0 0],7,264,[0. 0.],[0. 0.],Glow Plugs,796671853,1763325318,0
1763325318910098208,[0 0 0 0 0 0 0 0],7,264,[0. 0.],[0. 0.],Glow Plugs,909715708,1763325318,0
1763325318992322094,[0 0 0 0 0 0 0 0],7,264,[0. 0.],[0. 0.],Glow Plugs,992105228,1763325318,0
1763325319105218940,[0 0 0 0 0 0 0 0],7,264,[0. 0.],[0. 0.],Glow Plugs,104785623,1763325319,0
1763325319197739456,[0 0 0 0 0 0 0 0],7,264,[0. 0.],[0. 0.],Glow Plugs,197374236,1763325319,0
1763325319310811728,[0 0 0 0 0 0 0 0],7,264,[0. 0.],[0. 0.],Glow Plugs,310291050,1763325319,0
1763325319392785628,[0 0 0 0 0 0 0 0],7,264,[0. 0.],[0. 0.],Glow Plugs,392519769,1763325319,0
1763325319547810572,[0 0 0 0 0 0 0 0],7,264,[0. 0.],[0. 0.],Glow Plugs,547284838,1763325319,0
1763325319622152544,[0 0 0 0 0 0 0 0],7,264,[0. 0.],[0. 0.],Glow Plugs,621290871,1763325319,0
1763325319707544563,[0 0 0 0 0 0 0 0],7,264,[0. 0.],[0. 0.],Glow Plugs,704454256,1763325319,0
1763325319798850729,[0 0 0 0 0 0 0 0],7,264,[0. 0.],[0. 0.],Glow Plugs,798374788,1763325319,0
1763325319912507072,[0 0 0 0 0 0 0 0],7,264,[0. 0.],[0. 0.],Glow Plugs,912221085,1763325319,0
1763325319998753724,[0 0 0 0 0 0 0 0],7,264,[0. 0.],[0. 0.],Glow Plugs,998214486,1763325319,0
1763325320111843181,[0 0 0 0 0 0 0 0],7,264,[0. 0.],[0. 0.],Glow Plugs,111139557,1763325320,0
1763325320208090460,[0 0 0 0 0 0 0 0],7,264,[0. 0.],[0. 0.],Glow Plugs,206565259,1763325320,0
1763325320310234991,[0 0 0 0 0 0 0 0],7,264,[0. 0.],[0. 0.],Glow Plugs,309459974,1763325320,0
1763325320405137871,[0 0 0 0 0 0 0 0],7,264,[0. 0.],[0. 0.],Glow Plugs,404443207,1763325320,0
1763325320549164866,[0 0 0 0 0 0 0 0],7,264,[0. 0.],[0. 0.],Glow Plugs,548643164,1763325320,0
1763325320621028154,[0 0 0 0 0 0 0 0],7,264,[0. 0.],[0. 0.],Glow Plugs,620773751,1763325320,0
1763325320714062661,[0 0 0 0 0 0 0 0],7,264,[0. 0.],[0. 0.],Glow Plugs,713390653,1763325320,0
1763325320805983426,[0 0 0 0 0 0 0 0],7,264,[0. 0.],[0. 0.],Glow Plugs,805764096,1763325320,0
1763325320909700007,[0 0 0 0 0 0 0 0],7,264,[0. 0.],[0. 0.],Glow Plugs,909494437,1763325320,0
1763325321004148802,[0 0 0 0 0 0 0 0],7,264,[0. 0.],[0. 0.],Glow Plugs,3188087,1763325321,0
1763325321118362688,[0 0 0 0 0 0 0 0],7,264,[0. 0.],[0. 0.],Glow Plugs,117568599,1763325321,0
1763325321200053705,[0 0 0 0 0 0 0 0],7,264,[0. 0.],[0. 0.],Glow Plugs,199800038,1763325321,0
1763325321313101625,[0 0 0 0 0 0 0 0],7,264,[0. 0.],[0. 0.],Glow Plugs,312864502,1763325321,0
1763325321406345734,[0 0 0 0 0 0 0 0],7,264,[0. 0.],[0. 0.],Glow Plugs,405492445,1763325321,0
1763325321559495587,[0 0 0 0 0 0 0 0],7,264,[0. 0.],[0. 0.],Glow Plugs,559166527,1763325321,0
1763325321632065091,[0 0 0 0 0 0 0 0],7,264,[0. 0.],[0. 0.],Glow Plugs,631577213,1763325321,0
1763325321719020776,[0 0 0 0 0 0 0 0],7,264,[0. 0.],[0. 0.],Glow Plugs,718133438,1763325321,0
1763325321799869607,[0 0 0 0 0 0 0 0],7,264,[0. 0.],[0. 0.],Glow Plugs,799650565,1763325321,0
1763325321914106021,[0 0 0 0 0 0 0 0],7,264,[0. 0.],[0. 0.],Glow Plugs,913648960,1763325321,0
1763325322006705483,[0 0 0 0 0 0 0 0],7,264,[0. 0.],[0. 0.],Glow Plugs,5928066,1763325322,0
1763325322120619686,[0 0 0 0 0 0 0 0],7,264,[0. 0.],[0. 0.],Glow Plugs,120239554,1763325322,0
1763325322202825397,[0 0 0 0 0 0 0 0],7,264,[0. 0.],[0. 0.],Glow Plugs,202542418,1763325322,0
1763325322316384332,[0 0 0 0 0 0 0 0],7,264,[0. 0.],[0. 0.],Glow Plugs,316119977,1763325322,0
1763325322410463683,[0 0 0 0 0 0 0 0],7,264,[0. 0.],[0. 0.],Glow Plugs,408475980,1763325322,0
1763325322562775638,[0 0 0 0 0 0 0 0],7,264,[0. 0.],[0. 0.],Glow Plugs,562149455,1763325322,0
1763325322635410199,[0 0 0 0 0 0 0 0],7,264,[0. 0.],[0. 0.],Glow Plugs,634304971,1763325322,0
1763325322718101068,[0 0 0 0 0 0 0 0],7,264,[0. 0.],[0. 0.],Glow Plugs,716964863,1763325322,0
1763325322811456603,[0 0 0 0 0 0 0 0],7,264,[0. 0.],[0. 0.],Glow Plugs,810382094,1763325322,0
1763325322923892516,[0 0 0 0 0 0 0 0],7,264,[0. 0.],[0. 0.],Glow Plugs,923394911,1763325322,0
1763325323006385367,[0 0 0 0 0 0 0 0],7,264,[0. 0.],[0. 0.],Glow Plugs,5831760,1763325323,0
1763325323119113284,[0 0 0 0 0 0 0 0],7,264,[0. 0.],[0. 0.],Glow Plugs,118290235,1763325323,0
1763325323210894113,[0 0 0 0 0 0 0 0],7,264,[0. 0.],[0. 0.],Glow Plugs,210642527,1763325323,0
1763325323323620879,[0 0 0 0 0 0 0 0],7,264,[0. 0.],[0. 0.],Glow Plugs,323377868,1763325323,0
1763325323405841950,[0 0 0 0 0 0 0 0],7,264,[0. 0.],[0. 0.],Glow Plugs,405443258,1763325323,0
1763325323561212021,[0 0 0 0 0 0 0 0],7,264,[0. 0.],[0. 0.],Glow Plugs,560783984,1763325323,0
1763325323632996205,[0 0 0 0 0 0 0 0],7,264,[0. 0.],[0. 0.],Glow Plugs,632797419,1763325323,0
1763325323725626676,[0 0 0 0 0 0 0 0],7,264,[0. 0.],[0. 0.],Glow Plugs,725359633,1763325323,0
1763325323807902724,[0 0 0 0 0 0 0 0],7,264,[0. 0.],[0. 0.],Glow Plugs,807704130,1763325323,0
1763325323921985697,[0 0 0 0 0 0 0 0],7,264,[0. 0.],[0. 0.],Glow Plugs,921101783,1763325323,0
1763325324013446971,[0 0 0 0 0 0 0 0],7,264,[0. 0.],[0. 0.],Glow Plugs,13219832,1763325324,0
1763325324126749519,[0 0 0 0 0 0 0 0],7,264,[0. 0.],[0. 0.],Glow Plugs,126496652,1763325324,0
1763325324208919902,[0 0 0 0 0 0 0 0],7,264,[0. 0.],[0. 0.],Glow Plugs,208692124,1763325324,0
1763325324324263178,[0 0 0 0 0 0 0 0],7,264,[0. 0.],[0. 0.],Glow Plugs,323920422,1763325324,0
1763325324416864465,[0 0 0 0 0 0 0 0],7,264,[0. 0.],[0. 0.],Glow Plugs,416630862,1763325324,0
1763325324561914066,[0 0 0 0 0 0 0 0],7,264,[0. 0.],[0. 0.],Glow Plugs,561074344,1763325324,0
1763325324636736077,[0 0 0 0 0 0 0 0],7,264,[0. 0.],[0. 0.],Glow Plugs,636275976,1763325324,0
1763325324732758875,[0 0 0 0 0 0 0 0],7,264,[0. 0.],[0. 0.],Glow Plugs,731275402,1763325324,0
1763325324814757416,[0 0 0 0 0 0 0 0],7,264,[0. 0.],[0. 0.],Glow Plugs,813291832,1763325324,0
1763325324933875200,[0 0 0 0 0 0 0 0],7,264,[0. 0.],[0. 0.],Glow Plugs,932596657,1763325324,0
1763325325019019889,[0 0 0 0 0 0 0 0],7,264,[0. 0.],[0. 0.],Glow Plugs,18517387,1763325325,0
1763325325121797869,[0 0 0 0 0 0 0 0],7,264,[0. 0.],[0. 0.],Glow Plugs,121501290,1763325325,0
1763325325214482101,[0 0 0 0 0 0 0 0],7,264,[0. 0.],[0. 0.],Glow Plugs,213692908,1763325325,0
1763325325326256569,[0 0 0 0 0 0 0 0],7,264,[0. 0.],[0. 0.],Glow Plugs,326089719,1763325325,0
1763325325418999682,[0 0 0 0 0 0 0 0],7,264,[0. 0.],[0. 0.],Glow Plugs,418547996,1763325325,0
1763325325572899849,[0 0 0 0 0 0 0 0],7,264,[0. 0.],[0. 0.],Glow Plugs,572489412,1763325325,0
1763325325647544322,[0 0 0 0 0 0 0 0],7,264,[0. 0.],[0. 0.],Glow Plugs,646093137,1763325325,0
1763325325729641136,[0 0 0 0 0 0 0 0],7,264,[0. 0.],[0. 0.],Glow Plugs,729270796,1763325325,0
1763325325823690792,[0 0 0 0 0 0 0 0],7,264,[0. 0.],[0. 0.],Glow Plugs,821441966,1763325325,0
1763325325925047060,[0 0 0 0 0 0 0 0],7,264,[0. 0.],[0. 0.],Glow Plugs,924355404,1763325325,0
1763325326017483865,[0 0 0 0 0 0 0 0],7,264,[0. 0.],[0. 0.],Glow Plugs,16847218,1763325326,0
1763325326130475339,[0 0 0 0 0 0 0 0],7,264,[0. 0.],[0. 0.],Glow Plugs,129568161,1763325326,0
1763325326225583824,[0 0 0 0 0 0 0 0],7,264,[0. 0.],[0. 0.],Glow Plugs,224117951,1763325326,0
1763325326328103785,[0 0 0 0 0 0 0 0],7,264,[0. 0.],[0. 0.],Glow Plugs,327514466,1763325326,0
1763325326421454873,[0 0 0 0 0 0 0 0],7,264,[0. 0.],[0. 0.],Glow Plugs,420715281,1763325326,0
1763325326577047860,[0 0 0 0 0 0 0 0],7,264,[0. 0.],[0. 0.],Glow Plugs,576181962,1763325326,0
1763325326650118940,[0 0 0 0 0 0 0 0],7,264,[0. 0.],[0. 0.],Glow Plugs,648647499,1763325326,0
1763325326731646340,[0 0 0 0 0 0 0 0],7,264,[0. 0.],[0. 0.],Glow Plugs,731344480,1763325326,0
1763325326824121514,[0 0 0 0 0 0 0 0],7,264,[0. 0.],[0. 0.],Glow Plugs,823735526,1763325326,0
1763325326937234621,[0 0 0 0 0 0 0 0],7,264,[0. 0.],[0. 0.],Glow Plugs,936866969,1763325326,0
1763325327020001972,[0 0 0 0 0 0 0 0],7,264,[0. 0.],[0. 0.],Glow Plugs,19710993,1763325327,0
1763325327133729583,[0 0 0 0 0 0 0 0],7,264,[0. 0.],[0. 0.],Glow Plugs,133010886,1763325327,0
1763325327227247233,[0 0 0 0 0 0 0 0],7,264,[0. 0.],[0. 0.],Glow Plugs,226621146,1763325327,0
1763325327329518872,[0 0 0 0 0 0 0 0],7,264,[0. 0.],[0. 0.],Glow Plugs,329122547,1763325327,0
1763325327422322338,[0 0 0 0 0 0 0 0],7,264,[0. 0.],[0. 0.],Glow Plugs,421630426,1763325327,0
1763325327577020596,[0 0 0 0 0 0 0 0],7,264,[0. 0.],[0. 0.],Glow Plugs,576688144,1763325327,0
1763325327649078511,[0 0 0 0 0 0 0 0],7,264,[0. 0.],[0. 0.],Glow Plugs,648735403,1763325327,0
1763325327731906407,[0 0 0 0 0 0 0 0],7,264,[0. 0.],[0. 0.],Glow Plugs,731690373,1763325327,0
1763325327827594386,[0 0 0 0 0 0 0 0],7,264,[0. 0.],[0. 0.],Glow Plugs,827072940,1763325327,0
1763325327941180747,[0 0 0 0 0 0 0 0],7,264,[0. 0.],[0. 0.],Glow Plugs,940430531,1763325327,0
1763325328023220442,[0 0 0 0 0 0 0 0],7,264,[0. 0.],[0. 0.],Glow Plugs,22576947,1763325328,0
1763325328136638962,[0 0 0 0 0 0 0 0],7,264,[0. 0.],[0. 0.],Glow Plugs,136285901,1763325328,0
1763325328228814101,[0 0 0 0 0 0 0 0],7,264,[0. 0.],[0. 0.],Glow Plugs,228466705,1763325328,0
1763325328341642086,[0 0 0 0 0 0 0 0],7,264,[0. 0.],[0. 0.],Glow Plugs,341337442,1763325328,0
1763325328424647135,[0 0 0 0 0 0 0 0],7,264,[0. 0.],[0. 0.],Glow Plugs,423912727,1763325328,0
1763325328578451975,[0 0 0 0 0 0 0 0],7,264,[0. 0.],[0. 0.],Glow Plugs,578016578,1763325328,0
1763325328652326264,[0 0 0 0 0 0 0 0],7,264,[0. 0.],[0. 0.],Glow Plugs,651294700,1763325328,0
1763325328736630145,[0 0 0 0 0 0 0 0],7,264,[0. 0.],[0. 0.],Glow Plugs,733799552,1763325328,0
1763325328827811481,[0 0 0 0 0 0 0 0],7,264,[0. 0.],[0. 0.],Glow Plugs,827322547,1763325328,0
1763325328941786679,[0 0 0 0 0 0 0 0],7,264,[0. 0.],[0. 0.],Glow Plugs,941213168,1763325328,0
1763325329026928265,[0 0 0 0 0 0 0 0],7,264,[0. 0.],[0. 0.],Glow Plugs,25368823,1763325329,0
1763325329143392356,[0 0 0 0 0 0 0 0],7,264,[0. 0.],[0. 0.],Glow Plugs,142267639,1763325329,0
1763325329226061787,[0 0 0 0 0 0 0 0],7,264,[0. 0.],[0. 0.],Glow Plugs,224470472,1763325329,0
1763325329338399366,[0 0 0 0 0 0 0 0],7,264,[0. 0.],[0. 0.],Glow Plugs,337742879,1763325329,0
1763325329431370195,[0 0 0 0 0 0 0 0],7,264,[0. 0.],[0. 0.],Glow Plugs,430785868,1763325329,0
1763325329586034757,[0 0 0 0 0 0 0 0],7,264,[0. 0.],[0. 0.],Glow Plugs,585547743,1763325329,0
1763325329658978380,[0 0 0 0 0 0 0 0],7,264,[0. 0.],[0. 0.],Glow Plugs,658561607,1763325329,0
1763325329744000029,[0 0 0 0 0 0 0 0],7,264,[0. 0.],[0. 0.],Glow Plugs,742125415,1763325329,0
1763325329836549221,[0 0 0 0 0 0 0 0],7,264,[0. 0.],[0. 0.],Glow Plugs,836091808,1763325329,0
1763325329938411384,[0 0 0 0 0 0 0 0],7,264,[0. 0.],[0. 0.],Glow Plugs,937557902,1763325329,0
1763325330030416282,[0 0 0 0 0 0 0 0],7,264,[0. 0.],[0. 0.],Glow Plugs,29987669,1763325330,0
1763325330144033332,[0 0 0 0 0 0 0 0],7,264,[0. 0.],[0. 0.],Glow Plugs,143481006,1763325330,0
1763325330236970465,[0 0 0 0 0 0 0 0],7,264,[0. 0.],[0. 0.],Glow Plugs,236582493,1763325330,0
1763325330341352369,[0 0 0 0 0 0 0 0],7,264,[0. 0.],[0. 0.],Glow Plugs,338556977,1763325330,0
1763325330431846018,[0 0 0 0 0 0 0 0],7,264,[0. 0.],[0. 0.],Glow Plugs,431568287,1763325330,0
1763325330588758671,[0 0 0 0 0 0 0 0],7,264,[0. 0.],[0. 0.],Glow Plugs,587642818,1763325330,0
1763325330662421438,[0 0 0 0 0 0 0 0],7,264,[0. 0.],[0. 0.],Glow Plugs,661698357,1763325330,0
1763325330744759409,[0 0 0 0 0 0 0 0],7,264,[0. 0.],[0. 0.],Glow Plugs,744235947,1763325330,0
1763325330840480509,[0 0 0 0 0 0 0 0],7,264,[0. 0.],[0. 0.],Glow Plugs,840119801,1763325330,0
1763325330943577951,[0 0 0 0 0 0 0 0],7,264,[0. 0.],[0. 0.],Glow Plugs,943161882,1763325330,0
1763325331037492055,[0 0 0 0 0 0 0 0],7,264,[0. 0.],[0. 0.],Glow Plugs,37093682,1763325331,0
1763325331152937671,[0 0 0 0 0 0 0 0],7,264,[0. 0.],[0. 0.],Glow Plugs,152064029,1763325331,0
1763325331234556690,[0 0 0 0 0 0 0 0],7,264,[0. 0.],[0. 0.],Glow Plugs,234365680,1763325331,0
1763325331348220013,[0 0 0 0 0 0 0 0],7,264,[0. 0.],[0. 0.],Glow Plugs,347499045,1763325331,0
1763325331441991332,[0 0 0 0 0 0 0 0],7,264,[0. 0.],[0. 0.],Glow Plugs,441074138,1763325331,0
1763325331585995005,[0 0 0 0 0 0 0 0],7,264,[0. 0.],[0. 0.],Glow Plugs,585046002,1763325331,0
1763325331658008121,[0 0 0 0 0 0 0 0],7,264,[0. 0.],[0. 0.],Glow Plugs,657788310,1763325331,0
1763325331752387799,[0 0 0 0 0 0 0 0],7,264,[0. 0.],[0. 0.],Glow Plugs,751488588,1763325331,0
1763325331835246608,[0 0 0 0 0 0 0 0],7,264,[0. 0.],[0. 0.],Glow Plugs,835053326,1763325331,0
1763325331948726857,[0 0 0 0 0 0 0 0],7,264,[0. 0.],[0. 0.],Glow Plugs,948276484,1763325331,0
1763325332041296402,[0 0 0 0 0 0 0 0],7,264,[0. 0.],[0. 0.],Glow Plugs,40815821,1763325332,0
1763325332155320722,[0 0 0 0 0 0 0 0],7,264,[0. 0.],[0. 0.],Glow Plugs,154894157,1763325332,0
1763325332237978761,[0 0 0 0 0 0 0 0],7,264,[0. 0.],[0. 0.],Glow Plugs,237487684,1763325332,0
1763325332351157856,[0 0 0 0 0 0 0 0],7,264,[0. 0.],[0. 0.],Glow Plugs,350381239,1763325332,0
1763325332443270052,[0 0 0 0 0 0 0 0],7,264,[0. 0.],[0. 0.],Glow Plugs,442526907,1763325332,0
1763325332597830358,[0 0 0 0 0 0 0 0],7,264,[0. 0.],[0. 0.],Glow Plugs,597348529,1763325332,0
1763325332669654929,[0 0 0 0 0 0 0 0],7,264,[0. 0.],[0. 0.],Glow Plugs,669390830,1763325332,0
1763325332752127494,[0 0 0 0 0 0 0 0],7,264,[0. 0.],[0. 0.],Glow Plugs,751512286,1763325332,0
1763325332846612805,[0 0 0 0 0 0 0 0],7,264,[0. 0.],[0. 0.],Glow Plugs,843559618,1763325332,0
1763325332957344287,[0 0 0 0 0 0 0 0],7,264,[0. 0.],[0. 0.],Glow Plugs,956837721,1763325332,0
1763325333040266297,[0 0 0 0 0 0 0 0],7,264,[0. 0.],[0. 0.],Glow Plugs,39229261,1763325333,0
1763325333154084311,[0 0 0 0 0 0 0 0],7,264,[0. 0.],[0. 0.],Glow Plugs,152801673,1763325333,0
1763325333245917144,[0 0 0 0 0 0 0 0],7,264,[0. 0.],[0. 0.],Glow Plugs,245192752,1763325333,0
1763325333349028955,[0 0 0 0 0 0 0 0],7,264,[0. 0.],[0. 0.],Glow Plugs,348659415,1763325333,0
1763325333443160215,[0 0 0 0 0 0 0 0],7,264,[0. 0.],[0. 0.],Glow Plugs,442939444,1763325333,0
1763325333599126650,[0 0 0 0 0 0 0 0],7,264,[0. 0.],[0. 0.],Glow Plugs,598343729,1763325333,0
1763325333672028481,[0 0 0 0 0 0 0 0],7,264,[0. 0.],[0. 0.],Glow Plugs,671048918,1763325333,0
1763325333756136297,[0 0 0 0 0 0 0 0],7,264,[0. 0.],[0. 0.],Glow Plugs,754921275,1763325333,0
1763325333847831305,[0 0 0 0 0 0 0 0],7,264,[0. 0.],[0. 0.],Glow Plugs,847561157,1763325333,0
1763325333951502002,[0 0 0 0 0 0 0 0],7,264,[0. 0.],[0. 0.],Glow Plugs,950385093,1763325333,0
1763325334043447220,[0 0 0 0 0 0 0 0],7,264,[0. 0.],[0. 0.],Glow Plugs,43008719,1763325334,0
1763325334157034352,[0 0 0 0 0 0 0 0],7,264,[0. 0.],[0. 0.],Glow Plugs,156742957,1763325334,0
1763325334249920446,[0 0 0 0 0 0 0 0],7,264,[0. 0.],[0. 0.],Glow Plugs,249452440,1763325334,0
1763325334352553531,[0 0 0 0 0 0 0 0],7,264,[0. 0.],[0. 0.],Glow Plugs,351720498,1763325334,0
1763325334444826178,[0 0 0 0 0 0 0 0],7,264,[0. 0.],[0. 0.],Glow Plugs,444218331,1763325334,0
1763325334601710064,[0 0 0 0 0 0 0 0],7,264,[0. 0.],[0. 0.],Glow Plugs,601194538,1763325334,0
1763325334674190067,[0 0 0 0 0 0 0 0],7,264,[0. 0.],[0. 0.],Glow Plugs,673573196,1763325334,0
1763325334756414053,[0 0 0 0 0 0 0 0],7,264,[0. 0.],[0. 0.],Glow Plugs,756157858,1763325334,0
1763325334849181585,[0 0 0 0 0 0 0 0],7,264,[0. 0.],[0. 0.],Glow Plugs,848782861,1763325334,0
1763325334962906191,[0 0 0 0 0 0 0 0],7,264,[0. 0.],[0. 0.],Glow Plugs,962213959,1763325334,0
1763325335047410940,[0 0 0 0 0 0 0 0],7,264,[0. 0.],[0. 0.],Glow Plugs,46722836,1763325335,0
1763325335160219535,[0 0 0 0 0 0 0 0],7,264,[0. 0.],[0. 0.],Glow Plugs,159341445,1763325335,0
1763325335252195123,[0 0 0 0 0 0 0 0],7,264,[0. 0.],[0. 0.],Glow Plugs,251866191,1763325335,0
1763325335365489931,[0 0 0 0 0 0 0 0],7,264,[0. 0.],[0. 0.],Glow Plugs,364902501,1763325335,0
1763325335448006690,[0 0 0 0 0 0 0 0],7,264,[0. 0.],[0. 0.],Glow Plugs,447141240,1763325335,0
1763325335602433204,[0 0 0 0 0 0 0 0],7,264,[0. 0.],[0. 0.],Glow Plugs,602067856,1763325335,0
1763325335675710688,[0 0 0 0 0 0 0 0],7,264,[0. 0.],[0. 0.],Glow Plugs,675144314,1763325335,0
1763325335757487406,[0 0 0 0 0 0 0 0],7,264,[0. 0.],[0. 0.],Glow Plugs,757317196,1763325335,0
1763325335850358780,[0 0 0 0 0 0 0 0],7,264,[0. 0.],[0. 0.],Glow Plugs,849462641,1763325335,0
1763325335962810571,[0 0 0 0 0 0 0 0],7,264,[0. 0.],[0. 0.],Glow Plugs,962068546,1763325335,0
1763325336055074802,[0 0 0 0 0 0 0 0],7,264,[0. 0.],[0. 0.],Glow Plugs,54611980,1763325336,0
1763325336167591042,[0 0 0 0 0 0 0 0],7,264,[0. 0.],[0. 0.],Glow Plugs,167118653,1763325336,0
1763325336249364016,[0 0 0 0 0 0 0 0],7,264,[0. 0.],[0. 0.],Glow Plugs,249147918,1763325336,0
1763325336363075054,[0 0 0 0 0 0 0 0],7,264,[0. 0.],[0. 0.],Glow Plugs,362605193,1763325336,0
1763325336455640537,[0 0 0 0 0 0 0 0],7,264,[0. 0.],[0. 0.],Glow Plugs,455276308,1763325336,0
1763325336612803403,[0 0 0 0 0 0 0 0],7,264,[0. 0.],[0. 0.],Glow Plugs,611420891,1763325336,0
1763325336684116513,[0 0 0 0 0 0 0 0],7,264,[0. 0.],[0. 0.],Glow Plugs,683698396,1763325336,0
1763325336768327339,[0 0 0 0 0 0 0 0],7,264,[0. 0.],[0. 0.],Glow Plugs,767302399,1763325336,0
1763325336853007803,[0 0 0 0 0 0 0 0],7,264,[0. 0.],[0. 0.],Glow Plugs,852400628,1763325336,0
1763325336962791947,[0 0 0 0 0 0 0 0],7,264,[0. 0.],[0. 0.],Glow Plugs,962236101,1763325336,0
1763325337054930449,[0 0 0 0 0 0 0 0],7,264,[0. 0.],[0. 0.],Glow Plugs,54373995,1763325337,0
1763325337169502970,[0 0 0 0 0 0 0 0],7,264,[0. 0.],[0. 0.],Glow Plugs,168503406,1763325337,0
1763325337260779157,[0 0 0 0 0 0 0 0],7,264,[0. 0.],[0. 0.],Glow Plugs,260285392,1763325337,0
1763325337363265203,[0 0 0 0 0 0 0 0],7,264,[0. 0.],[0. 0.],Glow Plugs,362865742,1763325337,0
1763325337456398212,[0 0 0 0 0 0 0 0],7,264,[0. 0.],[0. 0.],Glow Plugs,455293111,1763325337,0
1763325337615886610,[0 0 0 0 0 0 0 0],7,264,[0. 0.],[0. 0.],Glow Plugs,614570083,1763325337,0
1763325337689703268,[0 0 0 0 0 0 0 0],7,264,[0. 0.],[0. 0.],Glow Plugs,689051293,1763325337,0
1763325337771856247,[0 0 0 0 0 0 0 0],7,264,[0. 0.],[0. 0.],Glow Plugs,770285285,1763325337,0
1763325337857223471,[0 0 0 0 0 0 0 0],7,264,[0. 0.],[0. 0.],Glow Plugs,855089686,1763325337,0
1763325337970635754,[0 0 0 0 0 0 0 0],7,264,[0. 0.],[0. 0.],Glow Plugs,970088100,1763325337,0
1763325338062620334,[0 0 0 0 0 0 0 0],7,264,[0. 0.],[0. 0.],Glow Plugs,62289803,1763325338,0
1763325338167044770,[0 0 0 0 0 0 0 0],7,264,[0. 0.],[0. 0.],Glow Plugs,166636893,1763325338,0
1763325338260838555,[0 0 0 0 0 0 0 0],7,264,[0. 0.],[0. 0.],Glow Plugs,260330037,1763325338,0
1763325338374997503,[0 0 0 0 0 0 0 0],7,264,[0. 0.],[0. 0.],Glow Plugs,374443833,1763325338,0
1763325338457624056,[0 0 0 0 0 0 0 0],7,264,[0. 0.],[0. 0.],Glow Plugs,457115186,1763325338,0
1763325338611702568,[0 0 0 0 0 0 0 0],7,264,[0. 0.],[0. 0.],Glow Plugs,611003136,1763325338,0
1763325338684137803,[0 0 0 0 0 0 0 0],7,264,[0. 0.],[0. 0.],Glow Plugs,683140000,1763325338,0
1763325338776409267,[0 0 0 0 0 0 0 0],7,264,[0. 0.],[0. 0.],Glow Plugs,776210864,1763325338,0
1763325338858650471,[0 0 0 0 0 0 0 0],7,264,[0. 0.],[0. 0.],Glow Plugs,858132609,1763325338,0
1763325338974069561,[0 0 0 0 0 0 0 0],7,264,[0. 0.],[0. 0.],Glow Plugs,971246905,1763325338,0
1763325339064365482,[0 0 0 0 0 0 0 0],7,264,[0. 0.],[0. 0.],Glow Plugs,63655970,1763325339,0
1763325339179724861,[0 0 0 0 0 0 0 0],7,264,[0. 0.],[0. 0.],Glow Plugs,177360257,1763325339,0
1763325339261941937,[0 0 0 0 0 0 0 0],7,264,[0. 0.],[0. 0.],Glow Plugs,260162492,1763325339,0
1763325339374286880,[0 0 0 0 0 0 0 0],7,264,[0. 0.],[0. 0.],Glow Plugs,373871611,1763325339,0
1763325339461406189,[0 0 0 0 0 0 0 0],7,264,[0. 0.],[0. 0.],Glow Plugs,460116318,1763325339,0
1763325339615686944,[0 0 0 0 0 0 0 0],7,264,[0. 0.],[0. 0.],Glow Plugs,615294011,1763325339,0
1763325339687512028,[0 0 0 0 0 0 0 0],7,264,[0. 0.],[0. 0.],Glow Plugs,687275481,1763325339,0
1763325339772973142,[0 0 0 0 0 0 0 0],7,264,[0. 0.],[0. 0.],Glow Plugs,772206125,1763325339,0
1763325339865402207,[0 0 0 0 0 0 0 0],7,264,[0. 0.],[0. 0.],Glow Plugs,864425012,1763325339,0
1763325339978985117,[0 0 0 0 0 0 0 0],7,264,[0. 0.],[0. 0.],Glow Plugs,978295957,1763325339,0
1763325340065547460,[0 0 0 0 0 0 0 0],7,264,[0. 0.],[0. 0.],Glow Plugs,64580280,1763325340,0
1763325340178328633,[0 0 0 0 0 0 0 0],7,264,[0. 0.],[0. 0.],Glow Plugs,175437527,1763325340,0
1763325340270750147,[0 0 0 0 0 0 0 0],7,264,[0. 0.],[0. 0.],Glow Plugs,268922030,1763325340,0
