timestap,can_msg.data,can_msg.dlc,can_msg.id,engine_subtype,engine_type,fw_version,header.frame_id,header.stamp.nanosec,header.stamp.sec,serial_number
1740861219031912914,[  2  73   0 128  20   2   0  96],8,261,2,20,128,System Info,31495075,1740861219,585
1740861220026423550,[  2  73   0 128  20   2   0  96],8,261,2,20,128,System Info,26100946,1740861220,585
1740861221032506930,[  2  73   0 128  20   2   0  96],8,261,2,20,128,System Info,32221767,1740861221,585
1740861222037196318,[  2  73   0 128  20   2   0  96],8,261,2,20,128,System Info,36478981,1740861222,585
1740861223041648141,[  2  73   0 128  20   2   0  96],8,261,2,20,128,System Info,41356035,1740861223,585
1740861224047529178,[  2  73   0 128  20   2   0  96],8,261,2,20,128,System Info,47328275,1740861224,585
1740861225051301350,[  2  73   0 128  20   2   0  96],8,261,2,20,128,System Info,51051325,1740861225,585
1740861226045881014,[  2  73   0 128  20   2   0  96],8,261,2,20,128,System Info,45703279,1740861226,585
1740861227052834377,[  2  73   0 128  20   2   0  96],8,261,2,20,128,System Info,52695396,1740861227,585
1740861228056961315,[  2  73   0 128  20   2   0  96],8,261,2,20,128,System Info,56680217,1740861228,585
1740861229062376917,[  2  73   0 128  20   2   0  96],8,261,2,20,128,System Info,61969542,1740861229,585
1740861230065500577,[  2  73   0 128  20   2   0  96],8,261,2,20,128,System Info,64383769,1740861230,585
1740861231064378817,[  2  73   0 128  20   2   0  96],8,261,2,20,128,System Info,63950994,1740861231,585
1740861232066458750,[  2  73   0 128  20   2   0  96],8,261,2,20,128,System Info,66014830,1740861232,585
1740861233076755082,[  2  73   0 128  20   2   0  96],8,261,2,20,128,System Info,76289241,1740861233,585
1740861234076679120,[  2  73   0 128  20   2   0  96],8,261,2,20,128,System Info,76345061,1740861234,585
1740861235076199604,[  2  73   0 128  20   2   0  96],8,261,2,20,128,System Info,75724548,1740861235,585
1740861236087418434,[  2  73   0 128  20   2   0  96],8,261,2,20,128,System Info,86227000,1740861236,585
1740861237089768225,[  2  73   0 128  20   2   0  96],8,261,2,20,128,System Info,89341810,1740861237,585
1740861238090617590,[  2  73   0 128  20   2   0  96],8,261,2,20,128,System Info,90212263,1740861238,585
1740861239093083887,[  2  73   0 128  20   2   0  96],8,261,2,20,128,System Info,92623455,1740861239,585
1740861240093341702,[  2  73   0 128  20   2   0  96],8,261,2,20,128,System Info,92009527,1740861240,585
1740861241104033337,[  2  73   0 128  20   2   0  96],8,261,2,20,128,System Info,102839407,1740861241,585
1740861242107300850,[  2  73   0 128  20   2   0  96],8,261,2,20,128,System Info,106984935,1740861242,585
1740861243108745141,[  2  73   0 128  20   2   0  96],8,261,2,20,128,System Info,108252420,1740861243,585
1740861244109054717,[  2  73   0 128  20   2   0  96],8,261,2,20,128,System Info,108583532,1740861244,585
1740861245109666138,[  2  73   0 128  20   2   0  96],8,261,2,20,128,System Info,109250315,1740861245,585
1740861246120931642,[  2  73   0 128  20   2   0  96],8,261,2,20,128,System Info,120147775,1740861246,585
1740861247121272358,[  2  73   0 128  20   2   0  96],8,261,2,20,128,System Info,120822102,1740861247,585
1740861248122494972,[  2  73   0 128  20   2   0  96],8,261,2,20,128,System Info,122088622,1740861248,585
1740861249123597594,[  2  73   0 128  20   2   0  96],8,261,2,20,128,System Info,123176043,1740861249,585
1740861250134014059,[  2  73   0 128  20   2   0  96],8,261,2,20,128,System Info,133628925,1740861250,585
1740861251136526898,[  2  73   0 128  20   2   0  96],8,261,2,20,128,System Info,135958078,1740861251,585
1740861252139363376,[  2  73   0 128  20   2   0  96],8,261,2,20,128,System Info,138970403,1740861252,585
1740861253137281902,[  2  73   0 128  20   2   0  96],8,261,2,20,128,System Info,136783805,1740861253,585
1740861254147817458,[  2  73   0 128  20   2   0  96],8,261,2,20,128,System Info,147363107,1740861254,585
1740861255148920984,[  2  73   0 128  20   2   0  96],8,261,2,20,128,System Info,148426823,1740861255,585
1740861256150282099,[  2  73   0 128  20   2   0  96],8,261,2,20,128,System Info,149799138,1740861256,585
1740861257151338447,[  2  73   0 128  20   2   0  96],8,261,2,20,128,System Info,150996771,1740861257,585
1740861258160377679,[  2  73   0 128  20   2   0  96],8,261,2,20,128,System Info,159729080,1740861258,585
1740861259163800214,[  2  73   0 128  20   2   0  96],8,261,2,20,128,System Info,163440330,1740861259,585
1740861260163198077,[  2  73   0 128  20   2   0  96],8,261,2,20,128,System Info,162724205,1740861260,585
1740861261163635605,[  2  73   0 128  20   2   0  96],8,261,2,20,128,System Info,163205158,1740861261,585
1740861262165283363,[  2  73   0 128  20   2   0  96],8,261,2,20,128,System Info,164771057,1740861262,585
1740861263176997789,[  2  73   0 128  20   2   0  96],8,261,2,20,128,System Info,176494635,1740861263,585
1740861264180042869,[  2  73   0 128  20   2   0  96],8,261,2,20,128,System Info,179406238,1740861264,585
1740861265180404315,[  2  73   0 128  20   2   0  96],8,261,2,20,128,System Info,178998890,1740861265,585
1740861266189924205,[  2  73   0 128  20   2   0  96],8,261,2,20,128,System Info,189322680,1740861266,585
1740861267191681982,[  2  73   0 128  20   2   0  96],8,261,2,20,128,System Info,191256271,1740861267,585
1740861268192796420,[  2  73   0 128  20   2   0  96],8,261,2,20,128,System Info,192273874,1740861268,585
1740861269193417542,[  2  73   0 128  20   2   0  96],8,261,2,20,128,System Info,192987639,1740861269,585
1740861270193843470,[  2  73   0 128  20   2   0  96],8,261,2,20,128,System Info,193431520,1740861270,585
1740861271196160356,[  2  73   0 128  20   2   0  96],8,261,2,20,128,System Info,195438699,1740861271,585
1740861272207479199,[  2  73   0 128  20   2   0  96],8,261,2,20,128,System Info,207092658,1740861272,585
1740861273210137627,[  2  73   0 128  20   2   0  96],8,261,2,20,128,System Info,209687883,1740861273,585
1740861274212023464,[  2  73   0 128  20   2   0  96],8,261,2,20,128,System Info,211662044,1740861274,585
1740861275213606072,[  2  73   0 128  20   2   0  96],8,261,2,20,128,System Info,213275885,1740861275,585
1740861276214891914,[  2  73   0 128  20   2   0  96],8,261,2,20,128,System Info,214494077,1740861276,585
1740861277224808916,[  2  73   0 128  20   2   0  96],8,261,2,20,128,System Info,224426311,1740861277,585
1740861278224242752,[  2  73   0 128  20   2   0  96],8,261,2,20,128,System Info,223816370,1740861278,585
1740861279222460495,[  2  73   0 128  20   2   0  96],8,261,2,20,128,System Info,221990399,1740861279,585
1740861280232564358,[  2  73   0 128  20   2   0  96],8,261,2,20,128,System Info,232113847,1740861280,585
1740861281232865848,[  2  73   0 128  20   2   0  96],8,261,2,20,128,System Info,232316197,1740861281,585
1740861282234854608,[  2  73   0 128  20   2   0  96],8,261,2,20,128,System Info,234533317,1740861282,585
1740861283244854922,[  2  73   0 128  20   2   0  96],8,261,2,20,128,System Info,244225589,1740861283,585
1740861284246313963,[  2  73   0 128  20   2   0  96],8,261,2,20,128,System Info,245790489,1740861284,585
1740861285246016508,[  2  73   0 128  20   2   0  96],8,261,2,20,128,System Info,245487370,1740861285,585
1740861286247418069,[  2  73   0 128  20   2   0  96],8,261,2,20,128,System Info,246960325,1740861286,585
1740861287250167498,[  2  73   0 128  20   2   0  96],8,261,2,20,128,System Info,249762332,1740861287,585
1740861288259089408,[  2  73   0 128  20   2   0  96],8,261,2,20,128,System Info,258577999,1740861288,585
1740861289259978800,[  2  73   0 128  20   2   0  96],8,261,2,20,128,System Info,259572066,1740861289,585
1740861290263242526,[  2  73   0 128  20   2   0  96],8,261,2,20,128,System Info,262831024,1740861290,585
1740861291264429106,[  2  73   0 128  20   2   0  96],8,261,2,20,128,System Info,263985603,1740861291,585
1740861292266504915,[  2  73   0 128  20   2   0  96],8,261,2,20,128,System Info,265982497,1740861292,585
1740861293276912542,[  2  73   0 128  20   2   0  96],8,261,2,20,128,System Info,276548562,1740861293,585
1740861294278329027,[  2  73   0 128  20   2   0  96],8,261,2,20,128,System Info,277696781,1740861294,585
1740861295279246820,[  2  73   0 128  20   2   0  96],8,261,2,20,128,System Info,278555693,1740861295,585
1740861296280155123,[  2  73   0 128  20   2   0  96],8,261,2,20,128,System Info,279888490,1740861296,585
1740861297282052913,[  2  73   0 128  20   2   0  96],8,261,2,20,128,System Info,281529759,1740861297,585
1740861298292484193,[  2  73   0 128  20   2   0  96],8,261,2,20,128,System Info,292031601,1740861298,585
1740861299293532093,[  2  73   0 128  20   2   0  96],8,261,2,20,128,System Info,293072845,1740861299,585
1740861300295483942,[  2  73   0 128  20   2   0  96],8,261,2,20,128,System Info,294913107,1740861300,585
1740861301298455200,[  2  73   0 128  20   2   0  96],8,261,2,20,128,System Info,297848107,1740861301,585
1740861302300444582,[  2  73   0 128  20   2   0  96],8,261,2,20,128,System Info,300075865,1740861302,585
1740861303310877369,[  2  73   0 128  20   2   0  96],8,261,2,20,128,System Info,310412746,1740861303,585
1740861304313234695,[  2  73   0 128  20   2   0  96],8,261,2,20,128,System Info,312769144,1740861304,585
1740861305308281226,[  2  73   0 128  20   2   0  96],8,261,2,20,128,System Info,307796538,1740861305,585
1740861306311857630,[  2  73   0 128  20   2   0  96],8,261,2,20,128,System Info,311299531,1740861306,585
1740861307323227273,[  2  73   0 128  20   2   0  96],8,261,2,20,128,System Info,322713303,1740861307,585
1740861308325267364,[  2  73   0 128  20   2   0  96],8,261,2,20,128,System Info,324891415,1740861308,585
1740861309323751924,[  2  73   0 128  20   2   0  96],8,261,2,20,128,System Info,323229026,1740861309,585
1740861310326024787,[  2  73   0 128  20   2   0  96],8,261,2,20,128,System Info,325357309,1740861310,585
1740861311336955495,[  2  73   0 128  20   2   0  96],8,261,2,20,128,System Info,336424981,1740861311,585
1740861312338255809,[  2  73   0 128  20   2   0  96],8,261,2,20,128,System Info,337832851,1740861312,585
1740861313341290405,[  2  73   0 128  20   2   0  96],8,261,2,20,128,System Info,340843253,1740861313,585
1740861314342782562,[  2  73   0 128  20   2   0  96],8,261,2,20,128,System Info,342326003,1740861314,585
1740861315344632826,[  2  73   0 128  20   2   0  96],8,261,2,20,128,System Info,344036358,1740861315,585
1740861316347835566,[  2  73   0 128  20   2   0  96],8,261,2,20,128,System Info,347468865,1740861316,585
1740861317349916426,[  2  73   0 128  20   2   0  96],8,261,2,20,128,System Info,349312758,1740861317,585
1740861318360702523,[  2  73   0 128  20   2   0  96],8,261,2,20,128,System Info,360177450,1740861318,585
1740861319361857653,[  2  73   0 128  20   2   0  96],8,261,2,20,128,System Info,361415238,1740861319,585
1740861320363759446,[  2  73   0 128  20   2   0  96],8,261,2,20,128,System Info,363339208,1740861320,585
1740861321366587270,[  2  73   0 128  20   2   0  96],8,261,2,20,128,System Info,366159543,1740861321,585
1740861322368873457,[  2  73   0 128  20   2   0  96],8,261,2,20,128,System Info,368393377,1740861322,585
1740861323369758364,[  2  73   0 128  20   2   0  96],8,261,2,20,128,System Info,369309196,1740861323,585
1740861324380044530,[  2  73   0 128  20   2   0  96],8,261,2,20,128,System Info,379467327,1740861324,585
1740861325381995038,[  2  73   0 128  20   2   0  96],8,261,2,20,128,System Info,381560655,1740861325,585
1740861326382973143,[  2  73   0 128  20   2   0  96],8,261,2,20,128,System Info,382507816,1740861326,585
1740861327384373006,[  2  73   0 128  20   2   0  96],8,261,2,20,128,System Info,383807739,1740861327,585
1740861328394626237,[  2  73   0 128  20   2   0  96],8,261,2,20,128,System Info,393984360,1740861328,585
1740861329395471263,[  2  73   0 128  20   2   0  96],8,261,2,20,128,System Info,394854762,1740861329,585
1740861330396276461,[  2  73   0 128  20   2   0  96],8,261,2,20,128,System Info,395897985,1740861330,585
1740861331397626685,[  2  73   0 128  20   2   0  96],8,261,2,20,128,System Info,397043882,1740861331,585
1740861332400111714,[  2  73   0 128  20   2   0  96],8,261,2,20,128,System Info,399625746,1740861332,585
1740861333401776570,[  2  73   0 128  20   2   0  96],8,261,2,20,128,System Info,401286826,1740861333,585
1740861334406018008,[  2  73   0 128  20   2   0  96],8,261,2,20,128,System Info,405459365,1740861334,585
1740861335417132331,[  2  73   0 128  20   2   0  96],8,261,2,20,128,System Info,416732222,1740861335,585
1740861336419522665,[  2  73   0 128  20   2   0  96],8,261,2,20,128,System Info,419105243,1740861336,585
1740861337420253566,[  2  73   0 128  20   2   0  96],8,261,2,20,128,System Info,419795406,1740861337,585
1740861338421177544,[  2  73   0 128  20   2   0  96],8,261,2,20,128,System Info,420729593,1740861338,585
1740861339424218440,[  2  73   0 128  20   2   0  96],8,261,2,20,128,System Info,423830683,1740861339,585
1740861340425355000,[  2  73   0 128  20   2   0  96],8,261,2,20,128,System Info,424765348,1740861340,585
1740861341436103384,[  2  73   0 128  20   2   0  96],8,261,2,20,128,System Info,435668074,1740861341,585
1740861342438332971,[  2  73   0 128  20   2   0  96],8,261,2,20,128,System Info,437810105,1740861342,585
1740861343439459624,[  2  73   0 128  20   2   0  96],8,261,2,20,128,System Info,438998520,1740861343,585
1740861344441367214,[  2  73   0 128  20   2   0  96],8,261,2,20,128,System Info,440970433,1740861344,585
1740861345442893143,[  2  73   0 128  20   2   0  96],8,261,2,20,128,System Info,442485385,1740861345,585
1740861346447620282,[  2  73   0 128  20   2   0  96],8,261,2,20,128,System Info,447015974,1740861346,585
1740861347449873978,[  2  73   0 128  20   2   0  96],8,261,2,20,128,System Info,449382409,1740861347,585
1740861348451430226,[  2  73   0 128  20   2   0  96],8,261,2,20,128,System Info,450955138,1740861348,585
1740861349461371472,[  2  73   0 128  20   2   0  96],8,261,2,20,128,System Info,460753276,1740861349,585
1740861350463310292,[  2  73   0 128  20   2   0  96],8,261,2,20,128,System Info,462819268,1740861350,585
1740861351465683829,[  2  73   0 128  20   2   0  96],8,261,2,20,128,System Info,465254247,1740861351,585
1740861352467970051,[  2  73   0 128  20   2   0  96],8,261,2,20,128,System Info,467487571,1740861352,585
1740861353469812498,[  2  73   0 128  20   2   0  96],8,261,2,20,128,System Info,469368579,1740861353,585
1740861354479687067,[  2  73   0 128  20   2   0  96],8,261,2,20,128,System Info,479150058,1740861354,585
1740861355480960278,[  2  73   0 128  20   2   0  96],8,261,2,20,128,System Info,480582474,1740861355,585
1740861356492241741,[  2  73   0 128  20   2   0  96],8,261,2,20,128,System Info,491413906,1740861356,585
1740861357483940906,[  2  73   0 128  20   2   0  96],8,261,2,20,128,System Info,483495547,1740861357,585
1740861358485502206,[  2  73   0 128  20   2   0  96],8,261,2,20,128,System Info,485144082,1740861358,585
1740861359496555644,[  2  73   0 128  20   2   0  96],8,261,2,20,128,System Info,496146158,1740861359,585
1740861360497817381,[  2  73   0 128  20   2   0  96],8,261,2,20,128,System Info,497482266,1740861360,585
1740861361500039454,[  2  73   0 128  20   2   0  96],8,261,2,20,128,System Info,499567854,1740861361,585
1740861362503112802,[  2  73   0 128  20   2   0  96],8,261,2,20,128,System Info,502680340,1740861362,585
1740861363504704134,[  2  73   0 128  20   2   0  96],8,261,2,20,128,System Info,504179189,1740861363,585
1740861364504981870,[  2  73   0 128  20   2   0  96],8,261,2,20,128,System Info,504288311,1740861364,585
1740861365516553147,[  2  73   0 128  20   2   0  96],8,261,2,20,128,System Info,516168655,1740861365,585
1740861366520517181,[  2  73   0 128  20   2   0  96],8,261,2,20,128,System Info,519909577,1740861366,585
1740861367517175805,[  2  73   0 128  20   2   0  96],8,261,2,20,128,System Info,516489127,1740861367,585
1740861368521723954,[  2  73   0 128  20   2   0  96],8,261,2,20,128,System Info,521331494,1740861368,585
1740861369528381501,[  2  73   0 128  20   2   0  96],8,261,2,20,128,System Info,527945935,1740861369,585
1740861370532643881,[  2  73   0 128  20   2   0  96],8,261,2,20,128,System Info,532159897,1740861370,585
1740861371537890885,[  2  73   0 128  20   2   0  96],8,261,2,20,128,System Info,537334674,1740861371,585
1740861372534539477,[  2  73   0 128  20   2   0  96],8,261,2,20,128,System Info,533593686,1740861372,585
1740861373539216639,[  2  73   0 128  20   2   0  96],8,261,2,20,128,System Info,538583274,1740861373,585
1740861374542042876,[  2  73   0 128  20   2   0  96],8,261,2,20,128,System Info,541700881,1740861374,585
1740861375545328888,[  2  73   0 128  20   2   0  96],8,261,2,20,128,System Info,544681699,1740861375,585
1740861376551283100,[  2  73   0 128  20   2   0  96],8,261,2,20,128,System Info,550907984,1740861376,585
1740861377553373041,[  2  73   0 128  20   2   0  96],8,261,2,20,128,System Info,552616697,1740861377,585
1740861378550579223,[  2  73   0 128  20   2   0  96],8,261,2,20,128,System Info,550140008,1740861378,585
1740861379555918263,[  2  73   0 128  20   2   0  96],8,261,2,20,128,System Info,555276482,1740861379,585
1740861380559208165,[  2  73   0 128  20   2   0  96],8,261,2,20,128,System Info,558769687,1740861380,585
1740861381559757802,[  2  73   0 128  20   2   0  96],8,261,2,20,128,System Info,559529346,1740861381,585
1740861382574166021,[  2  73   0 128  20   2   0  96],8,261,2,20,128,System Info,573592210,1740861382,585
1740861383576067158,[  2  73   0 128  20   2   0  96],8,261,2,20,128,System Info,575384544,1740861383,585
1740861384577665615,[  2  73   0 128  20   2   0  96],8,261,2,20,128,System Info,577079547,1740861384,585
1740861385579582562,[  2  73   0 128  20   2   0  96],8,261,2,20,128,System Info,579106226,1740861385,585
1740861386578829198,[  2  73   0 128  20   2   0  96],8,261,2,20,128,System Info,578535108,1740861386,585
1740861387582971691,[  2  73   0 128  20   2   0  96],8,261,2,20,128,System Info,582377560,1740861387,585
1740861388589193181,[  2  73   0 128  20   2   0  96],8,261,2,20,128,System Info,588782320,1740861388,585
1740861389596291068,[  2  73   0 128  20   2   0  96],8,261,2,20,128,System Info,595818829,1740861389,585
1740861390598313894,[  2  73   0 128  20   2   0  96],8,261,2,20,128,System Info,597876119,1740861390,585
1740861391597328478,[  2  73   0 128  20   2   0  96],8,261,2,20,128,System Info,596855566,1740861391,585
1740861392604463728,[  2  73   0 128  20   2   0  96],8,261,2,20,128,System Info,604002753,1740861392,585
1740861393601220608,[  2  73   0 128  20   2   0  96],8,261,2,20,128,System Info,600812211,1740861393,585
1740861394610723041,[  2  73   0 128  20   2   0  96],8,261,2,20,128,System Info,610351413,1740861394,585
1740861395610459316,[  2  73   0 128  20   2   0  96],8,261,2,20,128,System Info,609976740,1740861395,585
1740861396619423333,[  2  73   0 128  20   2   0  96],8,261,2,20,128,System Info,618922933,1740861396,585
1740861397619787918,[  2  73   0 128  20   2   0  96],8,261,2,20,128,System Info,619280126,1740861397,585
1740861398618214154,[  2  73   0 128  20   2   0  96],8,261,2,20,128,System Info,617714521,1740861398,585
1740861399621482131,[  2  73   0 128  20   2   0  96],8,261,2,20,128,System Info,621021636,1740861399,585
1740861400633206305,[  2  73   0 128  20   2   0  96],8,261,2,20,128,System Info,632540140,1740861400,585
1740861401630247459,[  2  73   0 128  20   2   0  96],8,261,2,20,128,System Info,629779859,1740861401,585
1740861402631769159,[  2  73   0 128  20   2   0  96],8,261,2,20,128,System Info,630995630,1740861402,585
1740861403640390563,[  2  73   0 128  20   2   0  96],8,261,2,20,128,System Info,639856113,1740861403,585
1740861404639935401,[  2  73   0 128  20   2   0  96],8,261,2,20,128,System Info,639390455,1740861404,585
1740861405643456321,[  2  73   0 128  20   2   0  96],8,261,2,20,128,System Info,642932528,1740861405,585
1740861406646793892,[  2  73   0 128  20   2   0  96],8,261,2,20,128,System Info,646449497,1740861406,585
1740861407651323744,[  2  73   0 128  20   2   0  96],8,261,2,20,128,System Info,650683659,1740861407,585
1740861408652408413,[  2  73   0 128  20   2   0  96],8,261,2,20,128,System Info,651934733,1740861408,585
1740861409662553200,[  2  73   0 128  20   2   0  96],8,261,2,20,128,System Info,660958269,1740861409,585
1740861410662216834,[  2  73   0 128  20   2   0  96],8,261,2,20,128,System Info,661762163,1740861410,585
1740861411664260497,[  2  73   0 128  20   2   0  96],8,261,2,20,128,System Info,663703263,1740861411,585
1740861412669382518,[  2  73   0 128  20   2   0  96],8,261,2,20,128,System Info,668917735,1740861412,585
1740861413670098206,[  2  73   0 128  20   2   0  96],8,261,2,20,128,System Info,669669200,1740861413,585
1740861414672861465,[  2  73   0 128  20   2   0  96],8,261,2,20,128,System Info,672163874,1740861414,585
1740861415675761706,[  2  73   0 128  20   2   0  96],8,261,2,20,128,System Info,675430111,1740861415,585
1740861416678027384,[  2  73   0 128  20   2   0  96],8,261,2,20,128,System Info,677634443,1740861416,585
1740861417689901133,[  2  73   0 128  20   2   0  96],8,261,2,20,128,System Info,689471839,1740861417,585
1740861418691096155,[  2  73   0 128  20   2   0  96],8,261,2,20,128,System Info,690407557,1740861418,585
1740861419691931120,[  2  73   0 128  20   2   0  96],8,261,2,20,128,System Info,691522498,1740861419,585
1740861420693223844,[  2  73   0 128  20   2   0  96],8,261,2,20,128,System Info,692569807,1740861420,585
1740861421695098045,[  2  73   0 128  20   2   0  96],8,261,2,20,128,System Info,694706481,1740861421,585
1740861422705706177,[  2  73   0 128  20   2   0  96],8,261,2,20,128,System Info,704978666,1740861422,585
1740861423703540411,[  2  73   0 128  20   2   0  96],8,261,2,20,128,System Info,703099661,1740861423,585
1740861424713274918,[  2  73   0 128  20   2   0  96],8,261,2,20,128,System Info,712758933,1740861424,585
1740861425715079715,[  2  73   0 128  20   2   0  96],8,261,2,20,128,System Info,714746520,1740861425,585
1740861426716758350,[  2  73   0 128  20   2   0  96],8,261,2,20,128,System Info,716286783,1740861426,585
1740861427717564399,[  2  73   0 128  20   2   0  96],8,261,2,20,128,System Info,717116897,1740861427,585
1740861428717313152,[  2  73   0 128  20   2   0  96],8,261,2,20,128,System Info,716851473,1740861428,585
1740861429729044483,[  2  73   0 128  20   2   0  96],8,261,2,20,128,System Info,728515666,1740861429,585
1740861430730851993,[  2  73   0 128  20   2   0  96],8,261,2,20,128,System Info,730354633,1740861430,585
1740861431733274997,[  2  73   0 128  20   2   0  96],8,261,2,20,128,System Info,732809222,1740861431,585
1740861432732382425,[  2  73   0 128  20   2   0  96],8,261,2,20,128,System Info,731919146,1740861432,585
1740861433732940413,[  2  73   0 128  20   2   0  96],8,261,2,20,128,System Info,732459053,1740861433,585
1740861434743421457,[  2  73   0 128  20   2   0  96],8,261,2,20,128,System Info,742952834,1740861434,585
1740861435744613037,[  2  73   0 128  20   2   0  96],8,261,2,20,128,System Info,744267298,1740861435,585
1740861436749876798,[  2  73   0 128  20   2   0  96],8,261,2,20,128,System Info,749523347,1740861436,585
1740861437751133344,[  2  73   0 128  20   2   0  96],8,261,2,20,128,System Info,750694418,1740861437,585
1740861438752609724,[  2  73   0 128  20   2   0  96],8,261,2,20,128,System Info,752132333,1740861438,585
1740861439753248239,[  2  73   0 128  20   2   0  96],8,261,2,20,128,System Info,752584058,1740861439,585
1740861440765461862,[  2  73   0 128  20   2   0  96],8,261,2,20,128,System Info,764980342,1740861440,585
1740861441767545355,[  2  73   0 128  20   2   0  96],8,261,2,20,128,System Info,767111197,1740861441,585
1740861442768077361,[  2  73   0 128  20   2   0  96],8,261,2,20,128,System Info,767693669,1740861442,585
1740861443769089625,[  2  73   0 128  20   2   0  96],8,261,2,20,128,System Info,768566248,1740861443,585
1740861444772216278,[  2  73   0 128  20   2   0  96],8,261,2,20,128,System Info,771753351,1740861444,585
1740861445775018587,[  2  73   0 128  20   2   0  96],8,261,2,20,128,System Info,774619118,1740861445,585
1740861446784829586,[  2  73   0 128  20   2   0  96],8,261,2,20,128,System Info,784328418,1740861446,585
1740861447785537881,[  2  73   0 128  20   2   0  96],8,261,2,20,128,System Info,785056169,1740861447,585
1740861448786020555,[  2  73   0 128  20   2   0  96],8,261,2,20,128,System Info,785576925,1740861448,585
1740861449787293001,[  2  73   0 128  20   2   0  96],8,261,2,20,128,System Info,786653332,1740861449,585
1740861450792685692,[  2  73   0 128  20   2   0  96],8,261,2,20,128,System Info,792341489,1740861450,585
1740861451795057697,[  2  73   0 128  20   2   0  96],8,261,2,20,128,System Info,794493903,1740861451,585
1740861452804321748,[  2  73   0 128  20   2   0  96],8,261,2,20,128,System Info,803681248,1740861452,585
1740861453805243441,[  2  73   0 128  20   2   0  96],8,261,2,20,128,System Info,804620445,1740861453,585
1740861454805108638,[  2  73   0 128  20   2   0  96],8,261,2,20,128,System Info,804790548,1740861454,585
1740861455814774069,[  2  73   0 128  20   2   0  96],8,261,2,20,128,System Info,814378664,1740861455,585
1740861456816304604,[  2  73   0 128  20   2   0  96],8,261,2,20,128,System Info,815658151,1740861456,585
1740861457817559405,[  2  73   0 128  20   2   0  96],8,261,2,20,128,System Info,817053149,1740861457,585
1740861458818509127,[  2  73   0 128  20   2   0  96],8,261,2,20,128,System Info,818054297,1740861458,585
1740861459828978977,[  2  73   0 128  20   2   0  96],8,261,2,20,128,System Info,828516595,1740861459,585
1740861460831549140,[  2  73   0 128  20   2   0  96],8,261,2,20,128,System Info,831057892,1740861460,585
1740861461834269054,[  2  73   0 128  20   2   0  96],8,261,2,20,128,System Info,833837168,1740861461,585
1740861462834880536,[  2  73   0 128  20   2   0  96],8,261,2,20,128,System Info,834427146,1740861462,585
1740861463836162874,[  2  73   0 128  20   2   0  96],8,261,2,20,128,System Info,835705772,1740861463,585
1740861464838961855,[  2  73   0 128  20   2   0  96],8,261,2,20,128,System Info,838349739,1740861464,585
1740861465839997054,[  2  73   0 128  20   2   0  96],8,261,2,20,128,System Info,839625363,1740861465,585
1740861466851011628,[  2  73   0 128  20   2   0  96],8,261,2,20,128,System Info,850569534,1740861466,585
1740861467852471743,[  2  73   0 128  20   2   0  96],8,261,2,20,128,System Info,852078803,1740861467,585
1740861468852314386,[  2  73   0 128  20   2   0  96],8,261,2,20,128,System Info,851997064,1740861468,585
1740861469852501282,[  2  73   0 128  20   2   0  96],8,261,2,20,128,System Info,851983154,1740861469,585
1740861470864239218,[  2  73   0 128  20   2   0  96],8,261,2,20,128,System Info,863803012,1740861470,585
1740861471867136062,[  2  73   0 128  20   2   0  96],8,261,2,20,128,System Info,866673391,1740861471,585
1740861472868467019,[  2  73   0 128  20   2   0  96],8,261,2,20,128,System Info,868023229,1740861472,585
1740861473869054068,[  2  73   0 128  20   2   0  96],8,261,2,20,128,System Info,868532228,1740861473,585
1740861474877390436,[  2  73   0 128  20   2   0  96],8,261,2,20,128,System Info,876968151,1740861474,585
1740861475882899918,[  2  73   0 128  20   2   0  96],8,261,2,20,128,System Info,882157975,1740861475,585
1740861476880769819,[  2  73   0 128  20   2   0  96],8,261,2,20,128,System Info,880352077,1740861476,585
1740861477880173995,[  2  73   0 128  20   2   0  96],8,261,2,20,128,System Info,879792895,1740861477,585
1740861478889934035,[  2  73   0 128  20   2   0  96],8,261,2,20,128,System Info,889397826,1740861478,585
1740861479892496333,[  2  73   0 128  20   2   0  96],8,261,2,20,128,System Info,891932795,1740861479,585
1740861480895818930,[  2  73   0 128  20   2   0  96],8,261,2,20,128,System Info,894954550,1740861480,585
1740861481896923140,[  2  73   0 128  20   2   0  96],8,261,2,20,128,System Info,896444373,1740861481,585
1740861482902271534,[  2  73   0 128  20   2   0  96],8,261,2,20,128,System Info,901901603,1740861482,585
1740861483901610159,[  2  73   0 128  20   2   0  96],8,261,2,20,128,System Info,901157249,1740861483,585
1740861484909437614,[  2  73   0 128  20   2   0  96],8,261,2,20,128,System Info,908980480,1740861484,585
1740861485908266214,[  2  73   0 128  20   2   0  96],8,261,2,20,128,System Info,907828600,1740861485,585
1740861486915940870,[  2  73   0 128  20   2   0  96],8,261,2,20,128,System Info,915462359,1740861486,585
1740861487919022154,[  2  73   0 128  20   2   0  96],8,261,2,20,128,System Info,918553884,1740861487,585
1740861488916200008,[  2  73   0 128  20   2   0  96],8,261,2,20,128,System Info,915447921,1740861488,585
1740861489928394800,[  2  73   0 128  20   2   0  96],8,261,2,20,128,System Info,927851839,1740861489,585
1740861490929663253,[  2  73   0 128  20   2   0  96],8,261,2,20,128,System Info,929312618,1740861490,585
1740861491930174678,[  2  73   0 128  20   2   0  96],8,261,2,20,128,System Info,929679303,1740861491,585
1740861492935000114,[  2  73   0 128  20   2   0  96],8,261,2,20,128,System Info,934539235,1740861492,585
1740861493937316210,[  2  73   0 128  20   2   0  96],8,261,2,20,128,System Info,936918374,1740861493,585
1740861494939673511,[  2  73   0 128  20   2   0  96],8,261,2,20,128,System Info,939305244,1740861494,585
1740861495945385689,[  2  73   0 128  20   2   0  96],8,261,2,20,128,System Info,944540958,1740861495,585
1740861496946759158,[  2  73   0 128  20   2   0  96],8,261,2,20,128,System Info,946280647,1740861496,585
1740861497950786106,[  2  73   0 128  20   2   0  96],8,261,2,20,128,System Info,950365677,1740861497,585
1740861498953373157,[  2  73   0 128  20   2   0  96],8,261,2,20,128,System Info,952976568,1740861498,585
1740861499953260591,[  2  73   0 128  20   2   0  96],8,261,2,20,128,System Info,952858082,1740861499,585
1740861500965876505,[  2  73   0 128  20   2   0  96],8,261,2,20,128,System Info,965261030,1740861500,585
1740861501968380380,[  2  73   0 128  20   2   0  96],8,261,2,20,128,System Info,967938926,1740861501,585
1740861502964443242,[  2  73   0 128  20   2   0  96],8,261,2,20,128,System Info,963662386,1740861502,585
1740861503975356474,[  2  73   0 128  20   2   0  96],8,261,2,20,128,System Info,974882700,1740861503,585
1740861504975279816,[  2  73   0 128  20   2   0  96],8,261,2,20,128,System Info,974865019,1740861504,585
1740861505976364942,[  2  73   0 128  20   2   0  96],8,261,2,20,128,System Info,975541364,1740861505,585
1740861506981402370,[  2  73   0 128  20   2   0  96],8,261,2,20,128,System Info,980936916,1740861506,585
1740861507984205541,[  2  73   0 128  20   2   0  96],8,261,2,20,128,System Info,983712118,1740861507,585
1740861508985549647,[  2  73   0 128  20   2   0  96],8,261,2,20,128,System Info,984979229,1740861508,585
1740861509987069521,[  2  73   0 128  20   2   0  96],8,261,2,20,128,System Info,985893677,1740861509,585
1740861510989178010,[  2  73   0 128  20   2   0  96],8,261,2,20,128,System Info,988469380,1740861510,585
1740861512001398065,[  2  73   0 128  20   2   0  96],8,261,2,20,128,System Info,955395,1740861512,585
1740861512998155516,[  2  73   0 128  20   2   0  96],8,261,2,20,128,System Info,997731407,1740861512,585
1740861513998690416,[  2  73   0 128  20   2   0  96],8,261,2,20,128,System Info,998268995,1740861513,585
1740861515010189932,[  2  73   0 128  20   2   0  96],8,261,2,20,128,System Info,9511991,1740861515,585
1740861516010864460,[  2  73   0 128  20   2   0  96],8,261,2,20,128,System Info,10380765,1740861516,585
1740861517017493977,[  2  73   0 128  20   2   0  96],8,261,2,20,128,System Info,16959272,1740861517,585
1740861518022527944,[  2  73   0 128  20   2   0  96],8,261,2,20,128,System Info,21829330,1740861518,585
1740861519022273608,[  2  73   0 128  20   2   0  96],8,261,2,20,128,System Info,21764056,1740861519,585
1740861520026397859,[  2  73   0 128  20   2   0  96],8,261,2,20,128,System Info,25905332,1740861520,585
1740861521031730680,[  2  73   0 128  20   2   0  96],8,261,2,20,128,System Info,30933343,1740861521,585
1740861522025457306,[  2  73   0 128  20   2   0  96],8,261,2,20,128,System Info,25148561,1740861522,585
1740861523029007680,[  2  73   0 128  20   2   0  96],8,261,2,20,128,System Info,28496465,1740861523,585
1740861524039343980,[  2  73   0 128  20   2   0  96],8,261,2,20,128,System Info,38933760,1740861524,585
1740861525040243433,[  2  73   0 128  20   2   0  96],8,261,2,20,128,System Info,39728313,1740861525,585
1740861526043594821,[  2  73   0 128  20   2   0  96],8,261,2,20,128,System Info,42858959,1740861526,585
1740861527045103005,[  2  73   0 128  20   2   0  96],8,261,2,20,128,System Info,44449449,1740861527,585
1740861528046099354,[  2  73   0 128  20   2   0  96],8,261,2,20,128,System Info,45705550,1740861528,585
1740861529057325862,[  2  73   0 128  20   2   0  96],8,261,2,20,128,System Info,56773109,1740861529,585
1740861530056030757,[  2  73   0 128  20   2   0  96],8,261,2,20,128,System Info,55189547,1740861530,585
1740861531058957402,[  2  73   0 128  20   2   0  96],8,261,2,20,128,System Info,58271140,1740861531,585
1740861532062931107,[  2  73   0 128  20   2   0  96],8,261,2,20,128,System Info,62458805,1740861532,585
1740861533067906016,[  2  73   0 128  20   2   0  96],8,261,2,20,128,System Info,67213355,1740861533,585
1740861540091573999,[  2  73   0 128  20   2   0  96],8,261,2,20,128,System Info,91117953,1740861540,585
1740861541091905089,[  2  73   0 128  20   2   0  96],8,261,2,20,128,System Info,91524918,1740861541,585
1740861542092624820,[  2  73   0 128  20   2   0  96],8,261,2,20,128,System Info,91958528,1740861542,585
1740861543102699418,[  2  73   0 128  20   2   0  96],8,261,2,20,128,System Info,102289742,1740861543,585
1740861544102162992,[  2  73   0 128  20   2   0  96],8,261,2,20,128,System Info,101719170,1740861544,585
1740861545104253483,[  2  73   0 128  20   2   0  96],8,261,2,20,128,System Info,103819677,1740861545,585
1740861546107192052,[  2  73   0 128  20   2   0  96],8,261,2,20,128,System Info,106772167,1740861546,585
1740861547108786057,[  2  73   0 128  20   2   0  96],8,261,2,20,128,System Info,108349756,1740861547,585
1740861548121485767,[  2  73   0 128  20   2   0  96],8,261,2,20,128,System Info,121148444,1740861548,585
1740861549123340013,[  2  73   0 128  20   2   0  96],8,261,2,20,128,System Info,122825341,1740861549,585
1740861550125517618,[  2  73   0 128  20   2   0  96],8,261,2,20,128,System Info,125079493,1740861550,585
1740861551128670314,[  2  73   0 128  20   2   0  96],8,261,2,20,128,System Info,127779375,1740861551,585
1740861552131536142,[  2  73   0 128  20   2   0  96],8,261,2,20,128,System Info,131059711,1740861552,585
1740861553133087550,[  2  73   0 128  20   2   0  96],8,261,2,20,128,System Info,132624528,1740861553,585
1740861554132781995,[  2  73   0 128  20   2   0  96],8,261,2,20,128,System Info,132365118,1740861554,585
1740861555139179801,[  2  73   0 128  20   2   0  96],8,261,2,20,128,System Info,138770349,1740861555,585
1740861556141295097,[  2  73   0 128  20   2   0  96],8,261,2,20,128,System Info,140162743,1740861556,585
1740861557144830874,[  2  73   0 128  20   2   0  96],8,261,2,20,128,System Info,144342091,1740861557,585
1740861558147364305,[  2  73   0 128  20   2   0  96],8,261,2,20,128,System Info,146755743,1740861558,585
1740861559156354978,[  2  73   0 128  20   2   0  96],8,261,2,20,128,System Info,155946390,1740861559,585
1740861560154892969,[  2  73   0 128  20   2   0  96],8,261,2,20,128,System Info,154526366,1740861560,585
1740861561158638756,[  2  73   0 128  20   2   0  96],8,261,2,20,128,System Info,158000945,1740861561,585
1740861562160916904,[  2  73   0 128  20   2   0  96],8,261,2,20,128,System Info,160412568,1740861562,585
1740861563161866680,[  2  73   0 128  20   2   0  96],8,261,2,20,128,System Info,161179107,1740861563,585
1740861564164948414,[  2  73   0 128  20   2   0  96],8,261,2,20,128,System Info,164538161,1740861564,585
1740861565177515994,[  2  73   0 128  20   2   0  96],8,261,2,20,128,System Info,176888230,1740861565,585
1740861566179421990,[  2  73   0 128  20   2   0  96],8,261,2,20,128,System Info,178902614,1740861566,585
1740861567183387302,[  2  73   0 128  20   2   0  96],8,261,2,20,128,System Info,182948377,1740861567,585
1740861568183505575,[  2  73   0 128  20   2   0  96],8,261,2,20,128,System Info,182533993,1740861568,585
1740861569185316560,[  2  73   0 128  20   2   0  96],8,261,2,20,128,System Info,184823137,1740861569,585
1740861570188314642,[  2  73   0 128  20   2   0  96],8,261,2,20,128,System Info,187816419,1740861570,585
1740861571190522066,[  2  73   0 128  20   2   0  96],8,261,2,20,128,System Info,189970241,1740861571,585
1740861572192146613,[  2  73   0 128  20   2   0  96],8,261,2,20,128,System Info,191704487,1740861572,585
1740861573202119787,[  2  73   0 128  20   2   0  96],8,261,2,20,128,System Info,201626396,1740861573,585
1740861574203736248,[  2  73   0 128  20   2   0  96],8,261,2,20,128,System Info,203252298,1740861574,585
1740861575204688135,[  2  73   0 128  20   2   0  96],8,261,2,20,128,System Info,204242009,1740861575,585
1740861576205659500,[  2  73   0 128  20   2   0  96],8,261,2,20,128,System Info,205230527,1740861576,585
1740861577217576369,[  2  73   0 128  20   2   0  96],8,261,2,20,128,System Info,217064642,1740861577,585
1740861578219810439,[  2  73   0 128  20   2   0  96],8,261,2,20,128,System Info,219395450,1740861578,585
1740861579220874671,[  2  73   0 128  20   2   0  96],8,261,2,20,128,System Info,220509284,1740861579,585
1740861580222283894,[  2  73   0 128  20   2   0  96],8,261,2,20,128,System Info,221850953,1740861580,585
1740861581227439108,[  2  73   0 128  20   2   0  96],8,261,2,20,128,System Info,227008823,1740861581,585
1740861582227206021,[  2  73   0 128  20   2   0  96],8,261,2,20,128,System Info,226706774,1740861582,585
1740861583236487611,[  2  73   0 128  20   2   0  96],8,261,2,20,128,System Info,235830823,1740861583,585
1740861584238798004,[  2  73   0 128  20   2   0  96],8,261,2,20,128,System Info,238340358,1740861584,585
1740861585240853979,[  2  73   0 128  20   2   0  96],8,261,2,20,128,System Info,240361324,1740861585,585
1740861586243102045,[  2  73   0 128  20   2   0  96],8,261,2,20,128,System Info,242465353,1740861586,585
1740861587243272085,[  2  73   0 128  20   2   0  96],8,261,2,20,128,System Info,242824776,1740861587,585
1740861588253651160,[  2  73   0 128  20   2   0  96],8,261,2,20,128,System Info,252937122,1740861588,585
1740861589253650935,[  2  73   0 128  20   2   0  96],8,261,2,20,128,System Info,253162280,1740861589,585
1740861590259321398,[  2  73   0 128  20   2   0  96],8,261,2,20,128,System Info,258056944,1740861590,585
1740861591264809638,[  2  73   0 128  20   2   0  96],8,261,2,20,128,System Info,263979693,1740861591,585
1740861592267912484,[  2  73   0 128  20   2   0  96],8,261,2,20,128,System Info,267316850,1740861592,585
1740861593262115563,[  2  73   0 128  20   2   0  96],8,261,2,20,128,System Info,261724319,1740861593,585
1740861594272338314,[  2  73   0 128  20   2   0  96],8,261,2,20,128,System Info,271923069,1740861594,585
1740861595275868245,[  2  73   0 128  20   2   0  96],8,261,2,20,128,System Info,275462409,1740861595,585
1740861596279129454,[  2  73   0 128  20   2   0  96],8,261,2,20,128,System Info,278508380,1740861596,585
1740861597284030543,[  2  73   0 128  20   2   0  96],8,261,2,20,128,System Info,283634435,1740861597,585
1740861598278018332,[  2  73   0 128  20   2   0  96],8,261,2,20,128,System Info,277370761,1740861598,585
1740861599280844490,[  2  73   0 128  20   2   0  96],8,261,2,20,128,System Info,280406909,1740861599,585
1740861600290439448,[  2  73   0 128  20   2   0  96],8,261,2,20,128,System Info,289884488,1740861600,585
1740861601297013986,[  2  73   0 128  20   2   0  96],8,261,2,20,128,System Info,296265676,1740861601,585
1740861602290756544,[  2  73   0 128  20   2   0  96],8,261,2,20,128,System Info,290295858,1740861602,585
1740861603304699219,[  2  73   0 128  20   2   0  96],8,261,2,20,128,System Info,303995998,1740861603,585
1740861604305226152,[  2  73   0 128  20   2   0  96],8,261,2,20,128,System Info,304552628,1740861604,585
1740861605302267788,[  2  73   0 128  20   2   0  96],8,261,2,20,128,System Info,301959138,1740861605,585
1740861606311631894,[  2  73   0 128  20   2   0  96],8,261,2,20,128,System Info,311258731,1740861606,585
1740861607311742401,[  2  73   0 128  20   2   0  96],8,261,2,20,128,System Info,311361398,1740861607,585
1740861608313124137,[  2  73   0 128  20   2   0  96],8,261,2,20,128,System Info,312549175,1740861608,585
1740861609314635242,[  2  73   0 128  20   2   0  96],8,261,2,20,128,System Info,314060217,1740861609,585
1740861610317439752,[  2  73   0 128  20   2   0  96],8,261,2,20,128,System Info,317003323,1740861610,585
1740861611321668679,[  2  73   0 128  20   2   0  96],8,261,2,20,128,System Info,321104438,1740861611,585
1740861612324864732,[  2  73   0 128  20   2   0  96],8,261,2,20,128,System Info,324478353,1740861612,585
1740861613331956573,[  2  73   0 128  20   2   0  96],8,261,2,20,128,System Info,331675509,1740861613,585
1740861614333576336,[  2  73   0 128  20   2   0  96],8,261,2,20,128,System Info,333150467,1740861614,585
1740861615334384416,[  2  73   0 128  20   2   0  96],8,261,2,20,128,System Info,333942483,1740861615,585
1740861616339010682,[  2  73   0 128  20   2   0  96],8,261,2,20,128,System Info,338465129,1740861616,585
1740861666506237893,[  2  73   0 128  20   2   0  96],8,261,2,20,128,System Info,505739926,1740861666,585
1740861667508057484,[  2  73   0 128  20   2   0  96],8,261,2,20,128,System Info,507509404,1740861667,585
1740861668519237663,[  2  73   0 128  20   2   0  96],8,261,2,20,128,System Info,518856915,1740861668,585
1740861669519990325,[  2  73   0 128  20   2   0  96],8,261,2,20,128,System Info,519542312,1740861669,585
1740861670521596060,[  2  73   0 128  20   2   0  96],8,261,2,20,128,System Info,521124558,1740861670,585
1740861671522172124,[  2  73   0 128  20   2   0  96],8,261,2,20,128,System Info,521784624,1740861671,585
1740861672524628906,[  2  73   0 128  20   2   0  96],8,261,2,20,128,System Info,524257151,1740861672,585
1740861673526112275,[  2  73   0 128  20   2   0  96],8,261,2,20,128,System Info,525686310,1740861673,585
1740861674536958085,[  2  73   0 128  20   2   0  96],8,261,2,20,128,System Info,536425174,1740861674,585
1740861675541837632,[  2  73   0 128  20   2   0  96],8,261,2,20,128,System Info,541471222,1740861675,585
1740861676539425212,[  2  73   0 128  20   2   0  96],8,261,2,20,128,System Info,539010224,1740861676,585
1740861677549093330,[  2  73   0 128  20   2   0  96],8,261,2,20,128,System Info,548716391,1740861677,585
1740861678551824500,[  2  73   0 128  20   2   0  96],8,261,2,20,128,System Info,551312293,1740861678,585
1740861679546629572,[  2  73   0 128  20   2   0  96],8,261,2,20,128,System Info,546175767,1740861679,585
1740861680553521199,[  2  73   0 128  20   2   0  96],8,261,2,20,128,System Info,553078018,1740861680,585
1740861681561795897,[  2  73   0 128  20   2   0  96],8,261,2,20,128,System Info,561440334,1740861681,585
1740861682563755457,[  2  73   0 128  20   2   0  96],8,261,2,20,128,System Info,563331860,1740861682,585
1740861683561728300,[  2  73   0 128  20   2   0  96],8,261,2,20,128,System Info,561295967,1740861683,585
1740861684571965045,[  2  73   0 128  20   2   0  96],8,261,2,20,128,System Info,571658796,1740861684,585
1740861685570856362,[  2  73   0 128  20   2   0  96],8,261,2,20,128,System Info,570562209,1740861685,585
1740861686573366432,[  2  73   0 128  20   2   0  96],8,261,2,20,128,System Info,572900210,1740861686,585
1740861687579819104,[  2  73   0 128  20   2   0  96],8,261,2,20,128,System Info,579446709,1740861687,585
1740861688582708112,[  2  73   0 128  20   2   0  96],8,261,2,20,128,System Info,582078270,1740861688,585
1740861689585672890,[  2  73   0 128  20   2   0  96],8,261,2,20,128,System Info,585283534,1740861689,585
1740861690587482169,[  2  73   0 128  20   2   0  96],8,261,2,20,128,System Info,587059533,1740861690,585
1740861691589711036,[  2  73   0 128  20   2   0  96],8,261,2,20,128,System Info,589120779,1740861691,585
1740861692592276320,[  2  73   0 128  20   2   0  96],8,261,2,20,128,System Info,591696367,1740861692,585
1740861693602062287,[  2  73   0 128  20   2   0  96],8,261,2,20,128,System Info,601710661,1740861693,585
1740861694604397052,[  2  73   0 128  20   2   0  96],8,261,2,20,128,System Info,603864524,1740861694,585
1740861695605129777,[  2  73   0 128  20   2   0  96],8,261,2,20,128,System Info,604691205,1740861695,585
1740861696606221257,[  2  73   0 128  20   2   0  96],8,261,2,20,128,System Info,605775388,1740861696,585
1740861697611170153,[  2  73   0 128  20   2   0  96],8,261,2,20,128,System Info,610880832,1740861697,585
1740861698613623639,[  2  73   0 128  20   2   0  96],8,261,2,20,128,System Info,613232844,1740861698,585
1740861699615261158,[  2  73   0 128  20   2   0  96],8,261,2,20,128,System Info,614675124,1740861699,585
1740861700625334817,[  2  73   0 128  20   2   0  96],8,261,2,20,128,System Info,624901429,1740861700,585
1740861701626240042,[  2  73   0 128  20   2   0  96],8,261,2,20,128,System Info,625803549,1740861701,585
1740861702629083842,[  2  73   0 128  20   2   0  96],8,261,2,20,128,System Info,628597396,1740861702,585
1740861703631039033,[  2  73   0 128  20   2   0  96],8,261,2,20,128,System Info,630390950,1740861703,585
1740861704630003824,[  2  73   0 128  20   2   0  96],8,261,2,20,128,System Info,629701383,1740861704,585
1740861705633443361,[  2  73   0 128  20   2   0  96],8,261,2,20,128,System Info,633028949,1740861705,585
1740861706646156663,[  2  73   0 128  20   2   0  96],8,261,2,20,128,System Info,645741419,1740861706,585
1740861707645568610,[  2  73   0 128  20   2   0  96],8,261,2,20,128,System Info,644951152,1740861707,585
1740861708644471031,[  2  73   0 128  20   2   0  96],8,261,2,20,128,System Info,644057291,1740861708,585
1740861709654463813,[  2  73   0 128  20   2   0  96],8,261,2,20,128,System Info,654021656,1740861709,585
1740861710657250778,[  2  73   0 128  20   2   0  96],8,261,2,20,128,System Info,656738187,1740861710,585
1740861711659774847,[  2  73   0 128  20   2   0  96],8,261,2,20,128,System Info,659302257,1740861711,585
1740861712660805488,[  2  73   0 128  20   2   0  96],8,261,2,20,128,System Info,660193663,1740861712,585
1740861713667349274,[  2  73   0 128  20   2   0  96],8,261,2,20,128,System Info,665055383,1740861713,585
1740861714668896970,[  2  73   0 128  20   2   0  96],8,261,2,20,128,System Info,668393531,1740861714,585
1740861715671873468,[  2  73   0 128  20   2   0  96],8,261,2,20,128,System Info,671141862,1740861715,585
1740861716674343286,[  2  73   0 128  20   2   0  96],8,261,2,20,128,System Info,674105744,1740861716,585
1740861717677290135,[  2  73   0 128  20   2   0  96],8,261,2,20,128,System Info,676834250,1740861717,585
1740861718675408547,[  2  73   0 128  20   2   0  96],8,261,2,20,128,System Info,675085178,1740861718,585
1740861719686041363,[  2  73   0 128  20   2   0  96],8,261,2,20,128,System Info,684985492,1740861719,585
1740861720683174419,[  2  73   0 128  20   2   0  96],8,261,2,20,128,System Info,682748646,1740861720,585
1740861721693867891,[  2  73   0 128  20   2   0  96],8,261,2,20,128,System Info,693439047,1740861721,585
1740861722690504309,[  2  73   0 128  20   2   0  96],8,261,2,20,128,System Info,690066568,1740861722,585
1740861724032820199,[  2  73   0 128  20   2   0  96],8,261,2,20,128,System Info,32284983,1740861724,585
1740861724700904656,[  2  73   0 128  20   2   0  96],8,261,2,20,128,System Info,700339424,1740861724,585
1740861725702356517,[  2  73   0 128  20   2   0  96],8,261,2,20,128,System Info,701793525,1740861725,585
1740861726705108760,[  2  73   0 128  20   2   0  96],8,261,2,20,128,System Info,704118684,1740861726,585
1740861727713614250,[  2  73   0 128  20   2   0  96],8,261,2,20,128,System Info,713011352,1740861727,585
1740861728714795903,[  2  73   0 128  20   2   0  96],8,261,2,20,128,System Info,714157837,1740861728,585
1740861729715231479,[  2  73   0 128  20   2   0  96],8,261,2,20,128,System Info,714594085,1740861729,585
1740861730718477241,[  2  73   0 128  20   2   0  96],8,261,2,20,128,System Info,718075917,1740861730,585
1740861731721109761,[  2  73   0 128  20   2   0  96],8,261,2,20,128,System Info,720619507,1740861731,585
1740861732730875983,[  2  73   0 128  20   2   0  96],8,261,2,20,128,System Info,730434498,1740861732,585
1740861733731234438,[  2  73   0 128  20   2   0  96],8,261,2,20,128,System Info,730733367,1740861733,585
1740861734731377198,[  2  73   0 128  20   2   0  96],8,261,2,20,128,System Info,730685402,1740861734,585
1740861735732505515,[  2  73   0 128  20   2   0  96],8,261,2,20,128,System Info,732054046,1740861735,585
1740861736743894921,[  2  73   0 128  20   2   0  96],8,261,2,20,128,System Info,743493693,1740861736,585
1740861737745529797,[  2  73   0 128  20   2   0  96],8,261,2,20,128,System Info,744850194,1740861737,585
1740861738746251167,[  2  73   0 128  20   2   0  96],8,261,2,20,128,System Info,745879701,1740861738,585
1740861739750617211,[  2  73   0 128  20   2   0  96],8,261,2,20,128,System Info,750039082,1740861739,585
1740861740755676931,[  2  73   0 128  20   2   0  96],8,261,2,20,128,System Info,755205813,1740861740,585
1740861741759822696,[  2  73   0 128  20   2   0  96],8,261,2,20,128,System Info,759386012,1740861741,585
1740861742761892683,[  2  73   0 128  20   2   0  96],8,261,2,20,128,System Info,761600770,1740861742,585
1740861743762206931,[  2  73   0 128  20   2   0  96],8,261,2,20,128,System Info,761907722,1740861743,585
1740861744768001457,[  2  73   0 128  20   2   0  96],8,261,2,20,128,System Info,767514499,1740861744,585
1740861745766607992,[  2  73   0 128  20   2   0  96],8,261,2,20,128,System Info,766091145,1740861745,585
1740861746771765877,[  2  73   0 128  20   2   0  96],8,261,2,20,128,System Info,771306248,1740861746,585
1740861747779734139,[  2  73   0 128  20   2   0  96],8,261,2,20,128,System Info,779464339,1740861747,585
1740861748777591606,[  2  73   0 128  20   2   0  96],8,261,2,20,128,System Info,777189226,1740861748,585
1740861749782421266,[  2  73   0 128  20   2   0  96],8,261,2,20,128,System Info,782118601,1740861749,585
1740861750786681750,[  2  73   0 128  20   2   0  96],8,261,2,20,128,System Info,786249738,1740861750,585
1740861751791181722,[  2  73   0 128  20   2   0  96],8,261,2,20,128,System Info,790763598,1740861751,585
1740861752795283786,[  2  73   0 128  20   2   0  96],8,261,2,20,128,System Info,794941376,1740861752,585
1740861753798206577,[  2  73   0 128  20   2   0  96],8,261,2,20,128,System Info,797992267,1740861753,585
1740861754800699332,[  2  73   0 128  20   2   0  96],8,261,2,20,128,System Info,800283608,1740861754,585
1740861755803424279,[  2  73   0 128  20   2   0  96],8,261,2,20,128,System Info,803016299,1740861755,585
1740861756807254753,[  2  73   0 128  20   2   0  96],8,261,2,20,128,System Info,806792052,1740861756,585
1740861757809905635,[  2  73   0 128  20   2   0  96],8,261,2,20,128,System Info,809507383,1740861757,585
1740861758816301768,[  2  73   0 128  20   2   0  96],8,261,2,20,128,System Info,815865339,1740861758,585
1740861759812542626,[  2  73   0 128  20   2   0  96],8,261,2,20,128,System Info,812138423,1740861759,585
1740861760817774135,[  2  73   0 128  20   2   0  96],8,261,2,20,128,System Info,817438062,1740861760,585
1740861761823708857,[  2  73   0 128  20   2   0  96],8,261,2,20,128,System Info,823209931,1740861761,585
1740861762821507082,[  2  73   0 128  20   2   0  96],8,261,2,20,128,System Info,821034493,1740861762,585
1740861763829727711,[  2  73   0 128  20   2   0  96],8,261,2,20,128,System Info,829348564,1740861763,585
1740861764828493437,[  2  73   0 128  20   2   0  96],8,261,2,20,128,System Info,827987182,1740861764,585
1740861765839619221,[  2  73   0 128  20   2   0  96],8,261,2,20,128,System Info,839210314,1740861765,585
1740861766841894825,[  2  73   0 128  20   2   0  96],8,261,2,20,128,System Info,841322873,1740861766,585
1740861767839388365,[  2  73   0 128  20   2   0  96],8,261,2,20,128,System Info,838916640,1740861767,585
1740861768847850115,[  2  73   0 128  20   2   0  96],8,261,2,20,128,System Info,847461272,1740861768,585
1740861769849068387,[  2  73   0 128  20   2   0  96],8,261,2,20,128,System Info,848604598,1740861769,585
1740861770857913750,[  2  73   0 128  20   2   0  96],8,261,2,20,128,System Info,857223074,1740861770,585
1740861771861001532,[  2  73   0 128  20   2   0  96],8,261,2,20,128,System Info,860239815,1740861771,585
1740861772855016152,[  2  73   0 128  20   2   0  96],8,261,2,20,128,System Info,854558027,1740861772,585
1740861773866476448,[  2  73   0 128  20   2   0  96],8,261,2,20,128,System Info,866049748,1740861773,585
1740861774867293648,[  2  73   0 128  20   2   0  96],8,261,2,20,128,System Info,866556443,1740861774,585
1740861775869157047,[  2  73   0 128  20   2   0  96],8,261,2,20,128,System Info,868738539,1740861775,585
1740861776873259062,[  2  73   0 128  20   2   0  96],8,261,2,20,128,System Info,872816810,1740861776,585
1740861777874941385,[  2  73   0 128  20   2   0  96],8,261,2,20,128,System Info,874492477,1740861777,585
1740861778875939330,[  2  73   0 128  20   2   0  96],8,261,2,20,128,System Info,875570487,1740861778,585
1740861779885116061,[  2  73   0 128  20   2   0  96],8,261,2,20,128,System Info,884745426,1740861779,585
1740861780884879332,[  2  73   0 128  20   2   0  96],8,261,2,20,128,System Info,884439575,1740861780,585
1740861781888460305,[  2  73   0 128  20   2   0  96],8,261,2,20,128,System Info,888013668,1740861781,585
1740861782888751033,[  2  73   0 128  20   2   0  96],8,261,2,20,128,System Info,888277259,1740861782,585
1740861783900922188,[  2  73   0 128  20   2   0  96],8,261,2,20,128,System Info,900259321,1740861783,585
1740861784894204190,[  2  73   0 128  20   2   0  96],8,261,2,20,128,System Info,893752177,1740861784,585
1740861785904503022,[  2  73   0 128  20   2   0  96],8,261,2,20,128,System Info,904030176,1740861785,585
1740861786906460393,[  2  73   0 128  20   2   0  96],8,261,2,20,128,System Info,905820695,1740861786,585
1740861787907719113,[  2  73   0 128  20   2   0  96],8,261,2,20,128,System Info,907232123,1740861787,585
1740861788908526133,[  2  73   0 128  20   2   0  96],8,261,2,20,128,System Info,907919364,1740861788,585
1740861789920619516,[  2  73   0 128  20   2   0  96],8,261,2,20,128,System Info,920136206,1740861789,585
1740861790920458623,[  2  73   0 128  20   2   0  96],8,261,2,20,128,System Info,919977105,1740861790,585
1740861791921058320,[  2  73   0 128  20   2   0  96],8,261,2,20,128,System Info,920703942,1740861791,585
1740861792922817787,[  2  73   0 128  20   2   0  96],8,261,2,20,128,System Info,922189418,1740861792,585
1740861793932511458,[  2  73   0 128  20   2   0  96],8,261,2,20,128,System Info,931945809,1740861793,585
1740861794934134331,[  2  73   0 128  20   2   0  96],8,261,2,20,128,System Info,933752016,1740861794,585
1740861795934612813,[  2  73   0 128  20   2   0  96],8,261,2,20,128,System Info,933817943,1740861795,585
1740861796936112534,[  2  73   0 128  20   2   0  96],8,261,2,20,128,System Info,935709642,1740861796,585
1740861797946561845,[  2  73   0 128  20   2   0  96],8,261,2,20,128,System Info,946034310,1740861797,585
1740861798945405668,[  2  73   0 128  20   2   0  96],8,261,2,20,128,System Info,944924503,1740861798,585
1740861799945810649,[  2  73   0 128  20   2   0  96],8,261,2,20,128,System Info,945367372,1740861799,585
1740861800955659411,[  2  73   0 128  20   2   0  96],8,261,2,20,128,System Info,955246407,1740861800,585
1740861801959103568,[  2  73   0 128  20   2   0  96],8,261,2,20,128,System Info,958710533,1740861801,585
1740861802959076644,[  2  73   0 128  20   2   0  96],8,261,2,20,128,System Info,958440626,1740861802,585
1740861803958287131,[  2  73   0 128  20   2   0  96],8,261,2,20,128,System Info,957807949,1740861803,585
1740861804969166486,[  2  73   0 128  20   2   0  96],8,261,2,20,128,System Info,968688361,1740861804,585
1740861805971084813,[  2  73   0 128  20   2   0  96],8,261,2,20,128,System Info,969810761,1740861805,585
1740861806971314509,[  2  73   0 128  20   2   0  96],8,261,2,20,128,System Info,970569944,1740861806,585
1740861807972586372,[  2  73   0 128  20   2   0  96],8,261,2,20,128,System Info,972025940,1740861807,585
1740861808982935477,[  2  73   0 128  20   2   0  96],8,261,2,20,128,System Info,982531081,1740861808,585
1740861809982910521,[  2  73   0 128  20   2   0  96],8,261,2,20,128,System Info,982472397,1740861809,585
1740861810984298335,[  2  73   0 128  20   2   0  96],8,261,2,20,128,System Info,983889395,1740861810,585
1740861811985393494,[  2  73   0 128  20   2   0  96],8,261,2,20,128,System Info,984923656,1740861811,585
1740861812986971635,[  2  73   0 128  20   2   0  96],8,261,2,20,128,System Info,986509766,1740861812,585
1740861813999109813,[  2  73   0 128  20   2   0  96],8,261,2,20,128,System Info,998706666,1740861813,585
1740861815000144534,[  2  73   0 128  20   2   0  96],8,261,2,20,128,System Info,999720458,1740861814,585
1740861816001080910,[  2  73   0 128  20   2   0  96],8,261,2,20,128,System Info,483485,1740861816,585
1740861817001787256,[  2  73   0 128  20   2   0  96],8,261,2,20,128,System Info,1361868,1740861817,585
1740861818003635292,[  2  73   0 128  20   2   0  96],8,261,2,20,128,System Info,3217552,1740861818,585
1740861819014445015,[  2  73   0 128  20   2   0  96],8,261,2,20,128,System Info,14058956,1740861819,585
1740861820015211439,[  2  73   0 128  20   2   0  96],8,261,2,20,128,System Info,14764226,1740861820,585
1740861821015674104,[  2  73   0 128  20   2   0  96],8,261,2,20,128,System Info,15054311,1740861821,585
1740861822018805510,[  2  73   0 128  20   2   0  96],8,261,2,20,128,System Info,18355065,1740861822,585
1740861823020799245,[  2  73   0 128  20   2   0  96],8,261,2,20,128,System Info,19991670,1740861823,585
1740861824033538525,[  2  73   0 128  20   2   0  96],8,261,2,20,128,System Info,32946092,1740861824,585
1740861825034379222,[  2  73   0 128  20   2   0  96],8,261,2,20,128,System Info,33969483,1740861825,585
1740861826036497133,[  2  73   0 128  20   2   0  96],8,261,2,20,128,System Info,35901981,1740861826,585
1740861827039455510,[  2  73   0 128  20   2   0  96],8,261,2,20,128,System Info,39047594,1740861827,585
1740861828038975894,[  2  73   0 128  20   2   0  96],8,261,2,20,128,System Info,38564107,1740861828,585
1740861829041469316,[  2  73   0 128  20   2   0  96],8,261,2,20,128,System Info,40959638,1740861829,585
1740861830052573247,[  2  73   0 128  20   2   0  96],8,261,2,20,128,System Info,52003599,1740861830,585
1740861831054369868,[  2  73   0 128  20   2   0  96],8,261,2,20,128,System Info,53964833,1740861831,585
1740861832055784840,[  2  73   0 128  20   2   0  96],8,261,2,20,128,System Info,55442655,1740861832,585
1740861833057311905,[  2  73   0 128  20   2   0  96],8,261,2,20,128,System Info,56838836,1740861833,585
1740861834058079486,[  2  73   0 128  20   2   0  96],8,261,2,20,128,System Info,57588561,1740861834,585
1740861835068841679,[  2  73   0 128  20   2   0  96],8,261,2,20,128,System Info,68396834,1740861835,585
1740861836071559030,[  2  73   0 128  20   2   0  96],8,261,2,20,128,System Info,70906243,1740861836,585
1740861837073000275,[  2  73   0 128  20   2   0  96],8,261,2,20,128,System Info,72576679,1740861837,585
1740861838073398124,[  2  73   0 128  20   2   0  96],8,261,2,20,128,System Info,72824764,1740861838,585
1740861839074374191,[  2  73   0 128  20   2   0  96],8,261,2,20,128,System Info,73889761,1740861839,585
1740861840076421290,[  2  73   0 128  20   2   0  96],8,261,2,20,128,System Info,75840761,1740861840,585
1740861841087577950,[  2  73   0 128  20   2   0  96],8,261,2,20,128,System Info,87140690,1740861841,585
1740861842092428731,[  2  73   0 128  20   2   0  96],8,261,2,20,128,System Info,91865291,1740861842,585
1740861843093603787,[  2  73   0 128  20   2   0  96],8,261,2,20,128,System Info,92772435,1740861843,585
1740861844095486920,[  2  73   0 128  20   2   0  96],8,261,2,20,128,System Info,95077628,1740861844,585
1740861845097265403,[  2  73   0 128  20   2   0  96],8,261,2,20,128,System Info,96986867,1740861845,585
1740861846099131211,[  2  73   0 128  20   2   0  96],8,261,2,20,128,System Info,98634333,1740861846,585
1740861847100985972,[  2  73   0 128  20   2   0  96],8,261,2,20,128,System Info,100605034,1740861847,585
1740861848112919410,[  2  73   0 128  20   2   0  96],8,261,2,20,128,System Info,112476998,1740861848,585
1740861849113706801,[  2  73   0 128  20   2   0  96],8,261,2,20,128,System Info,113248932,1740861849,585
1740861850113912633,[  2  73   0 128  20   2   0  96],8,261,2,20,128,System Info,113483149,1740861850,585
1740861851116549760,[  2  73   0 128  20   2   0  96],8,261,2,20,128,System Info,116067250,1740861851,585
1740861852119175295,[  2  73   0 128  20   2   0  96],8,261,2,20,128,System Info,118699538,1740861852,585
1740861853121219593,[  2  73   0 128  20   2   0  96],8,261,2,20,128,System Info,120156651,1740861853,585
1740861854122949763,[  2  73   0 128  20   2   0  96],8,261,2,20,128,System Info,122513687,1740861854,585
1740861855135269440,[  2  73   0 128  20   2   0  96],8,261,2,20,128,System Info,134825587,1740861855,585
1740861856136679205,[  2  73   0 128  20   2   0  96],8,261,2,20,128,System Info,136142517,1740861856,585
1740861857137237611,[  2  73   0 128  20   2   0  96],8,261,2,20,128,System Info,136832992,1740861857,585
1740861858135981273,[  2  73   0 128  20   2   0  96],8,261,2,20,128,System Info,135577006,1740861858,585
1740861859148205851,[  2  73   0 128  20   2   0  96],8,261,2,20,128,System Info,147780111,1740861859,585
1740861860149045399,[  2  73   0 128  20   2   0  96],8,261,2,20,128,System Info,148604363,1740861860,585
1740861861149341022,[  2  73   0 128  20   2   0  96],8,261,2,20,128,System Info,148927027,1740861861,585
1740861862149349335,[  2  73   0 128  20   2   0  96],8,261,2,20,128,System Info,148921515,1740861862,585
1740861863162348342,[  2  73   0 128  20   2   0  96],8,261,2,20,128,System Info,161789382,1740861863,585
1740861864163630598,[  2  73   0 128  20   2   0  96],8,261,2,20,128,System Info,163271132,1740861864,585
1740861865165013811,[  2  73   0 128  20   2   0  96],8,261,2,20,128,System Info,164485829,1740861865,585
1740861866166008144,[  2  73   0 128  20   2   0  96],8,261,2,20,128,System Info,165588932,1740861866,585
1740861867167913344,[  2  73   0 128  20   2   0  96],8,261,2,20,128,System Info,167443539,1740861867,585
1740861868179061932,[  2  73   0 128  20   2   0  96],8,261,2,20,128,System Info,178726498,1740861868,585
1740861869180227899,[  2  73   0 128  20   2   0  96],8,261,2,20,128,System Info,179756494,1740861869,585
1740861870181535208,[  2  73   0 128  20   2   0  96],8,261,2,20,128,System Info,181230015,1740861870,585
1740861871185510522,[  2  73   0 128  20   2   0  96],8,261,2,20,128,System Info,185049197,1740861871,585
1740861872187273031,[  2  73   0 128  20   2   0  96],8,261,2,20,128,System Info,186834011,1740861872,585
1740861873186781104,[  2  73   0 128  20   2   0  96],8,261,2,20,128,System Info,186264418,1740861873,585
1740861874197798133,[  2  73   0 128  20   2   0  96],8,261,2,20,128,System Info,197478732,1740861874,585
1740861875200013213,[  2  73   0 128  20   2   0  96],8,261,2,20,128,System Info,199554833,1740861875,585
1740861876202149086,[  2  73   0 128  20   2   0  96],8,261,2,20,128,System Info,201729458,1740861876,585
1740861877203319197,[  2  73   0 128  20   2   0  96],8,261,2,20,128,System Info,202877681,1740861877,585
1740861878203557469,[  2  73   0 128  20   2   0  96],8,261,2,20,128,System Info,202799016,1740861878,585
1740861879214627301,[  2  73   0 128  20   2   0  96],8,261,2,20,128,System Info,214168760,1740861879,585
1740861880215035902,[  2  73   0 128  20   2   0  96],8,261,2,20,128,System Info,214606386,1740861880,585
1740861881217827603,[  2  73   0 128  20   2   0  96],8,261,2,20,128,System Info,217355462,1740861881,585
1740861882221240244,[  2  73   0 128  20   2   0  96],8,261,2,20,128,System Info,220754470,1740861882,585
1740861883221925699,[  2  73   0 128  20   2   0  96],8,261,2,20,128,System Info,221401300,1740861883,585
1740861884224780040,[  2  73   0 128  20   2   0  96],8,261,2,20,128,System Info,224232313,1740861884,585
1740861885226797937,[  2  73   0 128  20   2   0  96],8,261,2,20,128,System Info,226449959,1740861885,585
1740861886238842187,[  2  73   0 128  20   2   0  96],8,261,2,20,128,System Info,238394206,1740861886,585
1740861887242262607,[  2  73   0 128  20   2   0  96],8,261,2,20,128,System Info,241818146,1740861887,585
1740861888242012454,[  2  73   0 128  20   2   0  96],8,261,2,20,128,System Info,241661469,1740861888,585
1740861889244977874,[  2  73   0 128  20   2   0  96],8,261,2,20,128,System Info,244487588,1740861889,585
1740861890246418573,[  2  73   0 128  20   2   0  96],8,261,2,20,128,System Info,245995202,1740861890,585
1740861891247667902,[  2  73   0 128  20   2   0  96],8,261,2,20,128,System Info,246945066,1740861891,585
1740861892249141103,[  2  73   0 128  20   2   0  96],8,261,2,20,128,System Info,248723939,1740861892,585
1740861893260686162,[  2  73   0 128  20   2   0  96],8,261,2,20,128,System Info,260024927,1740861893,585
1740861894262803049,[  2  73   0 128  20   2   0  96],8,261,2,20,128,System Info,262399582,1740861894,585
1740861895263931263,[  2  73   0 128  20   2   0  96],8,261,2,20,128,System Info,263476562,1740861895,585
1740861896264877450,[  2  73   0 128  20   2   0  96],8,261,2,20,128,System Info,264527873,1740861896,585
1740861897265743662,[  2  73   0 128  20   2   0  96],8,261,2,20,128,System Info,265320290,1740861897,585
1740861898276567008,[  2  73   0 128  20   2   0  96],8,261,2,20,128,System Info,276063122,1740861898,585
1740861899277733537,[  2  73   0 128  20   2   0  96],8,261,2,20,128,System Info,276875593,1740861899,585
1740861900277379345,[  2  73   0 128  20   2   0  96],8,261,2,20,128,System Info,276745343,1740861900,585
1740861901279471424,[  2  73   0 128  20   2   0  96],8,261,2,20,128,System Info,279034612,1740861901,585
1740861902289812526,[  2  73   0 128  20   2   0  96],8,261,2,20,128,System Info,289210493,1740861902,585
1740861903289090372,[  2  73   0 128  20   2   0  96],8,261,2,20,128,System Info,288733146,1740861903,585
1740861904288772255,[  2  73   0 128  20   2   0  96],8,261,2,20,128,System Info,288307058,1740861904,585
1740861905298988952,[  2  73   0 128  20   2   0  96],8,261,2,20,128,System Info,298527308,1740861905,585
1740861906300975848,[  2  73   0 128  20   2   0  96],8,261,2,20,128,System Info,300443930,1740861906,585
1740861907301444969,[  2  73   0 128  20   2   0  96],8,261,2,20,128,System Info,301020413,1740861907,585
1740861908303185606,[  2  73   0 128  20   2   0  96],8,261,2,20,128,System Info,302730554,1740861908,585
1740861909313544942,[  2  73   0 128  20   2   0  96],8,261,2,20,128,System Info,313128962,1740861909,585
1740861910315371427,[  2  73   0 128  20   2   0  96],8,261,2,20,128,System Info,314882805,1740861910,585
1740861911317383544,[  2  73   0 128  20   2   0  96],8,261,2,20,128,System Info,316914635,1740861911,585
1740861912319633486,[  2  73   0 128  20   2   0  96],8,261,2,20,128,System Info,318976475,1740861912,585
1740861913320738206,[  2  73   0 128  20   2   0  96],8,261,2,20,128,System Info,320270001,1740861913,585
1740861914323407061,[  2  73   0 128  20   2   0  96],8,261,2,20,128,System Info,322964072,1740861914,585
1740861915325876416,[  2  73   0 128  20   2   0  96],8,261,2,20,128,System Info,325485877,1740861915,585
1740861916330634373,[  2  73   0 128  20   2   0  96],8,261,2,20,128,System Info,330167544,1740861916,585
1740861917333985182,[  2  73   0 128  20   2   0  96],8,261,2,20,128,System Info,333446063,1740861917,585
1740861918338063046,[  2  73   0 128  20   2   0  96],8,261,2,20,128,System Info,337548472,1740861918,585
1740861919338168634,[  2  73   0 128  20   2   0  96],8,261,2,20,128,System Info,337832369,1740861919,585
1740861920350207283,[  2  73   0 128  20   2   0  96],8,261,2,20,128,System Info,349764711,1740861920,585
1740861921354497520,[  2  73   0 128  20   2   0  96],8,261,2,20,128,System Info,353723355,1740861921,585
1740861922353971746,[  2  73   0 128  20   2   0  96],8,261,2,20,128,System Info,353420307,1740861922,585
1740861923356131642,[  2  73   0 128  20   2   0  96],8,261,2,20,128,System Info,355571882,1740861923,585
1740861924357143276,[  2  73   0 128  20   2   0  96],8,261,2,20,128,System Info,356611261,1740861924,585
1740861925366604642,[  2  73   0 128  20   2   0  96],8,261,2,20,128,System Info,366142518,1740861925,585
1740861926369474173,[  2  73   0 128  20   2   0  96],8,261,2,20,128,System Info,368744681,1740861926,585
1740861927370596898,[  2  73   0 128  20   2   0  96],8,261,2,20,128,System Info,370178327,1740861927,585
1740861928370444799,[  2  73   0 128  20   2   0  96],8,261,2,20,128,System Info,369929393,1740861928,585
1740861929373522800,[  2  73   0 128  20   2   0  96],8,261,2,20,128,System Info,373068067,1740861929,585
1740861930384307024,[  2  73   0 128  20   2   0  96],8,261,2,20,128,System Info,383856355,1740861930,585
1740861931386398970,[  2  73   0 128  20   2   0  96],8,261,2,20,128,System Info,385738536,1740861931,585
1740861932387787148,[  2  73   0 128  20   2   0  96],8,261,2,20,128,System Info,387329343,1740861932,585
1740861933387584941,[  2  73   0 128  20   2   0  96],8,261,2,20,128,System Info,387190306,1740861933,585
1740861934389056470,[  2  73   0 128  20   2   0  96],8,261,2,20,128,System Info,388694572,1740861934,585
1740861935401602156,[  2  73   0 128  20   2   0  96],8,261,2,20,128,System Info,400701939,1740861935,585
1740861936403832608,[  2  73   0 128  20   2   0  96],8,261,2,20,128,System Info,403473590,1740861936,585
1740861937403821969,[  2  73   0 128  20   2   0  96],8,261,2,20,128,System Info,403342692,1740861937,585
1740861938405106625,[  2  73   0 128  20   2   0  96],8,261,2,20,128,System Info,404591378,1740861938,585
1740861939408637801,[  2  73   0 128  20   2   0  96],8,261,2,20,128,System Info,407965078,1740861939,585
1740861940410873224,[  2  73   0 128  20   2   0  96],8,261,2,20,128,System Info,410429020,1740861940,585
1740861941415862350,[  2  73   0 128  20   2   0  96],8,261,2,20,128,System Info,415429186,1740861941,585
1740861942416851296,[  2  73   0 128  20   2   0  96],8,261,2,20,128,System Info,416125772,1740861942,585
1740861943419584445,[  2  73   0 128  20   2   0  96],8,261,2,20,128,System Info,419101872,1740861943,585
1740861944430280689,[  2  73   0 128  20   2   0  96],8,261,2,20,128,System Info,429817764,1740861944,585
1740861945431858532,[  2  73   0 128  20   2   0  96],8,261,2,20,128,System Info,431134224,1740861945,585
1740861946431101745,[  2  73   0 128  20   2   0  96],8,261,2,20,128,System Info,430715271,1740861946,585
1740861947441267687,[  2  73   0 128  20   2   0  96],8,261,2,20,128,System Info,440905565,1740861947,585
1740861948443601407,[  2  73   0 128  20   2   0  96],8,261,2,20,128,System Info,443135730,1740861948,585
1740861949446053301,[  2  73   0 128  20   2   0  96],8,261,2,20,128,System Info,445485606,1740861949,585
1740861950447575693,[  2  73   0 128  20   2   0  96],8,261,2,20,128,System Info,447123521,1740861950,585
1740861951449042943,[  2  73   0 128  20   2   0  96],8,261,2,20,128,System Info,448250921,1740861951,585
1740861952451396419,[  2  73   0 128  20   2   0  96],8,261,2,20,128,System Info,450957623,1740861952,585
1740861953454055467,[  2  73   0 128  20   2   0  96],8,261,2,20,128,System Info,453525148,1740861953,585
1740861954454424687,[  2  73   0 128  20   2   0  96],8,261,2,20,128,System Info,454054116,1740861954,585
1740861955465028999,[  2  73   0 128  20   2   0  96],8,261,2,20,128,System Info,464555450,1740861955,585
1740861956467742081,[  2  73   0 128  20   2   0  96],8,261,2,20,128,System Info,467295380,1740861956,585
1740861957468968429,[  2  73   0 128  20   2   0  96],8,261,2,20,128,System Info,468534145,1740861957,585
1740861958471016554,[  2  73   0 128  20   2   0  96],8,261,2,20,128,System Info,470349432,1740861958,585
1740861959472503700,[  2  73   0 128  20   2   0  96],8,261,2,20,128,System Info,471697918,1740861959,585
1740861960480164385,[  2  73   0 128  20   2   0  96],8,261,2,20,128,System Info,479718197,1740861960,585
1740861961482394933,[  2  73   0 128  20   2   0  96],8,261,2,20,128,System Info,481677921,1740861961,585
1740861962483599815,[  2  73   0 128  20   2   0  96],8,261,2,20,128,System Info,482964950,1740861962,585
1740861963484322280,[  2  73   0 128  20   2   0  96],8,261,2,20,128,System Info,483901308,1740861963,585
1740861964487506182,[  2  73   0 128  20   2   0  96],8,261,2,20,128,System Info,487126876,1740861964,585
1740861965497969864,[  2  73   0 128  20   2   0  96],8,261,2,20,128,System Info,497490779,1740861965,585
1740861966501335298,[  2  73   0 128  20   2   0  96],8,261,2,20,128,System Info,500930423,1740861966,585
1740861967501765574,[  2  73   0 128  20   2   0  96],8,261,2,20,128,System Info,501340954,1740861967,585
1740861968504460388,[  2  73   0 128  20   2   0  96],8,261,2,20,128,System Info,504129818,1740861968,585
1740861969505656147,[  2  73   0 128  20   2   0  96],8,261,2,20,128,System Info,505400812,1740861969,585
1740861970516759885,[  2  73   0 128  20   2   0  96],8,261,2,20,128,System Info,516214302,1740861970,585
1740861971519162164,[  2  73   0 128  20   2   0  96],8,261,2,20,128,System Info,518750728,1740861971,585
1740861972518958126,[  2  73   0 128  20   2   0  96],8,261,2,20,128,System Info,518554819,1740861972,585
1740861973519555866,[  2  73   0 128  20   2   0  96],8,261,2,20,128,System Info,519141134,1740861973,585
1740861974521078489,[  2  73   0 128  20   2   0  96],8,261,2,20,128,System Info,520627085,1740861974,585
1740861975524404966,[  2  73   0 128  20   2   0  96],8,261,2,20,128,System Info,524076573,1740861975,585
1740861976535111799,[  2  73   0 128  20   2   0  96],8,261,2,20,128,System Info,534561512,1740861976,585
1740861977537359965,[  2  73   0 128  20   2   0  96],8,261,2,20,128,System Info,536878095,1740861977,585
1740861978538039762,[  2  73   0 128  20   2   0  96],8,261,2,20,128,System Info,537503843,1740861978,585
1740861979540394832,[  2  73   0 128  20   2   0  96],8,261,2,20,128,System Info,539973221,1740861979,585
1740861980543855176,[  2  73   0 128  20   2   0  96],8,261,2,20,128,System Info,543416156,1740861980,585
1740861981545813330,[  2  73   0 128  20   2   0  96],8,261,2,20,128,System Info,545406983,1740861981,585
1740861982556688203,[  2  73   0 128  20   2   0  96],8,261,2,20,128,System Info,556219870,1740861982,585
1740861983557662096,[  2  73   0 128  20   2   0  96],8,261,2,20,128,System Info,557253829,1740861983,585
1740861984559060604,[  2  73   0 128  20   2   0  96],8,261,2,20,128,System Info,558519342,1740861984,585
1740861985560483588,[  2  73   0 128  20   2   0  96],8,261,2,20,128,System Info,560110650,1740861985,585
1740861986563324334,[  2  73   0 128  20   2   0  96],8,261,2,20,128,System Info,562924484,1740861986,585
1740861987563952311,[  2  73   0 128  20   2   0  96],8,261,2,20,128,System Info,563326630,1740861987,585
1740861988574349478,[  2  73   0 128  20   2   0  96],8,261,2,20,128,System Info,573897658,1740861988,585
1740861989576337899,[  2  73   0 128  20   2   0  96],8,261,2,20,128,System Info,575876862,1740861989,585
1740861990583039851,[  2  73   0 128  20   2   0  96],8,261,2,20,128,System Info,582599167,1740861990,585
1740861991585185418,[  2  73   0 128  20   2   0  96],8,261,2,20,128,System Info,584328147,1740861991,585
1740861992586060482,[  2  73   0 128  20   2   0  96],8,261,2,20,128,System Info,585513715,1740861992,585
1740861993586556843,[  2  73   0 128  20   2   0  96],8,261,2,20,128,System Info,586082238,1740861993,585
1740861994589181225,[  2  73   0 128  20   2   0  96],8,261,2,20,128,System Info,588769854,1740861994,585
1740861995590807592,[  2  73   0 128  20   2   0  96],8,261,2,20,128,System Info,590394844,1740861995,585
1740861996601601627,[  2  73   0 128  20   2   0  96],8,261,2,20,128,System Info,600618048,1740861996,585
1740861997604463250,[  2  73   0 128  20   2   0  96],8,261,2,20,128,System Info,603872738,1740861997,585
1740861998605863676,[  2  73   0 128  20   2   0  96],8,261,2,20,128,System Info,605322541,1740861998,585
1740861999607604395,[  2  73   0 128  20   2   0  96],8,261,2,20,128,System Info,607045564,1740861999,585
1740862000609051853,[  2  73   0 128  20   2   0  96],8,261,2,20,128,System Info,608275032,1740862000,585
1740862001610900565,[  2  73   0 128  20   2   0  96],8,261,2,20,128,System Info,610490218,1740862001,585
1740862002622096344,[  2  73   0 128  20   2   0  96],8,261,2,20,128,System Info,621676972,1740862002,585
1740862003622717013,[  2  73   0 128  20   2   0  96],8,261,2,20,128,System Info,622397613,1740862003,585
1740862004621626784,[  2  73   0 128  20   2   0  96],8,261,2,20,128,System Info,621277398,1740862004,585
1740862005626014651,[  2  73   0 128  20   2   0  96],8,261,2,20,128,System Info,625579727,1740862005,585
1740862006636083084,[  2  73   0 128  20   2   0  96],8,261,2,20,128,System Info,635637312,1740862006,585
1740862007639651464,[  2  73   0 128  20   2   0  96],8,261,2,20,128,System Info,639362496,1740862007,585
1740862008641057060,[  2  73   0 128  20   2   0  96],8,261,2,20,128,System Info,640684314,1740862008,585
1740862009642255510,[  2  73   0 128  20   2   0  96],8,261,2,20,128,System Info,641867083,1740862009,585
1740862010643988338,[  2  73   0 128  20   2   0  96],8,261,2,20,128,System Info,643516453,1740862010,585
1740862011644133054,[  2  73   0 128  20   2   0  96],8,261,2,20,128,System Info,643407786,1740862011,585
1740862012646521859,[  2  73   0 128  20   2   0  96],8,261,2,20,128,System Info,646130616,1740862012,585
1740862013658149918,[  2  73   0 128  20   2   0  96],8,261,2,20,128,System Info,657604047,1740862013,585
1740862014659102163,[  2  73   0 128  20   2   0  96],8,261,2,20,128,System Info,658706920,1740862014,585
1740862015659638488,[  2  73   0 128  20   2   0  96],8,261,2,20,128,System Info,659191595,1740862015,585
1740862016661722562,[  2  73   0 128  20   2   0  96],8,261,2,20,128,System Info,661295190,1740862016,585
1740862017672339632,[  2  73   0 128  20   2   0  96],8,261,2,20,128,System Info,671865475,1740862017,585
1740862018673732798,[  2  73   0 128  20   2   0  96],8,261,2,20,128,System Info,673354260,1740862018,585
1740862019674704573,[  2  73   0 128  20   2   0  96],8,261,2,20,128,System Info,674220528,1740862019,585
1740862020676782357,[  2  73   0 128  20   2   0  96],8,261,2,20,128,System Info,676001920,1740862020,585
1740862021677127322,[  2  73   0 128  20   2   0  96],8,261,2,20,128,System Info,676828530,1740862021,585
1740862022687866901,[  2  73   0 128  20   2   0  96],8,261,2,20,128,System Info,687384103,1740862022,585
1740862023689272749,[  2  73   0 128  20   2   0  96],8,261,2,20,128,System Info,688747807,1740862023,585
1740862024691991749,[  2  73   0 128  20   2   0  96],8,261,2,20,128,System Info,691118253,1740862024,585
1740862025690964115,[  2  73   0 128  20   2   0  96],8,261,2,20,128,System Info,690547592,1740862025,585
1740862026701232239,[  2  73   0 128  20   2   0  96],8,261,2,20,128,System Info,700916646,1740862026,585
1740862027702087751,[  2  73   0 128  20   2   0  96],8,261,2,20,128,System Info,701522648,1740862027,585
1740862028704708938,[  2  73   0 128  20   2   0  96],8,261,2,20,128,System Info,704267454,1740862028,585
1740862029705979557,[  2  73   0 128  20   2   0  96],8,261,2,20,128,System Info,705317491,1740862029,585
1740862030709283250,[  2  73   0 128  20   2   0  96],8,261,2,20,128,System Info,708713987,1740862030,585
1740862031710999216,[  2  73   0 128  20   2   0  96],8,261,2,20,128,System Info,710553188,1740862031,585
1740862032722302254,[  2  73   0 128  20   2   0  96],8,261,2,20,128,System Info,721999173,1740862032,585
1740862033724107653,[  2  73   0 128  20   2   0  96],8,261,2,20,128,System Info,723726331,1740862033,585
1740862034725599536,[  2  73   0 128  20   2   0  96],8,261,2,20,128,System Info,725143428,1740862034,585
1740862035726099387,[  2  73   0 128  20   2   0  96],8,261,2,20,128,System Info,725185923,1740862035,585
1740862036727454810,[  2  73   0 128  20   2   0  96],8,261,2,20,128,System Info,726841129,1740862036,585
1740862037729745581,[  2  73   0 128  20   2   0  96],8,261,2,20,128,System Info,729132861,1740862037,585
1740862038741675041,[  2  73   0 128  20   2   0  96],8,261,2,20,128,System Info,741232758,1740862038,585
1740862039743522144,[  2  73   0 128  20   2   0  96],8,261,2,20,128,System Info,742909072,1740862039,585
1740862040743176639,[  2  73   0 128  20   2   0  96],8,261,2,20,128,System Info,742497229,1740862040,585
1740862041747334836,[  2  73   0 128  20   2   0  96],8,261,2,20,128,System Info,746862599,1740862041,585
1740862042750357734,[  2  73   0 128  20   2   0  96],8,261,2,20,128,System Info,749765590,1740862042,585
1740862043752739650,[  2  73   0 128  20   2   0  96],8,261,2,20,128,System Info,752298390,1740862043,585
1740862044754171040,[  2  73   0 128  20   2   0  96],8,261,2,20,128,System Info,753493678,1740862044,585
1740862045765047961,[  2  73   0 128  20   2   0  96],8,261,2,20,128,System Info,764614830,1740862045,585
1740862046765486324,[  2  73   0 128  20   2   0  96],8,261,2,20,128,System Info,765018696,1740862046,585
1740862047766673951,[  2  73   0 128  20   2   0  96],8,261,2,20,128,System Info,766136368,1740862047,585
1740862048767366424,[  2  73   0 128  20   2   0  96],8,261,2,20,128,System Info,766727047,1740862048,585
1740862049777446283,[  2  73   0 128  20   2   0  96],8,261,2,20,128,System Info,776953854,1740862049,585
1740862050781216143,[  2  73   0 128  20   2   0  96],8,261,2,20,128,System Info,780190003,1740862050,585
1740862051783667691,[  2  73   0 128  20   2   0  96],8,261,2,20,128,System Info,783194846,1740862051,585
1740862052785708568,[  2  73   0 128  20   2   0  96],8,261,2,20,128,System Info,785337838,1740862052,585
1740862053787398839,[  2  73   0 128  20   2   0  96],8,261,2,20,128,System Info,786919178,1740862053,585
1740862054789249494,[  2  73   0 128  20   2   0  96],8,261,2,20,128,System Info,788794090,1740862054,585
1740862055790628005,[  2  73   0 128  20   2   0  96],8,261,2,20,128,System Info,790159544,1740862055,585
1740862056793148782,[  2  73   0 128  20   2   0  96],8,261,2,20,128,System Info,792747747,1740862056,585
1740862057802793811,[  2  73   0 128  20   2   0  96],8,261,2,20,128,System Info,802575885,1740862057,585
1740862058802434886,[  2  73   0 128  20   2   0  96],8,261,2,20,128,System Info,802122750,1740862058,585
1740862059802584771,[  2  73   0 128  20   2   0  96],8,261,2,20,128,System Info,802073237,1740862059,585
1740862060815233005,[  2  73   0 128  20   2   0  96],8,261,2,20,128,System Info,814500121,1740862060,585
1740862061817431000,[  2  73   0 128  20   2   0  96],8,261,2,20,128,System Info,816841928,1740862061,585
1740862062817972019,[  2  73   0 128  20   2   0  96],8,261,2,20,128,System Info,817438469,1740862062,585
1740862063820338843,[  2  73   0 128  20   2   0  96],8,261,2,20,128,System Info,820024403,1740862063,585
1740862064820718217,[  2  73   0 128  20   2   0  96],8,261,2,20,128,System Info,820386849,1740862064,585
1740862065830153256,[  2  73   0 128  20   2   0  96],8,261,2,20,128,System Info,829720924,1740862065,585
1740862066835153515,[  2  73   0 128  20   2   0  96],8,261,2,20,128,System Info,834618396,1740862066,585
1740862067837381119,[  2  73   0 128  20   2   0  96],8,261,2,20,128,System Info,837015733,1740862067,585
1740862068839513676,[  2  73   0 128  20   2   0  96],8,261,2,20,128,System Info,839005822,1740862068,585
1740862069842168131,[  2  73   0 128  20   2   0  96],8,261,2,20,128,System Info,841546866,1740862069,585
1740862070844688787,[  2  73   0 128  20   2   0  96],8,261,2,20,128,System Info,844245671,1740862070,585
1740862071849350808,[  2  73   0 128  20   2   0  96],8,261,2,20,128,System Info,848674758,1740862071,585
1740862072851813310,[  2  73   0 128  20   2   0  96],8,261,2,20,128,System Info,851204654,1740862072,585
1740862073852381325,[  2  73   0 128  20   2   0  96],8,261,2,20,128,System Info,851697979,1740862073,585
1740862074860305470,[  2  73   0 128  20   2   0  96],8,261,2,20,128,System Info,860067512,1740862074,585
1740862075864863312,[  2  73   0 128  20   2   0  96],8,261,2,20,128,System Info,864569929,1740862075,585
1740862076860265128,[  2  73   0 128  20   2   0  96],8,261,2,20,128,System Info,859893918,1740862076,585
1740862077869862490,[  2  73   0 128  20   2   0  96],8,261,2,20,128,System Info,869551570,1740862077,585
1740862078870881441,[  2  73   0 128  20   2   0  96],8,261,2,20,128,System Info,870556697,1740862078,585
1740862079872593271,[  2  73   0 128  20   2   0  96],8,261,2,20,128,System Info,872282671,1740862079,585
1740862080881811507,[  2  73   0 128  20   2   0  96],8,261,2,20,128,System Info,881481898,1740862080,585
1740862081883884714,[  2  73   0 128  20   2   0  96],8,261,2,20,128,System Info,883394333,1740862081,585
1740862082885739416,[  2  73   0 128  20   2   0  96],8,261,2,20,128,System Info,885441040,1740862082,585
1740862083887349147,[  2  73   0 128  20   2   0  96],8,261,2,20,128,System Info,886902831,1740862083,585
1740862084892363862,[  2  73   0 128  20   2   0  96],8,261,2,20,128,System Info,892109071,1740862084,585
1740862085897195752,[  2  73   0 128  20   2   0  96],8,261,2,20,128,System Info,896880960,1740862085,585
1740862086900028832,[  2  73   0 128  20   2   0  96],8,261,2,20,128,System Info,899686743,1740862086,585
1740862087899365719,[  2  73   0 128  20   2   0  96],8,261,2,20,128,System Info,899042798,1740862087,585
1740862088900905252,[  2  73   0 128  20   2   0  96],8,261,2,20,128,System Info,900594588,1740862088,585
1740862089902606002,[  2  73   0 128  20   2   0  96],8,261,2,20,128,System Info,902270665,1740862089,585
1740862090905114482,[  2  73   0 128  20   2   0  96],8,261,2,20,128,System Info,904781193,1740862090,585
1740862091918508051,[  2  73   0 128  20   2   0  96],8,261,2,20,128,System Info,918152009,1740862091,585
1740862092913463904,[  2  73   0 128  20   2   0  96],8,261,2,20,128,System Info,913146392,1740862092,585
1740862093916976847,[  2  73   0 128  20   2   0  96],8,261,2,20,128,System Info,916564100,1740862093,585
1740862094918899696,[  2  73   0 128  20   2   0  96],8,261,2,20,128,System Info,918579207,1740862094,585
1740862095923750620,[  2  73   0 128  20   2   0  96],8,261,2,20,128,System Info,923360369,1740862095,585
1740862096929282613,[  2  73   0 128  20   2   0  96],8,261,2,20,128,System Info,928746695,1740862096,585
1740862097933780304,[  2  73   0 128  20   2   0  96],8,261,2,20,128,System Info,933447399,1740862097,585
1740862098936828703,[  2  73   0 128  20   2   0  96],8,261,2,20,128,System Info,936462005,1740862098,585
1740862099939061173,[  2  73   0 128  20   2   0  96],8,261,2,20,128,System Info,938692971,1740862099,585
1740862100944219254,[  2  73   0 128  20   2   0  96],8,261,2,20,128,System Info,943420768,1740862100,585
1740862101946815213,[  2  73   0 128  20   2   0  96],8,261,2,20,128,System Info,946607400,1740862101,585
1740862102949185147,[  2  73   0 128  20   2   0  96],8,261,2,20,128,System Info,948809649,1740862102,585
1740862103952193367,[  2  73   0 128  20   2   0  96],8,261,2,20,128,System Info,951901487,1740862103,585
1740862104956170792,[  2  73   0 128  20   2   0  96],8,261,2,20,128,System Info,955856448,1740862104,585
1740862105960084436,[  2  73   0 128  20   2   0  96],8,261,2,20,128,System Info,959691178,1740862105,585
1740862106961826531,[  2  73   0 128  20   2   0  96],8,261,2,20,128,System Info,961472857,1740862106,585
1740862107963755570,[  2  73   0 128  20   2   0  96],8,261,2,20,128,System Info,963313542,1740862107,585
1740862108966495283,[  2  73   0 128  20   2   0  96],8,261,2,20,128,System Info,966161130,1740862108,585
1740862109969996613,[  2  73   0 128  20   2   0  96],8,261,2,20,128,System Info,969703613,1740862109,585
1740862110973825724,[  2  73   0 128  20   2   0  96],8,261,2,20,128,System Info,973574965,1740862110,585
1740862111984450085,[  2  73   0 128  20   2   0  96],8,261,2,20,128,System Info,984111324,1740862111,585
1740862112985999384,[  2  73   0 128  20   2   0  96],8,261,2,20,128,System Info,985698960,1740862112,585
1740862113984487220,[  2  73   0 128  20   2   0  96],8,261,2,20,128,System Info,984180492,1740862113,585
1740862114986736178,[  2  73   0 128  20   2   0  96],8,261,2,20,128,System Info,986307719,1740862114,585
1740862115995991720,[  2  73   0 128  20   2   0  96],8,261,2,20,128,System Info,995598205,1740862115,585
1740862117000122001,[  2  73   0 128  20   2   0  96],8,261,2,20,128,System Info,999820200,1740862116,585
1740862118001489484,[  2  73   0 128  20   2   0  96],8,261,2,20,128,System Info,1160739,1740862118,585
1740862119002387446,[  2  73   0 128  20   2   0  96],8,261,2,20,128,System Info,2018540,1740862119,585
1740862120001503278,[  2  73   0 128  20   2   0  96],8,261,2,20,128,System Info,1147076,1740862120,585
1740862121011924592,[  2  73   0 128  20   2   0  96],8,261,2,20,128,System Info,11559270,1740862121,585
1740862122014316856,[  2  73   0 128  20   2   0  96],8,261,2,20,128,System Info,13978959,1740862122,585
1740862123014179576,[  2  73   0 128  20   2   0  96],8,261,2,20,128,System Info,13852783,1740862123,585
1740862124015807972,[  2  73   0 128  20   2   0  96],8,261,2,20,128,System Info,15435642,1740862124,585
1740862125026534656,[  2  73   0 128  20   2   0  96],8,261,2,20,128,System Info,26171990,1740862125,585
1740862126025246103,[  2  73   0 128  20   2   0  96],8,261,2,20,128,System Info,24949743,1740862126,585
1740862127034616967,[  2  73   0 128  20   2   0  96],8,261,2,20,128,System Info,34240925,1740862127,585
1740862128034288112,[  2  73   0 128  20   2   0  96],8,261,2,20,128,System Info,33783362,1740862128,585
1740862129033200929,[  2  73   0 128  20   2   0  96],8,261,2,20,128,System Info,32868728,1740862129,585
1740862130042528133,[  2  73   0 128  20   2   0  96],8,261,2,20,128,System Info,42066649,1740862130,585
1740862131041965693,[  2  73   0 128  20   2   0  96],8,261,2,20,128,System Info,41634708,1740862131,585
1740862132042913594,[  2  73   0 128  20   2   0  96],8,261,2,20,128,System Info,42473262,1740862132,585
1740862133054620723,[  2  73   0 128  20   2   0  96],8,261,2,20,128,System Info,54249769,1740862133,585
1740862134054466379,[  2  73   0 128  20   2   0  96],8,261,2,20,128,System Info,54032319,1740862134,585
1740862135054091770,[  2  73   0 128  20   2   0  96],8,261,2,20,128,System Info,53692847,1740862135,585
1740862136054758209,[  2  73   0 128  20   2   0  96],8,261,2,20,128,System Info,54218515,1740862136,585
1740862137065115015,[  2  73   0 128  20   2   0  96],8,261,2,20,128,System Info,64899650,1740862137,585
1740862138064957233,[  2  73   0 128  20   2   0  96],8,261,2,20,128,System Info,64769164,1740862138,585
1740862139073791144,[  2  73   0 128  20   2   0  96],8,261,2,20,128,System Info,73400541,1740862139,585
1740862140073362051,[  2  73   0 128  20   2   0  96],8,261,2,20,128,System Info,72707858,1740862140,585
1740862141073033310,[  2  73   0 128  20   2   0  96],8,261,2,20,128,System Info,72567282,1740862141,585
1740862142075082901,[  2  73   0 128  20   2   0  96],8,261,2,20,128,System Info,74589064,1740862142,585
1740862143085019931,[  2  73   0 128  20   2   0  96],8,261,2,20,128,System Info,84584431,1740862143,585
1740862144083486219,[  2  73   0 128  20   2   0  96],8,261,2,20,128,System Info,83129345,1740862144,585
1740862145093130722,[  2  73   0 128  20   2   0  96],8,261,2,20,128,System Info,92518545,1740862145,585
1740862146091459367,[  2  73   0 128  20   2   0  96],8,261,2,20,128,System Info,91057244,1740862146,585
1740862147093411434,[  2  73   0 128  20   2   0  96],8,261,2,20,128,System Info,93054272,1740862147,585
1740862148103630533,[  2  73   0 128  20   2   0  96],8,261,2,20,128,System Info,103221274,1740862148,585
1740862149101494900,[  2  73   0 128  20   2   0  96],8,261,2,20,128,System Info,101110506,1740862149,585
1740862150110901395,[  2  73   0 128  20   2   0  96],8,261,2,20,128,System Info,110421126,1740862150,585
1740862151111118074,[  2  73   0 128  20   2   0  96],8,261,2,20,128,System Info,110476200,1740862151,585
1740862152111760072,[  2  73   0 128  20   2   0  96],8,261,2,20,128,System Info,111355005,1740862152,585
1740862153120329158,[  2  73   0 128  20   2   0  96],8,261,2,20,128,System Info,119911675,1740862153,585
1740862154114792873,[  2  73   0 128  20   2   0  96],8,261,2,20,128,System Info,114533410,1740862154,585
1740862155118551360,[  2  73   0 128  20   2   0  96],8,261,2,20,128,System Info,118146773,1740862155,585
1740862156122573787,[  2  73   0 128  20   2   0  96],8,261,2,20,128,System Info,122164464,1740862156,585
1740862157126512528,[  2  73   0 128  20   2   0  96],8,261,2,20,128,System Info,126180775,1740862157,585
1740862158131324889,[  2  73   0 128  20   2   0  96],8,261,2,20,128,System Info,131027281,1740862158,585
1740862159132744068,[  2  73   0 128  20   2   0  96],8,261,2,20,128,System Info,132409947,1740862159,585
1740862160136476329,[  2  73   0 128  20   2   0  96],8,261,2,20,128,System Info,136277412,1740862160,585
1740862161139017067,[  2  73   0 128  20   2   0  96],8,261,2,20,128,System Info,138667426,1740862161,585
1740862162142361408,[  2  73   0 128  20   2   0  96],8,261,2,20,128,System Info,141922228,1740862162,585
1740862163153135286,[  2  73   0 128  20   2   0  96],8,261,2,20,128,System Info,152785581,1740862163,585
1740862164154345387,[  2  73   0 128  20   2   0  96],8,261,2,20,128,System Info,154055011,1740862164,585
1740862165155969063,[  2  73   0 128  20   2   0  96],8,261,2,20,128,System Info,155639998,1740862165,585
1740862166159542772,[  2  73   0 128  20   2   0  96],8,261,2,20,128,System Info,158671645,1740862166,585
1740862167163022267,[  2  73   0 128  20   2   0  96],8,261,2,20,128,System Info,162690098,1740862167,585
1740862168166209847,[  2  73   0 128  20   2   0  96],8,261,2,20,128,System Info,165875214,1740862168,585
1740862169164867959,[  2  73   0 128  20   2   0  96],8,261,2,20,128,System Info,164554990,1740862169,585
1740862170169804538,[  2  73   0 128  20   2   0  96],8,261,2,20,128,System Info,169490706,1740862170,585
1740862171174220877,[  2  73   0 128  20   2   0  96],8,261,2,20,128,System Info,173902916,1740862171,585
1740862172178365909,[  2  73   0 128  20   2   0  96],8,261,2,20,128,System Info,178004363,1740862172,585
1740862173180383905,[  2  73   0 128  20   2   0  96],8,261,2,20,128,System Info,179999607,1740862173,585
1740862174184572163,[  2  73   0 128  20   2   0  96],8,261,2,20,128,System Info,184246651,1740862174,585
1740862175188929639,[  2  73   0 128  20   2   0  96],8,261,2,20,128,System Info,188613630,1740862175,585
1740862176193219269,[  2  73   0 128  20   2   0  96],8,261,2,20,128,System Info,192879740,1740862176,585
1740862177199450676,[  2  73   0 128  20   2   0  96],8,261,2,20,128,System Info,199158348,1740862177,585
1740862178204735334,[  2  73   0 128  20   2   0  96],8,261,2,20,128,System Info,204133174,1740862178,585
1740862179204045463,[  2  73   0 128  20   2   0  96],8,261,2,20,128,System Info,203708206,1740862179,585
1740862180205297720,[  2  73   0 128  20   2   0  96],8,261,2,20,128,System Info,204995248,1740862180,585
1740862181206462323,[  2  73   0 128  20   2   0  96],8,261,2,20,128,System Info,206189675,1740862181,585
1740862182212570542,[  2  73   0 128  20   2   0  96],8,261,2,20,128,System Info,212234373,1740862182,585
1740862183216763699,[  2  73   0 128  20   2   0  96],8,261,2,20,128,System Info,216423466,1740862183,585
1740862184218225740,[  2  73   0 128  20   2   0  96],8,261,2,20,128,System Info,217924292,1740862184,585
1740862185222881847,[  2  73   0 128  20   2   0  96],8,261,2,20,128,System Info,222501325,1740862185,585
1740862186220953776,[  2  73   0 128  20   2   0  96],8,261,2,20,128,System Info,220496068,1740862186,585
1740862187225250570,[  2  73   0 128  20   2   0  96],8,261,2,20,128,System Info,224838624,1740862187,585
1740862188235578914,[  2  73   0 128  20   2   0  96],8,261,2,20,128,System Info,235334300,1740862188,585
1740862189232992576,[  2  73   0 128  20   2   0  96],8,261,2,20,128,System Info,232580981,1740862189,585
1740862190243008937,[  2  73   0 128  20   2   0  96],8,261,2,20,128,System Info,242473274,1740862190,585
1740862191243822202,[  2  73   0 128  20   2   0  96],8,261,2,20,128,System Info,243276396,1740862191,585
1740862192245482943,[  2  73   0 128  20   2   0  96],8,261,2,20,128,System Info,245026611,1740862192,585
1740862193245907616,[  2  73   0 128  20   2   0  96],8,261,2,20,128,System Info,245566103,1740862193,585
1740862194253618815,[  2  73   0 128  20   2   0  96],8,261,2,20,128,System Info,253267477,1740862194,585
1740862195250732801,[  2  73   0 128  20   2   0  96],8,261,2,20,128,System Info,250424825,1740862195,585
1740862196258997288,[  2  73   0 128  20   2   0  96],8,261,2,20,128,System Info,258444410,1740862196,585
1740862197262466957,[  2  73   0 128  20   2   0  96],8,261,2,20,128,System Info,262176198,1740862197,585
1740862198262221005,[  2  73   0 128  20   2   0  96],8,261,2,20,128,System Info,261780545,1740862198,585
1740862199272442142,[  2  73   0 128  20   2   0  96],8,261,2,20,128,System Info,271845678,1740862199,585
1740862200271705482,[  2  73   0 128  20   2   0  96],8,261,2,20,128,System Info,271331808,1740862200,585
1740862201271637957,[  2  73   0 128  20   2   0  96],8,261,2,20,128,System Info,271146424,1740862201,585
1740862202282610112,[  2  73   0 128  20   2   0  96],8,261,2,20,128,System Info,282222774,1740862202,585
1740862203282117385,[  2  73   0 128  20   2   0  96],8,261,2,20,128,System Info,281724895,1740862203,585
1740862204289994605,[  2  73   0 128  20   2   0  96],8,261,2,20,128,System Info,289546209,1740862204,585
1740862205290560428,[  2  73   0 128  20   2   0  96],8,261,2,20,128,System Info,290205218,1740862205,585
1740862206290454774,[  2  73   0 128  20   2   0  96],8,261,2,20,128,System Info,289915912,1740862206,585
1740862207291260245,[  2  73   0 128  20   2   0  96],8,261,2,20,128,System Info,290818185,1740862207,585
1740862208302382722,[  2  73   0 128  20   2   0  96],8,261,2,20,128,System Info,302043897,1740862208,585
1740862209304797477,[  2  73   0 128  20   2   0  96],8,261,2,20,128,System Info,304326521,1740862209,585
1740862210305227761,[  2  73   0 128  20   2   0  96],8,261,2,20,128,System Info,304795142,1740862210,585
1740862211307386344,[  2  73   0 128  20   2   0  96],8,261,2,20,128,System Info,306809080,1740862211,585
1740862212310738747,[  2  73   0 128  20   2   0  96],8,261,2,20,128,System Info,310084137,1740862212,585
1740862213314848095,[  2  73   0 128  20   2   0  96],8,261,2,20,128,System Info,314407539,1740862213,585
1740862214315228541,[  2  73   0 128  20   2   0  96],8,261,2,20,128,System Info,314750288,1740862214,585
1740862215326546937,[  2  73   0 128  20   2   0  96],8,261,2,20,128,System Info,326166671,1740862215,585
1740862216329522934,[  2  73   0 128  20   2   0  96],8,261,2,20,128,System Info,328797475,1740862216,585
1740862217331140140,[  2  73   0 128  20   2   0  96],8,261,2,20,128,System Info,330662559,1740862217,585
1740862218333054183,[  2  73   0 128  20   2   0  96],8,261,2,20,128,System Info,332546425,1740862218,585
1740862219335112322,[  2  73   0 128  20   2   0  96],8,261,2,20,128,System Info,334660950,1740862219,585
1740862220336596907,[  2  73   0 128  20   2   0  96],8,261,2,20,128,System Info,336164384,1740862220,585
1740862221336956308,[  2  73   0 128  20   2   0  96],8,261,2,20,128,System Info,336402469,1740862221,585
1740862222341114814,[  2  73   0 128  20   2   0  96],8,261,2,20,128,System Info,340441772,1740862222,585
1740862223351843506,[  2  73   0 128  20   2   0  96],8,261,2,20,128,System Info,351509641,1740862223,585
1740862224354258248,[  2  73   0 128  20   2   0  96],8,261,2,20,128,System Info,353818684,1740862224,585
1740862225358962999,[  2  73   0 128  20   2   0  96],8,261,2,20,128,System Info,358543660,1740862225,585
1740862226353966467,[  2  73   0 128  20   2   0  96],8,261,2,20,128,System Info,353524600,1740862226,585
1740862230686832378,[  2  73   0 128  20   2   0  96],8,261,2,20,128,System Info,686438256,1740862230,585
1740862231697772059,[  2  73   0 128  20   2   0  96],8,261,2,20,128,System Info,697405362,1740862231,585
1740862232701684896,[  2  73   0 128  20   2   0  96],8,261,2,20,128,System Info,701335351,1740862232,585
1740862233701113739,[  2  73   0 128  20   2   0  96],8,261,2,20,128,System Info,700740769,1740862233,585
1740862234701653265,[  2  73   0 128  20   2   0  96],8,261,2,20,128,System Info,701218949,1740862234,585
1740862235712830252,[  2  73   0 128  20   2   0  96],8,261,2,20,128,System Info,712316735,1740862235,585
1740862236714298053,[  2  73   0 128  20   2   0  96],8,261,2,20,128,System Info,713904154,1740862236,585
1740862237715380560,[  2  73   0 128  20   2   0  96],8,261,2,20,128,System Info,714944004,1740862237,585
1740862238716944293,[  2  73   0 128  20   2   0  96],8,261,2,20,128,System Info,716562907,1740862238,585
1740862239727292191,[  2  73   0 128  20   2   0  96],8,261,2,20,128,System Info,726601100,1740862239,585
1740862240728526693,[  2  73   0 128  20   2   0  96],8,261,2,20,128,System Info,728091834,1740862240,585
1740862241730230645,[  2  73   0 128  20   2   0  96],8,261,2,20,128,System Info,729794058,1740862241,585
1740862242732685814,[  2  73   0 128  20   2   0  96],8,261,2,20,128,System Info,732251723,1740862242,585
1740862243732041154,[  2  73   0 128  20   2   0  96],8,261,2,20,128,System Info,731700249,1740862243,585
1740862244742185000,[  2  73   0 128  20   2   0  96],8,261,2,20,128,System Info,741582968,1740862244,585
1740862245742801264,[  2  73   0 128  20   2   0  96],8,261,2,20,128,System Info,742285538,1740862245,585
1740862246744725175,[  2  73   0 128  20   2   0  96],8,261,2,20,128,System Info,744230986,1740862246,585
1740862247747593941,[  2  73   0 128  20   2   0  96],8,261,2,20,128,System Info,747242155,1740862247,585
1740862248747163096,[  2  73   0 128  20   2   0  96],8,261,2,20,128,System Info,746730317,1740862248,585
1740862249758613394,[  2  73   0 128  20   2   0  96],8,261,2,20,128,System Info,757829790,1740862249,585
1740862250759148874,[  2  73   0 128  20   2   0  96],8,261,2,20,128,System Info,758440183,1740862250,585
1740862251759259379,[  2  73   0 128  20   2   0  96],8,261,2,20,128,System Info,758773222,1740862251,585
1740862252761701367,[  2  73   0 128  20   2   0  96],8,261,2,20,128,System Info,761242891,1740862252,585
1740862253772617239,[  2  73   0 128  20   2   0  96],8,261,2,20,128,System Info,772183340,1740862253,585
1740862254776008398,[  2  73   0 128  20   2   0  96],8,261,2,20,128,System Info,774609129,1740862254,585
1740862255778598446,[  2  73   0 128  20   2   0  96],8,261,2,20,128,System Info,778197123,1740862255,585
1740862256780109198,[  2  73   0 128  20   2   0  96],8,261,2,20,128,System Info,779705379,1740862256,585
1740862257782092343,[  2  73   0 128  20   2   0  96],8,261,2,20,128,System Info,781551977,1740862257,585
1740862258781675359,[  2  73   0 128  20   2   0  96],8,261,2,20,128,System Info,781362135,1740862258,585
1740862259790586586,[  2  73   0 128  20   2   0  96],8,261,2,20,128,System Info,790257681,1740862259,585
1740862260791770502,[  2  73   0 128  20   2   0  96],8,261,2,20,128,System Info,791090356,1740862260,585
1740862261795277261,[  2  73   0 128  20   2   0  96],8,261,2,20,128,System Info,794938180,1740862261,585
1740862262798416359,[  2  73   0 128  20   2   0  96],8,261,2,20,128,System Info,797812215,1740862262,585
1740862263800821803,[  2  73   0 128  20   2   0  96],8,261,2,20,128,System Info,800350783,1740862263,585
1740862264802288148,[  2  73   0 128  20   2   0  96],8,261,2,20,128,System Info,801927434,1740862264,585
1740862265813676478,[  2  73   0 128  20   2   0  96],8,261,2,20,128,System Info,812958379,1740862265,585
1740862266814394126,[  2  73   0 128  20   2   0  96],8,261,2,20,128,System Info,814060677,1740862266,585
1740862267816752102,[  2  73   0 128  20   2   0  96],8,261,2,20,128,System Info,816260601,1740862267,585
1740862268815961992,[  2  73   0 128  20   2   0  96],8,261,2,20,128,System Info,815552797,1740862268,585
1740862269825461942,[  2  73   0 128  20   2   0  96],8,261,2,20,128,System Info,824970153,1740862269,585
1740862270826861388,[  2  73   0 128  20   2   0  96],8,261,2,20,128,System Info,826540004,1740862270,585
1740862271828627690,[  2  73   0 128  20   2   0  96],8,261,2,20,128,System Info,828195870,1740862271,585
1740862272829826869,[  2  73   0 128  20   2   0  96],8,261,2,20,128,System Info,829437003,1740862272,585
1740862273833943275,[  2  73   0 128  20   2   0  96],8,261,2,20,128,System Info,833444190,1740862273,585
1740862274834546593,[  2  73   0 128  20   2   0  96],8,261,2,20,128,System Info,834169367,1740862274,585
1740862275836520249,[  2  73   0 128  20   2   0  96],8,261,2,20,128,System Info,835944074,1740862275,585
1740862276847729665,[  2  73   0 128  20   2   0  96],8,261,2,20,128,System Info,847135249,1740862276,585
1740862277850281443,[  2  73   0 128  20   2   0  96],8,261,2,20,128,System Info,849827543,1740862277,585
1740862278853585365,[  2  73   0 128  20   2   0  96],8,261,2,20,128,System Info,853153418,1740862278,585
1740862279854958226,[  2  73   0 128  20   2   0  96],8,261,2,20,128,System Info,854550088,1740862279,585
1740862280857159939,[  2  73   0 128  20   2   0  96],8,261,2,20,128,System Info,856590644,1740862280,585
1740862281859899615,[  2  73   0 128  20   2   0  96],8,261,2,20,128,System Info,859214093,1740862281,585
1740862282859933521,[  2  73   0 128  20   2   0  96],8,261,2,20,128,System Info,859431651,1740862282,585
1740862283869382551,[  2  73   0 128  20   2   0  96],8,261,2,20,128,System Info,868913995,1740862283,585
1740862284873427405,[  2  73   0 128  20   2   0  96],8,261,2,20,128,System Info,872978561,1740862284,585
1740862285870047390,[  2  73   0 128  20   2   0  96],8,261,2,20,128,System Info,869716373,1740862285,585
1740862286875169003,[  2  73   0 128  20   2   0  96],8,261,2,20,128,System Info,874456280,1740862286,585
1740862287879248474,[  2  73   0 128  20   2   0  96],8,261,2,20,128,System Info,878866224,1740862287,585
1740862288881058442,[  2  73   0 128  20   2   0  96],8,261,2,20,128,System Info,880631007,1740862288,585
1740862289882928922,[  2  73   0 128  20   2   0  96],8,261,2,20,128,System Info,882496399,1740862289,585
1740862290894157117,[  2  73   0 128  20   2   0  96],8,261,2,20,128,System Info,893655408,1740862290,585
1740862291896509556,[  2  73   0 128  20   2   0  96],8,261,2,20,128,System Info,895878339,1740862291,585
1740862292898341851,[  2  73   0 128  20   2   0  96],8,261,2,20,128,System Info,897893551,1740862292,585
1740862293900764558,[  2  73   0 128  20   2   0  96],8,261,2,20,128,System Info,900274689,1740862293,585
1740862294901316366,[  2  73   0 128  20   2   0  96],8,261,2,20,128,System Info,900841986,1740862294,585
1740862295912764521,[  2  73   0 128  20   2   0  96],8,261,2,20,128,System Info,912438593,1740862295,585
1740862296913718831,[  2  73   0 128  20   2   0  96],8,261,2,20,128,System Info,913276899,1740862296,585
1740862297914214310,[  2  73   0 128  20   2   0  96],8,261,2,20,128,System Info,913760218,1740862297,585
1740862298915374443,[  2  73   0 128  20   2   0  96],8,261,2,20,128,System Info,914942368,1740862298,585
1740862299924919434,[  2  73   0 128  20   2   0  96],8,261,2,20,128,System Info,924393788,1740862299,585
1740862300924534402,[  2  73   0 128  20   2   0  96],8,261,2,20,128,System Info,923829679,1740862300,585
1740862301928136192,[  2  73   0 128  20   2   0  96],8,261,2,20,128,System Info,927441069,1740862301,585
1740862302927871638,[  2  73   0 128  20   2   0  96],8,261,2,20,128,System Info,927337704,1740862302,585
1740862303937407754,[  2  73   0 128  20   2   0  96],8,261,2,20,128,System Info,936983391,1740862303,585
1740862304937084345,[  2  73   0 128  20   2   0  96],8,261,2,20,128,System Info,936439944,1740862304,585
1740862305940318947,[  2  73   0 128  20   2   0  96],8,261,2,20,128,System Info,939487149,1740862305,585
1740862306944698120,[  2  73   0 128  20   2   0  96],8,261,2,20,128,System Info,944157658,1740862306,585
1740862307947754056,[  2  73   0 128  20   2   0  96],8,261,2,20,128,System Info,947287100,1740862307,585
1740862308948287844,[  2  73   0 128  20   2   0  96],8,261,2,20,128,System Info,947829336,1740862308,585
1740862309957914443,[  2  73   0 128  20   2   0  96],8,261,2,20,128,System Info,957505312,1740862309,585
1740862310953871498,[  2  73   0 128  20   2   0  96],8,261,2,20,128,System Info,953184472,1740862310,585
1740862311965017395,[  2  73   0 128  20   2   0  96],8,261,2,20,128,System Info,964554055,1740862311,585
1740862312966136980,[  2  73   0 128  20   2   0  96],8,261,2,20,128,System Info,965633063,1740862312,585
1740862313968742393,[  2  73   0 128  20   2   0  96],8,261,2,20,128,System Info,968289741,1740862313,585
1740862314970396643,[  2  73   0 128  20   2   0  96],8,261,2,20,128,System Info,969909366,1740862314,585
1740862315971782851,[  2  73   0 128  20   2   0  96],8,261,2,20,128,System Info,971095345,1740862315,585
1740862316975077971,[  2  73   0 128  20   2   0  96],8,261,2,20,128,System Info,974595014,1740862316,585
1740862317976821720,[  2  73   0 128  20   2   0  96],8,261,2,20,128,System Info,976385516,1740862317,585
1740862318987915278,[  2  73   0 128  20   2   0  96],8,261,2,20,128,System Info,987505220,1740862318,585
1740862319987829214,[  2  73   0 128  20   2   0  96],8,261,2,20,128,System Info,987379730,1740862319,585
1740862320988792871,[  2  73   0 128  20   2   0  96],8,261,2,20,128,System Info,988127413,1740862320,585
1740862321989845167,[  2  73   0 128  20   2   0  96],8,261,2,20,128,System Info,989495590,1740862321,585
1740862323001042527,[  2  73   0 128  20   2   0  96],8,261,2,20,128,System Info,607859,1740862323,585
1740862324002775764,[  2  73   0 128  20   2   0  96],8,261,2,20,128,System Info,2334536,1740862324,585
1740862325003624496,[  2  73   0 128  20   2   0  96],8,261,2,20,128,System Info,3076065,1740862325,585
1740862326006599201,[  2  73   0 128  20   2   0  96],8,261,2,20,128,System Info,6143925,1740862326,585
1740862327014309931,[  2  73   0 128  20   2   0  96],8,261,2,20,128,System Info,13782557,1740862327,585
1740862328015829649,[  2  73   0 128  20   2   0  96],8,261,2,20,128,System Info,15416614,1740862328,585
1740862329014581164,[  2  73   0 128  20   2   0  96],8,261,2,20,128,System Info,14239523,1740862329,585
1740862330015527358,[  2  73   0 128  20   2   0  96],8,261,2,20,128,System Info,15082323,1740862330,585
1740862331028814225,[  2  73   0 128  20   2   0  96],8,261,2,20,128,System Info,28225793,1740862331,585
1740862332030887227,[  2  73   0 128  20   2   0  96],8,261,2,20,128,System Info,30393038,1740862332,585
1740862333032439094,[  2  73   0 128  20   2   0  96],8,261,2,20,128,System Info,31968874,1740862333,585
1740862334033435296,[  2  73   0 128  20   2   0  96],8,261,2,20,128,System Info,33006037,1740862334,585
1740862335032434931,[  2  73   0 128  20   2   0  96],8,261,2,20,128,System Info,31951206,1740862335,585
1740862336043415357,[  2  73   0 128  20   2   0  96],8,261,2,20,128,System Info,43013650,1740862336,585
1740862337045939431,[  2  73   0 128  20   2   0  96],8,261,2,20,128,System Info,45333399,1740862337,585
1740862338048102022,[  2  73   0 128  20   2   0  96],8,261,2,20,128,System Info,47580024,1740862338,585
1740862339048124170,[  2  73   0 128  20   2   0  96],8,261,2,20,128,System Info,47698367,1740862339,585
1740862340048771836,[  2  73   0 128  20   2   0  96],8,261,2,20,128,System Info,48357329,1740862340,585
1740862341061399685,[  2  73   0 128  20   2   0  96],8,261,2,20,128,System Info,60867735,1740862341,585
1740862342062348634,[  2  73   0 128  20   2   0  96],8,261,2,20,128,System Info,61946640,1740862342,585
1740862343060930703,[  2  73   0 128  20   2   0  96],8,261,2,20,128,System Info,60155099,1740862343,585
1740862344071419315,[  2  73   0 128  20   2   0  96],8,261,2,20,128,System Info,70846870,1740862344,585
1740862345073152788,[  2  73   0 128  20   2   0  96],8,261,2,20,128,System Info,72679260,1740862345,585
1740862346076642531,[  2  73   0 128  20   2   0  96],8,261,2,20,128,System Info,76161610,1740862346,585
1740862347079972030,[  2  73   0 128  20   2   0  96],8,261,2,20,128,System Info,79530504,1740862347,585
1740862348080921013,[  2  73   0 128  20   2   0  96],8,261,2,20,128,System Info,80432956,1740862348,585
1740862349082383034,[  2  73   0 128  20   2   0  96],8,261,2,20,128,System Info,81974278,1740862349,585
1740862350083435456,[  2  73   0 128  20   2   0  96],8,261,2,20,128,System Info,82930246,1740862350,585
1740862351094718564,[  2  73   0 128  20   2   0  96],8,261,2,20,128,System Info,94108132,1740862351,585
1740862352098333877,[  2  73   0 128  20   2   0  96],8,261,2,20,128,System Info,97952418,1740862352,585
1740862353099793999,[  2  73   0 128  20   2   0  96],8,261,2,20,128,System Info,99358488,1740862353,585
1740862354102367766,[  2  73   0 128  20   2   0  96],8,261,2,20,128,System Info,101919871,1740862354,585
1740862355103535947,[  2  73   0 128  20   2   0  96],8,261,2,20,128,System Info,103147127,1740862355,585
1740862356105452251,[  2  73   0 128  20   2   0  96],8,261,2,20,128,System Info,104484842,1740862356,585
1740862357106263017,[  2  73   0 128  20   2   0  96],8,261,2,20,128,System Info,105962010,1740862357,585
1740862358114599498,[  2  73   0 128  20   2   0  96],8,261,2,20,128,System Info,113977994,1740862358,585
1740862359113953561,[  2  73   0 128  20   2   0  96],8,261,2,20,128,System Info,113519363,1740862359,585
1740862360124030269,[  2  73   0 128  20   2   0  96],8,261,2,20,128,System Info,123733870,1740862360,585
1740862361126750241,[  2  73   0 128  20   2   0  96],8,261,2,20,128,System Info,126399440,1740862361,585
1740862362127168872,[  2  73   0 128  20   2   0  96],8,261,2,20,128,System Info,126699216,1740862362,585
1740862363128538645,[  2  73   0 128  20   2   0  96],8,261,2,20,128,System Info,128255111,1740862363,585
1740862364130258185,[  2  73   0 128  20   2   0  96],8,261,2,20,128,System Info,129656331,1740862364,585
1740862365141965163,[  2  73   0 128  20   2   0  96],8,261,2,20,128,System Info,141586007,1740862365,585
1740862366144078687,[  2  73   0 128  20   2   0  96],8,261,2,20,128,System Info,143511874,1740862366,585
1740862367139277070,[  2  73   0 128  20   2   0  96],8,261,2,20,128,System Info,138795478,1740862367,585
1740862368149675599,[  2  73   0 128  20   2   0  96],8,261,2,20,128,System Info,149233081,1740862368,585
1740862369149414351,[  2  73   0 128  20   2   0  96],8,261,2,20,128,System Info,149097695,1740862369,585
1740862370150901022,[  2  73   0 128  20   2   0  96],8,261,2,20,128,System Info,150454408,1740862370,585
1740862371162156140,[  2  73   0 128  20   2   0  96],8,261,2,20,128,System Info,161725015,1740862371,585
1740862372164714718,[  2  73   0 128  20   2   0  96],8,261,2,20,128,System Info,164217029,1740862372,585
1740862373165686966,[  2  73   0 128  20   2   0  96],8,261,2,20,128,System Info,165252769,1740862373,585
1740862374167210369,[  2  73   0 128  20   2   0  96],8,261,2,20,128,System Info,166783436,1740862374,585
1740862375169810905,[  2  73   0 128  20   2   0  96],8,261,2,20,128,System Info,169460392,1740862375,585
1740862376173539233,[  2  73   0 128  20   2   0  96],8,261,2,20,128,System Info,173041800,1740862376,585
1740862377176913197,[  2  73   0 128  20   2   0  96],8,261,2,20,128,System Info,176458166,1740862377,585
1740862378179133015,[  2  73   0 128  20   2   0  96],8,261,2,20,128,System Info,178700354,1740862378,585
1740862379181076523,[  2  73   0 128  20   2   0  96],8,261,2,20,128,System Info,180533648,1740862379,585
1740862380192260833,[  2  73   0 128  20   2   0  96],8,261,2,20,128,System Info,191892815,1740862380,585
1740862381187472437,[  2  73   0 128  20   2   0  96],8,261,2,20,128,System Info,187155589,1740862381,585
1740862382191187174,[  2  73   0 128  20   2   0  96],8,261,2,20,128,System Info,190708463,1740862382,585
1740862383193957665,[  2  73   0 128  20   2   0  96],8,261,2,20,128,System Info,193510859,1740862383,585
1740862384204423888,[  2  73   0 128  20   2   0  96],8,261,2,20,128,System Info,204047901,1740862384,585
1740862385206086115,[  2  73   0 128  20   2   0  96],8,261,2,20,128,System Info,205700687,1740862385,585
1740862386208643385,[  2  73   0 128  20   2   0  96],8,261,2,20,128,System Info,208249478,1740862386,585
1740862387209265544,[  2  73   0 128  20   2   0  96],8,261,2,20,128,System Info,208814418,1740862387,585
1740862388210998694,[  2  73   0 128  20   2   0  96],8,261,2,20,128,System Info,210468812,1740862388,585
1740862389220849132,[  2  73   0 128  20   2   0  96],8,261,2,20,128,System Info,220425111,1740862389,585
1740862390222575322,[  2  73   0 128  20   2   0  96],8,261,2,20,128,System Info,222106659,1740862390,585
1740862391227322644,[  2  73   0 128  20   2   0  96],8,261,2,20,128,System Info,226641363,1740862391,585
1740862392230214731,[  2  73   0 128  20   2   0  96],8,261,2,20,128,System Info,229680817,1740862392,585
1740862393232986773,[  2  73   0 128  20   2   0  96],8,261,2,20,128,System Info,232450939,1740862393,585
1740862394235107351,[  2  73   0 128  20   2   0  96],8,261,2,20,128,System Info,234642656,1740862394,585
1740862395236457740,[  2  73   0 128  20   2   0  96],8,261,2,20,128,System Info,236012406,1740862395,585
1740862396238393718,[  2  73   0 128  20   2   0  96],8,261,2,20,128,System Info,237874269,1740862396,585
1740862397249427959,[  2  73   0 128  20   2   0  96],8,261,2,20,128,System Info,248829050,1740862397,585
1740862398251184713,[  2  73   0 128  20   2   0  96],8,261,2,20,128,System Info,250527977,1740862398,585
1740862399251545808,[  2  73   0 128  20   2   0  96],8,261,2,20,128,System Info,250867695,1740862399,585
1740862400252014774,[  2  73   0 128  20   2   0  96],8,261,2,20,128,System Info,251572480,1740862400,585
1740862401256261101,[  2  73   0 128  20   2   0  96],8,261,2,20,128,System Info,255851033,1740862401,585
1740862402258270159,[  2  73   0 128  20   2   0  96],8,261,2,20,128,System Info,257919326,1740862402,585
1740862403261379009,[  2  73   0 128  20   2   0  96],8,261,2,20,128,System Info,260917642,1740862403,585
1740862404263433816,[  2  73   0 128  20   2   0  96],8,261,2,20,128,System Info,262968194,1740862404,585
1740862405267151130,[  2  73   0 128  20   2   0  96],8,261,2,20,128,System Info,266631584,1740862405,585
1740862406277227786,[  2  73   0 128  20   2   0  96],8,261,2,20,128,System Info,276751955,1740862406,585
1740862407278397986,[  2  73   0 128  20   2   0  96],8,261,2,20,128,System Info,277889129,1740862407,585
1740862408280922646,[  2  73   0 128  20   2   0  96],8,261,2,20,128,System Info,280416765,1740862408,585
1740862409281697198,[  2  73   0 128  20   2   0  96],8,261,2,20,128,System Info,280492211,1740862409,585
1740862410292481477,[  2  73   0 128  20   2   0  96],8,261,2,20,128,System Info,292061201,1740862410,585
1740862411288531851,[  2  73   0 128  20   2   0  96],8,261,2,20,128,System Info,287998385,1740862411,585
1740862412292049301,[  2  73   0 128  20   2   0  96],8,261,2,20,128,System Info,291506011,1740862412,585
1740862413292995389,[  2  73   0 128  20   2   0  96],8,261,2,20,128,System Info,292537255,1740862413,585
1740862414302581152,[  2  73   0 128  20   2   0  96],8,261,2,20,128,System Info,301910464,1740862414,585
1740862415305365525,[  2  73   0 128  20   2   0  96],8,261,2,20,128,System Info,304926111,1740862415,585
1740862416307321563,[  2  73   0 128  20   2   0  96],8,261,2,20,128,System Info,306878758,1740862416,585
1740862417311772180,[  2  73   0 128  20   2   0  96],8,261,2,20,128,System Info,311172407,1740862417,585
1740862418313418496,[  2  73   0 128  20   2   0  96],8,261,2,20,128,System Info,312965034,1740862418,585
1740862419314949632,[  2  73   0 128  20   2   0  96],8,261,2,20,128,System Info,314599887,1740862419,585
1740862420316768521,[  2  73   0 128  20   2   0  96],8,261,2,20,128,System Info,316304403,1740862420,585
1740862421327489881,[  2  73   0 128  20   2   0  96],8,261,2,20,128,System Info,327041987,1740862421,585
1740862422331061707,[  2  73   0 128  20   2   0  96],8,261,2,20,128,System Info,330679352,1740862422,585
1740862423334212675,[  2  73   0 128  20   2   0  96],8,261,2,20,128,System Info,333814256,1740862423,585
1740862424337047334,[  2  73   0 128  20   2   0  96],8,261,2,20,128,System Info,336438537,1740862424,585
1740862425337442352,[  2  73   0 128  20   2   0  96],8,261,2,20,128,System Info,336976473,1740862425,585
1740862426340392078,[  2  73   0 128  20   2   0  96],8,261,2,20,128,System Info,339560966,1740862426,585
1740862427343044378,[  2  73   0 128  20   2   0  96],8,261,2,20,128,System Info,342573027,1740862427,585
1740862428345418706,[  2  73   0 128  20   2   0  96],8,261,2,20,128,System Info,344905626,1740862428,585
1740862429346515369,[  2  73   0 128  20   2   0  96],8,261,2,20,128,System Info,345944462,1740862429,585
1740862430358223223,[  2  73   0 128  20   2   0  96],8,261,2,20,128,System Info,357862213,1740862430,585
1740862431362704229,[  2  73   0 128  20   2   0  96],8,261,2,20,128,System Info,361989219,1740862431,585
1740862432364193952,[  2  73   0 128  20   2   0  96],8,261,2,20,128,System Info,363753707,1740862432,585
1740862433361368297,[  2  73   0 128  20   2   0  96],8,261,2,20,128,System Info,360981110,1740862433,585
1740862434364329121,[  2  73   0 128  20   2   0  96],8,261,2,20,128,System Info,363820361,1740862434,585
1740862435375660803,[  2  73   0 128  20   2   0  96],8,261,2,20,128,System Info,375012708,1740862435,585
1740862436371165295,[  2  73   0 128  20   2   0  96],8,261,2,20,128,System Info,370551794,1740862436,585
1740862437382187097,[  2  73   0 128  20   2   0  96],8,261,2,20,128,System Info,381769989,1740862437,585
1740862438386165327,[  2  73   0 128  20   2   0  96],8,261,2,20,128,System Info,385863841,1740862438,585
1740862439389246839,[  2  73   0 128  20   2   0  96],8,261,2,20,128,System Info,388817475,1740862439,585
1740862440390363517,[  2  73   0 128  20   2   0  96],8,261,2,20,128,System Info,389905831,1740862440,585
1740862441391014185,[  2  73   0 128  20   2   0  96],8,261,2,20,128,System Info,390572276,1740862441,585
1740862442391589326,[  2  73   0 128  20   2   0  96],8,261,2,20,128,System Info,391161626,1740862442,585
1740862443402551706,[  2  73   0 128  20   2   0  96],8,261,2,20,128,System Info,402162312,1740862443,585
1740862444402610334,[  2  73   0 128  20   2   0  96],8,261,2,20,128,System Info,402151657,1740862444,585
1740862445405846229,[  2  73   0 128  20   2   0  96],8,261,2,20,128,System Info,405404640,1740862445,585
1740862446405536929,[  2  73   0 128  20   2   0  96],8,261,2,20,128,System Info,405049706,1740862446,585
1740862447409118720,[  2  73   0 128  20   2   0  96],8,261,2,20,128,System Info,408574663,1740862447,585
1740862448410854725,[  2  73   0 128  20   2   0  96],8,261,2,20,128,System Info,410334797,1740862448,585
1740862449422056453,[  2  73   0 128  20   2   0  96],8,261,2,20,128,System Info,421610992,1740862449,585
1740862450425155491,[  2  73   0 128  20   2   0  96],8,261,2,20,128,System Info,424398079,1740862450,585
1740862451428393124,[  2  73   0 128  20   2   0  96],8,261,2,20,128,System Info,427967248,1740862451,585
1740862452430238720,[  2  73   0 128  20   2   0  96],8,261,2,20,128,System Info,429448475,1740862452,585
1740862453429530849,[  2  73   0 128  20   2   0  96],8,261,2,20,128,System Info,429056843,1740862453,585
1740862454431911440,[  2  73   0 128  20   2   0  96],8,261,2,20,128,System Info,431534302,1740862454,585
1740862455435418801,[  2  73   0 128  20   2   0  96],8,261,2,20,128,System Info,435087521,1740862455,585
1740862456446544211,[  2  73   0 128  20   2   0  96],8,261,2,20,128,System Info,446042940,1740862456,585
1740862457449257992,[  2  73   0 128  20   2   0  96],8,261,2,20,128,System Info,448502565,1740862457,585
1740862458447706227,[  2  73   0 128  20   2   0  96],8,261,2,20,128,System Info,447144153,1740862458,585
1740862459453294761,[  2  73   0 128  20   2   0  96],8,261,2,20,128,System Info,452815123,1740862459,585
1740862460450776609,[  2  73   0 128  20   2   0  96],8,261,2,20,128,System Info,450438385,1740862460,585
1740862461465133067,[  2  73   0 128  20   2   0  96],8,261,2,20,128,System Info,464507726,1740862461,585
1740862462456816591,[  2  73   0 128  20   2   0  96],8,261,2,20,128,System Info,456332025,1740862462,585
1740862463460103055,[  2  73   0 128  20   2   0  96],8,261,2,20,128,System Info,459724861,1740862463,585
1740862464470311534,[  2  73   0 128  20   2   0  96],8,261,2,20,128,System Info,469867066,1740862464,585
1740862465468605664,[  2  73   0 128  20   2   0  96],8,261,2,20,128,System Info,468042790,1740862465,585
1740862466477744936,[  2  73   0 128  20   2   0  96],8,261,2,20,128,System Info,477295859,1740862466,585
1740862467479371857,[  2  73   0 128  20   2   0  96],8,261,2,20,128,System Info,478937532,1740862467,585
1740862468485841304,[  2  73   0 128  20   2   0  96],8,261,2,20,128,System Info,485416772,1740862468,585
1740862469484024668,[  2  73   0 128  20   2   0  96],8,261,2,20,128,System Info,483714189,1740862469,585
1740862470489925124,[  2  73   0 128  20   2   0  96],8,261,2,20,128,System Info,489431565,1740862470,585
1740862471486292816,[  2  73   0 128  20   2   0  96],8,261,2,20,128,System Info,485883901,1740862471,585
1740862512628898920,[  2  73   0 128  20   2   0  96],8,261,2,20,128,System Info,628414002,1740862512,585
1740862513631591997,[  2  73   0 128  20   2   0  96],8,261,2,20,128,System Info,631387924,1740862513,585
1740862514631808099,[  2  73   0 128  20   2   0  96],8,261,2,20,128,System Info,631430130,1740862514,585
1740862515642351194,[  2  73   0 128  20   2   0  96],8,261,2,20,128,System Info,641952776,1740862515,585
1740862516644008291,[  2  73   0 128  20   2   0  96],8,261,2,20,128,System Info,643580688,1740862516,585
1740862517648411111,[  2  73   0 128  20   2   0  96],8,261,2,20,128,System Info,647984244,1740862517,585
1740862518647846894,[  2  73   0 128  20   2   0  96],8,261,2,20,128,System Info,647500831,1740862518,585
1740862519649017060,[  2  73   0 128  20   2   0  96],8,261,2,20,128,System Info,648604626,1740862519,585
1740862520654507517,[  2  73   0 128  20   2   0  96],8,261,2,20,128,System Info,653778012,1740862520,585
1740862521654681512,[  2  73   0 128  20   2   0  96],8,261,2,20,128,System Info,654145808,1740862521,585
1740862522663730402,[  2  73   0 128  20   2   0  96],8,261,2,20,128,System Info,663327248,1740862522,585
1740862523664315522,[  2  73   0 128  20   2   0  96],8,261,2,20,128,System Info,663714823,1740862523,585
1740862524668810162,[  2  73   0 128  20   2   0  96],8,261,2,20,128,System Info,668383007,1740862524,585
1740862525675191864,[  2  73   0 128  20   2   0  96],8,261,2,20,128,System Info,674727492,1740862525,585
1740862526672078232,[  2  73   0 128  20   2   0  96],8,261,2,20,128,System Info,671657029,1740862526,585
1740862527679614676,[  2  73   0 128  20   2   0  96],8,261,2,20,128,System Info,679132063,1740862527,585
1740862528677525701,[  2  73   0 128  20   2   0  96],8,261,2,20,128,System Info,677068785,1740862528,585
1740862529684619248,[  2  73   0 128  20   2   0  96],8,261,2,20,128,System Info,684219871,1740862529,585
1740862530691074145,[  2  73   0 128  20   2   0  96],8,261,2,20,128,System Info,690583115,1740862530,585
1740862531688826864,[  2  73   0 128  20   2   0  96],8,261,2,20,128,System Info,688398845,1740862531,585
1740862532696903596,[  2  73   0 128  20   2   0  96],8,261,2,20,128,System Info,696518523,1740862532,585
1740862533693945727,[  2  73   0 128  20   2   0  96],8,261,2,20,128,System Info,693512428,1740862533,585
1740862534700830825,[  2  73   0 128  20   2   0  96],8,261,2,20,128,System Info,700457369,1740862534,585
1740862535708171018,[  2  73   0 128  20   2   0  96],8,261,2,20,128,System Info,707736054,1740862535,585
1740862536708303532,[  2  73   0 128  20   2   0  96],8,261,2,20,128,System Info,707597069,1740862536,585
1740862537708465299,[  2  73   0 128  20   2   0  96],8,261,2,20,128,System Info,707832727,1740862537,585
1740862538720295743,[  2  73   0 128  20   2   0  96],8,261,2,20,128,System Info,719889421,1740862538,585
1740862539723394444,[  2  73   0 128  20   2   0  96],8,261,2,20,128,System Info,722721390,1740862539,585
1740862540719927928,[  2  73   0 128  20   2   0  96],8,261,2,20,128,System Info,719506310,1740862540,585
1740862541722371980,[  2  73   0 128  20   2   0  96],8,261,2,20,128,System Info,721464100,1740862541,585
1740862542733474433,[  2  73   0 128  20   2   0  96],8,261,2,20,128,System Info,732788291,1740862542,585
1740862543737400091,[  2  73   0 128  20   2   0  96],8,261,2,20,128,System Info,736235432,1740862543,585
1740862544739563402,[  2  73   0 128  20   2   0  96],8,261,2,20,128,System Info,739180601,1740862544,585
1740862545742810795,[  2  73   0 128  20   2   0  96],8,261,2,20,128,System Info,742458396,1740862545,585
1740862546743492158,[  2  73   0 128  20   2   0  96],8,261,2,20,128,System Info,742962759,1740862546,585
1740862547743959626,[  2  73   0 128  20   2   0  96],8,261,2,20,128,System Info,743462356,1740862547,585
1740862548746204808,[  2  73   0 128  20   2   0  96],8,261,2,20,128,System Info,745689777,1740862548,585
1740862549749769538,[  2  73   0 128  20   2   0  96],8,261,2,20,128,System Info,749287404,1740862549,585
1740862550752081319,[  2  73   0 128  20   2   0  96],8,261,2,20,128,System Info,751654197,1740862550,585
1740862551760037960,[  2  73   0 128  20   2   0  96],8,261,2,20,128,System Info,759427885,1740862551,585
1740862552757185425,[  2  73   0 128  20   2   0  96],8,261,2,20,128,System Info,756734781,1740862552,585
1740862553770592741,[  2  73   0 128  20   2   0  96],8,261,2,20,128,System Info,769942441,1740862553,585
1740862554772229881,[  2  73   0 128  20   2   0  96],8,261,2,20,128,System Info,771072519,1740862554,585
1740862555770702662,[  2  73   0 128  20   2   0  96],8,261,2,20,128,System Info,770237138,1740862555,585
1740862556771746951,[  2  73   0 128  20   2   0  96],8,261,2,20,128,System Info,771114027,1740862556,585
1740862557779122943,[  2  73   0 128  20   2   0  96],8,261,2,20,128,System Info,778610377,1740862557,585
1740862558779581421,[  2  73   0 128  20   2   0  96],8,261,2,20,128,System Info,778728519,1740862558,585
1740862559789976111,[  2  73   0 128  20   2   0  96],8,261,2,20,128,System Info,789524635,1740862559,585
1740862560792367320,[  2  73   0 128  20   2   0  96],8,261,2,20,128,System Info,791897411,1740862560,585
1740862561797157548,[  2  73   0 128  20   2   0  96],8,261,2,20,128,System Info,796438989,1740862561,585
1740862562791557280,[  2  73   0 128  20   2   0  96],8,261,2,20,128,System Info,790622647,1740862562,585
1740862563797110749,[  2  73   0 128  20   2   0  96],8,261,2,20,128,System Info,796628232,1740862563,585
1740862564797554239,[  2  73   0 128  20   2   0  96],8,261,2,20,128,System Info,797106923,1740862564,585
1740862565805541100,[  2  73   0 128  20   2   0  96],8,261,2,20,128,System Info,805156380,1740862565,585
1740862566807223212,[  2  73   0 128  20   2   0  96],8,261,2,20,128,System Info,806571696,1740862566,585
1740862567817275610,[  2  73   0 128  20   2   0  96],8,261,2,20,128,System Info,816412789,1740862567,585
1740862568811421082,[  2  73   0 128  20   2   0  96],8,261,2,20,128,System Info,810911396,1740862568,585
1740862569822969393,[  2  73   0 128  20   2   0  96],8,261,2,20,128,System Info,822408985,1740862569,585
1740862570823398090,[  2  73   0 128  20   2   0  96],8,261,2,20,128,System Info,822760718,1740862570,585
1740862571825192353,[  2  73   0 128  20   2   0  96],8,261,2,20,128,System Info,824369950,1740862571,585
1740862572827372846,[  2  73   0 128  20   2   0  96],8,261,2,20,128,System Info,826660431,1740862572,585
1740862573829809322,[  2  73   0 128  20   2   0  96],8,261,2,20,128,System Info,829177519,1740862573,585
1740862574830970675,[  2  73   0 128  20   2   0  96],8,261,2,20,128,System Info,830525216,1740862574,585
1740862575843177853,[  2  73   0 128  20   2   0  96],8,261,2,20,128,System Info,842566499,1740862575,585
1740862576845371131,[  2  73   0 128  20   2   0  96],8,261,2,20,128,System Info,844805123,1740862576,585
1740862577847695747,[  2  73   0 128  20   2   0  96],8,261,2,20,128,System Info,846949475,1740862577,585
1740862578852685634,[  2  73   0 128  20   2   0  96],8,261,2,20,128,System Info,852225710,1740862578,585
1740862579850941476,[  2  73   0 128  20   2   0  96],8,261,2,20,128,System Info,850510769,1740862579,585
1740862580851555759,[  2  73   0 128  20   2   0  96],8,261,2,20,128,System Info,850916788,1740862580,585
1740862581861805246,[  2  73   0 128  20   2   0  96],8,261,2,20,128,System Info,861151074,1740862581,585
1740862582865203435,[  2  73   0 128  20   2   0  96],8,261,2,20,128,System Info,864487980,1740862582,585
1740862583868465398,[  2  73   0 128  20   2   0  96],8,261,2,20,128,System Info,868160233,1740862583,585
1740862584873328939,[  2  73   0 128  20   2   0  96],8,261,2,20,128,System Info,872725137,1740862584,585
1740862585875318761,[  2  73   0 128  20   2   0  96],8,261,2,20,128,System Info,874907831,1740862585,585
1740862586876460520,[  2  73   0 128  20   2   0  96],8,261,2,20,128,System Info,875939185,1740862586,585
1740862587880307551,[  2  73   0 128  20   2   0  96],8,261,2,20,128,System Info,880073141,1740862587,585
1740862588886705737,[  2  73   0 128  20   2   0  96],8,261,2,20,128,System Info,886310104,1740862588,585
1740862589890320608,[  2  73   0 128  20   2   0  96],8,261,2,20,128,System Info,889948016,1740862589,585
1740862590889511423,[  2  73   0 128  20   2   0  96],8,261,2,20,128,System Info,888972456,1740862590,585
1740862591891619393,[  2  73   0 128  20   2   0  96],8,261,2,20,128,System Info,890840575,1740862591,585
1740862592892281193,[  2  73   0 128  20   2   0  96],8,261,2,20,128,System Info,891828246,1740862592,585
1740862593901795697,[  2  73   0 128  20   2   0  96],8,261,2,20,128,System Info,901429121,1740862593,585
1740862594897157730,[  2  73   0 128  20   2   0  96],8,261,2,20,128,System Info,896714127,1740862594,585
1740862595903650003,[  2  73   0 128  20   2   0  96],8,261,2,20,128,System Info,903171198,1740862595,585
1740862596908402943,[  2  73   0 128  20   2   0  96],8,261,2,20,128,System Info,907857288,1740862596,585
1740862597912932199,[  2  73   0 128  20   2   0  96],8,261,2,20,128,System Info,912372271,1740862597,585
1740862598912958772,[  2  73   0 128  20   2   0  96],8,261,2,20,128,System Info,912535170,1740862598,585
1740862599921169348,[  2  73   0 128  20   2   0  96],8,261,2,20,128,System Info,920776627,1740862599,585
1740862600926587906,[  2  73   0 128  20   2   0  96],8,261,2,20,128,System Info,926283637,1740862600,585
1740862601923904749,[  2  73   0 128  20   2   0  96],8,261,2,20,128,System Info,923391863,1740862601,585
1740862602926486590,[  2  73   0 128  20   2   0  96],8,261,2,20,128,System Info,925935206,1740862602,585
1740862603934907083,[  2  73   0 128  20   2   0  96],8,261,2,20,128,System Info,934429495,1740862603,585
1740862604932152677,[  2  73   0 128  20   2   0  96],8,261,2,20,128,System Info,931761333,1740862604,585
1740862605938495751,[  2  73   0 128  20   2   0  96],8,261,2,20,128,System Info,938038419,1740862605,585
1740862606945261503,[  2  73   0 128  20   2   0  96],8,261,2,20,128,System Info,944740617,1740862606,585
1740862607941710186,[  2  73   0 128  20   2   0  96],8,261,2,20,128,System Info,941231285,1740862607,585
1740862608947922327,[  2  73   0 128  20   2   0  96],8,261,2,20,128,System Info,947408545,1740862608,585
1740862609951983439,[  2  73   0 128  20   2   0  96],8,261,2,20,128,System Info,951360757,1740862609,585
1740862610956805645,[  2  73   0 128  20   2   0  96],8,261,2,20,128,System Info,956118640,1740862610,585
1740862611964395942,[  2  73   0 128  20   2   0  96],8,261,2,20,128,System Info,963796269,1740862611,585
1740862612959494135,[  2  73   0 128  20   2   0  96],8,261,2,20,128,System Info,959014338,1740862612,585
1740862613963694797,[  2  73   0 128  20   2   0  96],8,261,2,20,128,System Info,963264955,1740862613,585
1740862614974316312,[  2  73   0 128  20   2   0  96],8,261,2,20,128,System Info,973536631,1740862614,585
1740862615977415085,[  2  73   0 128  20   2   0  96],8,261,2,20,128,System Info,976959449,1740862615,585
1740862616981033469,[  2  73   0 128  20   2   0  96],8,261,2,20,128,System Info,980584106,1740862616,585
1740862617982920588,[  2  73   0 128  20   2   0  96],8,261,2,20,128,System Info,982216686,1740862617,585
1740862618985723687,[  2  73   0 128  20   2   0  96],8,261,2,20,128,System Info,984810177,1740862618,585
1740862619986817601,[  2  73   0 128  20   2   0  96],8,261,2,20,128,System Info,986335501,1740862619,585
1740862620989317117,[  2  73   0 128  20   2   0  96],8,261,2,20,128,System Info,988750213,1740862620,585
1740862621987677457,[  2  73   0 128  20   2   0  96],8,261,2,20,128,System Info,987212382,1740862621,585
1740862622997762393,[  2  73   0 128  20   2   0  96],8,261,2,20,128,System Info,997221282,1740862622,585
1740862624000943141,[  2  73   0 128  20   2   0  96],8,261,2,20,128,System Info,413775,1740862624,585
1740862625002741534,[  2  73   0 128  20   2   0  96],8,261,2,20,128,System Info,2000863,1740862625,585
1740862626005250108,[  2  73   0 128  20   2   0  96],8,261,2,20,128,System Info,4626722,1740862626,585
1740862627006558030,[  2  73   0 128  20   2   0  96],8,261,2,20,128,System Info,5648328,1740862627,585
1740862628017797446,[  2  73   0 128  20   2   0  96],8,261,2,20,128,System Info,17233327,1740862628,585
1740862629019910120,[  2  73   0 128  20   2   0  96],8,261,2,20,128,System Info,18484781,1740862629,585
1740862630022772944,[  2  73   0 128  20   2   0  96],8,261,2,20,128,System Info,21934125,1740862630,585
1740862631025273264,[  2  73   0 128  20   2   0  96],8,261,2,20,128,System Info,24801693,1740862631,585
1740862632028463924,[  2  73   0 128  20   2   0  96],8,261,2,20,128,System Info,27615537,1740862632,585
1740862633024821891,[  2  73   0 128  20   2   0  96],8,261,2,20,128,System Info,24121702,1740862633,585
1740862634036988395,[  2  73   0 128  20   2   0  96],8,261,2,20,128,System Info,36551257,1740862634,585
1740862635038580162,[  2  73   0 128  20   2   0  96],8,261,2,20,128,System Info,37885221,1740862635,585
1740862636039960439,[  2  73   0 128  20   2   0  96],8,261,2,20,128,System Info,39246394,1740862636,585
1740862637039649614,[  2  73   0 128  20   2   0  96],8,261,2,20,128,System Info,38693254,1740862637,585
1740862638041479173,[  2  73   0 128  20   2   0  96],8,261,2,20,128,System Info,40689477,1740862638,585
1740862639051184107,[  2  73   0 128  20   2   0  96],8,261,2,20,128,System Info,50844669,1740862639,585
1740862640053024561,[  2  73   0 128  20   2   0  96],8,261,2,20,128,System Info,52520541,1740862640,585
1740862641052825451,[  2  73   0 128  20   2   0  96],8,261,2,20,128,System Info,52322134,1740862641,585
1740862642055463394,[  2  73   0 128  20   2   0  96],8,261,2,20,128,System Info,54838760,1740862642,585
1740862643058412077,[  2  73   0 128  20   2   0  96],8,261,2,20,128,System Info,57950234,1740862643,585
1740862644061882646,[  2  73   0 128  20   2   0  96],8,261,2,20,128,System Info,61506182,1740862644,585
1740862645071045042,[  2  73   0 128  20   2   0  96],8,261,2,20,128,System Info,70538973,1740862645,585
1740862646071919134,[  2  73   0 128  20   2   0  96],8,261,2,20,128,System Info,71453067,1740862646,585
1740862647075778606,[  2  73   0 128  20   2   0  96],8,261,2,20,128,System Info,75455649,1740862647,585
1740862648078549209,[  2  73   0 128  20   2   0  96],8,261,2,20,128,System Info,78136936,1740862648,585
1740862649081895748,[  2  73   0 128  20   2   0  96],8,261,2,20,128,System Info,81292683,1740862649,585
1740862650083836540,[  2  73   0 128  20   2   0  96],8,261,2,20,128,System Info,83267045,1740862650,585
1740862651087548870,[  2  73   0 128  20   2   0  96],8,261,2,20,128,System Info,87076690,1740862651,585
1740862652090957995,[  2  73   0 128  20   2   0  96],8,261,2,20,128,System Info,90522681,1740862652,585
1740862653091541956,[  2  73   0 128  20   2   0  96],8,261,2,20,128,System Info,90747267,1740862653,585
1740862654094707087,[  2  73   0 128  20   2   0  96],8,261,2,20,128,System Info,94238620,1740862654,585
1740862655105921294,[  2  73   0 128  20   2   0  96],8,261,2,20,128,System Info,105371831,1740862655,585
1740862656107381443,[  2  73   0 128  20   2   0  96],8,261,2,20,128,System Info,106944977,1740862656,585
1740862657109081643,[  2  73   0 128  20   2   0  96],8,261,2,20,128,System Info,108423440,1740862657,585
1740862658114566775,[  2  73   0 128  20   2   0  96],8,261,2,20,128,System Info,113768502,1740862658,585
1740862659116970156,[  2  73   0 128  20   2   0  96],8,261,2,20,128,System Info,116518329,1740862659,585
1740862660118493158,[  2  73   0 128  20   2   0  96],8,261,2,20,128,System Info,118026291,1740862660,585
1740862661122501870,[  2  73   0 128  20   2   0  96],8,261,2,20,128,System Info,122098301,1740862661,585
1740862662125551927,[  2  73   0 128  20   2   0  96],8,261,2,20,128,System Info,125058179,1740862662,585
1740862663127763463,[  2  73   0 128  20   2   0  96],8,261,2,20,128,System Info,127174031,1740862663,585
1740862664130349583,[  2  73   0 128  20   2   0  96],8,261,2,20,128,System Info,129756759,1740862664,585
1740862665131559271,[  2  73   0 128  20   2   0  96],8,261,2,20,128,System Info,131143478,1740862665,585
1740862666143781674,[  2  73   0 128  20   2   0  96],8,261,2,20,128,System Info,143349240,1740862666,585
1740862667146059199,[  2  73   0 128  20   2   0  96],8,261,2,20,128,System Info,145117720,1740862667,585
1740862668148529605,[  2  73   0 128  20   2   0  96],8,261,2,20,128,System Info,147478042,1740862668,585
1740862669150070221,[  2  73   0 128  20   2   0  96],8,261,2,20,128,System Info,149657117,1740862669,585
1740862670151452377,[  2  73   0 128  20   2   0  96],8,261,2,20,128,System Info,150963973,1740862670,585
1740862671157165789,[  2  73   0 128  20   2   0  96],8,261,2,20,128,System Info,156512291,1740862671,585
1740862672157515345,[  2  73   0 128  20   2   0  96],8,261,2,20,128,System Info,156997019,1740862672,585
1740862673167280396,[  2  73   0 128  20   2   0  96],8,261,2,20,128,System Info,166868251,1740862673,585
1740862674169180336,[  2  73   0 128  20   2   0  96],8,261,2,20,128,System Info,168416657,1740862674,585
1740862675169706758,[  2  73   0 128  20   2   0  96],8,261,2,20,128,System Info,169054860,1740862675,585
1740862676172282264,[  2  73   0 128  20   2   0  96],8,261,2,20,128,System Info,171760355,1740862676,585
1740862677173886220,[  2  73   0 128  20   2   0  96],8,261,2,20,128,System Info,173340406,1740862677,585
1740862678175155868,[  2  73   0 128  20   2   0  96],8,261,2,20,128,System Info,174574469,1740862678,585
1740862679187439284,[  2  73   0 128  20   2   0  96],8,261,2,20,128,System Info,187106343,1740862679,585
1740862680187208634,[  2  73   0 128  20   2   0  96],8,261,2,20,128,System Info,186847243,1740862680,585
1740862681189278886,[  2  73   0 128  20   2   0  96],8,261,2,20,128,System Info,188883254,1740862681,585
1740862682191126739,[  2  73   0 128  20   2   0  96],8,261,2,20,128,System Info,190496057,1740862682,585
1740862683196965162,[  2  73   0 128  20   2   0  96],8,261,2,20,128,System Info,196375603,1740862683,585
1740862684194934605,[  2  73   0 128  20   2   0  96],8,261,2,20,128,System Info,194665794,1740862684,585
1740862685203479526,[  2  73   0 128  20   2   0  96],8,261,2,20,128,System Info,202823019,1740862685,585
1740862686204316240,[  2  73   0 128  20   2   0  96],8,261,2,20,128,System Info,203852221,1740862686,585
1740862687208925532,[  2  73   0 128  20   2   0  96],8,261,2,20,128,System Info,208464841,1740862687,585
1740862688209405803,[  2  73   0 128  20   2   0  96],8,261,2,20,128,System Info,209052925,1740862688,585
1740862689216524784,[  2  73   0 128  20   2   0  96],8,261,2,20,128,System Info,216092671,1740862689,585
1740862690222739066,[  2  73   0 128  20   2   0  96],8,261,2,20,128,System Info,222192164,1740862690,585
1740862691217275415,[  2  73   0 128  20   2   0  96],8,261,2,20,128,System Info,216870087,1740862691,585
1740862692226713687,[  2  73   0 128  20   2   0  96],8,261,2,20,128,System Info,226208706,1740862692,585
1740862693228729781,[  2  73   0 128  20   2   0  96],8,261,2,20,128,System Info,228308868,1740862693,585
1740862694235986192,[  2  73   0 128  20   2   0  96],8,261,2,20,128,System Info,235247282,1740862694,585
1740862695237107359,[  2  73   0 128  20   2   0  96],8,261,2,20,128,System Info,236561545,1740862695,585
1740862696238509250,[  2  73   0 128  20   2   0  96],8,261,2,20,128,System Info,237792165,1740862696,585
1740862697239429277,[  2  73   0 128  20   2   0  96],8,261,2,20,128,System Info,238963146,1740862697,585
1740862698246674495,[  2  73   0 128  20   2   0  96],8,261,2,20,128,System Info,246187980,1740862698,585
1740862699248874082,[  2  73   0 128  20   2   0  96],8,261,2,20,128,System Info,248412911,1740862699,585
1740862700253531632,[  2  73   0 128  20   2   0  96],8,261,2,20,128,System Info,253116032,1740862700,585
1740862701255789353,[  2  73   0 128  20   2   0  96],8,261,2,20,128,System Info,255419675,1740862701,585
1740862702257825572,[  2  73   0 128  20   2   0  96],8,261,2,20,128,System Info,257367826,1740862702,585
1740862703259274225,[  2  73   0 128  20   2   0  96],8,261,2,20,128,System Info,258930211,1740862703,585
1740862704270226181,[  2  73   0 128  20   2   0  96],8,261,2,20,128,System Info,269576139,1740862704,585
1740862705269695096,[  2  73   0 128  20   2   0  96],8,261,2,20,128,System Info,269279815,1740862705,585
1740862706270481258,[  2  73   0 128  20   2   0  96],8,261,2,20,128,System Info,269832688,1740862706,585
1740862707272727201,[  2  73   0 128  20   2   0  96],8,261,2,20,128,System Info,272329521,1740862707,585
1740862708275389076,[  2  73   0 128  20   2   0  96],8,261,2,20,128,System Info,275005796,1740862708,585
1740862709285557468,[  2  73   0 128  20   2   0  96],8,261,2,20,128,System Info,284944644,1740862709,585
1740862710285155433,[  2  73   0 128  20   2   0  96],8,261,2,20,128,System Info,284690103,1740862710,585
1740862711288226540,[  2  73   0 128  20   2   0  96],8,261,2,20,128,System Info,287825820,1740862711,585
1740862712289074592,[  2  73   0 128  20   2   0  96],8,261,2,20,128,System Info,288322306,1740862712,585
1740862713293702166,[  2  73   0 128  20   2   0  96],8,261,2,20,128,System Info,293282181,1740862713,585
1740862714303144759,[  2  73   0 128  20   2   0  96],8,261,2,20,128,System Info,302723238,1740862714,585
1740862715303790500,[  2  73   0 128  20   2   0  96],8,261,2,20,128,System Info,303385747,1740862715,585
1740862716302693942,[  2  73   0 128  20   2   0  96],8,261,2,20,128,System Info,302272902,1740862716,585
1740862717313771256,[  2  73   0 128  20   2   0  96],8,261,2,20,128,System Info,313072444,1740862717,585
1740862718313658280,[  2  73   0 128  20   2   0  96],8,261,2,20,128,System Info,313190197,1740862718,585
1740862719314277280,[  2  73   0 128  20   2   0  96],8,261,2,20,128,System Info,313884560,1740862719,585
1740862720322645175,[  2  73   0 128  20   2   0  96],8,261,2,20,128,System Info,322099201,1740862720,585
1740862721322887638,[  2  73   0 128  20   2   0  96],8,261,2,20,128,System Info,322195802,1740862721,585
1740862722325478525,[  2  73   0 128  20   2   0  96],8,261,2,20,128,System Info,324842084,1740862722,585
1740862723328679176,[  2  73   0 128  20   2   0  96],8,261,2,20,128,System Info,327707650,1740862723,585
1740862724329536962,[  2  73   0 128  20   2   0  96],8,261,2,20,128,System Info,329007629,1740862724,585
1740862725333346907,[  2  73   0 128  20   2   0  96],8,261,2,20,128,System Info,332867048,1740862725,585
1740862726334541689,[  2  73   0 128  20   2   0  96],8,261,2,20,128,System Info,334039109,1740862726,585
1740862727347417392,[  2  73   0 128  20   2   0  96],8,261,2,20,128,System Info,346967838,1740862727,585
1740862728349233628,[  2  73   0 128  20   2   0  96],8,261,2,20,128,System Info,348792171,1740862728,585
1740862729350613539,[  2  73   0 128  20   2   0  96],8,261,2,20,128,System Info,350121520,1740862729,585
1740862730350541564,[  2  73   0 128  20   2   0  96],8,261,2,20,128,System Info,350079466,1740862730,585
1740862731353066311,[  2  73   0 128  20   2   0  96],8,261,2,20,128,System Info,352565971,1740862731,585
1740862732364979600,[  2  73   0 128  20   2   0  96],8,261,2,20,128,System Info,364047307,1740862732,585
1740862733358288743,[  2  73   0 128  20   2   0  96],8,261,2,20,128,System Info,357556394,1740862733,585
1740862734362626460,[  2  73   0 128  20   2   0  96],8,261,2,20,128,System Info,361904704,1740862734,585
1740862735365425697,[  2  73   0 128  20   2   0  96],8,261,2,20,128,System Info,364884748,1740862735,585
1740862736368122861,[  2  73   0 128  20   2   0  96],8,261,2,20,128,System Info,367655579,1740862736,585
1740862737377771926,[  2  73   0 128  20   2   0  96],8,261,2,20,128,System Info,377374663,1740862737,585
1740862738380792454,[  2  73   0 128  20   2   0  96],8,261,2,20,128,System Info,380102283,1740862738,585
1740862739383299406,[  2  73   0 128  20   2   0  96],8,261,2,20,128,System Info,382899711,1740862739,585
1740862740383980058,[  2  73   0 128  20   2   0  96],8,261,2,20,128,System Info,383553737,1740862740,585
1740862741386673921,[  2  73   0 128  20   2   0  96],8,261,2,20,128,System Info,386201935,1740862741,585
1740862742396665011,[  2  73   0 128  20   2   0  96],8,261,2,20,128,System Info,396245538,1740862742,585
1740862743399532152,[  2  73   0 128  20   2   0  96],8,261,2,20,128,System Info,399087239,1740862743,585
1740862744401433668,[  2  73   0 128  20   2   0  96],8,261,2,20,128,System Info,400986386,1740862744,585
1740862745401234282,[  2  73   0 128  20   2   0  96],8,261,2,20,128,System Info,400827226,1740862745,585
1740862746403501852,[  2  73   0 128  20   2   0  96],8,261,2,20,128,System Info,402868899,1740862746,585
1740862747406654621,[  2  73   0 128  20   2   0  96],8,261,2,20,128,System Info,406210988,1740862747,585
1740862748409853836,[  2  73   0 128  20   2   0  96],8,261,2,20,128,System Info,409472349,1740862748,585
1740862749412329388,[  2  73   0 128  20   2   0  96],8,261,2,20,128,System Info,411779158,1740862749,585
1740862750422012561,[  2  73   0 128  20   2   0  96],8,261,2,20,128,System Info,421679556,1740862750,585
1740862751421703419,[  2  73   0 128  20   2   0  96],8,261,2,20,128,System Info,421265098,1740862751,585
1740862752424637009,[  2  73   0 128  20   2   0  96],8,261,2,20,128,System Info,424335749,1740862752,585
1740862753428042758,[  2  73   0 128  20   2   0  96],8,261,2,20,128,System Info,427332586,1740862753,585
1740862754431662447,[  2  73   0 128  20   2   0  96],8,261,2,20,128,System Info,431215966,1740862754,585
1740862755431064289,[  2  73   0 128  20   2   0  96],8,261,2,20,128,System Info,430700850,1740862755,585
1740862756441881787,[  2  73   0 128  20   2   0  96],8,261,2,20,128,System Info,441285668,1740862756,585
1740862757444633544,[  2  73   0 128  20   2   0  96],8,261,2,20,128,System Info,444123092,1740862757,585
1740862758449138214,[  2  73   0 128  20   2   0  96],8,261,2,20,128,System Info,448684820,1740862758,585
1740862759449936384,[  2  73   0 128  20   2   0  96],8,261,2,20,128,System Info,449501871,1740862759,585
1740862760451076148,[  2  73   0 128  20   2   0  96],8,261,2,20,128,System Info,450627683,1740862760,585
1740862761452026861,[  2  73   0 128  20   2   0  96],8,261,2,20,128,System Info,451458775,1740862761,585
1740862762455491381,[  2  73   0 128  20   2   0  96],8,261,2,20,128,System Info,455077381,1740862762,585
1740862763467737535,[  2  73   0 128  20   2   0  96],8,261,2,20,128,System Info,467321263,1740862763,585
1740862764468468790,[  2  73   0 128  20   2   0  96],8,261,2,20,128,System Info,467956034,1740862764,585
1740862765470185376,[  2  73   0 128  20   2   0  96],8,261,2,20,128,System Info,469603978,1740862765,585
1740862766468183399,[  2  73   0 128  20   2   0  96],8,261,2,20,128,System Info,467666995,1740862766,585
1740862767480381442,[  2  73   0 128  20   2   0  96],8,261,2,20,128,System Info,479924688,1740862767,585
1740862768482677833,[  2  73   0 128  20   2   0  96],8,261,2,20,128,System Info,482318459,1740862768,585
1740862769486217390,[  2  73   0 128  20   2   0  96],8,261,2,20,128,System Info,485675577,1740862769,585
1740862770489211050,[  2  73   0 128  20   2   0  96],8,261,2,20,128,System Info,488883069,1740862770,585
1740862771489115420,[  2  73   0 128  20   2   0  96],8,261,2,20,128,System Info,488728557,1740862771,585
1740862772489194466,[  2  73   0 128  20   2   0  96],8,261,2,20,128,System Info,488443301,1740862772,585
1740862773500463622,[  2  73   0 128  20   2   0  96],8,261,2,20,128,System Info,499968530,1740862773,585
1740862774503728353,[  2  73   0 128  20   2   0  96],8,261,2,20,128,System Info,503281680,1740862774,585
1740862775498617158,[  2  73   0 128  20   2   0  96],8,261,2,20,128,System Info,498002766,1740862775,585
1740862776502818976,[  2  73   0 128  20   2   0  96],8,261,2,20,128,System Info,502399792,1740862776,585
1740862777507240784,[  2  73   0 128  20   2   0  96],8,261,2,20,128,System Info,506742877,1740862777,585
1740862778509056744,[  2  73   0 128  20   2   0  96],8,261,2,20,128,System Info,508393295,1740862778,585
1740862779517103870,[  2  73   0 128  20   2   0  96],8,261,2,20,128,System Info,516642125,1740862779,585
1740862780518527970,[  2  73   0 128  20   2   0  96],8,261,2,20,128,System Info,518100114,1740862780,585
1740862781519959700,[  2  73   0 128  20   2   0  96],8,261,2,20,128,System Info,519528196,1740862781,585
1740862782524173983,[  2  73   0 128  20   2   0  96],8,261,2,20,128,System Info,523534566,1740862782,585
1740862783526466381,[  2  73   0 128  20   2   0  96],8,261,2,20,128,System Info,525789555,1740862783,585
1740862784537523673,[  2  73   0 128  20   2   0  96],8,261,2,20,128,System Info,536945059,1740862784,585
1740862785538117217,[  2  73   0 128  20   2   0  96],8,261,2,20,128,System Info,537515818,1740862785,585
1740862786540328149,[  2  73   0 128  20   2   0  96],8,261,2,20,128,System Info,539723261,1740862786,585
1740862787541852955,[  2  73   0 128  20   2   0  96],8,261,2,20,128,System Info,541459884,1740862787,585
1740862788545431327,[  2  73   0 128  20   2   0  96],8,261,2,20,128,System Info,544901898,1740862788,585
1740862789546626612,[  2  73   0 128  20   2   0  96],8,261,2,20,128,System Info,546145858,1740862789,585
1740862790547979966,[  2  73   0 128  20   2   0  96],8,261,2,20,128,System Info,547471818,1740862790,585
1740862791560704841,[  2  73   0 128  20   2   0  96],8,261,2,20,128,System Info,560181045,1740862791,585
1740862792555543316,[  2  73   0 128  20   2   0  96],8,261,2,20,128,System Info,555099683,1740862792,585
1740862793568204216,[  2  73   0 128  20   2   0  96],8,261,2,20,128,System Info,567756647,1740862793,585
1740862794568126018,[  2  73   0 128  20   2   0  96],8,261,2,20,128,System Info,567537292,1740862794,585
1740862795570279792,[  2  73   0 128  20   2   0  96],8,261,2,20,128,System Info,569749755,1740862795,585
1740862796571894743,[  2  73   0 128  20   2   0  96],8,261,2,20,128,System Info,571474150,1740862796,585
1740862797575112169,[  2  73   0 128  20   2   0  96],8,261,2,20,128,System Info,574762043,1740862797,585
1740862798579251436,[  2  73   0 128  20   2   0  96],8,261,2,20,128,System Info,578877726,1740862798,585
1740862799578265946,[  2  73   0 128  20   2   0  96],8,261,2,20,128,System Info,577820041,1740862799,585
