timestap,ambient_temperature,can_msg.data,can_msg.dlc,can_msg.id,engine_box_pressure,fuel_consumed,fuel_flow,header.frame_id,header.stamp.nanosec,header.stamp.sec
1740861218591194073,16,[  0   0   0   0 184 161  16   0],7,258,945.2999877929688,0,0,Fuel/Ambient,590822028,1740861218
1740861218797430028,16,[  0   0   0   0 184 161  16   0],7,258,945.2999877929688,0,0,Fuel/Ambient,795748496,1740861218
1740861219001190951,16,[  0   0   0   0 184 161  16   0],7,258,945.2999877929688,0,0,Fuel/Ambient,421868,1740861219
1740861219197213993,16,[  0   0   0   0 184 161  16   0],7,258,945.2999877929688,0,0,Fuel/Ambient,196792634,1740861219
1740861219401620535,16,[  0   0   0   0 184 161  16   0],7,258,945.2999877929688,0,0,Fuel/Ambient,401317900,1740861219
1740861219596405868,16,[  0   0   0   0 184 161  16   0],7,258,945.2999877929688,0,0,Fuel/Ambient,596090433,1740861219
1740861219801079364,16,[  0   0   0   0 184 160  16   0],7,258,945.280029296875,0,0,Fuel/Ambient,800622579,1740861219
1740861219995584879,16,[  0   0   0   0 184 160  16   0],7,258,945.280029296875,0,0,Fuel/Ambient,995157216,1740861219
1740861220202367214,16,[  0   0   0   0 184 160  16   0],7,258,945.280029296875,0,0,Fuel/Ambient,202039106,1740861220
1740861220398306504,16,[  0   0   0   0 184 160  16   0],7,258,945.280029296875,0,0,Fuel/Ambient,397984253,1740861220
1740861220603038237,16,[  0   0   0   0 184 160  16   0],7,258,945.280029296875,0,0,Fuel/Ambient,602651727,1740861220
1740861220797351326,16,[  0   0   0   0 184 160  16   0],7,258,945.280029296875,0,0,Fuel/Ambient,797084948,1740861220
1740861221001662052,16,[  0   0   0   0 184 159  16   0],7,258,945.260009765625,0,0,Fuel/Ambient,1290166,1740861221
1740861221198570909,16,[  0   0   0   0 184 159  16   0],7,258,945.260009765625,0,0,Fuel/Ambient,198254130,1740861221
1740861221402825565,16,[  0   0   0   0 184 159  16   0],7,258,945.260009765625,0,0,Fuel/Ambient,402550323,1740861221
1740861221606851412,16,[  0   0   0   0 184 159  16   0],7,258,945.260009765625,0,0,Fuel/Ambient,606518856,1740861221
1740861221801168113,16,[  0   0   0   0 184 160  16   0],7,258,945.280029296875,0,0,Fuel/Ambient,800873958,1740861221
1740861222005853407,16,[  0   0   0   0 184 160  16   0],7,258,945.280029296875,0,0,Fuel/Ambient,5559829,1740861222
1740861222201929367,16,[  0   0   0   0 184 160  16   0],7,258,945.280029296875,0,0,Fuel/Ambient,201572618,1740861222
1740861222406483837,16,[  0   0   0   0 184 160  16   0],7,258,945.280029296875,0,0,Fuel/Ambient,406247508,1740861222
1740861222612291951,16,[  0   0   0   0 184 160  16   0],7,258,945.280029296875,0,0,Fuel/Ambient,610853564,1740861222
1740861222806357599,16,[  0   0   0   0 184 160  16   0],7,258,945.280029296875,0,0,Fuel/Ambient,806034355,1740861222
1740861223011013832,16,[  0   0   0   0 184 160  16   0],7,258,945.280029296875,0,0,Fuel/Ambient,10371313,1740861223
1740861223209543123,16,[  0   0   0   0 184 160  16   0],7,258,945.280029296875,0,0,Fuel/Ambient,209216071,1740861223
1740861223413910766,16,[  0   0   0   0 184 160  16   0],7,258,945.280029296875,0,0,Fuel/Ambient,413650181,1740861223
1740861223608200033,16,[  0   0   0   0 184 161  16   0],7,258,945.2999877929688,0,0,Fuel/Ambient,607979322,1740861223
1740861223812473945,16,[  0   0   0   0 184 161  16   0],7,258,945.2999877929688,0,0,Fuel/Ambient,812233968,1740861223
1740861224016755985,16,[  0   0   0   0 184 161  16   0],7,258,945.2999877929688,0,0,Fuel/Ambient,16448710,1740861224
1740861224212495924,16,[  0   0   0   0 184 161  16   0],7,258,945.2999877929688,0,0,Fuel/Ambient,211927135,1740861224
1740861224416332471,16,[  0   0   0   0 184 161  16   0],7,258,945.2999877929688,0,0,Fuel/Ambient,416039821,1740861224
1740861224610642952,16,[  0   0   0   0 184 161  16   0],7,258,945.2999877929688,0,0,Fuel/Ambient,610410431,1740861224
1740861224815714359,16,[  0   0   0   0 184 161  16   0],7,258,945.2999877929688,0,0,Fuel/Ambient,815443214,1740861224
1740861225020390489,16,[  0   0   0   0 184 161  16   0],7,258,945.2999877929688,0,0,Fuel/Ambient,20099182,1740861225
1740861225217029112,16,[  0   0   0   0 184 161  16   0],7,258,945.2999877929688,0,0,Fuel/Ambient,216741805,1740861225
1740861225421264325,16,[  0   0   0   0 184 161  16   0],7,258,945.2999877929688,0,0,Fuel/Ambient,420976731,1740861225
1740861225615777336,16,[  0   0   0   0 184 162  16   0],7,258,945.3200073242188,0,0,Fuel/Ambient,615473934,1740861225
1740861225821432953,16,[  0   0   0   0 184 162  16   0],7,258,945.3200073242188,0,0,Fuel/Ambient,821070956,1740861225
1740861226015253107,16,[  0   0   0   0 184 162  16   0],7,258,945.3200073242188,0,0,Fuel/Ambient,14958089,1740861226
1740861226220608228,16,[  0   0   0   0 184 162  16   0],7,258,945.3200073242188,0,0,Fuel/Ambient,219600928,1740861226
1740861226423023213,16,[  0   0   0   0 184 162  16   0],7,258,945.3200073242188,0,0,Fuel/Ambient,422705634,1740861226
1740861226625469526,16,[  0   0   0   0 184 162  16   0],7,258,945.3200073242188,0,0,Fuel/Ambient,625325937,1740861226
1740861226818875422,16,[  0   0   0   0 184 162  16   0],7,258,945.3200073242188,0,0,Fuel/Ambient,818605429,1740861226
1740861227022315531,17,[  0   0   0   0 184 162  17   0],7,258,945.3200073242188,0,0,Fuel/Ambient,21958846,1740861227
1740861227218676760,17,[  0   0   0   0 184 162  17   0],7,258,945.3200073242188,0,0,Fuel/Ambient,218268521,1740861227
1740861227423235048,17,[  0   0   0   0 184 162  17   0],7,258,945.3200073242188,0,0,Fuel/Ambient,422927293,1740861227
1740861227627732087,17,[  0   0   0   0 184 162  17   0],7,258,945.3200073242188,0,0,Fuel/Ambient,627408107,1740861227
1740861227821949431,17,[  0   0   0   0 184 162  17   0],7,258,945.3200073242188,0,0,Fuel/Ambient,821607115,1740861227
1740861228026061496,17,[  0   0   0   0 184 162  17   0],7,258,945.3200073242188,0,0,Fuel/Ambient,25716011,1740861228
1740861228221223798,17,[  0   0   0   0 184 162  17   0],7,258,945.3200073242188,0,0,Fuel/Ambient,220936619,1740861228
1740861228424540630,17,[  0   0   0   0 184 162  17   0],7,258,945.3200073242188,0,0,Fuel/Ambient,424259212,1740861228
1740861228630405681,17,[  0   0   0   0 184 162  17   0],7,258,945.3200073242188,0,0,Fuel/Ambient,629712728,1740861228
1740861228825759957,17,[  0   0   0   0 184 162  17   0],7,258,945.3200073242188,0,0,Fuel/Ambient,825249763,1740861228
1740861229031336389,17,[  0   0   0   0 184 162  17   0],7,258,945.3200073242188,0,0,Fuel/Ambient,30625196,1740861229
1740861229230402090,17,[  0   0   0   0 184 162  17   0],7,258,945.3200073242188,0,0,Fuel/Ambient,230020509,1740861229
1740861229426202043,17,[  0   0   0   0 184 162  17   0],7,258,945.3200073242188,0,0,Fuel/Ambient,425607942,1740861229
1740861229631762151,17,[  0   0   0   0 184 162  17   0],7,258,945.3200073242188,0,0,Fuel/Ambient,631365913,1740861229
1740861229827699324,17,[  0   0   0   0 184 162  17   0],7,258,945.3200073242188,0,0,Fuel/Ambient,827224043,1740861229
1740861230033852316,17,[  0   0   0   0 184 162  17   0],7,258,945.3200073242188,0,0,Fuel/Ambient,33043072,1740861230
1740861230230493927,17,[  0   0   0   0 184 162  17   0],7,258,945.3200073242188,0,0,Fuel/Ambient,230062680,1740861230
1740861230435611615,17,[  0   0   0   0 184 162  17   0],7,258,945.3200073242188,0,0,Fuel/Ambient,435127405,1740861230
1740861230631662484,17,[  0   0   0   0 184 162  17   0],7,258,945.3200073242188,0,0,Fuel/Ambient,631029822,1740861230
1740861230836870351,17,[  0   0   0   0 184 163  17   0],7,258,945.3400268554688,0,0,Fuel/Ambient,836330492,1740861230
1740861231033179693,17,[  0   0   0   0 184 163  17   0],7,258,945.3400268554688,0,0,Fuel/Ambient,32851777,1740861231
1740861231241645783,17,[  0   0   0   0 184 163  17   0],7,258,945.3400268554688,0,0,Fuel/Ambient,240919134,1740861231
1740861231438186682,17,[  0   0   0   0 184 163  17   0],7,258,945.3400268554688,0,0,Fuel/Ambient,437382782,1740861231
1740861231633414703,17,[  0   0   0   0 184 163  17   0],7,258,945.3400268554688,0,0,Fuel/Ambient,632863291,1740861231
1740861231839085654,17,[  0   0   0   0 184 163  17   0],7,258,945.3400268554688,0,0,Fuel/Ambient,838217079,1740861231
1740861232035461202,17,[  0   0   0   0 184 163  17   0],7,258,945.3400268554688,0,0,Fuel/Ambient,34514960,1740861232
1740861232243374436,17,[  0   0   0   0 184 163  17   0],7,258,945.3400268554688,0,0,Fuel/Ambient,242940853,1740861232
1740861232439348527,17,[  0   0   0   0 184 163  17   0],7,258,945.3400268554688,0,0,Fuel/Ambient,438724665,1740861232
1740861232644563394,17,[  0   0   0   0 184 163  17   0],7,258,945.3400268554688,0,0,Fuel/Ambient,643964300,1740861232
1740861232840009018,17,[  0   0   0   0 184 163  17   0],7,258,945.3400268554688,0,0,Fuel/Ambient,839262207,1740861232
1740861233045823169,17,[  0   0   0   0 184 163  17   0],7,258,945.3400268554688,0,0,Fuel/Ambient,45132744,1740861233
1740861233243729964,17,[  0   0   0   0 184 163  17   0],7,258,945.3400268554688,0,0,Fuel/Ambient,243142871,1740861233
1740861233449656211,17,[  0   0   0   0 184 163  17   0],7,258,945.3400268554688,0,0,Fuel/Ambient,448691409,1740861233
1740861233645141129,17,[  0   0   0   0 184 163  17   0],7,258,945.3400268554688,0,0,Fuel/Ambient,644403054,1740861233
1740861233841016588,17,[  0   0   0   0 184 163  17   0],7,258,945.3400268554688,0,0,Fuel/Ambient,840189294,1740861233
1740861234046553541,17,[  0   0   0   0 184 163  17   0],7,258,945.3400268554688,0,0,Fuel/Ambient,45511520,1740861234
1740861234243084539,17,[  0   0   0   0 184 163  17   0],7,258,945.3400268554688,0,0,Fuel/Ambient,242639051,1740861234
1740861234448691187,17,[  0   0   0   0 184 163  17   0],7,258,945.3400268554688,0,0,Fuel/Ambient,448193761,1740861234
1740861234644151683,17,[  0   0   0   0 184 162  17   0],7,258,945.3200073242188,0,0,Fuel/Ambient,643788470,1740861234
1740861234849584021,17,[  0   0   0   0 184 162  17   0],7,258,945.3200073242188,0,0,Fuel/Ambient,848982144,1740861234
1740861235044842686,17,[  0   0   0   0 184 162  17   0],7,258,945.3200073242188,0,0,Fuel/Ambient,44389710,1740861235
1740861235253544383,17,[  0   0   0   0 184 162  17   0],7,258,945.3200073242188,0,0,Fuel/Ambient,252522555,1740861235
1740861235448537467,17,[  0   0   0   0 184 162  17   0],7,258,945.3200073242188,0,0,Fuel/Ambient,448193551,1740861235
1740861235654208625,17,[  0   0   0   0 184 162  17   0],7,258,945.3200073242188,0,0,Fuel/Ambient,653593947,1740861235
1740861235849800930,17,[  0   0   0   0 184 163  17   0],7,258,945.3400268554688,0,0,Fuel/Ambient,849222669,1740861235
1740861236055773890,17,[  0   0   0   0 184 163  17   0],7,258,945.3400268554688,0,0,Fuel/Ambient,54806079,1740861236
1740861236255398269,17,[  0   0   0   0 184 163  17   0],7,258,945.3400268554688,0,0,Fuel/Ambient,254873003,1740861236
1740861236451072429,17,[  0   0   0   0 184 163  17   0],7,258,945.3400268554688,0,0,Fuel/Ambient,450681055,1740861236
1740861236657071531,17,[  0   0   0   0 184 163  17   0],7,258,945.3400268554688,0,0,Fuel/Ambient,656279727,1740861236
1740861236852049154,17,[  0   0   0   0 184 163  17   0],7,258,945.3400268554688,0,0,Fuel/Ambient,851432684,1740861236
1740861237059867391,17,[  0   0   0   0 184 163  17   0],7,258,945.3400268554688,0,0,Fuel/Ambient,57797493,1740861237
1740861237256622673,17,[  0   0   0   0 184 163  17   0],7,258,945.3400268554688,0,0,Fuel/Ambient,255867542,1740861237
1740861237462121400,17,[  0   0   0   0 184 163  17   0],7,258,945.3400268554688,0,0,Fuel/Ambient,461393375,1740861237
1740861237657868967,17,[  0   0   0   0 184 163  17   0],7,258,945.3400268554688,0,0,Fuel/Ambient,657135789,1740861237
1740861237863570197,17,[  0   0   0   0 184 163  17   0],7,258,945.3400268554688,0,0,Fuel/Ambient,862860956,1740861237
1740861238059358820,17,[  0   0   0   0 184 163  17   0],7,258,945.3400268554688,0,0,Fuel/Ambient,58915957,1740861238
1740861238258021846,17,[  0   0   0   0 184 163  17   0],7,258,945.3400268554688,0,0,Fuel/Ambient,257406176,1740861238
1740861238463971593,17,[  0   0   0   0 184 163  17   0],7,258,945.3400268554688,0,0,Fuel/Ambient,463266736,1740861238
1740861238660019358,17,[  0   0   0   0 184 163  17   0],7,258,945.3400268554688,0,0,Fuel/Ambient,659220322,1740861238
1740861238857226204,17,[  0   0   0   0 184 164  17   0],7,258,945.3599853515625,0,0,Fuel/Ambient,856787533,1740861238
1740861239062084776,17,[  0   0   0   0 184 163  17   0],7,258,945.3400268554688,0,0,Fuel/Ambient,61597335,1740861239
1740861239258693677,17,[  0   0   0   0 184 163  17   0],7,258,945.3400268554688,0,0,Fuel/Ambient,258252669,1740861239
1740861239463748188,17,[  0   0   0   0 184 164  17   0],7,258,945.3599853515625,0,0,Fuel/Ambient,463327725,1740861239
1740861239669274076,17,[  0   0   0   0 184 164  17   0],7,258,945.3599853515625,0,0,Fuel/Ambient,668739497,1740861239
1740861239865501972,17,[  0   0   0   0 184 164  17   0],7,258,945.3599853515625,0,0,Fuel/Ambient,864631765,1740861239
1740861240061467201,17,[  0   0   0   0 184 163  17   0],7,258,945.3400268554688,0,0,Fuel/Ambient,60982415,1740861240
1740861240270256272,17,[  0   0   0   0 184 163  17   0],7,258,945.3400268554688,0,0,Fuel/Ambient,269199722,1740861240
1740861240465104562,17,[  0   0   0   0 184 163  17   0],7,258,945.3400268554688,0,0,Fuel/Ambient,464699812,1740861240
1740861240670603309,17,[  0   0   0   0 184 163  17   0],7,258,945.3400268554688,0,0,Fuel/Ambient,670034809,1740861240
1740861240865895552,17,[  0   0   0   0 184 163  17   0],7,258,945.3400268554688,0,0,Fuel/Ambient,865378925,1740861240
1740861241071918284,17,[  0   0   0   0 184 163  17   0],7,258,945.3400268554688,0,0,Fuel/Ambient,71221011,1740861241
1740861241273472023,17,[  0   0   0   0 184 163  17   0],7,258,945.3400268554688,0,0,Fuel/Ambient,272365936,1740861241
1740861241468949772,17,[  0   0   0   0 184 163  17   0],7,258,945.3400268554688,0,0,Fuel/Ambient,468391800,1740861241
1740861241674784367,17,[  0   0   0   0 184 163  17   0],7,258,945.3400268554688,0,0,Fuel/Ambient,674097334,1740861241
1740861241870397480,17,[  0   0   0   0 184 163  17   0],7,258,945.3400268554688,0,0,Fuel/Ambient,869769170,1740861241
1740861242076402704,17,[  0   0   0   0 184 163  17   0],7,258,945.3400268554688,0,0,Fuel/Ambient,75784826,1740861242
1740861242274408986,17,[  0   0   0   0 184 163  17   0],7,258,945.3400268554688,0,0,Fuel/Ambient,273893352,1740861242
1740861242470019792,17,[  0   0   0   0 184 163  17   0],7,258,945.3400268554688,0,0,Fuel/Ambient,469406170,1740861242
1740861242675530466,17,[  0   0   0   0 184 163  17   0],7,258,945.3400268554688,0,0,Fuel/Ambient,675047345,1740861242
1740861242872098138,17,[  0   0   0   0 184 163  17   0],7,258,945.3400268554688,0,0,Fuel/Ambient,871193306,1740861242
1740861243077639276,17,[  0   0   0   0 184 163  17   0],7,258,945.3400268554688,0,0,Fuel/Ambient,77165276,1740861243
1740861243275701909,17,[  0   0   0   0 184 163  17   0],7,258,945.3400268554688,0,0,Fuel/Ambient,274958970,1740861243
1740861243480880952,17,[  0   0   0   0 184 163  17   0],7,258,945.3400268554688,0,0,Fuel/Ambient,480399687,1740861243
1740861243677434443,16,[  0   0   0   0 184 163  16   0],7,258,945.3400268554688,0,0,Fuel/Ambient,676621166,1740861243
1740861243882373637,16,[  0   0   0   0 184 163  16   0],7,258,945.3400268554688,0,0,Fuel/Ambient,881870804,1740861243
1740861244077889426,16,[  0   0   0   0 184 163  16   0],7,258,945.3400268554688,0,0,Fuel/Ambient,77378496,1740861244
1740861244276396806,16,[  0   0   0   0 184 163  16   0],7,258,945.3400268554688,0,0,Fuel/Ambient,275688909,1740861244
1740861244482368385,16,[  0   0   0   0 184 163  16   0],7,258,945.3400268554688,0,0,Fuel/Ambient,481806893,1740861244
1740861244677933325,16,[  0   0   0   0 184 163  16   0],7,258,945.3400268554688,0,0,Fuel/Ambient,677539871,1740861244
1740861244883189359,16,[  0   0   0   0 184 163  16   0],7,258,945.3400268554688,0,0,Fuel/Ambient,882685309,1740861244
1740861245078563859,16,[  0   0   0   0 184 163  16   0],7,258,945.3400268554688,0,0,Fuel/Ambient,78135300,1740861245
1740861245286586194,16,[  0   0   0   0 184 164  16   0],7,258,945.3599853515625,0,0,Fuel/Ambient,285860152,1740861245
1740861245481961555,16,[  0   0   0   0 184 164  16   0],7,258,945.3599853515625,0,0,Fuel/Ambient,481270011,1740861245
1740861245687468857,16,[  0   0   0   0 184 164  16   0],7,258,945.3599853515625,0,0,Fuel/Ambient,686826179,1740861245
1740861245883375598,16,[  0   0   0   0 184 164  16   0],7,258,945.3599853515625,0,0,Fuel/Ambient,882872444,1740861245
1740861246089529065,16,[  0   0   0   0 184 163  16   0],7,258,945.3400268554688,0,0,Fuel/Ambient,88836721,1740861246
1740861246287790476,16,[  0   0   0   0 184 163  16   0],7,258,945.3400268554688,0,0,Fuel/Ambient,287277754,1740861246
1740861246483421907,16,[  0   0   0   0 184 163  16   0],7,258,945.3400268554688,0,0,Fuel/Ambient,482617078,1740861246
1740861246689313955,16,[  0   0   0   0 184 163  16   0],7,258,945.3400268554688,0,0,Fuel/Ambient,688736046,1740861246
1740861246884361621,16,[  0   0   0   0 184 163  16   0],7,258,945.3400268554688,0,0,Fuel/Ambient,883859139,1740861246
1740861247090242210,16,[  0   0   0   0 184 164  16   0],7,258,945.3599853515625,0,0,Fuel/Ambient,89590411,1740861247
1740861247289437730,16,[  0   0   0   0 184 164  16   0],7,258,945.3599853515625,0,0,Fuel/Ambient,288615973,1740861247
1740861247494880350,16,[  0   0   0   0 184 164  16   0],7,258,945.3599853515625,0,0,Fuel/Ambient,494460399,1740861247
1740861247690372188,16,[  0   0   0   0 184 164  16   0],7,258,945.3599853515625,0,0,Fuel/Ambient,689699780,1740861247
1740861247895872218,16,[  0   0   0   0 184 164  16   0],7,258,945.3599853515625,0,0,Fuel/Ambient,895144896,1740861247
1740861248091987211,16,[  0   0   0   0 184 164  16   0],7,258,945.3599853515625,0,0,Fuel/Ambient,90917510,1740861248
1740861248289406345,16,[  0   0   0   0 184 164  16   0],7,258,945.3599853515625,0,0,Fuel/Ambient,288929656,1740861248
1740861248495278480,16,[  0   0   0   0 184 164  16   0],7,258,945.3599853515625,0,0,Fuel/Ambient,494443250,1740861248
1740861248690675686,16,[  0   0   0   0 184 164  16   0],7,258,945.3599853515625,0,0,Fuel/Ambient,689979182,1740861248
1740861248896857400,16,[  0   0   0   0 184 164  16   0],7,258,945.3599853515625,0,0,Fuel/Ambient,896085917,1740861248
1740861249092472436,16,[  0   0   0   0 184 164  16   0],7,258,945.3599853515625,0,0,Fuel/Ambient,92108903,1740861249
1740861249300523139,16,[  0   0   0   0 184 164  16   0],7,258,945.3599853515625,0,0,Fuel/Ambient,299885357,1740861249
1740861249495948183,16,[  0   0   0   0 184 164  16   0],7,258,945.3599853515625,0,0,Fuel/Ambient,495249886,1740861249
1740861249701209988,16,[  0   0   0   0 184 164  16   0],7,258,945.3599853515625,0,0,Fuel/Ambient,700612847,1740861249
1740861249896456049,16,[  0   0   0   0 184 164  16   0],7,258,945.3599853515625,0,0,Fuel/Ambient,895716951,1740861249
1740861250103245874,16,[  0   0   0   0 184 164  16   0],7,258,945.3599853515625,0,0,Fuel/Ambient,102810627,1740861250
1740861250301688108,16,[  0   0   0   0 184 164  16   0],7,258,945.3599853515625,0,0,Fuel/Ambient,300845838,1740861250
1740861250497192446,16,[  0   0   0   0 184 164  16   0],7,258,945.3599853515625,0,0,Fuel/Ambient,496605994,1740861250
1740861250702978970,16,[  0   0   0   0 184 164  16   0],7,258,945.3599853515625,0,0,Fuel/Ambient,702103835,1740861250
1740861250898475244,16,[  0   0   0   0 184 164  16   0],7,258,945.3599853515625,0,0,Fuel/Ambient,897851830,1740861250
1740861251105453743,16,[  0   0   0   0 184 165  16   0],7,258,945.3800048828125,0,0,Fuel/Ambient,104669620,1740861251
1740861251303765728,16,[  0   0   0   0 184 165  16   0],7,258,945.3800048828125,0,0,Fuel/Ambient,303020710,1740861251
1740861251499643484,16,[  0   0   0   0 184 165  16   0],7,258,945.3800048828125,0,0,Fuel/Ambient,498951556,1740861251
1740861251707226834,16,[  0   0   0   0 184 164  16   0],7,258,945.3599853515625,0,0,Fuel/Ambient,706207119,1740861251
1740861251906183290,16,[  0   0   0   0 184 164  16   0],7,258,945.3599853515625,0,0,Fuel/Ambient,905653544,1740861251
1740861252108323151,16,[  0   0   0   0 184 164  16   0],7,258,945.3599853515625,0,0,Fuel/Ambient,107670713,1740861252
1740861252304566516,16,[  0   0   0   0 184 164  16   0],7,258,945.3599853515625,0,0,Fuel/Ambient,303908701,1740861252
1740861252509442759,16,[  0   0   0   0 184 164  16   0],7,258,945.3599853515625,0,0,Fuel/Ambient,508964855,1740861252
1740861252705240124,16,[  0   0   0   0 184 165  16   0],7,258,945.3800048828125,0,0,Fuel/Ambient,704278331,1740861252
1740861252911132243,16,[  0   0   0   0 184 165  16   0],7,258,945.3800048828125,0,0,Fuel/Ambient,910237428,1740861252
1740861253106375347,16,[  0   0   0   0 184 165  16   0],7,258,945.3800048828125,0,0,Fuel/Ambient,105664762,1740861253
1740861253314414001,16,[  0   0   0   0 184 165  16   0],7,258,945.3800048828125,0,0,Fuel/Ambient,313958433,1740861253
1740861253510185601,16,[  0   0   0   0 184 165  16   0],7,258,945.3800048828125,0,0,Fuel/Ambient,509498697,1740861253
1740861253715902734,16,[  0   0   0   0 184 165  16   0],7,258,945.3800048828125,0,0,Fuel/Ambient,715409212,1740861253
1740861253911477303,16,[  0   0   0   0 184 165  16   0],7,258,945.3800048828125,0,0,Fuel/Ambient,910766366,1740861253
1740861254117079901,16,[  0   0   0   0 184 165  16   0],7,258,945.3800048828125,0,0,Fuel/Ambient,116408966,1740861254
1740861254314584006,16,[  0   0   0   0 184 165  16   0],7,258,945.3800048828125,0,0,Fuel/Ambient,314031443,1740861254
1740861254509445139,16,[  0   0   0   0 184 165  16   0],7,258,945.3800048828125,0,0,Fuel/Ambient,508914016,1740861254
1740861254717544911,16,[  0   0   0   0 184 165  16   0],7,258,945.3800048828125,0,0,Fuel/Ambient,716829430,1740861254
1740861254912574017,16,[  0   0   0   0 184 165  16   0],7,258,945.3800048828125,0,0,Fuel/Ambient,911879561,1740861254
1740861255117678546,16,[  0   0   0   0 184 165  16   0],7,258,945.3800048828125,0,0,Fuel/Ambient,117257315,1740861255
1740861255315781612,16,[  0   0   0   0 184 165  16   0],7,258,945.3800048828125,0,0,Fuel/Ambient,315060115,1740861255
1740861255521384365,16,[  0   0   0   0 184 164  16   0],7,258,945.3599853515625,0,0,Fuel/Ambient,520282118,1740861255
1740861255717284761,16,[  0   0   0   0 184 164  16   0],7,258,945.3599853515625,0,0,Fuel/Ambient,716732582,1740861255
1740861255923005726,16,[  0   0   0   0 184 164  16   0],7,258,945.3599853515625,0,0,Fuel/Ambient,922304934,1740861255
1740861256119012748,16,[  0   0   0   0 184 164  16   0],7,258,945.3599853515625,0,0,Fuel/Ambient,118401047,1740861256
1740861256317419341,16,[  0   0   0   0 184 164  16   0],7,258,945.3599853515625,0,0,Fuel/Ambient,316960989,1740861256
1740861256523396183,16,[  0   0   0   0 184 164  16   0],7,258,945.3599853515625,0,0,Fuel/Ambient,522684766,1740861256
1740861256718954228,16,[  0   0   0   0 184 164  16   0],7,258,945.3599853515625,0,0,Fuel/Ambient,718366815,1740861256
1740861256925836701,16,[  0   0   0   0 184 164  16   0],7,258,945.3599853515625,0,0,Fuel/Ambient,924419916,1740861256
1740861257121567486,16,[  0   0   0   0 184 165  16   0],7,258,945.3800048828125,0,0,Fuel/Ambient,120113899,1740861257
1740861257328162073,16,[  0   0   0   0 184 165  16   0],7,258,945.3800048828125,0,0,Fuel/Ambient,327572868,1740861257
1740861257523387302,16,[  0   0   0   0 184 165  16   0],7,258,945.3800048828125,0,0,Fuel/Ambient,522698542,1740861257
1740861257728817689,16,[  0   0   0   0 184 164  16   0],7,258,945.3599853515625,0,0,Fuel/Ambient,728080159,1740861257
1740861257923257867,16,[  0   0   0   0 184 165  16   0],7,258,945.3800048828125,0,0,Fuel/Ambient,922733625,1740861257
1740861258129222318,16,[  0   0   0   0 184 165  16   0],7,258,945.3800048828125,0,0,Fuel/Ambient,128476788,1740861258
1740861258328993078,16,[  0   0   0   0 184 165  16   0],7,258,945.3800048828125,0,0,Fuel/Ambient,328556135,1740861258
1740861258525004731,16,[  0   0   0   0 184 165  16   0],7,258,945.3800048828125,0,0,Fuel/Ambient,524222624,1740861258
1740861258731139554,16,[  0   0   0   0 184 165  16   0],7,258,945.3800048828125,0,0,Fuel/Ambient,730748213,1740861258
1740861258926996034,16,[  0   0   0   0 184 165  16   0],7,258,945.3800048828125,0,0,Fuel/Ambient,926456783,1740861258
1740861259132862621,16,[  0   0   0   0 184 165  16   0],7,258,945.3800048828125,0,0,Fuel/Ambient,132048001,1740861259
1740861259330373363,16,[  0   0   0   0 184 165  16   0],7,258,945.3800048828125,0,0,Fuel/Ambient,329954852,1740861259
1740861259525587480,16,[  0   0   0   0 184 165  16   0],7,258,945.3800048828125,0,0,Fuel/Ambient,525183626,1740861259
1740861259730991906,16,[  0   0   0   0 184 166  16   0],7,258,945.4000244140625,0,0,Fuel/Ambient,730502865,1740861259
1740861259936742135,16,[  0   0   0   0 184 166  16   0],7,258,945.4000244140625,0,0,Fuel/Ambient,936136098,1740861259
1740861260132338759,16,[  0   0   0   0 184 166  16   0],7,258,945.4000244140625,0,0,Fuel/Ambient,131786516,1740861260
1740861260330085634,16,[  0   0   0   0 184 166  16   0],7,258,945.4000244140625,0,0,Fuel/Ambient,329666323,1740861260
1740861260535759920,16,[  0   0   0   0 184 166  16   0],7,258,945.4000244140625,0,0,Fuel/Ambient,535142747,1740861260
1740861260731051093,16,[  0   0   0   0 184 166  16   0],7,258,945.4000244140625,0,0,Fuel/Ambient,730521922,1740861260
1740861260937222165,16,[  0   0   0   0 184 166  16   0],7,258,945.4000244140625,0,0,Fuel/Ambient,936339958,1740861260
1740861261132487926,16,[  0   0   0   0 184 167  16   0],7,258,945.4199829101562,0,0,Fuel/Ambient,131774749,1740861261
1740861261341190602,16,[  0   0   0   0 184 167  16   0],7,258,945.4199829101562,0,0,Fuel/Ambient,340211528,1740861261
1740861261536693298,16,[  0   0   0   0 184 167  16   0],7,258,945.4199829101562,0,0,Fuel/Ambient,535947480,1740861261
1740861261742471393,16,[  0   0   0   0 184 167  16   0],7,258,945.4199829101562,0,0,Fuel/Ambient,741778696,1740861261
1740861261938511675,16,[  0   0   0   0 184 167  16   0],7,258,945.4199829101562,0,0,Fuel/Ambient,937854724,1740861261
1740861262134116132,16,[  0   0   0   0 184 168  16   0],7,258,945.4400024414062,0,0,Fuel/Ambient,133637139,1740861262
1740861262342773939,16,[  0   0   0   0 184 168  16   0],7,258,945.4400024414062,0,0,Fuel/Ambient,342243712,1740861262
1740861262538573857,16,[  0   0   0   0 184 168  16   0],7,258,945.4400024414062,0,0,Fuel/Ambient,537846536,1740861262
1740861262744981314,16,[  0   0   0   0 184 168  16   0],7,258,945.4400024414062,0,0,Fuel/Ambient,744068482,1740861262
1740861262940918453,16,[  0   0   0   0 184 168  16   0],7,258,945.4400024414062,0,0,Fuel/Ambient,939752268,1740861262
1740861263146105448,16,[  0   0   0   0 184 168  16   0],7,258,945.4400024414062,0,0,Fuel/Ambient,145258986,1740861263
1740861263343757683,16,[  0   0   0   0 184 168  16   0],7,258,945.4400024414062,0,0,Fuel/Ambient,343268450,1740861263
1740861263539976716,16,[  0   0   0   0 184 168  16   0],7,258,945.4400024414062,0,0,Fuel/Ambient,539366743,1740861263
1740861263746138272,16,[  0   0   0   0 184 168  16   0],7,258,945.4400024414062,0,0,Fuel/Ambient,745451528,1740861263
1740861263942767367,16,[  0   0   0   0 184 168  16   0],7,258,945.4400024414062,0,0,Fuel/Ambient,941696258,1740861263
1740861264148509642,16,[  0   0   0   0 184 168  16   0],7,258,945.4400024414062,0,0,Fuel/Ambient,148058042,1740861264
1740861264347120339,16,[  0   0   0   0 184 168  16   0],7,258,945.4400024414062,0,0,Fuel/Ambient,345978571,1740861264
1740861264542707442,16,[  0   0   0   0 184 168  16   0],7,258,945.4400024414062,0,0,Fuel/Ambient,541961112,1740861264
1740861264749536473,16,[  0   0   0   0 184 168  16   0],7,258,945.4400024414062,0,0,Fuel/Ambient,749036391,1740861264
1740861264944495330,16,[  0   0   0   0 184 168  16   0],7,258,945.4400024414062,0,0,Fuel/Ambient,943914030,1740861264
1740861265148198970,16,[  0   0   0   0 184 168  16   0],7,258,945.4400024414062,0,0,Fuel/Ambient,147768235,1740861265
1740861265345219751,16,[  0   0   0   0 184 168  16   0],7,258,945.4400024414062,0,0,Fuel/Ambient,344622578,1740861265
1740861265550292045,16,[  0   0   0   0 184 168  16   0],7,258,945.4400024414062,0,0,Fuel/Ambient,549790236,1740861265
1740861265756442872,16,[  0   0   0   0 184 168  16   0],7,258,945.4400024414062,0,0,Fuel/Ambient,755665501,1740861265
1740861265951870126,16,[  0   0   0   0 184 168  16   0],7,258,945.4400024414062,0,0,Fuel/Ambient,951152501,1740861265
1740861266158696718,16,[  0   0   0   0 184 168  16   0],7,258,945.4400024414062,0,0,Fuel/Ambient,157810000,1740861266
1740861266357847010,16,[  0   0   0   0 184 168  16   0],7,258,945.4400024414062,0,0,Fuel/Ambient,357047526,1740861266
1740861266553339991,16,[  0   0   0   0 184 169  16   0],7,258,945.4600219726562,0,0,Fuel/Ambient,552515258,1740861266
1740861266759324792,16,[  0   0   0   0 184 169  16   0],7,258,945.4600219726562,0,0,Fuel/Ambient,758637472,1740861266
1740861266955034772,16,[  0   0   0   0 184 169  16   0],7,258,945.4600219726562,0,0,Fuel/Ambient,954204983,1740861266
1740861267160560899,16,[  0   0   0   0 184 169  16   0],7,258,945.4600219726562,0,0,Fuel/Ambient,160115315,1740861267
1740861267358313474,16,[  0   0   0   0 184 169  16   0],7,258,945.4600219726562,0,0,Fuel/Ambient,357770415,1740861267
1740861267554614223,16,[  0   0   0   0 184 169  16   0],7,258,945.4600219726562,0,0,Fuel/Ambient,553755185,1740861267
1740861267760095099,16,[  0   0   0   0 184 169  16   0],7,258,945.4600219726562,0,0,Fuel/Ambient,759626059,1740861267
1740861267955774770,16,[  0   0   0   0 184 169  16   0],7,258,945.4600219726562,0,0,Fuel/Ambient,954845394,1740861267
1740861268161704075,16,[  0   0   0   0 184 169  16   0],7,258,945.4600219726562,0,0,Fuel/Ambient,160928976,1740861268
1740861268359392164,16,[  0   0   0   0 184 169  16   0],7,258,945.4600219726562,0,0,Fuel/Ambient,358673483,1740861268
1740861268565103540,16,[  0   0   0   0 184 169  16   0],7,258,945.4600219726562,0,0,Fuel/Ambient,564326457,1740861268
1740861268761282457,16,[  0   0   0   0 184 169  16   0],7,258,945.4600219726562,0,0,Fuel/Ambient,760499422,1740861268
1740861268966314258,16,[  0   0   0   0 184 169  16   0],7,258,945.4600219726562,0,0,Fuel/Ambient,965790911,1740861268
1740861269162353743,16,[  0   0   0   0 184 169  16   0],7,258,945.4600219726562,0,0,Fuel/Ambient,161648470,1740861269
1740861269360286796,16,[  0   0   0   0 184 168  16   0],7,258,945.4400024414062,0,0,Fuel/Ambient,359521362,1740861269
1740861269565993721,16,[  0   0   0   0 184 168  16   0],7,258,945.4400024414062,0,0,Fuel/Ambient,565457638,1740861269
1740861269761644455,16,[  0   0   0   0 184 169  16   0],7,258,945.4600219726562,0,0,Fuel/Ambient,760991888,1740861269
1740861269966707165,16,[  0   0   0   0 184 169  16   0],7,258,945.4600219726562,0,0,Fuel/Ambient,966105736,1740861269
1740861270162596465,16,[  0   0   0   0 184 169  16   0],7,258,945.4600219726562,0,0,Fuel/Ambient,162167746,1740861270
1740861270371731344,16,[  0   0   0   0 184 169  16   0],7,258,945.4600219726562,0,0,Fuel/Ambient,370685035,1740861270
1740861270566325494,16,[  0   0   0   0 184 169  16   0],7,258,945.4600219726562,0,0,Fuel/Ambient,565860902,1740861270
1740861270772154946,16,[  0   0   0   0 184 169  16   0],7,258,945.4600219726562,0,0,Fuel/Ambient,771416169,1740861270
1740861270967920337,16,[  0   0   0   0 184 169  16   0],7,258,945.4600219726562,0,0,Fuel/Ambient,967249850,1740861270
1740861271164105899,16,[  0   0   0   0 184 168  16   0],7,258,945.4400024414062,0,0,Fuel/Ambient,163783200,1740861271
1740861271373195941,16,[  0   0   0   0 184 168  16   0],7,258,945.4400024414062,0,0,Fuel/Ambient,372340295,1740861271
1740861271569068948,16,[  0   0   0   0 184 168  16   0],7,258,945.4400024414062,0,0,Fuel/Ambient,568306009,1740861271
1740861271774736983,16,[  0   0   0   0 184 168  16   0],7,258,945.4400024414062,0,0,Fuel/Ambient,774044127,1740861271
1740861271970673320,16,[  0   0   0   0 184 168  16   0],7,258,945.4400024414062,0,0,Fuel/Ambient,970021233,1740861271
1740861272176490636,16,[  0   0   0   0 184 168  16   0],7,258,945.4400024414062,0,0,Fuel/Ambient,175974586,1740861272
1740861272375465027,16,[  0   0   0   0 184 167  16   0],7,258,945.4199829101562,0,0,Fuel/Ambient,374250969,1740861272
1740861272572942758,16,[  0   0   0   0 184 167  16   0],7,258,945.4199829101562,0,0,Fuel/Ambient,570732697,1740861272
1740861272777328280,16,[  0   0   0   0 184 167  16   0],7,258,945.4199829101562,0,0,Fuel/Ambient,776817414,1740861272
1740861272974122467,16,[  0   0   0   0 184 167  16   0],7,258,945.4199829101562,0,0,Fuel/Ambient,972835030,1740861272
1740861273179040837,16,[  0   0   0   0 184 167  16   0],7,258,945.4199829101562,0,0,Fuel/Ambient,178282026,1740861273
1740861273378906294,16,[  0   0   0   0 184 166  16   0],7,258,945.4000244140625,0,0,Fuel/Ambient,377911092,1740861273
1740861273574864705,16,[  0   0   0   0 184 166  16   0],7,258,945.4000244140625,0,0,Fuel/Ambient,573580276,1740861273
1740861273779912678,16,[  0   0   0   0 184 166  16   0],7,258,945.4000244140625,0,0,Fuel/Ambient,779207758,1740861273
1740861273975033971,16,[  0   0   0   0 184 166  16   0],7,258,945.4000244140625,0,0,Fuel/Ambient,974526146,1740861273
1740861274181095256,16,[  0   0   0   0 184 165  16   0],7,258,945.3800048828125,0,0,Fuel/Ambient,180277628,1740861274
1740861274378310251,16,[  0   0   0   0 184 165  16   0],7,258,945.3800048828125,0,0,Fuel/Ambient,377887228,1740861274
1740861274575482875,16,[  0   0   0   0 184 165  16   0],7,258,945.3800048828125,0,0,Fuel/Ambient,575130447,1740861274
1740861274781298711,16,[  0   0   0   0 184 165  16   0],7,258,945.3800048828125,0,0,Fuel/Ambient,780806118,1740861274
1740861274976767565,16,[  0   0   0   0 184 165  16   0],7,258,945.3800048828125,0,0,Fuel/Ambient,976247451,1740861274
1740861275182962419,16,[  0   0   0   0 184 164  16   0],7,258,945.3599853515625,0,0,Fuel/Ambient,182578949,1740861275
1740861275380861401,16,[  0   0   0   0 184 164  16   0],7,258,945.3599853515625,0,0,Fuel/Ambient,380121695,1740861275
1740861275586093789,16,[  0   0   0   0 184 164  16   0],7,258,945.3599853515625,0,0,Fuel/Ambient,585438374,1740861275
1740861275782032223,16,[  0   0   0   0 184 163  16   0],7,258,945.3400268554688,0,0,Fuel/Ambient,781114047,1740861275
1740861275987495403,16,[  0   0   0   0 184 163  16   0],7,258,945.3400268554688,0,0,Fuel/Ambient,986615788,1740861275
1740861276184074912,16,[  0   0   0   0 184 163  16   0],7,258,945.3400268554688,0,0,Fuel/Ambient,183081949,1740861276
1740861276381255657,16,[  0   0   0   0 184 162  16   0],7,258,945.3200073242188,0,0,Fuel/Ambient,380811834,1740861276
1740861276586418183,16,[  0   0   0   0 184 162  16   0],7,258,945.3200073242188,0,0,Fuel/Ambient,585860307,1740861276
1740861276792230011,16,[  0   0   0   0 184 162  16   0],7,258,945.3200073242188,0,0,Fuel/Ambient,791685928,1740861276
1740861276987897136,16,[  0   0   0   0 184 162  16   0],7,258,945.3200073242188,0,0,Fuel/Ambient,987298235,1740861276
1740861277193751234,16,[  0   0   0   0 184 161  16   0],7,258,945.2999877929688,0,0,Fuel/Ambient,193381333,1740861277
1740861277393263000,16,[  0   0   0   0 184 161  16   0],7,258,945.2999877929688,0,0,Fuel/Ambient,391610175,1740861277
1740861277588346613,16,[  0   0   0   0 184 161  16   0],7,258,945.2999877929688,0,0,Fuel/Ambient,587624764,1740861277
1740861277793029470,16,[  0   0   0   0 184 161  16   0],7,258,945.2999877929688,0,0,Fuel/Ambient,792678034,1740861277
1740861277988603244,16,[  0   0   0   0 184 161  16   0],7,258,945.2999877929688,0,0,Fuel/Ambient,988092827,1740861277
1740861278193667615,16,[  0   0   0   0 184 161  16   0],7,258,945.2999877929688,0,0,Fuel/Ambient,192829634,1740861278
1740861278390150601,16,[  0   0   0   0 184 161  16   0],7,258,945.2999877929688,0,0,Fuel/Ambient,389768892,1740861278
1740861278595677163,16,[  0   0   0   0 184 160  16   0],7,258,945.280029296875,0,0,Fuel/Ambient,594873008,1740861278
1740861278791110609,16,[  0   0   0   0 184 160  16   0],7,258,945.280029296875,0,0,Fuel/Ambient,790405016,1740861278
1740861278996434732,16,[  0   0   0   0 184 160  16   0],7,258,945.280029296875,0,0,Fuel/Ambient,996026910,1740861278
1740861279191300123,16,[  0   0   0   0 184 160  16   0],7,258,945.280029296875,0,0,Fuel/Ambient,190855371,1740861279
1740861279398955747,16,[  0   0   0   0 184 160  16   0],7,258,945.280029296875,0,0,Fuel/Ambient,398447281,1740861279
1740861279594826708,16,[  0   0   0   0 184 160  16   0],7,258,945.280029296875,0,0,Fuel/Ambient,594015480,1740861279
1740861279800113098,16,[  0   0   0   0 184 160  16   0],7,258,945.280029296875,0,0,Fuel/Ambient,799663450,1740861279
1740861279995566476,16,[  0   0   0   0 184 160  16   0],7,258,945.280029296875,0,0,Fuel/Ambient,995013081,1740861279
1740861280201590937,16,[  0   0   0   0 184 160  16   0],7,258,945.280029296875,0,0,Fuel/Ambient,201035269,1740861280
1740861280399680658,16,[  0   0   0   0 184 160  16   0],7,258,945.280029296875,0,0,Fuel/Ambient,399055293,1740861280
1740861280595474557,16,[  0   0   0   0 184 159  16   0],7,258,945.260009765625,0,0,Fuel/Ambient,595066575,1740861280
1740861280800381890,16,[  0   0   0   0 184 159  16   0],7,258,945.260009765625,0,0,Fuel/Ambient,799707531,1740861280
1740861281005524560,16,[  0   0   0   0 184 159  16   0],7,258,945.260009765625,0,0,Fuel/Ambient,5038975,1740861281
1740861281201824392,16,[  0   0   0   0 184 159  16   0],7,258,945.260009765625,0,0,Fuel/Ambient,201154673,1740861281
1740861281399338506,16,[  0   0   0   0 184 159  16   0],7,258,945.260009765625,0,0,Fuel/Ambient,398932956,1740861281
1740861281605562009,16,[  0   0   0   0 184 159  16   0],7,258,945.260009765625,0,0,Fuel/Ambient,604798111,1740861281
1740861281801698156,16,[  0   0   0   0 184 159  16   0],7,258,945.260009765625,0,0,Fuel/Ambient,801149241,1740861281
1740861282007933691,16,[  0   0   0   0 184 159  16   0],7,258,945.260009765625,0,0,Fuel/Ambient,7309670,1740861282
1740861282204062826,16,[  0   0   0   0 184 160  16   0],7,258,945.280029296875,0,0,Fuel/Ambient,203497366,1740861282
1740861282401865970,16,[  0   0   0   0 184 160  16   0],7,258,945.280029296875,0,0,Fuel/Ambient,401409027,1740861282
1740861282607218239,16,[  0   0   0   0 184 160  16   0],7,258,945.280029296875,0,0,Fuel/Ambient,606858643,1740861282
1740861282813098975,16,[  0   0   0   0 184 160  16   0],7,258,945.280029296875,0,0,Fuel/Ambient,812169598,1740861282
1740861283008270252,16,[  0   0   0   0 184 160  16   0],7,258,945.280029296875,0,0,Fuel/Ambient,7530227,1740861283
1740861283213494769,16,[  0   0   0   0 184 160  16   0],7,258,945.280029296875,0,0,Fuel/Ambient,213055138,1740861283
1740861283411870697,16,[  0   0   0   0 184 160  16   0],7,258,945.280029296875,0,0,Fuel/Ambient,411119279,1740861283
1740861283608465765,16,[  0   0   0   0 184 160  16   0],7,258,945.280029296875,0,0,Fuel/Ambient,607714859,1740861283
1740861283814734957,16,[  0   0   0   0 184 160  16   0],7,258,945.280029296875,0,0,Fuel/Ambient,813860111,1740861283
1740861284010029403,16,[  0   0   0   0 184 160  16   0],7,258,945.280029296875,0,0,Fuel/Ambient,9158909,1740861284
1740861284215230395,16,[  0   0   0   0 184 161  16   0],7,258,945.2999877929688,0,0,Fuel/Ambient,214722218,1740861284
1740861284412961946,16,[  0   0   0   0 184 161  16   0],7,258,945.2999877929688,0,0,Fuel/Ambient,412468809,1740861284
1740861284618727438,16,[  0   0   0   0 184 161  16   0],7,258,945.2999877929688,0,0,Fuel/Ambient,618004277,1740861284
1740861284814136508,16,[  0   0   0   0 184 161  16   0],7,258,945.2999877929688,0,0,Fuel/Ambient,813759119,1740861284
1740861285010263171,16,[  0   0   0   0 184 161  16   0],7,258,945.2999877929688,0,0,Fuel/Ambient,9522282,1740861285
1740861285214793289,16,[  0   0   0   0 184 161  16   0],7,258,945.2999877929688,0,0,Fuel/Ambient,214479582,1740861285
1740861285412534212,16,[  0   0   0   0 184 161  16   0],7,258,945.2999877929688,0,0,Fuel/Ambient,411901390,1740861285
1740861285617691678,16,[  0   0   0   0 184 161  16   0],7,258,945.2999877929688,0,0,Fuel/Ambient,617149676,1740861285
1740861285813781185,16,[  0   0   0   0 184 161  16   0],7,258,945.2999877929688,0,0,Fuel/Ambient,813356754,1740861285
1740861286020159781,16,[  0   0   0   0 184 161  16   0],7,258,945.2999877929688,0,0,Fuel/Ambient,19733975,1740861286
1740861286216216931,16,[  0   0   0   0 184 161  16   0],7,258,945.2999877929688,0,0,Fuel/Ambient,215693649,1740861286
1740861286424252061,16,[  0   0   0   0 184 161  16   0],7,258,945.2999877929688,0,0,Fuel/Ambient,423728299,1740861286
1740861286620268761,16,[  0   0   0   0 184 161  16   0],7,258,945.2999877929688,0,0,Fuel/Ambient,619336281,1740861286
1740861286825999492,16,[  0   0   0   0 184 160  16   0],7,258,945.280029296875,0,0,Fuel/Ambient,825259178,1740861286
1740861287022535826,16,[  0   0   0   0 184 160  16   0],7,258,945.280029296875,0,0,Fuel/Ambient,21758263,1740861287
1740861287219243362,16,[  0   0   0   0 184 160  16   0],7,258,945.280029296875,0,0,Fuel/Ambient,218369988,1740861287
1740861287426443451,16,[  0   0   0   0 184 160  16   0],7,258,945.280029296875,0,0,Fuel/Ambient,425977163,1740861287
1740861287621688729,16,[  0   0   0   0 184 159  16   0],7,258,945.260009765625,0,0,Fuel/Ambient,620765369,1740861287
1740861287826690631,16,[  0   0   0   0 184 159  16   0],7,258,945.260009765625,0,0,Fuel/Ambient,826129844,1740861287
1740861288022392820,16,[  0   0   0   0 184 159  16   0],7,258,945.260009765625,0,0,Fuel/Ambient,21727677,1740861288
1740861288227979666,16,[  0   0   0   0 184 158  16   0],7,258,945.239990234375,0,0,Fuel/Ambient,227338492,1740861288
1740861288426205043,16,[  0   0   0   0 184 158  16   0],7,258,945.239990234375,0,0,Fuel/Ambient,425345206,1740861288
1740861288631743600,16,[  0   0   0   0 184 158  16   0],7,258,945.239990234375,0,0,Fuel/Ambient,631252543,1740861288
1740861288827748996,16,[  0   0   0   0 184 158  16   0],7,258,945.239990234375,0,0,Fuel/Ambient,826973193,1740861288
1740861289023784857,16,[  0   0   0   0 184 158  16   0],7,258,945.239990234375,0,0,Fuel/Ambient,23020351,1740861289
1740861289228706109,16,[  0   0   0   0 184 158  16   0],7,258,945.239990234375,0,0,Fuel/Ambient,228284846,1740861289
1740861289427475213,16,[  0   0   0   0 184 158  16   0],7,258,945.239990234375,0,0,Fuel/Ambient,426686097,1740861289
1740861289632698394,16,[  0   0   0   0 184 158  16   0],7,258,945.239990234375,0,0,Fuel/Ambient,632167592,1740861289
1740861289828488868,16,[  0   0   0   0 184 158  16   0],7,258,945.239990234375,0,0,Fuel/Ambient,827919632,1740861289
1740861290037325933,16,[  0   0   0   0 184 158  16   0],7,258,945.239990234375,0,0,Fuel/Ambient,36041345,1740861290
1740861290232143954,16,[  0   0   0   0 184 158  16   0],7,258,945.239990234375,0,0,Fuel/Ambient,231692610,1740861290
1740861290430448910,16,[  0   0   0   0 184 159  16   0],7,258,945.260009765625,0,0,Fuel/Ambient,429737365,1740861290
1740861290635995875,16,[  0   0   0   0 184 159  16   0],7,258,945.260009765625,0,0,Fuel/Ambient,635353037,1740861290
1740861290832420767,16,[  0   0   0   0 184 159  16   0],7,258,945.260009765625,0,0,Fuel/Ambient,831617667,1740861290
1740861291038773711,16,[  0   0   0   0 184 159  16   0],7,258,945.260009765625,0,0,Fuel/Ambient,38322847,1740861291
1740861291233439594,16,[  0   0   0   0 184 159  16   0],7,258,945.260009765625,0,0,Fuel/Ambient,232878615,1740861291
1740861291432183890,16,[  0   0   0   0 184 159  16   0],7,258,945.260009765625,0,0,Fuel/Ambient,431658848,1740861291
1740861291637088333,16,[  0   0   0   0 184 159  16   0],7,258,945.260009765625,0,0,Fuel/Ambient,636344212,1740861291
1740861291833543142,16,[  0   0   0   0 184 160  16   0],7,258,945.280029296875,0,0,Fuel/Ambient,832760907,1740861291
1740861292039361728,16,[  0   0   0   0 184 160  16   0],7,258,945.280029296875,0,0,Fuel/Ambient,38457025,1740861292
1740861292235368550,16,[  0   0   0   0 184 160  16   0],7,258,945.280029296875,0,0,Fuel/Ambient,234708272,1740861292
1740861292442791508,16,[  0   0   0   0 184 160  16   0],7,258,945.280029296875,0,0,Fuel/Ambient,442440008,1740861292
1740861292638422509,16,[  0   0   0   0 184 160  16   0],7,258,945.280029296875,0,0,Fuel/Ambient,637790616,1740861292
1740861292844300614,16,[  0   0   0   0 184 160  16   0],7,258,945.280029296875,0,0,Fuel/Ambient,843601902,1740861292
1740861293040636887,16,[  0   0   0   0 184 160  16   0],7,258,945.280029296875,0,0,Fuel/Ambient,39534609,1740861293
1740861293246174880,16,[  0   0   0   0 184 160  16   0],7,258,945.280029296875,0,0,Fuel/Ambient,245386149,1740861293
1740861293444810173,16,[  0   0   0   0 184 160  16   0],7,258,945.280029296875,0,0,Fuel/Ambient,443154244,1740861293
1740861293639422095,16,[  0   0   0   0 184 160  16   0],7,258,945.280029296875,0,0,Fuel/Ambient,638669238,1740861293
1740861293846043518,16,[  0   0   0   0 184 160  16   0],7,258,945.280029296875,0,0,Fuel/Ambient,844595084,1740861293
1740861294040759188,16,[  0   0   0   0 184 160  16   0],7,258,945.280029296875,0,0,Fuel/Ambient,40146655,1740861294
1740861294246524257,16,[  0   0   0   0 184 160  16   0],7,258,945.280029296875,0,0,Fuel/Ambient,246027792,1740861294
1740861294444787629,16,[  0   0   0   0 184 161  16   0],7,258,945.2999877929688,0,0,Fuel/Ambient,444355166,1740861294
1740861294650678079,16,[  0   0   0   0 184 161  16   0],7,258,945.2999877929688,0,0,Fuel/Ambient,650210127,1740861294
1740861294846597819,16,[  0   0   0   0 184 161  16   0],7,258,945.2999877929688,0,0,Fuel/Ambient,845860609,1740861294
1740861295055182184,16,[  0   0   0   0 184 161  16   0],7,258,945.2999877929688,0,0,Fuel/Ambient,51931256,1740861295
1740861295247806447,16,[  0   0   0   0 184 161  16   0],7,258,945.2999877929688,0,0,Fuel/Ambient,247384577,1740861295
1740861295445594856,16,[  0   0   0   0 184 161  16   0],7,258,945.2999877929688,0,0,Fuel/Ambient,445104631,1740861295
1740861295651292527,16,[  0   0   0   0 184 161  16   0],7,258,945.2999877929688,0,0,Fuel/Ambient,650721755,1740861295
1740861295847262889,16,[  0   0   0   0 184 161  16   0],7,258,945.2999877929688,0,0,Fuel/Ambient,846419820,1740861295
1740861296053210552,16,[  0   0   0   0 184 161  16   0],7,258,945.2999877929688,0,0,Fuel/Ambient,52449406,1740861296
1740861296249571708,16,[  0   0   0   0 184 161  16   0],7,258,945.2999877929688,0,0,Fuel/Ambient,248721791,1740861296
1740861296457567950,16,[  0   0   0   0 184 161  16   0],7,258,945.2999877929688,0,0,Fuel/Ambient,456937336,1740861296
1740861296653338110,16,[  0   0   0   0 184 161  16   0],7,258,945.2999877929688,0,0,Fuel/Ambient,652699592,1740861296
1740861296859467344,16,[  0   0   0   0 184 161  16   0],7,258,945.2999877929688,0,0,Fuel/Ambient,858690549,1740861296
1740861297055603531,16,[  0   0   0   0 184 161  16   0],7,258,945.2999877929688,0,0,Fuel/Ambient,54510406,1740861297
1740861297250858982,16,[  0   0   0   0 184 161  16   0],7,258,945.2999877929688,0,0,Fuel/Ambient,250245232,1740861297
1740861297458805202,16,[  0   0   0   0 184 162  16   0],7,258,945.3200073242188,0,0,Fuel/Ambient,458259008,1740861297
1740861297654410777,16,[  0   0   0   0 184 162  16   0],7,258,945.3200073242188,0,0,Fuel/Ambient,653575644,1740861297
1740861297859998997,16,[  0   0   0   0 184 162  16   0],7,258,945.3200073242188,0,0,Fuel/Ambient,859207706,1740861297
1740861298055495254,16,[  0   0   0   0 184 162  16   0],7,258,945.3200073242188,0,0,Fuel/Ambient,54749853,1740861298
1740861298261504477,16,[  0   0   0   0 184 163  16   0],7,258,945.3400268554688,0,0,Fuel/Ambient,260704930,1740861298
1740861298459212776,16,[  0   0   0   0 184 163  16   0],7,258,945.3400268554688,0,0,Fuel/Ambient,458813402,1740861298
1740861298655679208,16,[  0   0   0   0 184 163  16   0],7,258,945.3400268554688,0,0,Fuel/Ambient,654972976,1740861298
1740861298861533098,16,[  0   0   0   0 184 163  16   0],7,258,945.3400268554688,0,0,Fuel/Ambient,860767663,1740861298
1740861299057255247,16,[  0   0   0   0 184 163  16   0],7,258,945.3400268554688,0,0,Fuel/Ambient,56457204,1740861299
1740861299262540154,16,[  0   0   0   0 184 163  16   0],7,258,945.3400268554688,0,0,Fuel/Ambient,261792896,1740861299
1740861299460139549,16,[  0   0   0   0 184 163  16   0],7,258,945.3400268554688,0,0,Fuel/Ambient,459516552,1740861299
1740861299665930392,16,[  0   0   0   0 184 163  16   0],7,258,945.3400268554688,0,0,Fuel/Ambient,665421223,1740861299
1740861299862349204,16,[  0   0   0   0 184 163  16   0],7,258,945.3400268554688,0,0,Fuel/Ambient,861798465,1740861299
1740861300068898536,16,[  0   0   0   0 184 163  16   0],7,258,945.3400268554688,0,0,Fuel/Ambient,68094860,1740861300
1740861300264179960,16,[  0   0   0   0 184 163  16   0],7,258,945.3400268554688,0,0,Fuel/Ambient,263797707,1740861300
1740861300463284748,16,[  0   0   0   0 184 163  16   0],7,258,945.3400268554688,0,0,Fuel/Ambient,462383501,1740861300
1740861300668926878,16,[  0   0   0   0 184 163  16   0],7,258,945.3400268554688,0,0,Fuel/Ambient,668268392,1740861300
1740861300865084941,16,[  0   0   0   0 184 163  16   0],7,258,945.3400268554688,0,0,Fuel/Ambient,864313267,1740861300
1740861301071710688,16,[  0   0   0   0 184 163  16   0],7,258,945.3400268554688,0,0,Fuel/Ambient,70241742,1740861301
1740861301267079184,16,[  0   0   0   0 184 163  16   0],7,258,945.3400268554688,0,0,Fuel/Ambient,266431578,1740861301
1740861301465690543,16,[  0   0   0   0 184 163  16   0],7,258,945.3400268554688,0,0,Fuel/Ambient,465135004,1740861301
1740861301671906866,16,[  0   0   0   0 184 163  16   0],7,258,945.3400268554688,0,0,Fuel/Ambient,671143351,1740861301
1740861301867481097,16,[  0   0   0   0 184 163  16   0],7,258,945.3400268554688,0,0,Fuel/Ambient,866962871,1740861301
1740861302073875632,16,[  0   0   0   0 184 163  16   0],7,258,945.3400268554688,0,0,Fuel/Ambient,73173848,1740861302
1740861302270192317,16,[  0   0   0   0 184 163  16   0],7,258,945.3400268554688,0,0,Fuel/Ambient,268791309,1740861302
1740861302476462014,16,[  0   0   0   0 184 163  16   0],7,258,945.3400268554688,0,0,Fuel/Ambient,476038255,1740861302
1740861302672342716,16,[  0   0   0   0 184 163  16   0],7,258,945.3400268554688,0,0,Fuel/Ambient,671680581,1740861302
1740861302878295153,16,[  0   0   0   0 184 163  16   0],7,258,945.3400268554688,0,0,Fuel/Ambient,877550968,1740861302
1740861303073488119,16,[  0   0   0   0 184 163  16   0],7,258,945.3400268554688,0,0,Fuel/Ambient,72970661,1740861303
1740861303279857751,16,[  0   0   0   0 184 163  16   0],7,258,945.3400268554688,0,0,Fuel/Ambient,279156351,1740861303
1740861303478166724,16,[  0   0   0   0 184 163  16   0],7,258,945.3400268554688,0,0,Fuel/Ambient,477468013,1740861303
1740861303673837784,16,[  0   0   0   0 184 163  16   0],7,258,945.3400268554688,0,0,Fuel/Ambient,673108255,1740861303
1740861303879622532,16,[  0   0   0   0 184 163  16   0],7,258,945.3400268554688,0,0,Fuel/Ambient,878944525,1740861303
1740861304075184659,16,[  0   0   0   0 184 163  16   0],7,258,945.3400268554688,0,0,Fuel/Ambient,74691330,1740861304
1740861304285294671,16,[  0   0   0   0 184 163  16   0],7,258,945.3400268554688,0,0,Fuel/Ambient,281508718,1740861304
1740861304484692446,16,[  0   0   0   0 184 163  16   0],7,258,945.3400268554688,0,0,Fuel/Ambient,483469844,1740861304
1740861304681464243,16,[  0   0   0   0 184 163  16   0],7,258,945.3400268554688,0,0,Fuel/Ambient,680459249,1740861304
1740861304875751156,16,[  0   0   0   0 184 163  16   0],7,258,945.3400268554688,0,0,Fuel/Ambient,875274339,1740861304
1740861305081524123,16,[  0   0   0   0 184 164  16   0],7,258,945.3599853515625,0,0,Fuel/Ambient,80890661,1740861305
1740861305277084291,16,[  0   0   0   0 184 164  16   0],7,258,945.3599853515625,0,0,Fuel/Ambient,276544625,1740861305
1740861305485938321,16,[  0   0   0   0 184 164  16   0],7,258,945.3599853515625,0,0,Fuel/Ambient,485313339,1740861305
1740861305681236880,16,[  0   0   0   0 184 164  16   0],7,258,945.3599853515625,0,0,Fuel/Ambient,680749952,1740861305
1740861305887262461,16,[  0   0   0   0 184 164  16   0],7,258,945.3599853515625,0,0,Fuel/Ambient,886564454,1740861305
1740861306084360569,16,[  0   0   0   0 184 164  16   0],7,258,945.3599853515625,0,0,Fuel/Ambient,83858824,1740861306
1740861306280795644,16,[  0   0   0   0 184 164  16   0],7,258,945.3599853515625,0,0,Fuel/Ambient,280071875,1740861306
1740861306489757449,16,[  0   0   0   0 184 164  16   0],7,258,945.3599853515625,0,0,Fuel/Ambient,488840522,1740861306
1740861306685181898,16,[  0   0   0   0 184 164  16   0],7,258,945.3599853515625,0,0,Fuel/Ambient,684557396,1740861306
1740861306890437113,16,[  0   0   0   0 184 163  16   0],7,258,945.3400268554688,0,0,Fuel/Ambient,889898311,1740861306
1740861307085987804,16,[  0   0   0   0 184 163  16   0],7,258,945.3400268554688,0,0,Fuel/Ambient,85456426,1740861307
1740861307292009794,16,[  0   0   0   0 184 163  16   0],7,258,945.3400268554688,0,0,Fuel/Ambient,291444431,1740861307
1740861307491371685,16,[  0   0   0   0 184 163  16   0],7,258,945.3400268554688,0,0,Fuel/Ambient,490706638,1740861307
1740861307688242611,16,[  0   0   0   0 184 163  16   0],7,258,945.3400268554688,0,0,Fuel/Ambient,686478615,1740861307
1740861307892991917,16,[  0   0   0   0 184 163  16   0],7,258,945.3400268554688,0,0,Fuel/Ambient,892385017,1740861307
1740861308088771957,16,[  0   0   0   0 184 163  16   0],7,258,945.3400268554688,0,0,Fuel/Ambient,87986554,1740861308
1740861308295112258,16,[  0   0   0   0 184 163  16   0],7,258,945.3400268554688,0,0,Fuel/Ambient,293635663,1740861308
1740861308491683650,16,[  0   0   0   0 184 163  16   0],7,258,945.3400268554688,0,0,Fuel/Ambient,491254164,1740861308
1740861308696587710,16,[  0   0   0   0 184 164  16   0],7,258,945.3599853515625,0,0,Fuel/Ambient,696136911,1740861308
1740861308891674572,16,[  0   0   0   0 184 164  16   0],7,258,945.3599853515625,0,0,Fuel/Ambient,891168379,1740861308
1740861309097234333,16,[  0   0   0   0 184 163  16   0],7,258,945.3400268554688,0,0,Fuel/Ambient,96452418,1740861309
1740861309292574544,16,[  0   0   0   0 184 163  16   0],7,258,945.3400268554688,0,0,Fuel/Ambient,291791797,1740861309
1740861309501138532,16,[  0   0   0   0 184 163  16   0],7,258,945.3400268554688,0,0,Fuel/Ambient,500424556,1740861309
1740861309696622844,16,[  0   0   0   0 184 163  16   0],7,258,945.3400268554688,0,0,Fuel/Ambient,695903204,1740861309
1740861309902300207,16,[  0   0   0   0 184 164  16   0],7,258,945.3599853515625,0,0,Fuel/Ambient,901646617,1740861309
1740861310098758438,16,[  0   0   0   0 184 164  16   0],7,258,945.3599853515625,0,0,Fuel/Ambient,98258101,1740861310
1740861310294582535,16,[  0   0   0   0 184 164  16   0],7,258,945.3599853515625,0,0,Fuel/Ambient,294043700,1740861310
1740861310503124823,16,[  0   0   0   0 184 164  16   0],7,258,945.3599853515625,0,0,Fuel/Ambient,502349565,1740861310
1740861310698130011,16,[  0   0   0   0 184 164  16   0],7,258,945.3599853515625,0,0,Fuel/Ambient,697571176,1740861310
1740861310904040914,16,[  0   0   0   0 184 164  16   0],7,258,945.3599853515625,0,0,Fuel/Ambient,903224406,1740861310
1740861311098987794,16,[  0   0   0   0 184 164  16   0],7,258,945.3599853515625,0,0,Fuel/Ambient,98516130,1740861311
1740861311305331540,16,[  0   0   0   0 184 164  16   0],7,258,945.3599853515625,0,0,Fuel/Ambient,304514873,1740861311
1740861311503323867,16,[  0   0   0   0 184 164  16   0],7,258,945.3599853515625,0,0,Fuel/Ambient,502627203,1740861311
1740861311699035475,16,[  0   0   0   0 184 164  16   0],7,258,945.3599853515625,0,0,Fuel/Ambient,698310075,1740861311
1740861311905001769,16,[  0   0   0   0 184 164  16   0],7,258,945.3599853515625,0,0,Fuel/Ambient,904263311,1740861311
1740861312100613980,16,[  0   0   0   0 184 164  16   0],7,258,945.3599853515625,0,0,Fuel/Ambient,100008840,1740861312
1740861312307192546,16,[  0   0   0   0 184 164  16   0],7,258,945.3599853515625,0,0,Fuel/Ambient,306578254,1740861312
1740861312504794936,16,[  0   0   0   0 184 164  16   0],7,258,945.3599853515625,0,0,Fuel/Ambient,504299911,1740861312
1740861312710570275,16,[  0   0   0   0 184 164  16   0],7,258,945.3599853515625,0,0,Fuel/Ambient,709868843,1740861312
1740861312908066741,16,[  0   0   0   0 184 164  16   0],7,258,945.3599853515625,0,0,Fuel/Ambient,907347036,1740861312
1740861313104013680,16,[  0   0   0   0 184 164  16   0],7,258,945.3599853515625,0,0,Fuel/Ambient,103337017,1740861313
1740861313310127939,16,[  0   0   0   0 184 164  16   0],7,258,945.3599853515625,0,0,Fuel/Ambient,309485261,1740861313
1740861313508790073,16,[  0   0   0   0 184 164  16   0],7,258,945.3599853515625,0,0,Fuel/Ambient,507790935,1740861313
1740861313714590177,16,[  0   0   0   0 184 164  16   0],7,258,945.3599853515625,0,0,Fuel/Ambient,713900874,1740861313
1740861313909982344,16,[  0   0   0   0 184 165  16   0],7,258,945.3800048828125,0,0,Fuel/Ambient,909245295,1740861313
1740861314115940244,16,[  0   0   0   0 184 165  16   0],7,258,945.3800048828125,0,0,Fuel/Ambient,115346080,1740861314
1740861314311728005,16,[  0   0   0   0 184 165  16   0],7,258,945.3800048828125,0,0,Fuel/Ambient,311171378,1740861314
1740861314510500219,16,[  0   0   0   0 184 165  16   0],7,258,945.3800048828125,0,0,Fuel/Ambient,510023179,1740861314
1740861314716547560,16,[  0   0   0   0 184 165  16   0],7,258,945.3800048828125,0,0,Fuel/Ambient,715977588,1740861314
1740861314912210260,16,[  0   0   0   0 184 165  16   0],7,258,945.3800048828125,0,0,Fuel/Ambient,911511613,1740861314
1740861315117701901,16,[  0   0   0   0 184 165  16   0],7,258,945.3800048828125,0,0,Fuel/Ambient,117239613,1740861315
1740861315313440984,16,[  0   0   0   0 184 165  16   0],7,258,945.3800048828125,0,0,Fuel/Ambient,312901574,1740861315
1740861315511784317,16,[  0   0   0   0 184 165  16   0],7,258,945.3800048828125,0,0,Fuel/Ambient,510811580,1740861315
1740861315718439706,16,[  0   0   0   0 184 165  16   0],7,258,945.3800048828125,0,0,Fuel/Ambient,717737571,1740861315
1740861315914049986,16,[  0   0   0   0 184 165  16   0],7,258,945.3800048828125,0,0,Fuel/Ambient,913256231,1740861315
1740861316120746783,16,[  0   0   0   0 184 165  16   0],7,258,945.3800048828125,0,0,Fuel/Ambient,119882114,1740861316
1740861316316915030,16,[  0   0   0   0 184 165  16   0],7,258,945.3800048828125,0,0,Fuel/Ambient,316148060,1740861316
1740861316516022193,16,[  0   0   0   0 184 165  16   0],7,258,945.3800048828125,0,0,Fuel/Ambient,515393307,1740861316
1740861316722114456,16,[  0   0   0   0 184 165  16   0],7,258,945.3800048828125,0,0,Fuel/Ambient,721346494,1740861316
1740861316917821983,16,[  0   0   0   0 184 165  16   0],7,258,945.3800048828125,0,0,Fuel/Ambient,917078278,1740861316
1740861317123142890,16,[  0   0   0   0 184 165  16   0],7,258,945.3800048828125,0,0,Fuel/Ambient,122475540,1740861317
1740861317318896560,16,[  0   0   0   0 184 165  16   0],7,258,945.3800048828125,0,0,Fuel/Ambient,318030706,1740861317
1740861317517676828,16,[  0   0   0   0 184 166  16   0],7,258,945.4000244140625,0,0,Fuel/Ambient,517244013,1740861317
1740861317722852832,16,[  0   0   0   0 184 166  16   0],7,258,945.4000244140625,0,0,Fuel/Ambient,722393521,1740861317
1740861317928398961,16,[  0   0   0   0 184 165  16   0],7,258,945.3800048828125,0,0,Fuel/Ambient,928077126,1740861317
1740861318124196566,16,[  0   0   0   0 184 165  16   0],7,258,945.3800048828125,0,0,Fuel/Ambient,123409531,1740861318
1740861318329478651,16,[  0   0   0   0 184 165  16   0],7,258,945.3800048828125,0,0,Fuel/Ambient,328974122,1740861318
1740861318527480841,16,[  0   0   0   0 184 165  16   0],7,258,945.3800048828125,0,0,Fuel/Ambient,526961015,1740861318
1740861318723782685,16,[  0   0   0   0 184 165  16   0],7,258,945.3800048828125,0,0,Fuel/Ambient,723023044,1740861318
1740861318929189414,16,[  0   0   0   0 184 164  16   0],7,258,945.3599853515625,0,0,Fuel/Ambient,928697813,1740861318
1740861319125397013,16,[  0   0   0   0 184 164  16   0],7,258,945.3599853515625,0,0,Fuel/Ambient,124549273,1740861319
1740861319330854780,16,[  0   0   0   0 184 164  16   0],7,258,945.3599853515625,0,0,Fuel/Ambient,330286633,1740861319
1740861319530166579,16,[  0   0   0   0 184 164  16   0],7,258,945.3599853515625,0,0,Fuel/Ambient,528188208,1740861319
1740861319735053159,16,[  0   0   0   0 184 164  16   0],7,258,945.3599853515625,0,0,Fuel/Ambient,734256524,1740861319
1740861319930259571,16,[  0   0   0   0 184 164  16   0],7,258,945.3599853515625,0,0,Fuel/Ambient,929801059,1740861319
1740861320136108165,16,[  0   0   0   0 184 164  16   0],7,258,945.3599853515625,0,0,Fuel/Ambient,135414189,1740861320
1740861320332829921,16,[  0   0   0   0 184 164  16   0],7,258,945.3599853515625,0,0,Fuel/Ambient,331894337,1740861320
1740861320531235926,16,[  0   0   0   0 184 164  16   0],7,258,945.3599853515625,0,0,Fuel/Ambient,530096591,1740861320
1740861320737218763,16,[  0   0   0   0 184 164  16   0],7,258,945.3599853515625,0,0,Fuel/Ambient,736419632,1740861320
1740861320933607035,16,[  0   0   0   0 184 163  16   0],7,258,945.3400268554688,0,0,Fuel/Ambient,933094570,1740861320
1740861321139738419,16,[  0   0   0   0 184 163  16   0],7,258,945.3400268554688,0,0,Fuel/Ambient,138759954,1740861321
1740861321335648112,16,[  0   0   0   0 184 163  16   0],7,258,945.3400268554688,0,0,Fuel/Ambient,334807540,1740861321
1740861321533818713,16,[  0   0   0   0 184 163  16   0],7,258,945.3400268554688,0,0,Fuel/Ambient,533247334,1740861321
1740861321739293146,16,[  0   0   0   0 184 163  16   0],7,258,945.3400268554688,0,0,Fuel/Ambient,738851243,1740861321
1740861321935057650,16,[  0   0   0   0 184 163  16   0],7,258,945.3400268554688,0,0,Fuel/Ambient,934582210,1740861321
1740861322141793178,16,[  0   0   0   0 184 163  16   0],7,258,945.3400268554688,0,0,Fuel/Ambient,140644468,1740861322
1740861322338010078,16,[  0   0   0   0 184 163  16   0],7,258,945.3400268554688,0,0,Fuel/Ambient,337063551,1740861322
1740861322535659635,16,[  0   0   0   0 184 163  16   0],7,258,945.3400268554688,0,0,Fuel/Ambient,535121281,1740861322
1740861322741434714,16,[  0   0   0   0 184 163  16   0],7,258,945.3400268554688,0,0,Fuel/Ambient,740877735,1740861322
1740861322937442775,16,[  0   0   0   0 184 163  16   0],7,258,945.3400268554688,0,0,Fuel/Ambient,936434037,1740861322
1740861323143433667,16,[  0   0   0   0 184 163  16   0],7,258,945.3400268554688,0,0,Fuel/Ambient,142494531,1740861323
1740861323338709795,16,[  0   0   0   0 184 162  16   0],7,258,945.3200073242188,0,0,Fuel/Ambient,337949002,1740861323
1740861323546628655,16,[  0   0   0   0 184 162  16   0],7,258,945.3200073242188,0,0,Fuel/Ambient,546134942,1740861323
1740861323742441154,16,[  0   0   0   0 184 162  16   0],7,258,945.3200073242188,0,0,Fuel/Ambient,741688681,1740861323
1740861323947759926,16,[  0   0   0   0 184 162  16   0],7,258,945.3200073242188,0,0,Fuel/Ambient,947122432,1740861323
1740861324143337695,16,[  0   0   0   0 184 162  16   0],7,258,945.3200073242188,0,0,Fuel/Ambient,142708009,1740861324
1740861324348902487,16,[  0   0   0   0 184 162  16   0],7,258,945.3200073242188,0,0,Fuel/Ambient,348273250,1740861324
1740861324548028375,16,[  0   0   0   0 184 162  16   0],7,258,945.3200073242188,0,0,Fuel/Ambient,547199867,1740861324
1740861324743587198,16,[  0   0   0   0 184 162  16   0],7,258,945.3200073242188,0,0,Fuel/Ambient,743122318,1740861324
1740861324949788428,16,[  0   0   0   0 184 162  16   0],7,258,945.3200073242188,0,0,Fuel/Ambient,949242809,1740861324
1740861325145388946,16,[  0   0   0   0 184 162  16   0],7,258,945.3200073242188,0,0,Fuel/Ambient,144862464,1740861325
1740861325351886534,16,[  0   0   0   0 184 161  16   0],7,258,945.2999877929688,0,0,Fuel/Ambient,350161132,1740861325
1740861325548706068,16,[  0   0   0   0 184 161  16   0],7,258,945.2999877929688,0,0,Fuel/Ambient,548241733,1740861325
1740861325754613269,16,[  0   0   0   0 184 161  16   0],7,258,945.2999877929688,0,0,Fuel/Ambient,754123333,1740861325
1740861325950089398,16,[  0   0   0   0 184 161  16   0],7,258,945.2999877929688,0,0,Fuel/Ambient,949675752,1740861325
1740861326156035381,16,[  0   0   0   0 184 161  16   0],7,258,945.2999877929688,0,0,Fuel/Ambient,155282332,1740861326
1740861326351978403,16,[  0   0   0   0 184 161  16   0],7,258,945.2999877929688,0,0,Fuel/Ambient,351182568,1740861326
1740861326550059160,16,[  0   0   0   0 184 161  16   0],7,258,945.2999877929688,0,0,Fuel/Ambient,549425218,1740861326
1740861326755866066,16,[  0   0   0   0 184 161  16   0],7,258,945.2999877929688,0,0,Fuel/Ambient,754968723,1740861326
1740861326951349487,16,[  0   0   0   0 184 161  16   0],7,258,945.2999877929688,0,0,Fuel/Ambient,950834718,1740861326
1740861327157127525,16,[  0   0   0   0 184 161  16   0],7,258,945.2999877929688,0,0,Fuel/Ambient,156340747,1740861327
1740861327357047573,16,[  0   0   0   0 184 161  16   0],7,258,945.2999877929688,0,0,Fuel/Ambient,352505948,1740861327
1740861327553329226,16,[  0   0   0   0 184 161  16   0],7,258,945.2999877929688,0,0,Fuel/Ambient,550245987,1740861327
1740861327756703887,16,[  0   0   0   0 184 160  16   0],7,258,945.280029296875,0,0,Fuel/Ambient,755970934,1740861327
1740861327962106583,16,[  0   0   0   0 184 160  16   0],7,258,945.280029296875,0,0,Fuel/Ambient,961416480,1740861327
1740861328157873593,16,[  0   0   0   0 184 160  16   0],7,258,945.280029296875,0,0,Fuel/Ambient,157167169,1740861328
1740861328363317791,16,[  0   0   0   0 184 160  16   0],7,258,945.280029296875,0,0,Fuel/Ambient,362837487,1740861328
1740861328561230504,16,[  0   0   0   0 184 160  16   0],7,258,945.280029296875,0,0,Fuel/Ambient,560489679,1740861328
1740861328756312369,16,[  0   0   0   0 184 160  16   0],7,258,945.280029296875,0,0,Fuel/Ambient,755671516,1740861328
1740861328961666965,16,[  0   0   0   0 184 160  16   0],7,258,945.280029296875,0,0,Fuel/Ambient,961176612,1740861328
1740861329158474422,16,[  0   0   0   0 184 161  16   0],7,258,945.2999877929688,0,0,Fuel/Ambient,157761470,1740861329
1740861329364131136,16,[  0   0   0   0 184 161  16   0],7,258,945.2999877929688,0,0,Fuel/Ambient,363720018,1740861329
1740861329562589751,16,[  0   0   0   0 184 161  16   0],7,258,945.2999877929688,0,0,Fuel/Ambient,562026405,1740861329
1740861329758645470,16,[  0   0   0   0 184 161  16   0],7,258,945.2999877929688,0,0,Fuel/Ambient,758034570,1740861329
1740861329964027071,16,[  0   0   0   0 184 161  16   0],7,258,945.2999877929688,0,0,Fuel/Ambient,963568208,1740861329
1740861330169619204,16,[  0   0   0   0 184 161  16   0],7,258,945.2999877929688,0,0,Fuel/Ambient,168894988,1740861330
1740861330365181559,16,[  0   0   0   0 184 161  16   0],7,258,945.2999877929688,0,0,Fuel/Ambient,364747753,1740861330
1740861330563192509,16,[  0   0   0   0 184 161  16   0],7,258,945.2999877929688,0,0,Fuel/Ambient,562707084,1740861330
1740861330772845866,16,[  0   0   0   0 184 161  16   0],7,258,945.2999877929688,0,0,Fuel/Ambient,770303796,1740861330
1740861330965120942,16,[  0   0   0   0 184 162  16   0],7,258,945.3200073242188,0,0,Fuel/Ambient,964730177,1740861330
1740861331170951607,16,[  0   0   0   0 184 162  16   0],7,258,945.3200073242188,0,0,Fuel/Ambient,170517129,1740861331
1740861331366073720,16,[  0   0   0   0 184 162  16   0],7,258,945.3200073242188,0,0,Fuel/Ambient,365519174,1740861331
1740861331564788786,16,[  0   0   0   0 184 162  16   0],7,258,945.3200073242188,0,0,Fuel/Ambient,564221503,1740861331
1740861331770820546,16,[  0   0   0   0 184 161  16   0],7,258,945.2999877929688,0,0,Fuel/Ambient,770129706,1740861331
1740861331966758078,16,[  0   0   0   0 184 161  16   0],7,258,945.2999877929688,0,0,Fuel/Ambient,965980964,1740861331
1740861332173265307,16,[  0   0   0   0 184 161  16   0],7,258,945.2999877929688,0,0,Fuel/Ambient,172321275,1740861332
1740861332369130641,16,[  0   0   0   0 184 161  16   0],7,258,945.2999877929688,0,0,Fuel/Ambient,368456858,1740861332
1740861332568153106,16,[  0   0   0   0 184 161  16   0],7,258,945.2999877929688,0,0,Fuel/Ambient,567430073,1740861332
1740861332773735375,16,[  0   0   0   0 184 161  16   0],7,258,945.2999877929688,0,0,Fuel/Ambient,773194556,1740861332
1740861332969685672,16,[  0   0   0   0 184 161  16   0],7,258,945.2999877929688,0,0,Fuel/Ambient,968951887,1740861332
1740861333175368869,16,[  0   0   0   0 184 161  16   0],7,258,945.2999877929688,0,0,Fuel/Ambient,174605772,1740861333
1740861333370747848,16,[  0   0   0   0 184 161  16   0],7,258,945.2999877929688,0,0,Fuel/Ambient,369900044,1740861333
1740861333571919278,16,[  0   0   0   0 184 161  16   0],7,258,945.2999877929688,0,0,Fuel/Ambient,571074129,1740861333
1740861333777579786,16,[  0   0   0   0 184 160  16   0],7,258,945.280029296875,0,0,Fuel/Ambient,776918804,1740861333
1740861333973265719,16,[  0   0   0   0 184 160  16   0],7,258,945.280029296875,0,0,Fuel/Ambient,972743941,1740861333
1740861334178917168,16,[  0   0   0   0 184 160  16   0],7,258,945.280029296875,0,0,Fuel/Ambient,178420063,1740861334
1740861334374651483,16,[  0   0   0   0 184 160  16   0],7,258,945.280029296875,0,0,Fuel/Ambient,374251534,1740861334
1740861334582947116,16,[  0   0   0   0 184 160  16   0],7,258,945.280029296875,0,0,Fuel/Ambient,582254293,1740861334
1740861334778665463,16,[  0   0   0   0 184 160  16   0],7,258,945.280029296875,0,0,Fuel/Ambient,778320044,1740861334
1740861334984788639,16,[  0   0   0   0 184 160  16   0],7,258,945.280029296875,0,0,Fuel/Ambient,984221548,1740861334
1740861335180509671,16,[  0   0   0   0 184 160  16   0],7,258,945.280029296875,0,0,Fuel/Ambient,179886770,1740861335
1740861335386687246,16,[  0   0   0   0 184 160  16   0],7,258,945.280029296875,0,0,Fuel/Ambient,385609866,1740861335
1740861335583831621,16,[  0   0   0   0 184 160  16   0],7,258,945.280029296875,0,0,Fuel/Ambient,583159599,1740861335
1740861335779408552,16,[  0   0   0   0 184 160  16   0],7,258,945.280029296875,0,0,Fuel/Ambient,778636014,1740861335
1740861335985824631,16,[  0   0   0   0 184 160  16   0],7,258,945.280029296875,0,0,Fuel/Ambient,984483242,1740861335
1740861336182417753,16,[  0   0   0   0 184 160  16   0],7,258,945.280029296875,0,0,Fuel/Ambient,181532411,1740861336
1740861336388542458,16,[  0   0   0   0 184 160  16   0],7,258,945.280029296875,0,0,Fuel/Ambient,387930629,1740861336
1740861336586398822,16,[  0   0   0   0 184 160  16   0],7,258,945.280029296875,0,0,Fuel/Ambient,585874676,1740861336
1740861336781821120,16,[  0   0   0   0 184 160  16   0],7,258,945.280029296875,0,0,Fuel/Ambient,781298415,1740861336
1740861336987498482,16,[  0   0   0   0 184 159  16   0],7,258,945.260009765625,0,0,Fuel/Ambient,986731961,1740861336
1740861337183039502,16,[  0   0   0   0 184 159  16   0],7,258,945.260009765625,0,0,Fuel/Ambient,182290964,1740861337
1740861337389699325,16,[  0   0   0   0 184 159  16   0],7,258,945.260009765625,0,0,Fuel/Ambient,388436115,1740861337
1740861337587254204,16,[  0   0   0   0 184 159  16   0],7,258,945.260009765625,0,0,Fuel/Ambient,586497090,1740861337
1740861337793555136,16,[  0   0   0   0 184 159  16   0],7,258,945.260009765625,0,0,Fuel/Ambient,792777925,1740861337
1740861337989142492,16,[  0   0   0   0 184 159  16   0],7,258,945.260009765625,0,0,Fuel/Ambient,988495878,1740861337
1740861338194903306,16,[  0   0   0   0 184 159  16   0],7,258,945.260009765625,0,0,Fuel/Ambient,194074607,1740861338
1740861338389912688,16,[  0   0   0   0 184 159  16   0],7,258,945.260009765625,0,0,Fuel/Ambient,389342813,1740861338
1740861338588874363,16,[  0   0   0   0 184 159  16   0],7,258,945.260009765625,0,0,Fuel/Ambient,588056703,1740861338
1740861338794440482,16,[  0   0   0   0 184 159  16   0],7,258,945.260009765625,0,0,Fuel/Ambient,793724010,1740861338
1740861338990508236,16,[  0   0   0   0 184 159  16   0],7,258,945.260009765625,0,0,Fuel/Ambient,989604429,1740861338
1740861339196505118,16,[  0   0   0   0 184 159  16   0],7,258,945.260009765625,0,0,Fuel/Ambient,195793703,1740861339
1740861339393193049,16,[  0   0   0   0 184 159  16   0],7,258,945.260009765625,0,0,Fuel/Ambient,392600581,1740861339
1740861339591320100,16,[  0   0   0   0 184 159  16   0],7,258,945.260009765625,0,0,Fuel/Ambient,590533930,1740861339
1740861339796694242,16,[  0   0   0   0 184 159  16   0],7,258,945.260009765625,0,0,Fuel/Ambient,795908136,1740861339
1740861339992047056,16,[  0   0   0   0 184 159  16   0],7,258,945.260009765625,0,0,Fuel/Ambient,991539903,1740861339
1740861340198144419,16,[  0   0   0   0 184 159  16   0],7,258,945.260009765625,0,0,Fuel/Ambient,197563439,1740861340
1740861340394058176,16,[  0   0   0   0 184 160  16   0],7,258,945.280029296875,0,0,Fuel/Ambient,393503342,1740861340
1740861340601603971,16,[  0   0   0   0 184 160  16   0],7,258,945.280029296875,0,0,Fuel/Ambient,600819593,1740861340
1740861340797146197,16,[  0   0   0   0 184 160  16   0],7,258,945.280029296875,0,0,Fuel/Ambient,796607715,1740861340
1740861341003183493,16,[  0   0   0   0 184 160  16   0],7,258,945.280029296875,0,0,Fuel/Ambient,2386026,1740861341
1740861341199479948,16,[  0   0   0   0 184 160  16   0],7,258,945.280029296875,0,0,Fuel/Ambient,198871416,1740861341
1740861341405108940,16,[  0   0   0   0 184 160  16   0],7,258,945.280029296875,0,0,Fuel/Ambient,404513752,1740861341
1740861341603459319,16,[  0   0   0   0 184 160  16   0],7,258,945.280029296875,0,0,Fuel/Ambient,602741119,1740861341
1740861341799023238,16,[  0   0   0   0 184 160  16   0],7,258,945.280029296875,0,0,Fuel/Ambient,798441523,1740861341
1740861342005355933,16,[  0   0   0   0 184 160  16   0],7,258,945.280029296875,0,0,Fuel/Ambient,4526337,1740861342
1740861342201265684,16,[  0   0   0   0 184 160  16   0],7,258,945.280029296875,0,0,Fuel/Ambient,200727266,1740861342
1740861342407608104,16,[  0   0   0   0 184 160  16   0],7,258,945.280029296875,0,0,Fuel/Ambient,406455137,1740861342
1740861342605302074,16,[  0   0   0   0 184 160  16   0],7,258,945.280029296875,0,0,Fuel/Ambient,604823882,1740861342
1740861342811222592,16,[  0   0   0   0 184 160  16   0],7,258,945.280029296875,0,0,Fuel/Ambient,810450758,1740861342
1740861343006901007,16,[  0   0   0   0 184 160  16   0],7,258,945.280029296875,0,0,Fuel/Ambient,6333820,1740861343
1740861343212479142,16,[  0   0   0   0 184 160  16   0],7,258,945.280029296875,0,0,Fuel/Ambient,211965557,1740861343
1740861343408431963,16,[  0   0   0   0 184 160  16   0],7,258,945.280029296875,0,0,Fuel/Ambient,407643905,1740861343
1740861343606082057,16,[  0   0   0   0 184 160  16   0],7,258,945.280029296875,0,0,Fuel/Ambient,605580152,1740861343
1740861343813945836,16,[  0   0   0   0 184 160  16   0],7,258,945.280029296875,0,0,Fuel/Ambient,813508221,1740861343
1740861344008885663,16,[  0   0   0   0 184 160  16   0],7,258,945.280029296875,0,0,Fuel/Ambient,8376942,1740861344
1740861344214688186,16,[  0   0   0   0 184 160  16   0],7,258,945.280029296875,0,0,Fuel/Ambient,213933153,1740861344
1740861344410348066,16,[  0   0   0   0 184 160  16   0],7,258,945.280029296875,0,0,Fuel/Ambient,409852529,1740861344
1740861344609026735,16,[  0   0   0   0 184 160  16   0],7,258,945.280029296875,0,0,Fuel/Ambient,608395802,1740861344
1740861344814430396,16,[  0   0   0   0 184 161  16   0],7,258,945.2999877929688,0,0,Fuel/Ambient,813906091,1740861344
1740861345010623126,16,[  0   0   0   0 184 161  16   0],7,258,945.2999877929688,0,0,Fuel/Ambient,9776410,1740861345
1740861345215517999,16,[  0   0   0   0 184 161  16   0],7,258,945.2999877929688,0,0,Fuel/Ambient,215006558,1740861345
1740861345411630659,16,[  0   0   0   0 184 161  16   0],7,258,945.2999877929688,0,0,Fuel/Ambient,410827144,1740861345
1740861345620759082,16,[  0   0   0   0 184 161  16   0],7,258,945.2999877929688,0,0,Fuel/Ambient,619960495,1740861345
1740861345816184935,16,[  0   0   0   0 184 161  16   0],7,258,945.2999877929688,0,0,Fuel/Ambient,815644181,1740861345
1740861346014163609,16,[  0   0   0   0 184 161  16   0],7,258,945.2999877929688,0,0,Fuel/Ambient,12360125,1740861346
1740861346220144915,16,[  0   0   0   0 184 161  16   0],7,258,945.2999877929688,0,0,Fuel/Ambient,219379161,1740861346
1740861346416276164,16,[  0   0   0   0 184 161  16   0],7,258,945.2999877929688,0,0,Fuel/Ambient,415696017,1740861346
1740861346617076465,16,[  0   0   0   0 184 162  16   0],7,258,945.3200073242188,0,0,Fuel/Ambient,614172560,1740861346
1740861346821281200,16,[  0   0   0   0 184 162  16   0],7,258,945.3200073242188,0,0,Fuel/Ambient,820367313,1740861346
1740861347016991123,16,[  0   0   0   0 184 162  16   0],7,258,945.3200073242188,0,0,Fuel/Ambient,16086069,1740861347
1740861347222975401,16,[  0   0   0   0 184 162  16   0],7,258,945.3200073242188,0,0,Fuel/Ambient,222306451,1740861347
1740861347418868144,16,[  0   0   0   0 184 162  16   0],7,258,945.3200073242188,0,0,Fuel/Ambient,418095286,1740861347
1740861347627059664,16,[  0   0   0   0 184 162  16   0],7,258,945.3200073242188,0,0,Fuel/Ambient,626655362,1740861347
1740861347823393541,16,[  0   0   0   0 184 162  16   0],7,258,945.3200073242188,0,0,Fuel/Ambient,822715630,1740861347
1740861348028634210,16,[  0   0   0   0 184 162  16   0],7,258,945.3200073242188,0,0,Fuel/Ambient,27795142,1740861348
1740861348224749708,16,[  0   0   0   0 184 162  16   0],7,258,945.3200073242188,0,0,Fuel/Ambient,224273885,1740861348
1740861348420875831,16,[  0   0   0   0 184 162  16   0],7,258,945.3200073242188,0,0,Fuel/Ambient,419570380,1740861348
1740861348627692262,16,[  0   0   0   0 184 162  16   0],7,258,945.3200073242188,0,0,Fuel/Ambient,627193333,1740861348
1740861348823074744,16,[  0   0   0   0 184 162  16   0],7,258,945.3200073242188,0,0,Fuel/Ambient,822582791,1740861348
1740861349028930502,16,[  0   0   0   0 184 162  16   0],7,258,945.3200073242188,0,0,Fuel/Ambient,28110283,1740861349
1740861349224698786,16,[  0   0   0   0 184 162  16   0],7,258,945.3200073242188,0,0,Fuel/Ambient,224239507,1740861349
1740861349430062045,16,[  0   0   0   0 184 162  16   0],7,258,945.3200073242188,0,0,Fuel/Ambient,429642159,1740861349
1740861349628183719,16,[  0   0   0   0 184 162  16   0],7,258,945.3200073242188,0,0,Fuel/Ambient,627513937,1740861349
1740861349833690727,16,[  0   0   0   0 184 162  16   0],7,258,945.3200073242188,0,0,Fuel/Ambient,833068914,1740861349
1740861350029361375,16,[  0   0   0   0 184 162  16   0],7,258,945.3200073242188,0,0,Fuel/Ambient,28921104,1740861350
1740861350226580967,16,[  0   0   0   0 184 162  16   0],7,258,945.3200073242188,0,0,Fuel/Ambient,226217947,1740861350
1740861350432009089,16,[  0   0   0   0 184 162  16   0],7,258,945.3200073242188,0,0,Fuel/Ambient,431469167,1740861350
1740861350630753053,16,[  0   0   0   0 184 162  16   0],7,258,945.3200073242188,0,0,Fuel/Ambient,630007460,1740861350
1740861350837183032,16,[  0   0   0   0 184 162  16   0],7,258,945.3200073242188,0,0,Fuel/Ambient,836103220,1740861350
1740861351032825068,16,[  0   0   0   0 184 162  16   0],7,258,945.3200073242188,0,0,Fuel/Ambient,32292090,1740861351
1740861351238661136,16,[  0   0   0   0 184 163  16   0],7,258,945.3400268554688,0,0,Fuel/Ambient,238183008,1740861351
1740861351434144603,16,[  0   0   0   0 184 163  16   0],7,258,945.3400268554688,0,0,Fuel/Ambient,433658955,1740861351
1740861351633335586,16,[  0   0   0   0 184 163  16   0],7,258,945.3400268554688,0,0,Fuel/Ambient,632778160,1740861351
1740861351839143910,16,[  0   0   0   0 184 163  16   0],7,258,945.3400268554688,0,0,Fuel/Ambient,838505200,1740861351
1740861352034916474,16,[  0   0   0   0 184 163  16   0],7,258,945.3400268554688,0,0,Fuel/Ambient,34403817,1740861352
1740861352241419153,16,[  0   0   0   0 184 163  16   0],7,258,945.3400268554688,0,0,Fuel/Ambient,240595606,1740861352
1740861352437265542,16,[  0   0   0   0 184 163  16   0],7,258,945.3400268554688,0,0,Fuel/Ambient,436147904,1740861352
1740861352634362308,16,[  0   0   0   0 184 163  16   0],7,258,945.3400268554688,0,0,Fuel/Ambient,633840306,1740861352
1740861352839743157,16,[  0   0   0   0 184 163  16   0],7,258,945.3400268554688,0,0,Fuel/Ambient,839163394,1740861352
1740861353036882516,16,[  0   0   0   0 184 163  16   0],7,258,945.3400268554688,0,0,Fuel/Ambient,36166172,1740861353
1740861353242742098,16,[  0   0   0   0 184 163  16   0],7,258,945.3400268554688,0,0,Fuel/Ambient,242058556,1740861353
1740861353438906094,16,[  0   0   0   0 184 163  16   0],7,258,945.3400268554688,0,0,Fuel/Ambient,438141781,1740861353
1740861353646740142,16,[  0   0   0   0 184 163  16   0],7,258,945.3400268554688,0,0,Fuel/Ambient,646277151,1740861353
1740861353842052014,16,[  0   0   0   0 184 163  16   0],7,258,945.3400268554688,0,0,Fuel/Ambient,841340822,1740861353
1740861354047318391,16,[  0   0   0   0 184 163  16   0],7,258,945.3400268554688,0,0,Fuel/Ambient,46924554,1740861354
1740861354243513169,16,[  0   0   0   0 184 162  16   0],7,258,945.3200073242188,0,0,Fuel/Ambient,242880476,1740861354
1740861354448494511,16,[  0   0   0   0 184 162  16   0],7,258,945.3200073242188,0,0,Fuel/Ambient,447926108,1740861354
1740861354646586535,16,[  0   0   0   0 184 162  16   0],7,258,945.3200073242188,0,0,Fuel/Ambient,646148057,1740861354
1740861354842619740,16,[  0   0   0   0 184 162  16   0],7,258,945.3200073242188,0,0,Fuel/Ambient,841955013,1740861354
1740861355048442164,16,[  0   0   0   0 184 162  16   0],7,258,945.3200073242188,0,0,Fuel/Ambient,47950628,1740861355
1740861355243960084,16,[  0   0   0   0 184 162  16   0],7,258,945.3200073242188,0,0,Fuel/Ambient,243385601,1740861355
1740861355450175800,16,[  0   0   0   0 184 162  16   0],7,258,945.3200073242188,0,0,Fuel/Ambient,449327484,1740861355
1740861355650001575,16,[  0   0   0   0 184 162  16   0],7,258,945.3200073242188,0,0,Fuel/Ambient,649494806,1740861355
1740861355846765456,16,[  0   0   0   0 184 162  16   0],7,258,945.3200073242188,0,0,Fuel/Ambient,846314881,1740861355
1740861356053201146,16,[  0   0   0   0 184 162  16   0],7,258,945.3200073242188,0,0,Fuel/Ambient,52736938,1740861356
1740861356248985407,16,[  0   0   0   0 184 162  16   0],7,258,945.3200073242188,0,0,Fuel/Ambient,248506192,1740861356
1740861356455513066,16,[  0   0   0   0 184 162  16   0],7,258,945.3200073242188,0,0,Fuel/Ambient,454078490,1740861356
1740861356649630648,16,[  0   0   0   0 184 163  16   0],7,258,945.3400268554688,0,0,Fuel/Ambient,649204874,1740861356
1740861356855575631,16,[  0   0   0   0 184 162  16   0],7,258,945.3200073242188,0,0,Fuel/Ambient,855114208,1740861356
1740861357051207951,16,[  0   0   0   0 184 162  16   0],7,258,945.3200073242188,0,0,Fuel/Ambient,50664445,1740861357
1740861357257168355,16,[  0   0   0   0 184 162  16   0],7,258,945.3200073242188,0,0,Fuel/Ambient,256600656,1740861357
1740861357453157644,16,[  0   0   0   0 184 162  16   0],7,258,945.3200073242188,0,0,Fuel/Ambient,452270095,1740861357
1740861357650647847,16,[  0   0   0   0 184 162  16   0],7,258,945.3200073242188,0,0,Fuel/Ambient,649995730,1740861357
1740861357856865764,16,[  0   0   0   0 184 162  16   0],7,258,945.3200073242188,0,0,Fuel/Ambient,856212302,1740861357
1740861358052519329,16,[  0   0   0   0 184 162  16   0],7,258,945.3200073242188,0,0,Fuel/Ambient,51863755,1740861358
1740861358258380623,16,[  0   0   0   0 184 163  16   0],7,258,945.3400268554688,0,0,Fuel/Ambient,257616117,1740861358
1740861358454323603,16,[  0   0   0   0 184 163  16   0],7,258,945.3400268554688,0,0,Fuel/Ambient,453570682,1740861358
1740861358662688660,16,[  0   0   0   0 184 163  16   0],7,258,945.3400268554688,0,0,Fuel/Ambient,661993405,1740861358
1740861358858506996,16,[  0   0   0   0 184 163  16   0],7,258,945.3400268554688,0,0,Fuel/Ambient,857789756,1740861358
1740861359063992724,16,[  0   0   0   0 184 163  16   0],7,258,945.3400268554688,0,0,Fuel/Ambient,63558790,1740861359
1740861359259402276,16,[  0   0   0   0 184 163  16   0],7,258,945.3400268554688,0,0,Fuel/Ambient,258986134,1740861359
1740861359465206828,16,[  0   0   0   0 184 162  16   0],7,258,945.3200073242188,0,0,Fuel/Ambient,464852129,1740861359
1740861359663421305,16,[  0   0   0   0 184 162  16   0],7,258,945.3200073242188,0,0,Fuel/Ambient,662886087,1740861359
1740861359859782376,16,[  0   0   0   0 184 162  16   0],7,258,945.3200073242188,0,0,Fuel/Ambient,858901643,1740861359
1740861360065521997,16,[  0   0   0   0 184 162  16   0],7,258,945.3200073242188,0,0,Fuel/Ambient,64774581,1740861360
1740861360260808598,16,[  0   0   0   0 184 162  16   0],7,258,945.3200073242188,0,0,Fuel/Ambient,260203490,1740861360
1740861360467085450,16,[  0   0   0   0 184 162  16   0],7,258,945.3200073242188,0,0,Fuel/Ambient,466309649,1740861360
1740861360664870438,16,[  0   0   0   0 184 162  16   0],7,258,945.3200073242188,0,0,Fuel/Ambient,664091308,1740861360
1740861360870254237,16,[  0   0   0   0 184 162  16   0],7,258,945.3200073242188,0,0,Fuel/Ambient,869534501,1740861360
1740861361066001875,16,[  0   0   0   0 184 162  16   0],7,258,945.3200073242188,0,0,Fuel/Ambient,65612166,1740861361
1740861361263616006,16,[  0   0   0   0 184 162  16   0],7,258,945.3200073242188,0,0,Fuel/Ambient,262564163,1740861361
1740861361468868085,16,[  0   0   0   0 184 162  16   0],7,258,945.3200073242188,0,0,Fuel/Ambient,468131677,1740861361
1740861361667634798,16,[  0   0   0   0 184 162  16   0],7,258,945.3200073242188,0,0,Fuel/Ambient,666980056,1740861361
1740861361874162951,16,[  0   0   0   0 184 162  16   0],7,258,945.3200073242188,0,0,Fuel/Ambient,873734009,1740861361
1740861362070198180,16,[  0   0   0   0 184 162  16   0],7,258,945.3200073242188,0,0,Fuel/Ambient,69582736,1740861362
1740861362266744848,16,[  0   0   0   0 184 162  16   0],7,258,945.3200073242188,0,0,Fuel/Ambient,265447429,1740861362
1740861362472563951,16,[  0   0   0   0 184 162  16   0],7,258,945.3200073242188,0,0,Fuel/Ambient,471018588,1740861362
1740861362671525963,16,[  0   0   0   0 184 162  16   0],7,258,945.3200073242188,0,0,Fuel/Ambient,670426982,1740861362
1740861362876448236,16,[  0   0   0   0 184 162  16   0],7,258,945.3200073242188,0,0,Fuel/Ambient,875968796,1740861362
1740861363072244670,16,[  0   0   0   0 184 163  16   0],7,258,945.3400268554688,0,0,Fuel/Ambient,71695596,1740861363
1740861363277943317,16,[  0   0   0   0 184 163  16   0],7,258,945.3400268554688,0,0,Fuel/Ambient,277139547,1740861363
1740861363473410522,16,[  0   0   0   0 184 162  16   0],7,258,945.3200073242188,0,0,Fuel/Ambient,472874633,1740861363
1740861363671218893,16,[  0   0   0   0 184 162  16   0],7,258,945.3200073242188,0,0,Fuel/Ambient,670750621,1740861363
1740861363877113387,16,[  0   0   0   0 184 162  16   0],7,258,945.3200073242188,0,0,Fuel/Ambient,876254894,1740861363
1740861364072532333,16,[  0   0   0   0 184 162  16   0],7,258,945.3200073242188,0,0,Fuel/Ambient,71906232,1740861364
1740861364278368038,16,[  0   0   0   0 184 162  16   0],7,258,945.3200073242188,0,0,Fuel/Ambient,277801459,1740861364
1740861364473532766,16,[  0   0   0   0 184 162  16   0],7,258,945.3200073242188,0,0,Fuel/Ambient,473135537,1740861364
1740861364682321208,16,[  0   0   0   0 184 163  16   0],7,258,945.3400268554688,0,0,Fuel/Ambient,681248693,1740861364
1740861364877523633,16,[  0   0   0   0 184 163  16   0],7,258,945.3400268554688,0,0,Fuel/Ambient,876953566,1740861364
1740861365083903067,16,[  0   0   0   0 184 162  16   0],7,258,945.3200073242188,0,0,Fuel/Ambient,83450380,1740861365
1740861365279223797,16,[  0   0   0   0 184 162  16   0],7,258,945.3200073242188,0,0,Fuel/Ambient,278704227,1740861365
1740861365485588668,16,[  0   0   0   0 184 162  16   0],7,258,945.3200073242188,0,0,Fuel/Ambient,484891397,1740861365
1740861365683941626,16,[  0   0   0   0 184 162  16   0],7,258,945.3200073242188,0,0,Fuel/Ambient,683396616,1740861365
1740861365879708994,16,[  0   0   0   0 184 162  16   0],7,258,945.3200073242188,0,0,Fuel/Ambient,879244275,1740861365
1740861366086866114,16,[  0   0   0   0 184 162  16   0],7,258,945.3200073242188,0,0,Fuel/Ambient,85930467,1740861366
1740861366283184698,16,[  0   0   0   0 184 162  16   0],7,258,945.3200073242188,0,0,Fuel/Ambient,282424577,1740861366
1740861366489368888,16,[  0   0   0   0 184 162  16   0],7,258,945.3200073242188,0,0,Fuel/Ambient,488498619,1740861366
1740861366688981500,16,[  0   0   0   0 184 162  16   0],7,258,945.3200073242188,0,0,Fuel/Ambient,688232996,1740861366
1740861366885712098,16,[  0   0   0   0 184 162  16   0],7,258,945.3200073242188,0,0,Fuel/Ambient,885149615,1740861366
1740861367091384621,16,[  0   0   0   0 184 162  16   0],7,258,945.3200073242188,0,0,Fuel/Ambient,90649269,1740861367
1740861367289620193,16,[  0   0   0   0 184 161  16   0],7,258,945.2999877929688,0,0,Fuel/Ambient,288541437,1740861367
1740861367485830962,16,[  0   0   0   0 184 161  16   0],7,258,945.2999877929688,0,0,Fuel/Ambient,484900243,1740861367
1740861367685278542,16,[  0   0   0   0 184 161  16   0],7,258,945.2999877929688,0,0,Fuel/Ambient,684804286,1740861367
1740861367892108670,16,[  0   0   0   0 184 161  16   0],7,258,945.2999877929688,0,0,Fuel/Ambient,891641070,1740861367
1740861368088523956,16,[  0   0   0   0 184 161  16   0],7,258,945.2999877929688,0,0,Fuel/Ambient,87982370,1740861368
1740861368294742413,16,[  0   0   0   0 184 161  16   0],7,258,945.2999877929688,0,0,Fuel/Ambient,293984116,1740861368
1740861368490804470,16,[  0   0   0   0 184 161  16   0],7,258,945.2999877929688,0,0,Fuel/Ambient,490054109,1740861368
1740861368690719294,16,[  0   0   0   0 184 161  16   0],7,258,945.2999877929688,0,0,Fuel/Ambient,690155659,1740861368
1740861368898042971,16,[  0   0   0   0 184 162  16   0],7,258,945.3200073242188,0,0,Fuel/Ambient,897225472,1740861368
1740861369094255463,16,[  0   0   0   0 184 162  16   0],7,258,945.3200073242188,0,0,Fuel/Ambient,93576593,1740861369
1740861369290252075,16,[  0   0   0   0 184 161  16   0],7,258,945.2999877929688,0,0,Fuel/Ambient,289749242,1740861369
1740861369497381310,16,[  0   0   0   0 184 161  16   0],7,258,945.2999877929688,0,0,Fuel/Ambient,496935663,1740861369
1740861369697057435,16,[  0   0   0   0 184 161  16   0],7,258,945.2999877929688,0,0,Fuel/Ambient,696632557,1740861369
1740861369893354697,16,[  0   0   0   0 184 161  16   0],7,258,945.2999877929688,0,0,Fuel/Ambient,891896153,1740861369
1740861370100569245,16,[  0   0   0   0 184 161  16   0],7,258,945.2999877929688,0,0,Fuel/Ambient,97533529,1740861370
1740861370293994249,16,[  0   0   0   0 184 161  16   0],7,258,945.2999877929688,0,0,Fuel/Ambient,293266897,1740861370
1740861370501441859,16,[  0   0   0   0 184 161  16   0],7,258,945.2999877929688,0,0,Fuel/Ambient,500976212,1740861370
1740861370700121341,16,[  0   0   0   0 184 161  16   0],7,258,945.2999877929688,0,0,Fuel/Ambient,699608748,1740861370
1740861370896181599,16,[  0   0   0   0 184 161  16   0],7,258,945.2999877929688,0,0,Fuel/Ambient,895320643,1740861370
1740861371103646233,16,[  0   0   0   0 184 161  16   0],7,258,945.2999877929688,0,0,Fuel/Ambient,103049349,1740861371
1740861371305270896,16,[  0   0   0   0 184 161  16   0],7,258,945.2999877929688,0,0,Fuel/Ambient,300122598,1740861371
1740861371506460568,16,[  0   0   0   0 184 160  16   0],7,258,945.280029296875,0,0,Fuel/Ambient,505630685,1740861371
1740861371705838310,16,[  0   0   0   0 184 161  16   0],7,258,945.2999877929688,0,0,Fuel/Ambient,705266067,1740861371
1740861371903574236,16,[  0   0   0   0 184 161  16   0],7,258,945.2999877929688,0,0,Fuel/Ambient,902546779,1740861371
1740861372099771999,16,[  0   0   0   0 184 161  16   0],7,258,945.2999877929688,0,0,Fuel/Ambient,99079912,1740861372
1740861372306631871,16,[  0   0   0   0 184 161  16   0],7,258,945.2999877929688,0,0,Fuel/Ambient,306080525,1740861372
1740861372502761214,16,[  0   0   0   0 184 162  16   0],7,258,945.3200073242188,0,0,Fuel/Ambient,502256366,1740861372
1740861372702865760,16,[  0   0   0   0 184 162  16   0],7,258,945.3200073242188,0,0,Fuel/Ambient,702017092,1740861372
1740861372909148366,16,[  0   0   0   0 184 162  16   0],7,258,945.3200073242188,0,0,Fuel/Ambient,908172941,1740861372
1740861373104474480,16,[  0   0   0   0 184 162  16   0],7,258,945.3200073242188,0,0,Fuel/Ambient,103671030,1740861373
1740861373310987682,16,[  0   0   0   0 184 163  16   0],7,258,945.3400268554688,0,0,Fuel/Ambient,310349869,1740861373
1740861373507767347,16,[  0   0   0   0 184 163  16   0],7,258,945.3400268554688,0,0,Fuel/Ambient,507084061,1740861373
1740861373707233597,16,[  0   0   0   0 184 163  16   0],7,258,945.3400268554688,0,0,Fuel/Ambient,706537254,1740861373
1740861373912972885,16,[  0   0   0   0 184 163  16   0],7,258,945.3400268554688,0,0,Fuel/Ambient,912174555,1740861373
1740861374108877256,16,[  0   0   0   0 184 163  16   0],7,258,945.3400268554688,0,0,Fuel/Ambient,108095662,1740861374
1740861374314686303,16,[  0   0   0   0 184 163  16   0],7,258,945.3400268554688,0,0,Fuel/Ambient,314142477,1740861374
1740861374511156099,16,[  0   0   0   0 184 163  16   0],7,258,945.3400268554688,0,0,Fuel/Ambient,510436907,1740861374
1740861374708805966,16,[  0   0   0   0 184 164  16   0],7,258,945.3599853515625,0,0,Fuel/Ambient,708128471,1740861374
1740861374915593253,16,[  0   0   0   0 184 164  16   0],7,258,945.3599853515625,0,0,Fuel/Ambient,914776394,1740861374
1740861375112502326,15,[  0   0   0   0 184 164  15   0],7,258,945.3599853515625,0,0,Fuel/Ambient,111432371,1740861375
1740861375317567378,15,[  0   0   0   0 184 164  15   0],7,258,945.3599853515625,0,0,Fuel/Ambient,316994751,1740861375
1740861375514334332,15,[  0   0   0   0 184 164  15   0],7,258,945.3599853515625,0,0,Fuel/Ambient,513333435,1740861375
1740861375713824640,15,[  0   0   0   0 184 164  15   0],7,258,945.3599853515625,0,0,Fuel/Ambient,712911106,1740861375
1740861375920194855,15,[  0   0   0   0 184 164  15   0],7,258,945.3599853515625,0,0,Fuel/Ambient,919551442,1740861375
1740861376116515073,15,[  0   0   0   0 184 164  15   0],7,258,945.3599853515625,0,0,Fuel/Ambient,116044177,1740861376
1740861376313770521,15,[  0   0   0   0 184 164  15   0],7,258,945.3599853515625,0,0,Fuel/Ambient,313100738,1740861376
1740861376520204446,15,[  0   0   0   0 184 163  15   0],7,258,945.3400268554688,0,0,Fuel/Ambient,519711150,1740861376
1740861376718233743,15,[  0   0   0   0 184 163  15   0],7,258,945.3400268554688,0,0,Fuel/Ambient,717744223,1740861376
1740861376923897115,15,[  0   0   0   0 184 163  15   0],7,258,945.3400268554688,0,0,Fuel/Ambient,923200996,1740861376
1740861377120118063,16,[  0   0   0   0 184 163  16   0],7,258,945.3400268554688,0,0,Fuel/Ambient,119263507,1740861377
1740861377316044152,16,[  0   0   0   0 184 163  16   0],7,258,945.3400268554688,0,0,Fuel/Ambient,315166907,1740861377
1740861377522273459,16,[  0   0   0   0 184 163  16   0],7,258,945.3400268554688,0,0,Fuel/Ambient,521303219,1740861377
1740861377724598958,16,[  0   0   0   0 184 162  16   0],7,258,945.3200073242188,0,0,Fuel/Ambient,723821045,1740861377
1740861377920237486,16,[  0   0   0   0 184 162  16   0],7,258,945.3200073242188,0,0,Fuel/Ambient,919490101,1740861377
1740861378126855956,16,[  0   0   0   0 184 162  16   0],7,258,945.3200073242188,0,0,Fuel/Ambient,126044921,1740861378
1740861378323791195,16,[  0   0   0   0 184 162  16   0],7,258,945.3200073242188,0,0,Fuel/Ambient,323321611,1740861378
1740861378519645694,16,[  0   0   0   0 184 162  16   0],7,258,945.3200073242188,0,0,Fuel/Ambient,518923302,1740861378
1740861378728423690,16,[  0   0   0   0 184 162  16   0],7,258,945.3200073242188,0,0,Fuel/Ambient,727556174,1740861378
1740861378924517013,16,[  0   0   0   0 184 162  16   0],7,258,945.3200073242188,0,0,Fuel/Ambient,923722171,1740861378
1740861379130801517,16,[  0   0   0   0 184 162  16   0],7,258,945.3200073242188,0,0,Fuel/Ambient,130254716,1740861379
1740861379328572269,16,[  0   0   0   0 184 162  16   0],7,258,945.3200073242188,0,0,Fuel/Ambient,327994362,1740861379
1740861379524741559,16,[  0   0   0   0 184 161  16   0],7,258,945.2999877929688,0,0,Fuel/Ambient,523755575,1740861379
1740861379723826050,16,[  0   0   0   0 184 161  16   0],7,258,945.2999877929688,0,0,Fuel/Ambient,723152908,1740861379
1740861379929186650,16,[  0   0   0   0 184 161  16   0],7,258,945.2999877929688,0,0,Fuel/Ambient,928722155,1740861379
1740861380125674446,16,[  0   0   0   0 184 161  16   0],7,258,945.2999877929688,0,0,Fuel/Ambient,125259424,1740861380
1740861380332398384,16,[  0   0   0   0 184 162  16   0],7,258,945.3200073242188,0,0,Fuel/Ambient,331796380,1740861380
1740861380528216556,16,[  0   0   0   0 184 162  16   0],7,258,945.3200073242188,0,0,Fuel/Ambient,527515061,1740861380
1740861380736057683,16,[  0   0   0   0 184 162  16   0],7,258,945.3200073242188,0,0,Fuel/Ambient,735371068,1740861380
1740861380931372542,16,[  0   0   0   0 184 162  16   0],7,258,945.3200073242188,0,0,Fuel/Ambient,930857453,1740861380
1740861381130226492,16,[  0   0   0   0 184 162  16   0],7,258,945.3200073242188,0,0,Fuel/Ambient,129522469,1740861381
1740861381334683697,16,[  0   0   0   0 184 162  16   0],7,258,945.3200073242188,0,0,Fuel/Ambient,334187488,1740861381
1740861381529131165,16,[  0   0   0   0 184 162  16   0],7,258,945.3200073242188,0,0,Fuel/Ambient,528597611,1740861381
1740861381736215911,16,[  0   0   0   0 184 162  16   0],7,258,945.3200073242188,0,0,Fuel/Ambient,735622516,1740861381
1740861381933000640,16,[  0   0   0   0 184 162  16   0],7,258,945.3200073242188,0,0,Fuel/Ambient,932077602,1740861381
1740861382139998662,16,[  0   0   0   0 184 162  16   0],7,258,945.3200073242188,0,0,Fuel/Ambient,139542199,1740861382
1740861382336228650,16,[  0   0   0   0 184 162  16   0],7,258,945.3200073242188,0,0,Fuel/Ambient,335733593,1740861382
1740861382543247439,16,[  0   0   0   0 184 162  16   0],7,258,945.3200073242188,0,0,Fuel/Ambient,541836321,1740861382
1740861382741505973,16,[  0   0   0   0 184 162  16   0],7,258,945.3200073242188,0,0,Fuel/Ambient,740773885,1740861382
1740861382937118340,16,[  0   0   0   0 184 162  16   0],7,258,945.3200073242188,0,0,Fuel/Ambient,936611956,1740861382
1740861383143447089,16,[  0   0   0   0 184 162  16   0],7,258,945.3200073242188,0,0,Fuel/Ambient,142981314,1740861383
1740861383339380840,16,[  0   0   0   0 184 162  16   0],7,258,945.3200073242188,0,0,Fuel/Ambient,338815445,1740861383
1740861383544638320,16,[  0   0   0   0 184 162  16   0],7,258,945.3200073242188,0,0,Fuel/Ambient,544202530,1740861383
1740861383742983126,16,[  0   0   0   0 184 162  16   0],7,258,945.3200073242188,0,0,Fuel/Ambient,742254046,1740861383
1740861383939402909,16,[  0   0   0   0 184 161  16   0],7,258,945.2999877929688,0,0,Fuel/Ambient,938590850,1740861383
1740861384144780263,16,[  0   0   0   0 184 161  16   0],7,258,945.2999877929688,0,0,Fuel/Ambient,144256790,1740861384
1740861384340303981,16,[  0   0   0   0 184 161  16   0],7,258,945.2999877929688,0,0,Fuel/Ambient,339631607,1740861384
1740861384546312043,16,[  0   0   0   0 184 161  16   0],7,258,945.2999877929688,0,0,Fuel/Ambient,545719448,1740861384
1740861384745634030,16,[  0   0   0   0 184 161  16   0],7,258,945.2999877929688,0,0,Fuel/Ambient,745035322,1740861384
1740861384941534817,16,[  0   0   0   0 184 161  16   0],7,258,945.2999877929688,0,0,Fuel/Ambient,941025488,1740861384
1740861385146748706,16,[  0   0   0   0 184 161  16   0],7,258,945.2999877929688,0,0,Fuel/Ambient,146275955,1740861385
1740861385342762966,16,[  0   0   0   0 184 161  16   0],7,258,945.2999877929688,0,0,Fuel/Ambient,342248549,1740861385
1740861385548051129,16,[  0   0   0   0 184 161  16   0],7,258,945.2999877929688,0,0,Fuel/Ambient,547559529,1740861385
1740861385745523004,16,[  0   0   0   0 184 161  16   0],7,258,945.2999877929688,0,0,Fuel/Ambient,745162064,1740861385
1740861385950405554,16,[  0   0   0   0 184 162  16   0],7,258,945.3200073242188,0,0,Fuel/Ambient,949899522,1740861385
1740861386147127739,16,[  0   0   0   0 184 162  16   0],7,258,945.3200073242188,0,0,Fuel/Ambient,146641579,1740861386
1740861386353701093,16,[  0   0   0   0 184 162  16   0],7,258,945.3200073242188,0,0,Fuel/Ambient,351963948,1740861386
1740861386548101152,16,[  0   0   0   0 184 162  16   0],7,258,945.3200073242188,0,0,Fuel/Ambient,547507181,1740861386
1740861386754847632,16,[  0   0   0   0 184 162  16   0],7,258,945.3200073242188,0,0,Fuel/Ambient,754451395,1740861386
1740861386951019301,16,[  0   0   0   0 184 162  16   0],7,258,945.3200073242188,0,0,Fuel/Ambient,950512469,1740861386
1740861387157397607,16,[  0   0   0   0 184 162  16   0],7,258,945.3200073242188,0,0,Fuel/Ambient,156938360,1740861387
1740861387354498712,16,[  0   0   0   0 184 162  16   0],7,258,945.3200073242188,0,0,Fuel/Ambient,353851299,1740861387
1740861387551855121,16,[  0   0   0   0 184 162  16   0],7,258,945.3200073242188,0,0,Fuel/Ambient,550899538,1740861387
1740861387750696635,16,[  0   0   0   0 184 162  16   0],7,258,945.3200073242188,0,0,Fuel/Ambient,749956387,1740861387
1740861387959616719,16,[  0   0   0   0 184 163  16   0],7,258,945.3400268554688,0,0,Fuel/Ambient,959001595,1740861387
1740861388155474005,16,[  0   0   0   0 184 163  16   0],7,258,945.3400268554688,0,0,Fuel/Ambient,155029606,1740861388
1740861388361445093,16,[  0   0   0   0 184 163  16   0],7,258,945.3400268554688,0,0,Fuel/Ambient,360990134,1740861388
1740861388558168550,16,[  0   0   0   0 184 163  16   0],7,258,945.3400268554688,0,0,Fuel/Ambient,557749305,1740861388
1740861388754604799,16,[  0   0   0   0 184 163  16   0],7,258,945.3400268554688,0,0,Fuel/Ambient,754142927,1740861388
1740861388960380840,16,[  0   0   0   0 184 163  16   0],7,258,945.3400268554688,0,0,Fuel/Ambient,959835606,1740861388
1740861389155719002,16,[  0   0   0   0 184 163  16   0],7,258,945.3400268554688,0,0,Fuel/Ambient,155176937,1740861389
1740861389364135383,16,[  0   0   0   0 184 163  16   0],7,258,945.3400268554688,0,0,Fuel/Ambient,359937198,1740861389
1740861389568937054,16,[  0   0   0   0 184 163  16   0],7,258,945.3400268554688,0,0,Fuel/Ambient,564823799,1740861389
1740861389764692381,16,[  0   0   0   0 184 163  16   0],7,258,945.3400268554688,0,0,Fuel/Ambient,761496596,1740861389
1740861389958100783,16,[  0   0   0   0 184 162  16   0],7,258,945.3200073242188,0,0,Fuel/Ambient,957653248,1740861389
1740861390164436773,16,[  0   0   0   0 184 162  16   0],7,258,945.3200073242188,0,0,Fuel/Ambient,163861843,1740861390
1740861390362182754,16,[  0   0   0   0 184 162  16   0],7,258,945.3200073242188,0,0,Fuel/Ambient,361700627,1740861390
1740861390567413524,16,[  0   0   0   0 184 162  16   0],7,258,945.3200073242188,0,0,Fuel/Ambient,566860386,1740861390
1740861390764133328,16,[  0   0   0   0 184 162  16   0],7,258,945.3200073242188,0,0,Fuel/Ambient,763644704,1740861390
1740861390969729485,16,[  0   0   0   0 184 162  16   0],7,258,945.3200073242188,0,0,Fuel/Ambient,969290559,1740861390
1740861391165668749,16,[  0   0   0   0 184 162  16   0],7,258,945.3200073242188,0,0,Fuel/Ambient,165147004,1740861391
1740861391371114018,16,[  0   0   0   0 184 161  16   0],7,258,945.2999877929688,0,0,Fuel/Ambient,370663699,1740861391
1740861391566197253,16,[  0   0   0   0 184 161  16   0],7,258,945.2999877929688,0,0,Fuel/Ambient,565755959,1740861391
1740861391762963999,16,[  0   0   0   0 184 161  16   0],7,258,945.2999877929688,0,0,Fuel/Ambient,762506256,1740861391
1740861391967694237,16,[  0   0   0   0 184 162  16   0],7,258,945.3200073242188,0,0,Fuel/Ambient,967080361,1740861391
1740861392174325431,16,[  0   0   0   0 184 162  16   0],7,258,945.3200073242188,0,0,Fuel/Ambient,172473915,1740861392
1740861392367992521,16,[  0   0   0   0 184 162  16   0],7,258,945.3200073242188,0,0,Fuel/Ambient,367495161,1740861392
1740861392573484797,16,[  0   0   0   0 184 161  16   0],7,258,945.2999877929688,0,0,Fuel/Ambient,572990541,1740861392
1740861392770152305,16,[  0   0   0   0 184 161  16   0],7,258,945.2999877929688,0,0,Fuel/Ambient,769635296,1740861392
1740861392975116531,16,[  0   0   0   0 184 161  16   0],7,258,945.2999877929688,0,0,Fuel/Ambient,974611907,1740861392
1740861393169733186,16,[  0   0   0   0 184 161  16   0],7,258,945.2999877929688,0,0,Fuel/Ambient,169282643,1740861393
1740861393374859015,16,[  0   0   0   0 184 161  16   0],7,258,945.2999877929688,0,0,Fuel/Ambient,374441657,1740861393
1740861393570231053,16,[  0   0   0   0 184 161  16   0],7,258,945.2999877929688,0,0,Fuel/Ambient,569767966,1740861393
1740861393778172238,16,[  0   0   0   0 184 161  16   0],7,258,945.2999877929688,0,0,Fuel/Ambient,777468183,1740861393
1740861393974241451,16,[  0   0   0   0 184 161  16   0],7,258,945.2999877929688,0,0,Fuel/Ambient,973813437,1740861393
1740861394179379854,16,[  0   0   0   0 184 161  16   0],7,258,945.2999877929688,0,0,Fuel/Ambient,178911326,1740861394
1740861394374725265,16,[  0   0   0   0 184 161  16   0],7,258,945.2999877929688,0,0,Fuel/Ambient,374264001,1740861394
1740861394579832562,16,[  0   0   0   0 184 161  16   0],7,258,945.2999877929688,0,0,Fuel/Ambient,579328129,1740861394
1740861394777465055,16,[  0   0   0   0 184 161  16   0],7,258,945.2999877929688,0,0,Fuel/Ambient,776976623,1740861394
1740861394974382933,16,[  0   0   0   0 184 161  16   0],7,258,945.2999877929688,0,0,Fuel/Ambient,973878085,1740861394
1740861395179249548,16,[  0   0   0   0 184 161  16   0],7,258,945.2999877929688,0,0,Fuel/Ambient,178690233,1740861395
1740861395384369226,16,[  0   0   0   0 184 161  16   0],7,258,945.2999877929688,0,0,Fuel/Ambient,383842585,1740861395
1740861395579431137,16,[  0   0   0   0 184 161  16   0],7,258,945.2999877929688,0,0,Fuel/Ambient,578935601,1740861395
1740861395776959816,16,[  0   0   0   0 184 161  16   0],7,258,945.2999877929688,0,0,Fuel/Ambient,776495289,1740861395
1740861395982148136,16,[  0   0   0   0 184 161  16   0],7,258,945.2999877929688,0,0,Fuel/Ambient,981649816,1740861395
1740861396187449162,16,[  0   0   0   0 184 161  16   0],7,258,945.2999877929688,0,0,Fuel/Ambient,186602126,1740861396
1740861396383955949,16,[  0   0   0   0 184 161  16   0],7,258,945.2999877929688,0,0,Fuel/Ambient,383325592,1740861396
1740861396588604985,16,[  0   0   0   0 184 161  16   0],7,258,945.2999877929688,0,0,Fuel/Ambient,587911586,1740861396
1740861396784428517,16,[  0   0   0   0 184 161  16   0],7,258,945.2999877929688,0,0,Fuel/Ambient,783953974,1740861396
1740861396983482491,16,[  0   0   0   0 184 161  16   0],7,258,945.2999877929688,0,0,Fuel/Ambient,982879399,1740861396
1740861397188779129,16,[  0   0   0   0 184 161  16   0],7,258,945.2999877929688,0,0,Fuel/Ambient,188188838,1740861397
1740861397383597346,16,[  0   0   0   0 184 161  16   0],7,258,945.2999877929688,0,0,Fuel/Ambient,383073841,1740861397
1740861397588865279,16,[  0   0   0   0 184 161  16   0],7,258,945.2999877929688,0,0,Fuel/Ambient,587981698,1740861397
1740861397785342270,16,[  0   0   0   0 184 161  16   0],7,258,945.2999877929688,0,0,Fuel/Ambient,784832429,1740861397
1740861397990188365,16,[  0   0   0   0 184 161  16   0],7,258,945.2999877929688,0,0,Fuel/Ambient,989728830,1740861397
1740861398186513925,16,[  0   0   0   0 184 161  16   0],7,258,945.2999877929688,0,0,Fuel/Ambient,185603239,1740861398
1740861398391308559,16,[  0   0   0   0 184 161  16   0],7,258,945.2999877929688,0,0,Fuel/Ambient,390818143,1740861398
1740861398587117205,16,[  0   0   0   0 184 162  16   0],7,258,945.3200073242188,0,0,Fuel/Ambient,586577060,1740861398
1740861398795185034,16,[  0   0   0   0 184 162  16   0],7,258,945.3200073242188,0,0,Fuel/Ambient,794697147,1740861398
1740861398990936271,16,[  0   0   0   0 184 162  16   0],7,258,945.3200073242188,0,0,Fuel/Ambient,990407741,1740861398
1740861399196339018,16,[  0   0   0   0 184 162  16   0],7,258,945.3200073242188,0,0,Fuel/Ambient,195674741,1740861399
1740861399394252210,16,[  0   0   0   0 184 162  16   0],7,258,945.3200073242188,0,0,Fuel/Ambient,393115469,1740861399
1740861399590018356,16,[  0   0   0   0 184 162  16   0],7,258,945.3200073242188,0,0,Fuel/Ambient,589511171,1740861399
1740861399798370351,16,[  0   0   0   0 184 162  16   0],7,258,945.3200073242188,0,0,Fuel/Ambient,797884735,1740861399
1740861399994308598,16,[  0   0   0   0 184 162  16   0],7,258,945.3200073242188,0,0,Fuel/Ambient,993397945,1740861399
1740861400191240475,16,[  0   0   0   0 184 162  16   0],7,258,945.3200073242188,0,0,Fuel/Ambient,190466242,1740861400
1740861400396159332,16,[  0   0   0   0 184 162  16   0],7,258,945.3200073242188,0,0,Fuel/Ambient,395676084,1740861400
1740861400602327061,16,[  0   0   0   0 184 162  16   0],7,258,945.3200073242188,0,0,Fuel/Ambient,601494458,1740861400
1740861400799462048,16,[  0   0   0   0 184 162  16   0],7,258,945.3200073242188,0,0,Fuel/Ambient,798415518,1740861400
1740861400996226624,16,[  0   0   0   0 184 162  16   0],7,258,945.3200073242188,0,0,Fuel/Ambient,994293281,1740861400
1740861401199801722,16,[  0   0   0   0 184 162  16   0],7,258,945.3200073242188,0,0,Fuel/Ambient,198939006,1740861401
1740861401404124524,16,[  0   0   0   0 184 162  16   0],7,258,945.3200073242188,0,0,Fuel/Ambient,403638300,1740861401
1740861401598983018,16,[  0   0   0   0 184 162  16   0],7,258,945.3200073242188,0,0,Fuel/Ambient,598457945,1740861401
1740861401797161077,16,[  0   0   0   0 184 162  16   0],7,258,945.3200073242188,0,0,Fuel/Ambient,795950125,1740861401
1740861402002893877,16,[  0   0   0   0 184 162  16   0],7,258,945.3200073242188,0,0,Fuel/Ambient,2425349,1740861402
1740861402197967511,16,[  0   0   0   0 184 162  16   0],7,258,945.3200073242188,0,0,Fuel/Ambient,197457127,1740861402
1740861402404871866,16,[  0   0   0   0 184 162  16   0],7,258,945.3200073242188,0,0,Fuel/Ambient,403855769,1740861402
1740861402600321769,16,[  0   0   0   0 184 162  16   0],7,258,945.3200073242188,0,0,Fuel/Ambient,599854586,1740861402
1740861402807712284,16,[  0   0   0   0 184 161  16   0],7,258,945.2999877929688,0,0,Fuel/Ambient,807294734,1740861402
1740861403002956964,16,[  0   0   0   0 184 161  16   0],7,258,945.2999877929688,0,0,Fuel/Ambient,2390705,1740861403
1740861403209140684,16,[  0   0   0   0 184 161  16   0],7,258,945.2999877929688,0,0,Fuel/Ambient,208354899,1740861403
1740861403403837536,16,[  0   0   0   0 184 161  16   0],7,258,945.2999877929688,0,0,Fuel/Ambient,403164426,1740861403
1740861403609473750,16,[  0   0   0   0 184 161  16   0],7,258,945.2999877929688,0,0,Fuel/Ambient,608782016,1740861403
1740861403807704669,16,[  0   0   0   0 184 160  16   0],7,258,945.280029296875,0,0,Fuel/Ambient,806918115,1740861403
1740861404012140300,16,[  0   0   0   0 184 160  16   0],7,258,945.280029296875,0,0,Fuel/Ambient,11728479,1740861404
1740861404207380750,16,[  0   0   0   0 184 160  16   0],7,258,945.280029296875,0,0,Fuel/Ambient,206637078,1740861404
1740861404413054947,16,[  0   0   0   0 184 160  16   0],7,258,945.280029296875,0,0,Fuel/Ambient,412515858,1740861404
1740861404608711635,16,[  0   0   0   0 184 160  16   0],7,258,945.280029296875,0,0,Fuel/Ambient,608186370,1740861404
1740861404807650893,16,[  0   0   0   0 184 160  16   0],7,258,945.280029296875,0,0,Fuel/Ambient,807021497,1740861404
1740861405025253157,16,[  0   0   0   0 184 159  16   0],7,258,945.260009765625,0,0,Fuel/Ambient,18780531,1740861405
1740861405210152469,16,[  0   0   0   0 184 159  16   0],7,258,945.260009765625,0,0,Fuel/Ambient,209715975,1740861405
1740861405416325207,16,[  0   0   0   0 184 159  16   0],7,258,945.260009765625,0,0,Fuel/Ambient,415343767,1740861405
1740861405611865312,16,[  0   0   0   0 184 159  16   0],7,258,945.260009765625,0,0,Fuel/Ambient,611161033,1740861405
1740861405811426315,16,[  0   0   0   0 184 159  16   0],7,258,945.260009765625,0,0,Fuel/Ambient,810994781,1740861405
1740861406017699568,16,[  0   0   0   0 184 159  16   0],7,258,945.260009765625,0,0,Fuel/Ambient,16998650,1740861406
1740861406213451677,16,[  0   0   0   0 184 159  16   0],7,258,945.260009765625,0,0,Fuel/Ambient,212893963,1740861406
1740861406420047242,16,[  0   0   0   0 184 159  16   0],7,258,945.260009765625,0,0,Fuel/Ambient,419036905,1740861406
1740861406615886426,16,[  0   0   0   0 184 159  16   0],7,258,945.260009765625,0,0,Fuel/Ambient,615181027,1740861406
1740861406813458114,16,[  0   0   0   0 184 159  16   0],7,258,945.260009765625,0,0,Fuel/Ambient,812718250,1740861406
1740861407021170963,16,[  0   0   0   0 184 159  16   0],7,258,945.260009765625,0,0,Fuel/Ambient,20804519,1740861407
1740861407218240776,16,[  0   0   0   0 184 159  16   0],7,258,945.260009765625,0,0,Fuel/Ambient,216830170,1740861407
1740861407423489414,16,[  0   0   0   0 184 160  16   0],7,258,945.280029296875,0,0,Fuel/Ambient,422922003,1740861407
1740861407620172142,16,[  0   0   0   0 184 160  16   0],7,258,945.280029296875,0,0,Fuel/Ambient,619310610,1740861407
1740861407820503020,16,[  0   0   0   0 184 160  16   0],7,258,945.280029296875,0,0,Fuel/Ambient,818328070,1740861407
1740861408025102197,16,[  0   0   0   0 184 160  16   0],7,258,945.280029296875,0,0,Fuel/Ambient,24581316,1740861408
1740861408220488720,16,[  0   0   0   0 184 160  16   0],7,258,945.280029296875,0,0,Fuel/Ambient,219956671,1740861408
1740861408426150617,16,[  0   0   0   0 184 160  16   0],7,258,945.280029296875,0,0,Fuel/Ambient,425586919,1740861408
1740861408621568565,16,[  0   0   0   0 184 160  16   0],7,258,945.280029296875,0,0,Fuel/Ambient,620958594,1740861408
1740861408828454437,16,[  0   0   0   0 184 160  16   0],7,258,945.280029296875,0,0,Fuel/Ambient,827867698,1740861408
1740861409023280942,16,[  0   0   0   0 184 160  16   0],7,258,945.280029296875,0,0,Fuel/Ambient,22686523,1740861409
1740861409229096313,16,[  0   0   0   0 184 160  16   0],7,258,945.280029296875,0,0,Fuel/Ambient,228180891,1740861409
1740861409424189896,16,[  0   0   0   0 184 160  16   0],7,258,945.280029296875,0,0,Fuel/Ambient,423590804,1740861409
1740861409630255546,16,[  0   0   0   0 184 160  16   0],7,258,945.280029296875,0,0,Fuel/Ambient,629454624,1740861409
1740861409828045025,16,[  0   0   0   0 184 160  16   0],7,258,945.280029296875,0,0,Fuel/Ambient,827431949,1740861409
1740861410033788424,16,[  0   0   0   0 184 160  16   0],7,258,945.280029296875,0,0,Fuel/Ambient,33052848,1740861410
1740861410229491560,16,[  0   0   0   0 184 160  16   0],7,258,945.280029296875,0,0,Fuel/Ambient,228785873,1740861410
1740861410425584757,16,[  0   0   0   0 184 161  16   0],7,258,945.2999877929688,0,0,Fuel/Ambient,424838364,1740861410
1740861410631311769,16,[  0   0   0   0 184 161  16   0],7,258,945.2999877929688,0,0,Fuel/Ambient,630608418,1740861410
1740861410829542475,16,[  0   0   0   0 184 161  16   0],7,258,945.2999877929688,0,0,Fuel/Ambient,828973240,1740861410
1740861411035808288,16,[  0   0   0   0 184 161  16   0],7,258,945.2999877929688,0,0,Fuel/Ambient,35411379,1740861411
1740861411232217076,16,[  0   0   0   0 184 161  16   0],7,258,945.2999877929688,0,0,Fuel/Ambient,231389529,1740861411
1740861411437740623,16,[  0   0   0   0 184 161  16   0],7,258,945.2999877929688,0,0,Fuel/Ambient,437188957,1740861411
1740861411632958140,16,[  0   0   0   0 184 162  16   0],7,258,945.3200073242188,0,0,Fuel/Ambient,632427819,1740861411
1740861411833631162,16,[  0   0   0   0 184 162  16   0],7,258,945.3200073242188,0,0,Fuel/Ambient,832563928,1740861411
1740861412039708199,16,[  0   0   0   0 184 162  16   0],7,258,945.3200073242188,0,0,Fuel/Ambient,39033617,1740861412
1740861412236414337,16,[  0   0   0   0 184 162  16   0],7,258,945.3200073242188,0,0,Fuel/Ambient,235732011,1740861412
1740861412432641772,16,[  0   0   0   0 184 162  16   0],7,258,945.3200073242188,0,0,Fuel/Ambient,432242175,1740861412
1740861412638416812,16,[  0   0   0   0 184 162  16   0],7,258,945.3200073242188,0,0,Fuel/Ambient,637706517,1740861412
1740861412836225131,16,[  0   0   0   0 184 162  16   0],7,258,945.3200073242188,0,0,Fuel/Ambient,835609751,1740861412
1740861413041776963,16,[  0   0   0   0 184 162  16   0],7,258,945.3200073242188,0,0,Fuel/Ambient,41298676,1740861413
1740861413237581054,16,[  0   0   0   0 184 162  16   0],7,258,945.3200073242188,0,0,Fuel/Ambient,237192369,1740861413
1740861413443135251,16,[  0   0   0   0 184 162  16   0],7,258,945.3200073242188,0,0,Fuel/Ambient,442426557,1740861413
1740861413639036497,16,[  0   0   0   0 184 162  16   0],7,258,945.3200073242188,0,0,Fuel/Ambient,638497216,1740861413
1740861413837068660,16,[  0   0   0   0 184 162  16   0],7,258,945.3200073242188,0,0,Fuel/Ambient,836375582,1740861413
1740861414042968788,16,[  0   0   0   0 184 162  16   0],7,258,945.3200073242188,0,0,Fuel/Ambient,42375329,1740861414
1740861414239183514,16,[  0   0   0   0 184 162  16   0],7,258,945.3200073242188,0,0,Fuel/Ambient,238745131,1740861414
1740861414445320831,16,[  0   0   0   0 184 162  16   0],7,258,945.3200073242188,0,0,Fuel/Ambient,444582439,1740861414
1740861414641542277,16,[  0   0   0   0 184 162  16   0],7,258,945.3200073242188,0,0,Fuel/Ambient,640725450,1740861414
1740861414840883631,16,[  0   0   0   0 184 162  16   0],7,258,945.3200073242188,0,0,Fuel/Ambient,839847053,1740861414
1740861415046812013,16,[  0   0   0   0 184 163  16   0],7,258,945.3400268554688,0,0,Fuel/Ambient,46342814,1740861415
1740861415242401563,16,[  0   0   0   0 184 163  16   0],7,258,945.3400268554688,0,0,Fuel/Ambient,241503070,1740861415
1740861415447910954,16,[  0   0   0   0 184 162  16   0],7,258,945.3200073242188,0,0,Fuel/Ambient,447252980,1740861415
1740861415644821218,16,[  0   0   0   0 184 163  16   0],7,258,945.3400268554688,0,0,Fuel/Ambient,644032681,1740861415
1740861415852278864,16,[  0   0   0   0 184 163  16   0],7,258,945.3400268554688,0,0,Fuel/Ambient,851772319,1740861415
1740861416048199368,16,[  0   0   0   0 184 163  16   0],7,258,945.3400268554688,0,0,Fuel/Ambient,47653142,1740861416
1740861416245557708,16,[  0   0   0   0 184 163  16   0],7,258,945.3400268554688,0,0,Fuel/Ambient,244398183,1740861416
1740861416451142938,16,[  0   0   0   0 184 162  16   0],7,258,945.3200073242188,0,0,Fuel/Ambient,450603336,1740861416
1740861416647270198,16,[  0   0   0   0 184 162  16   0],7,258,945.3200073242188,0,0,Fuel/Ambient,646473565,1740861416
1740861416855017514,16,[  0   0   0   0 184 162  16   0],7,258,945.3200073242188,0,0,Fuel/Ambient,854602237,1740861416
1740861417051573812,16,[  0   0   0   0 184 162  16   0],7,258,945.3200073242188,0,0,Fuel/Ambient,50370797,1740861417
1740861417257229857,16,[  0   0   0   0 184 162  16   0],7,258,945.3200073242188,0,0,Fuel/Ambient,256533771,1740861417
1740861417452730983,16,[  0   0   0   0 184 162  16   0],7,258,945.3200073242188,0,0,Fuel/Ambient,452207158,1740861417
1740861417658699806,16,[  0   0   0   0 184 162  16   0],7,258,945.3200073242188,0,0,Fuel/Ambient,658015560,1740861417
1740861417857132546,16,[  0   0   0   0 184 162  16   0],7,258,945.3200073242188,0,0,Fuel/Ambient,856283239,1740861417
1740861418052389919,16,[  0   0   0   0 184 163  16   0],7,258,945.3400268554688,0,0,Fuel/Ambient,52004371,1740861418
1740861418258031785,16,[  0   0   0   0 184 163  16   0],7,258,945.3400268554688,0,0,Fuel/Ambient,257554138,1740861418
1740861418453980282,16,[  0   0   0   0 184 163  16   0],7,258,945.3400268554688,0,0,Fuel/Ambient,453308132,1740861418
1740861418659747560,16,[  0   0   0   0 184 163  16   0],7,258,945.3400268554688,0,0,Fuel/Ambient,659191926,1740861418
1740861418858113063,16,[  0   0   0   0 184 163  16   0],7,258,945.3400268554688,0,0,Fuel/Ambient,857687321,1740861418
1740861419053964340,16,[  0   0   0   0 184 163  16   0],7,258,945.3400268554688,0,0,Fuel/Ambient,53151930,1740861419
1740861419260360564,16,[  0   0   0   0 184 163  16   0],7,258,945.3400268554688,0,0,Fuel/Ambient,259587163,1740861419
1740861419455405029,16,[  0   0   0   0 184 163  16   0],7,258,945.3400268554688,0,0,Fuel/Ambient,454972727,1740861419
1740861419661074093,16,[  0   0   0   0 184 163  16   0],7,258,945.3400268554688,0,0,Fuel/Ambient,660462745,1740861419
1740861419858484746,16,[  0   0   0   0 184 163  16   0],7,258,945.3400268554688,0,0,Fuel/Ambient,857849782,1740861419
1740861420063826310,16,[  0   0   0   0 184 163  16   0],7,258,945.3400268554688,0,0,Fuel/Ambient,63255540,1740861420
1740861420260786867,16,[  0   0   0   0 184 163  16   0],7,258,945.3400268554688,0,0,Fuel/Ambient,260224928,1740861420
1740861420466416342,16,[  0   0   0   0 184 163  16   0],7,258,945.3400268554688,0,0,Fuel/Ambient,465808642,1740861420
1740861420661953236,16,[  0   0   0   0 184 163  16   0],7,258,945.3400268554688,0,0,Fuel/Ambient,661366497,1740861420
1740861420860478387,16,[  0   0   0   0 184 163  16   0],7,258,945.3400268554688,0,0,Fuel/Ambient,859226987,1740861420
1740861421065595973,16,[  0   0   0   0 184 163  16   0],7,258,945.3400268554688,0,0,Fuel/Ambient,65177176,1740861421
1740861421262634065,16,[  0   0   0   0 184 163  16   0],7,258,945.3400268554688,0,0,Fuel/Ambient,261831383,1740861421
1740861421468396278,16,[  0   0   0   0 184 163  16   0],7,258,945.3400268554688,0,0,Fuel/Ambient,467761985,1740861421
1740861421664110839,16,[  0   0   0   0 184 163  16   0],7,258,945.3400268554688,0,0,Fuel/Ambient,663207578,1740861421
1740861421872151397,16,[  0   0   0   0 184 163  16   0],7,258,945.3400268554688,0,0,Fuel/Ambient,871138980,1740861421
1740861422067571452,16,[  0   0   0   0 184 163  16   0],7,258,945.3400268554688,0,0,Fuel/Ambient,66785347,1740861422
1740861422272785228,16,[  0   0   0   0 184 163  16   0],7,258,945.3400268554688,0,0,Fuel/Ambient,271991187,1740861422
1740861422469593710,16,[  0   0   0   0 184 163  16   0],7,258,945.3400268554688,0,0,Fuel/Ambient,469135327,1740861422
1740861422674452371,16,[  0   0   0   0 184 163  16   0],7,258,945.3400268554688,0,0,Fuel/Ambient,673992228,1740861422
1740861422870934602,16,[  0   0   0   0 184 163  16   0],7,258,945.3400268554688,0,0,Fuel/Ambient,870400408,1740861422
1740861423075911633,16,[  0   0   0   0 184 162  16   0],7,258,945.3200073242188,0,0,Fuel/Ambient,75006772,1740861423
1740861423271470408,16,[  0   0   0   0 184 162  16   0],7,258,945.3200073242188,0,0,Fuel/Ambient,271014393,1740861423
1740861423477236327,16,[  0   0   0   0 184 163  16   0],7,258,945.3400268554688,0,0,Fuel/Ambient,476686389,1740861423
1740861423672623000,16,[  0   0   0   0 184 163  16   0],7,258,945.3400268554688,0,0,Fuel/Ambient,671967139,1740861423
1740861423870842980,16,[  0   0   0   0 184 163  16   0],7,258,945.3400268554688,0,0,Fuel/Ambient,870190767,1740861423
1740861424076563553,16,[  0   0   0   0 184 163  16   0],7,258,945.3400268554688,0,0,Fuel/Ambient,76200309,1740861424
1740861424271559170,16,[  0   0   0   0 184 163  16   0],7,258,945.3400268554688,0,0,Fuel/Ambient,271366460,1740861424
1740861424476760108,16,[  0   0   0   0 184 163  16   0],7,258,945.3400268554688,0,0,Fuel/Ambient,475928146,1740861424
1740861424682132732,16,[  0   0   0   0 184 163  16   0],7,258,945.3400268554688,0,0,Fuel/Ambient,681311682,1740861424
1740861424880121918,16,[  0   0   0   0 184 163  16   0],7,258,945.3400268554688,0,0,Fuel/Ambient,879423751,1740861424
1740861425075746643,16,[  0   0   0   0 184 163  16   0],7,258,945.3400268554688,0,0,Fuel/Ambient,75240707,1740861425
1740861425281392424,16,[  0   0   0   0 184 163  16   0],7,258,945.3400268554688,0,0,Fuel/Ambient,280845111,1740861425
1740861425478335206,16,[  0   0   0   0 184 163  16   0],7,258,945.3400268554688,0,0,Fuel/Ambient,477365255,1740861425
1740861425684121440,16,[  0   0   0   0 184 163  16   0],7,258,945.3400268554688,0,0,Fuel/Ambient,683375912,1740861425
1740861425882546605,16,[  0   0   0   0 184 163  16   0],7,258,945.3400268554688,0,0,Fuel/Ambient,881835670,1740861425
1740861426077829140,16,[  0   0   0   0 184 163  16   0],7,258,945.3400268554688,0,0,Fuel/Ambient,77384134,1740861426
1740861426284431813,16,[  0   0   0   0 184 163  16   0],7,258,945.3400268554688,0,0,Fuel/Ambient,283642252,1740861426
1740861426480302269,16,[  0   0   0   0 184 162  16   0],7,258,945.3200073242188,0,0,Fuel/Ambient,479475427,1740861426
1740861426685646438,16,[  0   0   0   0 184 162  16   0],7,258,945.3200073242188,0,0,Fuel/Ambient,685209464,1740861426
1740861426883722085,16,[  0   0   0   0 184 162  16   0],7,258,945.3200073242188,0,0,Fuel/Ambient,882235893,1740861426
1740861427088296564,16,[  0   0   0   0 184 163  16   0],7,258,945.3400268554688,0,0,Fuel/Ambient,87562781,1740861427
1740861427284627768,16,[  0   0   0   0 184 163  16   0],7,258,945.3400268554688,0,0,Fuel/Ambient,284049862,1740861427
1740861427490545265,16,[  0   0   0   0 184 163  16   0],7,258,945.3400268554688,0,0,Fuel/Ambient,489637619,1740861427
1740861427685792338,16,[  0   0   0   0 184 163  16   0],7,258,945.3400268554688,0,0,Fuel/Ambient,685376357,1740861427
1740861427883832685,16,[  0   0   0   0 184 163  16   0],7,258,945.3400268554688,0,0,Fuel/Ambient,883046324,1740861427
1740861428089465979,16,[  0   0   0   0 184 163  16   0],7,258,945.3400268554688,0,0,Fuel/Ambient,88567198,1740861428
1740861428285267852,16,[  0   0   0   0 184 162  16   0],7,258,945.3200073242188,0,0,Fuel/Ambient,284729466,1740861428
1740861428490977882,16,[  0   0   0   0 184 162  16   0],7,258,945.3200073242188,0,0,Fuel/Ambient,490305541,1740861428
1740861428686360285,15,[  0   0   0   0 184 162  15   0],7,258,945.3200073242188,0,0,Fuel/Ambient,685654375,1740861428
1740861428894388823,15,[  0   0   0   0 184 163  15   0],7,258,945.3400268554688,0,0,Fuel/Ambient,893860358,1740861428
1740861429090936062,15,[  0   0   0   0 184 163  15   0],7,258,945.3400268554688,0,0,Fuel/Ambient,90008256,1740861429
1740861429295963828,15,[  0   0   0   0 184 163  15   0],7,258,945.3400268554688,0,0,Fuel/Ambient,295326879,1740861429
1740861429491615165,15,[  0   0   0   0 184 163  15   0],7,258,945.3400268554688,0,0,Fuel/Ambient,490907494,1740861429
1740861429698030527,15,[  0   0   0   0 184 163  15   0],7,258,945.3400268554688,0,0,Fuel/Ambient,697312648,1740861429
1740861429895562468,15,[  0   0   0   0 184 163  15   0],7,258,945.3400268554688,0,0,Fuel/Ambient,894890031,1740861429
1740861430092364625,15,[  0   0   0   0 184 163  15   0],7,258,945.3400268554688,0,0,Fuel/Ambient,91664955,1740861430
1740861430297949078,15,[  0   0   0   0 184 163  15   0],7,258,945.3400268554688,0,0,Fuel/Ambient,297252736,1740861430
1740861430493737088,15,[  0   0   0   0 184 163  15   0],7,258,945.3400268554688,0,0,Fuel/Ambient,492812995,1740861430
1740861430699692593,15,[  0   0   0   0 184 163  15   0],7,258,945.3400268554688,0,0,Fuel/Ambient,699114847,1740861430
1740861430897614560,15,[  0   0   0   0 184 163  15   0],7,258,945.3400268554688,0,0,Fuel/Ambient,896936683,1740861430
1740861431094746869,15,[  0   0   0   0 184 163  15   0],7,258,945.3400268554688,0,0,Fuel/Ambient,93662034,1740861431
1740861431300176338,15,[  0   0   0   0 184 163  15   0],7,258,945.3400268554688,0,0,Fuel/Ambient,299486076,1740861431
1740861431495980122,15,[  0   0   0   0 184 163  15   0],7,258,945.3400268554688,0,0,Fuel/Ambient,495260931,1740861431
1740861431702210129,15,[  0   0   0   0 184 163  15   0],7,258,945.3400268554688,0,0,Fuel/Ambient,701492570,1740861431
1740861431900795474,15,[  0   0   0   0 184 163  15   0],7,258,945.3400268554688,0,0,Fuel/Ambient,900282018,1740861431
1740861432106588762,15,[  0   0   0   0 184 163  15   0],7,258,945.3400268554688,0,0,Fuel/Ambient,105752639,1740861432
1740861432302318781,15,[  0   0   0   0 184 163  15   0],7,258,945.3400268554688,0,0,Fuel/Ambient,301267035,1740861432
1740861432506532080,15,[  0   0   0   0 184 163  15   0],7,258,945.3400268554688,0,0,Fuel/Ambient,506116387,1740861432
1740861432701294932,15,[  0   0   0   0 184 163  15   0],7,258,945.3400268554688,0,0,Fuel/Ambient,700824837,1740861432
1740861432908964726,15,[  0   0   0   0 184 163  15   0],7,258,945.3400268554688,0,0,Fuel/Ambient,908341282,1740861432
1740861433104884830,15,[  0   0   0   0 184 163  15   0],7,258,945.3400268554688,0,0,Fuel/Ambient,104005634,1740861433
1740861433310344950,15,[  0   0   0   0 184 163  15   0],7,258,945.3400268554688,0,0,Fuel/Ambient,309602814,1740861433
1740861433506429378,15,[  0   0   0   0 184 163  15   0],7,258,945.3400268554688,0,0,Fuel/Ambient,505772013,1740861433
1740861433702266054,15,[  0   0   0   0 184 163  15   0],7,258,945.3400268554688,0,0,Fuel/Ambient,701581168,1740861433
1740861433910321873,15,[  0   0   0   0 184 163  15   0],7,258,945.3400268554688,0,0,Fuel/Ambient,909616923,1740861433
1740861434105461213,15,[  0   0   0   0 184 163  15   0],7,258,945.3400268554688,0,0,Fuel/Ambient,104737414,1740861434
1740861434310643050,15,[  0   0   0   0 184 163  15   0],7,258,945.3400268554688,0,0,Fuel/Ambient,310157754,1740861434
1740861434506118175,15,[  0   0   0   0 184 163  15   0],7,258,945.3400268554688,0,0,Fuel/Ambient,505521260,1740861434
1740861434712498386,15,[  0   0   0   0 184 163  15   0],7,258,945.3400268554688,0,0,Fuel/Ambient,711650455,1740861434
1740861434909609916,15,[  0   0   0   0 184 163  15   0],7,258,945.3400268554688,0,0,Fuel/Ambient,909126381,1740861434
1740861435115945068,15,[  0   0   0   0 184 163  15   0],7,258,945.3400268554688,0,0,Fuel/Ambient,115449628,1740861435
1740861435311728841,15,[  0   0   0   0 184 164  15   0],7,258,945.3599853515625,0,0,Fuel/Ambient,310920207,1740861435
1740861435507780334,15,[  0   0   0   0 184 164  15   0],7,258,945.3599853515625,0,0,Fuel/Ambient,507293887,1740861435
1740861435713853428,15,[  0   0   0   0 184 164  15   0],7,258,945.3599853515625,0,0,Fuel/Ambient,713109500,1740861435
1740861435913787766,15,[  0   0   0   0 184 164  15   0],7,258,945.3599853515625,0,0,Fuel/Ambient,913117024,1740861435
1740861436112845754,15,[  0   0   0   0 184 164  15   0],7,258,945.3599853515625,0,0,Fuel/Ambient,111060705,1740861436
1740861436320780633,15,[  0   0   0   0 184 164  15   0],7,258,945.3599853515625,0,0,Fuel/Ambient,317646804,1740861436
1740861436513381965,15,[  0   0   0   0 184 164  15   0],7,258,945.3599853515625,0,0,Fuel/Ambient,512778650,1740861436
1740861436718970401,15,[  0   0   0   0 184 164  15   0],7,258,945.3599853515625,0,0,Fuel/Ambient,718460048,1740861436
1740861436917680376,15,[  0   0   0   0 184 164  15   0],7,258,945.3599853515625,0,0,Fuel/Ambient,916735258,1740861436
1740861437122936832,15,[  0   0   0   0 184 164  15   0],7,258,945.3599853515625,0,0,Fuel/Ambient,122316108,1740861437
1740861437318748024,15,[  0   0   0   0 184 164  15   0],7,258,945.3599853515625,0,0,Fuel/Ambient,318335883,1740861437
1740861437524241158,15,[  0   0   0   0 184 164  15   0],7,258,945.3599853515625,0,0,Fuel/Ambient,523664851,1740861437
1740861437719789238,15,[  0   0   0   0 184 164  15   0],7,258,945.3599853515625,0,0,Fuel/Ambient,719343207,1740861437
1740861437918115518,15,[  0   0   0   0 184 164  15   0],7,258,945.3599853515625,0,0,Fuel/Ambient,917698417,1740861437
1740861438124322497,15,[  0   0   0   0 184 164  15   0],7,258,945.3599853515625,0,0,Fuel/Ambient,123562505,1740861438
1740861438320756043,15,[  0   0   0   0 184 164  15   0],7,258,945.3599853515625,0,0,Fuel/Ambient,319595333,1740861438
1740861438525902186,15,[  0   0   0   0 184 164  15   0],7,258,945.3599853515625,0,0,Fuel/Ambient,525391258,1740861438
1740861438721647934,15,[  0   0   0   0 184 164  15   0],7,258,945.3599853515625,0,0,Fuel/Ambient,720931751,1740861438
1740861438929767421,15,[  0   0   0   0 184 164  15   0],7,258,945.3599853515625,0,0,Fuel/Ambient,928756541,1740861438
1740861439124866106,15,[  0   0   0   0 184 164  15   0],7,258,945.3599853515625,0,0,Fuel/Ambient,124354665,1740861439
1740861439320633963,15,[  0   0   0   0 184 164  15   0],7,258,945.3599853515625,0,0,Fuel/Ambient,320266815,1740861439
1740861439526178549,15,[  0   0   0   0 184 164  15   0],7,258,945.3599853515625,0,0,Fuel/Ambient,525611619,1740861439
1740861439721732927,15,[  0   0   0   0 184 164  15   0],7,258,945.3599853515625,0,0,Fuel/Ambient,721319378,1740861439
1740861439931200967,15,[  0   0   0   0 184 164  15   0],7,258,945.3599853515625,0,0,Fuel/Ambient,930409709,1740861439
1740861440126146588,15,[  0   0   0   0 184 164  15   0],7,258,945.3599853515625,0,0,Fuel/Ambient,125664717,1740861440
1740861440332983340,15,[  0   0   0   0 184 164  15   0],7,258,945.3599853515625,0,0,Fuel/Ambient,332314359,1740861440
1740861440528299533,15,[  0   0   0   0 184 164  15   0],7,258,945.3599853515625,0,0,Fuel/Ambient,527746715,1740861440
1740861440734506633,15,[  0   0   0   0 184 164  15   0],7,258,945.3599853515625,0,0,Fuel/Ambient,733766993,1740861440
1740861440933361754,15,[  0   0   0   0 184 164  15   0],7,258,945.3599853515625,0,0,Fuel/Ambient,933003215,1740861440
1740861441129651736,15,[  0   0   0   0 184 164  15   0],7,258,945.3599853515625,0,0,Fuel/Ambient,128459730,1740861441
1740861441334680651,15,[  0   0   0   0 184 164  15   0],7,258,945.3599853515625,0,0,Fuel/Ambient,334160763,1740861441
1740861441530478936,15,[  0   0   0   0 184 165  15   0],7,258,945.3800048828125,0,0,Fuel/Ambient,529673855,1740861441
1740861441736457098,15,[  0   0   0   0 184 165  15   0],7,258,945.3800048828125,0,0,Fuel/Ambient,736028957,1740861441
1740861441934622563,15,[  0   0   0   0 184 165  15   0],7,258,945.3800048828125,0,0,Fuel/Ambient,933971662,1740861441
1740861442130656725,15,[  0   0   0   0 184 165  15   0],7,258,945.3800048828125,0,0,Fuel/Ambient,129781114,1740861442
1740861442336158997,15,[  0   0   0   0 184 165  15   0],7,258,945.3800048828125,0,0,Fuel/Ambient,335448639,1740861442
1740861442531557619,15,[  0   0   0   0 184 165  15   0],7,258,945.3800048828125,0,0,Fuel/Ambient,531021506,1740861442
1740861442736985233,15,[  0   0   0   0 184 165  15   0],7,258,945.3800048828125,0,0,Fuel/Ambient,736543586,1740861442
1740861442935627062,15,[  0   0   0   0 184 165  15   0],7,258,945.3800048828125,0,0,Fuel/Ambient,935087044,1740861442
1740861443141184181,15,[  0   0   0   0 184 164  15   0],7,258,945.3599853515625,0,0,Fuel/Ambient,140570978,1740861443
1740861443336812375,15,[  0   0   0   0 184 164  15   0],7,258,945.3599853515625,0,0,Fuel/Ambient,336282183,1740861443
1740861443542471962,15,[  0   0   0   0 184 164  15   0],7,258,945.3599853515625,0,0,Fuel/Ambient,541880039,1740861443
1740861443738057594,15,[  0   0   0   0 184 164  15   0],7,258,945.3599853515625,0,0,Fuel/Ambient,737344420,1740861443
1740861443937364050,15,[  0   0   0   0 184 164  15   0],7,258,945.3599853515625,0,0,Fuel/Ambient,936918916,1740861443
1740861444143779818,15,[  0   0   0   0 184 164  15   0],7,258,945.3599853515625,0,0,Fuel/Ambient,143041651,1740861444
1740861444339006973,15,[  0   0   0   0 184 164  15   0],7,258,945.3599853515625,0,0,Fuel/Ambient,338616464,1740861444
1740861444544336082,15,[  0   0   0   0 184 164  15   0],7,258,945.3599853515625,0,0,Fuel/Ambient,543985287,1740861444
1740861444740980594,15,[  0   0   0   0 184 164  15   0],7,258,945.3599853515625,0,0,Fuel/Ambient,740437280,1740861444
1740861444940172419,15,[  0   0   0   0 184 164  15   0],7,258,945.3599853515625,0,0,Fuel/Ambient,939504141,1740861444
1740861445146255598,15,[  0   0   0   0 184 164  15   0],7,258,945.3599853515625,0,0,Fuel/Ambient,145774846,1740861445
1740861445342595873,15,[  0   0   0   0 184 164  15   0],7,258,945.3599853515625,0,0,Fuel/Ambient,341686020,1740861445
1740861445547804687,15,[  0   0   0   0 184 163  15   0],7,258,945.3400268554688,0,0,Fuel/Ambient,547064344,1740861445
1740861445744748982,15,[  0   0   0   0 184 163  15   0],7,258,945.3400268554688,0,0,Fuel/Ambient,743293832,1740861445
1740861445951015174,15,[  0   0   0   0 184 163  15   0],7,258,945.3400268554688,0,0,Fuel/Ambient,950546999,1740861445
1740861446147260724,15,[  0   0   0   0 184 162  15   0],7,258,945.3200073242188,0,0,Fuel/Ambient,146020525,1740861446
1740861446352298458,15,[  0   0   0   0 184 162  15   0],7,258,945.3200073242188,0,0,Fuel/Ambient,351812011,1740861446
1740861446548086169,15,[  0   0   0   0 184 161  15   0],7,258,945.2999877929688,0,0,Fuel/Ambient,546868627,1740861446
1740861446753533228,15,[  0   0   0   0 184 161  15   0],7,258,945.2999877929688,0,0,Fuel/Ambient,752969018,1740861446
1740861446951596468,15,[  0   0   0   0 184 161  15   0],7,258,945.2999877929688,0,0,Fuel/Ambient,951087300,1740861446
1740861447147420691,15,[  0   0   0   0 184 160  15   0],7,258,945.280029296875,0,0,Fuel/Ambient,146586808,1740861447
1740861447352960230,15,[  0   0   0   0 184 160  15   0],7,258,945.280029296875,0,0,Fuel/Ambient,352176333,1740861447
1740861447548382519,15,[  0   0   0   0 184 160  15   0],7,258,945.280029296875,0,0,Fuel/Ambient,547786244,1740861447
1740861447754527453,15,[  0   0   0   0 184 160  15   0],7,258,945.280029296875,0,0,Fuel/Ambient,753782693,1740861447
1740861447952450237,15,[  0   0   0   0 184 159  15   0],7,258,945.260009765625,0,0,Fuel/Ambient,951901708,1740861447
1740861448158167188,15,[  0   0   0   0 184 159  15   0],7,258,945.260009765625,0,0,Fuel/Ambient,157640835,1740861448
1740861448353743239,15,[  0   0   0   0 184 159  15   0],7,258,945.260009765625,0,0,Fuel/Ambient,353286969,1740861448
1740861448558987854,15,[  0   0   0   0 184 159  15   0],7,258,945.260009765625,0,0,Fuel/Ambient,558486878,1740861448
1740861448754922157,15,[  0   0   0   0 184 159  15   0],7,258,945.260009765625,0,0,Fuel/Ambient,754396060,1740861448
1740861448953944174,15,[  0   0   0   0 184 159  15   0],7,258,945.260009765625,0,0,Fuel/Ambient,952875596,1740861448
1740861449158965515,15,[  0   0   0   0 184 159  15   0],7,258,945.260009765625,0,0,Fuel/Ambient,158396473,1740861449
1740861449354875270,15,[  0   0   0   0 184 159  15   0],7,258,945.260009765625,0,0,Fuel/Ambient,354129423,1740861449
1740861449560293456,15,[  0   0   0   0 184 159  15   0],7,258,945.260009765625,0,0,Fuel/Ambient,559716830,1740861449
1740861449755933763,15,[  0   0   0   0 184 159  15   0],7,258,945.260009765625,0,0,Fuel/Ambient,755419602,1740861449
1740861449964127013,15,[  0   0   0   0 184 159  15   0],7,258,945.260009765625,0,0,Fuel/Ambient,963292234,1740861449
1740861450158907482,15,[  0   0   0   0 184 158  15   0],7,258,945.239990234375,0,0,Fuel/Ambient,158411594,1740861450
1740861450364826704,15,[  0   0   0   0 184 158  15   0],7,258,945.239990234375,0,0,Fuel/Ambient,362926580,1740861450
1740861450557831628,15,[  0   0   0   0 184 158  15   0],7,258,945.239990234375,0,0,Fuel/Ambient,557385246,1740861450
1740861450761980363,15,[  0   0   0   0 184 158  15   0],7,258,945.239990234375,0,0,Fuel/Ambient,761390840,1740861450
1740861450959821121,15,[  0   0   0   0 184 158  15   0],7,258,945.239990234375,0,0,Fuel/Ambient,959055080,1740861450
1740861451165940732,15,[  0   0   0   0 184 158  15   0],7,258,945.239990234375,0,0,Fuel/Ambient,165201700,1740861451
1740861451361650155,15,[  0   0   0   0 184 158  15   0],7,258,945.239990234375,0,0,Fuel/Ambient,361071321,1740861451
1740861451567928491,15,[  0   0   0   0 184 159  15   0],7,258,945.260009765625,0,0,Fuel/Ambient,567196468,1740861451
1740861451763852225,15,[  0   0   0   0 184 159  15   0],7,258,945.260009765625,0,0,Fuel/Ambient,763168619,1740861451
1740861451971361288,15,[  0   0   0   0 184 159  15   0],7,258,945.260009765625,0,0,Fuel/Ambient,970606768,1740861451
1740861452167102742,15,[  0   0   0   0 184 159  15   0],7,258,945.260009765625,0,0,Fuel/Ambient,166649799,1740861452
1740861452372332273,15,[  0   0   0   0 184 159  15   0],7,258,945.260009765625,0,0,Fuel/Ambient,371575321,1740861452
1740861452567726036,15,[  0   0   0   0 184 158  15   0],7,258,945.239990234375,0,0,Fuel/Ambient,567126785,1740861452
1740861452773087668,15,[  0   0   0   0 184 158  15   0],7,258,945.239990234375,0,0,Fuel/Ambient,772505825,1740861452
1740861452971189580,15,[  0   0   0   0 184 158  15   0],7,258,945.239990234375,0,0,Fuel/Ambient,970289104,1740861452
1740861453166898231,15,[  0   0   0   0 184 158  15   0],7,258,945.239990234375,0,0,Fuel/Ambient,166402343,1740861453
1740861453372996875,15,[  0   0   0   0 184 158  15   0],7,258,945.239990234375,0,0,Fuel/Ambient,372063886,1740861453
1740861453568385163,15,[  0   0   0   0 184 158  15   0],7,258,945.239990234375,0,0,Fuel/Ambient,567900284,1740861453
1740861453773983183,15,[  0   0   0   0 184 158  15   0],7,258,945.239990234375,0,0,Fuel/Ambient,773420286,1740861453
1740861453972046308,15,[  0   0   0   0 184 158  15   0],7,258,945.239990234375,0,0,Fuel/Ambient,971487635,1740861453
1740861454177702472,15,[  0   0   0   0 184 158  15   0],7,258,945.239990234375,0,0,Fuel/Ambient,177080276,1740861454
1740861454373131559,15,[  0   0   0   0 184 158  15   0],7,258,945.239990234375,0,0,Fuel/Ambient,372435825,1740861454
1740861454578632453,15,[  0   0   0   0 184 158  15   0],7,258,945.239990234375,0,0,Fuel/Ambient,577791947,1740861454
1740861454774206760,15,[  0   0   0   0 184 157  15   0],7,258,945.219970703125,0,0,Fuel/Ambient,773482193,1740861454
1740861454981129044,15,[  0   0   0   0 184 157  15   0],7,258,945.219970703125,0,0,Fuel/Ambient,980721735,1740861454
1740861455176589041,15,[  0   0   0   0 184 157  15   0],7,258,945.219970703125,0,0,Fuel/Ambient,176121186,1740861455
1740861455382279635,15,[  0   0   0   0 184 157  15   0],7,258,945.219970703125,0,0,Fuel/Ambient,381534395,1740861455
1740861455578065786,15,[  0   0   0   0 184 157  15   0],7,258,945.219970703125,0,0,Fuel/Ambient,577397637,1740861455
1740861455783720315,15,[  0   0   0   0 184 157  15   0],7,258,945.219970703125,0,0,Fuel/Ambient,783203083,1740861455
1740861455981485665,15,[  0   0   0   0 184 157  15   0],7,258,945.219970703125,0,0,Fuel/Ambient,981031283,1740861455
1740861456177515438,15,[  0   0   0   0 184 157  15   0],7,258,945.219970703125,0,0,Fuel/Ambient,176581232,1740861456
1740861456383614714,15,[  0   0   0   0 184 157  15   0],7,258,945.219970703125,0,0,Fuel/Ambient,382878626,1740861456
1740861456579016018,15,[  0   0   0   0 184 157  15   0],7,258,945.219970703125,0,0,Fuel/Ambient,578422688,1740861456
1740861456785292452,15,[  0   0   0   0 184 157  15   0],7,258,945.219970703125,0,0,Fuel/Ambient,784422728,1740861456
1740861456983422131,15,[  0   0   0   0 184 157  15   0],7,258,945.219970703125,0,0,Fuel/Ambient,983063880,1740861456
1740861457179940621,15,[  0   0   0   0 184 157  15   0],7,258,945.219970703125,0,0,Fuel/Ambient,179266935,1740861457
1740861457385304222,15,[  0   0   0   0 184 157  15   0],7,258,945.219970703125,0,0,Fuel/Ambient,384826863,1740861457
1740861457590783444,15,[  0   0   0   0 184 158  15   0],7,258,945.239990234375,0,0,Fuel/Ambient,590238307,1740861457
1740861457786532021,15,[  0   0   0   0 184 158  15   0],7,258,945.239990234375,0,0,Fuel/Ambient,785917377,1740861457
1740861457984592927,15,[  0   0   0   0 184 158  15   0],7,258,945.239990234375,0,0,Fuel/Ambient,983932714,1740861457
1740861458190835946,15,[  0   0   0   0 184 158  15   0],7,258,945.239990234375,0,0,Fuel/Ambient,190085267,1740861458
1740861458387047095,15,[  0   0   0   0 184 158  15   0],7,258,945.239990234375,0,0,Fuel/Ambient,386314592,1740861458
1740861458591976633,15,[  0   0   0   0 184 159  15   0],7,258,945.260009765625,0,0,Fuel/Ambient,591446056,1740861458
1740861458787393484,15,[  0   0   0   0 184 159  15   0],7,258,945.260009765625,0,0,Fuel/Ambient,786680118,1740861458
1740861458995185289,15,[  0   0   0   0 184 159  15   0],7,258,945.260009765625,0,0,Fuel/Ambient,994500083,1740861458
1740861459190646811,15,[  0   0   0   0 184 159  15   0],7,258,945.260009765625,0,0,Fuel/Ambient,190106698,1740861459
1740861459396396468,15,[  0   0   0   0 184 159  15   0],7,258,945.260009765625,0,0,Fuel/Ambient,395647932,1740861459
1740861459592195281,15,[  0   0   0   0 184 159  15   0],7,258,945.260009765625,0,0,Fuel/Ambient,591364471,1740861459
1740861459798057645,15,[  0   0   0   0 184 158  15   0],7,258,945.239990234375,0,0,Fuel/Ambient,797142032,1740861459
1740861459997326969,15,[  0   0   0   0 184 158  15   0],7,258,945.239990234375,0,0,Fuel/Ambient,996670244,1740861459
1740861460192696070,15,[  0   0   0   0 184 158  15   0],7,258,945.239990234375,0,0,Fuel/Ambient,192298649,1740861460
1740861460398868233,15,[  0   0   0   0 184 158  15   0],7,258,945.239990234375,0,0,Fuel/Ambient,398062128,1740861460
1740861460594531520,15,[  0   0   0   0 184 158  15   0],7,258,945.239990234375,0,0,Fuel/Ambient,593922444,1740861460
1740861460800443771,15,[  0   0   0   0 184 158  15   0],7,258,945.239990234375,0,0,Fuel/Ambient,799680290,1740861460
1740861460998479708,15,[  0   0   0   0 184 158  15   0],7,258,945.239990234375,0,0,Fuel/Ambient,997796647,1740861460
1740861461194666305,15,[  0   0   0   0 184 158  15   0],7,258,945.239990234375,0,0,Fuel/Ambient,194099183,1740861461
1740861461401591673,15,[  0   0   0   0 184 158  15   0],7,258,945.239990234375,0,0,Fuel/Ambient,401066088,1740861461
1740861461597521461,15,[  0   0   0   0 184 158  15   0],7,258,945.239990234375,0,0,Fuel/Ambient,596887873,1740861461
1740861461803205190,15,[  0   0   0   0 184 158  15   0],7,258,945.239990234375,0,0,Fuel/Ambient,802694806,1740861461
1740861462000951548,15,[  0   0   0   0 184 159  15   0],7,258,945.260009765625,0,0,Fuel/Ambient,505134,1740861462
1740861462197207296,15,[  0   0   0   0 184 159  15   0],7,258,945.260009765625,0,0,Fuel/Ambient,196175263,1740861462
1740861462402392223,15,[  0   0   0   0 184 159  15   0],7,258,945.260009765625,0,0,Fuel/Ambient,402003666,1740861462
1740861462598019279,15,[  0   0   0   0 184 160  15   0],7,258,945.280029296875,0,0,Fuel/Ambient,597555680,1740861462
1740861462803926660,15,[  0   0   0   0 184 160  15   0],7,258,945.280029296875,0,0,Fuel/Ambient,803149388,1740861462
1740861463002295755,15,[  0   0   0   0 184 160  15   0],7,258,945.280029296875,0,0,Fuel/Ambient,1647863,1740861463
1740861463208100539,15,[  0   0   0   0 184 161  15   0],7,258,945.2999877929688,0,0,Fuel/Ambient,207514248,1740861463
1740861463403609668,15,[  0   0   0   0 184 161  15   0],7,258,945.2999877929688,0,0,Fuel/Ambient,403122165,1740861463
1740861463609091498,15,[  0   0   0   0 184 161  15   0],7,258,945.2999877929688,0,0,Fuel/Ambient,608561945,1740861463
1740861463804992864,15,[  0   0   0   0 184 162  15   0],7,258,945.3200073242188,0,0,Fuel/Ambient,804330891,1740861463
1740861464002862484,15,[  0   0   0   0 184 162  15   0],7,258,945.3200073242188,0,0,Fuel/Ambient,2424998,1740861464
1740861464208985739,15,[  0   0   0   0 184 162  15   0],7,258,945.3200073242188,0,0,Fuel/Ambient,208436634,1740861464
1740861464405225865,15,[  0   0   0   0 184 162  15   0],7,258,945.3200073242188,0,0,Fuel/Ambient,404818716,1740861464
1740861464612271997,15,[  0   0   0   0 184 162  15   0],7,258,945.3200073242188,0,0,Fuel/Ambient,611792494,1740861464
1740861464807594143,15,[  0   0   0   0 184 162  15   0],7,258,945.3200073242188,0,0,Fuel/Ambient,807194898,1740861464
1740861465005484529,15,[  0   0   0   0 184 162  15   0],7,258,945.3200073242188,0,0,Fuel/Ambient,5042115,1740861465
1740861465210790923,15,[  0   0   0   0 184 162  15   0],7,258,945.3200073242188,0,0,Fuel/Ambient,210256475,1740861465
1740861465416948705,15,[  0   0   0   0 184 162  15   0],7,258,945.3200073242188,0,0,Fuel/Ambient,416334189,1740861465
1740861465613082329,15,[  0   0   0   0 184 163  15   0],7,258,945.3400268554688,0,0,Fuel/Ambient,612140923,1740861465
1740861465808827557,15,[  0   0   0   0 184 163  15   0],7,258,945.3400268554688,0,0,Fuel/Ambient,808099278,1740861465
1740861466017037531,15,[  0   0   0   0 184 163  15   0],7,258,945.3400268554688,0,0,Fuel/Ambient,16106942,1740861466
1740861466213118319,15,[  0   0   0   0 184 163  15   0],7,258,945.3400268554688,0,0,Fuel/Ambient,212382136,1740861466
1740861466418675791,15,[  0   0   0   0 184 162  15   0],7,258,945.3200073242188,0,0,Fuel/Ambient,418110717,1740861466
1740861466614267219,15,[  0   0   0   0 184 162  15   0],7,258,945.3200073242188,0,0,Fuel/Ambient,613613343,1740861466
1740861466819946807,15,[  0   0   0   0 184 162  15   0],7,258,945.3200073242188,0,0,Fuel/Ambient,819352164,1740861466
1740861467017896454,15,[  0   0   0   0 184 162  15   0],7,258,945.3200073242188,0,0,Fuel/Ambient,17251025,1740861467
1740861467213794258,15,[  0   0   0   0 184 162  15   0],7,258,945.3200073242188,0,0,Fuel/Ambient,213122908,1740861467
1740861467419151816,15,[  0   0   0   0 184 162  15   0],7,258,945.3200073242188,0,0,Fuel/Ambient,418588086,1740861467
1740861467614647751,15,[  0   0   0   0 184 162  15   0],7,258,945.3200073242188,0,0,Fuel/Ambient,614114742,1740861467
1740861467821463852,15,[  0   0   0   0 184 162  15   0],7,258,945.3200073242188,0,0,Fuel/Ambient,820804247,1740861467
1740861468019653056,15,[  0   0   0   0 184 162  15   0],7,258,945.3200073242188,0,0,Fuel/Ambient,19112303,1740861468
1740861468224765964,15,[  0   0   0   0 184 162  15   0],7,258,945.3200073242188,0,0,Fuel/Ambient,224171289,1740861468
1740861468419775449,15,[  0   0   0   0 184 162  15   0],7,258,945.3200073242188,0,0,Fuel/Ambient,419210055,1740861468
1740861468625365076,15,[  0   0   0   0 184 162  15   0],7,258,945.3200073242188,0,0,Fuel/Ambient,624845828,1740861468
1740861468821445667,15,[  0   0   0   0 184 162  15   0],7,258,945.3200073242188,0,0,Fuel/Ambient,820634538,1740861468
1740861469019086531,15,[  0   0   0   0 184 162  15   0],7,258,945.3200073242188,0,0,Fuel/Ambient,18634965,1740861469
1740861469225468853,15,[  0   0   0   0 184 162  15   0],7,258,945.3200073242188,0,0,Fuel/Ambient,224813920,1740861469
1740861469420278393,15,[  0   0   0   0 184 162  15   0],7,258,945.3200073242188,0,0,Fuel/Ambient,419892237,1740861469
1740861469625915155,15,[  0   0   0   0 184 163  15   0],7,258,945.3400268554688,0,0,Fuel/Ambient,625409731,1740861469
1740861469821353707,15,[  0   0   0   0 184 163  15   0],7,258,945.3400268554688,0,0,Fuel/Ambient,820964799,1740861469
1740861470029022885,15,[  0   0   0   0 184 163  15   0],7,258,945.3400268554688,0,0,Fuel/Ambient,28562999,1740861470
1740861470224928233,15,[  0   0   0   0 184 163  15   0],7,258,945.3400268554688,0,0,Fuel/Ambient,224300630,1740861470
1740861470431317432,15,[  0   0   0   0 184 163  15   0],7,258,945.3400268554688,0,0,Fuel/Ambient,430479454,1740861470
1740861470627240477,15,[  0   0   0   0 184 163  15   0],7,258,945.3400268554688,0,0,Fuel/Ambient,626629738,1740861470
1740861470833390245,15,[  0   0   0   0 184 164  15   0],7,258,945.3599853515625,0,0,Fuel/Ambient,832712143,1740861470
1740861471033321800,15,[  0   0   0   0 184 164  15   0],7,258,945.3599853515625,0,0,Fuel/Ambient,32022687,1740861471
1740861471228987010,15,[  0   0   0   0 184 164  15   0],7,258,945.3599853515625,0,0,Fuel/Ambient,228195145,1740861471
1740861471434305709,15,[  0   0   0   0 184 164  15   0],7,258,945.3599853515625,0,0,Fuel/Ambient,433777852,1740861471
1740861471630306802,15,[  0   0   0   0 184 163  15   0],7,258,945.3400268554688,0,0,Fuel/Ambient,629485176,1740861471
1740861471835998408,15,[  0   0   0   0 184 163  15   0],7,258,945.3400268554688,0,0,Fuel/Ambient,835257521,1740861471
1740861472034460218,15,[  0   0   0   0 184 163  15   0],7,258,945.3400268554688,0,0,Fuel/Ambient,33657889,1740861472
1740861472230219221,15,[  0   0   0   0 184 163  15   0],7,258,945.3400268554688,0,0,Fuel/Ambient,229507454,1740861472
1740861472435584350,15,[  0   0   0   0 184 163  15   0],7,258,945.3400268554688,0,0,Fuel/Ambient,435117359,1740861472
1740861472631276887,15,[  0   0   0   0 184 163  15   0],7,258,945.3400268554688,0,0,Fuel/Ambient,630634242,1740861472
1740861472838683200,15,[  0   0   0   0 184 163  15   0],7,258,945.3400268554688,0,0,Fuel/Ambient,836800645,1740861472
1740861473035481307,15,[  0   0   0   0 184 163  15   0],7,258,945.3400268554688,0,0,Fuel/Ambient,34938442,1740861473
1740861473241304656,15,[  0   0   0   0 184 163  15   0],7,258,945.3400268554688,0,0,Fuel/Ambient,240750079,1740861473
1740861473437185356,15,[  0   0   0   0 184 163  15   0],7,258,945.3400268554688,0,0,Fuel/Ambient,436249359,1740861473
1740861473643022978,15,[  0   0   0   0 184 163  15   0],7,258,945.3400268554688,0,0,Fuel/Ambient,642561876,1740861473
1740861473838005826,15,[  0   0   0   0 184 164  15   0],7,258,945.3599853515625,0,0,Fuel/Ambient,837476849,1740861473
1740861474044454602,15,[  0   0   0   0 184 164  15   0],7,258,945.3599853515625,0,0,Fuel/Ambient,44003740,1740861474
1740861474239075388,15,[  0   0   0   0 184 164  15   0],7,258,945.3599853515625,0,0,Fuel/Ambient,238647502,1740861474
1740861474444497058,15,[  0   0   0   0 184 164  15   0],7,258,945.3599853515625,0,0,Fuel/Ambient,443858350,1740861474
1740861474640493983,15,[  0   0   0   0 184 164  15   0],7,258,945.3599853515625,0,0,Fuel/Ambient,639800233,1740861474
1740861474846477238,15,[  0   0   0   0 184 164  15   0],7,258,945.3599853515625,0,0,Fuel/Ambient,845656573,1740861474
1740861475044800700,15,[  0   0   0   0 184 163  15   0],7,258,945.3400268554688,0,0,Fuel/Ambient,44222346,1740861475
1740861475243426730,15,[  0   0   0   0 184 163  15   0],7,258,945.3400268554688,0,0,Fuel/Ambient,242354376,1740861475
1740861475448969137,15,[  0   0   0   0 184 163  15   0],7,258,945.3400268554688,0,0,Fuel/Ambient,448210105,1740861475
1740861475644789030,15,[  0   0   0   0 184 163  15   0],7,258,945.3400268554688,0,0,Fuel/Ambient,644137009,1740861475
1740861475850383310,15,[  0   0   0   0 184 163  15   0],7,258,945.3400268554688,0,0,Fuel/Ambient,849601494,1740861475
1740861476051886806,15,[  0   0   0   0 184 162  15   0],7,258,945.3200073242188,0,0,Fuel/Ambient,51231713,1740861476
1740861476248336700,15,[  0   0   0   0 184 162  15   0],7,258,945.3200073242188,0,0,Fuel/Ambient,247705448,1740861476
1740861476444429847,15,[  0   0   0   0 184 162  15   0],7,258,945.3200073242188,0,0,Fuel/Ambient,443809283,1740861476
1740861476650526125,15,[  0   0   0   0 184 163  15   0],7,258,945.3400268554688,0,0,Fuel/Ambient,649984476,1740861476
1740861476852894413,15,[  0   0   0   0 184 163  15   0],7,258,945.3400268554688,0,0,Fuel/Ambient,848817837,1740861476
1740861477047797666,15,[  0   0   0   0 184 163  15   0],7,258,945.3400268554688,0,0,Fuel/Ambient,47140014,1740861477
1740861477254274177,15,[  0   0   0   0 184 163  15   0],7,258,945.3400268554688,0,0,Fuel/Ambient,253447719,1740861477
1740861477450223125,15,[  0   0   0   0 184 163  15   0],7,258,945.3400268554688,0,0,Fuel/Ambient,449518719,1740861477
1740861477654846010,15,[  0   0   0   0 184 162  15   0],7,258,945.3200073242188,0,0,Fuel/Ambient,654414381,1740861477
1740861477849345121,15,[  0   0   0   0 184 162  15   0],7,258,945.3200073242188,0,0,Fuel/Ambient,848849425,1740861477
1740861478055320911,15,[  0   0   0   0 184 162  15   0],7,258,945.3200073242188,0,0,Fuel/Ambient,54933379,1740861478
1740861478251041562,15,[  0   0   0   0 184 162  15   0],7,258,945.3200073242188,0,0,Fuel/Ambient,249793171,1740861478
1740861478455763839,15,[  0   0   0   0 184 162  15   0],7,258,945.3200073242188,0,0,Fuel/Ambient,454999079,1740861478
1740861478652126910,15,[  0   0   0   0 184 162  15   0],7,258,945.3200073242188,0,0,Fuel/Ambient,651186528,1740861478
1740861478858374099,15,[  0   0   0   0 184 162  15   0],7,258,945.3200073242188,0,0,Fuel/Ambient,857884324,1740861478
1740861479056479560,15,[  0   0   0   0 184 162  15   0],7,258,945.3200073242188,0,0,Fuel/Ambient,55997176,1740861479
1740861479254120364,15,[  0   0   0   0 184 162  15   0],7,258,945.3200073242188,0,0,Fuel/Ambient,253668158,1740861479
1740861479460485698,15,[  0   0   0   0 184 162  15   0],7,258,945.3200073242188,0,0,Fuel/Ambient,458994387,1740861479
1740861479655392368,15,[  0   0   0   0 184 162  15   0],7,258,945.3200073242188,0,0,Fuel/Ambient,654852543,1740861479
1740861479861377979,15,[  0   0   0   0 184 163  15   0],7,258,945.3400268554688,0,0,Fuel/Ambient,860537056,1740861479
1740861480059134338,15,[  0   0   0   0 184 163  15   0],7,258,945.3400268554688,0,0,Fuel/Ambient,58666451,1740861480
1740861480265111401,15,[  0   0   0   0 184 163  15   0],7,258,945.3400268554688,0,0,Fuel/Ambient,264297520,1740861480
1740861480463194361,15,[  0   0   0   0 184 163  15   0],7,258,945.3400268554688,0,0,Fuel/Ambient,461220187,1740861480
1740861480657362894,15,[  0   0   0   0 184 163  15   0],7,258,945.3400268554688,0,0,Fuel/Ambient,656797084,1740861480
1740861480864721600,15,[  0   0   0   0 184 163  15   0],7,258,945.3400268554688,0,0,Fuel/Ambient,863710593,1740861480
1740861481062446116,15,[  0   0   0   0 184 163  15   0],7,258,945.3400268554688,0,0,Fuel/Ambient,61969397,1740861481
1740861481266993628,15,[  0   0   0   0 184 163  15   0],7,258,945.3400268554688,0,0,Fuel/Ambient,266545902,1740861481
1740861481463140428,15,[  0   0   0   0 184 163  15   0],7,258,945.3400268554688,0,0,Fuel/Ambient,462657533,1740861481
1740861481669884329,15,[  0   0   0   0 184 163  15   0],7,258,945.3400268554688,0,0,Fuel/Ambient,669478940,1740861481
1740861481865905141,15,[  0   0   0   0 184 163  15   0],7,258,945.3400268554688,0,0,Fuel/Ambient,865415622,1740861481
1740861482062919072,15,[  0   0   0   0 184 163  15   0],7,258,945.3400268554688,0,0,Fuel/Ambient,62372527,1740861482
1740861482267458613,15,[  0   0   0   0 184 163  15   0],7,258,945.3400268554688,0,0,Fuel/Ambient,266933829,1740861482
1740861482472411639,15,[  0   0   0   0 184 163  15   0],7,258,945.3400268554688,0,0,Fuel/Ambient,471714114,1740861482
1740861482667305534,15,[  0   0   0   0 184 163  15   0],7,258,945.3400268554688,0,0,Fuel/Ambient,666807118,1740861482
1740861482871432806,15,[  0   0   0   0 184 163  15   0],7,258,945.3400268554688,0,0,Fuel/Ambient,871021145,1740861482
1740861483067952415,15,[  0   0   0   0 184 163  15   0],7,258,945.3400268554688,0,0,Fuel/Ambient,67456943,1740861483
1740861483273571795,15,[  0   0   0   0 184 163  15   0],7,258,945.3400268554688,0,0,Fuel/Ambient,273200904,1740861483
1740861483468874500,15,[  0   0   0   0 184 163  15   0],7,258,945.3400268554688,0,0,Fuel/Ambient,468223119,1740861483
1740861483675087371,15,[  0   0   0   0 184 163  15   0],7,258,945.3400268554688,0,0,Fuel/Ambient,674371733,1740861483
1740861483870642692,15,[  0   0   0   0 184 163  15   0],7,258,945.3400268554688,0,0,Fuel/Ambient,870120659,1740861483
1740861484077273047,15,[  0   0   0   0 184 163  15   0],7,258,945.3400268554688,0,0,Fuel/Ambient,76823657,1740861484
1740861484272766859,15,[  0   0   0   0 184 163  15   0],7,258,945.3400268554688,0,0,Fuel/Ambient,272130071,1740861484
1740861484478387869,15,[  0   0   0   0 184 163  15   0],7,258,945.3400268554688,0,0,Fuel/Ambient,477844300,1740861484
1740861484673262398,15,[  0   0   0   0 184 163  15   0],7,258,945.3400268554688,0,0,Fuel/Ambient,672789615,1740861484
1740861484878443650,15,[  0   0   0   0 184 164  15   0],7,258,945.3599853515625,0,0,Fuel/Ambient,877950483,1740861484
1740861485075895411,15,[  0   0   0   0 184 164  15   0],7,258,945.3599853515625,0,0,Fuel/Ambient,75195997,1740861485
1740861485282314043,15,[  0   0   0   0 184 164  15   0],7,258,945.3599853515625,0,0,Fuel/Ambient,281480033,1740861485
1740861485477224859,15,[  0   0   0   0 184 164  15   0],7,258,945.3599853515625,0,0,Fuel/Ambient,476637384,1740861485
1740861485682843146,15,[  0   0   0   0 184 164  15   0],7,258,945.3599853515625,0,0,Fuel/Ambient,681898476,1740861485
1740861485877205944,15,[  0   0   0   0 184 163  15   0],7,258,945.3400268554688,0,0,Fuel/Ambient,876729193,1740861485
1740861486084748867,15,[  0   0   0   0 184 163  15   0],7,258,945.3400268554688,0,0,Fuel/Ambient,84322485,1740861486
1740861486280010763,15,[  0   0   0   0 184 163  15   0],7,258,945.3400268554688,0,0,Fuel/Ambient,279523451,1740861486
1740861486484768540,15,[  0   0   0   0 184 163  15   0],7,258,945.3400268554688,0,0,Fuel/Ambient,484258540,1740861486
1740861486679626776,15,[  0   0   0   0 184 163  15   0],7,258,945.3400268554688,0,0,Fuel/Ambient,679120808,1740861486
1740861486884879385,15,[  0   0   0   0 184 163  15   0],7,258,945.3400268554688,0,0,Fuel/Ambient,884330536,1740861486
1740861487082077757,15,[  0   0   0   0 184 163  15   0],7,258,945.3400268554688,0,0,Fuel/Ambient,81547116,1740861487
1740861487287308155,15,[  0   0   0   0 184 163  15   0],7,258,945.3400268554688,0,0,Fuel/Ambient,286536866,1740861487
1740861487484398201,15,[  0   0   0   0 184 163  15   0],7,258,945.3400268554688,0,0,Fuel/Ambient,483433403,1740861487
1740861487690867742,15,[  0   0   0   0 184 163  15   0],7,258,945.3400268554688,0,0,Fuel/Ambient,690359054,1740861487
1740861487888010975,15,[  0   0   0   0 184 163  15   0],7,258,945.3400268554688,0,0,Fuel/Ambient,887538224,1740861487
1740861488084311076,15,[  0   0   0   0 184 163  15   0],7,258,945.3400268554688,0,0,Fuel/Ambient,83554092,1740861488
1740861488288031408,15,[  0   0   0   0 184 163  15   0],7,258,945.3400268554688,0,0,Fuel/Ambient,287568513,1740861488
1740861488483374197,15,[  0   0   0   0 184 163  15   0],7,258,945.3400268554688,0,0,Fuel/Ambient,482641534,1740861488
1740861488689157602,15,[  0   0   0   0 184 163  15   0],7,258,945.3400268554688,0,0,Fuel/Ambient,688691251,1740861488
1740861488884723919,15,[  0   0   0   0 184 163  15   0],7,258,945.3400268554688,0,0,Fuel/Ambient,883699439,1740861488
1740861489092396501,15,[  0   0   0   0 184 163  15   0],7,258,945.3400268554688,0,0,Fuel/Ambient,91945031,1740861489
1740861489288964287,15,[  0   0   0   0 184 162  15   0],7,258,945.3200073242188,0,0,Fuel/Ambient,288269353,1740861489
1740861489495801738,15,[  0   0   0   0 184 162  15   0],7,258,945.3200073242188,0,0,Fuel/Ambient,495189143,1740861489
1740861489691042826,15,[  0   0   0   0 184 162  15   0],7,258,945.3200073242188,0,0,Fuel/Ambient,690564155,1740861489
1740861489897135006,15,[  0   0   0   0 184 162  15   0],7,258,945.3200073242188,0,0,Fuel/Ambient,896500842,1740861489
1740861490096100273,15,[  0   0   0   0 184 162  15   0],7,258,945.3200073242188,0,0,Fuel/Ambient,95360026,1740861490
1740861490291511412,15,[  0   0   0   0 184 162  15   0],7,258,945.3200073242188,0,0,Fuel/Ambient,290943234,1740861490
1740861490497454209,15,[  0   0   0   0 184 163  15   0],7,258,945.3400268554688,0,0,Fuel/Ambient,496704137,1740861490
1740861490692794369,15,[  0   0   0   0 184 163  15   0],7,258,945.3400268554688,0,0,Fuel/Ambient,692237776,1740861490
1740861490898834705,15,[  0   0   0   0 184 163  15   0],7,258,945.3400268554688,0,0,Fuel/Ambient,897946037,1740861490
1740861491097478904,15,[  0   0   0   0 184 163  15   0],7,258,945.3400268554688,0,0,Fuel/Ambient,96301267,1740861491
1740861491293205218,15,[  0   0   0   0 184 163  15   0],7,258,945.3400268554688,0,0,Fuel/Ambient,292522669,1740861491
1740861491498053994,15,[  0   0   0   0 184 163  15   0],7,258,945.3400268554688,0,0,Fuel/Ambient,497506008,1740861491
1740861491703506468,15,[  0   0   0   0 184 163  15   0],7,258,945.3400268554688,0,0,Fuel/Ambient,702644105,1740861491
1740861491899102250,15,[  0   0   0   0 184 163  15   0],7,258,945.3400268554688,0,0,Fuel/Ambient,898258864,1740861491
1740861492099580936,15,[  0   0   0   0 184 163  15   0],7,258,945.3400268554688,0,0,Fuel/Ambient,98342369,1740861492
1740861492307481037,15,[  0   0   0   0 184 163  15   0],7,258,945.3400268554688,0,0,Fuel/Ambient,304948637,1740861492
1740861492503450780,15,[  0   0   0   0 184 164  15   0],7,258,945.3599853515625,0,0,Fuel/Ambient,502883082,1740861492
1740861492698656756,15,[  0   0   0   0 184 164  15   0],7,258,945.3599853515625,0,0,Fuel/Ambient,698148548,1740861492
1740861492904280177,15,[  0   0   0   0 184 164  15   0],7,258,945.3599853515625,0,0,Fuel/Ambient,903223888,1740861492
1740861493101907987,15,[  0   0   0   0 184 165  15   0],7,258,945.3800048828125,0,0,Fuel/Ambient,101276639,1740861493
1740861493307529006,15,[  0   0   0   0 184 165  15   0],7,258,945.3800048828125,0,0,Fuel/Ambient,307078912,1740861493
1740861493503397432,15,[  0   0   0   0 184 165  15   0],7,258,945.3800048828125,0,0,Fuel/Ambient,502890312,1740861493
1740861493710053107,15,[  0   0   0   0 184 165  15   0],7,258,945.3800048828125,0,0,Fuel/Ambient,709554723,1740861493
1740861493906024192,15,[  0   0   0   0 184 165  15   0],7,258,945.3800048828125,0,0,Fuel/Ambient,905396876,1740861493
1740861494104333141,15,[  0   0   0   0 184 165  15   0],7,258,945.3800048828125,0,0,Fuel/Ambient,103930056,1740861494
1740861494311160339,15,[  0   0   0   0 184 166  15   0],7,258,945.4000244140625,0,0,Fuel/Ambient,310219157,1740861494
1740861494506333220,15,[  0   0   0   0 184 166  15   0],7,258,945.4000244140625,0,0,Fuel/Ambient,505975897,1740861494
1740861494712993117,15,[  0   0   0   0 184 166  15   0],7,258,945.4000244140625,0,0,Fuel/Ambient,712304392,1740861494
1740861494909096940,15,[  0   0   0   0 184 166  15   0],7,258,945.4000244140625,0,0,Fuel/Ambient,908362709,1740861494
1740861495105269468,15,[  0   0   0   0 184 166  15   0],7,258,945.4000244140625,0,0,Fuel/Ambient,104808845,1740861495
1740861495310052791,15,[  0   0   0   0 184 166  15   0],7,258,945.4000244140625,0,0,Fuel/Ambient,309595977,1740861495
1740861495514388004,15,[  0   0   0   0 184 166  15   0],7,258,945.4000244140625,0,0,Fuel/Ambient,513902677,1740861495
1740861495708712697,15,[  0   0   0   0 184 166  15   0],7,258,945.4000244140625,0,0,Fuel/Ambient,708280588,1740861495
1740861495914104456,15,[  0   0   0   0 184 166  15   0],7,258,945.4000244140625,0,0,Fuel/Ambient,913421330,1740861495
1740861496111150000,15,[  0   0   0   0 184 166  15   0],7,258,945.4000244140625,0,0,Fuel/Ambient,110678465,1740861496
1740861496317890662,15,[  0   0   0   0 184 166  15   0],7,258,945.4000244140625,0,0,Fuel/Ambient,317437880,1740861496
1740861496513708839,15,[  0   0   0   0 184 166  15   0],7,258,945.4000244140625,0,0,Fuel/Ambient,512817739,1740861496
1740861496719154517,15,[  0   0   0   0 184 166  15   0],7,258,945.4000244140625,0,0,Fuel/Ambient,718622340,1740861496
1740861496915450309,15,[  0   0   0   0 184 166  15   0],7,258,945.4000244140625,0,0,Fuel/Ambient,914705869,1740861496
1740861497114338372,15,[  0   0   0   0 184 166  15   0],7,258,945.4000244140625,0,0,Fuel/Ambient,113533419,1740861497
1740861497320198108,15,[  0   0   0   0 184 166  15   0],7,258,945.4000244140625,0,0,Fuel/Ambient,319464101,1740861497
1740861497516679919,15,[  0   0   0   0 184 165  15   0],7,258,945.3800048828125,0,0,Fuel/Ambient,515894519,1740861497
1740861497722690060,15,[  0   0   0   0 184 165  15   0],7,258,945.3800048828125,0,0,Fuel/Ambient,722027639,1740861497
1740861497919750002,15,[  0   0   0   0 184 165  15   0],7,258,945.3800048828125,0,0,Fuel/Ambient,918951289,1740861497
1740861498117783892,15,[  0   0   0   0 184 165  15   0],7,258,945.3800048828125,0,0,Fuel/Ambient,117063101,1740861498
1740861498322903730,15,[  0   0   0   0 184 165  15   0],7,258,945.3800048828125,0,0,Fuel/Ambient,322534599,1740861498
1740861498520478981,15,[  0   0   0   0 184 164  15   0],7,258,945.3599853515625,0,0,Fuel/Ambient,520018487,1740861498
1740861498726682725,15,[  0   0   0   0 184 164  15   0],7,258,945.3599853515625,0,0,Fuel/Ambient,726203798,1740861498
1740861498922217817,15,[  0   0   0   0 184 165  15   0],7,258,945.3800048828125,0,0,Fuel/Ambient,921770827,1740861498
1740861499121592866,15,[  0   0   0   0 184 165  15   0],7,258,945.3800048828125,0,0,Fuel/Ambient,121130516,1740861499
1740861499326805505,15,[  0   0   0   0 184 165  15   0],7,258,945.3800048828125,0,0,Fuel/Ambient,326400213,1740861499
1740861499522001992,15,[  0   0   0   0 184 165  15   0],7,258,945.3800048828125,0,0,Fuel/Ambient,521615964,1740861499
1740861499727950813,15,[  0   0   0   0 184 165  15   0],7,258,945.3800048828125,0,0,Fuel/Ambient,727192230,1740861499
1740861499922263208,15,[  0   0   0   0 184 165  15   0],7,258,945.3800048828125,0,0,Fuel/Ambient,921805690,1740861499
1740861500129762637,15,[  0   0   0   0 184 165  15   0],7,258,945.3800048828125,0,0,Fuel/Ambient,129276989,1740861500
1740861500324716777,15,[  0   0   0   0 184 165  15   0],7,258,945.3800048828125,0,0,Fuel/Ambient,324260091,1740861500
1740861500531679772,15,[  0   0   0   0 184 164  15   0],7,258,945.3599853515625,0,0,Fuel/Ambient,530487799,1740861500
1740861500727581430,15,[  0   0   0   0 184 164  15   0],7,258,945.3599853515625,0,0,Fuel/Ambient,726863967,1740861500
1740861500934602218,15,[  0   0   0   0 184 164  15   0],7,258,945.3599853515625,0,0,Fuel/Ambient,933727407,1740861500
1740861501133616548,15,[  0   0   0   0 184 164  15   0],7,258,945.3599853515625,0,0,Fuel/Ambient,132566307,1740861501
1740861501328719779,15,[  0   0   0   0 184 164  15   0],7,258,945.3599853515625,0,0,Fuel/Ambient,328259668,1740861501
1740861501535996925,15,[  0   0   0   0 184 164  15   0],7,258,945.3599853515625,0,0,Fuel/Ambient,535179971,1740861501
1740861501731440646,15,[  0   0   0   0 184 164  15   0],7,258,945.3599853515625,0,0,Fuel/Ambient,730681134,1740861501
1740861501937214161,15,[  0   0   0   0 184 164  15   0],7,258,945.3599853515625,0,0,Fuel/Ambient,936863462,1740861501
1740861502136511345,15,[  0   0   0   0 184 164  15   0],7,258,945.3599853515625,0,0,Fuel/Ambient,136044290,1740861502
1740861502332375013,15,[  0   0   0   0 184 164  15   0],7,258,945.3599853515625,0,0,Fuel/Ambient,331577932,1740861502
1740861502539368915,15,[  0   0   0   0 184 165  15   0],7,258,945.3800048828125,0,0,Fuel/Ambient,538856003,1740861502
1740861502736329130,15,[  0   0   0   0 184 165  15   0],7,258,945.3800048828125,0,0,Fuel/Ambient,735302186,1740861502
1740861502933588457,15,[  0   0   0   0 184 165  15   0],7,258,945.3800048828125,0,0,Fuel/Ambient,932559721,1740861502
1740861503139372560,15,[  0   0   0   0 184 165  15   0],7,258,945.3800048828125,0,0,Fuel/Ambient,138850912,1740861503
1740861503334153184,15,[  0   0   0   0 184 165  15   0],7,258,945.3800048828125,0,0,Fuel/Ambient,333561390,1740861503
1740861503540447255,15,[  0   0   0   0 184 164  15   0],7,258,945.3599853515625,0,0,Fuel/Ambient,540043370,1740861503
1740861503737177283,15,[  0   0   0   0 184 164  15   0],7,258,945.3599853515625,0,0,Fuel/Ambient,736407115,1740861503
1740861503943657663,15,[  0   0   0   0 184 164  15   0],7,258,945.3599853515625,0,0,Fuel/Ambient,942953162,1740861503
1740861504142774741,15,[  0   0   0   0 184 164  15   0],7,258,945.3599853515625,0,0,Fuel/Ambient,141956635,1740861504
1740861504338164437,15,[  0   0   0   0 184 164  15   0],7,258,945.3599853515625,0,0,Fuel/Ambient,337473728,1740861504
1740861504544344261,15,[  0   0   0   0 184 164  15   0],7,258,945.3599853515625,0,0,Fuel/Ambient,543658064,1740861504
1740861504739761671,15,[  0   0   0   0 184 165  15   0],7,258,945.3800048828125,0,0,Fuel/Ambient,739081138,1740861504
1740861504944439976,16,[  0   0   0   0 184 164  16   0],7,258,945.3599853515625,0,0,Fuel/Ambient,943818133,1740861504
1740861505141541436,16,[  0   0   0   0 184 164  16   0],7,258,945.3599853515625,0,0,Fuel/Ambient,141129552,1740861505
1740861505347040117,16,[  0   0   0   0 184 164  16   0],7,258,945.3599853515625,0,0,Fuel/Ambient,346291422,1740861505
1740861505543149866,16,[  0   0   0   0 184 164  16   0],7,258,945.3599853515625,0,0,Fuel/Ambient,542290447,1740861505
1740861505749050863,16,[  0   0   0   0 184 164  16   0],7,258,945.3599853515625,0,0,Fuel/Ambient,748349625,1740861505
1740861505944849337,16,[  0   0   0   0 184 165  16   0],7,258,945.3800048828125,0,0,Fuel/Ambient,944075873,1740861505
1740861506145674943,16,[  0   0   0   0 184 165  16   0],7,258,945.3800048828125,0,0,Fuel/Ambient,144448633,1740861506
1740861506350942158,16,[  0   0   0   0 184 164  16   0],7,258,945.3599853515625,0,0,Fuel/Ambient,350265305,1740861506
1740861506547096961,16,[  0   0   0   0 184 164  16   0],7,258,945.3599853515625,0,0,Fuel/Ambient,546313129,1740861506
1740861506753594423,16,[  0   0   0   0 184 164  16   0],7,258,945.3599853515625,0,0,Fuel/Ambient,752824287,1740861506
1740861506949717705,16,[  0   0   0   0 184 164  16   0],7,258,945.3599853515625,0,0,Fuel/Ambient,948887311,1740861506
1740861507148254501,16,[  0   0   0   0 184 164  16   0],7,258,945.3599853515625,0,0,Fuel/Ambient,147495885,1740861507
1740861507354626900,16,[  0   0   0   0 184 164  16   0],7,258,945.3599853515625,0,0,Fuel/Ambient,353913534,1740861507
1740861507551037965,16,[  0   0   0   0 184 164  16   0],7,258,945.3599853515625,0,0,Fuel/Ambient,550407161,1740861507
1740861507756437853,16,[  0   0   0   0 184 164  16   0],7,258,945.3599853515625,0,0,Fuel/Ambient,755882188,1740861507
1740861507952781972,16,[  0   0   0   0 184 164  16   0],7,258,945.3599853515625,0,0,Fuel/Ambient,952126624,1740861507
1740861508151611639,16,[  0   0   0   0 184 164  16   0],7,258,945.3599853515625,0,0,Fuel/Ambient,151015460,1740861508
1740861508356878145,16,[  0   0   0   0 184 164  16   0],7,258,945.3599853515625,0,0,Fuel/Ambient,356388946,1740861508
1740861508553639619,16,[  0   0   0   0 184 164  16   0],7,258,945.3599853515625,0,0,Fuel/Ambient,552820873,1740861508
1740861508758948206,16,[  0   0   0   0 184 164  16   0],7,258,945.3599853515625,0,0,Fuel/Ambient,758329883,1740861508
1740861508954321284,16,[  0   0   0   0 184 165  16   0],7,258,945.3800048828125,0,0,Fuel/Ambient,953837237,1740861508
1740861509153554609,16,[  0   0   0   0 184 165  16   0],7,258,945.3800048828125,0,0,Fuel/Ambient,152931358,1740861509
1740861509359058880,16,[  0   0   0   0 184 165  16   0],7,258,945.3800048828125,0,0,Fuel/Ambient,358397163,1740861509
1740861509554432852,16,[  0   0   0   0 184 165  16   0],7,258,945.3800048828125,0,0,Fuel/Ambient,553948005,1740861509
1740861509760045062,16,[  0   0   0   0 184 165  16   0],7,258,945.3800048828125,0,0,Fuel/Ambient,759340656,1740861509
1740861509955167315,16,[  0   0   0   0 184 165  16   0],7,258,945.3800048828125,0,0,Fuel/Ambient,954707300,1740861509
1740861510164361170,16,[  0   0   0   0 184 165  16   0],7,258,945.3800048828125,0,0,Fuel/Ambient,163017704,1740861510
1740861510359149266,16,[  0   0   0   0 184 165  16   0],7,258,945.3800048828125,0,0,Fuel/Ambient,358481661,1740861510
1740861510565220880,16,[  0   0   0   0 184 165  16   0],7,258,945.3800048828125,0,0,Fuel/Ambient,564422807,1740861510
1740861510761599745,16,[  0   0   0   0 184 165  16   0],7,258,945.3800048828125,0,0,Fuel/Ambient,761227061,1740861510
1740861510960551042,16,[  0   0   0   0 184 165  16   0],7,258,945.3800048828125,0,0,Fuel/Ambient,957271324,1740861510
1740861511165773219,16,[  0   0   0   0 184 166  16   0],7,258,945.4000244140625,0,0,Fuel/Ambient,165290580,1740861511
1740861511361614337,16,[  0   0   0   0 184 166  16   0],7,258,945.4000244140625,0,0,Fuel/Ambient,360847593,1740861511
1740861511568752446,16,[  0   0   0   0 184 166  16   0],7,258,945.4000244140625,0,0,Fuel/Ambient,567128971,1740861511
1740861511764333844,16,[  0   0   0   0 184 166  16   0],7,258,945.4000244140625,0,0,Fuel/Ambient,762892743,1740861511
1740861511971439695,16,[  0   0   0   0 184 166  16   0],7,258,945.4000244140625,0,0,Fuel/Ambient,969987362,1740861511
1740861512166508275,16,[  0   0   0   0 184 166  16   0],7,258,945.4000244140625,0,0,Fuel/Ambient,166114087,1740861512
1740861512371144512,16,[  0   0   0   0 184 166  16   0],7,258,945.4000244140625,0,0,Fuel/Ambient,370709938,1740861512
1740861512566044958,16,[  0   0   0   0 184 166  16   0],7,258,945.4000244140625,0,0,Fuel/Ambient,565295015,1740861512
1740861512771391233,16,[  0   0   0   0 184 166  16   0],7,258,945.4000244140625,0,0,Fuel/Ambient,771038006,1740861512
1740861512967164026,16,[  0   0   0   0 184 166  16   0],7,258,945.4000244140625,0,0,Fuel/Ambient,966455044,1740861512
1740861513165707240,16,[  0   0   0   0 184 166  16   0],7,258,945.4000244140625,0,0,Fuel/Ambient,165015538,1740861513
1740861513371082921,16,[  0   0   0   0 184 166  16   0],7,258,945.4000244140625,0,0,Fuel/Ambient,370762687,1740861513
1740861513566637241,16,[  0   0   0   0 184 166  16   0],7,258,945.4000244140625,0,0,Fuel/Ambient,566205484,1740861513
1740861513772343396,16,[  0   0   0   0 184 166  16   0],7,258,945.4000244140625,0,0,Fuel/Ambient,771896919,1740861513
1740861513967818450,16,[  0   0   0   0 184 166  16   0],7,258,945.4000244140625,0,0,Fuel/Ambient,967150782,1740861513
1740861514177740766,16,[  0   0   0   0 184 166  16   0],7,258,945.4000244140625,0,0,Fuel/Ambient,174708192,1740861514
1740861514370801055,16,[  0   0   0   0 184 166  16   0],7,258,945.4000244140625,0,0,Fuel/Ambient,370386738,1740861514
1740861514577820753,16,[  0   0   0   0 184 166  16   0],7,258,945.4000244140625,0,0,Fuel/Ambient,577152220,1740861514
1740861514773324285,16,[  0   0   0   0 184 166  16   0],7,258,945.4000244140625,0,0,Fuel/Ambient,772886863,1740861514
1740861514979020453,16,[  0   0   0   0 184 166  16   0],7,258,945.4000244140625,0,0,Fuel/Ambient,978441748,1740861514
1740861515176289223,16,[  0   0   0   0 184 166  16   0],7,258,945.4000244140625,0,0,Fuel/Ambient,175545232,1740861515
1740861515381793703,16,[  0   0   0   0 184 166  16   0],7,258,945.4000244140625,0,0,Fuel/Ambient,381252438,1740861515
1740861515577619675,16,[  0   0   0   0 184 166  16   0],7,258,945.4000244140625,0,0,Fuel/Ambient,576817698,1740861515
1740861515783054201,16,[  0   0   0   0 184 166  16   0],7,258,945.4000244140625,0,0,Fuel/Ambient,782554249,1740861515
1740861515979679750,16,[  0   0   0   0 184 166  16   0],7,258,945.4000244140625,0,0,Fuel/Ambient,979029970,1740861515
1740861516179129384,16,[  0   0   0   0 184 166  16   0],7,258,945.4000244140625,0,0,Fuel/Ambient,178566135,1740861516
1740861516384998577,16,[  0   0   0   0 184 166  16   0],7,258,945.4000244140625,0,0,Fuel/Ambient,384341437,1740861516
1740861516583281295,16,[  0   0   0   0 184 166  16   0],7,258,945.4000244140625,0,0,Fuel/Ambient,581581242,1740861516
1740861516778233606,16,[  0   0   0   0 184 166  16   0],7,258,945.4000244140625,0,0,Fuel/Ambient,777481358,1740861516
1740861516986233329,16,[  0   0   0   0 184 166  16   0],7,258,945.4000244140625,0,0,Fuel/Ambient,985456120,1740861516
1740861517184695666,16,[  0   0   0   0 184 167  16   0],7,258,945.4199829101562,0,0,Fuel/Ambient,183943067,1740861517
1740861517382316249,16,[  0   0   0   0 184 167  16   0],7,258,945.4199829101562,0,0,Fuel/Ambient,381522624,1740861517
1740861517588449960,16,[  0   0   0   0 184 167  16   0],7,258,945.4199829101562,0,0,Fuel/Ambient,587875382,1740861517
1740861517784821576,16,[  0   0   0   0 184 167  16   0],7,258,945.4199829101562,0,0,Fuel/Ambient,784260183,1740861517
1740861517990819730,16,[  0   0   0   0 184 167  16   0],7,258,945.4199829101562,0,0,Fuel/Ambient,990228960,1740861517
1740861518188674335,16,[  0   0   0   0 184 167  16   0],7,258,945.4199829101562,0,0,Fuel/Ambient,188163215,1740861518
1740861518383569935,16,[  0   0   0   0 184 167  16   0],7,258,945.4199829101562,0,0,Fuel/Ambient,383102177,1740861518
1740861518588259823,16,[  0   0   0   0 184 166  16   0],7,258,945.4000244140625,0,0,Fuel/Ambient,587833825,1740861518
1740861518784552170,16,[  0   0   0   0 184 167  16   0],7,258,945.4199829101562,0,0,Fuel/Ambient,784096828,1740861518
1740861518991230343,16,[  0   0   0   0 184 167  16   0],7,258,945.4199829101562,0,0,Fuel/Ambient,990453135,1740861518
1740861519189512446,16,[  0   0   0   0 184 167  16   0],7,258,945.4199829101562,0,0,Fuel/Ambient,188827849,1740861519
1740861519396900879,16,[  0   0   0   0 184 167  16   0],7,258,945.4199829101562,0,0,Fuel/Ambient,395727499,1740861519
1740861519593636886,16,[  0   0   0   0 184 167  16   0],7,258,945.4199829101562,0,0,Fuel/Ambient,593077189,1740861519
1740861519789309724,16,[  0   0   0   0 184 167  16   0],7,258,945.4199829101562,0,0,Fuel/Ambient,788824749,1740861519
1740861519995395844,16,[  0   0   0   0 184 168  16   0],7,258,945.4400024414062,0,0,Fuel/Ambient,994736304,1740861519
1740861520195907678,16,[  0   0   0   0 184 168  16   0],7,258,945.4400024414062,0,0,Fuel/Ambient,192909441,1740861520
1740861520389155319,16,[  0   0   0   0 184 168  16   0],7,258,945.4400024414062,0,0,Fuel/Ambient,388641895,1740861520
1740861520596241115,16,[  0   0   0   0 184 168  16   0],7,258,945.4400024414062,0,0,Fuel/Ambient,595426722,1740861520
1740861520792686359,16,[  0   0   0   0 184 168  16   0],7,258,945.4400024414062,0,0,Fuel/Ambient,791910975,1740861520
1740861521000424432,16,[  0   0   0   0 184 168  16   0],7,258,945.4400024414062,0,0,Fuel/Ambient,999649336,1740861520
1740861521198998635,16,[  0   0   0   0 184 168  16   0],7,258,945.4400024414062,0,0,Fuel/Ambient,198320502,1740861521
1740861521394101435,16,[  0   0   0   0 184 168  16   0],7,258,945.4400024414062,0,0,Fuel/Ambient,393320099,1740861521
1740861521600782385,16,[  0   0   0   0 184 168  16   0],7,258,945.4400024414062,0,0,Fuel/Ambient,600332547,1740861521
1740861521800583890,16,[  0   0   0   0 184 168  16   0],7,258,945.4400024414062,0,0,Fuel/Ambient,796693274,1740861521
1740861521994473213,16,[  0   0   0   0 184 167  16   0],7,258,945.4199829101562,0,0,Fuel/Ambient,993957037,1740861521
1740861522203735744,16,[  0   0   0   0 184 167  16   0],7,258,945.4199829101562,0,0,Fuel/Ambient,202396407,1740861522
1740861522400187479,16,[  0   0   0   0 184 167  16   0],7,258,945.4199829101562,0,0,Fuel/Ambient,399492898,1740861522
1740861522606069170,16,[  0   0   0   0 184 167  16   0],7,258,945.4199829101562,0,0,Fuel/Ambient,605515329,1740861522
1740861522802456487,16,[  0   0   0   0 184 167  16   0],7,258,945.4199829101562,0,0,Fuel/Ambient,801771282,1740861522
1740861522997961825,16,[  0   0   0   0 184 167  16   0],7,258,945.4199829101562,0,0,Fuel/Ambient,997412336,1740861522
1740861523206966586,16,[  0   0   0   0 184 167  16   0],7,258,945.4199829101562,0,0,Fuel/Ambient,206380872,1740861523
1740861523402578741,16,[  0   0   0   0 184 167  16   0],7,258,945.4199829101562,0,0,Fuel/Ambient,401827102,1740861523
1740861523608076962,16,[  0   0   0   0 184 167  16   0],7,258,945.4199829101562,0,0,Fuel/Ambient,607440654,1740861523
1740861523803904195,16,[  0   0   0   0 184 167  16   0],7,258,945.4199829101562,0,0,Fuel/Ambient,803393043,1740861523
1740861524008509684,16,[  0   0   0   0 184 167  16   0],7,258,945.4199829101562,0,0,Fuel/Ambient,7959907,1740861524
1740861524204247857,16,[  0   0   0   0 184 167  16   0],7,258,945.4199829101562,0,0,Fuel/Ambient,203758114,1740861524
1740861524410100678,16,[  0   0   0   0 184 167  16   0],7,258,945.4199829101562,0,0,Fuel/Ambient,409448978,1740861524
1740861524605641500,16,[  0   0   0   0 184 167  16   0],7,258,945.4199829101562,0,0,Fuel/Ambient,605086571,1740861524
1740861524812270313,16,[  0   0   0   0 184 167  16   0],7,258,945.4199829101562,0,0,Fuel/Ambient,811280843,1740861524
1740861525008952835,16,[  0   0   0   0 184 167  16   0],7,258,945.4199829101562,0,0,Fuel/Ambient,7812384,1740861525
1740861525208943137,16,[  0   0   0   0 184 167  16   0],7,258,945.4199829101562,0,0,Fuel/Ambient,207822238,1740861525
1740861525413751443,16,[  0   0   0   0 184 167  16   0],7,258,945.4199829101562,0,0,Fuel/Ambient,413138112,1740861525
1740861525608972509,16,[  0   0   0   0 184 167  16   0],7,258,945.4199829101562,0,0,Fuel/Ambient,608417036,1740861525
1740861525815738764,16,[  0   0   0   0 184 167  16   0],7,258,945.4199829101562,0,0,Fuel/Ambient,815234429,1740861525
1740861526012567400,16,[  0   0   0   0 184 167  16   0],7,258,945.4199829101562,0,0,Fuel/Ambient,11479398,1740861526
1740861526210198938,16,[  0   0   0   0 184 167  16   0],7,258,945.4199829101562,0,0,Fuel/Ambient,209596968,1740861526
1740861526416077803,16,[  0   0   0   0 184 167  16   0],7,258,945.4199829101562,0,0,Fuel/Ambient,415535611,1740861526
1740861526612204368,16,[  0   0   0   0 184 167  16   0],7,258,945.4199829101562,0,0,Fuel/Ambient,611340661,1740861526
1740861526817573457,16,[  0   0   0   0 184 167  16   0],7,258,945.4199829101562,0,0,Fuel/Ambient,816611635,1740861526
1740861527014027135,16,[  0   0   0   0 184 167  16   0],7,258,945.4199829101562,0,0,Fuel/Ambient,13017824,1740861527
1740861527211865589,16,[  0   0   0   0 184 167  16   0],7,258,945.4199829101562,0,0,Fuel/Ambient,211036796,1740861527
1740861527417719267,16,[  0   0   0   0 184 167  16   0],7,258,945.4199829101562,0,0,Fuel/Ambient,416956620,1740861527
1740861527613682176,16,[  0   0   0   0 184 167  16   0],7,258,945.4199829101562,0,0,Fuel/Ambient,612946953,1740861527
1740861527819666546,16,[  0   0   0   0 184 167  16   0],7,258,945.4199829101562,0,0,Fuel/Ambient,818870201,1740861527
1740861528015228866,16,[  0   0   0   0 184 167  16   0],7,258,945.4199829101562,0,0,Fuel/Ambient,14744627,1740861528
1740861528222371509,16,[  0   0   0   0 184 167  16   0],7,258,945.4199829101562,0,0,Fuel/Ambient,221627614,1740861528
1740861528416919108,16,[  0   0   0   0 184 167  16   0],7,258,945.4199829101562,0,0,Fuel/Ambient,416547993,1740861528
1740861528622430981,16,[  0   0   0   0 184 167  16   0],7,258,945.4199829101562,0,0,Fuel/Ambient,621948438,1740861528
1740861528817839406,16,[  0   0   0   0 184 167  16   0],7,258,945.4199829101562,0,0,Fuel/Ambient,817183578,1740861528
1740861529026221351,16,[  0   0   0   0 184 167  16   0],7,258,945.4199829101562,0,0,Fuel/Ambient,25266314,1740861529
1740861529218919131,16,[  0   0   0   0 184 168  16   0],7,258,945.4400024414062,0,0,Fuel/Ambient,218166692,1740861529
1740861529425167760,16,[  0   0   0   0 184 168  16   0],7,258,945.4400024414062,0,0,Fuel/Ambient,424595710,1740861529
1740861529621835550,16,[  0   0   0   0 184 168  16   0],7,258,945.4400024414062,0,0,Fuel/Ambient,620856096,1740861529
1740861529827369821,16,[  0   0   0   0 184 168  16   0],7,258,945.4400024414062,0,0,Fuel/Ambient,826687112,1740861529
1740861530024685887,16,[  0   0   0   0 184 168  16   0],7,258,945.4400024414062,0,0,Fuel/Ambient,23720865,1740861530
1740861530221392556,16,[  0   0   0   0 184 168  16   0],7,258,945.4400024414062,0,0,Fuel/Ambient,220921693,1740861530
1740861530427188209,16,[  0   0   0   0 184 168  16   0],7,258,945.4400024414062,0,0,Fuel/Ambient,426671457,1740861530
1740861530623345900,16,[  0   0   0   0 184 168  16   0],7,258,945.4400024414062,0,0,Fuel/Ambient,622879454,1740861530
1740861530831782403,16,[  0   0   0   0 184 168  16   0],7,258,945.4400024414062,0,0,Fuel/Ambient,830776260,1740861530
1740861531027634581,16,[  0   0   0   0 184 168  16   0],7,258,945.4400024414062,0,0,Fuel/Ambient,27138598,1740861531
1740861531226308988,16,[  0   0   0   0 184 168  16   0],7,258,945.4400024414062,0,0,Fuel/Ambient,225570533,1740861531
1740861531431927417,16,[  0   0   0   0 184 168  16   0],7,258,945.4400024414062,0,0,Fuel/Ambient,431269893,1740861531
1740861531628261208,16,[  0   0   0   0 184 168  16   0],7,258,945.4400024414062,0,0,Fuel/Ambient,627512801,1740861531
1740861531834609516,16,[  0   0   0   0 184 168  16   0],7,258,945.4400024414062,0,0,Fuel/Ambient,833904086,1740861531
1740861532031506748,16,[  0   0   0   0 184 168  16   0],7,258,945.4400024414062,0,0,Fuel/Ambient,30565087,1740861532
1740861532231511466,16,[  0   0   0   0 184 168  16   0],7,258,945.4400024414062,0,0,Fuel/Ambient,230983897,1740861532
1740861532438064289,16,[  0   0   0   0 184 168  16   0],7,258,945.4400024414062,0,0,Fuel/Ambient,437394828,1740861532
1740861532633915567,16,[  0   0   0   0 184 168  16   0],7,258,945.4400024414062,0,0,Fuel/Ambient,632991890,1740861532
1740861532830755739,16,[  0   0   0   0 184 168  16   0],7,258,945.4400024414062,0,0,Fuel/Ambient,830300525,1740861532
1740861533036390422,16,[  0   0   0   0 184 168  16   0],7,258,945.4400024414062,0,0,Fuel/Ambient,35859942,1740861533
1740861533235149723,16,[  0   0   0   0 184 168  16   0],7,258,945.4400024414062,0,0,Fuel/Ambient,234693613,1740861533
1740861533440919672,16,[  0   0   0   0 184 168  16   0],7,258,945.4400024414062,0,0,Fuel/Ambient,440062526,1740861533
1740861540060002726,16,[  0   0   0   0 184 168  16   0],7,258,945.4400024414062,0,0,Fuel/Ambient,59452629,1740861540
1740861540260741752,16,[  0   0   0   0 184 168  16   0],7,258,945.4400024414062,0,0,Fuel/Ambient,257488660,1740861540
1740861540463701710,16,[  0   0   0   0 184 168  16   0],7,258,945.4400024414062,0,0,Fuel/Ambient,462832308,1740861540
1740861540659982776,16,[  0   0   0   0 184 168  16   0],7,258,945.4400024414062,0,0,Fuel/Ambient,659286434,1740861540
1740861540865425082,16,[  0   0   0   0 184 168  16   0],7,258,945.4400024414062,0,0,Fuel/Ambient,864769350,1740861540
1740861541060779462,16,[  0   0   0   0 184 168  16   0],7,258,945.4400024414062,0,0,Fuel/Ambient,60311352,1740861541
1740861541259553946,16,[  0   0   0   0 184 168  16   0],7,258,945.4400024414062,0,0,Fuel/Ambient,258507770,1740861541
1740861541465937495,16,[  0   0   0   0 184 168  16   0],7,258,945.4400024414062,0,0,Fuel/Ambient,464735538,1740861541
1740861541659682672,15,[  0   0   0   0 184 168  15   0],7,258,945.4400024414062,0,0,Fuel/Ambient,659195073,1740861541
1740861541865213523,16,[  0   0   0   0 184 168  16   0],7,258,945.4400024414062,0,0,Fuel/Ambient,864741668,1740861541
1740861542061219409,16,[  0   0   0   0 184 168  16   0],7,258,945.4400024414062,0,0,Fuel/Ambient,60512827,1740861542
1740861542269552071,16,[  0   0   0   0 184 168  16   0],7,258,945.4400024414062,0,0,Fuel/Ambient,268894707,1740861542
1740861542465000050,16,[  0   0   0   0 184 168  16   0],7,258,945.4400024414062,0,0,Fuel/Ambient,464211450,1740861542
1740861542670451441,16,[  0   0   0   0 184 168  16   0],7,258,945.4400024414062,0,0,Fuel/Ambient,669991330,1740861542
1740861542866442700,16,[  0   0   0   0 184 167  16   0],7,258,945.4199829101562,0,0,Fuel/Ambient,865530672,1740861542
1740861543071795943,16,[  0   0   0   0 184 167  16   0],7,258,945.4199829101562,0,0,Fuel/Ambient,71390906,1740861543
1740861543269129386,16,[  0   0   0   0 184 167  16   0],7,258,945.4199829101562,0,0,Fuel/Ambient,268516983,1740861543
1740861543474139512,16,[  0   0   0   0 184 167  16   0],7,258,945.4199829101562,0,0,Fuel/Ambient,473557478,1740861543
1740861543668521536,16,[  0   0   0   0 184 167  16   0],7,258,945.4199829101562,0,0,Fuel/Ambient,668044274,1740861543
1740861543874436778,16,[  0   0   0   0 184 166  16   0],7,258,945.4000244140625,0,0,Fuel/Ambient,873990781,1740861543
1740861544071102776,16,[  0   0   0   0 184 166  16   0],7,258,945.4000244140625,0,0,Fuel/Ambient,70336704,1740861544
1740861544269917894,16,[  0   0   0   0 184 166  16   0],7,258,945.4000244140625,0,0,Fuel/Ambient,269361973,1740861544
1740861544476094006,16,[  0   0   0   0 184 166  16   0],7,258,945.4000244140625,0,0,Fuel/Ambient,475528484,1740861544
1740861544671563901,16,[  0   0   0   0 184 167  16   0],7,258,945.4199829101562,0,0,Fuel/Ambient,671125904,1740861544
1740861544877356801,16,[  0   0   0   0 184 167  16   0],7,258,945.4199829101562,0,0,Fuel/Ambient,876742862,1740861544
1740861545073064943,16,[  0   0   0   0 184 167  16   0],7,258,945.4199829101562,0,0,Fuel/Ambient,72451612,1740861545
1740861545271590002,16,[  0   0   0   0 184 166  16   0],7,258,945.4000244140625,0,0,Fuel/Ambient,271141796,1740861545
1740861545477879235,16,[  0   0   0   0 184 166  16   0],7,258,945.4000244140625,0,0,Fuel/Ambient,476836611,1740861545
1740861545674366567,16,[  0   0   0   0 184 166  16   0],7,258,945.4000244140625,0,0,Fuel/Ambient,673534062,1740861545
1740861545880084294,16,[  0   0   0   0 184 166  16   0],7,258,945.4000244140625,0,0,Fuel/Ambient,879518005,1740861545
1740861546076073115,16,[  0   0   0   0 184 166  16   0],7,258,945.4000244140625,0,0,Fuel/Ambient,75695439,1740861546
1740861546284413032,16,[  0   0   0   0 184 166  16   0],7,258,945.4000244140625,0,0,Fuel/Ambient,283722163,1740861546
1740861546481073744,16,[  0   0   0   0 184 166  16   0],7,258,945.4000244140625,0,0,Fuel/Ambient,480490590,1740861546
1740861546676691767,16,[  0   0   0   0 184 166  16   0],7,258,945.4000244140625,0,0,Fuel/Ambient,676013635,1740861546
1740861546881859108,16,[  0   0   0   0 184 165  16   0],7,258,945.3800048828125,0,0,Fuel/Ambient,881371669,1740861546
1740861547077943481,16,[  0   0   0   0 184 165  16   0],7,258,945.3800048828125,0,0,Fuel/Ambient,77039261,1740861547
1740861547285974522,16,[  0   0   0   0 184 165  16   0],7,258,945.3800048828125,0,0,Fuel/Ambient,285286629,1740861547
1740861547481883785,16,[  0   0   0   0 184 165  16   0],7,258,945.3800048828125,0,0,Fuel/Ambient,481102193,1740861547
1740861547688196917,16,[  0   0   0   0 184 165  16   0],7,258,945.3800048828125,0,0,Fuel/Ambient,687041938,1740861547
1740861547883779738,16,[  0   0   0   0 184 165  16   0],7,258,945.3800048828125,0,0,Fuel/Ambient,883276938,1740861547
1740861548090607958,16,[  0   0   0   0 184 165  16   0],7,258,945.3800048828125,0,0,Fuel/Ambient,89876255,1740861548
1740861548288795944,16,[  0   0   0   0 184 165  16   0],7,258,945.3800048828125,0,0,Fuel/Ambient,288311545,1740861548
1740861548484299975,16,[  0   0   0   0 184 165  16   0],7,258,945.3800048828125,0,0,Fuel/Ambient,483456109,1740861548
1740861548689820570,16,[  0   0   0   0 184 165  16   0],7,258,945.3800048828125,0,0,Fuel/Ambient,689178118,1740861548
1740861548885637763,16,[  0   0   0   0 184 165  16   0],7,258,945.3800048828125,0,0,Fuel/Ambient,885062769,1740861548
1740861549092012623,16,[  0   0   0   0 184 165  16   0],7,258,945.3800048828125,0,0,Fuel/Ambient,91510303,1740861549
1740861549290470919,16,[  0   0   0   0 184 165  16   0],7,258,945.3800048828125,0,0,Fuel/Ambient,290002136,1740861549
1740861549486048710,16,[  0   0   0   0 184 166  16   0],7,258,945.4000244140625,0,0,Fuel/Ambient,485657498,1740861549
1740861549692145192,16,[  0   0   0   0 184 166  16   0],7,258,945.4000244140625,0,0,Fuel/Ambient,691458323,1740861549
1740861549888971438,16,[  0   0   0   0 184 166  16   0],7,258,945.4000244140625,0,0,Fuel/Ambient,887947215,1740861549
1740861550097247217,16,[  0   0   0   0 184 166  16   0],7,258,945.4000244140625,0,0,Fuel/Ambient,93827945,1740861550
1740861550292778830,16,[  0   0   0   0 184 166  16   0],7,258,945.4000244140625,0,0,Fuel/Ambient,292031927,1740861550
1740861550488603187,16,[  0   0   0   0 184 166  16   0],7,258,945.4000244140625,0,0,Fuel/Ambient,488191302,1740861550
1740861550694862519,16,[  0   0   0   0 184 166  16   0],7,258,945.4000244140625,0,0,Fuel/Ambient,694469707,1740861550
1740861550890565465,16,[  0   0   0   0 184 166  16   0],7,258,945.4000244140625,0,0,Fuel/Ambient,890029256,1740861550
1740861551096832668,16,[  0   0   0   0 184 166  16   0],7,258,945.4000244140625,0,0,Fuel/Ambient,95936609,1740861551
1740861551296955427,16,[  0   0   0   0 184 166  16   0],7,258,945.4000244140625,0,0,Fuel/Ambient,296148330,1740861551
1740861551493074415,16,[  0   0   0   0 184 166  16   0],7,258,945.4000244140625,0,0,Fuel/Ambient,492393914,1740861551
1740861551699538071,16,[  0   0   0   0 184 165  16   0],7,258,945.3800048828125,0,0,Fuel/Ambient,698575546,1740861551
1740861551894709126,16,[  0   0   0   0 184 165  16   0],7,258,945.3800048828125,0,0,Fuel/Ambient,893961200,1740861551
1740861552100394102,16,[  0   0   0   0 184 165  16   0],7,258,945.3800048828125,0,0,Fuel/Ambient,99754562,1740861552
1740861552298286518,16,[  0   0   0   0 184 165  16   0],7,258,945.3800048828125,0,0,Fuel/Ambient,297757510,1740861552
1740861552503832288,16,[  0   0   0   0 184 165  16   0],7,258,945.3800048828125,0,0,Fuel/Ambient,503150507,1740861552
1740861552699938153,16,[  0   0   0   0 184 165  16   0],7,258,945.3800048828125,0,0,Fuel/Ambient,699160242,1740861552
1740861552905473299,16,[  0   0   0   0 184 165  16   0],7,258,945.3800048828125,0,0,Fuel/Ambient,905022309,1740861552
1740861553101787618,16,[  0   0   0   0 184 165  16   0],7,258,945.3800048828125,0,0,Fuel/Ambient,101011146,1740861553
1740861553300474424,16,[  0   0   0   0 184 165  16   0],7,258,945.3800048828125,0,0,Fuel/Ambient,299652831,1740861553
1740861553505867451,16,[  0   0   0   0 184 165  16   0],7,258,945.3800048828125,0,0,Fuel/Ambient,505301450,1740861553
1740861553701601335,16,[  0   0   0   0 184 165  16   0],7,258,945.3800048828125,0,0,Fuel/Ambient,700928162,1740861553
1740861553907367621,16,[  0   0   0   0 184 165  16   0],7,258,945.3800048828125,0,0,Fuel/Ambient,906629967,1740861553
1740861554101772312,16,[  0   0   0   0 184 165  16   0],7,258,945.3800048828125,0,0,Fuel/Ambient,101366827,1740861554
1740861554307701385,16,[  0   0   0   0 184 165  16   0],7,258,945.3800048828125,0,0,Fuel/Ambient,307272348,1740861554
1740861554501950229,16,[  0   0   0   0 184 165  16   0],7,258,945.3800048828125,0,0,Fuel/Ambient,501570826,1740861554
1740861554707125711,16,[  0   0   0   0 184 165  16   0],7,258,945.3800048828125,0,0,Fuel/Ambient,706586975,1740861554
1740861554902995021,16,[  0   0   0   0 184 165  16   0],7,258,945.3800048828125,0,0,Fuel/Ambient,902536959,1740861554
1740861555108287274,16,[  0   0   0   0 184 164  16   0],7,258,945.3599853515625,0,0,Fuel/Ambient,107776186,1740861555
1740861555305220230,16,[  0   0   0   0 184 164  16   0],7,258,945.3599853515625,0,0,Fuel/Ambient,304613940,1740861555
1740861555511656933,16,[  0   0   0   0 184 164  16   0],7,258,945.3599853515625,0,0,Fuel/Ambient,510875117,1740861555
1740861555707631747,16,[  0   0   0   0 184 164  16   0],7,258,945.3599853515625,0,0,Fuel/Ambient,707058706,1740861555
1740861555913441807,16,[  0   0   0   0 184 164  16   0],7,258,945.3599853515625,0,0,Fuel/Ambient,912918783,1740861555
1740861556109534640,16,[  0   0   0   0 184 164  16   0],7,258,945.3599853515625,0,0,Fuel/Ambient,108497649,1740861556
1740861556309071546,16,[  0   0   0   0 184 164  16   0],7,258,945.3599853515625,0,0,Fuel/Ambient,308513129,1740861556
1740861556515190860,16,[  0   0   0   0 184 164  16   0],7,258,945.3599853515625,0,0,Fuel/Ambient,513961223,1740861556
1740861556711147720,16,[  0   0   0   0 184 164  16   0],7,258,945.3599853515625,0,0,Fuel/Ambient,710624920,1740861556
1740861556917945456,16,[  0   0   0   0 184 164  16   0],7,258,945.3599853515625,0,0,Fuel/Ambient,917025075,1740861556
1740861557113683332,16,[  0   0   0   0 184 164  16   0],7,258,945.3599853515625,0,0,Fuel/Ambient,112923437,1740861557
1740861557312915490,16,[  0   0   0   0 184 164  16   0],7,258,945.3599853515625,0,0,Fuel/Ambient,311872162,1740861557
1740861557518674375,16,[  0   0   0   0 184 164  16   0],7,258,945.3599853515625,0,0,Fuel/Ambient,517964849,1740861557
1740861557715063150,16,[  0   0   0   0 184 164  16   0],7,258,945.3599853515625,0,0,Fuel/Ambient,714375481,1740861557
1740861557920467465,16,[  0   0   0   0 184 164  16   0],7,258,945.3599853515625,0,0,Fuel/Ambient,919939961,1740861557
1740861558116269789,16,[  0   0   0   0 184 164  16   0],7,258,945.3599853515625,0,0,Fuel/Ambient,115463780,1740861558
1740861558324067870,16,[  0   0   0   0 184 164  16   0],7,258,945.3599853515625,0,0,Fuel/Ambient,323553070,1740861558
1740861558519547463,16,[  0   0   0   0 184 164  16   0],7,258,945.3599853515625,0,0,Fuel/Ambient,518787216,1740861558
1740861558725495120,16,[  0   0   0   0 184 164  16   0],7,258,945.3599853515625,0,0,Fuel/Ambient,725037762,1740861558
1740861558920323846,16,[  0   0   0   0 184 164  16   0],7,258,945.3599853515625,0,0,Fuel/Ambient,919981339,1740861558
1740861559125440084,16,[  0   0   0   0 184 164  16   0],7,258,945.3599853515625,0,0,Fuel/Ambient,124938532,1740861559
1740861559321467020,16,[  0   0   0   0 184 165  16   0],7,258,945.3800048828125,0,0,Fuel/Ambient,320777015,1740861559
1740861559526929891,16,[  0   0   0   0 184 165  16   0],7,258,945.3800048828125,0,0,Fuel/Ambient,526347026,1740861559
1740861559722120738,16,[  0   0   0   0 184 165  16   0],7,258,945.3800048828125,0,0,Fuel/Ambient,721638835,1740861559
1740861559928062536,16,[  0   0   0   0 184 165  16   0],7,258,945.3800048828125,0,0,Fuel/Ambient,927375763,1740861559
1740861560123829079,16,[  0   0   0   0 184 165  16   0],7,258,945.3800048828125,0,0,Fuel/Ambient,123394346,1740861560
1740861560322033423,16,[  0   0   0   0 184 165  16   0],7,258,945.3800048828125,0,0,Fuel/Ambient,321563041,1740861560
1740861560528129080,16,[  0   0   0   0 184 165  16   0],7,258,945.3800048828125,0,0,Fuel/Ambient,527449283,1740861560
1740861560723804771,16,[  0   0   0   0 184 165  16   0],7,258,945.3800048828125,0,0,Fuel/Ambient,723124782,1740861560
1740861560930949771,16,[  0   0   0   0 184 165  16   0],7,258,945.3800048828125,0,0,Fuel/Ambient,930335865,1740861560
1740861561127359020,16,[  0   0   0   0 184 165  16   0],7,258,945.3800048828125,0,0,Fuel/Ambient,126557555,1740861561
1740861561325857227,16,[  0   0   0   0 184 165  16   0],7,258,945.3800048828125,0,0,Fuel/Ambient,325293625,1740861561
1740861561532116118,16,[  0   0   0   0 184 165  16   0],7,258,945.3800048828125,0,0,Fuel/Ambient,531370015,1740861561
1740861561728120329,16,[  0   0   0   0 184 165  16   0],7,258,945.3800048828125,0,0,Fuel/Ambient,727258511,1740861561
1740861561933863973,16,[  0   0   0   0 184 165  16   0],7,258,945.3800048828125,0,0,Fuel/Ambient,933244466,1740861561
1740861562129997658,16,[  0   0   0   0 184 165  16   0],7,258,945.3800048828125,0,0,Fuel/Ambient,129075326,1740861562
1740861562327881444,16,[  0   0   0   0 184 165  16   0],7,258,945.3800048828125,0,0,Fuel/Ambient,327354164,1740861562
1740861562533578236,16,[  0   0   0   0 184 165  16   0],7,258,945.3800048828125,0,0,Fuel/Ambient,532880871,1740861562
1740861562729503339,16,[  0   0   0   0 184 166  16   0],7,258,945.4000244140625,0,0,Fuel/Ambient,728540622,1740861562
1740861562935508588,16,[  0   0   0   0 184 166  16   0],7,258,945.4000244140625,0,0,Fuel/Ambient,934787702,1740861562
1740861563130527166,16,[  0   0   0   0 184 166  16   0],7,258,945.4000244140625,0,0,Fuel/Ambient,129839849,1740861563
1740861563338466008,16,[  0   0   0   0 184 166  16   0],7,258,945.4000244140625,0,0,Fuel/Ambient,337732098,1740861563
1740861563534877235,16,[  0   0   0   0 184 167  16   0],7,258,945.4199829101562,0,0,Fuel/Ambient,534203102,1740861563
1740861563740785903,16,[  0   0   0   0 184 167  16   0],7,258,945.4199829101562,0,0,Fuel/Ambient,740268288,1740861563
1740861563936234317,16,[  0   0   0   0 184 167  16   0],7,258,945.4199829101562,0,0,Fuel/Ambient,935715165,1740861563
1740861564134142836,16,[  0   0   0   0 184 167  16   0],7,258,945.4199829101562,0,0,Fuel/Ambient,133319707,1740861564
1740861564342312083,16,[  0   0   0   0 184 167  16   0],7,258,945.4199829101562,0,0,Fuel/Ambient,341755330,1740861564
1740861564538504294,16,[  0   0   0   0 184 167  16   0],7,258,945.4199829101562,0,0,Fuel/Ambient,538034583,1740861564
1740861564744726697,16,[  0   0   0   0 184 167  16   0],7,258,945.4199829101562,0,0,Fuel/Ambient,743920113,1740861564
1740861564940544976,16,[  0   0   0   0 184 167  16   0],7,258,945.4199829101562,0,0,Fuel/Ambient,939992991,1740861564
1740861565146359270,16,[  0   0   0   0 184 166  16   0],7,258,945.4000244140625,0,0,Fuel/Ambient,145669873,1740861565
1740861565344970816,16,[  0   0   0   0 184 166  16   0],7,258,945.4000244140625,0,0,Fuel/Ambient,344200744,1740861565
1740861565540511516,16,[  0   0   0   0 184 167  16   0],7,258,945.4199829101562,0,0,Fuel/Ambient,540081935,1740861565
1740861565746934659,16,[  0   0   0   0 184 167  16   0],7,258,945.4199829101562,0,0,Fuel/Ambient,746301168,1740861565
1740861565942352284,16,[  0   0   0   0 184 167  16   0],7,258,945.4199829101562,0,0,Fuel/Ambient,941826028,1740861565
1740861566149354388,16,[  0   0   0   0 184 167  16   0],7,258,945.4199829101562,0,0,Fuel/Ambient,147445466,1740861566
1740861566347107569,16,[  0   0   0   0 184 167  16   0],7,258,945.4199829101562,0,0,Fuel/Ambient,346457373,1740861566
1740861566543789774,16,[  0   0   0   0 184 168  16   0],7,258,945.4400024414062,0,0,Fuel/Ambient,542493095,1740861566
1740861566749063504,16,[  0   0   0   0 184 168  16   0],7,258,945.4400024414062,0,0,Fuel/Ambient,748211575,1740861566
1740861566945030936,16,[  0   0   0   0 184 168  16   0],7,258,945.4400024414062,0,0,Fuel/Ambient,944181246,1740861566
1740861567152268756,16,[  0   0   0   0 184 168  16   0],7,258,945.4400024414062,0,0,Fuel/Ambient,151836295,1740861567
1740861567348592644,16,[  0   0   0   0 184 168  16   0],7,258,945.4400024414062,0,0,Fuel/Ambient,348132022,1740861567
1740861567545357314,16,[  0   0   0   0 184 168  16   0],7,258,945.4400024414062,0,0,Fuel/Ambient,544471879,1740861567
1740861567751143761,16,[  0   0   0   0 184 168  16   0],7,258,945.4400024414062,0,0,Fuel/Ambient,750378170,1740861567
1740861567946407457,16,[  0   0   0   0 184 168  16   0],7,258,945.4400024414062,0,0,Fuel/Ambient,945962867,1740861567
1740861568152837987,16,[  0   0   0   0 184 169  16   0],7,258,945.4600219726562,0,0,Fuel/Ambient,151374742,1740861568
1740861568350314068,16,[  0   0   0   0 184 169  16   0],7,258,945.4600219726562,0,0,Fuel/Ambient,349639871,1740861568
1740861568556305063,16,[  0   0   0   0 184 169  16   0],7,258,945.4600219726562,0,0,Fuel/Ambient,555718709,1740861568
1740861568752222921,16,[  0   0   0   0 184 169  16   0],7,258,945.4600219726562,0,0,Fuel/Ambient,751523604,1740861568
1740861568958671146,16,[  0   0   0   0 184 168  16   0],7,258,945.4400024414062,0,0,Fuel/Ambient,957808880,1740861568
1740861569154022745,16,[  0   0   0   0 184 168  16   0],7,258,945.4400024414062,0,0,Fuel/Ambient,153530218,1740861569
1740861569352793551,16,[  0   0   0   0 184 168  16   0],7,258,945.4400024414062,0,0,Fuel/Ambient,352036696,1740861569
1740861569558590363,16,[  0   0   0   0 184 168  16   0],7,258,945.4400024414062,0,0,Fuel/Ambient,557901286,1740861569
1740861569754370774,16,[  0   0   0   0 184 169  16   0],7,258,945.4600219726562,0,0,Fuel/Ambient,753638720,1740861569
1740861569960470059,16,[  0   0   0   0 184 168  16   0],7,258,945.4400024414062,0,0,Fuel/Ambient,959641298,1740861569
1740861570157513067,16,[  0   0   0   0 184 168  16   0],7,258,945.4400024414062,0,0,Fuel/Ambient,156697586,1740861570
1740861570355947060,16,[  0   0   0   0 184 168  16   0],7,258,945.4400024414062,0,0,Fuel/Ambient,355284800,1740861570
1740861570562842911,16,[  0   0   0   0 184 168  16   0],7,258,945.4400024414062,0,0,Fuel/Ambient,562141514,1740861570
1740861570758441683,16,[  0   0   0   0 184 168  16   0],7,258,945.4400024414062,0,0,Fuel/Ambient,757829792,1740861570
1740861570964003701,16,[  0   0   0   0 184 168  16   0],7,258,945.4400024414062,0,0,Fuel/Ambient,963535815,1740861570
1740861571159325791,16,[  0   0   0   0 184 168  16   0],7,258,945.4400024414062,0,0,Fuel/Ambient,158674795,1740861571
1740861571367333705,16,[  0   0   0   0 184 168  16   0],7,258,945.4400024414062,0,0,Fuel/Ambient,366667605,1740861571
1740861571563322150,16,[  0   0   0   0 184 168  16   0],7,258,945.4400024414062,0,0,Fuel/Ambient,562780694,1740861571
1740861571758991418,16,[  0   0   0   0 184 168  16   0],7,258,945.4400024414062,0,0,Fuel/Ambient,758287557,1740861571
1740861571964594331,16,[  0   0   0   0 184 168  16   0],7,258,945.4400024414062,0,0,Fuel/Ambient,964095884,1740861571
1740861572161329710,16,[  0   0   0   0 184 168  16   0],7,258,945.4400024414062,0,0,Fuel/Ambient,160441171,1740861572
1740861572369120847,16,[  0   0   0   0 184 168  16   0],7,258,945.4400024414062,0,0,Fuel/Ambient,368289462,1740861572
1740861572564941221,16,[  0   0   0   0 184 168  16   0],7,258,945.4400024414062,0,0,Fuel/Ambient,564369620,1740861572
1740861572770821741,16,[  0   0   0   0 184 168  16   0],7,258,945.4400024414062,0,0,Fuel/Ambient,770284733,1740861572
1740861572965976079,16,[  0   0   0   0 184 167  16   0],7,258,945.4199829101562,0,0,Fuel/Ambient,965277658,1740861572
1740861573170901048,16,[  0   0   0   0 184 168  16   0],7,258,945.4400024414062,0,0,Fuel/Ambient,170339271,1740861573
1740861573369514017,16,[  0   0   0   0 184 168  16   0],7,258,945.4400024414062,0,0,Fuel/Ambient,368590244,1740861573
1740861573566076235,16,[  0   0   0   0 184 168  16   0],7,258,945.4400024414062,0,0,Fuel/Ambient,565474521,1740861573
1740861573771946480,16,[  0   0   0   0 184 168  16   0],7,258,945.4400024414062,0,0,Fuel/Ambient,771410080,1740861573
1740861573967385241,16,[  0   0   0   0 184 167  16   0],7,258,945.4199829101562,0,0,Fuel/Ambient,966769510,1740861573
1740861574172802382,16,[  0   0   0   0 184 167  16   0],7,258,945.4199829101562,0,0,Fuel/Ambient,172087896,1740861574
1740861574370646558,16,[  0   0   0   0 184 167  16   0],7,258,945.4199829101562,0,0,Fuel/Ambient,369846277,1740861574
1740861574576135349,16,[  0   0   0   0 184 168  16   0],7,258,945.4400024414062,0,0,Fuel/Ambient,575429247,1740861574
1740861574771978696,16,[  0   0   0   0 184 168  16   0],7,258,945.4400024414062,0,0,Fuel/Ambient,771325812,1740861574
1740861574977749255,16,[  0   0   0   0 184 168  16   0],7,258,945.4400024414062,0,0,Fuel/Ambient,977023217,1740861574
1740861575173524854,16,[  0   0   0   0 184 168  16   0],7,258,945.4400024414062,0,0,Fuel/Ambient,173021799,1740861575
1740861575371266112,16,[  0   0   0   0 184 168  16   0],7,258,945.4400024414062,0,0,Fuel/Ambient,370454472,1740861575
1740861575577465547,16,[  0   0   0   0 184 168  16   0],7,258,945.4400024414062,0,0,Fuel/Ambient,576800695,1740861575
1740861575773220153,16,[  0   0   0   0 184 168  16   0],7,258,945.4400024414062,0,0,Fuel/Ambient,772554533,1740861575
1740861575978705422,16,[  0   0   0   0 184 168  16   0],7,258,945.4400024414062,0,0,Fuel/Ambient,978147069,1740861575
1740861576174768964,16,[  0   0   0   0 184 168  16   0],7,258,945.4400024414062,0,0,Fuel/Ambient,174013933,1740861576
1740861576381945034,16,[  0   0   0   0 184 168  16   0],7,258,945.4400024414062,0,0,Fuel/Ambient,381528253,1740861576
1740861576578201701,16,[  0   0   0   0 184 169  16   0],7,258,945.4600219726562,0,0,Fuel/Ambient,577410349,1740861576
1740861576784352396,16,[  0   0   0   0 184 169  16   0],7,258,945.4600219726562,0,0,Fuel/Ambient,783671127,1740861576
1740861576979552583,16,[  0   0   0   0 184 169  16   0],7,258,945.4600219726562,0,0,Fuel/Ambient,979032887,1740861576
1740861577186473219,16,[  0   0   0   0 184 168  16   0],7,258,945.4400024414062,0,0,Fuel/Ambient,185679243,1740861577
1740861577385242024,16,[  0   0   0   0 184 168  16   0],7,258,945.4400024414062,0,0,Fuel/Ambient,384745945,1740861577
1740861577581303707,16,[  0   0   0   0 184 168  16   0],7,258,945.4400024414062,0,0,Fuel/Ambient,580397056,1740861577
1740861577787424479,16,[  0   0   0   0 184 168  16   0],7,258,945.4400024414062,0,0,Fuel/Ambient,786987538,1740861577
1740861577983484978,16,[  0   0   0   0 184 168  16   0],7,258,945.4400024414062,0,0,Fuel/Ambient,982680314,1740861577
1740861578188856030,16,[  0   0   0   0 184 168  16   0],7,258,945.4400024414062,0,0,Fuel/Ambient,188231339,1740861578
1740861578386352442,16,[  0   0   0   0 184 168  16   0],7,258,945.4400024414062,0,0,Fuel/Ambient,385942766,1740861578
1740861578583122849,16,[  0   0   0   0 184 168  16   0],7,258,945.4400024414062,0,0,Fuel/Ambient,582681459,1740861578
1740861578789025468,16,[  0   0   0   0 184 168  16   0],7,258,945.4400024414062,0,0,Fuel/Ambient,788516812,1740861578
1740861578984798404,16,[  0   0   0   0 184 168  16   0],7,258,945.4400024414062,0,0,Fuel/Ambient,984180465,1740861578
1740861579189823907,16,[  0   0   0   0 184 168  16   0],7,258,945.4400024414062,0,0,Fuel/Ambient,189388949,1740861579
1740861579386933777,16,[  0   0   0   0 184 168  16   0],7,258,945.4400024414062,0,0,Fuel/Ambient,386446467,1740861579
1740861579592242360,16,[  0   0   0   0 184 168  16   0],7,258,945.4400024414062,0,0,Fuel/Ambient,591428992,1740861579
1740861579788016255,16,[  0   0   0   0 184 168  16   0],7,258,945.4400024414062,0,0,Fuel/Ambient,787272168,1740861579
1740861579993748722,16,[  0   0   0   0 184 169  16   0],7,258,945.4600219726562,0,0,Fuel/Ambient,993275876,1740861579
1740861580191625686,16,[  0   0   0   0 184 168  16   0],7,258,945.4400024414062,0,0,Fuel/Ambient,190113929,1740861580
1740861580389466265,16,[  0   0   0   0 184 168  16   0],7,258,945.4400024414062,0,0,Fuel/Ambient,388996875,1740861580
1740861580595749403,16,[  0   0   0   0 184 168  16   0],7,258,945.4400024414062,0,0,Fuel/Ambient,594635258,1740861580
1740861580791356955,16,[  0   0   0   0 184 168  16   0],7,258,945.4400024414062,0,0,Fuel/Ambient,790709991,1740861580
1740861580997194799,16,[  0   0   0   0 184 168  16   0],7,258,945.4400024414062,0,0,Fuel/Ambient,996345270,1740861580
1740861581196287830,16,[  0   0   0   0 184 168  16   0],7,258,945.4400024414062,0,0,Fuel/Ambient,195730853,1740861581
1740861581393569958,16,[  0   0   0   0 184 168  16   0],7,258,945.4400024414062,0,0,Fuel/Ambient,393049654,1740861581
1740861581602920515,16,[  0   0   0   0 184 168  16   0],7,258,945.4400024414062,0,0,Fuel/Ambient,598963723,1740861581
1740861581794554856,16,[  0   0   0   0 184 168  16   0],7,258,945.4400024414062,0,0,Fuel/Ambient,794055545,1740861581
1740861581999937805,16,[  0   0   0   0 184 168  16   0],7,258,945.4400024414062,0,0,Fuel/Ambient,999315034,1740861581
1740861582195955924,16,[  0   0   0   0 184 167  16   0],7,258,945.4199829101562,0,0,Fuel/Ambient,195294720,1740861582
1740861582394423590,16,[  0   0   0   0 184 167  16   0],7,258,945.4199829101562,0,0,Fuel/Ambient,393462473,1740861582
1740861582598751273,16,[  0   0   0   0 184 167  16   0],7,258,945.4199829101562,0,0,Fuel/Ambient,598177687,1740861582
1740861582803634588,16,[  0   0   0   0 184 167  16   0],7,258,945.4199829101562,0,0,Fuel/Ambient,803226352,1740861582
1740861582998648294,16,[  0   0   0   0 184 167  16   0],7,258,945.4199829101562,0,0,Fuel/Ambient,998063924,1740861582
1740861583205164648,16,[  0   0   0   0 184 167  16   0],7,258,945.4199829101562,0,0,Fuel/Ambient,204458611,1740861583
1740861583402815391,16,[  0   0   0   0 184 168  16   0],7,258,945.4400024414062,0,0,Fuel/Ambient,402360050,1740861583
1740861583599871492,16,[  0   0   0   0 184 168  16   0],7,258,945.4400024414062,0,0,Fuel/Ambient,599309299,1740861583
1740861583805088096,16,[  0   0   0   0 184 168  16   0],7,258,945.4400024414062,0,0,Fuel/Ambient,804583760,1740861583
1740861584001443567,16,[  0   0   0   0 184 168  16   0],7,258,945.4400024414062,0,0,Fuel/Ambient,789660,1740861584
1740861584207727465,16,[  0   0   0   0 184 168  16   0],7,258,945.4400024414062,0,0,Fuel/Ambient,207054965,1740861584
1740861584406426622,16,[  0   0   0   0 184 168  16   0],7,258,945.4400024414062,0,0,Fuel/Ambient,405932399,1740861584
1740861584602744554,16,[  0   0   0   0 184 168  16   0],7,258,945.4400024414062,0,0,Fuel/Ambient,602121303,1740861584
1740861584808917088,16,[  0   0   0   0 184 168  16   0],7,258,945.4400024414062,0,0,Fuel/Ambient,808263853,1740861584
1740861585004336658,16,[  0   0   0   0 184 168  16   0],7,258,945.4400024414062,0,0,Fuel/Ambient,3889092,1740861585
1740861585209462918,16,[  0   0   0   0 184 168  16   0],7,258,945.4400024414062,0,0,Fuel/Ambient,209087835,1740861585
1740861585578386287,16,[  0   0   0   0 184 169  16   0],7,258,945.4600219726562,0,0,Fuel/Ambient,577687002,1740861585
1740861585693626216,16,[  0   0   0   0 184 169  16   0],7,258,945.4600219726562,0,0,Fuel/Ambient,692002871,1740861585
1740861585808684732,16,[  0   0   0   0 184 168  16   0],7,258,945.4400024414062,0,0,Fuel/Ambient,807023850,1740861585
1740861586015396288,16,[  0   0   0   0 184 168  16   0],7,258,945.4400024414062,0,0,Fuel/Ambient,14462948,1740861586
1740861586212057171,16,[  0   0   0   0 184 168  16   0],7,258,945.4400024414062,0,0,Fuel/Ambient,211314237,1740861586
1740861586409685571,16,[  0   0   0   0 184 168  16   0],7,258,945.4400024414062,0,0,Fuel/Ambient,409042320,1740861586
1740861586615424104,16,[  0   0   0   0 184 168  16   0],7,258,945.4400024414062,0,0,Fuel/Ambient,614734643,1740861586
1740861586811201696,16,[  0   0   0   0 184 168  16   0],7,258,945.4400024414062,0,0,Fuel/Ambient,810616462,1740861586
1740861587016925508,16,[  0   0   0   0 184 168  16   0],7,258,945.4400024414062,0,0,Fuel/Ambient,16249712,1740861587
1740861587212608792,16,[  0   0   0   0 184 168  16   0],7,258,945.4400024414062,0,0,Fuel/Ambient,211730269,1740861587
1740861587420223731,16,[  0   0   0   0 184 168  16   0],7,258,945.4400024414062,0,0,Fuel/Ambient,419553247,1740861587
1740861587615642910,16,[  0   0   0   0 184 168  16   0],7,258,945.4400024414062,0,0,Fuel/Ambient,615009483,1740861587
1740861587821407010,16,[  0   0   0   0 184 168  16   0],7,258,945.4400024414062,0,0,Fuel/Ambient,820790447,1740861587
1740861588016810093,16,[  0   0   0   0 184 168  16   0],7,258,945.4400024414062,0,0,Fuel/Ambient,16277213,1740861588
1740861588222385416,16,[  0   0   0   0 184 168  16   0],7,258,945.4400024414062,0,0,Fuel/Ambient,221765622,1740861588
1740861588420598342,16,[  0   0   0   0 184 168  16   0],7,258,945.4400024414062,0,0,Fuel/Ambient,420072534,1740861588
1740861588615873675,16,[  0   0   0   0 184 168  16   0],7,258,945.4400024414062,0,0,Fuel/Ambient,615428157,1740861588
1740861588822915603,16,[  0   0   0   0 184 168  16   0],7,258,945.4400024414062,0,0,Fuel/Ambient,820747889,1740861588
1740861589016535302,16,[  0   0   0   0 184 168  16   0],7,258,945.4400024414062,0,0,Fuel/Ambient,15884978,1740861589
1740861589221836119,16,[  0   0   0   0 184 168  16   0],7,258,945.4400024414062,0,0,Fuel/Ambient,221471116,1740861589
1740861589422226484,16,[  0   0   0   0 184 168  16   0],7,258,945.4400024414062,0,0,Fuel/Ambient,421302168,1740861589
1740861589628134680,16,[  0   0   0   0 184 168  16   0],7,258,945.4400024414062,0,0,Fuel/Ambient,627077880,1740861589
1740861589824432890,16,[  0   0   0   0 184 168  16   0],7,258,945.4400024414062,0,0,Fuel/Ambient,823765510,1740861589
1740861590020359344,16,[  0   0   0   0 184 168  16   0],7,258,945.4400024414062,0,0,Fuel/Ambient,19549592,1740861590
1740861590226474840,16,[  0   0   0   0 184 168  16   0],7,258,945.4400024414062,0,0,Fuel/Ambient,224965834,1740861590
1740861590425579628,16,[  0   0   0   0 184 168  16   0],7,258,945.4400024414062,0,0,Fuel/Ambient,424481611,1740861590
1740861590623254549,16,[  0   0   0   0 184 168  16   0],7,258,945.4400024414062,0,0,Fuel/Ambient,622431005,1740861590
1740861590829631493,16,[  0   0   0   0 184 168  16   0],7,258,945.4400024414062,0,0,Fuel/Ambient,828873422,1740861590
1740861591026644282,16,[  0   0   0   0 184 168  16   0],7,258,945.4400024414062,0,0,Fuel/Ambient,25747487,1740861591
1740861591233335633,16,[  0   0   0   0 184 168  16   0],7,258,945.4400024414062,0,0,Fuel/Ambient,232583355,1740861591
1740861591432173372,16,[  0   0   0   0 184 168  16   0],7,258,945.4400024414062,0,0,Fuel/Ambient,431493831,1740861591
1740861591628457465,16,[  0   0   0   0 184 167  16   0],7,258,945.4199829101562,0,0,Fuel/Ambient,627624928,1740861591
1740861591834931849,16,[  0   0   0   0 184 167  16   0],7,258,945.4199829101562,0,0,Fuel/Ambient,834264597,1740861591
1740861592030409806,16,[  0   0   0   0 184 167  16   0],7,258,945.4199829101562,0,0,Fuel/Ambient,29738586,1740861592
1740861592236416942,16,[  0   0   0   0 184 167  16   0],7,258,945.4199829101562,0,0,Fuel/Ambient,235571093,1740861592
1740861592428007100,16,[  0   0   0   0 184 167  16   0],7,258,945.4199829101562,0,0,Fuel/Ambient,426641459,1740861592
1740861592633012894,16,[  0   0   0   0 184 167  16   0],7,258,945.4199829101562,0,0,Fuel/Ambient,632288040,1740861592
1740861592828754057,16,[  0   0   0   0 184 167  16   0],7,258,945.4199829101562,0,0,Fuel/Ambient,827999666,1740861592
1740861593035834218,16,[  0   0   0   0 184 167  16   0],7,258,945.4199829101562,0,0,Fuel/Ambient,34443040,1740861593
1740861593231153318,16,[  0   0   0   0 184 167  16   0],7,258,945.4199829101562,0,0,Fuel/Ambient,230728345,1740861593
1740861593439537164,16,[  0   0   0   0 184 168  16   0],7,258,945.4400024414062,0,0,Fuel/Ambient,439068125,1740861593
1740861593634565887,16,[  0   0   0   0 184 168  16   0],7,258,945.4400024414062,0,0,Fuel/Ambient,634217556,1740861593
1740861593840351895,16,[  0   0   0   0 184 168  16   0],7,258,945.4400024414062,0,0,Fuel/Ambient,839649921,1740861593
1740861594035688691,16,[  0   0   0   0 184 168  16   0],7,258,945.4400024414062,0,0,Fuel/Ambient,34946493,1740861594
1740861594241231233,16,[  0   0   0   0 184 168  16   0],7,258,945.4400024414062,0,0,Fuel/Ambient,240379207,1740861594
1740861594441051939,16,[  0   0   0   0 184 167  16   0],7,258,945.4199829101562,0,0,Fuel/Ambient,440232266,1740861594
1740861594636726696,16,[  0   0   0   0 184 167  16   0],7,258,945.4199829101562,0,0,Fuel/Ambient,635846317,1740861594
1740861594842678562,16,[  0   0   0   0 184 167  16   0],7,258,945.4199829101562,0,0,Fuel/Ambient,841690692,1740861594
1740861595038259140,16,[  0   0   0   0 184 167  16   0],7,258,945.4199829101562,0,0,Fuel/Ambient,37570511,1740861595
1740861595244264094,16,[  0   0   0   0 184 168  16   0],7,258,945.4400024414062,0,0,Fuel/Ambient,243794768,1740861595
1740861595442762038,16,[  0   0   0   0 184 168  16   0],7,258,945.4400024414062,0,0,Fuel/Ambient,442263047,1740861595
1740861595638974473,16,[  0   0   0   0 184 168  16   0],7,258,945.4400024414062,0,0,Fuel/Ambient,638144496,1740861595
1740861595845136775,16,[  0   0   0   0 184 168  16   0],7,258,945.4400024414062,0,0,Fuel/Ambient,844404017,1740861595
1740861596040881900,16,[  0   0   0   0 184 168  16   0],7,258,945.4400024414062,0,0,Fuel/Ambient,40097493,1740861596
1740861596247598489,16,[  0   0   0   0 184 168  16   0],7,258,945.4400024414062,0,0,Fuel/Ambient,246342708,1740861596
1740861596445930602,16,[  0   0   0   0 184 168  16   0],7,258,945.4400024414062,0,0,Fuel/Ambient,445293527,1740861596
1740861596644138391,16,[  0   0   0   0 184 168  16   0],7,258,945.4400024414062,0,0,Fuel/Ambient,643246269,1740861596
1740861596850403031,16,[  0   0   0   0 184 168  16   0],7,258,945.4400024414062,0,0,Fuel/Ambient,849843462,1740861596
1740861597046840719,16,[  0   0   0   0 184 168  16   0],7,258,945.4400024414062,0,0,Fuel/Ambient,46119961,1740861597
1740861597253386549,16,[  0   0   0   0 184 168  16   0],7,258,945.4400024414062,0,0,Fuel/Ambient,252381910,1740861597
1740861597452338998,16,[  0   0   0   0 184 168  16   0],7,258,945.4400024414062,0,0,Fuel/Ambient,451931466,1740861597
1740861597647000855,16,[  0   0   0   0 184 168  16   0],7,258,945.4400024414062,0,0,Fuel/Ambient,646503368,1740861597
1740861597852105521,16,[  0   0   0   0 184 168  16   0],7,258,945.4400024414062,0,0,Fuel/Ambient,851369691,1740861597
1740861598048440836,16,[  0   0   0   0 184 168  16   0],7,258,945.4400024414062,0,0,Fuel/Ambient,47748207,1740861598
1740861598247687532,16,[  0   0   0   0 184 169  16   0],7,258,945.4600219726562,0,0,Fuel/Ambient,245850741,1740861598
1740861598455639354,16,[  0   0   0   0 184 169  16   0],7,258,945.4600219726562,0,0,Fuel/Ambient,455117131,1740861598
1740861598651509565,16,[  0   0   0   0 184 168  16   0],7,258,945.4400024414062,0,0,Fuel/Ambient,651093553,1740861598
1740861598857701366,16,[  0   0   0   0 184 168  16   0],7,258,945.4400024414062,0,0,Fuel/Ambient,856793339,1740861598
1740861599055110919,16,[  0   0   0   0 184 168  16   0],7,258,945.4400024414062,0,0,Fuel/Ambient,53825632,1740861599
1740861599249958473,16,[  0   0   0   0 184 168  16   0],7,258,945.4400024414062,0,0,Fuel/Ambient,249458874,1740861599
1740861599455893913,16,[  0   0   0   0 184 168  16   0],7,258,945.4400024414062,0,0,Fuel/Ambient,455449227,1740861599
1740861599651266122,16,[  0   0   0   0 184 168  16   0],7,258,945.4400024414062,0,0,Fuel/Ambient,650745819,1740861599
1740861599857052053,16,[  0   0   0   0 184 168  16   0],7,258,945.4400024414062,0,0,Fuel/Ambient,856482404,1740861599
1740861600053182974,16,[  0   0   0   0 184 168  16   0],7,258,945.4400024414062,0,0,Fuel/Ambient,52471272,1740861600
1740861600258974055,16,[  0   0   0   0 184 168  16   0],7,258,945.4400024414062,0,0,Fuel/Ambient,258420374,1740861600
1740861600459025987,16,[  0   0   0   0 184 168  16   0],7,258,945.4400024414062,0,0,Fuel/Ambient,458261388,1740861600
1740861600655157418,16,[  0   0   0   0 184 168  16   0],7,258,945.4400024414062,0,0,Fuel/Ambient,654608697,1740861600
1740861600863221111,16,[  0   0   0   0 184 168  16   0],7,258,945.4400024414062,0,0,Fuel/Ambient,862234778,1740861600
1740861601060120149,16,[  0   0   0   0 184 168  16   0],7,258,945.4400024414062,0,0,Fuel/Ambient,59436896,1740861601
1740861601265845722,16,[  0   0   0   0 184 169  16   0],7,258,945.4600219726562,0,0,Fuel/Ambient,265105379,1740861601
1740861601463047199,16,[  0   0   0   0 184 169  16   0],7,258,945.4600219726562,0,0,Fuel/Ambient,462426764,1740861601
1740861601665736968,16,[  0   0   0   0 184 168  16   0],7,258,945.4400024414062,0,0,Fuel/Ambient,660316229,1740861601
1740861601867745950,16,[  0   0   0   0 184 168  16   0],7,258,945.4400024414062,0,0,Fuel/Ambient,867291184,1740861601
1740861602063446869,16,[  0   0   0   0 184 168  16   0],7,258,945.4400024414062,0,0,Fuel/Ambient,62985927,1740861602
1740861602259334672,16,[  0   0   0   0 184 168  16   0],7,258,945.4400024414062,0,0,Fuel/Ambient,258826753,1740861602
1740861602468340342,16,[  0   0   0   0 184 168  16   0],7,258,945.4400024414062,0,0,Fuel/Ambient,467541406,1740861602
1740861602663872391,16,[  0   0   0   0 184 169  16   0],7,258,945.4600219726562,0,0,Fuel/Ambient,663421017,1740861602
1740861602871318205,16,[  0   0   0   0 184 169  16   0],7,258,945.4600219726562,0,0,Fuel/Ambient,870856047,1740861602
1740861603066963921,16,[  0   0   0   0 184 169  16   0],7,258,945.4600219726562,0,0,Fuel/Ambient,66540964,1740861603
1740861603273512074,16,[  0   0   0   0 184 168  16   0],7,258,945.4400024414062,0,0,Fuel/Ambient,272574190,1740861603
1740861603470614792,16,[  0   0   0   0 184 168  16   0],7,258,945.4400024414062,0,0,Fuel/Ambient,469943572,1740861603
1740861603666429216,16,[  0   0   0   0 184 168  16   0],7,258,945.4400024414062,0,0,Fuel/Ambient,666027764,1740861603
1740861603872399048,16,[  0   0   0   0 184 168  16   0],7,258,945.4400024414062,0,0,Fuel/Ambient,871842423,1740861603
1740861604068275392,16,[  0   0   0   0 184 168  16   0],7,258,945.4400024414062,0,0,Fuel/Ambient,67810450,1740861604
1740861604273857915,16,[  0   0   0   0 184 168  16   0],7,258,945.4400024414062,0,0,Fuel/Ambient,273392045,1740861604
1740861604471366691,16,[  0   0   0   0 184 169  16   0],7,258,945.4600219726562,0,0,Fuel/Ambient,470978391,1740861604
1740861604676415854,16,[  0   0   0   0 184 169  16   0],7,258,945.4600219726562,0,0,Fuel/Ambient,675968256,1740861604
1740861604871648466,16,[  0   0   0   0 184 169  16   0],7,258,945.4600219726562,0,0,Fuel/Ambient,871269318,1740861604
1740861605077058406,16,[  0   0   0   0 184 169  16   0],7,258,945.4600219726562,0,0,Fuel/Ambient,76335248,1740861605
1740861605271277642,16,[  0   0   0   0 184 169  16   0],7,258,945.4600219726562,0,0,Fuel/Ambient,270881374,1740861605
1740861605477816991,16,[  0   0   0   0 184 169  16   0],7,258,945.4600219726562,0,0,Fuel/Ambient,477383730,1740861605
1740861605672853083,16,[  0   0   0   0 184 169  16   0],7,258,945.4600219726562,0,0,Fuel/Ambient,672340395,1740861605
1740861605879612663,16,[  0   0   0   0 184 169  16   0],7,258,945.4600219726562,0,0,Fuel/Ambient,878887873,1740861605
1740861606075182370,16,[  0   0   0   0 184 169  16   0],7,258,945.4600219726562,0,0,Fuel/Ambient,74498509,1740861606
1740861606281336490,16,[  0   0   0   0 184 169  16   0],7,258,945.4600219726562,0,0,Fuel/Ambient,280233768,1740861606
1740861606479243002,16,[  0   0   0   0 184 169  16   0],7,258,945.4600219726562,0,0,Fuel/Ambient,478736043,1740861606
1740861606674823492,16,[  0   0   0   0 184 169  16   0],7,258,945.4600219726562,0,0,Fuel/Ambient,673697538,1740861606
1740861606879838794,16,[  0   0   0   0 184 169  16   0],7,258,945.4600219726562,0,0,Fuel/Ambient,879247288,1740861606
1740861607085553635,16,[  0   0   0   0 184 169  16   0],7,258,945.4600219726562,0,0,Fuel/Ambient,84523428,1740861607
1740861607280479928,16,[  0   0   0   0 184 169  16   0],7,258,945.4600219726562,0,0,Fuel/Ambient,280010218,1740861607
1740861607478334181,16,[  0   0   0   0 184 169  16   0],7,258,945.4600219726562,0,0,Fuel/Ambient,477826581,1740861607
1740861607684337606,16,[  0   0   0   0 184 169  16   0],7,258,945.4600219726562,0,0,Fuel/Ambient,683936090,1740861607
1740861607879920206,16,[  0   0   0   0 184 169  16   0],7,258,945.4600219726562,0,0,Fuel/Ambient,879415103,1740861607
1740861608086102196,16,[  0   0   0   0 184 169  16   0],7,258,945.4600219726562,0,0,Fuel/Ambient,85355421,1740861608
1740861608281535062,16,[  0   0   0   0 184 169  16   0],7,258,945.4600219726562,0,0,Fuel/Ambient,280972197,1740861608
1740861608480905390,16,[  0   0   0   0 184 169  16   0],7,258,945.4600219726562,0,0,Fuel/Ambient,479788364,1740861608
1740861608686068564,16,[  0   0   0   0 184 169  16   0],7,258,945.4600219726562,0,0,Fuel/Ambient,685435137,1740861608
1740861608881855584,16,[  0   0   0   0 184 169  16   0],7,258,945.4600219726562,0,0,Fuel/Ambient,881457172,1740861608
1740861609087440850,16,[  0   0   0   0 184 169  16   0],7,258,945.4600219726562,0,0,Fuel/Ambient,86958916,1740861609
1740861609283360513,16,[  0   0   0   0 184 169  16   0],7,258,945.4600219726562,0,0,Fuel/Ambient,282889139,1740861609
1740861609491855336,16,[  0   0   0   0 184 169  16   0],7,258,945.4600219726562,0,0,Fuel/Ambient,491370106,1740861609
1740861609687472270,16,[  0   0   0   0 184 169  16   0],7,258,945.4600219726562,0,0,Fuel/Ambient,686853147,1740861609
1740861609893710642,16,[  0   0   0   0 184 169  16   0],7,258,945.4600219726562,0,0,Fuel/Ambient,892835832,1740861609
1740861610089954314,16,[  0   0   0   0 184 169  16   0],7,258,945.4600219726562,0,0,Fuel/Ambient,89496092,1740861610
1740861610286429959,16,[  0   0   0   0 184 169  16   0],7,258,945.4600219726562,0,0,Fuel/Ambient,285944536,1740861610
1740861610495057680,16,[  0   0   0   0 184 168  16   0],7,258,945.4400024414062,0,0,Fuel/Ambient,494101588,1740861610
1740861610691770069,16,[  0   0   0   0 184 168  16   0],7,258,945.4400024414062,0,0,Fuel/Ambient,691093025,1740861610
1740861610888344981,16,[  0   0   0   0 184 168  16   0],7,258,945.4400024414062,0,0,Fuel/Ambient,887593663,1740861610
1740861611093856769,16,[  0   0   0   0 184 168  16   0],7,258,945.4400024414062,0,0,Fuel/Ambient,93416308,1740861611
1740861611290179544,16,[  0   0   0   0 184 168  16   0],7,258,945.4400024414062,0,0,Fuel/Ambient,289465474,1740861611
1740861611499725723,16,[  0   0   0   0 184 168  16   0],7,258,945.4400024414062,0,0,Fuel/Ambient,498749213,1740861611
1740861611695832363,16,[  0   0   0   0 184 168  16   0],7,258,945.4400024414062,0,0,Fuel/Ambient,695183320,1740861611
1740861611901178032,16,[  0   0   0   0 184 168  16   0],7,258,945.4400024414062,0,0,Fuel/Ambient,900595231,1740861611
1740861612098293470,16,[  0   0   0   0 184 168  16   0],7,258,945.4400024414062,0,0,Fuel/Ambient,97628554,1740861612
1740861612294314346,16,[  0   0   0   0 184 168  16   0],7,258,945.4400024414062,0,0,Fuel/Ambient,293469937,1740861612
1740861612501023766,16,[  0   0   0   0 184 168  16   0],7,258,945.4400024414062,0,0,Fuel/Ambient,500644842,1740861612
1740861612695716410,16,[  0   0   0   0 184 168  16   0],7,258,945.4400024414062,0,0,Fuel/Ambient,695344079,1740861612
1740861612900897368,16,[  0   0   0   0 184 168  16   0],7,258,945.4400024414062,0,0,Fuel/Ambient,900430058,1740861612
1740861613096446357,16,[  0   0   0   0 184 168  16   0],7,258,945.4400024414062,0,0,Fuel/Ambient,96027753,1740861613
1740861613301206245,16,[  0   0   0   0 184 168  16   0],7,258,945.4400024414062,0,0,Fuel/Ambient,300830713,1740861613
1740861613500428047,16,[  0   0   0   0 184 167  16   0],7,258,945.4199829101562,0,0,Fuel/Ambient,499594806,1740861613
1740861613706021783,16,[  0   0   0   0 184 167  16   0],7,258,945.4199829101562,0,0,Fuel/Ambient,705352611,1740861613
1740861613901513649,16,[  0   0   0   0 184 167  16   0],7,258,945.4199829101562,0,0,Fuel/Ambient,900961569,1740861613
1740861614107085688,16,[  0   0   0   0 184 167  16   0],7,258,945.4199829101562,0,0,Fuel/Ambient,106463429,1740861614
1740861614302427180,16,[  0   0   0   0 184 167  16   0],7,258,945.4199829101562,0,0,Fuel/Ambient,301870619,1740861614
1740861614500302796,16,[  0   0   0   0 184 167  16   0],7,258,945.4199829101562,0,0,Fuel/Ambient,499636280,1740861614
1740861614706042902,16,[  0   0   0   0 184 167  16   0],7,258,945.4199829101562,0,0,Fuel/Ambient,705447013,1740861614
1740861614901844984,16,[  0   0   0   0 184 167  16   0],7,258,945.4199829101562,0,0,Fuel/Ambient,900912156,1740861614
1740861615107400700,16,[  0   0   0   0 184 167  16   0],7,258,945.4199829101562,0,0,Fuel/Ambient,106924430,1740861615
1740861615303172155,16,[  0   0   0   0 184 167  16   0],7,258,945.4199829101562,0,0,Fuel/Ambient,302708845,1740861615
1740861615511792762,16,[  0   0   0   0 184 166  16   0],7,258,945.4000244140625,0,0,Fuel/Ambient,511059652,1740861615
1740861615707717885,16,[  0   0   0   0 184 166  16   0],7,258,945.4000244140625,0,0,Fuel/Ambient,707262800,1740861615
1740861615913206047,16,[  0   0   0   0 184 167  16   0],7,258,945.4199829101562,0,0,Fuel/Ambient,912720880,1740861615
1740861616110639182,16,[  0   0   0   0 184 167  16   0],7,258,945.4199829101562,0,0,Fuel/Ambient,108769078,1740861616
1740861616307762003,16,[  0   0   0   0 184 167  16   0],7,258,945.4199829101562,0,0,Fuel/Ambient,307031741,1740861616
1740861616516567318,16,[  0   0   0   0 184 167  16   0],7,258,945.4199829101562,0,0,Fuel/Ambient,515845824,1740861616
1740861616712062730,16,[  0   0   0   0 184 167  16   0],7,258,945.4199829101562,0,0,Fuel/Ambient,711157647,1740861616
1740861616917571882,16,[  0   0   0   0 184 167  16   0],7,258,945.4199829101562,0,0,Fuel/Ambient,917078908,1740861616
1740861665876898730,16,[  0   0   0   0 184 167  16   0],7,258,945.4199829101562,0,0,Fuel/Ambient,876277623,1740861665
1740861666073514053,16,[  0   0   0   0 184 167  16   0],7,258,945.4199829101562,0,0,Fuel/Ambient,72320258,1740861666
1740861666279530420,16,[  0   0   0   0 184 167  16   0],7,258,945.4199829101562,0,0,Fuel/Ambient,278987172,1740861666
1740861666474929355,16,[  0   0   0   0 184 167  16   0],7,258,945.4199829101562,0,0,Fuel/Ambient,474218390,1740861666
1740861666673943180,16,[  0   0   0   0 184 167  16   0],7,258,945.4199829101562,0,0,Fuel/Ambient,672952975,1740861666
1740861666879824920,16,[  0   0   0   0 184 167  16   0],7,258,945.4199829101562,0,0,Fuel/Ambient,879383563,1740861666
1740861667075614489,16,[  0   0   0   0 184 167  16   0],7,258,945.4199829101562,0,0,Fuel/Ambient,74782849,1740861667
1740861667280757421,16,[  0   0   0   0 184 167  16   0],7,258,945.4199829101562,0,0,Fuel/Ambient,280073049,1740861667
1740861667476792404,16,[  0   0   0   0 184 167  16   0],7,258,945.4199829101562,0,0,Fuel/Ambient,476061727,1740861667
1740861667685162215,16,[  0   0   0   0 184 167  16   0],7,258,945.4199829101562,0,0,Fuel/Ambient,684737851,1740861667
1740861667880700000,16,[  0   0   0   0 184 167  16   0],7,258,945.4199829101562,0,0,Fuel/Ambient,880162160,1740861667
1740861668086854353,16,[  0   0   0   0 184 167  16   0],7,258,945.4199829101562,0,0,Fuel/Ambient,86165725,1740861668
1740861668282617775,16,[  0   0   0   0 184 167  16   0],7,258,945.4199829101562,0,0,Fuel/Ambient,281922618,1740861668
1740861668488163149,16,[  0   0   0   0 184 167  16   0],7,258,945.4199829101562,0,0,Fuel/Ambient,487706719,1740861668
1740861668686498070,16,[  0   0   0   0 184 168  16   0],7,258,945.4400024414062,0,0,Fuel/Ambient,685615900,1740861668
1740861668882071407,16,[  0   0   0   0 184 167  16   0],7,258,945.4199829101562,0,0,Fuel/Ambient,881395035,1740861668
1740861669087782096,16,[  0   0   0   0 184 167  16   0],7,258,945.4199829101562,0,0,Fuel/Ambient,87048251,1740861669
1740861669283520236,16,[  0   0   0   0 184 167  16   0],7,258,945.4199829101562,0,0,Fuel/Ambient,282717940,1740861669
1740861669488876610,16,[  0   0   0   0 184 167  16   0],7,258,945.4199829101562,0,0,Fuel/Ambient,488265008,1740861669
1740861669686662618,16,[  0   0   0   0 184 167  16   0],7,258,945.4199829101562,0,0,Fuel/Ambient,686196012,1740861669
1740861669892513055,16,[  0   0   0   0 184 167  16   0],7,258,945.4199829101562,0,0,Fuel/Ambient,891838027,1740861669
1740861670088933550,16,[  0   0   0   0 184 167  16   0],7,258,945.4199829101562,0,0,Fuel/Ambient,88272218,1740861670
1740861670284694568,16,[  0   0   0   0 184 167  16   0],7,258,945.4199829101562,0,0,Fuel/Ambient,283798254,1740861670
1740861670490513482,16,[  0   0   0   0 184 167  16   0],7,258,945.4199829101562,0,0,Fuel/Ambient,489815286,1740861670
1740861670688088090,16,[  0   0   0   0 184 167  16   0],7,258,945.4199829101562,0,0,Fuel/Ambient,687379269,1740861670
1740861670893814681,16,[  0   0   0   0 184 167  16   0],7,258,945.4199829101562,0,0,Fuel/Ambient,893097764,1740861670
1740861671089381293,16,[  0   0   0   0 184 167  16   0],7,258,945.4199829101562,0,0,Fuel/Ambient,88727514,1740861671
1740861671294722208,16,[  0   0   0   0 184 167  16   0],7,258,945.4199829101562,0,0,Fuel/Ambient,294403126,1740861671
1740861671490632253,16,[  0   0   0   0 184 167  16   0],7,258,945.4199829101562,0,0,Fuel/Ambient,490132398,1740861671
1740861671689229065,16,[  0   0   0   0 184 167  16   0],7,258,945.4199829101562,0,0,Fuel/Ambient,688775035,1740861671
1740861671895776703,16,[  0   0   0   0 184 167  16   0],7,258,945.4199829101562,0,0,Fuel/Ambient,895313233,1740861671
1740861672091981316,16,[  0   0   0   0 184 167  16   0],7,258,945.4199829101562,0,0,Fuel/Ambient,91233486,1740861672
1740861672298093963,16,[  0   0   0   0 184 167  16   0],7,258,945.4199829101562,0,0,Fuel/Ambient,297553275,1740861672
1740861672493575130,16,[  0   0   0   0 184 167  16   0],7,258,945.4199829101562,0,0,Fuel/Ambient,493162669,1740861672
1740861672702117512,16,[  0   0   0   0 184 167  16   0],7,258,945.4199829101562,0,0,Fuel/Ambient,701434420,1740861672
1740861672898162279,16,[  0   0   0   0 184 167  16   0],7,258,945.4199829101562,0,0,Fuel/Ambient,896808064,1740861672
1740861673093856444,16,[  0   0   0   0 184 167  16   0],7,258,945.4199829101562,0,0,Fuel/Ambient,93336300,1740861673
1740861673299464274,16,[  0   0   0   0 184 167  16   0],7,258,945.4199829101562,0,0,Fuel/Ambient,299110408,1740861673
1740861673495026722,16,[  0   0   0   0 184 166  16   0],7,258,945.4000244140625,0,0,Fuel/Ambient,494571668,1740861673
1740861673703441867,16,[  0   0   0   0 184 166  16   0],7,258,945.4000244140625,0,0,Fuel/Ambient,702476238,1740861673
1740861673898982681,16,[  0   0   0   0 184 166  16   0],7,258,945.4000244140625,0,0,Fuel/Ambient,898434921,1740861673
1740861674104844375,16,[  0   0   0   0 184 166  16   0],7,258,945.4000244140625,0,0,Fuel/Ambient,104083072,1740861674
1740861674300231551,16,[  0   0   0   0 184 166  16   0],7,258,945.4000244140625,0,0,Fuel/Ambient,299821715,1740861674
1740861674505942455,16,[  0   0   0   0 184 166  16   0],7,258,945.4000244140625,0,0,Fuel/Ambient,505217378,1740861674
1740861674707976259,16,[  0   0   0   0 184 166  16   0],7,258,945.4000244140625,0,0,Fuel/Ambient,707197484,1740861674
1740861674903994750,16,[  0   0   0   0 184 166  16   0],7,258,945.4000244140625,0,0,Fuel/Ambient,903268552,1740861674
1740861675109436717,16,[  0   0   0   0 184 166  16   0],7,258,945.4000244140625,0,0,Fuel/Ambient,109027105,1740861675
1740861675305964725,16,[  0   0   0   0 184 166  16   0],7,258,945.4000244140625,0,0,Fuel/Ambient,305410117,1740861675
1740861675510923221,16,[  0   0   0   0 184 166  16   0],7,258,945.4000244140625,0,0,Fuel/Ambient,510582347,1740861675
1740861675706984560,16,[  0   0   0   0 184 166  16   0],7,258,945.4000244140625,0,0,Fuel/Ambient,706500545,1740861675
1740861675903880355,16,[  0   0   0   0 184 166  16   0],7,258,945.4000244140625,0,0,Fuel/Ambient,903353555,1740861675
1740861676108971046,16,[  0   0   0   0 184 166  16   0],7,258,945.4000244140625,0,0,Fuel/Ambient,108503192,1740861676
1740861676303929374,16,[  0   0   0   0 184 166  16   0],7,258,945.4000244140625,0,0,Fuel/Ambient,303492818,1740861676
1740861676508562771,16,[  0   0   0   0 184 166  16   0],7,258,945.4000244140625,0,0,Fuel/Ambient,507984834,1740861676
1740861676714920346,16,[  0   0   0   0 184 167  16   0],7,258,945.4199829101562,0,0,Fuel/Ambient,714242278,1740861676
1740861676911160824,16,[  0   0   0   0 184 167  16   0],7,258,945.4199829101562,0,0,Fuel/Ambient,910310495,1740861676
1740861677116516769,16,[  0   0   0   0 184 167  16   0],7,258,945.4199829101562,0,0,Fuel/Ambient,116061908,1740861677
1740861677312842112,16,[  0   0   0   0 184 167  16   0],7,258,945.4199829101562,0,0,Fuel/Ambient,311931557,1740861677
1740861677518261514,16,[  0   0   0   0 184 167  16   0],7,258,945.4199829101562,0,0,Fuel/Ambient,517580662,1740861677
1740861677715984658,16,[  0   0   0   0 184 167  16   0],7,258,945.4199829101562,0,0,Fuel/Ambient,715495812,1740861677
1740861677912128076,16,[  0   0   0   0 184 167  16   0],7,258,945.4199829101562,0,0,Fuel/Ambient,911537018,1740861677
1740861678118188103,16,[  0   0   0   0 184 167  16   0],7,258,945.4199829101562,0,0,Fuel/Ambient,117736186,1740861678
1740861678314240029,16,[  0   0   0   0 184 167  16   0],7,258,945.4199829101562,0,0,Fuel/Ambient,313479686,1740861678
1740861678520430075,16,[  0   0   0   0 184 167  16   0],7,258,945.4199829101562,0,0,Fuel/Ambient,519949741,1740861678
1740861678720398371,16,[  0   0   0   0 184 167  16   0],7,258,945.4199829101562,0,0,Fuel/Ambient,719938710,1740861678
1740861678918788381,16,[  0   0   0   0 184 167  16   0],7,258,945.4199829101562,0,0,Fuel/Ambient,918291535,1740861678
1740861679115021015,16,[  0   0   0   0 184 166  16   0],7,258,945.4000244140625,0,0,Fuel/Ambient,114527305,1740861679
1740861679319902349,16,[  0   0   0   0 184 166  16   0],7,258,945.4000244140625,0,0,Fuel/Ambient,319453760,1740861679
1740861679515949953,16,[  0   0   0   0 184 166  16   0],7,258,945.4000244140625,0,0,Fuel/Ambient,515233612,1740861679
1740861679721712241,16,[  0   0   0   0 184 166  16   0],7,258,945.4000244140625,0,0,Fuel/Ambient,721277189,1740861679
1740861679916390461,16,[  0   0   0   0 184 167  16   0],7,258,945.4199829101562,0,0,Fuel/Ambient,915946928,1740861679
1740861680124833338,16,[  0   0   0   0 184 167  16   0],7,258,945.4199829101562,0,0,Fuel/Ambient,121901925,1740861680
1740861680317907285,16,[  0   0   0   0 184 167  16   0],7,258,945.4199829101562,0,0,Fuel/Ambient,316853174,1740861680
1740861680522661094,16,[  0   0   0   0 184 167  16   0],7,258,945.4199829101562,0,0,Fuel/Ambient,522031188,1740861680
1740861680719283305,16,[  0   0   0   0 184 167  16   0],7,258,945.4199829101562,0,0,Fuel/Ambient,718636214,1740861680
1740861680924494183,16,[  0   0   0   0 184 167  16   0],7,258,945.4199829101562,0,0,Fuel/Ambient,923960087,1740861680
1740861681120921315,16,[  0   0   0   0 184 168  16   0],7,258,945.4400024414062,0,0,Fuel/Ambient,120096203,1740861681
1740861681325766229,16,[  0   0   0   0 184 168  16   0],7,258,945.4400024414062,0,0,Fuel/Ambient,325305959,1740861681
1740861681530867630,16,[  0   0   0   0 184 168  16   0],7,258,945.4400024414062,0,0,Fuel/Ambient,530453154,1740861681
1740861681730606155,16,[  0   0   0   0 184 169  16   0],7,258,945.4600219726562,0,0,Fuel/Ambient,730163198,1740861681
1740861681926163084,16,[  0   0   0   0 184 169  16   0],7,258,945.4600219726562,0,0,Fuel/Ambient,925653405,1740861681
1740861682131158562,16,[  0   0   0   0 184 169  16   0],7,258,945.4600219726562,0,0,Fuel/Ambient,130606513,1740861682
1740861682326257620,16,[  0   0   0   0 184 169  16   0],7,258,945.4600219726562,0,0,Fuel/Ambient,325670659,1740861682
1740861682533042237,16,[  0   0   0   0 184 169  16   0],7,258,945.4600219726562,0,0,Fuel/Ambient,532240838,1740861682
1740861682729645660,16,[  0   0   0   0 184 168  16   0],7,258,945.4400024414062,0,0,Fuel/Ambient,729209519,1740861682
1740861682934432234,16,[  0   0   0   0 184 168  16   0],7,258,945.4400024414062,0,0,Fuel/Ambient,934051039,1740861682
1740861683129113360,16,[  0   0   0   0 184 169  16   0],7,258,945.4600219726562,0,0,Fuel/Ambient,128595200,1740861683
1740861683334952923,16,[  0   0   0   0 184 169  16   0],7,258,945.4600219726562,0,0,Fuel/Ambient,334158852,1740861683
1740861683530692863,16,[  0   0   0   0 184 169  16   0],7,258,945.4600219726562,0,0,Fuel/Ambient,530200304,1740861683
1740861683737955732,16,[  0   0   0   0 184 169  16   0],7,258,945.4600219726562,0,0,Fuel/Ambient,737317217,1740861683
1740861683933742553,16,[  0   0   0   0 184 169  16   0],7,258,945.4600219726562,0,0,Fuel/Ambient,932527350,1740861683
1740861684140317785,16,[  0   0   0   0 184 169  16   0],7,258,945.4600219726562,0,0,Fuel/Ambient,139664422,1740861684
1740861684335127936,16,[  0   0   0   0 184 169  16   0],7,258,945.4600219726562,0,0,Fuel/Ambient,334481293,1740861684
1740861684541170800,16,[  0   0   0   0 184 169  16   0],7,258,945.4600219726562,0,0,Fuel/Ambient,540494556,1740861684
1740861684738549698,16,[  0   0   0   0 184 169  16   0],7,258,945.4600219726562,0,0,Fuel/Ambient,738053043,1740861684
1740861684934272131,16,[  0   0   0   0 184 169  16   0],7,258,945.4600219726562,0,0,Fuel/Ambient,933661681,1740861684
1740861685144340231,16,[  0   0   0   0 184 169  16   0],7,258,945.4600219726562,0,0,Fuel/Ambient,140313138,1740861685
1740861685335751017,16,[  0   0   0   0 184 169  16   0],7,258,945.4600219726562,0,0,Fuel/Ambient,335203737,1740861685
1740861685540175656,16,[  0   0   0   0 184 169  16   0],7,258,945.4600219726562,0,0,Fuel/Ambient,539701370,1740861685
1740861685738850174,16,[  0   0   0   0 184 169  16   0],7,258,945.4600219726562,0,0,Fuel/Ambient,737307089,1740861685
1740861685945235158,16,[  0   0   0   0 184 169  16   0],7,258,945.4600219726562,0,0,Fuel/Ambient,944368445,1740861685
1740861686140773199,16,[  0   0   0   0 184 169  16   0],7,258,945.4600219726562,0,0,Fuel/Ambient,140064475,1740861686
1740861686346745913,16,[  0   0   0   0 184 169  16   0],7,258,945.4600219726562,0,0,Fuel/Ambient,345896353,1740861686
1740861686541829957,16,[  0   0   0   0 184 168  16   0],7,258,945.4400024414062,0,0,Fuel/Ambient,541256180,1740861686
1740861686742304334,16,[  0   0   0   0 184 168  16   0],7,258,945.4400024414062,0,0,Fuel/Ambient,741534040,1740861686
1740861686941946911,16,[  0   0   0   0 184 168  16   0],7,258,945.4400024414062,0,0,Fuel/Ambient,940864511,1740861686
1740861687147591294,16,[  0   0   0   0 184 168  16   0],7,258,945.4400024414062,0,0,Fuel/Ambient,147148145,1740861687
1740861687343841066,16,[  0   0   0   0 184 168  16   0],7,258,945.4400024414062,0,0,Fuel/Ambient,343360924,1740861687
1740861687548917912,16,[  0   0   0   0 184 168  16   0],7,258,945.4400024414062,0,0,Fuel/Ambient,548278214,1740861687
1740861687747593867,16,[  0   0   0   0 184 168  16   0],7,258,945.4400024414062,0,0,Fuel/Ambient,746865238,1740861687
1740861687944309477,16,[  0   0   0   0 184 168  16   0],7,258,945.4400024414062,0,0,Fuel/Ambient,942964702,1740861687
1740861688149761149,16,[  0   0   0   0 184 168  16   0],7,258,945.4400024414062,0,0,Fuel/Ambient,149280847,1740861688
1740861688345418710,16,[  0   0   0   0 184 168  16   0],7,258,945.4400024414062,0,0,Fuel/Ambient,344977769,1740861688
1740861688551421661,16,[  0   0   0   0 184 168  16   0],7,258,945.4400024414062,0,0,Fuel/Ambient,550854573,1740861688
1740861688750164561,16,[  0   0   0   0 184 168  16   0],7,258,945.4400024414062,0,0,Fuel/Ambient,749414779,1740861688
1740861688946570879,16,[  0   0   0   0 184 168  16   0],7,258,945.4400024414062,0,0,Fuel/Ambient,946119026,1740861688
1740861689152395648,16,[  0   0   0   0 184 169  16   0],7,258,945.4600219726562,0,0,Fuel/Ambient,151854865,1740861689
1740861689348482020,16,[  0   0   0   0 184 169  16   0],7,258,945.4600219726562,0,0,Fuel/Ambient,347785616,1740861689
1740861689554035581,16,[  0   0   0   0 184 169  16   0],7,258,945.4600219726562,0,0,Fuel/Ambient,553527662,1740861689
1740861689753032374,16,[  0   0   0   0 184 169  16   0],7,258,945.4600219726562,0,0,Fuel/Ambient,752156956,1740861689
1740861689958286886,16,[  0   0   0   0 184 169  16   0],7,258,945.4600219726562,0,0,Fuel/Ambient,957722197,1740861689
1740861690155590284,16,[  0   0   0   0 184 169  16   0],7,258,945.4600219726562,0,0,Fuel/Ambient,154853078,1740861690
1740861690351264130,16,[  0   0   0   0 184 169  16   0],7,258,945.4600219726562,0,0,Fuel/Ambient,350624847,1740861690
1740861690556593042,16,[  0   0   0   0 184 169  16   0],7,258,945.4600219726562,0,0,Fuel/Ambient,555857373,1740861690
1740861690754773618,16,[  0   0   0   0 184 169  16   0],7,258,945.4600219726562,0,0,Fuel/Ambient,753959898,1740861690
1740861690960612593,16,[  0   0   0   0 184 169  16   0],7,258,945.4600219726562,0,0,Fuel/Ambient,959874203,1740861690
1740861691156888631,16,[  0   0   0   0 184 169  16   0],7,258,945.4600219726562,0,0,Fuel/Ambient,156024798,1740861691
1740861691362159236,16,[  0   0   0   0 184 169  16   0],7,258,945.4600219726562,0,0,Fuel/Ambient,361645845,1740861691
1740861691558284710,16,[  0   0   0   0 184 169  16   0],7,258,945.4600219726562,0,0,Fuel/Ambient,557682740,1740861691
1740861691757365278,16,[  0   0   0   0 184 169  16   0],7,258,945.4600219726562,0,0,Fuel/Ambient,756504101,1740861691
1740861691963166586,16,[  0   0   0   0 184 169  16   0],7,258,945.4600219726562,0,0,Fuel/Ambient,962433221,1740861691
1740861692158677865,16,[  0   0   0   0 184 169  16   0],7,258,945.4600219726562,0,0,Fuel/Ambient,158155033,1740861692
1740861692365327228,16,[  0   0   0   0 184 169  16   0],7,258,945.4600219726562,0,0,Fuel/Ambient,364695178,1740861692
1740861692561057329,16,[  0   0   0   0 184 169  16   0],7,258,945.4600219726562,0,0,Fuel/Ambient,560393341,1740861692
1740861692760031652,16,[  0   0   0   0 184 169  16   0],7,258,945.4600219726562,0,0,Fuel/Ambient,759194699,1740861692
1740861692965259822,16,[  0   0   0   0 184 169  16   0],7,258,945.4600219726562,0,0,Fuel/Ambient,964859170,1740861692
1740861693160220714,16,[  0   0   0   0 184 169  16   0],7,258,945.4600219726562,0,0,Fuel/Ambient,159781822,1740861693
1740861693365869663,16,[  0   0   0   0 184 168  16   0],7,258,945.4400024414062,0,0,Fuel/Ambient,365470483,1740861693
1740861693571216106,16,[  0   0   0   0 184 168  16   0],7,258,945.4400024414062,0,0,Fuel/Ambient,570576696,1740861693
1740861693768117728,16,[  0   0   0   0 184 168  16   0],7,258,945.4400024414062,0,0,Fuel/Ambient,767454028,1740861693
1740861693964408515,16,[  0   0   0   0 184 168  16   0],7,258,945.4400024414062,0,0,Fuel/Ambient,963657037,1740861693
1740861694170949520,16,[  0   0   0   0 184 168  16   0],7,258,945.4400024414062,0,0,Fuel/Ambient,170343646,1740861694
1740861694366599839,16,[  0   0   0   0 184 168  16   0],7,258,945.4400024414062,0,0,Fuel/Ambient,365982893,1740861694
1740861694573185997,16,[  0   0   0   0 184 168  16   0],7,258,945.4400024414062,0,0,Fuel/Ambient,572379701,1740861694
1740861694771059709,16,[  0   0   0   0 184 168  16   0],7,258,945.4400024414062,0,0,Fuel/Ambient,770605263,1740861694
1740861694968072755,16,[  0   0   0   0 184 168  16   0],7,258,945.4400024414062,0,0,Fuel/Ambient,967464449,1740861694
1740861695173900586,16,[  0   0   0   0 184 168  16   0],7,258,945.4400024414062,0,0,Fuel/Ambient,173215702,1740861695
1740861695368800321,16,[  0   0   0   0 184 168  16   0],7,258,945.4400024414062,0,0,Fuel/Ambient,368197487,1740861695
1740861695574048230,16,[  0   0   0   0 184 168  16   0],7,258,945.4400024414062,0,0,Fuel/Ambient,573464501,1740861695
1740861695771776400,16,[  0   0   0   0 184 168  16   0],7,258,945.4400024414062,0,0,Fuel/Ambient,770568237,1740861695
1740861695976486822,16,[  0   0   0   0 184 168  16   0],7,258,945.4400024414062,0,0,Fuel/Ambient,976020248,1740861695
1740861696173326228,16,[  0   0   0   0 184 168  16   0],7,258,945.4400024414062,0,0,Fuel/Ambient,172817637,1740861696
1740861696380051171,16,[  0   0   0   0 184 169  16   0],7,258,945.4600219726562,0,0,Fuel/Ambient,379606390,1740861696
1740861696574875286,16,[  0   0   0   0 184 169  16   0],7,258,945.4600219726562,0,0,Fuel/Ambient,574426889,1740861696
1740861696774787870,16,[  0   0   0   0 184 169  16   0],7,258,945.4600219726562,0,0,Fuel/Ambient,773942310,1740861696
1740861696981846807,16,[  0   0   0   0 184 169  16   0],7,258,945.4600219726562,0,0,Fuel/Ambient,981143010,1740861696
1740861697179036686,16,[  0   0   0   0 184 169  16   0],7,258,945.4600219726562,0,0,Fuel/Ambient,177929422,1740861697
1740861697375204263,16,[  0   0   0   0 184 168  16   0],7,258,945.4400024414062,0,0,Fuel/Ambient,374545844,1740861697
1740861697580465481,16,[  0   0   0   0 184 168  16   0],7,258,945.4400024414062,0,0,Fuel/Ambient,579960730,1740861697
1740861697777892679,16,[  0   0   0   0 184 168  16   0],7,258,945.4400024414062,0,0,Fuel/Ambient,777308598,1740861697
1740861697984103525,16,[  0   0   0   0 184 168  16   0],7,258,945.4400024414062,0,0,Fuel/Ambient,983077671,1740861697
1740861698179584520,16,[  0   0   0   0 184 169  16   0],7,258,945.4600219726562,0,0,Fuel/Ambient,178907573,1740861698
1740861698385671585,16,[  0   0   0   0 184 169  16   0],7,258,945.4600219726562,0,0,Fuel/Ambient,384704549,1740861698
1740861698583264290,16,[  0   0   0   0 184 169  16   0],7,258,945.4600219726562,0,0,Fuel/Ambient,582279109,1740861698
1740861698779201875,16,[  0   0   0   0 184 169  16   0],7,258,945.4600219726562,0,0,Fuel/Ambient,778705988,1740861698
1740861698984466515,16,[  0   0   0   0 184 169  16   0],7,258,945.4600219726562,0,0,Fuel/Ambient,983999590,1740861698
1740861699181274844,16,[  0   0   0   0 184 169  16   0],7,258,945.4600219726562,0,0,Fuel/Ambient,180517254,1740861699
1740861699388232748,16,[  0   0   0   0 184 169  16   0],7,258,945.4600219726562,0,0,Fuel/Ambient,387488087,1740861699
1740861699583947605,16,[  0   0   0   0 184 168  16   0],7,258,945.4400024414062,0,0,Fuel/Ambient,583372868,1740861699
1740861699791986437,16,[  0   0   0   0 184 168  16   0],7,258,945.4400024414062,0,0,Fuel/Ambient,791140588,1740861699
1740861699987298113,16,[  0   0   0   0 184 169  16   0],7,258,945.4600219726562,0,0,Fuel/Ambient,986616878,1740861699
1740861700193296788,16,[  0   0   0   0 184 169  16   0],7,258,945.4600219726562,0,0,Fuel/Ambient,192744708,1740861700
1740861700389387398,16,[  0   0   0   0 184 169  16   0],7,258,945.4600219726562,0,0,Fuel/Ambient,388473932,1740861700
1740861700594260088,16,[  0   0   0   0 184 168  16   0],7,258,945.4400024414062,0,0,Fuel/Ambient,593509634,1740861700
1740861700792612172,16,[  0   0   0   0 184 168  16   0],7,258,945.4400024414062,0,0,Fuel/Ambient,792196864,1740861700
1740861700988598555,16,[  0   0   0   0 184 169  16   0],7,258,945.4600219726562,0,0,Fuel/Ambient,987964296,1740861700
1740861701194386085,16,[  0   0   0   0 184 169  16   0],7,258,945.4600219726562,0,0,Fuel/Ambient,193660944,1740861701
1740861701390025673,16,[  0   0   0   0 184 169  16   0],7,258,945.4600219726562,0,0,Fuel/Ambient,389398198,1740861701
1740861701595129791,16,[  0   0   0   0 184 169  16   0],7,258,945.4600219726562,0,0,Fuel/Ambient,594360713,1740861701
1740861701794344043,16,[  0   0   0   0 184 169  16   0],7,258,945.4600219726562,0,0,Fuel/Ambient,793165576,1740861701
1740861701990991019,16,[  0   0   0   0 184 169  16   0],7,258,945.4600219726562,0,0,Fuel/Ambient,990059088,1740861701
1740861702196437322,16,[  0   0   0   0 184 169  16   0],7,258,945.4600219726562,0,0,Fuel/Ambient,195930876,1740861702
1740861702391917383,16,[  0   0   0   0 184 169  16   0],7,258,945.4600219726562,0,0,Fuel/Ambient,391477211,1740861702
1740861702597859829,16,[  0   0   0   0 184 169  16   0],7,258,945.4600219726562,0,0,Fuel/Ambient,597239747,1740861702
1740861702796282760,16,[  0   0   0   0 184 169  16   0],7,258,945.4600219726562,0,0,Fuel/Ambient,795556114,1740861702
1740861702992772546,16,[  0   0   0   0 184 169  16   0],7,258,945.4600219726562,0,0,Fuel/Ambient,992352022,1740861702
1740861703198378564,16,[  0   0   0   0 184 169  16   0],7,258,945.4600219726562,0,0,Fuel/Ambient,197728401,1740861703
1740861703393767037,16,[  0   0   0   0 184 169  16   0],7,258,945.4600219726562,0,0,Fuel/Ambient,393326064,1740861703
1740861703599520195,16,[  0   0   0   0 184 169  16   0],7,258,945.4600219726562,0,0,Fuel/Ambient,599041013,1740861703
1740861703804639703,16,[  0   0   0   0 184 169  16   0],7,258,945.4600219726562,0,0,Fuel/Ambient,803886497,1740861703
1740861703999582402,16,[  0   0   0   0 184 169  16   0],7,258,945.4600219726562,0,0,Fuel/Ambient,999058259,1740861703
1740861704205934041,16,[  0   0   0   0 184 169  16   0],7,258,945.4600219726562,0,0,Fuel/Ambient,205499116,1740861704
1740861704404882263,16,[  0   0   0   0 184 169  16   0],7,258,945.4600219726562,0,0,Fuel/Ambient,402425584,1740861704
1740861704598871109,16,[  0   0   0   0 184 169  16   0],7,258,945.4600219726562,0,0,Fuel/Ambient,598189074,1740861704
1740861704808333430,16,[  0   0   0   0 184 169  16   0],7,258,945.4600219726562,0,0,Fuel/Ambient,807639746,1740861704
1740861705003748078,16,[  0   0   0   0 184 169  16   0],7,258,945.4600219726562,0,0,Fuel/Ambient,3332898,1740861705
1740861705200334150,16,[  0   0   0   0 184 169  16   0],7,258,945.4600219726562,0,0,Fuel/Ambient,199387595,1740861705
1740861705407037637,16,[  0   0   0   0 184 169  16   0],7,258,945.4600219726562,0,0,Fuel/Ambient,406176876,1740861705
1740861705602757764,16,[  0   0   0   0 184 169  16   0],7,258,945.4600219726562,0,0,Fuel/Ambient,601607810,1740861705
1740861705809690729,16,[  0   0   0   0 184 169  16   0],7,258,945.4600219726562,0,0,Fuel/Ambient,809214171,1740861705
1740861706005823988,16,[  0   0   0   0 184 169  16   0],7,258,945.4600219726562,0,0,Fuel/Ambient,5104575,1740861706
1740861706213102466,16,[  0   0   0   0 184 169  16   0],7,258,945.4600219726562,0,0,Fuel/Ambient,212184103,1740861706
1740861706412822035,16,[  0   0   0   0 184 169  16   0],7,258,945.4600219726562,0,0,Fuel/Ambient,408969507,1740861706
1740861706616873091,16,[  0   0   0   0 184 169  16   0],7,258,945.4600219726562,0,0,Fuel/Ambient,613711079,1740861706
1740861706812188949,16,[  0   0   0   0 184 169  16   0],7,258,945.4600219726562,0,0,Fuel/Ambient,811702983,1740861706
1740861707007683436,16,[  0   0   0   0 184 169  16   0],7,258,945.4600219726562,0,0,Fuel/Ambient,7144668,1740861707
1740861707212958685,16,[  0   0   0   0 184 169  16   0],7,258,945.4600219726562,0,0,Fuel/Ambient,212525041,1740861707
1740861707408445874,16,[  0   0   0   0 184 169  16   0],7,258,945.4600219726562,0,0,Fuel/Ambient,408003046,1740861707
1740861707614216595,16,[  0   0   0   0 184 169  16   0],7,258,945.4600219726562,0,0,Fuel/Ambient,613472509,1740861707
1740861707813081994,16,[  0   0   0   0 184 169  16   0],7,258,945.4600219726562,0,0,Fuel/Ambient,811523997,1740861707
1740861708017054678,16,[  0   0   0   0 184 169  16   0],7,258,945.4600219726562,0,0,Fuel/Ambient,16567303,1740861708
1740861708213109690,16,[  0   0   0   0 184 169  16   0],7,258,945.4600219726562,0,0,Fuel/Ambient,212517096,1740861708
1740861708418613968,16,[  0   0   0   0 184 169  16   0],7,258,945.4600219726562,0,0,Fuel/Ambient,418134274,1740861708
1740861708613605269,16,[  0   0   0   0 184 169  16   0],7,258,945.4600219726562,0,0,Fuel/Ambient,612942690,1740861708
1740861708820396145,16,[  0   0   0   0 184 169  16   0],7,258,945.4600219726562,0,0,Fuel/Ambient,819942852,1740861708
1740861709015842724,16,[  0   0   0   0 184 169  16   0],7,258,945.4600219726562,0,0,Fuel/Ambient,15372310,1740861709
1740861709221576703,16,[  0   0   0   0 184 169  16   0],7,258,945.4600219726562,0,0,Fuel/Ambient,220774504,1740861709
1740861709417285112,16,[  0   0   0   0 184 170  16   0],7,258,945.47998046875,0,0,Fuel/Ambient,416549762,1740861709
1740861709623576931,16,[  0   0   0   0 184 170  16   0],7,258,945.47998046875,0,0,Fuel/Ambient,622796013,1740861709
1740861709822442840,16,[  0   0   0   0 184 170  16   0],7,258,945.47998046875,0,0,Fuel/Ambient,821424282,1740861709
1740861710023598158,16,[  0   0   0   0 184 170  16   0],7,258,945.47998046875,0,0,Fuel/Ambient,18016492,1740861710
1740861710224095184,16,[  0   0   0   0 184 170  16   0],7,258,945.47998046875,0,0,Fuel/Ambient,223683108,1740861710
1740861710420218739,16,[  0   0   0   0 184 170  16   0],7,258,945.47998046875,0,0,Fuel/Ambient,419473949,1740861710
1740861710626103537,16,[  0   0   0   0 184 170  16   0],7,258,945.47998046875,0,0,Fuel/Ambient,625358523,1740861710
1740861710824778302,16,[  0   0   0   0 184 170  16   0],7,258,945.47998046875,0,0,Fuel/Ambient,823876164,1740861710
1740861711020582135,16,[  0   0   0   0 184 170  16   0],7,258,945.47998046875,0,0,Fuel/Ambient,19778816,1740861711
1740861711226768605,16,[  0   0   0   0 184 170  16   0],7,258,945.47998046875,0,0,Fuel/Ambient,226257614,1740861711
1740861711422971808,16,[  0   0   0   0 184 170  16   0],7,258,945.47998046875,0,0,Fuel/Ambient,422316365,1740861711
1740861711628773562,16,[  0   0   0   0 184 170  16   0],7,258,945.47998046875,0,0,Fuel/Ambient,628135592,1740861711
1740861711825870040,16,[  0   0   0   0 184 170  16   0],7,258,945.47998046875,0,0,Fuel/Ambient,825151427,1740861711
1740861712031660178,16,[  0   0   0   0 184 170  16   0],7,258,945.47998046875,0,0,Fuel/Ambient,31219269,1740861712
1740861712227315684,16,[  0   0   0   0 184 170  16   0],7,258,945.47998046875,0,0,Fuel/Ambient,226523053,1740861712
1740861712433328802,16,[  0   0   0   0 184 170  16   0],7,258,945.47998046875,0,0,Fuel/Ambient,432712912,1740861712
1740861712629002421,16,[  0   0   0   0 184 170  16   0],7,258,945.47998046875,0,0,Fuel/Ambient,628393283,1740861712
1740861712829166186,17,[  0   0   0   0 184 170  17   0],7,258,945.47998046875,0,0,Fuel/Ambient,828335250,1740861712
1740861713026451147,17,[  0   0   0   0 184 170  17   0],7,258,945.47998046875,0,0,Fuel/Ambient,25954844,1740861713
1740861713232783505,17,[  0   0   0   0 184 170  17   0],7,258,945.47998046875,0,0,Fuel/Ambient,232183392,1740861713
1740861713427221118,17,[  0   0   0   0 184 170  17   0],7,258,945.47998046875,0,0,Fuel/Ambient,426544747,1740861713
1740861713632094682,17,[  0   0   0   0 184 170  17   0],7,258,945.47998046875,0,0,Fuel/Ambient,631548234,1740861713
1740861713833463953,17,[  0   0   0   0 184 170  17   0],7,258,945.47998046875,0,0,Fuel/Ambient,833027780,1740861713
1740861714030415750,17,[  0   0   0   0 184 170  17   0],7,258,945.47998046875,0,0,Fuel/Ambient,29512300,1740861714
1740861714235902867,17,[  0   0   0   0 184 170  17   0],7,258,945.47998046875,0,0,Fuel/Ambient,235467206,1740861714
1740861714431674757,17,[  0   0   0   0 184 170  17   0],7,258,945.47998046875,0,0,Fuel/Ambient,430954384,1740861714
1740861714637713153,17,[  0   0   0   0 184 170  17   0],7,258,945.47998046875,0,0,Fuel/Ambient,637029549,1740861714
1740861714836212578,17,[  0   0   0   0 184 170  17   0],7,258,945.47998046875,0,0,Fuel/Ambient,835398187,1740861714
1740861715042356129,17,[  0   0   0   0 184 170  17   0],7,258,945.47998046875,0,0,Fuel/Ambient,41443687,1740861715
1740861715238156819,17,[  0   0   0   0 184 170  17   0],7,258,945.47998046875,0,0,Fuel/Ambient,237304826,1740861715
1740861715435018915,17,[  0   0   0   0 184 170  17   0],7,258,945.47998046875,0,0,Fuel/Ambient,434339855,1740861715
1740861715640061825,17,[  0   0   0   0 184 170  17   0],7,258,945.47998046875,0,0,Fuel/Ambient,639555122,1740861715
1740861715838045265,17,[  0   0   0   0 184 169  17   0],7,258,945.4600219726562,0,0,Fuel/Ambient,837396735,1740861715
1740861716044598683,17,[  0   0   0   0 184 169  17   0],7,258,945.4600219726562,0,0,Fuel/Ambient,43884902,1740861716
1740861716241507179,17,[  0   0   0   0 184 169  17   0],7,258,945.4600219726562,0,0,Fuel/Ambient,240844279,1740861716
1740861716437496096,17,[  0   0   0   0 184 169  17   0],7,258,945.4600219726562,0,0,Fuel/Ambient,437017586,1740861716
1740861716644501685,17,[  0   0   0   0 184 169  17   0],7,258,945.4600219726562,0,0,Fuel/Ambient,642889958,1740861716
1740861716843821419,17,[  0   0   0   0 184 169  17   0],7,258,945.4600219726562,0,0,Fuel/Ambient,842986035,1740861716
1740861717039475382,17,[  0   0   0   0 184 169  17   0],7,258,945.4600219726562,0,0,Fuel/Ambient,38615805,1740861717
1740861717244948317,17,[  0   0   0   0 184 169  17   0],7,258,945.4600219726562,0,0,Fuel/Ambient,244128485,1740861717
1740861717440362112,17,[  0   0   0   0 184 169  17   0],7,258,945.4600219726562,0,0,Fuel/Ambient,439892338,1740861717
1740861717646051789,17,[  0   0   0   0 184 170  17   0],7,258,945.47998046875,0,0,Fuel/Ambient,645646017,1740861717
1740861717843507051,17,[  0   0   0   0 184 170  17   0],7,258,945.47998046875,0,0,Fuel/Ambient,842609041,1740861717
1740861718048876687,17,[  0   0   0   0 184 170  17   0],7,258,945.47998046875,0,0,Fuel/Ambient,48073592,1740861718
1740861718243816931,17,[  0   0   0   0 184 170  17   0],7,258,945.47998046875,0,0,Fuel/Ambient,243328852,1740861718
1740861718449269191,17,[  0   0   0   0 184 170  17   0],7,258,945.47998046875,0,0,Fuel/Ambient,448697111,1740861718
1740861718644372704,17,[  0   0   0   0 184 170  17   0],7,258,945.47998046875,0,0,Fuel/Ambient,644017269,1740861718
1740861718853412012,17,[  0   0   0   0 184 170  17   0],7,258,945.47998046875,0,0,Fuel/Ambient,851936225,1740861718
1740861719048310462,17,[  0   0   0   0 184 170  17   0],7,258,945.47998046875,0,0,Fuel/Ambient,47724814,1740861719
1740861719253605629,17,[  0   0   0   0 184 170  17   0],7,258,945.47998046875,0,0,Fuel/Ambient,252991307,1740861719
1740861719449506507,17,[  0   0   0   0 184 169  17   0],7,258,945.4600219726562,0,0,Fuel/Ambient,448327401,1740861719
1740861719654434111,17,[  0   0   0   0 184 169  17   0],7,258,945.4600219726562,0,0,Fuel/Ambient,653771371,1740861719
1740861719852301798,17,[  0   0   0   0 184 169  17   0],7,258,945.4600219726562,0,0,Fuel/Ambient,851886746,1740861719
1740861720057466176,17,[  0   0   0   0 184 169  17   0],7,258,945.4600219726562,0,0,Fuel/Ambient,56993074,1740861720
1740861720252355151,17,[  0   0   0   0 184 169  17   0],7,258,945.4600219726562,0,0,Fuel/Ambient,251808767,1740861720
1740861720457460038,17,[  0   0   0   0 184 169  17   0],7,258,945.4600219726562,0,0,Fuel/Ambient,456794675,1740861720
1740861720652238738,17,[  0   0   0   0 184 169  17   0],7,258,945.4600219726562,0,0,Fuel/Ambient,651592672,1740861720
1740861720859675981,17,[  0   0   0   0 184 169  17   0],7,258,945.4600219726562,0,0,Fuel/Ambient,859201759,1740861720
1740861721055149517,17,[  0   0   0   0 184 169  17   0],7,258,945.4600219726562,0,0,Fuel/Ambient,54384599,1740861721
1740861721260714128,17,[  0   0   0   0 184 169  17   0],7,258,945.4600219726562,0,0,Fuel/Ambient,259985563,1740861721
1740861721457068200,17,[  0   0   0   0 184 169  17   0],7,258,945.4600219726562,0,0,Fuel/Ambient,456451094,1740861721
1740861721662873490,17,[  0   0   0   0 184 169  17   0],7,258,945.4600219726562,0,0,Fuel/Ambient,662455590,1740861721
1740861721859340525,17,[  0   0   0   0 184 169  17   0],7,258,945.4600219726562,0,0,Fuel/Ambient,858799293,1740861721
1740861722063097595,17,[  0   0   0   0 184 169  17   0],7,258,945.4600219726562,0,0,Fuel/Ambient,62721616,1740861722
1740861722258341713,17,[  0   0   0   0 184 169  17   0],7,258,945.4600219726562,0,0,Fuel/Ambient,257767137,1740861722
1740861722463185118,17,[  0   0   0   0 184 169  17   0],7,258,945.4600219726562,0,0,Fuel/Ambient,462752049,1740861722
1740861722659482419,17,[  0   0   0   0 184 169  17   0],7,258,945.4600219726562,0,0,Fuel/Ambient,658956771,1740861722
1740861722858129004,17,[  0   0   0   0 184 169  17   0],7,258,945.4600219726562,0,0,Fuel/Ambient,857692639,1740861722
1740861723063579881,17,[  0   0   0   0 184 169  17   0],7,258,945.4600219726562,0,0,Fuel/Ambient,63097755,1740861723
1740861723269625847,17,[  0   0   0   0 184 169  17   0],7,258,945.4600219726562,0,0,Fuel/Ambient,268897346,1740861723
1740861723464539426,17,[  0   0   0   0 184 169  17   0],7,258,945.4600219726562,0,0,Fuel/Ambient,464053140,1740861723
1740861724001698594,17,[  0   0   0   0 184 169  17   0],7,258,945.4600219726562,0,0,Fuel/Ambient,1024270,1740861724
1740861724178998990,17,[  0   0   0   0 184 169  17   0],7,258,945.4600219726562,0,0,Fuel/Ambient,178488511,1740861724
1740861724294391450,17,[  0   0   0   0 184 169  17   0],7,258,945.4600219726562,0,0,Fuel/Ambient,293724615,1740861724
1740861724409245046,17,[  0   0   0   0 184 169  17   0],7,258,945.4600219726562,0,0,Fuel/Ambient,408624260,1740861724
1740861724524616258,17,[  0   0   0   0 184 169  17   0],7,258,945.4600219726562,0,0,Fuel/Ambient,524039089,1740861724
1740861724669882030,17,[  0   0   0   0 184 169  17   0],7,258,945.4600219726562,0,0,Fuel/Ambient,669187194,1740861724
1740861724867418532,17,[  0   0   0   0 184 169  17   0],7,258,945.4600219726562,0,0,Fuel/Ambient,866667150,1740861724
1740861725072743451,17,[  0   0   0   0 184 169  17   0],7,258,945.4600219726562,0,0,Fuel/Ambient,72053383,1740861725
1740861725269903172,17,[  0   0   0   0 184 169  17   0],7,258,945.4600219726562,0,0,Fuel/Ambient,269161326,1740861725
1740861725475735528,17,[  0   0   0   0 184 169  17   0],7,258,945.4600219726562,0,0,Fuel/Ambient,475028147,1740861725
1740861725671415398,17,[  0   0   0   0 184 169  17   0],7,258,945.4600219726562,0,0,Fuel/Ambient,670617871,1740861725
1740861725869571884,17,[  0   0   0   0 184 169  17   0],7,258,945.4600219726562,0,0,Fuel/Ambient,868539246,1740861725
1740861726077033855,17,[  0   0   0   0 184 169  17   0],7,258,945.4600219726562,0,0,Fuel/Ambient,75623958,1740861726
1740861726272340433,17,[  0   0   0   0 184 169  17   0],7,258,945.4600219726562,0,0,Fuel/Ambient,271538970,1740861726
1740861726477940685,17,[  0   0   0   0 184 169  17   0],7,258,945.4600219726562,0,0,Fuel/Ambient,477372700,1740861726
1740861726673591753,17,[  0   0   0   0 184 169  17   0],7,258,945.4600219726562,0,0,Fuel/Ambient,672936022,1740861726
1740861726871844016,17,[  0   0   0   0 184 169  17   0],7,258,945.4600219726562,0,0,Fuel/Ambient,871154556,1740861726
1740861727077651281,17,[  0   0   0   0 184 169  17   0],7,258,945.4600219726562,0,0,Fuel/Ambient,76927612,1740861727
1740861727282542199,17,[  0   0   0   0 184 169  17   0],7,258,945.4600219726562,0,0,Fuel/Ambient,282054441,1740861727
1740861727477575999,17,[  0   0   0   0 184 169  17   0],7,258,945.4600219726562,0,0,Fuel/Ambient,476835754,1740861727
1740861727682338337,17,[  0   0   0   0 184 168  17   0],7,258,945.4400024414062,0,0,Fuel/Ambient,681848563,1740861727
1740861727881663430,17,[  0   0   0   0 184 168  17   0],7,258,945.4400024414062,0,0,Fuel/Ambient,880875759,1740861727
1740861728076693006,17,[  0   0   0   0 184 168  17   0],7,258,945.4400024414062,0,0,Fuel/Ambient,76281154,1740861728
1740861728281382700,17,[  0   0   0   0 184 168  17   0],7,258,945.4400024414062,0,0,Fuel/Ambient,280980256,1740861728
1740861728477773626,17,[  0   0   0   0 184 168  17   0],7,258,945.4400024414062,0,0,Fuel/Ambient,477276364,1740861728
1740861728683538808,17,[  0   0   0   0 184 168  17   0],7,258,945.4400024414062,0,0,Fuel/Ambient,682933094,1740861728
1740861728881568565,17,[  0   0   0   0 184 168  17   0],7,258,945.4400024414062,0,0,Fuel/Ambient,881111784,1740861728
1740861729087394004,17,[  0   0   0   0 184 168  17   0],7,258,945.4400024414062,0,0,Fuel/Ambient,86589660,1740861729
1740861729282663456,17,[  0   0   0   0 184 168  17   0],7,258,945.4400024414062,0,0,Fuel/Ambient,282114512,1740861729
1740861729488574912,17,[  0   0   0   0 184 168  17   0],7,258,945.4400024414062,0,0,Fuel/Ambient,487967278,1740861729
1740861729684038162,17,[  0   0   0   0 184 168  17   0],7,258,945.4400024414062,0,0,Fuel/Ambient,683254139,1740861729
1740861729882083822,17,[  0   0   0   0 184 168  17   0],7,258,945.4400024414062,0,0,Fuel/Ambient,881371770,1740861729
1740861730089555611,17,[  0   0   0   0 184 167  17   0],7,258,945.4199829101562,0,0,Fuel/Ambient,88898664,1740861730
1740861730285740768,17,[  0   0   0   0 184 167  17   0],7,258,945.4199829101562,0,0,Fuel/Ambient,285097421,1740861730
1740861730491198321,17,[  0   0   0   0 184 167  17   0],7,258,945.4199829101562,0,0,Fuel/Ambient,490568895,1740861730
1740861730687294036,17,[  0   0   0   0 184 167  17   0],7,258,945.4199829101562,0,0,Fuel/Ambient,686672322,1740861730
1740861730886588211,17,[  0   0   0   0 184 167  17   0],7,258,945.4199829101562,0,0,Fuel/Ambient,885569750,1740861730
1740861731094185473,17,[  0   0   0   0 184 167  17   0],7,258,945.4199829101562,0,0,Fuel/Ambient,92714583,1740861731
1740861731289314023,17,[  0   0   0   0 184 166  17   0],7,258,945.4000244140625,0,0,Fuel/Ambient,288696405,1740861731
1740861731495654032,16,[  0   0   0   0 184 166  16   0],7,258,945.4000244140625,0,0,Fuel/Ambient,493894973,1740861731
1740861731690074112,16,[  0   0   0   0 184 166  16   0],7,258,945.4000244140625,0,0,Fuel/Ambient,689233928,1740861731
1740861731889059029,16,[  0   0   0   0 184 166  16   0],7,258,945.4000244140625,0,0,Fuel/Ambient,887585450,1740861731
1740861732094647240,16,[  0   0   0   0 184 165  16   0],7,258,945.3800048828125,0,0,Fuel/Ambient,93454949,1740861732
1740861732299256989,16,[  0   0   0   0 184 165  16   0],7,258,945.3800048828125,0,0,Fuel/Ambient,298631371,1740861732
1740861732494497252,16,[  0   0   0   0 184 164  16   0],7,258,945.3599853515625,0,0,Fuel/Ambient,494076952,1740861732
1740861732700032948,16,[  0   0   0   0 184 164  16   0],7,258,945.3599853515625,0,0,Fuel/Ambient,699467140,1740861732
1740861732901449070,16,[  0   0   0   0 184 163  16   0],7,258,945.3400268554688,0,0,Fuel/Ambient,897319318,1740861732
1740861733097068479,16,[  0   0   0   0 184 163  16   0],7,258,945.3400268554688,0,0,Fuel/Ambient,93728158,1740861733
1740861733299450834,16,[  0   0   0   0 184 163  16   0],7,258,945.3400268554688,0,0,Fuel/Ambient,298970788,1740861733
1740861733495291113,16,[  0   0   0   0 184 163  16   0],7,258,945.3400268554688,0,0,Fuel/Ambient,494258603,1740861733
1740861733700392235,16,[  0   0   0   0 184 163  16   0],7,258,945.3400268554688,0,0,Fuel/Ambient,699552787,1740861733
1740861733898795308,16,[  0   0   0   0 184 163  16   0],7,258,945.3400268554688,0,0,Fuel/Ambient,897339138,1740861733
1740861734103899213,16,[  0   0   0   0 184 163  16   0],7,258,945.3400268554688,0,0,Fuel/Ambient,103219546,1740861734
1740861734298691460,16,[  0   0   0   0 184 163  16   0],7,258,945.3400268554688,0,0,Fuel/Ambient,298199702,1740861734
1740861734504363509,16,[  0   0   0   0 184 164  16   0],7,258,945.3599853515625,0,0,Fuel/Ambient,503456891,1740861734
1740861734699726813,16,[  0   0   0   0 184 164  16   0],7,258,945.3599853515625,0,0,Fuel/Ambient,699152748,1740861734
1740861734899488515,16,[  0   0   0   0 184 164  16   0],7,258,945.3599853515625,0,0,Fuel/Ambient,897614029,1740861734
1740861735104465247,16,[  0   0   0   0 184 164  16   0],7,258,945.3599853515625,0,0,Fuel/Ambient,103720938,1740861735
1740861735300306451,16,[  0   0   0   0 184 164  16   0],7,258,945.3599853515625,0,0,Fuel/Ambient,299618111,1740861735
1740861735505474004,16,[  0   0   0   0 184 164  16   0],7,258,945.3599853515625,0,0,Fuel/Ambient,504952805,1740861735
1740861735701366697,16,[  0   0   0   0 184 164  16   0],7,258,945.3599853515625,0,0,Fuel/Ambient,700506064,1740861735
1740861735909218583,16,[  0   0   0   0 184 164  16   0],7,258,945.3599853515625,0,0,Fuel/Ambient,908550308,1740861735
1740861736104512346,16,[  0   0   0   0 184 164  16   0],7,258,945.3599853515625,0,0,Fuel/Ambient,103545086,1740861736
1740861736309986466,16,[  0   0   0   0 184 164  16   0],7,258,945.3599853515625,0,0,Fuel/Ambient,309294254,1740861736
1740861736506971702,16,[  0   0   0   0 184 164  16   0],7,258,945.3599853515625,0,0,Fuel/Ambient,506182015,1740861736
1740861736712982893,16,[  0   0   0   0 184 164  16   0],7,258,945.3599853515625,0,0,Fuel/Ambient,712494527,1740861736
1740861736910268393,16,[  0   0   0   0 184 164  16   0],7,258,945.3599853515625,0,0,Fuel/Ambient,909506739,1740861736
1740861737106305920,16,[  0   0   0   0 184 165  16   0],7,258,945.3800048828125,0,0,Fuel/Ambient,104917560,1740861737
1740861737311833832,16,[  0   0   0   0 184 165  16   0],7,258,945.3800048828125,0,0,Fuel/Ambient,311370075,1740861737
1740861737508700950,16,[  0   0   0   0 184 165  16   0],7,258,945.3800048828125,0,0,Fuel/Ambient,507716442,1740861737
1740861737713826451,16,[  0   0   0   0 184 165  16   0],7,258,945.3800048828125,0,0,Fuel/Ambient,713459720,1740861737
1740861737912715163,16,[  0   0   0   0 184 165  16   0],7,258,945.3800048828125,0,0,Fuel/Ambient,912176236,1740861737
1740861738118359558,16,[  0   0   0   0 184 165  16   0],7,258,945.3800048828125,0,0,Fuel/Ambient,117673330,1740861738
1740861738313638245,16,[  0   0   0   0 184 166  16   0],7,258,945.4000244140625,0,0,Fuel/Ambient,313116598,1740861738
1740861738519355985,16,[  0   0   0   0 184 166  16   0],7,258,945.4000244140625,0,0,Fuel/Ambient,518660285,1740861738
1740861738716012151,16,[  0   0   0   0 184 166  16   0],7,258,945.4000244140625,0,0,Fuel/Ambient,714733779,1740861738
1740861738914653143,16,[  0   0   0   0 184 166  16   0],7,258,945.4000244140625,0,0,Fuel/Ambient,914106952,1740861738
1740861739122124821,16,[  0   0   0   0 184 166  16   0],7,258,945.4000244140625,0,0,Fuel/Ambient,121144569,1740861739
1740861739317394802,16,[  0   0   0   0 184 166  16   0],7,258,945.4000244140625,0,0,Fuel/Ambient,316582939,1740861739
1740861739513315810,16,[  0   0   0   0 184 165  16   0],7,258,945.3800048828125,0,0,Fuel/Ambient,512824052,1740861739
1740861739719430584,16,[  0   0   0   0 184 165  16   0],7,258,945.3800048828125,0,0,Fuel/Ambient,718968011,1740861739
1740861739918515331,16,[  0   0   0   0 184 166  16   0],7,258,945.4000244140625,0,0,Fuel/Ambient,917639274,1740861739
1740861740117031965,16,[  0   0   0   0 184 166  16   0],7,258,945.4000244140625,0,0,Fuel/Ambient,115240585,1740861740
1740861740323128913,16,[  0   0   0   0 184 166  16   0],7,258,945.4000244140625,0,0,Fuel/Ambient,322565024,1740861740
1740861740518965245,16,[  0   0   0   0 184 166  16   0],7,258,945.4000244140625,0,0,Fuel/Ambient,518143013,1740861740
1740861740724325531,16,[  0   0   0   0 184 166  16   0],7,258,945.4000244140625,0,0,Fuel/Ambient,723752523,1740861740
1740861740923890195,16,[  0   0   0   0 184 166  16   0],7,258,945.4000244140625,0,0,Fuel/Ambient,923294209,1740861740
1740861741120195659,16,[  0   0   0   0 184 166  16   0],7,258,945.4000244140625,0,0,Fuel/Ambient,119456342,1740861741
1740861741326474723,16,[  0   0   0   0 184 166  16   0],7,258,945.4000244140625,0,0,Fuel/Ambient,325861041,1740861741
1740861741522333838,16,[  0   0   0   0 184 166  16   0],7,258,945.4000244140625,0,0,Fuel/Ambient,521757949,1740861741
1740861741728723368,16,[  0   0   0   0 184 166  16   0],7,258,945.4000244140625,0,0,Fuel/Ambient,728211834,1740861741
1740861741928404578,16,[  0   0   0   0 184 166  16   0],7,258,945.4000244140625,0,0,Fuel/Ambient,926706481,1740861741
1740861742123289584,16,[  0   0   0   0 184 166  16   0],7,258,945.4000244140625,0,0,Fuel/Ambient,122387542,1740861742
1740861742328771055,16,[  0   0   0   0 184 167  16   0],7,258,945.4199829101562,0,0,Fuel/Ambient,328035162,1740861742
1740861742524777437,16,[  0   0   0   0 184 167  16   0],7,258,945.4199829101562,0,0,Fuel/Ambient,524182571,1740861742
1740861742730684936,16,[  0   0   0   0 184 167  16   0],7,258,945.4199829101562,0,0,Fuel/Ambient,730278300,1740861742
1740861742928717872,16,[  0   0   0   0 184 167  16   0],7,258,945.4199829101562,0,0,Fuel/Ambient,928209985,1740861742
1740861743135127593,16,[  0   0   0   0 184 167  16   0],7,258,945.4199829101562,0,0,Fuel/Ambient,134547608,1740861743
1740861743332049679,16,[  0   0   0   0 184 167  16   0],7,258,945.4199829101562,0,0,Fuel/Ambient,331360764,1740861743
1740861743526976893,16,[  0   0   0   0 184 166  16   0],7,258,945.4000244140625,0,0,Fuel/Ambient,526494799,1740861743
1740861743731346298,16,[  0   0   0   0 184 166  16   0],7,258,945.4000244140625,0,0,Fuel/Ambient,730837163,1740861743
1740861743937182177,16,[  0   0   0   0 184 166  16   0],7,258,945.4000244140625,0,0,Fuel/Ambient,936718548,1740861743
1740861744131214676,16,[  0   0   0   0 184 166  16   0],7,258,945.4000244140625,0,0,Fuel/Ambient,130659108,1740861744
1740861744338267837,16,[  0   0   0   0 184 166  16   0],7,258,945.4000244140625,0,0,Fuel/Ambient,335595408,1740861744
1740861744531283602,16,[  0   0   0   0 184 166  16   0],7,258,945.4000244140625,0,0,Fuel/Ambient,530663008,1740861744
1740861744737047254,16,[  0   0   0   0 184 166  16   0],7,258,945.4000244140625,0,0,Fuel/Ambient,736428932,1740861744
1740861744934623758,16,[  0   0   0   0 184 166  16   0],7,258,945.4000244140625,0,0,Fuel/Ambient,934198561,1740861744
1740861745139418037,16,[  0   0   0   0 184 166  16   0],7,258,945.4000244140625,0,0,Fuel/Ambient,138876485,1740861745
1740861745333959764,16,[  0   0   0   0 184 166  16   0],7,258,945.4000244140625,0,0,Fuel/Ambient,333261056,1740861745
1740861745539716982,16,[  0   0   0   0 184 166  16   0],7,258,945.4000244140625,0,0,Fuel/Ambient,538827836,1740861745
1740861745735442903,16,[  0   0   0   0 184 166  16   0],7,258,945.4000244140625,0,0,Fuel/Ambient,734662721,1740861745
1740861745943679201,16,[  0   0   0   0 184 166  16   0],7,258,945.4000244140625,0,0,Fuel/Ambient,943252500,1740861745
1740861746139349600,16,[  0   0   0   0 184 166  16   0],7,258,945.4000244140625,0,0,Fuel/Ambient,138568905,1740861746
1740861746340965801,16,[  0   0   0   0 184 166  16   0],7,258,945.4000244140625,0,0,Fuel/Ambient,337253310,1740861746
1740861746543796917,16,[  0   0   0   0 184 166  16   0],7,258,945.4000244140625,0,0,Fuel/Ambient,543022655,1740861746
1740861746740953374,16,[  0   0   0   0 184 166  16   0],7,258,945.4000244140625,0,0,Fuel/Ambient,740094309,1740861746
1740861746938645463,16,[  0   0   0   0 184 166  16   0],7,258,945.4000244140625,0,0,Fuel/Ambient,937989380,1740861746
1740861747144195600,16,[  0   0   0   0 184 166  16   0],7,258,945.4000244140625,0,0,Fuel/Ambient,143794085,1740861747
1740861747339008308,16,[  0   0   0   0 184 166  16   0],7,258,945.4000244140625,0,0,Fuel/Ambient,338528582,1740861747
1740861747543498607,16,[  0   0   0   0 184 166  16   0],7,258,945.4000244140625,0,0,Fuel/Ambient,543095395,1740861747
1740861747749028999,16,[  0   0   0   0 184 166  16   0],7,258,945.4000244140625,0,0,Fuel/Ambient,748381333,1740861747
1740861747945630655,16,[  0   0   0   0 184 166  16   0],7,258,945.4000244140625,0,0,Fuel/Ambient,944761254,1740861747
1740861748150493347,16,[  0   0   0   0 184 166  16   0],7,258,945.4000244140625,0,0,Fuel/Ambient,149645163,1740861748
1740861748345266276,16,[  0   0   0   0 184 166  16   0],7,258,945.4000244140625,0,0,Fuel/Ambient,344765398,1740861748
1740861748551091556,16,[  0   0   0   0 184 166  16   0],7,258,945.4000244140625,0,0,Fuel/Ambient,550556884,1740861748
1740861748747433010,16,[  0   0   0   0 184 166  16   0],7,258,945.4000244140625,0,0,Fuel/Ambient,746108460,1740861748
1740861748953102157,16,[  0   0   0   0 184 166  16   0],7,258,945.4000244140625,0,0,Fuel/Ambient,952459739,1740861748
1740861749147773259,16,[  0   0   0   0 184 166  16   0],7,258,945.4000244140625,0,0,Fuel/Ambient,147144409,1740861749
1740861749352570379,16,[  0   0   0   0 184 166  16   0],7,258,945.4000244140625,0,0,Fuel/Ambient,351997979,1740861749
1740861749547140997,16,[  0   0   0   0 184 166  16   0],7,258,945.4000244140625,0,0,Fuel/Ambient,546703865,1740861749
1740861749751525882,16,[  0   0   0   0 184 166  16   0],7,258,945.4000244140625,0,0,Fuel/Ambient,751163759,1740861749
1740861749947865735,16,[  0   0   0   0 184 166  16   0],7,258,945.4000244140625,0,0,Fuel/Ambient,947428634,1740861749
1740861750152729928,16,[  0   0   0   0 184 166  16   0],7,258,945.4000244140625,0,0,Fuel/Ambient,152198008,1740861750
1740861750356858419,16,[  0   0   0   0 184 166  16   0],7,258,945.4000244140625,0,0,Fuel/Ambient,356365829,1740861750
1740861750550983807,16,[  0   0   0   0 184 166  16   0],7,258,945.4000244140625,0,0,Fuel/Ambient,550543059,1740861750
1740861750755802655,16,[  0   0   0   0 184 166  16   0],7,258,945.4000244140625,0,0,Fuel/Ambient,755291888,1740861750
1740861750951787584,16,[  0   0   0   0 184 166  16   0],7,258,945.4000244140625,0,0,Fuel/Ambient,951310610,1740861750
1740861751156203539,16,[  0   0   0   0 184 165  16   0],7,258,945.3800048828125,0,0,Fuel/Ambient,155725669,1740861751
1740861751360807722,16,[  0   0   0   0 184 165  16   0],7,258,945.3800048828125,0,0,Fuel/Ambient,360251866,1740861751
1740861751555211709,16,[  0   0   0   0 184 165  16   0],7,258,945.3800048828125,0,0,Fuel/Ambient,554749071,1740861751
1740861751760146910,16,[  0   0   0   0 184 165  16   0],7,258,945.3800048828125,0,0,Fuel/Ambient,759674032,1740861751
1740861751956953365,16,[  0   0   0   0 184 165  16   0],7,258,945.3800048828125,0,0,Fuel/Ambient,956418182,1740861751
1740861752161815987,16,[  0   0   0   0 184 165  16   0],7,258,945.3800048828125,0,0,Fuel/Ambient,161385415,1740861752
1740861752356104577,16,[  0   0   0   0 184 164  16   0],7,258,945.3599853515625,0,0,Fuel/Ambient,355642196,1740861752
1740861752561021952,16,[  0   0   0   0 184 164  16   0],7,258,945.3599853515625,0,0,Fuel/Ambient,559934497,1740861752
1740861752764505270,16,[  0   0   0   0 184 164  16   0],7,258,945.3599853515625,0,0,Fuel/Ambient,764073546,1740861752
1740861752959934532,16,[  0   0   0   0 184 164  16   0],7,258,945.3599853515625,0,0,Fuel/Ambient,959415670,1740861752
1740861753163978537,16,[  0   0   0   0 184 164  16   0],7,258,945.3599853515625,0,0,Fuel/Ambient,163547517,1740861753
1740861753368426137,16,[  0   0   0   0 184 165  16   0],7,258,945.3800048828125,0,0,Fuel/Ambient,367813096,1740861753
1740861753562777575,16,[  0   0   0   0 184 165  16   0],7,258,945.3800048828125,0,0,Fuel/Ambient,562385564,1740861753
1740861753767783271,16,[  0   0   0   0 184 165  16   0],7,258,945.3800048828125,0,0,Fuel/Ambient,767028850,1740861753
1740861753962728743,16,[  0   0   0   0 184 165  16   0],7,258,945.3800048828125,0,0,Fuel/Ambient,962323707,1740861753
1740861754166766666,16,[  0   0   0   0 184 165  16   0],7,258,945.3800048828125,0,0,Fuel/Ambient,166285308,1740861754
1740861754371049939,16,[  0   0   0   0 184 165  16   0],7,258,945.3800048828125,0,0,Fuel/Ambient,370371808,1740861754
1740861754565313310,16,[  0   0   0   0 184 165  16   0],7,258,945.3800048828125,0,0,Fuel/Ambient,564873617,1740861754
1740861754769954962,16,[  0   0   0   0 184 165  16   0],7,258,945.3800048828125,0,0,Fuel/Ambient,769446947,1740861754
1740861754965360701,16,[  0   0   0   0 184 166  16   0],7,258,945.4000244140625,0,0,Fuel/Ambient,964949425,1740861754
1740861755169818346,16,[  0   0   0   0 184 166  16   0],7,258,945.4000244140625,0,0,Fuel/Ambient,169325820,1740861755
1740861755373976303,16,[  0   0   0   0 184 166  16   0],7,258,945.4000244140625,0,0,Fuel/Ambient,373510817,1740861755
1740861755568317562,16,[  0   0   0   0 184 166  16   0],7,258,945.4000244140625,0,0,Fuel/Ambient,567813067,1740861755
1740861755772805640,16,[  0   0   0   0 184 166  16   0],7,258,945.4000244140625,0,0,Fuel/Ambient,772124052,1740861755
1740861755968364278,16,[  0   0   0   0 184 166  16   0],7,258,945.4000244140625,0,0,Fuel/Ambient,967838343,1740861755
1740861756173514070,16,[  0   0   0   0 184 166  16   0],7,258,945.4000244140625,0,0,Fuel/Ambient,172515225,1740861756
1740861756377710842,16,[  0   0   0   0 184 166  16   0],7,258,945.4000244140625,0,0,Fuel/Ambient,377291086,1740861756
1740861756572268041,16,[  0   0   0   0 184 166  16   0],7,258,945.4000244140625,0,0,Fuel/Ambient,571423793,1740861756
1740861756776607186,16,[  0   0   0   0 184 166  16   0],7,258,945.4000244140625,0,0,Fuel/Ambient,775935679,1740861756
1740861756972813041,16,[  0   0   0   0 184 166  16   0],7,258,945.4000244140625,0,0,Fuel/Ambient,972290210,1740861756
1740861757178302905,16,[  0   0   0   0 184 166  16   0],7,258,945.4000244140625,0,0,Fuel/Ambient,177853644,1740861757
1740861757374304881,16,[  0   0   0   0 184 166  16   0],7,258,945.4000244140625,0,0,Fuel/Ambient,373838499,1740861757
1740861757573695081,16,[  0   0   0   0 184 166  16   0],7,258,945.4000244140625,0,0,Fuel/Ambient,573264925,1740861757
1740861757778905257,16,[  0   0   0   0 184 166  16   0],7,258,945.4000244140625,0,0,Fuel/Ambient,778114835,1740861757
1740861757975672919,16,[  0   0   0   0 184 166  16   0],7,258,945.4000244140625,0,0,Fuel/Ambient,975128967,1740861757
1740861758181273217,16,[  0   0   0   0 184 166  16   0],7,258,945.4000244140625,0,0,Fuel/Ambient,180682736,1740861758
1740861758376011314,16,[  0   0   0   0 184 166  16   0],7,258,945.4000244140625,0,0,Fuel/Ambient,375667593,1740861758
1740861758580775076,16,[  0   0   0   0 184 166  16   0],7,258,945.4000244140625,0,0,Fuel/Ambient,580333495,1740861758
1740861758785611000,16,[  0   0   0   0 184 166  16   0],7,258,945.4000244140625,0,0,Fuel/Ambient,784924356,1740861758
1740861758981597293,16,[  0   0   0   0 184 166  16   0],7,258,945.4000244140625,0,0,Fuel/Ambient,981080255,1740861758
1740861759186638917,16,[  0   0   0   0 184 166  16   0],7,258,945.4000244140625,0,0,Fuel/Ambient,185972402,1740861759
1740861759381115854,16,[  0   0   0   0 184 166  16   0],7,258,945.4000244140625,0,0,Fuel/Ambient,380589151,1740861759
1740861759586223848,16,[  0   0   0   0 184 166  16   0],7,258,945.4000244140625,0,0,Fuel/Ambient,585548565,1740861759
1740861759782370145,16,[  0   0   0   0 184 166  16   0],7,258,945.4000244140625,0,0,Fuel/Ambient,781217792,1740861759
1740861759988026347,16,[  0   0   0   0 184 166  16   0],7,258,945.4000244140625,0,0,Fuel/Ambient,987572158,1740861759
1740861760183189510,16,[  0   0   0   0 184 165  16   0],7,258,945.3800048828125,0,0,Fuel/Ambient,182677687,1740861760
1740861760387691469,16,[  0   0   0   0 184 165  16   0],7,258,945.3800048828125,0,0,Fuel/Ambient,387213119,1740861760
1740861760592300823,16,[  0   0   0   0 184 165  16   0],7,258,945.3800048828125,0,0,Fuel/Ambient,591872971,1740861760
1740861760786900578,16,[  0   0   0   0 184 165  16   0],7,258,945.3800048828125,0,0,Fuel/Ambient,786516919,1740861760
1740861760993099930,16,[  0   0   0   0 184 165  16   0],7,258,945.3800048828125,0,0,Fuel/Ambient,992544202,1740861760
1740861761187745253,16,[  0   0   0   0 184 165  16   0],7,258,945.3800048828125,0,0,Fuel/Ambient,187152628,1740861761
1740861761392516370,16,[  0   0   0   0 184 165  16   0],7,258,945.3800048828125,0,0,Fuel/Ambient,391998851,1740861761
1740861761587595786,16,[  0   0   0   0 184 165  16   0],7,258,945.3800048828125,0,0,Fuel/Ambient,587061978,1740861761
1740861761792636927,16,[  0   0   0   0 184 165  16   0],7,258,945.3800048828125,0,0,Fuel/Ambient,792125328,1740861761
1740861761989641997,16,[  0   0   0   0 184 165  16   0],7,258,945.3800048828125,0,0,Fuel/Ambient,989075357,1740861761
1740861762194662560,16,[  0   0   0   0 184 165  16   0],7,258,945.3800048828125,0,0,Fuel/Ambient,194206003,1740861762
1740861762389970813,16,[  0   0   0   0 184 165  16   0],7,258,945.3800048828125,0,0,Fuel/Ambient,389407532,1740861762
1740861762595160884,16,[  0   0   0   0 184 165  16   0],7,258,945.3800048828125,0,0,Fuel/Ambient,594696263,1740861762
1740861762790528691,16,[  0   0   0   0 184 165  16   0],7,258,945.3800048828125,0,0,Fuel/Ambient,789983395,1740861762
1740861762997136339,16,[  0   0   0   0 184 165  16   0],7,258,945.3800048828125,0,0,Fuel/Ambient,996615524,1740861762
1740861763192146245,16,[  0   0   0   0 184 165  16   0],7,258,945.3800048828125,0,0,Fuel/Ambient,191649495,1740861763
1740861763398153747,16,[  0   0   0   0 184 165  16   0],7,258,945.3800048828125,0,0,Fuel/Ambient,397408734,1740861763
1740861763593166822,16,[  0   0   0   0 184 165  16   0],7,258,945.3800048828125,0,0,Fuel/Ambient,592532276,1740861763
1740861763798497248,16,[  0   0   0   0 184 165  16   0],7,258,945.3800048828125,0,0,Fuel/Ambient,797913615,1740861763
1740861763995534797,16,[  0   0   0   0 184 165  16   0],7,258,945.3800048828125,0,0,Fuel/Ambient,995124065,1740861763
1740861764200247700,16,[  0   0   0   0 184 165  16   0],7,258,945.3800048828125,0,0,Fuel/Ambient,199724101,1740861764
1740861764395848758,16,[  0   0   0   0 184 165  16   0],7,258,945.3800048828125,0,0,Fuel/Ambient,395171458,1740861764
1740861764601716126,16,[  0   0   0   0 184 165  16   0],7,258,945.3800048828125,0,0,Fuel/Ambient,600710529,1740861764
1740861764797253470,16,[  0   0   0   0 184 165  16   0],7,258,945.3800048828125,0,0,Fuel/Ambient,796591499,1740861764
1740861765005716304,16,[  0   0   0   0 184 165  16   0],7,258,945.3800048828125,0,0,Fuel/Ambient,5042909,1740861765
1740861765202761146,16,[  0   0   0   0 184 165  16   0],7,258,945.3800048828125,0,0,Fuel/Ambient,201101899,1740861765
1740861765407382653,16,[  0   0   0   0 184 165  16   0],7,258,945.3800048828125,0,0,Fuel/Ambient,406892623,1740861765
1740861765602671253,16,[  0   0   0   0 184 165  16   0],7,258,945.3800048828125,0,0,Fuel/Ambient,601919455,1740861765
1740861765808315637,16,[  0   0   0   0 184 165  16   0],7,258,945.3800048828125,0,0,Fuel/Ambient,808002508,1740861765
1740861766006862378,16,[  0   0   0   0 184 165  16   0],7,258,945.3800048828125,0,0,Fuel/Ambient,6171574,1740861766
1740861766203861393,16,[  0   0   0   0 184 165  16   0],7,258,945.3800048828125,0,0,Fuel/Ambient,202391943,1740861766
1740861766409105764,16,[  0   0   0   0 184 165  16   0],7,258,945.3800048828125,0,0,Fuel/Ambient,408261004,1740861766
1740861766604518814,16,[  0   0   0   0 184 165  16   0],7,258,945.3800048828125,0,0,Fuel/Ambient,603767849,1740861766
1740861766810598793,16,[  0   0   0   0 184 165  16   0],7,258,945.3800048828125,0,0,Fuel/Ambient,809863572,1740861766
1740861767007826871,16,[  0   0   0   0 184 165  16   0],7,258,945.3800048828125,0,0,Fuel/Ambient,7371306,1740861767
1740861767211885831,16,[  0   0   0   0 184 165  16   0],7,258,945.3800048828125,0,0,Fuel/Ambient,211454331,1740861767
1740861767407220861,16,[  0   0   0   0 184 165  16   0],7,258,945.3800048828125,0,0,Fuel/Ambient,406548458,1740861767
1740861767612788600,16,[  0   0   0   0 184 165  16   0],7,258,945.3800048828125,0,0,Fuel/Ambient,611911679,1740861767
1740861767808172496,16,[  0   0   0   0 184 165  16   0],7,258,945.3800048828125,0,0,Fuel/Ambient,807673345,1740861767
1740861768015631713,16,[  0   0   0   0 184 165  16   0],7,258,945.3800048828125,0,0,Fuel/Ambient,14944013,1740861768
1740861768211076857,16,[  0   0   0   0 184 165  16   0],7,258,945.3800048828125,0,0,Fuel/Ambient,210581194,1740861768
1740861768416803703,16,[  0   0   0   0 184 165  16   0],7,258,945.3800048828125,0,0,Fuel/Ambient,416243175,1740861768
1740861768611969095,16,[  0   0   0   0 184 165  16   0],7,258,945.3800048828125,0,0,Fuel/Ambient,610613792,1740861768
1740861768816952911,16,[  0   0   0   0 184 165  16   0],7,258,945.3800048828125,0,0,Fuel/Ambient,816182393,1740861768
1740861769013842865,16,[  0   0   0   0 184 165  16   0],7,258,945.3800048828125,0,0,Fuel/Ambient,13321986,1740861769
1740861769220315522,16,[  0   0   0   0 184 165  16   0],7,258,945.3800048828125,0,0,Fuel/Ambient,219584558,1740861769
1740861769415981119,16,[  0   0   0   0 184 165  16   0],7,258,945.3800048828125,0,0,Fuel/Ambient,415242314,1740861769
1740861769621934914,16,[  0   0   0   0 184 165  16   0],7,258,945.3800048828125,0,0,Fuel/Ambient,621231438,1740861769
1740861769818285171,16,[  0   0   0   0 184 164  16   0],7,258,945.3599853515625,0,0,Fuel/Ambient,817378201,1740861769
1740861770016497720,16,[  0   0   0   0 184 164  16   0],7,258,945.3599853515625,0,0,Fuel/Ambient,16015850,1740861770
1740861770220993168,16,[  0   0   0   0 184 164  16   0],7,258,945.3599853515625,0,0,Fuel/Ambient,220518658,1740861770
1740861770415471529,16,[  0   0   0   0 184 164  16   0],7,258,945.3599853515625,0,0,Fuel/Ambient,415001788,1740861770
1740861770620054244,16,[  0   0   0   0 184 164  16   0],7,258,945.3599853515625,0,0,Fuel/Ambient,619332335,1740861770
1740861770826805564,16,[  0   0   0   0 184 164  16   0],7,258,945.3599853515625,0,0,Fuel/Ambient,825607290,1740861770
1740861771026531371,16,[  0   0   0   0 184 164  16   0],7,258,945.3599853515625,0,0,Fuel/Ambient,25887161,1740861771
1740861771223033277,16,[  0   0   0   0 184 164  16   0],7,258,945.3599853515625,0,0,Fuel/Ambient,222185253,1740861771
1740861771428291690,16,[  0   0   0   0 184 164  16   0],7,258,945.3599853515625,0,0,Fuel/Ambient,427783547,1740861771
1740861771624488979,16,[  0   0   0   0 184 164  16   0],7,258,945.3599853515625,0,0,Fuel/Ambient,623615802,1740861771
1740861771829754367,16,[  0   0   0   0 184 164  16   0],7,258,945.3599853515625,0,0,Fuel/Ambient,828969257,1740861771
1740861772021303555,16,[  0   0   0   0 184 164  16   0],7,258,945.3599853515625,0,0,Fuel/Ambient,20768948,1740861772
1740861772226977146,16,[  0   0   0   0 184 164  16   0],7,258,945.3599853515625,0,0,Fuel/Ambient,226478220,1740861772
1740861772422844536,16,[  0   0   0   0 184 164  16   0],7,258,945.3599853515625,0,0,Fuel/Ambient,422215686,1740861772
1740861772628352618,16,[  0   0   0   0 184 164  16   0],7,258,945.3599853515625,0,0,Fuel/Ambient,627842363,1740861772
1740861772823897695,16,[  0   0   0   0 184 164  16   0],7,258,945.3599853515625,0,0,Fuel/Ambient,823394641,1740861772
1740861773031922745,16,[  0   0   0   0 184 164  16   0],7,258,945.3599853515625,0,0,Fuel/Ambient,31459115,1740861773
1740861773228305988,16,[  0   0   0   0 184 164  16   0],7,258,945.3599853515625,0,0,Fuel/Ambient,227677874,1740861773
1740861773433661648,16,[  0   0   0   0 184 164  16   0],7,258,945.3599853515625,0,0,Fuel/Ambient,433019294,1740861773
1740861773629555790,16,[  0   0   0   0 184 164  16   0],7,258,945.3599853515625,0,0,Fuel/Ambient,629047679,1740861773
1740861773835418152,16,[  0   0   0   0 184 164  16   0],7,258,945.3599853515625,0,0,Fuel/Ambient,834768854,1740861773
1740861774033040535,16,[  0   0   0   0 184 164  16   0],7,258,945.3599853515625,0,0,Fuel/Ambient,32244705,1740861774
1740861774228623883,16,[  0   0   0   0 184 164  16   0],7,258,945.3599853515625,0,0,Fuel/Ambient,227969240,1740861774
1740861774434256349,16,[  0   0   0   0 184 164  16   0],7,258,945.3599853515625,0,0,Fuel/Ambient,433616683,1740861774
1740861774629934451,15,[  0   0   0   0 184 164  15   0],7,258,945.3599853515625,0,0,Fuel/Ambient,629169885,1740861774
1740861774836037107,15,[  0   0   0   0 184 164  15   0],7,258,945.3599853515625,0,0,Fuel/Ambient,835347391,1740861774
1740861775034211024,15,[  0   0   0   0 184 164  15   0],7,258,945.3599853515625,0,0,Fuel/Ambient,33722338,1740861775
1740861775239986181,15,[  0   0   0   0 184 165  15   0],7,258,945.3800048828125,0,0,Fuel/Ambient,239438198,1740861775
1740861775435776061,15,[  0   0   0   0 184 165  15   0],7,258,945.3800048828125,0,0,Fuel/Ambient,435049352,1740861775
1740861775641794425,15,[  0   0   0   0 184 165  15   0],7,258,945.3800048828125,0,0,Fuel/Ambient,640846238,1740861775
1740861775838870870,15,[  0   0   0   0 184 165  15   0],7,258,945.3800048828125,0,0,Fuel/Ambient,837317417,1740861775
1740861776036583716,15,[  0   0   0   0 184 165  15   0],7,258,945.3800048828125,0,0,Fuel/Ambient,36187833,1740861776
1740861776243494872,15,[  0   0   0   0 184 165  15   0],7,258,945.3800048828125,0,0,Fuel/Ambient,243060044,1740861776
1740861776439444147,15,[  0   0   0   0 184 165  15   0],7,258,945.3800048828125,0,0,Fuel/Ambient,438786657,1740861776
1740861776644832956,15,[  0   0   0   0 184 165  15   0],7,258,945.3800048828125,0,0,Fuel/Ambient,644486194,1740861776
1740861776842192255,15,[  0   0   0   0 184 165  15   0],7,258,945.3800048828125,0,0,Fuel/Ambient,841455306,1740861776
1740861777039508865,15,[  0   0   0   0 184 165  15   0],7,258,945.3800048828125,0,0,Fuel/Ambient,39009971,1740861777
1740861777245428695,15,[  0   0   0   0 184 165  15   0],7,258,945.3800048828125,0,0,Fuel/Ambient,244902312,1740861777
1740861777441757372,15,[  0   0   0   0 184 165  15   0],7,258,945.3800048828125,0,0,Fuel/Ambient,440947589,1740861777
1740861777647818230,15,[  0   0   0   0 184 165  15   0],7,258,945.3800048828125,0,0,Fuel/Ambient,647153635,1740861777
1740861777843829297,15,[  0   0   0   0 184 165  15   0],7,258,945.3800048828125,0,0,Fuel/Ambient,843107549,1740861777
1740861778041634560,15,[  0   0   0   0 184 164  15   0],7,258,945.3599853515625,0,0,Fuel/Ambient,40880426,1740861778
1740861778247501235,15,[  0   0   0   0 184 164  15   0],7,258,945.3599853515625,0,0,Fuel/Ambient,247069735,1740861778
1740861778443327592,15,[  0   0   0   0 184 164  15   0],7,258,945.3599853515625,0,0,Fuel/Ambient,442991966,1740861778
1740861778649293054,15,[  0   0   0   0 184 164  15   0],7,258,945.3599853515625,0,0,Fuel/Ambient,648471206,1740861778
1740861778845102066,15,[  0   0   0   0 184 164  15   0],7,258,945.3599853515625,0,0,Fuel/Ambient,844415230,1740861778
1740861779052932861,15,[  0   0   0   0 184 164  15   0],7,258,945.3599853515625,0,0,Fuel/Ambient,52178791,1740861779
1740861779247351432,15,[  0   0   0   0 184 164  15   0],7,258,945.3599853515625,0,0,Fuel/Ambient,246896667,1740861779
1740861779453861900,15,[  0   0   0   0 184 164  15   0],7,258,945.3599853515625,0,0,Fuel/Ambient,452475205,1740861779
1740861779648632001,15,[  0   0   0   0 184 164  15   0],7,258,945.3599853515625,0,0,Fuel/Ambient,648036848,1740861779
1740861779854299438,15,[  0   0   0   0 184 164  15   0],7,258,945.3599853515625,0,0,Fuel/Ambient,853618650,1740861779
1740861780051850898,15,[  0   0   0   0 184 164  15   0],7,258,945.3599853515625,0,0,Fuel/Ambient,51375012,1740861780
1740861780257698274,15,[  0   0   0   0 184 164  15   0],7,258,945.3599853515625,0,0,Fuel/Ambient,256902955,1740861780
1740861780453327534,15,[  0   0   0   0 184 164  15   0],7,258,945.3599853515625,0,0,Fuel/Ambient,452572408,1740861780
1740861780658014653,15,[  0   0   0   0 184 164  15   0],7,258,945.3599853515625,0,0,Fuel/Ambient,657499182,1740861780
1740861780853717419,15,[  0   0   0   0 184 164  15   0],7,258,945.3599853515625,0,0,Fuel/Ambient,853014487,1740861780
1740861781053660658,15,[  0   0   0   0 184 164  15   0],7,258,945.3599853515625,0,0,Fuel/Ambient,53182820,1740861781
1740861781259416094,15,[  0   0   0   0 184 164  15   0],7,258,945.3599853515625,0,0,Fuel/Ambient,258669928,1740861781
1740861781455313296,15,[  0   0   0   0 184 164  15   0],7,258,945.3599853515625,0,0,Fuel/Ambient,454513273,1740861781
1740861781662006487,15,[  0   0   0   0 184 164  15   0],7,258,945.3599853515625,0,0,Fuel/Ambient,661152862,1740861781
1740861781857363226,15,[  0   0   0   0 184 164  15   0],7,258,945.3599853515625,0,0,Fuel/Ambient,856717511,1740861781
1740861782056919540,15,[  0   0   0   0 184 164  15   0],7,258,945.3599853515625,0,0,Fuel/Ambient,54503184,1740861782
1740861782261232086,15,[  0   0   0   0 184 164  15   0],7,258,945.3599853515625,0,0,Fuel/Ambient,260380925,1740861782
1740861782456702971,15,[  0   0   0   0 184 164  15   0],7,258,945.3599853515625,0,0,Fuel/Ambient,456105257,1740861782
1740861782661987927,15,[  0   0   0   0 184 164  15   0],7,258,945.3599853515625,0,0,Fuel/Ambient,661543211,1740861782
1740861782857856104,15,[  0   0   0   0 184 164  15   0],7,258,945.3599853515625,0,0,Fuel/Ambient,857193397,1740861782
1740861783066477155,15,[  0   0   0   0 184 164  15   0],7,258,945.3599853515625,0,0,Fuel/Ambient,65771599,1740861783
1740861783262022153,15,[  0   0   0   0 184 164  15   0],7,258,945.3599853515625,0,0,Fuel/Ambient,261576604,1740861783
1740861783467730000,15,[  0   0   0   0 184 164  15   0],7,258,945.3599853515625,0,0,Fuel/Ambient,467033629,1740861783
1740861783662870635,15,[  0   0   0   0 184 164  15   0],7,258,945.3599853515625,0,0,Fuel/Ambient,662299482,1740861783
1740861783869533549,15,[  0   0   0   0 184 163  15   0],7,258,945.3400268554688,0,0,Fuel/Ambient,868704886,1740861783
1740861784068266638,15,[  0   0   0   0 184 163  15   0],7,258,945.3400268554688,0,0,Fuel/Ambient,67507960,1740861784
1740861784263249858,15,[  0   0   0   0 184 163  15   0],7,258,945.3400268554688,0,0,Fuel/Ambient,262806613,1740861784
1740861784473476745,15,[  0   0   0   0 184 164  15   0],7,258,945.3599853515625,0,0,Fuel/Ambient,472983675,1740861784
1740861784668789798,15,[  0   0   0   0 184 164  15   0],7,258,945.3599853515625,0,0,Fuel/Ambient,668292088,1740861784
1740861784863201387,15,[  0   0   0   0 184 164  15   0],7,258,945.3599853515625,0,0,Fuel/Ambient,862741053,1740861784
1740861785070728004,15,[  0   0   0   0 184 164  15   0],7,258,945.3599853515625,0,0,Fuel/Ambient,69926221,1740861785
1740861785266958810,15,[  0   0   0   0 184 164  15   0],7,258,945.3599853515625,0,0,Fuel/Ambient,266301960,1740861785
1740861785472333301,15,[  0   0   0   0 184 164  15   0],7,258,945.3599853515625,0,0,Fuel/Ambient,471783078,1740861785
1740861785668164769,15,[  0   0   0   0 184 164  15   0],7,258,945.3599853515625,0,0,Fuel/Ambient,667131523,1740861785
1740861785875180714,15,[  0   0   0   0 184 164  15   0],7,258,945.3599853515625,0,0,Fuel/Ambient,872594593,1740861785
1740861786071781195,15,[  0   0   0   0 184 165  15   0],7,258,945.3800048828125,0,0,Fuel/Ambient,71098136,1740861786
1740861786277783671,15,[  0   1   0   0 184 165  15   0],7,258,945.3800048828125,0,1,Fuel/Ambient,276784410,1740861786
1740861786473900328,15,[  0   1   0   0 184 165  15   0],7,258,945.3800048828125,0,1,Fuel/Ambient,473218005,1740861786
1740861786669788180,15,[  0   2   0   0 184 165  15   0],7,258,945.3800048828125,0,2,Fuel/Ambient,669062271,1740861786
1740861786875080235,15,[  0   3   0   0 184 165  15   0],7,258,945.3800048828125,0,3,Fuel/Ambient,874636574,1740861786
1740861787072550595,15,[  0   4   0   0 184 165  15   0],7,258,945.3800048828125,0,4,Fuel/Ambient,71767725,1740861787
1740861787278439178,15,[  0   7   0   0 184 165  15   0],7,258,945.3800048828125,0,7,Fuel/Ambient,277876826,1740861787
1740861787474562939,15,[  0   7   0   0 184 165  15   0],7,258,945.3800048828125,0,7,Fuel/Ambient,473813349,1740861787
1740861787679871409,15,[  0   9   0   0 184 165  15   0],7,258,945.3800048828125,0,9,Fuel/Ambient,679479622,1740861787
1740861787876134406,15,[  0  10   0   0 184 165  15   0],7,258,945.3800048828125,0,10,Fuel/Ambient,875747483,1740861787
1740861788074511510,15,[  0  11   0   0 184 165  15   0],7,258,945.3800048828125,0,11,Fuel/Ambient,73737408,1740861788
1740861788279681255,15,[  0  12   0   0 184 165  15   0],7,258,945.3800048828125,0,12,Fuel/Ambient,279316797,1740861788
1740861788475433772,15,[  0  12   0   0 184 165  15   0],7,258,945.3800048828125,0,12,Fuel/Ambient,475140739,1740861788
1740861788681275504,15,[  0  12   0   0 184 165  15   0],7,258,945.3800048828125,0,12,Fuel/Ambient,680492506,1740861788
1740861788877310589,15,[  0  13   0   0 184 165  15   0],7,258,945.3800048828125,0,13,Fuel/Ambient,876529894,1740861788
1740861789085874670,15,[  0  14   0   0 184 165  15   0],7,258,945.3800048828125,0,14,Fuel/Ambient,84847056,1740861789
1740861789281799510,15,[  0  15   0   0 184 165  15   0],7,258,945.3800048828125,0,15,Fuel/Ambient,281255239,1740861789
1740861789478719611,15,[  0  15   0   0 184 165  15   0],7,258,945.3800048828125,0,15,Fuel/Ambient,477935428,1740861789
1740861789683581249,15,[  0  15   0   0 184 165  15   0],7,258,945.3800048828125,0,15,Fuel/Ambient,683050226,1740861789
1740861789889462149,15,[  0  16   0   0 184 165  15   0],7,258,945.3800048828125,0,16,Fuel/Ambient,888761521,1740861789
1740861790088023512,15,[  0  16   0   0 184 165  15   0],7,258,945.3800048828125,0,16,Fuel/Ambient,87553035,1740861790
1740861790283019428,15,[  0  16   0   0 184 165  15   0],7,258,945.3800048828125,0,16,Fuel/Ambient,282633530,1740861790
1740861790488318134,15,[  0  16   0   0 184 165  15   0],7,258,945.3800048828125,0,16,Fuel/Ambient,487780423,1740861790
1740861790683630188,15,[  0  17   0   0 184 165  15   0],7,258,945.3800048828125,0,17,Fuel/Ambient,683037595,1740861790
1740861790889229670,15,[  0  17   0   0 184 165  15   0],7,258,945.3800048828125,0,17,Fuel/Ambient,888644149,1740861790
1740861791087014273,15,[  0  18   0   0 184 165  15   0],7,258,945.3800048828125,0,18,Fuel/Ambient,86284429,1740861791
1740861791292212559,15,[  0  19   0   0 184 165  15   0],7,258,945.3800048828125,0,19,Fuel/Ambient,291627454,1740861791
1740861791487959343,15,[  0  19   0   0 184 165  15   0],7,258,945.3800048828125,0,19,Fuel/Ambient,487459489,1740861791
1740861791694044598,15,[  0  20   0   0 184 165  15   0],7,258,945.3800048828125,0,20,Fuel/Ambient,693509383,1740861791
1740861791890073503,15,[  0  21   0   0 184 166  15   0],7,258,945.4000244140625,0,21,Fuel/Ambient,889489774,1740861791
1740861792089717165,15,[  0  22   0   0 184 166  15   0],7,258,945.4000244140625,0,22,Fuel/Ambient,89132221,1740861792
1740861792295574028,15,[  0  23   0   0 184 166  15   0],7,258,945.4000244140625,0,23,Fuel/Ambient,295179745,1740861792
1740861792490996258,15,[  0  23   0   0 184 166  15   0],7,258,945.4000244140625,0,23,Fuel/Ambient,490461843,1740861792
1740861792695773154,15,[  0  24   0   0 184 165  15   0],7,258,945.3800048828125,0,24,Fuel/Ambient,695304373,1740861792
1740861792891280123,15,[  0  25   0   0 184 165  15   0],7,258,945.3800048828125,0,25,Fuel/Ambient,890541061,1740861792
1740861793099381272,15,[  0  26   0   0 184 165  15   0],7,258,945.3800048828125,0,26,Fuel/Ambient,98783463,1740861793
1740861793294693418,14,[  0  27   0   0 184 165  14   0],7,258,945.3800048828125,0,27,Fuel/Ambient,294236509,1740861793
1740861793500547399,14,[  0  27   0   0 184 165  14   0],7,258,945.3800048828125,0,27,Fuel/Ambient,500039641,1740861793
1740861793695506671,14,[  0  28   0   0 184 165  14   0],7,258,945.3800048828125,0,28,Fuel/Ambient,695095779,1740861793
1740861793901261545,14,[  0  30   0   0 184 165  14   0],7,258,945.3800048828125,0,30,Fuel/Ambient,900388112,1740861793
1740861794101139804,14,[  0  31   0   0 184 165  14   0],7,258,945.3800048828125,0,31,Fuel/Ambient,100569451,1740861794
1740861794296416107,14,[  0  31   0   0 184 165  14   0],7,258,945.3800048828125,0,31,Fuel/Ambient,295880284,1740861794
1740861794501972830,14,[  0  31   0   0 184 165  14   0],7,258,945.3800048828125,0,31,Fuel/Ambient,501492080,1740861794
1740861794697767484,14,[  0  32   0   0 184 165  14   0],7,258,945.3800048828125,0,32,Fuel/Ambient,697269518,1740861794
1740861794903144202,14,[  0  33   0   0 184 165  14   0],7,258,945.3800048828125,0,33,Fuel/Ambient,902591547,1740861794
1740861795100973953,14,[  0  35   0   0 184 165  14   0],7,258,945.3800048828125,0,35,Fuel/Ambient,100260685,1740861795
1740861795306226027,14,[  0  35   0   0 184 165  14   0],7,258,945.3800048828125,0,35,Fuel/Ambient,305805375,1740861795
1740861795501990950,14,[  0  35   0   0 184 164  14   0],7,258,945.3599853515625,0,35,Fuel/Ambient,501269778,1740861795
1740861795707296433,14,[  0  37   0   0 184 164  14   0],7,258,945.3599853515625,0,37,Fuel/Ambient,706971848,1740861795
1740861795903216977,14,[  0  38   0   0 184 164  14   0],7,258,945.3599853515625,0,38,Fuel/Ambient,902481916,1740861795
1740861796101602967,14,[  0  40   0   0 184 164  14   0],7,258,945.3599853515625,0,40,Fuel/Ambient,101079816,1740861796
1740861796307322508,14,[  0  40   0   0 184 164  14   0],7,258,945.3599853515625,0,40,Fuel/Ambient,306752156,1740861796
1740861796503353134,14,[  0  41   0   0 184 164  14   0],7,258,945.3599853515625,0,41,Fuel/Ambient,502633273,1740861796
1740861796708565684,14,[  0  43   0   0 184 164  14   0],7,258,945.3599853515625,0,43,Fuel/Ambient,708173225,1740861796
1740861796905067044,14,[  0  44   0   0 184 164  14   0],7,258,945.3599853515625,0,44,Fuel/Ambient,904244940,1740861796
1740861797113534822,14,[  0  46   0   0 184 164  14   0],7,258,945.3599853515625,0,46,Fuel/Ambient,112840914,1740861797
1740861797307941400,14,[  0  46   0   0 184 164  14   0],7,258,945.3599853515625,0,46,Fuel/Ambient,307631408,1740861797
1740861797514195899,14,[  0  48   0   0 184 164  14   0],7,258,945.3599853515625,0,48,Fuel/Ambient,513615179,1740861797
1740861797710251549,14,[  0  50   0   0 184 164  14   0],7,258,945.3599853515625,0,50,Fuel/Ambient,709046874,1740861797
1740861797915400384,14,[  0  52   0   0 184 164  14   0],7,258,945.3599853515625,0,52,Fuel/Ambient,914799599,1740861797
1740861798112803911,14,[  0  54   0   0 184 164  14   0],7,258,945.3599853515625,0,54,Fuel/Ambient,112292184,1740861798
1740861798308365241,14,[  0  54   0   0 184 164  14   0],7,258,945.3599853515625,0,54,Fuel/Ambient,307739047,1740861798
1740861798513845828,14,[  0  55   0   1 184 164  14   0],7,258,945.3599853515625,10,55,Fuel/Ambient,513383511,1740861798
1740861798709495129,14,[  0  57   0   1 184 164  14   0],7,258,945.3599853515625,10,57,Fuel/Ambient,708705954,1740861798
1740861798914319122,14,[  0  60   0   1 184 164  14   0],7,258,945.3599853515625,10,60,Fuel/Ambient,913818371,1740861798
1740861799114139996,14,[  0  62   0   1 184 164  14   0],7,258,945.3599853515625,10,62,Fuel/Ambient,113646350,1740861799
1740861799318703340,14,[  0  62   0   1 184 164  14   0],7,258,945.3599853515625,10,62,Fuel/Ambient,318182301,1740861799
1740861799513107355,14,[  0  64   0   1 184 164  14   0],7,258,945.3599853515625,10,64,Fuel/Ambient,512443785,1740861799
1740861799718655271,14,[  0  67   0   1 184 164  14   0],7,258,945.3599853515625,10,67,Fuel/Ambient,717926547,1740861799
1740861799914763367,14,[  0  70   0   1 184 164  14   0],7,258,945.3599853515625,10,70,Fuel/Ambient,914119701,1740861799
1740861800122626676,14,[  0  73   0   1 184 164  14   0],7,258,945.3599853515625,10,73,Fuel/Ambient,121850270,1740861800
1740861800321281275,14,[  0  73   0   1 184 163  14   0],7,258,945.3400268554688,10,73,Fuel/Ambient,317402125,1740861800
1740861800523575242,14,[  0  75   0   1 184 163  14   0],7,258,945.3400268554688,10,75,Fuel/Ambient,522872918,1740861800
1740861800718672140,14,[  0  79   0   1 184 163  14   0],7,258,945.3400268554688,10,79,Fuel/Ambient,718047770,1740861800
1740861800924365818,14,[  0  83   0   1 184 162  14   0],7,258,945.3200073242188,10,83,Fuel/Ambient,923846892,1740861800
1740861801124199234,14,[  0  86   0   1 184 162  14   0],7,258,945.3200073242188,10,86,Fuel/Ambient,123504334,1740861801
1740861801319673549,14,[  0  90   0   1 184 162  14   0],7,258,945.3200073242188,10,90,Fuel/Ambient,318687345,1740861801
1740861801525478814,14,[  0  90   0   1 184 162  14   0],7,258,945.3200073242188,10,90,Fuel/Ambient,524862285,1740861801
1740861801721867107,14,[  0  93   0   1 184 161  14   0],7,258,945.2999877929688,10,93,Fuel/Ambient,721105774,1740861801
1740861801927996189,14,[  0  96   0   1 184 161  14   0],7,258,945.2999877929688,10,96,Fuel/Ambient,927244168,1740861801
1740861802126035856,14,[  0  98   0   1 184 161  14   0],7,258,945.2999877929688,10,98,Fuel/Ambient,125542882,1740861802
1740861802321663327,14,[  0  96   0   1 184 160  14   0],7,258,945.280029296875,10,96,Fuel/Ambient,321162801,1740861802
1740861802526648055,14,[  0  96   0   1 184 160  14   0],7,258,945.280029296875,10,96,Fuel/Ambient,526186794,1740861802
1740861802722526828,14,[  0  91   0   1 184 160  14   0],7,258,945.280029296875,10,91,Fuel/Ambient,722053567,1740861802
1740861802927767307,14,[  0  87   0   1 184 159  14   0],7,258,945.260009765625,10,87,Fuel/Ambient,927313918,1740861802
1740861803125235437,14,[  0  84   0   1 184 158  14   0],7,258,945.239990234375,10,84,Fuel/Ambient,124705054,1740861803
1740861803330275685,14,[  0  83   0   1 184 158  14   0],7,258,945.239990234375,10,83,Fuel/Ambient,329725046,1740861803
1740861803526489987,14,[  0  83   0   1 184 157  14   0],7,258,945.219970703125,10,83,Fuel/Ambient,525814800,1740861803
1740861803731964839,14,[  0  83   0   1 184 157  14   0],7,258,945.219970703125,10,83,Fuel/Ambient,731272148,1740861803
1740861803927133319,14,[  0  83   0   1 184 156  14   0],7,258,945.2000122070312,10,83,Fuel/Ambient,926611160,1740861803
1740861804135571423,14,[  0  84   0   1 184 156  14   0],7,258,945.2000122070312,10,84,Fuel/Ambient,134477536,1740861804
1740861804330360947,14,[  0  84   0   1 184 156  14   0],7,258,945.2000122070312,10,84,Fuel/Ambient,329685440,1740861804
1740861804536402662,14,[  0  84   0   1 184 156  14   0],7,258,945.2000122070312,10,84,Fuel/Ambient,535636688,1740861804
1740861804731860589,14,[  0  85   0   1 184 156  14   0],7,258,945.2000122070312,10,85,Fuel/Ambient,731338622,1740861804
1740861804938186216,14,[  0  85   0   1 184 156  14   0],7,258,945.2000122070312,10,85,Fuel/Ambient,937592439,1740861804
1740861805137974665,14,[  0  86   0   1 184 156  14   0],7,258,945.2000122070312,10,86,Fuel/Ambient,135407776,1740861805
1740861805331788736,14,[  0  86   0   1 184 156  14   0],7,258,945.2000122070312,10,86,Fuel/Ambient,331109548,1740861805
1740861805537391205,14,[  0  86   0   1 184 156  14   0],7,258,945.2000122070312,10,86,Fuel/Ambient,536802036,1740861805
1740861805733064145,14,[  0  86   0   1 184 156  14   0],7,258,945.2000122070312,10,86,Fuel/Ambient,732269882,1740861805
1740861805938791545,14,[  0  86   0   2 184 156  14   0],7,258,945.2000122070312,20,86,Fuel/Ambient,938050532,1740861805
1740861806137205106,14,[  0  86   0   2 184 156  14   0],7,258,945.2000122070312,20,86,Fuel/Ambient,136501310,1740861806
1740861806342181604,14,[  0  86   0   2 184 156  14   0],7,258,945.2000122070312,20,86,Fuel/Ambient,341758968,1740861806
1740861806538004883,14,[  0  86   0   2 184 156  14   0],7,258,945.2000122070312,20,86,Fuel/Ambient,537578695,1740861806
1740861806743714586,14,[  0  86   0   2 184 156  14   0],7,258,945.2000122070312,20,86,Fuel/Ambient,743221484,1740861806
1740861806939989941,14,[  0  85   0   2 184 156  14   0],7,258,945.2000122070312,20,85,Fuel/Ambient,939268321,1740861806
1740861807139094976,14,[  0  85   0   2 184 156  14   0],7,258,945.2000122070312,20,85,Fuel/Ambient,138451085,1740861807
1740861807344174931,14,[  0  86   0   2 184 156  14   0],7,258,945.2000122070312,20,86,Fuel/Ambient,343636164,1740861807
1740861807539605174,14,[  0  86   0   2 184 156  14   0],7,258,945.2000122070312,20,86,Fuel/Ambient,539169769,1740861807
1740861807745727015,14,[  0  86   0   2 184 156  14   0],7,258,945.2000122070312,20,86,Fuel/Ambient,745147414,1740861807
1740861807941400944,14,[  0  86   0   2 184 156  14   0],7,258,945.2000122070312,20,86,Fuel/Ambient,940827328,1740861807
1740861808149644412,14,[  0  86   0   2 184 156  14   0],7,258,945.2000122070312,20,86,Fuel/Ambient,148795492,1740861808
1740861808345345701,14,[  0  86   0   2 184 156  14   0],7,258,945.2000122070312,20,86,Fuel/Ambient,344750388,1740861808
1740861808550957478,14,[  0  86   0   2 184 156  14   0],7,258,945.2000122070312,20,86,Fuel/Ambient,550366965,1740861808
1740861808746398791,14,[  0  86   0   2 184 156  14   0],7,258,945.2000122070312,20,86,Fuel/Ambient,745968027,1740861808
1740861808951946951,14,[  0  86   0   2 184 156  14   0],7,258,945.2000122070312,20,86,Fuel/Ambient,951201970,1740861808
1740861809149542436,14,[  0  86   0   2 184 156  14   0],7,258,945.2000122070312,20,86,Fuel/Ambient,148736717,1740861809
1740861809344632058,14,[  0  86   0   2 184 156  14   0],7,258,945.2000122070312,20,86,Fuel/Ambient,343944486,1740861809
1740861809550140119,14,[  0  86   0   2 184 156  14   0],7,258,945.2000122070312,20,86,Fuel/Ambient,549314047,1740861809
1740861809745645433,14,[  0  86   0   2 184 157  14   0],7,258,945.219970703125,20,86,Fuel/Ambient,745252941,1740861809
1740861809952202579,14,[  0  86   0   2 184 157  14   0],7,258,945.219970703125,20,86,Fuel/Ambient,951195287,1740861809
1740861810150740138,14,[  0  86   0   2 184 157  14   0],7,258,945.219970703125,20,86,Fuel/Ambient,150308990,1740861810
1740861810356574799,14,[  0  86   0   2 184 157  14   0],7,258,945.219970703125,20,86,Fuel/Ambient,355702646,1740861810
1740861810552129553,14,[  0  86   0   2 184 157  14   0],7,258,945.219970703125,20,86,Fuel/Ambient,551338362,1740861810
1740861810757674413,14,[  0  86   0   2 184 157  14   0],7,258,945.219970703125,20,86,Fuel/Ambient,756932696,1740861810
1740861810953442869,14,[  0  87   0   2 184 156  14   0],7,258,945.2000122070312,20,87,Fuel/Ambient,952636542,1740861810
1740861811151098641,14,[  0  87   0   2 184 156  14   0],7,258,945.2000122070312,20,87,Fuel/Ambient,150372797,1740861811
1740861811356919252,14,[  0  87   0   2 184 156  14   0],7,258,945.2000122070312,20,87,Fuel/Ambient,356066972,1740861811
1740861811552833727,14,[  0  86   0   2 184 156  14   0],7,258,945.2000122070312,20,86,Fuel/Ambient,551837123,1740861811
1740861811758352314,14,[  0  86   0   2 184 156  14   0],7,258,945.2000122070312,20,86,Fuel/Ambient,757652134,1740861811
1740861811954346951,14,[  0  86   0   2 184 156  14   0],7,258,945.2000122070312,20,86,Fuel/Ambient,953786775,1740861811
1740861812163312002,14,[  0  86   0   2 184 156  14   0],7,258,945.2000122070312,20,86,Fuel/Ambient,162440777,1740861812
1740861812358259664,14,[  0  86   0   2 184 156  14   0],7,258,945.2000122070312,20,86,Fuel/Ambient,357616253,1740861812
1740861812554431136,14,[  0  86   0   2 184 156  14   0],7,258,945.2000122070312,20,86,Fuel/Ambient,553687083,1740861812
1740861812760050780,14,[  0  86   0   2 184 156  14   0],7,258,945.2000122070312,20,86,Fuel/Ambient,759538958,1740861812
1740861812955735135,14,[  0  84   0   3 184 156  14   0],7,258,945.2000122070312,30,84,Fuel/Ambient,955178671,1740861812
1740861813164315502,14,[  0  84   0   3 184 156  14   0],7,258,945.2000122070312,30,84,Fuel/Ambient,163525624,1740861813
1740861813360539647,14,[  0  85   0   3 184 157  14   0],7,258,945.219970703125,30,85,Fuel/Ambient,359334749,1740861813
1740861813564802835,14,[  0  86   0   3 184 157  14   0],7,258,945.219970703125,30,86,Fuel/Ambient,564358534,1740861813
1740861813763411847,14,[  0  86   0   3 184 157  14   0],7,258,945.219970703125,30,86,Fuel/Ambient,762938010,1740861813
1740861813968923519,14,[  0  86   0   3 184 157  14   0],7,258,945.219970703125,30,86,Fuel/Ambient,967346418,1740861813
1740861814165879235,14,[  0  86   0   3 184 157  14   0],7,258,945.219970703125,30,86,Fuel/Ambient,165204528,1740861814
1740861814361689863,14,[  0  86   0   3 184 157  14   0],7,258,945.219970703125,30,86,Fuel/Ambient,360971987,1740861814
1740861814568056214,14,[  0  86   0   3 184 157  14   0],7,258,945.219970703125,30,86,Fuel/Ambient,567055065,1740861814
1740861814763901594,14,[  0  86   0   3 184 157  14   0],7,258,945.219970703125,30,86,Fuel/Ambient,762848925,1740861814
1740861814969655544,14,[  0  86   0   3 184 157  14   0],7,258,945.219970703125,30,86,Fuel/Ambient,968333266,1740861814
1740861815166408757,14,[  0  86   0   3 184 157  14   0],7,258,945.219970703125,30,86,Fuel/Ambient,166014026,1740861815
1740861815372323573,14,[  0  86   0   3 184 157  14   0],7,258,945.219970703125,30,86,Fuel/Ambient,371748165,1740861815
1740861815568066422,14,[  0  86   0   3 184 157  14   0],7,258,945.219970703125,30,86,Fuel/Ambient,567411011,1740861815
1740861815773780752,14,[  0  86   0   3 184 158  14   0],7,258,945.239990234375,30,86,Fuel/Ambient,773082173,1740861815
1740861815969823386,14,[  0  86   0   3 184 157  14   0],7,258,945.219970703125,30,86,Fuel/Ambient,969091397,1740861815
1740861816168100257,14,[  0  86   0   3 184 157  14   0],7,258,945.219970703125,30,86,Fuel/Ambient,167536593,1740861816
1740861816373780345,14,[  0  86   0   3 184 158  14   0],7,258,945.239990234375,30,86,Fuel/Ambient,373448176,1740861816
1740861816568898247,14,[  0   0   0   3 184 158  14   0],7,258,945.239990234375,30,0,Fuel/Ambient,568534332,1740861816
1740861816774776805,14,[  0   0   0   3 184 158  14   0],7,258,945.239990234375,30,0,Fuel/Ambient,774047120,1740861816
1740861816970656200,14,[  0   0   0   3 184 159  14   0],7,258,945.260009765625,30,0,Fuel/Ambient,969650411,1740861816
1740861817170395863,14,[  0   0   0   3 184 160  14   0],7,258,945.280029296875,30,0,Fuel/Ambient,169778726,1740861817
1740861817375838631,14,[  0   0   0   3 184 160  14   0],7,258,945.280029296875,30,0,Fuel/Ambient,375270839,1740861817
1740861817571461026,14,[  0   0   0   3 184 161  14   0],7,258,945.2999877929688,30,0,Fuel/Ambient,571059862,1740861817
1740861817776717773,14,[  0   0   0   3 184 161  14   0],7,258,945.2999877929688,30,0,Fuel/Ambient,776222815,1740861817
1740861817972383369,14,[  0   0   0   3 184 162  14   0],7,258,945.3200073242188,30,0,Fuel/Ambient,971888155,1740861817
1740861818180425217,14,[  0   0   0   3 184 162  14   0],7,258,945.3200073242188,30,0,Fuel/Ambient,179621482,1740861818
1740861818376089916,14,[  0   0   0   3 184 162  14   0],7,258,945.3200073242188,30,0,Fuel/Ambient,375558829,1740861818
1740861818582050073,14,[  0   0   0   3 184 163  14   0],7,258,945.3400268554688,30,0,Fuel/Ambient,581423495,1740861818
1740861818777363050,14,[  0   0   0   3 184 163  14   0],7,258,945.3400268554688,30,0,Fuel/Ambient,776874492,1740861818
1740861818983475436,14,[  0   0   0   3 184 164  14   0],7,258,945.3599853515625,30,0,Fuel/Ambient,982709686,1740861818
1740861819180869622,14,[  0   0   0   3 184 164  14   0],7,258,945.3599853515625,30,0,Fuel/Ambient,180283589,1740861819
1740861819386942901,14,[  0   0   0   3 184 164  14   0],7,258,945.3599853515625,30,0,Fuel/Ambient,386290787,1740861819
1740861819582447786,14,[  0   0   0   3 184 165  14   0],7,258,945.3800048828125,30,0,Fuel/Ambient,581991069,1740861819
1740861819778326793,14,[  0   0   0   3 184 165  14   0],7,258,945.3800048828125,30,0,Fuel/Ambient,777788698,1740861819
1740861819984191298,14,[  0   0   0   3 184 165  14   0],7,258,945.3800048828125,30,0,Fuel/Ambient,983497967,1740861819
1740861820182565287,14,[  0   0   0   3 184 165  14   0],7,258,945.3800048828125,30,0,Fuel/Ambient,181886420,1740861820
1740861820387685770,14,[  0   0   0   3 184 165  14   0],7,258,945.3800048828125,30,0,Fuel/Ambient,387100282,1740861820
1740861820583415204,14,[  0   0   0   3 184 165  14   0],7,258,945.3800048828125,30,0,Fuel/Ambient,582583948,1740861820
1740861820789105207,14,[  0   0   0   3 184 165  14   0],7,258,945.3800048828125,30,0,Fuel/Ambient,788473253,1740861820
1740861820984713133,14,[  0   0   0   3 184 166  14   0],7,258,945.4000244140625,30,0,Fuel/Ambient,983948504,1740861820
1740861821193187022,14,[  0   0   0   3 184 166  14   0],7,258,945.4000244140625,30,0,Fuel/Ambient,192056302,1740861821
1740861821389152653,14,[  0   0   0   3 184 166  14   0],7,258,945.4000244140625,30,0,Fuel/Ambient,388434105,1740861821
1740861821585626235,14,[  0   0   0   3 184 166  14   0],7,258,945.4000244140625,30,0,Fuel/Ambient,584814116,1740861821
1740861821791794234,14,[  0   0   0   3 184 166  14   0],7,258,945.4000244140625,30,0,Fuel/Ambient,790997251,1740861821
1740861821987684183,14,[  0   0   0   3 184 166  14   0],7,258,945.4000244140625,30,0,Fuel/Ambient,987196681,1740861821
1740861822187626181,14,[  0   0   0   3 184 166  14   0],7,258,945.4000244140625,30,0,Fuel/Ambient,186841359,1740861822
1740861822393208435,14,[  0   0   0   3 184 166  14   0],7,258,945.4000244140625,30,0,Fuel/Ambient,392354139,1740861822
1740861822588193653,15,[  0   0   0   3 184 166  15   0],7,258,945.4000244140625,30,0,Fuel/Ambient,587757961,1740861822
1740861822793468090,15,[  0   0   0   3 184 166  15   0],7,258,945.4000244140625,30,0,Fuel/Ambient,792945643,1740861822
1740861822989135311,15,[  0   0   0   3 184 166  15   0],7,258,945.4000244140625,30,0,Fuel/Ambient,988586368,1740861822
1740861823198177309,15,[  0   0   0   3 184 166  15   0],7,258,945.4000244140625,30,0,Fuel/Ambient,197277379,1740861823
1740861823393689965,15,[  0   0   0   3 184 166  15   0],7,258,945.4000244140625,30,0,Fuel/Ambient,393389380,1740861823
1740861823599931083,15,[  0   0   0   3 184 166  15   0],7,258,945.4000244140625,30,0,Fuel/Ambient,599425565,1740861823
1740861823796080973,15,[  0   0   0   3 184 166  15   0],7,258,945.4000244140625,30,0,Fuel/Ambient,795381945,1740861823
1740861824002269738,15,[  0   0   0   3 184 166  15   0],7,258,945.4000244140625,30,0,Fuel/Ambient,1510581,1740861824
1740861824200380834,15,[  0   0   0   3 184 166  15   0],7,258,945.4000244140625,30,0,Fuel/Ambient,199621037,1740861824
1740861824395691243,15,[  0   0   0   3 184 166  15   0],7,258,945.4000244140625,30,0,Fuel/Ambient,395025816,1740861824
1740861824601676577,15,[  0   0   0   3 184 166  15   0],7,258,945.4000244140625,30,0,Fuel/Ambient,600916364,1740861824
1740861824797658013,15,[  0   0   0   3 184 166  15   0],7,258,945.4000244140625,30,0,Fuel/Ambient,796923976,1740861824
1740861825003202791,15,[  0   0   0   3 184 166  15   0],7,258,945.4000244140625,30,0,Fuel/Ambient,2577461,1740861825
1740861825203118320,15,[  0   0   0   3 184 166  15   0],7,258,945.4000244140625,30,0,Fuel/Ambient,201156057,1740861825
1740861825398532987,15,[  0   0   0   3 184 167  15   0],7,258,945.4199829101562,30,0,Fuel/Ambient,397563743,1740861825
1740861825604235143,15,[  0   0   0   3 184 167  15   0],7,258,945.4199829101562,30,0,Fuel/Ambient,602929283,1740861825
1740861825799859800,15,[  0   0   0   3 184 167  15   0],7,258,945.4199829101562,30,0,Fuel/Ambient,799410059,1740861825
1740861826005477634,15,[  0   0   0   3 184 167  15   0],7,258,945.4199829101562,30,0,Fuel/Ambient,4623946,1740861826
1740861826203996707,15,[  0   0   0   3 184 167  15   0],7,258,945.4199829101562,30,0,Fuel/Ambient,203502933,1740861826
1740861826409980919,15,[  0   0   0   3 184 167  15   0],7,258,945.4199829101562,30,0,Fuel/Ambient,409193952,1740861826
1740861826606001841,15,[  0   0   0   3 184 167  15   0],7,258,945.4199829101562,30,0,Fuel/Ambient,605208154,1740861826
1740861826801966122,15,[  0   0   0   3 184 167  15   0],7,258,945.4199829101562,30,0,Fuel/Ambient,801223701,1740861826
1740861827008912760,15,[  0   0   0   3 184 166  15   0],7,258,945.4000244140625,30,0,Fuel/Ambient,7580275,1740861827
1740861827206990987,15,[  0   0   0   3 184 166  15   0],7,258,945.4000244140625,30,0,Fuel/Ambient,206001647,1740861827
1740861827411805180,15,[  0   0   0   3 184 166  15   0],7,258,945.4000244140625,30,0,Fuel/Ambient,411358192,1740861827
1740861827608019387,15,[  0   0   0   3 184 166  15   0],7,258,945.4000244140625,30,0,Fuel/Ambient,607264741,1740861827
1740861827813440957,15,[  0   0   0   3 184 166  15   0],7,258,945.4000244140625,30,0,Fuel/Ambient,812890765,1740861827
1740861828008029166,15,[  0   0   0   3 184 166  15   0],7,258,945.4000244140625,30,0,Fuel/Ambient,7555328,1740861828
1740861828207121596,15,[  0   0   0   3 184 166  15   0],7,258,945.4000244140625,30,0,Fuel/Ambient,206629838,1740861828
1740861828412743811,15,[  0   0   0   3 184 166  15   0],7,258,945.4000244140625,30,0,Fuel/Ambient,412229876,1740861828
1740861828608374159,15,[  0   0   0   3 184 166  15   0],7,258,945.4000244140625,30,0,Fuel/Ambient,607521431,1740861828
1740861828814000662,15,[  0   0   0   3 184 166  15   0],7,258,945.4000244140625,30,0,Fuel/Ambient,813354660,1740861828
1740861829010723330,15,[  0   0   0   3 184 166  15   0],7,258,945.4000244140625,30,0,Fuel/Ambient,9565761,1740861829
1740861829218008406,15,[  0   0   0   3 184 166  15   0],7,258,945.4000244140625,30,0,Fuel/Ambient,217445222,1740861829
1740861829414300788,15,[  0   0   0   3 184 166  15   0],7,258,945.4000244140625,30,0,Fuel/Ambient,412789705,1740861829
1740861829619798998,15,[  0   0   0   3 184 166  15   0],7,258,945.4000244140625,30,0,Fuel/Ambient,618890620,1740861829
1740861829815342431,15,[  0   0   0   3 184 166  15   0],7,258,945.4000244140625,30,0,Fuel/Ambient,814510407,1740861829
1740861830021338286,15,[  0   0   0   3 184 166  15   0],7,258,945.4000244140625,30,0,Fuel/Ambient,20614426,1740861830
1740861830219188375,15,[  0   0   0   3 184 166  15   0],7,258,945.4000244140625,30,0,Fuel/Ambient,218531045,1740861830
1740861830414724575,15,[  0   0   0   3 184 166  15   0],7,258,945.4000244140625,30,0,Fuel/Ambient,413981706,1740861830
1740861830621058135,15,[  0   0   0   3 184 166  15   0],7,258,945.4000244140625,30,0,Fuel/Ambient,620039802,1740861830
1740861830816524092,15,[  0   0   0   3 184 166  15   0],7,258,945.4000244140625,30,0,Fuel/Ambient,815478911,1740861830
1740861831022893909,15,[  0   0   0   3 184 166  15   0],7,258,945.4000244140625,30,0,Fuel/Ambient,22164865,1740861831
1740861831221356398,15,[  0   0   0   3 184 167  15   0],7,258,945.4199829101562,30,0,Fuel/Ambient,220472213,1740861831
1740861831418407199,15,[  0   0   0   3 184 167  15   0],7,258,945.4199829101562,30,0,Fuel/Ambient,416791441,1740861831
1740861831623050246,15,[  0   0   0   3 184 167  15   0],7,258,945.4199829101562,30,0,Fuel/Ambient,622356754,1740861831
1740861831819457925,15,[  0   0   0   3 184 166  15   0],7,258,945.4000244140625,30,0,Fuel/Ambient,818571436,1740861831
1740861832024958724,15,[  0   0   0   3 184 166  15   0],7,258,945.4000244140625,30,0,Fuel/Ambient,24170798,1740861832
1740861832222650086,15,[  0   0   0   3 184 166  15   0],7,258,945.4000244140625,30,0,Fuel/Ambient,221863663,1740861832
1740861832428197061,15,[  0   0   0   3 184 167  15   0],7,258,945.4199829101562,30,0,Fuel/Ambient,427655830,1740861832
1740861832623819660,15,[  0   0   0   3 184 167  15   0],7,258,945.4199829101562,30,0,Fuel/Ambient,623111736,1740861832
1740861832830011454,15,[  0   0   0   3 184 167  15   0],7,258,945.4199829101562,30,0,Fuel/Ambient,829395052,1740861832
1740861833026189845,15,[  0   0   0   3 184 167  15   0],7,258,945.4199829101562,30,0,Fuel/Ambient,25704679,1740861833
1740861833224333666,15,[  0   0   0   3 184 167  15   0],7,258,945.4199829101562,30,0,Fuel/Ambient,222975836,1740861833
1740861833429370033,15,[  0   0   0   3 184 167  15   0],7,258,945.4199829101562,30,0,Fuel/Ambient,428773985,1740861833
1740861833624922294,15,[  0   0   0   3 184 167  15   0],7,258,945.4199829101562,30,0,Fuel/Ambient,624095454,1740861833
1740861833831117734,15,[  0   0   0   3 184 167  15   0],7,258,945.4199829101562,30,0,Fuel/Ambient,830453491,1740861833
1740861834026745324,15,[  0   0   0   3 184 167  15   0],7,258,945.4199829101562,30,0,Fuel/Ambient,26119642,1740861834
1740861834235326686,15,[  0   0   0   3 184 167  15   0],7,258,945.4199829101562,30,0,Fuel/Ambient,234196414,1740861834
1740861834430521879,15,[  0   0   0   3 184 167  15   0],7,258,945.4199829101562,30,0,Fuel/Ambient,429961991,1740861834
1740861834635872462,15,[  0   0   0   3 184 167  15   0],7,258,945.4199829101562,30,0,Fuel/Ambient,635336319,1740861834
1740861834831867773,15,[  0   0   0   3 184 167  15   0],7,258,945.4199829101562,30,0,Fuel/Ambient,831191178,1740861834
1740861835037855910,15,[  0   0   0   3 184 167  15   0],7,258,945.4199829101562,30,0,Fuel/Ambient,37132658,1740861835
1740861835236174774,15,[  0   0   0   3 184 167  15   0],7,258,945.4199829101562,30,0,Fuel/Ambient,235016117,1740861835
1740861835431811898,15,[  0   0   0   3 184 167  15   0],7,258,945.4199829101562,30,0,Fuel/Ambient,430817086,1740861835
1740861835637817410,15,[  0   0   0   3 184 167  15   0],7,258,945.4199829101562,30,0,Fuel/Ambient,637333429,1740861835
1740861835833636331,15,[  0   0   0   3 184 167  15   0],7,258,945.4199829101562,30,0,Fuel/Ambient,833105117,1740861835
1740861836040134977,15,[  0   0   0   3 184 167  15   0],7,258,945.4199829101562,30,0,Fuel/Ambient,39613939,1740861836
1740861836239691346,15,[  0   0   0   3 184 167  15   0],7,258,945.4199829101562,30,0,Fuel/Ambient,238894364,1740861836
1740861836435513435,15,[  0   0   0   3 184 167  15   0],7,258,945.4199829101562,30,0,Fuel/Ambient,434712036,1740861836
1740861836640474404,15,[  0   0   0   3 184 167  15   0],7,258,945.4199829101562,30,0,Fuel/Ambient,640172540,1740861836
1740861836835616857,15,[  0   0   0   3 184 167  15   0],7,258,945.4199829101562,30,0,Fuel/Ambient,835230766,1740861836
1740861837041991722,15,[  0   0   0   3 184 167  15   0],7,258,945.4199829101562,30,0,Fuel/Ambient,41205588,1740861837
1740861837240220629,15,[  0   0   0   3 184 167  15   0],7,258,945.4199829101562,30,0,Fuel/Ambient,239246809,1740861837
1740861837446111095,15,[  0   0   0   3 184 167  15   0],7,258,945.4199829101562,30,0,Fuel/Ambient,445454948,1740861837
1740861837641658166,15,[  0   0   0   3 184 167  15   0],7,258,945.4199829101562,30,0,Fuel/Ambient,641057445,1740861837
1740861837847156269,15,[  0   0   0   3 184 167  15   0],7,258,945.4199829101562,30,0,Fuel/Ambient,846543900,1740861837
1740861838042354754,15,[  0   0   0   3 184 167  15   0],7,258,945.4199829101562,30,0,Fuel/Ambient,41804787,1740861838
1740861838240476873,15,[  0   0   0   3 184 167  15   0],7,258,945.4199829101562,30,0,Fuel/Ambient,239949530,1740861838
1740861838445990271,15,[  0   0   0   3 184 167  15   0],7,258,945.4199829101562,30,0,Fuel/Ambient,445401838,1740861838
1740861838641754403,16,[  0   0   0   3 184 167  16   0],7,258,945.4199829101562,30,0,Fuel/Ambient,641157010,1740861838
1740861838847973005,16,[  0   0   0   3 184 167  16   0],7,258,945.4199829101562,30,0,Fuel/Ambient,846882927,1740861838
1740861839043103743,16,[  0   0   0   3 184 167  16   0],7,258,945.4199829101562,30,0,Fuel/Ambient,42366282,1740861839
1740861839252055669,16,[  0   0   0   3 184 167  16   0],7,258,945.4199829101562,30,0,Fuel/Ambient,251238302,1740861839
1740861839447871769,16,[  0   0   0   3 184 167  16   0],7,258,945.4199829101562,30,0,Fuel/Ambient,447066627,1740861839
1740861839654047233,16,[  0   0   0   3 184 167  16   0],7,258,945.4199829101562,30,0,Fuel/Ambient,653048965,1740861839
1740861839849594686,16,[  0   0   0   3 184 167  16   0],7,258,945.4199829101562,30,0,Fuel/Ambient,848886794,1740861839
1740861840045104633,16,[  0   0   0   3 184 167  16   0],7,258,945.4199829101562,30,0,Fuel/Ambient,44539305,1740861840
1740861840253275095,16,[  0   0   0   3 184 166  16   0],7,258,945.4000244140625,30,0,Fuel/Ambient,252736744,1740861840
1740861840448724880,16,[  0   0   0   3 184 167  16   0],7,258,945.4199829101562,30,0,Fuel/Ambient,447846327,1740861840
1740861840654446954,16,[  0   0   0   3 184 167  16   0],7,258,945.4199829101562,30,0,Fuel/Ambient,653701493,1740861840
1740861840850935360,16,[  0   0   0   3 184 167  16   0],7,258,945.4199829101562,30,0,Fuel/Ambient,850228716,1740861840
1740861841056324752,16,[  0   0   0   3 184 167  16   0],7,258,945.4199829101562,30,0,Fuel/Ambient,55770368,1740861841
1740861841255468559,16,[  0   0   0   3 184 167  16   0],7,258,945.4199829101562,30,0,Fuel/Ambient,254746523,1740861841
1740861841451775423,16,[  0   0   0   3 184 166  16   0],7,258,945.4000244140625,30,0,Fuel/Ambient,451006889,1740861841
1740861841658626999,16,[  0   0   0   3 184 166  16   0],7,258,945.4000244140625,30,0,Fuel/Ambient,657679900,1740861841
1740861841855190317,16,[  0   0   0   3 184 166  16   0],7,258,945.4000244140625,30,0,Fuel/Ambient,854487290,1740861841
1740861842061136716,16,[  0   0   0   3 184 166  16   0],7,258,945.4000244140625,30,0,Fuel/Ambient,60612125,1740861842
1740861842259136362,16,[  0   0   0   3 184 166  16   0],7,258,945.4000244140625,30,0,Fuel/Ambient,258383348,1740861842
1740861842456253583,16,[  0   0   0   3 184 166  16   0],7,258,945.4000244140625,30,0,Fuel/Ambient,455447512,1740861842
1740861842662399506,16,[  0   0   0   3 184 166  16   0],7,258,945.4000244140625,30,0,Fuel/Ambient,661945765,1740861842
1740861842857023153,16,[  0   0   0   3 184 166  16   0],7,258,945.4000244140625,30,0,Fuel/Ambient,856495234,1740861842
1740861843062355516,16,[  0   0   0   3 184 166  16   0],7,258,945.4000244140625,30,0,Fuel/Ambient,61390849,1740861843
1740861843260346681,16,[  0   0   0   3 184 166  16   0],7,258,945.4000244140625,30,0,Fuel/Ambient,259687302,1740861843
1740861843457227350,16,[  0   0   0   3 184 166  16   0],7,258,945.4000244140625,30,0,Fuel/Ambient,456544163,1740861843
1740861843662755398,16,[  0   0   0   3 184 166  16   0],7,258,945.4000244140625,30,0,Fuel/Ambient,662290681,1740861843
1740861843858689193,16,[  0   0   0   3 184 166  16   0],7,258,945.4000244140625,30,0,Fuel/Ambient,858219964,1740861843
1740861844064427999,16,[  0   0   0   3 184 166  16   0],7,258,945.4000244140625,30,0,Fuel/Ambient,63829646,1740861844
1740861844262358744,16,[  0   0   0   3 184 166  16   0],7,258,945.4000244140625,30,0,Fuel/Ambient,261432574,1740861844
1740861844467751555,16,[  0   0   0   3 184 167  16   0],7,258,945.4199829101562,30,0,Fuel/Ambient,466858858,1740861844
1740861844663380860,16,[  0   0   0   3 184 167  16   0],7,258,945.4199829101562,30,0,Fuel/Ambient,662913327,1740861844
1740861844869532637,16,[  0   0   0   3 184 167  16   0],7,258,945.4199829101562,30,0,Fuel/Ambient,868750247,1740861844
1740861845066172146,16,[  0   0   0   3 184 167  16   0],7,258,945.4199829101562,30,0,Fuel/Ambient,65407996,1740861845
1740861845264841919,16,[  0   0   0   3 184 167  16   0],7,258,945.4199829101562,30,0,Fuel/Ambient,264123915,1740861845
1740861845470285290,16,[  0   0   0   3 184 167  16   0],7,258,945.4199829101562,30,0,Fuel/Ambient,469815453,1740861845
1740861845665869760,16,[  0   0   0   3 184 167  16   0],7,258,945.4199829101562,30,0,Fuel/Ambient,665266671,1740861845
1740861845872071137,16,[  0   0   0   3 184 167  16   0],7,258,945.4199829101562,30,0,Fuel/Ambient,871373517,1740861845
1740861846067932543,16,[  0   0   0   3 184 166  16   0],7,258,945.4000244140625,30,0,Fuel/Ambient,67125064,1740861846
1740861846265992505,16,[  0   0   0   3 184 166  16   0],7,258,945.4000244140625,30,0,Fuel/Ambient,265527820,1740861846
1740861846473627425,16,[  0   0   0   3 184 166  16   0],7,258,945.4000244140625,30,0,Fuel/Ambient,472866348,1740861846
1740861846668997392,16,[  0   0   0   3 184 166  16   0],7,258,945.4000244140625,30,0,Fuel/Ambient,668380095,1740861846
1740861846874749411,16,[  0   0   0   3 184 166  16   0],7,258,945.4000244140625,30,0,Fuel/Ambient,874277846,1740861846
1740861847070180531,16,[  0   0   0   3 184 166  16   0],7,258,945.4000244140625,30,0,Fuel/Ambient,69823337,1740861847
1740861847278482412,16,[  0   0   0   3 184 166  16   0],7,258,945.4000244140625,30,0,Fuel/Ambient,277701046,1740861847
1740861847474113154,16,[  0   0   0   3 184 166  16   0],7,258,945.4000244140625,30,0,Fuel/Ambient,473458767,1740861847
1740861847680086969,16,[  0   0   0   3 184 166  16   0],7,258,945.4000244140625,30,0,Fuel/Ambient,679496009,1740861847
1740861847875803249,16,[  0   0   0   3 184 166  16   0],7,258,945.4000244140625,30,0,Fuel/Ambient,875077180,1740861847
1740861848081760840,16,[  0   0   0   3 184 166  16   0],7,258,945.4000244140625,30,0,Fuel/Ambient,80986898,1740861848
1740861848279579673,16,[  0   0   0   3 184 166  16   0],7,258,945.4000244140625,30,0,Fuel/Ambient,278992553,1740861848
1740861848475627705,16,[  0   0   0   3 184 166  16   0],7,258,945.4000244140625,30,0,Fuel/Ambient,474929573,1740861848
1740861848681202724,16,[  0   0   0   3 184 167  16   0],7,258,945.4199829101562,30,0,Fuel/Ambient,680502384,1740861848
1740861848876606450,16,[  0   0   0   3 184 167  16   0],7,258,945.4199829101562,30,0,Fuel/Ambient,876158053,1740861848
1740861849082572135,16,[  0   0   0   3 184 167  16   0],7,258,945.4199829101562,30,0,Fuel/Ambient,81844851,1740861849
1740861849280057678,16,[  0   0   0   3 184 167  16   0],7,258,945.4199829101562,30,0,Fuel/Ambient,279607713,1740861849
1740861849485238349,16,[  0   0   0   3 184 167  16   0],7,258,945.4199829101562,30,0,Fuel/Ambient,484610043,1740861849
1740861849681300012,16,[  0   0   0   3 184 167  16   0],7,258,945.4199829101562,30,0,Fuel/Ambient,680786493,1740861849
1740861849887537192,16,[  0   0   0   3 184 167  16   0],7,258,945.4199829101562,30,0,Fuel/Ambient,886953176,1740861849
1740861850082752719,16,[  0   0   0   3 184 167  16   0],7,258,945.4199829101562,30,0,Fuel/Ambient,82314115,1740861850
1740861850280876518,16,[  0   0   0   3 184 167  16   0],7,258,945.4199829101562,30,0,Fuel/Ambient,280056847,1740861850
1740861850487881175,16,[  0   0   0   3 184 167  16   0],7,258,945.4199829101562,30,0,Fuel/Ambient,487264582,1740861850
1740861850684212572,16,[  0   0   0   3 184 167  16   0],7,258,945.4199829101562,30,0,Fuel/Ambient,683519881,1740861850
1740861850890058765,16,[  0   0   0   3 184 167  16   0],7,258,945.4199829101562,30,0,Fuel/Ambient,889329368,1740861850
1740861851085506393,16,[  0   0   0   3 184 167  16   0],7,258,945.4199829101562,30,0,Fuel/Ambient,84596863,1740861851
1740861851284317090,16,[  0   0   0   3 184 167  16   0],7,258,945.4199829101562,30,0,Fuel/Ambient,283804116,1740861851
1740861851489772134,16,[  0   0   0   3 184 167  16   0],7,258,945.4199829101562,30,0,Fuel/Ambient,489151029,1740861851
1740861851685757089,16,[  0   0   0   3 184 167  16   0],7,258,945.4199829101562,30,0,Fuel/Ambient,685002219,1740861851
1740861851891941593,16,[  0   0   0   3 184 167  16   0],7,258,945.4199829101562,30,0,Fuel/Ambient,891415946,1740861851
1740861852088100568,16,[  0   0   0   3 184 167  16   0],7,258,945.4199829101562,30,0,Fuel/Ambient,87345827,1740861852
1740861852286100777,16,[  0   0   0   3 184 167  16   0],7,258,945.4199829101562,30,0,Fuel/Ambient,285156687,1740861852
1740861852492109084,16,[  0   0   0   3 184 167  16   0],7,258,945.4199829101562,30,0,Fuel/Ambient,491613070,1740861852
1740861852687717962,16,[  0   0   0   3 184 167  16   0],7,258,945.4199829101562,30,0,Fuel/Ambient,687251933,1740861852
1740861852893556696,16,[  0   0   0   3 184 167  16   0],7,258,945.4199829101562,30,0,Fuel/Ambient,892858916,1740861852
1740861853089591762,16,[  0   0   0   3 184 167  16   0],7,258,945.4199829101562,30,0,Fuel/Ambient,88988449,1740861853
1740861853298729306,16,[  0   0   0   3 184 167  16   0],7,258,945.4199829101562,30,0,Fuel/Ambient,297679005,1740861853
1740861853494200804,16,[  0   0   0   3 184 166  16   0],7,258,945.4000244140625,30,0,Fuel/Ambient,493644404,1740861853
1740861853700213205,16,[  0   0   0   3 184 166  16   0],7,258,945.4000244140625,30,0,Fuel/Ambient,699484768,1740861853
1740861853895597660,16,[  0   0   0   3 184 166  16   0],7,258,945.4000244140625,30,0,Fuel/Ambient,895151727,1740861853
1740861854091771577,16,[  0   0   0   3 184 166  16   0],7,258,945.4000244140625,30,0,Fuel/Ambient,91062629,1740861854
1740861854300122282,16,[  0   0   0   3 184 166  16   0],7,258,945.4000244140625,30,0,Fuel/Ambient,298782852,1740861854
1740861854495361996,16,[  0   0   0   3 184 166  16   0],7,258,945.4000244140625,30,0,Fuel/Ambient,494838237,1740861854
1740861854706209123,16,[  0   0   0   3 184 166  16   0],7,258,945.4000244140625,30,0,Fuel/Ambient,701750374,1740861854
1740861854898490194,16,[  0   0   0   3 184 166  16   0],7,258,945.4000244140625,30,0,Fuel/Ambient,897390611,1740861854
1740861855104236186,16,[  0   0   0   3 184 166  16   0],7,258,945.4000244140625,30,0,Fuel/Ambient,103469156,1740861855
1740861855301788411,16,[  0   0   0   3 184 167  16   0],7,258,945.4199829101562,30,0,Fuel/Ambient,301274733,1740861855
1740861855497476392,16,[  0   0   0   3 184 167  16   0],7,258,945.4199829101562,30,0,Fuel/Ambient,496893944,1740861855
1740861855703203599,16,[  0   0   0   3 184 167  16   0],7,258,945.4199829101562,30,0,Fuel/Ambient,702644863,1740861855
1740861855899590480,16,[  0   0   0   3 184 167  16   0],7,258,945.4199829101562,30,0,Fuel/Ambient,898478001,1740861855
1740861856105608062,16,[  0   0   0   3 184 167  16   0],7,258,945.4199829101562,30,0,Fuel/Ambient,104910506,1740861856
1740861856302987961,16,[  0   0   0   3 184 167  16   0],7,258,945.4199829101562,30,0,Fuel/Ambient,302485483,1740861856
1740861856508267954,16,[  0   0   0   3 184 167  16   0],7,258,945.4199829101562,30,0,Fuel/Ambient,507820869,1740861856
1740861856704528750,16,[  0   0   0   3 184 166  16   0],7,258,945.4000244140625,30,0,Fuel/Ambient,704053505,1740861856
1740861856910101359,16,[  0   0   0   3 184 166  16   0],7,258,945.4000244140625,30,0,Fuel/Ambient,909601537,1740861856
1740861857106344586,16,[  0   0   0   3 184 166  16   0],7,258,945.4000244140625,30,0,Fuel/Ambient,105873245,1740861857
1740861857302413631,16,[  0   0   0   3 184 166  16   0],7,258,945.4000244140625,30,0,Fuel/Ambient,301976115,1740861857
1740861857507433520,16,[  0   0   0   3 184 166  16   0],7,258,945.4000244140625,30,0,Fuel/Ambient,506984867,1740861857
1740861857713761796,16,[  0   0   0   3 184 166  16   0],7,258,945.4000244140625,30,0,Fuel/Ambient,712612740,1740861857
1740861857909284491,16,[  0   0   0   3 184 166  16   0],7,258,945.4000244140625,30,0,Fuel/Ambient,908686234,1740861857
1740861858104948468,16,[  0   0   0   3 184 166  16   0],7,258,945.4000244140625,30,0,Fuel/Ambient,104383716,1740861858
1740861858313221022,16,[  0   0   0   3 184 166  16   0],7,258,945.4000244140625,30,0,Fuel/Ambient,312417928,1740861858
1740861858508526973,16,[  0   0   0   3 184 166  16   0],7,258,945.4000244140625,30,0,Fuel/Ambient,508110545,1740861858
1740861858714253408,16,[  0   0   0   3 184 165  16   0],7,258,945.3800048828125,30,0,Fuel/Ambient,713618542,1740861858
1740861858910900676,16,[  0   0   0   3 184 166  16   0],7,258,945.4000244140625,30,0,Fuel/Ambient,910089422,1740861858
1740861859117346939,16,[  0   0   0   3 184 166  16   0],7,258,945.4000244140625,30,0,Fuel/Ambient,116448769,1740861859
1740861859315141150,16,[  0   0   0   3 184 166  16   0],7,258,945.4000244140625,30,0,Fuel/Ambient,314539949,1740861859
1740861859510871592,16,[  0   0   0   3 184 166  16   0],7,258,945.4000244140625,30,0,Fuel/Ambient,510396986,1740861859
1740861859716427780,16,[  0   0   0   3 184 166  16   0],7,258,945.4000244140625,30,0,Fuel/Ambient,715935766,1740861859
1740861859912111021,16,[  0   0   0   3 184 166  16   0],7,258,945.4000244140625,30,0,Fuel/Ambient,911557021,1740861859
1740861860117858382,16,[  0   0   0   3 184 166  16   0],7,258,945.4000244140625,30,0,Fuel/Ambient,117189723,1740861860
1740861860315397481,16,[  0   0   0   3 184 166  16   0],7,258,945.4000244140625,30,0,Fuel/Ambient,314707510,1740861860
1740861860520900099,16,[  0   0   0   3 184 166  16   0],7,258,945.4000244140625,30,0,Fuel/Ambient,520183375,1740861860
1740861860717324191,16,[  0   0   0   3 184 166  16   0],7,258,945.4000244140625,30,0,Fuel/Ambient,716867410,1740861860
1740861860923129633,16,[  0   0   0   3 184 166  16   0],7,258,945.4000244140625,30,0,Fuel/Ambient,922591218,1740861860
1740861861119017357,16,[  0   0   0   3 184 166  16   0],7,258,945.4000244140625,30,0,Fuel/Ambient,117742250,1740861861
1740861861316402019,16,[  0   0   0   3 184 166  16   0],7,258,945.4000244140625,30,0,Fuel/Ambient,315424264,1740861861
1740861861521086405,16,[  0   0   0   3 184 165  16   0],7,258,945.3800048828125,30,0,Fuel/Ambient,520565846,1740861861
1740861861717030450,16,[  0   0   0   3 184 165  16   0],7,258,945.3800048828125,30,0,Fuel/Ambient,716390496,1740861861
1740861861922740593,16,[  0   0   0   3 184 165  16   0],7,258,945.3800048828125,30,0,Fuel/Ambient,921995676,1740861861
1740861862118594427,16,[  0   0   0   3 184 165  16   0],7,258,945.3800048828125,30,0,Fuel/Ambient,117793092,1740861862
1740861862326749372,16,[  0   0   0   3 184 165  16   0],7,258,945.3800048828125,30,0,Fuel/Ambient,326001255,1740861862
1740861862523049042,16,[  0   0   0   3 184 164  16   0],7,258,945.3599853515625,30,0,Fuel/Ambient,522367999,1740861862
1740861862728937397,16,[  0   0   0   3 184 164  16   0],7,258,945.3599853515625,30,0,Fuel/Ambient,728376421,1740861862
1740861862925214666,16,[  0   0   0   3 184 164  16   0],7,258,945.3599853515625,30,0,Fuel/Ambient,924371666,1740861862
1740861863131060714,16,[  0   0   0   3 184 164  16   0],7,258,945.3599853515625,30,0,Fuel/Ambient,130430169,1740861863
1740861863328870825,16,[  0   0   0   3 184 164  16   0],7,258,945.3599853515625,30,0,Fuel/Ambient,328260056,1740861863
1740861863525464198,16,[  0   0   0   3 184 164  16   0],7,258,945.3599853515625,30,0,Fuel/Ambient,524533804,1740861863
1740861863731841717,16,[  0   0   0   3 184 164  16   0],7,258,945.3599853515625,30,0,Fuel/Ambient,730341835,1740861863
1740861863927662556,16,[  0   0   0   3 184 165  16   0],7,258,945.3800048828125,30,0,Fuel/Ambient,926006350,1740861863
1740861864132760039,16,[  0   0   0   3 184 165  16   0],7,258,945.3800048828125,30,0,Fuel/Ambient,132198903,1740861864
1740861864330768650,16,[  0   0   0   3 184 165  16   0],7,258,945.3800048828125,30,0,Fuel/Ambient,329812303,1740861864
1740861864526174245,16,[  0   0   0   3 184 165  16   0],7,258,945.3800048828125,30,0,Fuel/Ambient,525649270,1740861864
1740861864732597555,16,[  0   0   0   3 184 165  16   0],7,258,945.3800048828125,30,0,Fuel/Ambient,731909952,1740861864
1740861864928147954,16,[  0   0   0   3 184 165  16   0],7,258,945.3800048828125,30,0,Fuel/Ambient,927609699,1740861864
1740861865134024305,16,[  0   0   0   3 184 164  16   0],7,258,945.3599853515625,30,0,Fuel/Ambient,133246107,1740861865
1740861865333175731,16,[  0   0   0   3 184 164  16   0],7,258,945.3599853515625,30,0,Fuel/Ambient,332375677,1740861865
1740861865538141240,16,[  0   0   0   3 184 165  16   0],7,258,945.3800048828125,30,0,Fuel/Ambient,537387267,1740861865
1740861865733519216,16,[  0   0   0   3 184 165  16   0],7,258,945.3800048828125,30,0,Fuel/Ambient,733037027,1740861865
1740861865939388622,16,[  0   0   0   3 184 165  16   0],7,258,945.3800048828125,30,0,Fuel/Ambient,938762749,1740861865
1740861866134763430,16,[  0   0   0   3 184 164  16   0],7,258,945.3599853515625,30,0,Fuel/Ambient,134326522,1740861866
1740861866333134961,16,[  0   0   0   3 184 164  16   0],7,258,945.3599853515625,30,0,Fuel/Ambient,332072276,1740861866
1740861866539118705,16,[  0   0   0   3 184 164  16   0],7,258,945.3599853515625,30,0,Fuel/Ambient,538500224,1740861866
1740861866735047480,16,[  0   0   0   3 184 164  16   0],7,258,945.3599853515625,30,0,Fuel/Ambient,734656781,1740861866
1740861866940975159,16,[  0   0   0   3 184 164  16   0],7,258,945.3599853515625,30,0,Fuel/Ambient,940468776,1740861866
1740861867136760153,16,[  0   0   0   3 184 163  16   0],7,258,945.3400268554688,30,0,Fuel/Ambient,136188681,1740861867
1740861867345289055,16,[  0   0   0   3 184 163  16   0],7,258,945.3400268554688,30,0,Fuel/Ambient,344765360,1740861867
1740861867541091617,16,[  0   0   0   3 184 163  16   0],7,258,945.3400268554688,30,0,Fuel/Ambient,540311179,1740861867
1740861867746228936,16,[  0   0   0   3 184 163  16   0],7,258,945.3400268554688,30,0,Fuel/Ambient,745714586,1740861867
1740861867941907975,16,[  0   0   0   3 184 163  16   0],7,258,945.3400268554688,30,0,Fuel/Ambient,941453690,1740861867
1740861868148217966,16,[  0   0   0   3 184 163  16   0],7,258,945.3400268554688,30,0,Fuel/Ambient,147508634,1740861868
1740861868346025991,16,[  0   0   0   3 184 162  16   0],7,258,945.3200073242188,30,0,Fuel/Ambient,345366068,1740861868
1740861868541691044,16,[  0   0   0   3 184 162  16   0],7,258,945.3200073242188,30,0,Fuel/Ambient,541018833,1740861868
1740861868747047024,16,[  0   0   0   3 184 162  16   0],7,258,945.3200073242188,30,0,Fuel/Ambient,746380253,1740861868
1740861868942955732,16,[  0   0   0   3 184 162  16   0],7,258,945.3200073242188,30,0,Fuel/Ambient,942238336,1740861868
1740861869149111029,16,[  0   0   0   3 184 162  16   0],7,258,945.3200073242188,30,0,Fuel/Ambient,148464995,1740861869
1740861869347613569,16,[  0   0   0   3 184 162  16   0],7,258,945.3200073242188,30,0,Fuel/Ambient,346888684,1740861869
1740861869543604934,16,[  0   0   0   3 184 162  16   0],7,258,945.3200073242188,30,0,Fuel/Ambient,542726989,1740861869
1740861869749331803,16,[  0   0   0   3 184 162  16   0],7,258,945.3200073242188,30,0,Fuel/Ambient,748579334,1740861869
1740861869945431011,16,[  0   0   0   3 184 162  16   0],7,258,945.3200073242188,30,0,Fuel/Ambient,944033532,1740861869
1740861870150578599,16,[  0   0   0   3 184 162  16   0],7,258,945.3200073242188,30,0,Fuel/Ambient,149929557,1740861870
1740861870350741120,16,[  0   0   0   3 184 162  16   0],7,258,945.3200073242188,30,0,Fuel/Ambient,350004779,1740861870
1740861870546759620,16,[  0   0   0   3 184 162  16   0],7,258,945.3200073242188,30,0,Fuel/Ambient,545774761,1740861870
1740861870752850466,16,[  0   0   0   3 184 162  16   0],7,258,945.3200073242188,30,0,Fuel/Ambient,751412090,1740861870
1740861870948747108,16,[  0   0   0   3 184 161  16   0],7,258,945.2999877929688,30,0,Fuel/Ambient,948181908,1740861870
1740861871154416117,16,[  0   0   0   3 184 161  16   0],7,258,945.2999877929688,30,0,Fuel/Ambient,153781603,1740861871
1740861871354203522,16,[  0   0   0   3 184 161  16   0],7,258,945.2999877929688,30,0,Fuel/Ambient,353461645,1740861871
1740861871550468012,16,[  0   0   0   3 184 161  16   0],7,258,945.2999877929688,30,0,Fuel/Ambient,549921533,1740861871
1740861871756363172,16,[  0   0   0   3 184 161  16   0],7,258,945.2999877929688,30,0,Fuel/Ambient,755902391,1740861871
1740861871950932671,16,[  0   0   0   3 184 161  16   0],7,258,945.2999877929688,30,0,Fuel/Ambient,950460465,1740861871
1740861872156275334,16,[  0   0   0   3 184 162  16   0],7,258,945.3200073242188,30,0,Fuel/Ambient,155771192,1740861872
1740861872353366278,16,[  0   0   0   3 184 162  16   0],7,258,945.3200073242188,30,0,Fuel/Ambient,352696819,1740861872
1740861872558997333,16,[  0   0   0   3 184 162  16   0],7,258,945.3200073242188,30,0,Fuel/Ambient,558553897,1740861872
1740861872754504297,16,[  0   0   0   3 184 161  16   0],7,258,945.2999877929688,30,0,Fuel/Ambient,754128062,1740861872
1740861872959832335,16,[  0   0   0   3 184 161  16   0],7,258,945.2999877929688,30,0,Fuel/Ambient,959370690,1740861872
1740861873155516519,16,[  0   0   0   3 184 162  16   0],7,258,945.3200073242188,30,0,Fuel/Ambient,154971448,1740861873
1740861873363652987,16,[  0   0   0   3 184 162  16   0],7,258,945.3200073242188,30,0,Fuel/Ambient,362637183,1740861873
1740861873558673792,16,[  0   0   0   3 184 162  16   0],7,258,945.3200073242188,30,0,Fuel/Ambient,558205715,1740861873
1740861873764633655,16,[  0   0   0   3 184 162  16   0],7,258,945.3200073242188,30,0,Fuel/Ambient,763969605,1740861873
1740861873961414478,16,[  0   0   0   3 184 162  16   0],7,258,945.3200073242188,30,0,Fuel/Ambient,960911712,1740861873
1740861874166908598,16,[  0   0   0   3 184 162  16   0],7,258,945.3200073242188,30,0,Fuel/Ambient,166485867,1740861874
1740861874364407008,16,[  0   0   0   3 184 162  16   0],7,258,945.3200073242188,30,0,Fuel/Ambient,363875537,1740861874
1740861874560303420,16,[  0   0   0   3 184 162  16   0],7,258,945.3200073242188,30,0,Fuel/Ambient,559505030,1740861874
1740861874766428599,16,[  0   0   0   3 184 162  16   0],7,258,945.3200073242188,30,0,Fuel/Ambient,765606432,1740861874
1740861874961904263,16,[  0   0   0   3 184 161  16   0],7,258,945.2999877929688,30,0,Fuel/Ambient,961371449,1740861874
1740861875168967707,16,[  0   0   0   3 184 161  16   0],7,258,945.2999877929688,30,0,Fuel/Ambient,168235206,1740861875
1740861875366947120,16,[  0   0   0   3 184 161  16   0],7,258,945.2999877929688,30,0,Fuel/Ambient,366457539,1740861875
1740861875562933870,16,[  0   0   0   3 184 161  16   0],7,258,945.2999877929688,30,0,Fuel/Ambient,562171321,1740861875
1740861875769746363,16,[  0   0   0   3 184 161  16   0],7,258,945.2999877929688,30,0,Fuel/Ambient,768958757,1740861875
1740861875965809403,16,[  0   0   0   3 184 161  16   0],7,258,945.2999877929688,30,0,Fuel/Ambient,965008708,1740861875
1740861876170923638,16,[  0   0   0   3 184 161  16   0],7,258,945.2999877929688,30,0,Fuel/Ambient,170547116,1740861876
1740861876369584318,16,[  0   0   0   3 184 162  16   0],7,258,945.3200073242188,30,0,Fuel/Ambient,368878314,1740861876
1740861876574723162,16,[  0   0   0   3 184 162  16   0],7,258,945.3200073242188,30,0,Fuel/Ambient,574114089,1740861876
1740861876770563411,16,[  0   0   0   3 184 162  16   0],7,258,945.3200073242188,30,0,Fuel/Ambient,769851839,1740861876
1740861876975857908,16,[  0   0   0   3 184 162  16   0],7,258,945.3200073242188,30,0,Fuel/Ambient,975327237,1740861876
1740861877172447520,16,[  0   0   0   3 184 161  16   0],7,258,945.2999877929688,30,0,Fuel/Ambient,171685579,1740861877
1740861877370220238,16,[  0   0   0   3 184 161  16   0],7,258,945.2999877929688,30,0,Fuel/Ambient,369428888,1740861877
1740861877575686418,16,[  0   0   0   3 184 161  16   0],7,258,945.2999877929688,30,0,Fuel/Ambient,575076545,1740861877
1740861877770970458,16,[  0   0   0   3 184 161  16   0],7,258,945.2999877929688,30,0,Fuel/Ambient,770444715,1740861877
1740861877976410461,16,[  0   0   0   3 184 161  16   0],7,258,945.2999877929688,30,0,Fuel/Ambient,975804812,1740861877
1740861878172193810,16,[  0   0   0   3 184 161  16   0],7,258,945.2999877929688,30,0,Fuel/Ambient,171760262,1740861878
1740861878380808301,16,[  0   0   0   3 184 161  16   0],7,258,945.2999877929688,30,0,Fuel/Ambient,380088505,1740861878
1740861878576095188,17,[  0   0   0   3 184 161  17   0],7,258,945.2999877929688,30,0,Fuel/Ambient,575372032,1740861878
1740861878782112647,17,[  0   0   0   3 184 161  17   0],7,258,945.2999877929688,30,0,Fuel/Ambient,781339057,1740861878
1740861878977336876,17,[  0   0   0   3 184 162  17   0],7,258,945.3200073242188,30,0,Fuel/Ambient,976750331,1740861878
1740861879183366557,17,[  0   0   0   3 184 162  17   0],7,258,945.3200073242188,30,0,Fuel/Ambient,182865839,1740861879
1740861879382164325,17,[  0   0   0   3 184 162  17   0],7,258,945.3200073242188,30,0,Fuel/Ambient,381373135,1740861879
1740861879577310663,17,[  0   0   0   3 184 161  17   0],7,258,945.2999877929688,30,0,Fuel/Ambient,576815769,1740861879
1740861879782833930,17,[  0   0   0   3 184 161  17   0],7,258,945.2999877929688,30,0,Fuel/Ambient,782150295,1740861879
1740861879978277525,17,[  0   0   0   3 184 161  17   0],7,258,945.2999877929688,30,0,Fuel/Ambient,977616738,1740861879
1740861880184003325,17,[  0   0   0   3 184 162  17   0],7,258,945.3200073242188,30,0,Fuel/Ambient,183460622,1740861880
1740861880382017901,17,[  0   0   0   3 184 162  17   0],7,258,945.3200073242188,30,0,Fuel/Ambient,381264793,1740861880
1740861880587919098,17,[  0   0   0   3 184 162  17   0],7,258,945.3200073242188,30,0,Fuel/Ambient,587179462,1740861880
1740861880784946127,17,[  0   0   0   3 184 162  17   0],7,258,945.3200073242188,30,0,Fuel/Ambient,784442689,1740861880
1740861880981013162,17,[  0   0   0   3 184 162  17   0],7,258,945.3200073242188,30,0,Fuel/Ambient,980690881,1740861880
1740861881186802066,17,[  0   0   0   3 184 162  17   0],7,258,945.3200073242188,30,0,Fuel/Ambient,186010044,1740861881
1740861881384768193,17,[  0   0   0   3 184 162  17   0],7,258,945.3200073242188,30,0,Fuel/Ambient,384175248,1740861881
1740861881590657644,17,[  0   0   0   3 184 162  17   0],7,258,945.3200073242188,30,0,Fuel/Ambient,590098204,1740861881
1740861881786540224,17,[  0   0   0   3 184 162  17   0],7,258,945.3200073242188,30,0,Fuel/Ambient,785814956,1740861881
1740861881992698387,17,[  0   0   0   3 184 162  17   0],7,258,945.3200073242188,30,0,Fuel/Ambient,992124611,1740861881
1740861882189683397,17,[  0   0   0   3 184 162  17   0],7,258,945.3200073242188,30,0,Fuel/Ambient,189186103,1740861882
1740861882388528362,17,[  0   0   0   3 184 162  17   0],7,258,945.3200073242188,30,0,Fuel/Ambient,388036124,1740861882
1740861882594038218,17,[  0   0   0   3 184 162  17   0],7,258,945.3200073242188,30,0,Fuel/Ambient,593406456,1740861882
1740861882789517649,17,[  0   0   0   3 184 162  17   0],7,258,945.3200073242188,30,0,Fuel/Ambient,789026052,1740861882
1740861882995420540,17,[  0   0   0   3 184 162  17   0],7,258,945.3200073242188,30,0,Fuel/Ambient,994681255,1740861882
1740861883190798496,17,[  0   0   0   3 184 163  17   0],7,258,945.3400268554688,30,0,Fuel/Ambient,190229520,1740861883
1740861883389661509,17,[  0   0   0   3 184 163  17   0],7,258,945.3400268554688,30,0,Fuel/Ambient,389170423,1740861883
1740861883596064764,17,[  0   0   0   3 184 163  17   0],7,258,945.3400268554688,30,0,Fuel/Ambient,595458571,1740861883
1740861883791747240,17,[  0   0   0   3 184 163  17   0],7,258,945.3400268554688,30,0,Fuel/Ambient,791049045,1740861883
1740861883997712531,17,[  0   0   0   3 184 162  17   0],7,258,945.3200073242188,30,0,Fuel/Ambient,997028640,1740861883
1740861884193627589,17,[  0   0   0   3 184 162  17   0],7,258,945.3200073242188,30,0,Fuel/Ambient,193008083,1740861884
1740861884391870263,17,[  0   0   0   3 184 163  17   0],7,258,945.3400268554688,30,0,Fuel/Ambient,391117122,1740861884
1740861884597528184,17,[  0   0   0   3 184 163  17   0],7,258,945.3400268554688,30,0,Fuel/Ambient,596848293,1740861884
1740861884793688433,17,[  0   0   0   3 184 163  17   0],7,258,945.3400268554688,30,0,Fuel/Ambient,793054527,1740861884
1740861884999210830,17,[  0   0   0   3 184 163  17   0],7,258,945.3400268554688,30,0,Fuel/Ambient,998808547,1740861884
1740861885195712143,17,[  0   0   0   3 184 163  17   0],7,258,945.3400268554688,30,0,Fuel/Ambient,195380166,1740861885
1740861885404143036,17,[  0   0   0   3 184 163  17   0],7,258,945.3400268554688,30,0,Fuel/Ambient,403684719,1740861885
1740861885599813286,17,[  0   0   0   3 184 163  17   0],7,258,945.3400268554688,30,0,Fuel/Ambient,599256759,1740861885
1740861885805503271,17,[  0   0   0   3 184 163  17   0],7,258,945.3400268554688,30,0,Fuel/Ambient,804969176,1740861885
1740861886001316085,17,[  0   0   0   3 184 163  17   0],7,258,945.3400268554688,30,0,Fuel/Ambient,819111,1740861886
1740861886207553891,17,[  0   0   0   3 184 163  17   0],7,258,945.3400268554688,30,0,Fuel/Ambient,206978515,1740861886
1740861886409341174,17,[  0   0   0   3 184 163  17   0],7,258,945.3400268554688,30,0,Fuel/Ambient,408341243,1740861886
1740861886604558034,17,[  0   0   0   3 184 163  17   0],7,258,945.3400268554688,30,0,Fuel/Ambient,604033860,1740861886
1740861886799875889,17,[  0   0   0   3 184 162  17   0],7,258,945.3200073242188,30,0,Fuel/Ambient,799071803,1740861886
1740861887004609398,17,[  0   0   0   3 184 162  17   0],7,258,945.3200073242188,30,0,Fuel/Ambient,3983845,1740861887
1740861887210538523,17,[  0   0   0   3 184 162  17   0],7,258,945.3200073242188,30,0,Fuel/Ambient,209988748,1740861887
1740861887409110548,17,[  0   0   0   3 184 162  17   0],7,258,945.3200073242188,30,0,Fuel/Ambient,408193018,1740861887
1740861887604246028,17,[  0   0   0   3 184 162  17   0],7,258,945.3200073242188,30,0,Fuel/Ambient,603509720,1740861887
1740861887809336890,17,[  0   0   0   3 184 162  17   0],7,258,945.3200073242188,30,0,Fuel/Ambient,808875341,1740861887
1740861888004820924,17,[  0   0   0   3 184 162  17   0],7,258,945.3200073242188,30,0,Fuel/Ambient,4327183,1740861888
1740861888211077225,17,[  0   0   0   3 184 162  17   0],7,258,945.3200073242188,30,0,Fuel/Ambient,210380246,1740861888
1740861888409504220,17,[  0   0   0   3 184 162  17   0],7,258,945.3200073242188,30,0,Fuel/Ambient,408780360,1740861888
1740861888615881229,17,[  0   0   0   3 184 161  17   0],7,258,945.2999877929688,30,0,Fuel/Ambient,615240187,1740861888
1740861888812380330,17,[  0   0   0   3 184 161  17   0],7,258,945.2999877929688,30,0,Fuel/Ambient,811674455,1740861888
1740861889008099346,17,[  0   0   0   3 184 161  17   0],7,258,945.2999877929688,30,0,Fuel/Ambient,7421535,1740861889
1740861889214076950,17,[  0   0   0   3 184 161  17   0],7,258,945.2999877929688,30,0,Fuel/Ambient,213183549,1740861889
1740861889412883059,17,[  0   0   0   3 184 161  17   0],7,258,945.2999877929688,30,0,Fuel/Ambient,412181247,1740861889
1740861889618880023,17,[  0   0   0   3 184 161  17   0],7,258,945.2999877929688,30,0,Fuel/Ambient,618384169,1740861889
1740861889814534652,17,[  0   0   0   3 184 161  17   0],7,258,945.2999877929688,30,0,Fuel/Ambient,813731142,1740861889
1740861890020069908,17,[  0   0   0   3 184 161  17   0],7,258,945.2999877929688,30,0,Fuel/Ambient,19329439,1740861890
1740861890215447632,17,[  0   0   0   3 184 161  17   0],7,258,945.2999877929688,30,0,Fuel/Ambient,214690555,1740861890
1740861890412710560,17,[  0   0   0   3 184 161  17   0],7,258,945.2999877929688,30,0,Fuel/Ambient,412187218,1740861890
1740861890618305496,17,[  0   0   0   3 184 161  17   0],7,258,945.2999877929688,30,0,Fuel/Ambient,617744393,1740861890
1740861890814269893,17,[  0   0   0   3 184 161  17   0],7,258,945.2999877929688,30,0,Fuel/Ambient,813510576,1740861890
1740861891020095971,17,[  0   0   0   3 184 161  17   0],7,258,945.2999877929688,30,0,Fuel/Ambient,19515539,1740861891
1740861891216340054,17,[  0   0   0   3 184 161  17   0],7,258,945.2999877929688,30,0,Fuel/Ambient,215849417,1740861891
1740861891424802269,17,[  0   0   0   3 184 161  17   0],7,258,945.2999877929688,30,0,Fuel/Ambient,423893508,1740861891
1740861891620271899,17,[  0   0   0   3 184 161  17   0],7,258,945.2999877929688,30,0,Fuel/Ambient,619657385,1740861891
1740861891825808496,17,[  0   0   0   3 184 161  17   0],7,258,945.2999877929688,30,0,Fuel/Ambient,825116349,1740861891
1740861892021808668,17,[  0   0   0   3 184 161  17   0],7,258,945.2999877929688,30,0,Fuel/Ambient,20985093,1740861892
1740861892218210354,17,[  0   0   0   3 184 161  17   0],7,258,945.2999877929688,30,0,Fuel/Ambient,217529375,1740861892
1740861892425945060,17,[  0   0   0   3 184 161  17   0],7,258,945.2999877929688,30,0,Fuel/Ambient,425133421,1740861892
1740861892620809039,17,[  0   0   0   3 184 161  17   0],7,258,945.2999877929688,30,0,Fuel/Ambient,620278208,1740861892
1740861892826584330,17,[  0   0   0   3 184 161  17   0],7,258,945.2999877929688,30,0,Fuel/Ambient,826069500,1740861892
1740861893022944735,17,[  0   0   0   3 184 161  17   0],7,258,945.2999877929688,30,0,Fuel/Ambient,22251980,1740861893
1740861893229248680,17,[  0   0   0   3 184 161  17   0],7,258,945.2999877929688,30,0,Fuel/Ambient,228580405,1740861893
1740861893427847610,17,[  0   0   0   3 184 161  17   0],7,258,945.2999877929688,30,0,Fuel/Ambient,427056228,1740861893
1740861893624016712,17,[  0   0   0   3 184 161  17   0],7,258,945.2999877929688,30,0,Fuel/Ambient,623228051,1740861893
1740861893829636030,17,[  0   0   0   3 184 161  17   0],7,258,945.2999877929688,30,0,Fuel/Ambient,829065102,1740861893
1740861894025984241,17,[  0   0   0   3 184 162  17   0],7,258,945.3200073242188,30,0,Fuel/Ambient,25387425,1740861894
1740861894231946351,17,[  0   0   0   3 184 162  17   0],7,258,945.3200073242188,30,0,Fuel/Ambient,231209723,1740861894
1740861894429760682,17,[  0   0   0   3 184 162  17   0],7,258,945.3200073242188,30,0,Fuel/Ambient,429215483,1740861894
1740861894625670129,17,[  0   0   0   3 184 162  17   0],7,258,945.3200073242188,30,0,Fuel/Ambient,625105665,1740861894
1740861894832230591,17,[  0   0   0   3 184 162  17   0],7,258,945.3200073242188,30,0,Fuel/Ambient,831404648,1740861894
1740861895027764539,17,[  0   0   0   3 184 162  17   0],7,258,945.3200073242188,30,0,Fuel/Ambient,26920611,1740861895
1740861895233082502,17,[  0   0   0   3 184 162  17   0],7,258,945.3200073242188,30,0,Fuel/Ambient,232291152,1740861895
1740861895431971966,17,[  0   0   0   3 184 162  17   0],7,258,945.3200073242188,30,0,Fuel/Ambient,431192776,1740861895
1740861895637314985,17,[  0   0   0   3 184 162  17   0],7,258,945.3200073242188,30,0,Fuel/Ambient,636610837,1740861895
1740861895833090731,17,[  0   0   0   3 184 162  17   0],7,258,945.3200073242188,30,0,Fuel/Ambient,832319157,1740861895
1740861896038373524,17,[  0   0   0   3 184 162  17   0],7,258,945.3200073242188,30,0,Fuel/Ambient,37943112,1740861896
1740861896234015633,17,[  0   0   0   3 184 162  17   0],7,258,945.3200073242188,30,0,Fuel/Ambient,233600037,1740861896
1740861896432085073,17,[  0   0   0   3 184 162  17   0],7,258,945.3200073242188,30,0,Fuel/Ambient,431308699,1740861896
1740861896637371129,17,[  0   0   0   3 184 162  17   0],7,258,945.3200073242188,30,0,Fuel/Ambient,636947566,1740861896
1740861896833062712,17,[  0   0   0   3 184 163  17   0],7,258,945.3400268554688,30,0,Fuel/Ambient,832301314,1740861896
1740861897039361372,17,[  0   0   0   3 184 163  17   0],7,258,945.3400268554688,30,0,Fuel/Ambient,38885167,1740861897
1740861897234763313,17,[  0   0   0   3 184 162  17   0],7,258,945.3200073242188,30,0,Fuel/Ambient,234394407,1740861897
1740861897442386169,17,[  0   0   0   3 184 162  17   0],7,258,945.3200073242188,30,0,Fuel/Ambient,441694022,1740861897
1740861897638308285,17,[  0   0   0   3 184 162  17   0],7,258,945.3200073242188,30,0,Fuel/Ambient,637536807,1740861897
1740861897844124499,17,[  0   0   0   3 184 163  17   0],7,258,945.3400268554688,30,0,Fuel/Ambient,843515618,1740861897
1740861898039760238,17,[  0   0   0   3 184 163  17   0],7,258,945.3400268554688,30,0,Fuel/Ambient,39282241,1740861898
1740861898245502561,17,[  0   0   0   3 184 162  17   0],7,258,945.3200073242188,30,0,Fuel/Ambient,244832719,1740861898
1740861898443522750,17,[  0   0   0   3 184 162  17   0],7,258,945.3200073242188,30,0,Fuel/Ambient,442906061,1740861898
1740861898639258811,17,[  0   0   0   3 184 162  17   0],7,258,945.3200073242188,30,0,Fuel/Ambient,638694123,1740861898
1740861898845308566,18,[  0   0   0   3 184 162  18   0],7,258,945.3200073242188,30,0,Fuel/Ambient,844692837,1740861898
1740861899040835213,18,[  0   0   0   3 184 162  18   0],7,258,945.3200073242188,30,0,Fuel/Ambient,40126394,1740861899
1740861899246314712,18,[  0   0   0   3 184 162  18   0],7,258,945.3200073242188,30,0,Fuel/Ambient,245633221,1740861899
1740861899444055180,18,[  0   0   0   3 184 162  18   0],7,258,945.3200073242188,30,0,Fuel/Ambient,443285782,1740861899
1740861899649308624,18,[  0   0   0   3 184 161  18   0],7,258,945.2999877929688,30,0,Fuel/Ambient,648798786,1740861899
1740861899844962602,18,[  0   0   0   3 184 161  18   0],7,258,945.2999877929688,30,0,Fuel/Ambient,844357689,1740861899
1740861900050604312,18,[  0   0   0   3 184 161  18   0],7,258,945.2999877929688,30,0,Fuel/Ambient,49811202,1740861900
1740861900246926884,18,[  0   0   0   3 184 161  18   0],7,258,945.2999877929688,30,0,Fuel/Ambient,245574622,1740861900
1740861900454359715,18,[  0   0   0   3 184 161  18   0],7,258,945.2999877929688,30,0,Fuel/Ambient,453492267,1740861900
1740861900649586064,18,[  0   0   0   3 184 161  18   0],7,258,945.2999877929688,30,0,Fuel/Ambient,648697399,1740861900
1740861900854596908,18,[  0   0   0   3 184 161  18   0],7,258,945.2999877929688,30,0,Fuel/Ambient,854040925,1740861900
1740861901053832904,18,[  0   0   0   3 184 161  18   0],7,258,945.2999877929688,30,0,Fuel/Ambient,53402012,1740861901
1740861901248531525,18,[  0   0   0   3 184 161  18   0],7,258,945.2999877929688,30,0,Fuel/Ambient,248018455,1740861901
1740861901456108679,18,[  0   0   0   3 184 161  18   0],7,258,945.2999877929688,30,0,Fuel/Ambient,455648059,1740861901
1740861901651454518,18,[  0   0   0   3 184 161  18   0],7,258,945.2999877929688,30,0,Fuel/Ambient,650749187,1740861901
1740861901857061858,18,[  0   0   0   3 184 161  18   0],7,258,945.2999877929688,30,0,Fuel/Ambient,856477682,1740861901
1740861902053194695,18,[  0   0   0   3 184 161  18   0],7,258,945.2999877929688,30,0,Fuel/Ambient,52551861,1740861902
1740861902258596300,18,[  0   0   0   3 184 161  18   0],7,258,945.2999877929688,30,0,Fuel/Ambient,258071581,1740861902
1740861902456791945,18,[  0   0   0   3 184 161  18   0],7,258,945.2999877929688,30,0,Fuel/Ambient,455946641,1740861902
1740861902662287984,18,[  0   0   0   3 184 160  18   0],7,258,945.280029296875,30,0,Fuel/Ambient,661569724,1740861902
1740861902857944135,18,[  0   0   0   3 184 160  18   0],7,258,945.280029296875,30,0,Fuel/Ambient,857551452,1740861902
1740861903063108293,18,[  0   0   0   3 184 160  18   0],7,258,945.280029296875,30,0,Fuel/Ambient,62358192,1740861903
1740861903257860897,18,[  0   0   0   3 184 160  18   0],7,258,945.280029296875,30,0,Fuel/Ambient,257482198,1740861903
1740861903456829426,18,[  0   0   0   3 184 160  18   0],7,258,945.280029296875,30,0,Fuel/Ambient,454827195,1740861903
1740861903660473797,18,[  0   0   0   3 184 160  18   0],7,258,945.280029296875,30,0,Fuel/Ambient,659652398,1740861903
1740861903865499807,18,[  0   0   0   3 184 160  18   0],7,258,945.280029296875,30,0,Fuel/Ambient,864941295,1740861903
1740861904062257970,18,[  0   0   0   3 184 160  18   0],7,258,945.280029296875,30,0,Fuel/Ambient,61545502,1740861904
1740861904257831588,18,[  0   0   0   3 184 160  18   0],7,258,945.280029296875,30,0,Fuel/Ambient,256852873,1740861904
1740861904465736300,18,[  0   0   0   3 184 160  18   0],7,258,945.280029296875,30,0,Fuel/Ambient,465289728,1740861904
1740861904661095896,18,[  0   0   0   3 184 159  18   0],7,258,945.260009765625,30,0,Fuel/Ambient,660551689,1740861904
1740861904867081611,18,[  0   0   0   3 184 159  18   0],7,258,945.260009765625,30,0,Fuel/Ambient,866415417,1740861904
1740861905062394134,18,[  0   0   0   3 184 160  18   0],7,258,945.280029296875,30,0,Fuel/Ambient,61827430,1740861905
1740861905267954364,18,[  0   0   0   3 184 160  18   0],7,258,945.280029296875,30,0,Fuel/Ambient,267563441,1740861905
1740861905466374395,18,[  0   0   0   3 184 160  18   0],7,258,945.280029296875,30,0,Fuel/Ambient,465862413,1740861905
1740861905662149778,18,[  0   0   0   3 184 160  18   0],7,258,945.280029296875,30,0,Fuel/Ambient,661658564,1740861905
1740861905867710456,18,[  0   0   0   3 184 160  18   0],7,258,945.280029296875,30,0,Fuel/Ambient,867129576,1740861905
1740861906063526831,18,[  0   0   0   3 184 160  18   0],7,258,945.280029296875,30,0,Fuel/Ambient,63178501,1740861906
1740861906269876042,18,[  0   0   0   3 184 160  18   0],7,258,945.280029296875,30,0,Fuel/Ambient,269199415,1740861906
1740861906468379531,18,[  0   0   0   3 184 161  18   0],7,258,945.2999877929688,30,0,Fuel/Ambient,467858108,1740861906
1740861906674127157,18,[  0   0   0   3 184 161  18   0],7,258,945.2999877929688,30,0,Fuel/Ambient,673659688,1740861906
1740861906869622370,18,[  0   0   0   3 184 161  18   0],7,258,945.2999877929688,30,0,Fuel/Ambient,869060723,1740861906
1740861907075066724,18,[  0   0   0   3 184 161  18   0],7,258,945.2999877929688,30,0,Fuel/Ambient,74482643,1740861907
1740861907270379435,18,[  0   0   0   3 184 161  18   0],7,258,945.2999877929688,30,0,Fuel/Ambient,269548212,1740861907
1740861907468833994,18,[  0   0   0   3 184 161  18   0],7,258,945.2999877929688,30,0,Fuel/Ambient,468326716,1740861907
1740861907674328492,18,[  0   0   0   3 184 161  18   0],7,258,945.2999877929688,30,0,Fuel/Ambient,673884703,1740861907
1740861907870122336,18,[  0   0   0   3 184 161  18   0],7,258,945.2999877929688,30,0,Fuel/Ambient,869621619,1740861907
1740861908076135728,18,[  0   0   0   3 184 161  18   0],7,258,945.2999877929688,30,0,Fuel/Ambient,75678148,1740861908
1740861908272162410,18,[  0   0   0   3 184 161  18   0],7,258,945.2999877929688,30,0,Fuel/Ambient,271531353,1740861908
1740861908480247123,18,[  0   0   0   3 184 161  18   0],7,258,945.2999877929688,30,0,Fuel/Ambient,479497086,1740861908
1740861908675616539,18,[  0   0   0   3 184 161  18   0],7,258,945.2999877929688,30,0,Fuel/Ambient,675045387,1740861908
1740861908881425572,18,[  0   0   0   3 184 161  18   0],7,258,945.2999877929688,30,0,Fuel/Ambient,880545100,1740861908
1740861909076968625,18,[  0   0   0   3 184 161  18   0],7,258,945.2999877929688,30,0,Fuel/Ambient,76338783,1740861909
1740861909282400270,18,[  0   0   0   3 184 161  18   0],7,258,945.2999877929688,30,0,Fuel/Ambient,281912353,1740861909
1740861909480688934,18,[  0   0   0   3 184 161  18   0],7,258,945.2999877929688,30,0,Fuel/Ambient,480215769,1740861909
1740861909675894217,18,[  0   0   0   3 184 161  18   0],7,258,945.2999877929688,30,0,Fuel/Ambient,675396539,1740861909
1740861909881627727,18,[  0   0   0   3 184 161  18   0],7,258,945.2999877929688,30,0,Fuel/Ambient,881070623,1740861909
1740861910078503167,18,[  0   0   0   3 184 161  18   0],7,258,945.2999877929688,30,0,Fuel/Ambient,78105524,1740861910
1740861910284145122,18,[  0   0   0   3 184 161  18   0],7,258,945.2999877929688,30,0,Fuel/Ambient,283475951,1740861910
1740861910482373207,18,[  0   0   0   3 184 161  18   0],7,258,945.2999877929688,30,0,Fuel/Ambient,481915978,1740861910
1740861910687647343,18,[  0   0   0   3 184 161  18   0],7,258,945.2999877929688,30,0,Fuel/Ambient,687133793,1740861910
1740861910884114547,18,[  0   0   0   3 184 160  18   0],7,258,945.280029296875,30,0,Fuel/Ambient,883444865,1740861910
1740861911080033256,18,[  0   0   0   3 184 160  18   0],7,258,945.280029296875,30,0,Fuel/Ambient,79302196,1740861911
1740861911286045683,18,[  0   0   0   3 184 160  18   0],7,258,945.280029296875,30,0,Fuel/Ambient,285680329,1740861911
1740861911484301256,18,[  0   0   0   3 184 160  18   0],7,258,945.280029296875,30,0,Fuel/Ambient,483597109,1740861911
1740861911690442999,18,[  0   0   0   3 184 160  18   0],7,258,945.280029296875,30,0,Fuel/Ambient,689731012,1740861911
1740861911885949152,18,[  0   0   0   3 184 159  18   0],7,258,945.260009765625,30,0,Fuel/Ambient,885372336,1740861911
1740861912092526555,18,[  0   0   0   3 184 159  18   0],7,258,945.260009765625,30,0,Fuel/Ambient,91714212,1740861912
1740861912288477358,18,[  0   0   0   3 184 159  18   0],7,258,945.260009765625,30,0,Fuel/Ambient,287758459,1740861912
1740861912487633659,18,[  0   0   0   3 184 159  18   0],7,258,945.260009765625,30,0,Fuel/Ambient,486196499,1740861912
1740861912692227742,18,[  0   0   0   3 184 159  18   0],7,258,945.260009765625,30,0,Fuel/Ambient,691642030,1740861912
1740861912888099696,18,[  0   0   0   3 184 159  18   0],7,258,945.260009765625,30,0,Fuel/Ambient,887518528,1740861912
1740861913093916468,18,[  0   0   0   3 184 159  18   0],7,258,945.260009765625,30,0,Fuel/Ambient,93164960,1740861913
1740861913289892104,18,[  0   0   0   3 184 159  18   0],7,258,945.260009765625,30,0,Fuel/Ambient,289014416,1740861913
1740861913488781196,18,[  0   0   0   3 184 159  18   0],7,258,945.260009765625,30,0,Fuel/Ambient,488226397,1740861913
1740861913694593936,18,[  0   0   0   3 184 158  18   0],7,258,945.239990234375,30,0,Fuel/Ambient,693763609,1740861913
1740861913890754984,18,[  0   0   0   3 184 158  18   0],7,258,945.239990234375,30,0,Fuel/Ambient,889933170,1740861913
1740861914096104191,18,[  0   0   0   3 184 158  18   0],7,258,945.239990234375,30,0,Fuel/Ambient,95404684,1740861914
1740861914292471804,18,[  0   0   0   3 184 158  18   0],7,258,945.239990234375,30,0,Fuel/Ambient,291729672,1740861914
1740861914491296893,18,[  0   0   0   3 184 158  18   0],7,258,945.239990234375,30,0,Fuel/Ambient,490772815,1740861914
1740861914697328710,18,[  0   0   0   3 184 158  18   0],7,258,945.239990234375,30,0,Fuel/Ambient,696579633,1740861914
1740861914893021713,18,[  0   0   0   3 184 158  18   0],7,258,945.239990234375,30,0,Fuel/Ambient,892238715,1740861914
1740861915098898325,18,[  0   0   0   3 184 158  18   0],7,258,945.239990234375,30,0,Fuel/Ambient,98207009,1740861915
1740861915294784355,18,[  0   0   0   3 184 158  18   0],7,258,945.239990234375,30,0,Fuel/Ambient,294025070,1740861915
1740861915502789506,18,[  0   0   0   3 184 158  18   0],7,258,945.239990234375,30,0,Fuel/Ambient,502297812,1740861915
1740861915699186559,18,[  0   0   0   3 184 158  18   0],7,258,945.239990234375,30,0,Fuel/Ambient,698738994,1740861915
1740861915903697116,18,[  0   0   0   3 184 158  18   0],7,258,945.239990234375,30,0,Fuel/Ambient,903235823,1740861915
1740861916104981504,18,[  0   0   0   3 184 159  18   0],7,258,945.260009765625,30,0,Fuel/Ambient,103877057,1740861916
1740861916300833357,18,[  0   0   0   3 184 159  18   0],7,258,945.260009765625,30,0,Fuel/Ambient,298814005,1740861916
1740861916501017777,18,[  0   0   0   3 184 159  18   0],7,258,945.260009765625,30,0,Fuel/Ambient,499975284,1740861916
1740861916707100793,18,[  0   0   0   3 184 159  18   0],7,258,945.260009765625,30,0,Fuel/Ambient,705798645,1740861916
1740861916901488702,18,[  0   0   0   3 184 159  18   0],7,258,945.260009765625,30,0,Fuel/Ambient,901229654,1740861916
1740861917107408480,18,[  0   0   0   3 184 159  18   0],7,258,945.260009765625,30,0,Fuel/Ambient,106850929,1740861917
1740861917302625147,18,[  0   0   0   3 184 159  18   0],7,258,945.260009765625,30,0,Fuel/Ambient,301948840,1740861917
1740861917503143687,18,[  0   0   0   3 184 159  18   0],7,258,945.260009765625,30,0,Fuel/Ambient,502414739,1740861917
1740861917709473685,18,[  0   0   0   3 184 159  18   0],7,258,945.260009765625,30,0,Fuel/Ambient,708916550,1740861917
1740861917906230170,18,[  0   0   0   3 184 159  18   0],7,258,945.260009765625,30,0,Fuel/Ambient,905384674,1740861917
1740861918111849875,18,[  0   0   0   3 184 159  18   0],7,258,945.260009765625,30,0,Fuel/Ambient,111326277,1740861918
1740861918306938377,18,[  0   0   0   3 184 160  18   0],7,258,945.280029296875,30,0,Fuel/Ambient,306417370,1740861918
1740861918504810763,18,[  0   0   0   3 184 160  18   0],7,258,945.280029296875,30,0,Fuel/Ambient,504320222,1740861918
1740861918710593065,18,[  0   0   0   3 184 160  18   0],7,258,945.280029296875,30,0,Fuel/Ambient,710056250,1740861918
1740861918906407026,18,[  0   0   0   3 184 160  18   0],7,258,945.280029296875,30,0,Fuel/Ambient,905777761,1740861918
1740861919112014090,18,[  0   0   0   3 184 160  18   0],7,258,945.280029296875,30,0,Fuel/Ambient,111259541,1740861919
1740861919307408743,18,[  0   0   0   3 184 160  18   0],7,258,945.280029296875,30,0,Fuel/Ambient,306652658,1740861919
1740861919514736846,18,[  0   0   0   3 184 160  18   0],7,258,945.280029296875,30,0,Fuel/Ambient,514295618,1740861919
1740861919710522870,18,[  0   0   0   3 184 160  18   0],7,258,945.280029296875,30,0,Fuel/Ambient,709731872,1740861919
1740861919917267725,19,[  0   0   0   3 184 160  19   0],7,258,945.280029296875,30,0,Fuel/Ambient,916674237,1740861919
1740861920113065268,19,[  0   0   0   3 184 160  19   0],7,258,945.280029296875,30,0,Fuel/Ambient,112235262,1740861920
1740861920318804398,19,[  0   0   0   3 184 160  19   0],7,258,945.280029296875,30,0,Fuel/Ambient,318250175,1740861920
1740861920517303072,19,[  0   0   0   3 184 160  19   0],7,258,945.280029296875,30,0,Fuel/Ambient,516764433,1740861920
1740861920713253483,19,[  0   0   0   3 184 160  19   0],7,258,945.280029296875,30,0,Fuel/Ambient,712597881,1740861920
1740861920920174630,19,[  0   0   0   3 184 161  19   0],7,258,945.2999877929688,30,0,Fuel/Ambient,919694969,1740861920
1740861921117673372,19,[  0   0   0   3 184 161  19   0],7,258,945.2999877929688,30,0,Fuel/Ambient,117001065,1740861921
1740861921322984361,19,[  0   0   0   3 184 161  19   0],7,258,945.2999877929688,30,0,Fuel/Ambient,322284565,1740861921
1740861921521825251,19,[  0   0   0   3 184 161  19   0],7,258,945.2999877929688,30,0,Fuel/Ambient,520932106,1740861921
1740861921717345601,19,[  0   0   0   3 184 161  19   0],7,258,945.2999877929688,30,0,Fuel/Ambient,716612397,1740861921
1740861921922283428,19,[  0   0   0   3 184 161  19   0],7,258,945.2999877929688,30,0,Fuel/Ambient,921934426,1740861921
1740861922117704479,19,[  0   0   0   3 184 161  19   0],7,258,945.2999877929688,30,0,Fuel/Ambient,117300308,1740861922
1740861922322891015,19,[  0   0   0   3 184 161  19   0],7,258,945.2999877929688,30,0,Fuel/Ambient,322226677,1740861922
1740861922522719228,19,[  0   0   0   3 184 161  19   0],7,258,945.2999877929688,30,0,Fuel/Ambient,521809698,1740861922
1740861922718337436,19,[  0   0   0   3 184 161  19   0],7,258,945.2999877929688,30,0,Fuel/Ambient,717835470,1740861922
1740861922923823052,19,[  0   0   0   3 184 161  19   0],7,258,945.2999877929688,30,0,Fuel/Ambient,923300254,1740861922
1740861923129382654,19,[  0   0   0   3 184 161  19   0],7,258,945.2999877929688,30,0,Fuel/Ambient,128727244,1740861923
1740861923325042463,19,[  0   0   0   3 184 160  19   0],7,258,945.280029296875,30,0,Fuel/Ambient,324391821,1740861923
1740861923522801369,19,[  0   0   0   3 184 160  19   0],7,258,945.280029296875,30,0,Fuel/Ambient,522229769,1740861923
1740861923728139812,19,[  0   0   0   3 184 160  19   0],7,258,945.280029296875,30,0,Fuel/Ambient,727493106,1740861923
1740861923923700834,19,[  0   0   0   3 184 160  19   0],7,258,945.280029296875,30,0,Fuel/Ambient,923016975,1740861923
1740861924129750976,19,[  0   0   0   3 184 160  19   0],7,258,945.280029296875,30,0,Fuel/Ambient,129003948,1740861924
1740861924325823947,19,[  0   0   0   3 184 160  19   0],7,258,945.280029296875,30,0,Fuel/Ambient,325368382,1740861924
1740861924533176813,19,[  0   0   0   3 184 160  19   0],7,258,945.280029296875,30,0,Fuel/Ambient,532681439,1740861924
1740861924729162517,19,[  0   0   0   3 184 160  19   0],7,258,945.280029296875,30,0,Fuel/Ambient,728159609,1740861924
1740861924934141525,19,[  0   0   0   3 184 160  19   0],7,258,945.280029296875,30,0,Fuel/Ambient,933744906,1740861924
1740861925130506791,19,[  0   0   0   3 184 160  19   0],7,258,945.280029296875,30,0,Fuel/Ambient,129348455,1740861925
1740861925335732877,19,[  0   0   0   3 184 160  19   0],7,258,945.280029296875,30,0,Fuel/Ambient,335005017,1740861925
1740861925533998963,19,[  0   0   0   3 184 160  19   0],7,258,945.280029296875,30,0,Fuel/Ambient,533486085,1740861925
1740861925729368809,19,[  0   0   0   3 184 160  19   0],7,258,945.280029296875,30,0,Fuel/Ambient,728929565,1740861925
1740861925935494825,19,[  0   0   0   3 184 160  19   0],7,258,945.280029296875,30,0,Fuel/Ambient,935102430,1740861925
1740861926132346279,19,[  0   0   0   3 184 160  19   0],7,258,945.280029296875,30,0,Fuel/Ambient,131613139,1740861926
1740861926337736080,19,[  0   0   0   3 184 160  19   0],7,258,945.280029296875,30,0,Fuel/Ambient,337081854,1740861926
1740861926537567521,19,[  0   0   0   3 184 160  19   0],7,258,945.280029296875,30,0,Fuel/Ambient,536993937,1740861926
1740861926733355585,19,[  0   0   0   3 184 160  19   0],7,258,945.280029296875,30,0,Fuel/Ambient,732727408,1740861926
1740861926939437502,19,[  0   0   0   3 184 159  19   0],7,258,945.260009765625,30,0,Fuel/Ambient,938595751,1740861926
1740861927134385671,19,[  0   0   0   3 184 160  19   0],7,258,945.280029296875,30,0,Fuel/Ambient,133906809,1740861927
1740861927339677612,19,[  0   0   0   3 184 160  19   0],7,258,945.280029296875,30,0,Fuel/Ambient,338921496,1740861927
1740861927540022570,19,[  0   0   0   3 184 160  19   0],7,258,945.280029296875,30,0,Fuel/Ambient,537002678,1740861927
1740861927743008144,19,[  0   0   0   3 184 160  19   0],7,258,945.280029296875,30,0,Fuel/Ambient,742391807,1740861927
1740861927938544072,19,[  0   0   0   3 184 160  19   0],7,258,945.280029296875,30,0,Fuel/Ambient,938032698,1740861927
1740861928144546657,19,[  0   0   0   3 184 159  19   0],7,258,945.260009765625,30,0,Fuel/Ambient,143271934,1740861928
1740861928339222177,19,[  0   0   0   3 184 159  19   0],7,258,945.260009765625,30,0,Fuel/Ambient,338863191,1740861928
1740861928538225528,19,[  0   0   0   3 184 159  19   0],7,258,945.260009765625,30,0,Fuel/Ambient,537483268,1740861928
1740861928744813857,19,[  0   0   0   3 184 159  19   0],7,258,945.260009765625,30,0,Fuel/Ambient,744197104,1740861928
1740861928940736451,19,[  0   0   0   3 184 159  19   0],7,258,945.260009765625,30,0,Fuel/Ambient,939772360,1740861928
1740861929146673785,19,[  0   0   0   3 184 159  19   0],7,258,945.260009765625,30,0,Fuel/Ambient,146006822,1740861929
1740861929342583417,19,[  0   0   0   3 184 159  19   0],7,258,945.260009765625,30,0,Fuel/Ambient,341877766,1740861929
1740861929550786766,19,[  0   0   0   3 184 159  19   0],7,258,945.260009765625,30,0,Fuel/Ambient,550258207,1740861929
1740861929746293475,19,[  0   0   0   3 184 159  19   0],7,258,945.260009765625,30,0,Fuel/Ambient,745624881,1740861929
1740861929951652681,19,[  0   0   0   3 184 159  19   0],7,258,945.260009765625,30,0,Fuel/Ambient,951056888,1740861929
1740861930147294913,19,[  0   0   0   3 184 159  19   0],7,258,945.260009765625,30,0,Fuel/Ambient,146578766,1740861930
1740861930353084434,19,[  0   0   0   3 184 159  19   0],7,258,945.260009765625,30,0,Fuel/Ambient,352605892,1740861930
1740861930551242095,19,[  0   0   0   3 184 159  19   0],7,258,945.260009765625,30,0,Fuel/Ambient,550801635,1740861930
1740861930747576251,19,[  0   0   0   3 184 159  19   0],7,258,945.260009765625,30,0,Fuel/Ambient,747125198,1740861930
1740861930953554448,19,[  0   0   0   3 184 159  19   0],7,258,945.260009765625,30,0,Fuel/Ambient,953112996,1740861930
1740861931149501168,19,[  0   0   0   3 184 159  19   0],7,258,945.260009765625,30,0,Fuel/Ambient,148947937,1740861931
1740861931354952246,19,[  0   0   0   3 184 159  19   0],7,258,945.260009765625,30,0,Fuel/Ambient,354310565,1740861931
1740861931553228694,19,[  0   0   0   3 184 159  19   0],7,258,945.260009765625,30,0,Fuel/Ambient,552805675,1740861931
1740861931748684456,19,[  0   0   0   3 184 160  19   0],7,258,945.280029296875,30,0,Fuel/Ambient,747913299,1740861931
1740861931954901795,19,[  0   0   0   3 184 160  19   0],7,258,945.280029296875,30,0,Fuel/Ambient,954425430,1740861931
1740861932151010087,19,[  0   0   0   3 184 160  19   0],7,258,945.280029296875,30,0,Fuel/Ambient,150320468,1740861932
1740861932356716243,19,[  0   0   0   3 184 160  19   0],7,258,945.280029296875,30,0,Fuel/Ambient,355938813,1740861932
1740861932554223996,19,[  0   0   0   3 184 160  19   0],7,258,945.280029296875,30,0,Fuel/Ambient,553739791,1740861932
1740861932760060652,19,[  0   0   0   3 184 160  19   0],7,258,945.280029296875,30,0,Fuel/Ambient,759399322,1740861932
1740861932955512413,19,[  0   0   0   3 184 160  19   0],7,258,945.280029296875,30,0,Fuel/Ambient,955169011,1740861932
1740861933160830621,19,[  0   0   0   3 184 160  19   0],7,258,945.280029296875,30,0,Fuel/Ambient,160271278,1740861933
1740861933356556981,19,[  0   0   0   3 184 160  19   0],7,258,945.280029296875,30,0,Fuel/Ambient,356021222,1740861933
1740861933559829916,19,[  0   0   0   3 184 160  19   0],7,258,945.280029296875,30,0,Fuel/Ambient,556377501,1740861933
1740861933762214284,19,[  0   0   0   3 184 160  19   0],7,258,945.280029296875,30,0,Fuel/Ambient,761627195,1740861933
1740861933957775807,19,[  0   0   0   3 184 160  19   0],7,258,945.280029296875,30,0,Fuel/Ambient,956993801,1740861933
1740861934163218529,19,[  0   0   0   3 184 160  19   0],7,258,945.280029296875,30,0,Fuel/Ambient,162645650,1740861934
1740861934358199811,19,[  0   0   0   3 184 160  19   0],7,258,945.280029296875,30,0,Fuel/Ambient,357684597,1740861934
1740861934565317588,19,[  0   0   0   3 184 160  19   0],7,258,945.280029296875,30,0,Fuel/Ambient,564829351,1740861934
1740861934762316270,19,[  0   0   0   3 184 161  19   0],7,258,945.2999877929688,30,0,Fuel/Ambient,761511287,1740861934
1740861934967968214,19,[  0   0   0   3 184 161  19   0],7,258,945.2999877929688,30,0,Fuel/Ambient,967261826,1740861934
1740861935164741192,19,[  0   0   0   3 184 161  19   0],7,258,945.2999877929688,30,0,Fuel/Ambient,163994228,1740861935
1740861935369980292,19,[  0   0   0   3 184 161  19   0],7,258,945.2999877929688,30,0,Fuel/Ambient,369477654,1740861935
1740861935568723981,19,[  0   0   0   3 184 161  19   0],7,258,945.2999877929688,30,0,Fuel/Ambient,567880086,1740861935
1740861935764153498,19,[  0   0   0   3 184 161  19   0],7,258,945.2999877929688,30,0,Fuel/Ambient,763444487,1740861935
1740861935971001762,19,[  0   0   0   3 184 161  19   0],7,258,945.2999877929688,30,0,Fuel/Ambient,970118634,1740861935
1740861936166915868,19,[  0   0   0   3 184 161  19   0],7,258,945.2999877929688,30,0,Fuel/Ambient,166356813,1740861936
1740861936373119601,19,[  0   0   0   3 184 160  19   0],7,258,945.280029296875,30,0,Fuel/Ambient,371702762,1740861936
1740861936570426129,19,[  0   0   0   3 184 160  19   0],7,258,945.280029296875,30,0,Fuel/Ambient,569974693,1740861936
1740861936765213804,19,[  0   0   0   3 184 161  19   0],7,258,945.2999877929688,30,0,Fuel/Ambient,764766336,1740861936
1740861936971222684,19,[  0   0   0   3 184 161  19   0],7,258,945.2999877929688,30,0,Fuel/Ambient,970451495,1740861936
1740861937166570277,19,[  0   0   0   3 184 161  19   0],7,258,945.2999877929688,30,0,Fuel/Ambient,166153625,1740861937
1740861937372522450,19,[  0   0   0   3 184 161  19   0],7,258,945.2999877929688,30,0,Fuel/Ambient,372001060,1740861937
1740861937571184119,19,[  0   0   0   3 184 160  19   0],7,258,945.280029296875,30,0,Fuel/Ambient,570575974,1740861937
1740861937777619217,19,[  0   0   0   3 184 161  19   0],7,258,945.2999877929688,30,0,Fuel/Ambient,777020385,1740861937
1740861937973264610,19,[  0   0   0   3 184 161  19   0],7,258,945.2999877929688,30,0,Fuel/Ambient,972726100,1740861937
1740861938178651839,19,[  0   0   0   3 184 161  19   0],7,258,945.2999877929688,30,0,Fuel/Ambient,178019086,1740861938
1740861938373995847,19,[  0   0   0   3 184 161  19   0],7,258,945.2999877929688,30,0,Fuel/Ambient,373401911,1740861938
1740861938573684615,19,[  0   0   0   3 184 161  19   0],7,258,945.2999877929688,30,0,Fuel/Ambient,573226170,1740861938
1740861938780162241,19,[  0   0   0   3 184 161  19   0],7,258,945.2999877929688,30,0,Fuel/Ambient,779700981,1740861938
1740861938975492041,19,[  0   0   0   3 184 161  19   0],7,258,945.2999877929688,30,0,Fuel/Ambient,974939386,1740861938
1740861939181544439,19,[  0   0   0   3 184 161  19   0],7,258,945.2999877929688,30,0,Fuel/Ambient,180817795,1740861939
1740861939377447309,19,[  0   0   0   3 184 161  19   0],7,258,945.2999877929688,30,0,Fuel/Ambient,376704185,1740861939
1740861939574984048,19,[  0   0   0   3 184 161  19   0],7,258,945.2999877929688,30,0,Fuel/Ambient,574469698,1740861939
1740861939782851664,19,[  0   0   0   3 184 161  19   0],7,258,945.2999877929688,30,0,Fuel/Ambient,782175262,1740861939
1740861939978544289,19,[  0   0   0   3 184 161  19   0],7,258,945.2999877929688,30,0,Fuel/Ambient,977859342,1740861939
1740861940184143937,19,[  0   0   0   3 184 161  19   0],7,258,945.2999877929688,30,0,Fuel/Ambient,183506960,1740861940
1740861940379836689,19,[  0   0   0   3 184 161  19   0],7,258,945.2999877929688,30,0,Fuel/Ambient,378978905,1740861940
1740861940578047462,19,[  0   0   0   3 184 161  19   0],7,258,945.2999877929688,30,0,Fuel/Ambient,577381395,1740861940
1740861940784714915,19,[  0   0   0   3 184 161  19   0],7,258,945.2999877929688,30,0,Fuel/Ambient,784113075,1740861940
1740861940981281003,19,[  0   0   0   3 184 161  19   0],7,258,945.2999877929688,30,0,Fuel/Ambient,980770173,1740861940
1740861941188531256,19,[  0   0   0   3 184 161  19   0],7,258,945.2999877929688,30,0,Fuel/Ambient,188133613,1740861941
1740861941385427495,19,[  0   0   0   3 184 161  19   0],7,258,945.2999877929688,30,0,Fuel/Ambient,384188069,1740861941
1740861941582655072,19,[  0   0   0   3 184 161  19   0],7,258,945.2999877929688,30,0,Fuel/Ambient,582157138,1740861941
1740861941787974808,19,[  0   0   0   3 184 160  19   0],7,258,945.280029296875,30,0,Fuel/Ambient,787524427,1740861941
1740861941984919561,19,[  0   0   0   3 184 160  19   0],7,258,945.280029296875,30,0,Fuel/Ambient,983107479,1740861941
1740861942189382184,19,[  0   0   0   3 184 160  19   0],7,258,945.280029296875,30,0,Fuel/Ambient,188919131,1740861942
1740861942385038100,19,[  0   0   0   3 184 160  19   0],7,258,945.280029296875,30,0,Fuel/Ambient,384628713,1740861942
1740861942594291895,19,[  0   0   0   3 184 160  19   0],7,258,945.280029296875,30,0,Fuel/Ambient,593187320,1740861942
1740861942789848160,19,[  0   0   0   3 184 160  19   0],7,258,945.280029296875,30,0,Fuel/Ambient,789252496,1740861942
1740861942986444679,19,[  0   0   0   3 184 160  19   0],7,258,945.280029296875,30,0,Fuel/Ambient,986027547,1740861942
1740861943192352141,19,[  0   0   0   3 184 160  19   0],7,258,945.280029296875,30,0,Fuel/Ambient,191698299,1740861943
1740861943388487173,19,[  0   0   0   3 184 160  19   0],7,258,945.280029296875,30,0,Fuel/Ambient,387972407,1740861943
1740861943596367041,19,[  0   0   0   3 184 160  19   0],7,258,945.280029296875,30,0,Fuel/Ambient,595850931,1740861943
1740861943792361654,19,[  0   0   0   3 184 160  19   0],7,258,945.280029296875,30,0,Fuel/Ambient,791520991,1740861943
1740861943998054966,19,[  0   0   0   3 184 160  19   0],7,258,945.280029296875,30,0,Fuel/Ambient,997330850,1740861943
1740861944193563484,19,[  0   0   0   3 184 160  19   0],7,258,945.280029296875,30,0,Fuel/Ambient,192929354,1740861944
1740861944399193561,19,[  0   0   0   3 184 161  19   0],7,258,945.2999877929688,30,0,Fuel/Ambient,398634569,1740861944
1740861944596991966,19,[  0   0   0   3 184 161  19   0],7,258,945.2999877929688,30,0,Fuel/Ambient,596171912,1740861944
1740861944792513317,19,[  0   0   0   3 184 161  19   0],7,258,945.2999877929688,30,0,Fuel/Ambient,791950773,1740861944
1740861944998671632,19,[  0   0   0   3 184 161  19   0],7,258,945.2999877929688,30,0,Fuel/Ambient,997931452,1740861944
1740861945194742373,19,[  0   0   0   3 184 161  19   0],7,258,945.2999877929688,30,0,Fuel/Ambient,193980080,1740861945
1740861945403996261,19,[  0   0   0   3 184 161  19   0],7,258,945.2999877929688,30,0,Fuel/Ambient,400157179,1740861945
1740861945600026233,19,[  0   0   0   3 184 161  19   0],7,258,945.2999877929688,30,0,Fuel/Ambient,596129965,1740861945
1740861945801400063,19,[  0   0   0   3 184 161  19   0],7,258,945.2999877929688,30,0,Fuel/Ambient,800947795,1740861945
1740861945997321136,19,[  0   0   0   3 184 161  19   0],7,258,945.2999877929688,30,0,Fuel/Ambient,996715423,1740861945
1740861946203618909,19,[  0   0   0   3 184 161  19   0],7,258,945.2999877929688,30,0,Fuel/Ambient,202836552,1740861946
1740861946399911415,19,[  0   0   0   3 184 161  19   0],7,258,945.2999877929688,30,0,Fuel/Ambient,399278054,1740861946
1740861946598123014,19,[  0   0   0   3 184 161  19   0],7,258,945.2999877929688,30,0,Fuel/Ambient,597553270,1740861946
1740861946803578204,19,[  0   0   0   3 184 161  19   0],7,258,945.2999877929688,30,0,Fuel/Ambient,803038669,1740861946
1740861946998981213,19,[  0   0   0   3 184 161  19   0],7,258,945.2999877929688,30,0,Fuel/Ambient,998423854,1740861946
1740861947204295950,19,[  0   0   0   3 184 161  19   0],7,258,945.2999877929688,30,0,Fuel/Ambient,203709022,1740861947
1740861947410519865,19,[  0   0   0   3 184 161  19   0],7,258,945.2999877929688,30,0,Fuel/Ambient,409641760,1740861947
1740861947609479035,19,[  0   0   0   3 184 161  19   0],7,258,945.2999877929688,30,0,Fuel/Ambient,608485951,1740861947
1740861947804479344,19,[  0   0   0   3 184 161  19   0],7,258,945.2999877929688,30,0,Fuel/Ambient,804020579,1740861947
1740861948010373265,19,[  0   0   0   3 184 161  19   0],7,258,945.2999877929688,30,0,Fuel/Ambient,9634717,1740861948
1740861948206358945,19,[  0   0   0   3 184 162  19   0],7,258,945.3200073242188,30,0,Fuel/Ambient,205733711,1740861948
1740861948412417989,19,[  0   0   0   3 184 162  19   0],7,258,945.3200073242188,30,0,Fuel/Ambient,411739410,1740861948
1740861948611426536,19,[  0   0   0   3 184 162  19   0],7,258,945.3200073242188,30,0,Fuel/Ambient,610573008,1740861948
1740861948807672638,19,[  0   0   0   3 184 162  19   0],7,258,945.3200073242188,30,0,Fuel/Ambient,806866888,1740861948
1740861949013082001,19,[  0   0   0   3 184 162  19   0],7,258,945.3200073242188,30,0,Fuel/Ambient,12326620,1740861949
1740861949209592238,19,[  0   0   0   3 184 162  19   0],7,258,945.3200073242188,30,0,Fuel/Ambient,208620563,1740861949
1740861949415004383,19,[  0   0   0   3 184 162  19   0],7,258,945.3200073242188,30,0,Fuel/Ambient,414196905,1740861949
1740861949612992101,19,[  0   0   0   3 184 162  19   0],7,258,945.3200073242188,30,0,Fuel/Ambient,612437910,1740861949
1740861949808991284,19,[  0   0   0   3 184 162  19   0],7,258,945.3200073242188,30,0,Fuel/Ambient,808457125,1740861949
1740861950015498308,19,[  0   0   0   3 184 161  19   0],7,258,945.2999877929688,30,0,Fuel/Ambient,14640044,1740861950
1740861950210772541,19,[  0   0   0   3 184 162  19   0],7,258,945.3200073242188,30,0,Fuel/Ambient,210104267,1740861950
1740861950416457078,19,[  0   0   0   3 184 162  19   0],7,258,945.3200073242188,30,0,Fuel/Ambient,415765731,1740861950
1740861950614543965,19,[  0   0   0   3 184 161  19   0],7,258,945.2999877929688,30,0,Fuel/Ambient,614077712,1740861950
1740861950820899239,19,[  0   0   0   3 184 161  19   0],7,258,945.2999877929688,30,0,Fuel/Ambient,820404122,1740861950
1740861951016389735,19,[  0   0   0   3 184 161  19   0],7,258,945.2999877929688,30,0,Fuel/Ambient,15709428,1740861951
1740861951222023805,19,[  0   0   0   3 184 161  19   0],7,258,945.2999877929688,30,0,Fuel/Ambient,221250056,1740861951
1740861951417682656,19,[  0   0   0   3 184 162  19   0],7,258,945.3200073242188,30,0,Fuel/Ambient,416881226,1740861951
1740861951616565852,19,[  0   0   0   3 184 162  19   0],7,258,945.3200073242188,30,0,Fuel/Ambient,615886282,1740861951
1740861951822589533,19,[  0   0   0   3 184 162  19   0],7,258,945.3200073242188,30,0,Fuel/Ambient,821909418,1740861951
1740861952019224411,19,[  0   0   0   3 184 162  19   0],7,258,945.3200073242188,30,0,Fuel/Ambient,18530568,1740861952
1740861952224612169,19,[  0   0   0   3 184 162  19   0],7,258,945.3200073242188,30,0,Fuel/Ambient,224013753,1740861952
1740861952420413839,19,[  0   0   0   3 184 162  19   0],7,258,945.3200073242188,30,0,Fuel/Ambient,419703068,1740861952
1740861952619221512,19,[  0   0   0   3 184 162  19   0],7,258,945.3200073242188,30,0,Fuel/Ambient,618752027,1740861952
1740861952824563509,19,[  0   0   0   3 184 162  19   0],7,258,945.3200073242188,30,0,Fuel/Ambient,823858946,1740861952
1740861953020577153,19,[  0   0   0   3 184 162  19   0],7,258,945.3200073242188,30,0,Fuel/Ambient,19967792,1740861953
1740861953226562814,19,[  0   0   0   3 184 162  19   0],7,258,945.3200073242188,30,0,Fuel/Ambient,225803402,1740861953
1740861953422603562,19,[  0   0   0   3 184 162  19   0],7,258,945.3200073242188,30,0,Fuel/Ambient,421871574,1740861953
1740861953620776913,19,[  0   0   0   3 184 162  19   0],7,258,945.3200073242188,30,0,Fuel/Ambient,620293540,1740861953
1740861953826769838,19,[  0   0   0   3 184 162  19   0],7,258,945.3200073242188,30,0,Fuel/Ambient,825764339,1740861953
1740861954023042657,19,[  0   0   0   3 184 162  19   0],7,258,945.3200073242188,30,0,Fuel/Ambient,21541911,1740861954
1740861954228081987,19,[  0   0   0   3 184 161  19   0],7,258,945.2999877929688,30,0,Fuel/Ambient,227420209,1740861954
1740861954423338680,19,[  0   0   0   3 184 161  19   0],7,258,945.2999877929688,30,0,Fuel/Ambient,422762249,1740861954
1740861954630762908,19,[  0   0   0   3 184 161  19   0],7,258,945.2999877929688,30,0,Fuel/Ambient,630183404,1740861954
1740861954827329270,19,[  0   0   0   3 184 161  19   0],7,258,945.2999877929688,30,0,Fuel/Ambient,826603810,1740861954
1740861955033052875,19,[  0   0   0   3 184 162  19   0],7,258,945.3200073242188,30,0,Fuel/Ambient,32464826,1740861955
1740861955231095404,19,[  0   0   0   3 184 162  19   0],7,258,945.3200073242188,30,0,Fuel/Ambient,228024439,1740861955
1740861955433798605,19,[  0   0   0   3 184 162  19   0],7,258,945.3200073242188,30,0,Fuel/Ambient,433239613,1740861955
1740861955632917515,19,[  0   0   0   3 184 162  19   0],7,258,945.3200073242188,30,0,Fuel/Ambient,632046259,1740861955
1740861955828835282,19,[  0   0   0   3 184 162  19   0],7,258,945.3200073242188,30,0,Fuel/Ambient,828089053,1740861955
1740861956035252601,19,[  0   0   0   3 184 162  19   0],7,258,945.3200073242188,30,0,Fuel/Ambient,34662632,1740861956
1740861956230913943,19,[  0   0   0   3 184 162  19   0],7,258,945.3200073242188,30,0,Fuel/Ambient,230373704,1740861956
1740861956436513703,19,[  0   0   0   3 184 162  19   0],7,258,945.3200073242188,30,0,Fuel/Ambient,436160925,1740861956
1740861956635115030,19,[  0   0   0   3 184 162  19   0],7,258,945.3200073242188,30,0,Fuel/Ambient,634340769,1740861956
1740861956841177874,19,[  0   0   0   3 184 162  19   0],7,258,945.3200073242188,30,0,Fuel/Ambient,840568674,1740861956
1740861957036567401,19,[  0   0   0   3 184 162  19   0],7,258,945.3200073242188,30,0,Fuel/Ambient,35919704,1740861957
1740861957242088758,19,[  0   0   0   3 184 162  19   0],7,258,945.3200073242188,30,0,Fuel/Ambient,241461413,1740861957
1740861957438143486,19,[  0   0   0   3 184 161  19   0],7,258,945.2999877929688,30,0,Fuel/Ambient,436761624,1740861957
1740861957636948594,19,[  0   0   0   3 184 161  19   0],7,258,945.2999877929688,30,0,Fuel/Ambient,635703312,1740861957
1740861957841847021,19,[  0   0   0   3 184 161  19   0],7,258,945.2999877929688,30,0,Fuel/Ambient,841273438,1740861957
1740861958037759986,19,[  0   0   0   3 184 161  19   0],7,258,945.2999877929688,30,0,Fuel/Ambient,36989565,1740861958
1740861958243427233,19,[  0   0   0   3 184 161  19   0],7,258,945.2999877929688,30,0,Fuel/Ambient,242736654,1740861958
1740861958439585259,19,[  0   0   0   3 184 161  19   0],7,258,945.2999877929688,30,0,Fuel/Ambient,439181856,1740861958
1740861958638520450,19,[  0   0   0   3 184 161  19   0],7,258,945.2999877929688,30,0,Fuel/Ambient,637568008,1740861958
1740861958844284404,19,[  0   0   0   3 184 161  19   0],7,258,945.2999877929688,30,0,Fuel/Ambient,843619042,1740861958
1740861959039802188,19,[  0   0   0   3 184 161  19   0],7,258,945.2999877929688,30,0,Fuel/Ambient,38998134,1740861959
1740861959245481819,19,[  0   0   0   3 184 161  19   0],7,258,945.2999877929688,30,0,Fuel/Ambient,244903019,1740861959
1740861959440970098,19,[  0   0   0   3 184 161  19   0],7,258,945.2999877929688,30,0,Fuel/Ambient,440299296,1740861959
1740861959651773037,19,[  0   0   0   3 184 160  19   0],7,258,945.280029296875,30,0,Fuel/Ambient,648557813,1740861959
1740861959843389466,19,[  0   0   0   3 184 160  19   0],7,258,945.280029296875,30,0,Fuel/Ambient,842933997,1740861959
1740861960048758528,19,[  0   0   0   3 184 160  19   0],7,258,945.280029296875,30,0,Fuel/Ambient,48282899,1740861960
1740861960243749736,19,[  0   0   0   3 184 160  19   0],7,258,945.280029296875,30,0,Fuel/Ambient,243149304,1740861960
1740861960449013386,19,[  0   0   0   3 184 160  19   0],7,258,945.280029296875,30,0,Fuel/Ambient,448581566,1740861960
1740861960647878301,19,[  0   0   0   3 184 160  19   0],7,258,945.280029296875,30,0,Fuel/Ambient,647056454,1740861960
1740861960853675854,19,[  0   0   0   3 184 160  19   0],7,258,945.280029296875,30,0,Fuel/Ambient,853125695,1740861960
1740861961049175812,19,[  0   0   0   3 184 160  19   0],7,258,945.280029296875,30,0,Fuel/Ambient,48614740,1740861961
1740861961254258304,19,[  0   0   0   3 184 160  19   0],7,258,945.280029296875,30,0,Fuel/Ambient,253690736,1740861961
1740861961451078778,19,[  0   0   0   3 184 160  19   0],7,258,945.280029296875,30,0,Fuel/Ambient,450530827,1740861961
1740861961649049491,19,[  0   0   0   3 184 160  19   0],7,258,945.280029296875,30,0,Fuel/Ambient,648624295,1740861961
1740861961855415634,19,[  0   0   0   3 184 160  19   0],7,258,945.280029296875,30,0,Fuel/Ambient,854778657,1740861961
1740861962051088844,19,[  0   0   0   3 184 160  19   0],7,258,945.280029296875,30,0,Fuel/Ambient,50421594,1740861962
1740861962256977437,19,[  0   0   0   3 184 159  19   0],7,258,945.260009765625,30,0,Fuel/Ambient,256350924,1740861962
1740861962452312429,19,[  0   0   0   3 184 159  19   0],7,258,945.260009765625,30,0,Fuel/Ambient,451912418,1740861962
1740861962659970319,19,[  0   0   0   3 184 159  19   0],7,258,945.260009765625,30,0,Fuel/Ambient,659224314,1740861962
1740861962855647208,19,[  0   0   0   3 184 159  19   0],7,258,945.260009765625,30,0,Fuel/Ambient,855127706,1740861962
1740861963061766431,19,[  0   0   0   3 184 159  19   0],7,258,945.260009765625,30,0,Fuel/Ambient,61049996,1740861963
1740861963257508665,19,[  0   0   0   3 184 159  19   0],7,258,945.260009765625,30,0,Fuel/Ambient,256807238,1740861963
1740861963452997996,19,[  0   0   0   3 184 159  19   0],7,258,945.260009765625,30,0,Fuel/Ambient,452511231,1740861963
1740861963661780876,19,[  0   0   0   3 184 159  19   0],7,258,945.260009765625,30,0,Fuel/Ambient,661062264,1740861963
1740861963857430531,19,[  0   0   0   3 184 159  19   0],7,258,945.260009765625,30,0,Fuel/Ambient,856899189,1740861963
1740861964063666589,19,[  0   0   0   3 184 159  19   0],7,258,945.260009765625,30,0,Fuel/Ambient,63299859,1740861964
1740861964260708474,19,[  0   0   0   3 184 159  19   0],7,258,945.260009765625,30,0,Fuel/Ambient,259986630,1740861964
1740861964456892831,19,[  0   0   0   3 184 158  19   0],7,258,945.239990234375,30,0,Fuel/Ambient,455860290,1740861964
1740861964663818571,19,[  0   0   0   3 184 158  19   0],7,258,945.239990234375,30,0,Fuel/Ambient,663344350,1740861964
1740861964859340861,19,[  0   0   0   3 184 158  19   0],7,258,945.239990234375,30,0,Fuel/Ambient,858820047,1740861964
1740861965065449426,19,[  0   0   0   3 184 158  19   0],7,258,945.239990234375,30,0,Fuel/Ambient,64874051,1740861965
1740861965261224395,19,[  0   0   0   3 184 158  19   0],7,258,945.239990234375,30,0,Fuel/Ambient,260450998,1740861965
1740861965466892052,19,[  0   0   0   3 184 158  19   0],7,258,945.239990234375,30,0,Fuel/Ambient,466183232,1740861965
1740861965664870761,19,[  0   0   0   3 184 158  19   0],7,258,945.239990234375,30,0,Fuel/Ambient,664166582,1740861965
1740861965870659989,19,[  0   0   0   3 184 158  19   0],7,258,945.239990234375,30,0,Fuel/Ambient,870184423,1740861965
1740861966067131712,19,[  0   0   0   3 184 158  19   0],7,258,945.239990234375,30,0,Fuel/Ambient,66616850,1740861966
1740861966262646065,19,[  0   0   0   3 184 158  19   0],7,258,945.239990234375,30,0,Fuel/Ambient,262258310,1740861966
1740861966470356560,19,[  0   0   0   3 184 158  19   0],7,258,945.239990234375,30,0,Fuel/Ambient,469648925,1740861966
1740861966668350117,19,[  0   0   0   3 184 158  19   0],7,258,945.239990234375,30,0,Fuel/Ambient,667913081,1740861966
1740861966873808775,19,[  0   0   0   3 184 158  19   0],7,258,945.239990234375,30,0,Fuel/Ambient,873343514,1740861966
1740861967069379929,19,[  0   0   0   3 184 158  19   0],7,258,945.239990234375,30,0,Fuel/Ambient,68901451,1740861967
1740861967275228068,19,[  0   0   0   3 184 157  19   0],7,258,945.219970703125,30,0,Fuel/Ambient,274493072,1740861967
1740861967470851447,19,[  0   0   0   3 184 157  19   0],7,258,945.219970703125,30,0,Fuel/Ambient,470152835,1740861967
1740861967669514589,19,[  0   0   0   3 184 158  19   0],7,258,945.239990234375,30,0,Fuel/Ambient,668905996,1740861967
1740861967875057152,19,[  0   0   0   3 184 158  19   0],7,258,945.239990234375,30,0,Fuel/Ambient,874352236,1740861967
1740861968071243841,19,[  0   0   0   3 184 158  19   0],7,258,945.239990234375,30,0,Fuel/Ambient,70546990,1740861968
1740861968277499095,19,[  0   0   0   3 184 158  19   0],7,258,945.239990234375,30,0,Fuel/Ambient,276745314,1740861968
1740861968473530804,19,[  0   0   0   3 184 158  19   0],7,258,945.239990234375,30,0,Fuel/Ambient,472971108,1740861968
1740861968671361602,19,[  0   0   0   3 184 158  19   0],7,258,945.239990234375,30,0,Fuel/Ambient,670658447,1740861968
1740861968877246925,19,[  0   0   0   3 184 158  19   0],7,258,945.239990234375,30,0,Fuel/Ambient,876394486,1740861968
1740861969072897760,19,[  0   0   0   3 184 158  19   0],7,258,945.239990234375,30,0,Fuel/Ambient,72159979,1740861969
1740861969278590244,19,[  0   0   0   3 184 159  19   0],7,258,945.260009765625,30,0,Fuel/Ambient,277855344,1740861969
1740861969474672962,19,[  0   0   0   3 184 159  19   0],7,258,945.260009765625,30,0,Fuel/Ambient,474079922,1740861969
1740861969683340184,19,[  0   0   0   3 184 158  19   0],7,258,945.239990234375,30,0,Fuel/Ambient,682655046,1740861969
1740861969879130350,19,[  0   0   0   3 184 158  19   0],7,258,945.239990234375,30,0,Fuel/Ambient,878468988,1740861969
1740861970084623917,19,[  0   0   0   3 184 159  19   0],7,258,945.260009765625,30,0,Fuel/Ambient,84016252,1740861970
1740861970280082008,19,[  0   0   0   3 184 159  19   0],7,258,945.260009765625,30,0,Fuel/Ambient,279341028,1740861970
1740861970485416626,19,[  0   0   0   3 184 159  19   0],7,258,945.260009765625,30,0,Fuel/Ambient,484849603,1740861970
1740861970683911089,19,[  0   0   0   3 184 159  19   0],7,258,945.260009765625,30,0,Fuel/Ambient,683058202,1740861970
1740861970881156173,19,[  0   0   0   3 184 159  19   0],7,258,945.260009765625,30,0,Fuel/Ambient,880739074,1740861970
1740861971086620202,19,[  0   0   0   3 184 159  19   0],7,258,945.260009765625,30,0,Fuel/Ambient,85982521,1740861971
1740861971282491520,19,[  0   0   0   3 184 159  19   0],7,258,945.260009765625,30,0,Fuel/Ambient,281689866,1740861971
1740861971488078016,19,[  0   0   0   3 184 159  19   0],7,258,945.260009765625,30,0,Fuel/Ambient,487350124,1740861971
1740861971686570462,19,[  0   0   0   3 184 160  19   0],7,258,945.280029296875,30,0,Fuel/Ambient,686111345,1740861971
1740861971882223310,19,[  0   0   0   3 184 160  19   0],7,258,945.280029296875,30,0,Fuel/Ambient,881564252,1740861971
1740861972087267102,19,[  0   0   0   3 184 160  19   0],7,258,945.280029296875,30,0,Fuel/Ambient,86860339,1740861972
1740861972282987983,19,[  0   0   0   3 184 160  19   0],7,258,945.280029296875,30,0,Fuel/Ambient,282462689,1740861972
1740861972488046719,19,[  0   0   0   3 184 160  19   0],7,258,945.280029296875,30,0,Fuel/Ambient,487602387,1740861972
1740861972686096976,19,[  0   0   0   3 184 160  19   0],7,258,945.280029296875,30,0,Fuel/Ambient,685598498,1740861972
1740861972892130235,19,[  0   0   0   3 184 160  19   0],7,258,945.280029296875,30,0,Fuel/Ambient,891364550,1740861972
1740861973087479329,19,[  0   0   0   3 184 160  19   0],7,258,945.280029296875,30,0,Fuel/Ambient,87045749,1740861973
1740861973292910171,19,[  0   0   0   3 184 160  19   0],7,258,945.280029296875,30,0,Fuel/Ambient,292289066,1740861973
1740861973488188959,19,[  0   0   0   3 184 160  19   0],7,258,945.280029296875,30,0,Fuel/Ambient,487582766,1740861973
1740861973697241947,19,[  0   0   0   3 184 160  19   0],7,258,945.280029296875,30,0,Fuel/Ambient,696542472,1740861973
1740861973892848808,19,[  0   0   0   3 184 159  19   0],7,258,945.260009765625,30,0,Fuel/Ambient,892178134,1740861973
1740861974088238094,19,[  0   0   0   3 184 159  19   0],7,258,945.260009765625,30,0,Fuel/Ambient,87809763,1740861974
1740861974294237015,19,[  0   0   0   3 184 159  19   0],7,258,945.260009765625,30,0,Fuel/Ambient,293590917,1740861974
1740861974490215436,19,[  0   0   0   3 184 159  19   0],7,258,945.260009765625,30,0,Fuel/Ambient,489259474,1740861974
1740861974698840189,19,[  0   0   0   3 184 159  19   0],7,258,945.260009765625,30,0,Fuel/Ambient,698048391,1740861974
1740861974895181564,19,[  0   0   0   3 184 160  19   0],7,258,945.280029296875,30,0,Fuel/Ambient,894736624,1740861974
1740861975091967784,19,[  0   0   0   3 184 160  19   0],7,258,945.280029296875,30,0,Fuel/Ambient,91473914,1740861975
1740861975298030897,19,[  0   0   0   3 184 160  19   0],7,258,945.280029296875,30,0,Fuel/Ambient,297599685,1740861975
1740861975493572474,19,[  0   0   0   3 184 160  19   0],7,258,945.280029296875,30,0,Fuel/Ambient,492886791,1740861975
1740861975700939559,19,[  0   0   0   3 184 159  19   0],7,258,945.260009765625,30,0,Fuel/Ambient,700425880,1740861975
1740861975897115937,19,[  0   0   0   3 184 159  19   0],7,258,945.260009765625,30,0,Fuel/Ambient,896240681,1740861975
1740861976102771998,19,[  0   0   0   3 184 159  19   0],7,258,945.260009765625,30,0,Fuel/Ambient,102161902,1740861976
1740861976298510572,19,[  0   0   0   3 184 160  19   0],7,258,945.280029296875,30,0,Fuel/Ambient,298097664,1740861976
1740861976503902401,19,[  0   0   0   3 184 160  19   0],7,258,945.280029296875,30,0,Fuel/Ambient,503467349,1740861976
1740861976702387130,19,[  0   0   0   3 184 160  19   0],7,258,945.280029296875,30,0,Fuel/Ambient,701661766,1740861976
1740861976898713655,19,[  0   0   0   3 184 160  19   0],7,258,945.280029296875,30,0,Fuel/Ambient,898103111,1740861976
1740861977104871329,19,[  0   0   0   3 184 160  19   0],7,258,945.280029296875,30,0,Fuel/Ambient,104208367,1740861977
1740861977300456554,19,[  0   0   0   3 184 160  19   0],7,258,945.280029296875,30,0,Fuel/Ambient,299760919,1740861977
1740861977506207944,19,[  0   0   0   3 184 160  19   0],7,258,945.280029296875,30,0,Fuel/Ambient,505713595,1740861977
1740861977704307381,19,[  0   0   0   3 184 160  19   0],7,258,945.280029296875,30,0,Fuel/Ambient,703815752,1740861977
1740861977909873327,19,[  0   0   0   3 184 160  19   0],7,258,945.280029296875,30,0,Fuel/Ambient,909147483,1740861977
1740861978105146382,19,[  0   0   0   3 184 160  19   0],7,258,945.280029296875,30,0,Fuel/Ambient,104723074,1740861978
1740861978310802185,19,[  0   0   0   3 184 160  19   0],7,258,945.280029296875,30,0,Fuel/Ambient,310157015,1740861978
1740861978506740986,19,[  0   0   0   3 184 160  19   0],7,258,945.280029296875,30,0,Fuel/Ambient,506410545,1740861978
1740861978705357652,19,[  0   0   0   3 184 160  19   0],7,258,945.280029296875,30,0,Fuel/Ambient,704845350,1740861978
1740861978911241173,19,[  0   0   0   3 184 160  19   0],7,258,945.280029296875,30,0,Fuel/Ambient,910476384,1740861978
1740861979107300265,19,[  0   0   0   3 184 160  19   0],7,258,945.280029296875,30,0,Fuel/Ambient,106374511,1740861979
1740861979313596148,19,[  0   0   0   3 184 160  19   0],7,258,945.280029296875,30,0,Fuel/Ambient,312555896,1740861979
1740861979509390176,19,[  0   0   0   3 184 160  19   0],7,258,945.280029296875,30,0,Fuel/Ambient,508718222,1740861979
1740861979707234596,19,[  0   0   0   3 184 160  19   0],7,258,945.280029296875,30,0,Fuel/Ambient,706664021,1740861979
1740861979913641363,20,[  0   0   0   3 184 160  20   0],7,258,945.280029296875,30,0,Fuel/Ambient,912961792,1740861979
1740861980109919788,20,[  0   0   0   3 184 160  20   0],7,258,945.280029296875,30,0,Fuel/Ambient,109098613,1740861980
1740861980315831212,20,[  0   0   0   3 184 160  20   0],7,258,945.280029296875,30,0,Fuel/Ambient,315263228,1740861980
1740861980513375783,20,[  0   0   0   3 184 160  20   0],7,258,945.280029296875,30,0,Fuel/Ambient,512068323,1740861980
1740861980711490225,20,[  0   0   0   3 184 159  20   0],7,258,945.260009765625,30,0,Fuel/Ambient,711017380,1740861980
1740861980917241517,20,[  0   0   0   3 184 160  20   0],7,258,945.280029296875,30,0,Fuel/Ambient,916778880,1740861980
1740861981113752651,20,[  0   0   0   3 184 160  20   0],7,258,945.280029296875,30,0,Fuel/Ambient,112941525,1740861981
1740861981319579495,20,[  0   0   0   3 184 160  20   0],7,258,945.280029296875,30,0,Fuel/Ambient,318914389,1740861981
1740861981515032488,20,[  0   0   0   3 184 160  20   0],7,258,945.280029296875,30,0,Fuel/Ambient,514392855,1740861981
1740861981722582548,20,[  0   0   0   3 184 159  20   0],7,258,945.260009765625,30,0,Fuel/Ambient,721621178,1740861981
1740861981918544579,20,[  0   0   0   3 184 159  20   0],7,258,945.260009765625,30,0,Fuel/Ambient,917802127,1740861981
1740861982124537315,20,[  0   0   0   3 184 159  20   0],7,258,945.260009765625,30,0,Fuel/Ambient,123779919,1740861982
1740861982319711612,20,[  0   0   0   3 184 159  20   0],7,258,945.260009765625,30,0,Fuel/Ambient,318995432,1740861982
1740861982525748733,20,[  0   0   0   3 184 159  20   0],7,258,945.260009765625,30,0,Fuel/Ambient,524860389,1740861982
1740861982728874767,20,[  0   0   0   3 184 159  20   0],7,258,945.260009765625,30,0,Fuel/Ambient,724479351,1740861982
1740861982919809651,20,[  0   0   0   3 184 159  20   0],7,258,945.260009765625,30,0,Fuel/Ambient,919351623,1740861982
1740861983125581645,20,[  0   0   0   3 184 159  20   0],7,258,945.260009765625,30,0,Fuel/Ambient,124751926,1740861983
1740861983321381525,20,[  0   0   0   3 184 159  20   0],7,258,945.260009765625,30,0,Fuel/Ambient,320714179,1740861983
1740861983526857702,20,[  0   0   0   3 184 159  20   0],7,258,945.260009765625,30,0,Fuel/Ambient,526019119,1740861983
1740861983724990990,20,[  0   0   0   3 184 159  20   0],7,258,945.260009765625,30,0,Fuel/Ambient,723999283,1740861983
1740861983930485728,20,[  0   0   0   3 184 159  20   0],7,258,945.260009765625,30,0,Fuel/Ambient,929731307,1740861983
1740861984126287112,20,[  0   0   0   3 184 158  20   0],7,258,945.239990234375,30,0,Fuel/Ambient,125611189,1740861984
1740861984331768152,20,[  0   0   0   3 184 158  20   0],7,258,945.239990234375,30,0,Fuel/Ambient,331287051,1740861984
1740861984527964363,20,[  0   0   0   3 184 159  20   0],7,258,945.260009765625,30,0,Fuel/Ambient,527217622,1740861984
1740861984727230865,20,[  0   0   0   3 184 159  20   0],7,258,945.260009765625,30,0,Fuel/Ambient,726272311,1740861984
1740861984933164013,20,[  0   0   0   3 184 159  20   0],7,258,945.260009765625,30,0,Fuel/Ambient,932584894,1740861984
1740861985128244705,20,[  0   0   0   3 184 159  20   0],7,258,945.260009765625,30,0,Fuel/Ambient,127689361,1740861985
1740861985333637453,20,[  0   0   0   3 184 159  20   0],7,258,945.260009765625,30,0,Fuel/Ambient,332917434,1740861985
1740861985529501366,20,[  0   0   0   3 184 158  20   0],7,258,945.239990234375,30,0,Fuel/Ambient,528916550,1740861985
1740861985731904305,20,[  0   0   0   3 184 158  20   0],7,258,945.239990234375,30,0,Fuel/Ambient,727422518,1740861985
1740861985934741464,20,[  0   0   0   3 184 158  20   0],7,258,945.239990234375,30,0,Fuel/Ambient,934267659,1740861985
1740861986130712483,20,[  0   0   0   3 184 158  20   0],7,258,945.239990234375,30,0,Fuel/Ambient,130076529,1740861986
1740861986336233938,20,[  0   0   0   3 184 158  20   0],7,258,945.239990234375,30,0,Fuel/Ambient,335713796,1740861986
1740861986532382049,20,[  0   0   0   3 184 158  20   0],7,258,945.239990234375,30,0,Fuel/Ambient,531684814,1740861986
1740861986729977272,20,[  0   0   0   3 184 157  20   0],7,258,945.219970703125,30,0,Fuel/Ambient,729407400,1740861986
1740861986936394400,20,[  0   0   0   3 184 157  20   0],7,258,945.219970703125,30,0,Fuel/Ambient,935935091,1740861986
1740861987131688855,20,[  0   0   0   3 184 157  20   0],7,258,945.219970703125,30,0,Fuel/Ambient,131225322,1740861987
1740861987337471532,20,[  0   0   0   3 184 157  20   0],7,258,945.219970703125,30,0,Fuel/Ambient,336748889,1740861987
1740861987532558974,20,[  0   0   0   3 184 157  20   0],7,258,945.219970703125,30,0,Fuel/Ambient,532116210,1740861987
1740861987740472589,20,[  0   0   0   3 184 157  20   0],7,258,945.219970703125,30,0,Fuel/Ambient,739675864,1740861987
1740861987936220593,20,[  0   0   0   3 184 157  20   0],7,258,945.219970703125,30,0,Fuel/Ambient,935450364,1740861987
1740861988141781472,20,[  0   0   0   3 184 156  20   0],7,258,945.2000122070312,30,0,Fuel/Ambient,141108877,1740861988
1740861988337866667,20,[  0   0   0   3 184 156  20   0],7,258,945.2000122070312,30,0,Fuel/Ambient,336959250,1740861988
1740861988543536221,20,[  0   0   0   3 184 156  20   0],7,258,945.2000122070312,30,0,Fuel/Ambient,542512545,1740861988
1740861988741320887,20,[  0   0   0   3 184 156  20   0],7,258,945.2000122070312,30,0,Fuel/Ambient,740575842,1740861988
1740861988946815139,20,[  0   0   0   3 184 156  20   0],7,258,945.2000122070312,30,0,Fuel/Ambient,946179250,1740861988
1740861989142731498,20,[  0   0   0   3 184 156  20   0],7,258,945.2000122070312,30,0,Fuel/Ambient,142027222,1740861989
1740861989338847605,20,[  0   0   0   3 184 156  20   0],7,258,945.2000122070312,30,0,Fuel/Ambient,338191235,1740861989
1740861989545408350,20,[  0   0   0   3 184 156  20   0],7,258,945.2000122070312,30,0,Fuel/Ambient,544793901,1740861989
1740861989745130060,20,[  0   0   0   3 184 156  20   0],7,258,945.2000122070312,30,0,Fuel/Ambient,743239192,1740861989
1740861989943386642,20,[  0   0   0   3 184 156  20   0],7,258,945.2000122070312,30,0,Fuel/Ambient,942936902,1740861989
1740861990149506094,20,[  0   0   0   3 184 157  20   0],7,258,945.219970703125,30,0,Fuel/Ambient,149063362,1740861990
1740861990345838271,20,[  0   0   0   3 184 157  20   0],7,258,945.219970703125,30,0,Fuel/Ambient,345420531,1740861990
1740861990552031388,20,[  0   0   0   3 184 157  20   0],7,258,945.219970703125,30,0,Fuel/Ambient,551198470,1740861990
1740861990750575209,20,[  0   0   0   3 184 157  20   0],7,258,945.219970703125,30,0,Fuel/Ambient,749716402,1740861990
1740861990946367595,20,[  0   0   0   3 184 157  20   0],7,258,945.219970703125,30,0,Fuel/Ambient,945589206,1740861990
1740861991151559213,20,[  0   0   0   3 184 157  20   0],7,258,945.219970703125,30,0,Fuel/Ambient,151142722,1740861991
1740861991347842427,20,[  0   0   0   3 184 157  20   0],7,258,945.219970703125,30,0,Fuel/Ambient,347287372,1740861991
1740861991553777009,20,[  0   0   0   3 184 157  20   0],7,258,945.219970703125,30,0,Fuel/Ambient,552972219,1740861991
1740861991753616288,20,[  0   0   0   3 184 157  20   0],7,258,945.219970703125,30,0,Fuel/Ambient,752604069,1740861991
1740861991948643820,20,[  0   0   0   3 184 157  20   0],7,258,945.219970703125,30,0,Fuel/Ambient,948139615,1740861991
1740861992153734602,20,[  0   0   0   3 184 157  20   0],7,258,945.219970703125,30,0,Fuel/Ambient,153348288,1740861992
1740861992349036349,20,[  0   0   0   3 184 157  20   0],7,258,945.219970703125,30,0,Fuel/Ambient,348517103,1740861992
1740861992554816493,20,[  0   0   0   3 184 156  20   0],7,258,945.2000122070312,30,0,Fuel/Ambient,554355457,1740861992
1740861992753089489,20,[  0   0   0   3 184 156  20   0],7,258,945.2000122070312,30,0,Fuel/Ambient,752391134,1740861992
1740861992958971332,20,[  0   0   0   3 184 156  20   0],7,258,945.2000122070312,30,0,Fuel/Ambient,958094125,1740861992
1740861993154138931,20,[  0   0   0   3 184 156  20   0],7,258,945.2000122070312,30,0,Fuel/Ambient,153602340,1740861993
1740861993359994596,20,[  0   0   0   3 184 155  20   0],7,258,945.1799926757812,30,0,Fuel/Ambient,359187758,1740861993
1740861993555340183,20,[  0   0   0   3 184 155  20   0],7,258,945.1799926757812,30,0,Fuel/Ambient,554979469,1740861993
1740861993753831808,20,[  0   0   0   3 184 155  20   0],7,258,945.1799926757812,30,0,Fuel/Ambient,753333682,1740861993
1740861993960224768,20,[  0   0   0   3 184 155  20   0],7,258,945.1799926757812,30,0,Fuel/Ambient,959348584,1740861993
1740861994155983742,20,[  0   0   0   3 184 154  20   0],7,258,945.1599731445312,30,0,Fuel/Ambient,155405838,1740861994
1740861994362277114,20,[  0   0   0   3 184 154  20   0],7,258,945.1599731445312,30,0,Fuel/Ambient,361620456,1740861994
1740861994558246269,20,[  0   0   0   3 184 154  20   0],7,258,945.1599731445312,30,0,Fuel/Ambient,557448167,1740861994
1740861994757567932,20,[  0   0   0   3 184 154  20   0],7,258,945.1599731445312,30,0,Fuel/Ambient,756298841,1740861994
1740861994963261480,20,[  0   0   0   3 184 153  20   0],7,258,945.1400146484375,30,0,Fuel/Ambient,962685816,1740861994
1740861995158434836,20,[  0   0   0   3 184 153  20   0],7,258,945.1400146484375,30,0,Fuel/Ambient,157957607,1740861995
1740861995364491626,20,[  0   0   0   3 184 153  20   0],7,258,945.1400146484375,30,0,Fuel/Ambient,363761718,1740861995
1740861995559823738,20,[  0   0   0   3 184 153  20   0],7,258,945.1400146484375,30,0,Fuel/Ambient,559070918,1740861995
1740861995767960200,20,[  0   0   0   3 184 154  20   0],7,258,945.1599731445312,30,0,Fuel/Ambient,767408921,1740861995
1740861995963337178,20,[  0   0   0   3 184 154  20   0],7,258,945.1599731445312,30,0,Fuel/Ambient,962760170,1740861995
1740861996168532343,20,[  0   0   0   3 184 154  20   0],7,258,945.1599731445312,30,0,Fuel/Ambient,168153645,1740861996
1740861996364355700,20,[  0   0   0   3 184 154  20   0],7,258,945.1599731445312,30,0,Fuel/Ambient,363859335,1740861996
1740861996569947932,20,[  0   0   0   3 184 154  20   0],7,258,945.1599731445312,30,0,Fuel/Ambient,569393165,1740861996
1740861996769809255,20,[  0   0   0   3 184 154  20   0],7,258,945.1599731445312,30,0,Fuel/Ambient,769223703,1740861996
1740861996965607748,20,[  0   0   0   3 184 154  20   0],7,258,945.1599731445312,30,0,Fuel/Ambient,965110390,1740861996
1740861997171991840,20,[  0   0   0   3 184 155  20   0],7,258,945.1799926757812,30,0,Fuel/Ambient,171359279,1740861997
1740861997367227404,20,[  0   0   0   3 184 155  20   0],7,258,945.1799926757812,30,0,Fuel/Ambient,366741471,1740861997
1740861997573387106,20,[  0   0   0   3 184 155  20   0],7,258,945.1799926757812,30,0,Fuel/Ambient,572625326,1740861997
1740861997771418107,20,[  0   0   0   3 184 155  20   0],7,258,945.1799926757812,30,0,Fuel/Ambient,770931118,1740861997
1740861997977715797,20,[  0   0   0   3 184 155  20   0],7,258,945.1799926757812,30,0,Fuel/Ambient,976537685,1740861997
1740861998173368716,20,[  0   0   0   3 184 155  20   0],7,258,945.1799926757812,30,0,Fuel/Ambient,172748475,1740861998
1740861998369164070,20,[  0   0   0   3 184 155  20   0],7,258,945.1799926757812,30,0,Fuel/Ambient,368324079,1740861998
1740861998574761740,20,[  0   0   0   3 184 155  20   0],7,258,945.1799926757812,30,0,Fuel/Ambient,574084026,1740861998
1740861998773012362,20,[  0   0   0   3 184 155  20   0],7,258,945.1799926757812,30,0,Fuel/Ambient,772361176,1740861998
1740861998978792404,20,[  0   0   0   3 184 155  20   0],7,258,945.1799926757812,30,0,Fuel/Ambient,978115778,1740861998
1740861999174315399,20,[  0   0   0   3 184 155  20   0],7,258,945.1799926757812,30,0,Fuel/Ambient,173591411,1740861999
1740861999380838949,20,[  0   0   0   3 184 155  20   0],7,258,945.1799926757812,30,0,Fuel/Ambient,380320343,1740861999
1740861999576554300,20,[  0   0   0   3 184 156  20   0],7,258,945.2000122070312,30,0,Fuel/Ambient,575844713,1740861999
1740861999775158243,20,[  0   0   0   3 184 156  20   0],7,258,945.2000122070312,30,0,Fuel/Ambient,774669941,1740861999
1740861999979794157,20,[  0   0   0   3 184 156  20   0],7,258,945.2000122070312,30,0,Fuel/Ambient,979359521,1740861999
1740862000175737514,20,[  0   0   0   3 184 156  20   0],7,258,945.2000122070312,30,0,Fuel/Ambient,175039863,1740862000
1740862000382039777,20,[  0   0   0   3 184 156  20   0],7,258,945.2000122070312,30,0,Fuel/Ambient,381357711,1740862000
1740862000577720087,20,[  0   0   0   3 184 156  20   0],7,258,945.2000122070312,30,0,Fuel/Ambient,577156392,1740862000
1740862000785789694,20,[  0   0   0   3 184 156  20   0],7,258,945.2000122070312,30,0,Fuel/Ambient,785366579,1740862000
1740862000982334123,20,[  0   0   0   3 184 156  20   0],7,258,945.2000122070312,30,0,Fuel/Ambient,981719899,1740862000
1740862001178152964,20,[  0   0   0   3 184 156  20   0],7,258,945.2000122070312,30,0,Fuel/Ambient,177605909,1740862001
1740862001383813993,20,[  0   0   0   3 184 156  20   0],7,258,945.2000122070312,30,0,Fuel/Ambient,383397981,1740862001
1740862001579749572,20,[  0   0   0   3 184 156  20   0],7,258,945.2000122070312,30,0,Fuel/Ambient,579008656,1740862001
1740862001788881288,20,[  0   0   0   3 184 156  20   0],7,258,945.2000122070312,30,0,Fuel/Ambient,787959823,1740862001
1740862001984427577,20,[  0   0   0   3 184 157  20   0],7,258,945.219970703125,30,0,Fuel/Ambient,983844457,1740862001
1740862002190183807,20,[  0   0   0   3 184 157  20   0],7,258,945.219970703125,30,0,Fuel/Ambient,189541486,1740862002
1740862002385092926,20,[  0   0   0   3 184 156  20   0],7,258,945.2000122070312,30,0,Fuel/Ambient,384727828,1740862002
1740862002591131660,20,[  0   0   0   3 184 156  20   0],7,258,945.2000122070312,30,0,Fuel/Ambient,590349719,1740862002
1740862002788833911,20,[  0   0   0   3 184 156  20   0],7,258,945.2000122070312,30,0,Fuel/Ambient,788288072,1740862002
1740862002984474474,20,[  0   0   0   3 184 156  20   0],7,258,945.2000122070312,30,0,Fuel/Ambient,983952444,1740862002
1740862003190164461,20,[  0   0   0   3 184 156  20   0],7,258,945.2000122070312,30,0,Fuel/Ambient,189234868,1740862003
1740862003385892034,20,[  0   0   0   3 184 156  20   0],7,258,945.2000122070312,30,0,Fuel/Ambient,385126157,1740862003
1740862003591873741,20,[  0   0   0   3 184 156  20   0],7,258,945.2000122070312,30,0,Fuel/Ambient,591164314,1740862003
1740862003788983879,20,[  0   0   0   3 184 155  20   0],7,258,945.1799926757812,30,0,Fuel/Ambient,788435896,1740862003
1740862003994925394,20,[  0   0   0   3 184 155  20   0],7,258,945.1799926757812,30,0,Fuel/Ambient,994248223,1740862003
1740862004190360061,20,[  0   0   0   3 184 155  20   0],7,258,945.1799926757812,30,0,Fuel/Ambient,189547303,1740862004
1740862004395508625,20,[  0   0   0   3 184 155  20   0],7,258,945.1799926757812,30,0,Fuel/Ambient,395064165,1740862004
1740862004590709494,20,[  0   0   0   3 184 155  20   0],7,258,945.1799926757812,30,0,Fuel/Ambient,590014147,1740862004
1740862004798990591,20,[  0   0   0   3 184 155  20   0],7,258,945.1799926757812,30,0,Fuel/Ambient,798305804,1740862004
1740862004994694930,20,[  0   0   0   3 184 155  20   0],7,258,945.1799926757812,30,0,Fuel/Ambient,993873819,1740862004
1740862005200767422,20,[  0   0   0   3 184 155  20   0],7,258,945.1799926757812,30,0,Fuel/Ambient,200214031,1740862005
1740862005398139581,20,[  0   0   0   3 184 155  20   0],7,258,945.1799926757812,30,0,Fuel/Ambient,397292710,1740862005
1740862005594069205,20,[  0   0   0   3 184 155  20   0],7,258,945.1799926757812,30,0,Fuel/Ambient,593631273,1740862005
1740862005802574596,20,[  0   0   0   3 184 154  20   0],7,258,945.1599731445312,30,0,Fuel/Ambient,802148280,1740862005
1740862005997067156,20,[  0   0   0   3 184 154  20   0],7,258,945.1599731445312,30,0,Fuel/Ambient,996715947,1740862005
1740862006202839415,20,[  0   0   0   3 184 154  20   0],7,258,945.1599731445312,30,0,Fuel/Ambient,202340874,1740862006
1740862006399138264,20,[  0   0   0   3 184 154  20   0],7,258,945.1599731445312,30,0,Fuel/Ambient,398319490,1740862006
1740862006604887867,20,[  0   0   0   3 184 155  20   0],7,258,945.1799926757812,30,0,Fuel/Ambient,604246345,1740862006
1740862006804094315,20,[  0   0   0   3 184 155  20   0],7,258,945.1799926757812,30,0,Fuel/Ambient,803433049,1740862006
1740862007000317674,20,[  0   0   0   3 184 154  20   0],7,258,945.1599731445312,30,0,Fuel/Ambient,999663032,1740862006
1740862007206373300,20,[  0   0   0   3 184 154  20   0],7,258,945.1599731445312,30,0,Fuel/Ambient,205652544,1740862007
1740862007402662068,20,[  0   0   0   3 184 155  20   0],7,258,945.1799926757812,30,0,Fuel/Ambient,401800540,1740862007
1740862007608774623,20,[  0   0   0   3 184 155  20   0],7,258,945.1799926757812,30,0,Fuel/Ambient,608022539,1740862007
1740862007807492257,20,[  0   0   0   3 184 155  20   0],7,258,945.1799926757812,30,0,Fuel/Ambient,806399236,1740862007
1740862008002688515,20,[  0   0   0   3 184 155  20   0],7,258,945.1799926757812,30,0,Fuel/Ambient,2237815,1740862008
1740862008208615817,20,[  0   0   0   3 184 155  20   0],7,258,945.1799926757812,30,0,Fuel/Ambient,207833940,1740862008
1740862008404268567,20,[  0   0   0   3 184 155  20   0],7,258,945.1799926757812,30,0,Fuel/Ambient,403715208,1740862008
1740862008610367169,20,[  0   0   0   3 184 155  20   0],7,258,945.1799926757812,30,0,Fuel/Ambient,609425991,1740862008
1740862008807788286,20,[  0   0   0   3 184 155  20   0],7,258,945.1799926757812,30,0,Fuel/Ambient,807096716,1740862008
1740862009013187413,20,[  0   0   0   3 184 155  20   0],7,258,945.1799926757812,30,0,Fuel/Ambient,12550660,1740862009
1740862009209360368,20,[  0   0   0   3 184 155  20   0],7,258,945.1799926757812,30,0,Fuel/Ambient,208213553,1740862009
1740862009415034958,20,[  0   0   0   3 184 155  20   0],7,258,945.1799926757812,30,0,Fuel/Ambient,414268953,1740862009
1740862009611350189,20,[  0   0   0   3 184 155  20   0],7,258,945.1799926757812,30,0,Fuel/Ambient,610612825,1740862009
1740862009809883720,20,[  0   0   0   3 184 155  20   0],7,258,945.1799926757812,30,0,Fuel/Ambient,809111315,1740862009
1740862010016349307,20,[  0   0   0   3 184 155  20   0],7,258,945.1799926757812,30,0,Fuel/Ambient,15734762,1740862010
1740862010212130443,20,[  0   0   0   3 184 155  20   0],7,258,945.1799926757812,30,0,Fuel/Ambient,211374070,1740862010
1740862010417469246,20,[  0   0   0   3 184 155  20   0],7,258,945.1799926757812,30,0,Fuel/Ambient,416891118,1740862010
1740862010613133386,20,[  0   0   0   3 184 155  20   0],7,258,945.1799926757812,30,0,Fuel/Ambient,612357205,1740862010
1740862010810984626,20,[  0   0   0   3 184 155  20   0],7,258,945.1799926757812,30,0,Fuel/Ambient,810343073,1740862010
1740862011015897914,20,[  0   0   0   3 184 155  20   0],7,258,945.1799926757812,30,0,Fuel/Ambient,15553713,1740862011
1740862011211765323,20,[  0   0   0   3 184 155  20   0],7,258,945.1799926757812,30,0,Fuel/Ambient,210903731,1740862011
1740862011417247169,20,[  0   0   0   3 184 155  20   0],7,258,945.1799926757812,30,0,Fuel/Ambient,416507085,1740862011
1740862011612353181,20,[  0   0   0   3 184 155  20   0],7,258,945.1799926757812,30,0,Fuel/Ambient,611720108,1740862011
1740862011821813504,20,[  0   0   0   3 184 156  20   0],7,258,945.2000122070312,30,0,Fuel/Ambient,820825509,1740862011
1740862012017670225,20,[  0   0   0   3 184 156  20   0],7,258,945.2000122070312,30,0,Fuel/Ambient,16994878,1740862012
1740862012224060223,20,[  0   0   0   3 184 156  20   0],7,258,945.2000122070312,30,0,Fuel/Ambient,223149638,1740862012
1740862012419699721,20,[  0   0   0   3 184 156  20   0],7,258,945.2000122070312,30,0,Fuel/Ambient,419048471,1740862012
1740862012615457878,20,[  0   0   0   3 184 157  20   0],7,258,945.219970703125,30,0,Fuel/Ambient,614878854,1740862012
1740862012823398510,20,[  0   0   0   3 184 157  20   0],7,258,945.219970703125,30,0,Fuel/Ambient,822915745,1740862012
1740862013020061268,20,[  0   0   0   3 184 157  20   0],7,258,945.219970703125,30,0,Fuel/Ambient,18984279,1740862013
1740862013225599978,20,[  0   0   0   3 184 157  20   0],7,258,945.219970703125,30,0,Fuel/Ambient,224891767,1740862013
1740862013421035149,20,[  0   0   0   3 184 157  20   0],7,258,945.219970703125,30,0,Fuel/Ambient,420558656,1740862013
1740862013627113426,20,[  0   0   0   3 184 156  20   0],7,258,945.2000122070312,30,0,Fuel/Ambient,626376478,1740862013
1740862013824727473,20,[  0   0   0   3 184 156  20   0],7,258,945.2000122070312,30,0,Fuel/Ambient,824269540,1740862013
1740862014020101874,20,[  0   0   0   3 184 156  20   0],7,258,945.2000122070312,30,0,Fuel/Ambient,19561444,1740862014
1740862014226061395,20,[  0   0   0   3 184 156  20   0],7,258,945.2000122070312,30,0,Fuel/Ambient,225296190,1740862014
1740862014422058821,20,[  0   0   0   3 184 156  20   0],7,258,945.2000122070312,30,0,Fuel/Ambient,421443124,1740862014
1740862014628159177,20,[  0   0   0   3 184 156  20   0],7,258,945.2000122070312,30,0,Fuel/Ambient,627338579,1740862014
1740862014825832297,20,[  0   0   0   3 184 156  20   0],7,258,945.2000122070312,30,0,Fuel/Ambient,825325723,1740862014
1740862015031645861,20,[  0   0   0   3 184 156  20   0],7,258,945.2000122070312,30,0,Fuel/Ambient,30893649,1740862015
1740862015227419088,20,[  0   0   0   3 184 156  20   0],7,258,945.2000122070312,30,0,Fuel/Ambient,226701629,1740862015
1740862015432932132,21,[  0   0   0   3 184 156  21   0],7,258,945.2000122070312,30,0,Fuel/Ambient,432455095,1740862015
1740862015628639597,21,[  0   0   0   3 184 156  21   0],7,258,945.2000122070312,30,0,Fuel/Ambient,628009660,1740862015
1740862015828811151,21,[  0   0   0   3 184 156  21   0],7,258,945.2000122070312,30,0,Fuel/Ambient,827277798,1740862015
1740862016033401930,21,[  0   0   0   3 184 156  21   0],7,258,945.2000122070312,30,0,Fuel/Ambient,32966398,1740862016
1740862016229380761,21,[  0   0   0   3 184 156  21   0],7,258,945.2000122070312,30,0,Fuel/Ambient,228840618,1740862016
1740862016435042320,21,[  0   0   0   3 184 157  21   0],7,258,945.219970703125,30,0,Fuel/Ambient,434593636,1740862016
1740862016630957598,21,[  0   0   0   3 184 157  21   0],7,258,945.219970703125,30,0,Fuel/Ambient,630259115,1740862016
1740862016838723150,21,[  0   0   0   3 184 157  21   0],7,258,945.219970703125,30,0,Fuel/Ambient,838246657,1740862016
1740862017034506488,21,[  0   0   0   3 184 157  21   0],7,258,945.219970703125,30,0,Fuel/Ambient,33715842,1740862017
1740862017239818948,21,[  0   0   0   3 184 157  21   0],7,258,945.219970703125,30,0,Fuel/Ambient,239197459,1740862017
1740862017435361415,21,[  0   0   0   3 184 157  21   0],7,258,945.219970703125,30,0,Fuel/Ambient,434852729,1740862017
1740862017641319685,21,[  0   0   0   3 184 157  21   0],7,258,945.219970703125,30,0,Fuel/Ambient,640511887,1740862017
1740862017839375500,21,[  0   0   0   3 184 157  21   0],7,258,945.219970703125,30,0,Fuel/Ambient,838755707,1740862017
1740862018035121876,21,[  0   0   0   3 184 157  21   0],7,258,945.219970703125,30,0,Fuel/Ambient,34542244,1740862018
1740862018240974158,21,[  0   0   0   3 184 157  21   0],7,258,945.219970703125,30,0,Fuel/Ambient,240258875,1740862018
1740862018436517584,21,[  0   0   0   3 184 157  21   0],7,258,945.219970703125,30,0,Fuel/Ambient,435826909,1740862018
1740862018642607377,21,[  0   0   0   3 184 157  21   0],7,258,945.219970703125,30,0,Fuel/Ambient,641952543,1740862018
1740862018840920062,21,[  0   0   0   3 184 157  21   0],7,258,945.219970703125,30,0,Fuel/Ambient,840190250,1740862018
1740862019046168967,21,[  0   0   0   3 184 157  21   0],7,258,945.219970703125,30,0,Fuel/Ambient,45643801,1740862019
1740862019242216278,21,[  0   0   0   3 184 157  21   0],7,258,945.219970703125,30,0,Fuel/Ambient,241483618,1740862019
1740862019448034990,21,[  0   0   0   3 184 157  21   0],7,258,945.219970703125,30,0,Fuel/Ambient,447259033,1740862019
1740862019643708371,21,[  0   0   0   3 184 157  21   0],7,258,945.219970703125,30,0,Fuel/Ambient,642985951,1740862019
1740862019841368781,21,[  0   0   0   3 184 157  21   0],7,258,945.219970703125,30,0,Fuel/Ambient,840815134,1740862019
1740862020048097214,21,[  0   0   0   3 184 157  21   0],7,258,945.219970703125,30,0,Fuel/Ambient,47284168,1740862020
1740862020243802467,21,[  0   0   0   3 184 157  21   0],7,258,945.219970703125,30,0,Fuel/Ambient,243086831,1740862020
1740862020450362510,21,[  0   0   0   3 184 158  21   0],7,258,945.239990234375,30,0,Fuel/Ambient,448730146,1740862020
1740862020645481987,21,[  0   0   0   3 184 158  21   0],7,258,945.239990234375,30,0,Fuel/Ambient,645043511,1740862020
1740862020842796467,21,[  0   0   0   3 184 157  21   0],7,258,945.219970703125,30,0,Fuel/Ambient,842308998,1740862020
1740862021048950708,21,[  0   0   0   3 184 157  21   0],7,258,945.219970703125,30,0,Fuel/Ambient,48259681,1740862021
1740862021244344559,21,[  0   0   0   3 184 157  21   0],7,258,945.219970703125,30,0,Fuel/Ambient,243626459,1740862021
1740862021449702105,21,[  0   0   0   3 184 157  21   0],7,258,945.219970703125,30,0,Fuel/Ambient,449132169,1740862021
1740862021646340214,21,[  0   0   0   3 184 157  21   0],7,258,945.219970703125,30,0,Fuel/Ambient,645951339,1740862021
1740862021853985950,21,[  0   0   0   3 184 156  21   0],7,258,945.2000122070312,30,0,Fuel/Ambient,853181224,1740862021
1740862022050129965,21,[  0   0   0   3 184 156  21   0],7,258,945.2000122070312,30,0,Fuel/Ambient,49417402,1740862022
1740862022255485974,21,[  0   0   0   3 184 157  21   0],7,258,945.219970703125,30,0,Fuel/Ambient,254835813,1740862022
1740862022451331229,21,[  0   0   0   3 184 157  21   0],7,258,945.219970703125,30,0,Fuel/Ambient,450631402,1740862022
1740862022656707718,21,[  0   0   0   3 184 157  21   0],7,258,945.219970703125,30,0,Fuel/Ambient,655943410,1740862022
1740862022855527550,21,[  0   0   0   3 184 156  21   0],7,258,945.2000122070312,30,0,Fuel/Ambient,854655526,1740862022
1740862023050459660,21,[  0   0   0   3 184 156  21   0],7,258,945.2000122070312,30,0,Fuel/Ambient,50155939,1740862023
1740862023256690763,21,[  0   0   0   3 184 157  21   0],7,258,945.219970703125,30,0,Fuel/Ambient,255982616,1740862023
1740862023452603443,21,[  0   0   0   3 184 157  21   0],7,258,945.219970703125,30,0,Fuel/Ambient,451846846,1740862023
1740862023658096863,21,[  0   0   0   3 184 157  21   0],7,258,945.219970703125,30,0,Fuel/Ambient,657395596,1740862023
1740862023856214818,21,[  0   0   0   3 184 157  21   0],7,258,945.219970703125,30,0,Fuel/Ambient,855715509,1740862023
1740862024062483747,21,[  0   0   0   3 184 157  21   0],7,258,945.219970703125,30,0,Fuel/Ambient,61988629,1740862024
1740862024258320072,21,[  0   0   0   3 184 157  21   0],7,258,945.219970703125,30,0,Fuel/Ambient,257603636,1740862024
1740862024464029176,21,[  0   0   0   3 184 157  21   0],7,258,945.219970703125,30,0,Fuel/Ambient,463462025,1740862024
1740862024660308905,21,[  0   0   0   3 184 156  21   0],7,258,945.2000122070312,30,0,Fuel/Ambient,659708601,1740862024
1740862024858370762,21,[  0   0   0   3 184 156  21   0],7,258,945.2000122070312,30,0,Fuel/Ambient,857529331,1740862024
1740862025064169341,21,[  0   0   0   3 184 156  21   0],7,258,945.2000122070312,30,0,Fuel/Ambient,63490187,1740862025
1740862025259483667,21,[  0   0   0   3 184 156  21   0],7,258,945.2000122070312,30,0,Fuel/Ambient,258649628,1740862025
1740862025464800792,21,[  0   0   0   3 184 156  21   0],7,258,945.2000122070312,30,0,Fuel/Ambient,464084036,1740862025
1740862025660181039,21,[  0   0   0   3 184 156  21   0],7,258,945.2000122070312,30,0,Fuel/Ambient,659417915,1740862025
1740862025868173853,21,[  0   0   0   3 184 157  21   0],7,258,945.219970703125,30,0,Fuel/Ambient,867875477,1740862025
1740862026064310377,21,[  0   0   0   3 184 157  21   0],7,258,945.219970703125,30,0,Fuel/Ambient,63745209,1740862026
1740862026269351558,21,[  0   0   0   3 184 157  21   0],7,258,945.219970703125,30,0,Fuel/Ambient,268898745,1740862026
1740862026465715639,21,[  0   0   0   3 184 157  21   0],7,258,945.219970703125,30,0,Fuel/Ambient,464865024,1740862026
1740862026670357609,21,[  0   0   0   3 184 157  21   0],7,258,945.219970703125,30,0,Fuel/Ambient,670058753,1740862026
1740862026868502027,21,[  0   0   0   3 184 157  21   0],7,258,945.219970703125,30,0,Fuel/Ambient,867765783,1740862026
1740862027064049797,21,[  0   0   0   3 184 157  21   0],7,258,945.219970703125,30,0,Fuel/Ambient,63346098,1740862027
1740862027269735507,21,[  0   0   0   3 184 158  21   0],7,258,945.239990234375,30,0,Fuel/Ambient,269081505,1740862027
1740862027465175882,21,[  0   0   0   3 184 158  21   0],7,258,945.239990234375,30,0,Fuel/Ambient,464773855,1740862027
1740862027670814230,21,[  0   0   0   3 184 158  21   0],7,258,945.239990234375,30,0,Fuel/Ambient,670234471,1740862027
1740862027869937938,21,[  0   0   0   3 184 158  21   0],7,258,945.239990234375,30,0,Fuel/Ambient,868970647,1740862027
1740862028075475547,21,[  0   0   0   3 184 157  21   0],7,258,945.219970703125,30,0,Fuel/Ambient,74860554,1740862028
1740862028270958482,21,[  0   0   0   3 184 157  21   0],7,258,945.219970703125,30,0,Fuel/Ambient,270417060,1740862028
1740862028476909190,21,[  0   0   0   3 184 157  21   0],7,258,945.219970703125,30,0,Fuel/Ambient,476228404,1740862028
1740862028673287286,21,[  0   0   0   3 184 157  21   0],7,258,945.219970703125,30,0,Fuel/Ambient,672797865,1740862028
1740862028871937028,21,[  0   0   0   3 184 157  21   0],7,258,945.219970703125,30,0,Fuel/Ambient,871553241,1740862028
1740862029077759443,21,[  0   0   0   3 184 157  21   0],7,258,945.219970703125,30,0,Fuel/Ambient,77175108,1740862029
1740862029273735608,21,[  0   0   0   3 184 157  21   0],7,258,945.219970703125,30,0,Fuel/Ambient,273243882,1740862029
1740862029479729708,21,[  0   0   0   3 184 157  21   0],7,258,945.219970703125,30,0,Fuel/Ambient,478964407,1740862029
1740862029674531120,21,[  0   0   0   3 184 157  21   0],7,258,945.219970703125,30,0,Fuel/Ambient,673908063,1740862029
1740862029874611939,21,[  0   0   0   3 184 157  21   0],7,258,945.219970703125,30,0,Fuel/Ambient,874078773,1740862029
1740862030081302602,21,[  0   0   0   3 184 157  21   0],7,258,945.219970703125,30,0,Fuel/Ambient,79950661,1740862030
1740862030276134894,21,[  0   0   0   3 184 157  21   0],7,258,945.219970703125,30,0,Fuel/Ambient,275370778,1740862030
1740862030482226084,21,[  0   0   0   3 184 157  21   0],7,258,945.219970703125,30,0,Fuel/Ambient,481415246,1740862030
1740862030678246825,21,[  0   0   0   3 184 157  21   0],7,258,945.219970703125,30,0,Fuel/Ambient,677451923,1740862030
1740862030886542586,21,[  0   0   0   3 184 157  21   0],7,258,945.219970703125,30,0,Fuel/Ambient,885908841,1740862030
1740862031083279186,21,[  0   0   0   3 184 157  21   0],7,258,945.219970703125,30,0,Fuel/Ambient,82492092,1740862031
1740862031279116016,21,[  0   0   0   3 184 158  21   0],7,258,945.239990234375,30,0,Fuel/Ambient,278382716,1740862031
1740862031484825563,21,[  0   0   0   3 184 157  21   0],7,258,945.219970703125,30,0,Fuel/Ambient,484080359,1740862031
1740862031679903397,21,[  0   0   0   3 184 157  21   0],7,258,945.219970703125,30,0,Fuel/Ambient,679363382,1740862031
1740862031888239127,21,[  0   0   0   3 184 157  21   0],7,258,945.219970703125,30,0,Fuel/Ambient,887468482,1740862031
1740862032084359933,21,[  0   0   0   3 184 157  21   0],7,258,945.219970703125,30,0,Fuel/Ambient,83729068,1740862032
1740862032289904962,21,[  0   0   0   3 184 158  21   0],7,258,945.239990234375,30,0,Fuel/Ambient,289390164,1740862032
1740862032485731167,21,[  0   0   0   3 184 158  21   0],7,258,945.239990234375,30,0,Fuel/Ambient,485280819,1740862032
1740862032691419080,21,[  0   0   0   3 184 158  21   0],7,258,945.239990234375,30,0,Fuel/Ambient,690805592,1740862032
1740862032889142041,21,[  0   0   0   3 184 158  21   0],7,258,945.239990234375,30,0,Fuel/Ambient,888525481,1740862032
1740862033085712523,21,[  0   0   0   3 184 157  21   0],7,258,945.219970703125,30,0,Fuel/Ambient,84864852,1740862033
1740862033291336081,21,[  0   0   0   3 184 157  21   0],7,258,945.219970703125,30,0,Fuel/Ambient,290777346,1740862033
1740862033487373364,21,[  0   0   0   3 184 157  21   0],7,258,945.219970703125,30,0,Fuel/Ambient,486718690,1740862033
1740862033693137950,21,[  0   0   0   3 184 157  21   0],7,258,945.219970703125,30,0,Fuel/Ambient,692368073,1740862033
1740862033890380865,21,[  0   0   0   3 184 157  21   0],7,258,945.219970703125,30,0,Fuel/Ambient,889891284,1740862033
1740862034096594647,21,[  0   0   0   3 184 157  21   0],7,258,945.219970703125,30,0,Fuel/Ambient,95821346,1740862034
1740862034292431699,21,[  0   0   0   3 184 157  21   0],7,258,945.219970703125,30,0,Fuel/Ambient,291781953,1740862034
1740862034497992247,21,[  0   0   0   3 184 157  21   0],7,258,945.219970703125,30,0,Fuel/Ambient,497249923,1740862034
1740862034694364225,21,[  0   0   0   3 184 157  21   0],7,258,945.219970703125,30,0,Fuel/Ambient,693775569,1740862034
1740862034892387353,21,[  0   0   0   3 184 157  21   0],7,258,945.219970703125,30,0,Fuel/Ambient,891672901,1740862034
1740862035098378152,21,[  0   0   0   3 184 156  21   0],7,258,945.2000122070312,30,0,Fuel/Ambient,97576562,1740862035
1740862035293623251,21,[  0   0   0   3 184 156  21   0],7,258,945.2000122070312,30,0,Fuel/Ambient,292967969,1740862035
1740862035499400700,21,[  0   0   0   3 184 156  21   0],7,258,945.2000122070312,30,0,Fuel/Ambient,499042226,1740862035
1740862035694642119,21,[  0   0   0   3 184 156  21   0],7,258,945.2000122070312,30,0,Fuel/Ambient,694234972,1740862035
1740862035902213568,21,[  0   0   0   3 184 156  21   0],7,258,945.2000122070312,30,0,Fuel/Ambient,901736179,1740862035
1740862036097834869,21,[  0   0   0   3 184 156  21   0],7,258,945.2000122070312,30,0,Fuel/Ambient,96826650,1740862036
1740862036302945739,21,[  0   0   0   3 184 156  21   0],7,258,945.2000122070312,30,0,Fuel/Ambient,302459454,1740862036
1740862036500373425,21,[  0   0   0   3 184 155  21   0],7,258,945.1799926757812,30,0,Fuel/Ambient,499627293,1740862036
1740862036696190475,21,[  0   0   0   3 184 155  21   0],7,258,945.1799926757812,30,0,Fuel/Ambient,695728894,1740862036
1740862036905254188,21,[  0   0   0   3 184 155  21   0],7,258,945.1799926757812,30,0,Fuel/Ambient,904804383,1740862036
1740862037101004259,21,[  0   0   0   3 184 155  21   0],7,258,945.1799926757812,30,0,Fuel/Ambient,100493269,1740862037
1740862037306887885,21,[  0   0   0   3 184 155  21   0],7,258,945.1799926757812,30,0,Fuel/Ambient,306277853,1740862037
1740862037502589731,21,[  0   0   0   3 184 155  21   0],7,258,945.1799926757812,30,0,Fuel/Ambient,502116854,1740862037
1740862037698425053,21,[  0   0   0   3 184 155  21   0],7,258,945.1799926757812,30,0,Fuel/Ambient,697948432,1740862037
1740862037907548542,21,[  0   0   0   3 184 155  21   0],7,258,945.1799926757812,30,0,Fuel/Ambient,906476001,1740862037
1740862038103337814,21,[  0   0   0   3 184 155  21   0],7,258,945.1799926757812,30,0,Fuel/Ambient,102926827,1740862038
1740862038309306690,21,[  0   0   0   3 184 155  21   0],7,258,945.1799926757812,30,0,Fuel/Ambient,308566221,1740862038
1740862038504586571,21,[  0   0   0   3 184 155  21   0],7,258,945.1799926757812,30,0,Fuel/Ambient,504125823,1740862038
1740862038710693914,21,[  0   0   0   3 184 155  21   0],7,258,945.1799926757812,30,0,Fuel/Ambient,709874020,1740862038
1740862038908948853,21,[  0   0   0   3 184 155  21   0],7,258,945.1799926757812,30,0,Fuel/Ambient,908144383,1740862038
1740862039105257114,21,[  0   0   0   3 184 155  21   0],7,258,945.1799926757812,30,0,Fuel/Ambient,104232958,1740862039
1740862039310728855,21,[  0   0   0   3 184 156  21   0],7,258,945.2000122070312,30,0,Fuel/Ambient,309876416,1740862039
1740862039506468652,21,[  0   0   0   3 184 156  21   0],7,258,945.2000122070312,30,0,Fuel/Ambient,505857595,1740862039
1740862039712176847,22,[  0   0   0   3 184 155  22   0],7,258,945.1799926757812,30,0,Fuel/Ambient,711556094,1740862039
1740862039910512139,22,[  0   0   0   3 184 155  22   0],7,258,945.1799926757812,30,0,Fuel/Ambient,909563761,1740862039
1740862040115751233,22,[  0   0   0   3 184 155  22   0],7,258,945.1799926757812,30,0,Fuel/Ambient,115155473,1740862040
1740862040310873125,22,[  0   0   0   3 184 155  22   0],7,258,945.1799926757812,30,0,Fuel/Ambient,310389848,1740862040
1740862040516713483,22,[  0   0   0   3 184 155  22   0],7,258,945.1799926757812,30,0,Fuel/Ambient,515763153,1740862040
1740862040711804494,22,[  0   0   0   3 184 155  22   0],7,258,945.1799926757812,30,0,Fuel/Ambient,711093499,1740862040
1740862040912943605,22,[  0   0   0   3 184 155  22   0],7,258,945.1799926757812,30,0,Fuel/Ambient,910491826,1740862040
1740862041117150638,22,[  0   0   0   3 184 155  22   0],7,258,945.1799926757812,30,0,Fuel/Ambient,116408858,1740862041
1740862041314528942,22,[  0   0   0   3 184 155  22   0],7,258,945.1799926757812,30,0,Fuel/Ambient,313972031,1740862041
1740862041520700572,22,[  0   0   0   3 184 155  22   0],7,258,945.1799926757812,30,0,Fuel/Ambient,520133933,1740862041
1740862041716394638,22,[  0   0   0   3 184 155  22   0],7,258,945.1799926757812,30,0,Fuel/Ambient,715707836,1740862041
1740862041916867874,22,[  0   0   0   3 184 155  22   0],7,258,945.1799926757812,30,0,Fuel/Ambient,915674082,1740862041
1740862042121927570,22,[  0   0   0   3 184 155  22   0],7,258,945.1799926757812,30,0,Fuel/Ambient,121400003,1740862042
1740862042318746914,22,[  0   0   0   3 184 155  22   0],7,258,945.1799926757812,30,0,Fuel/Ambient,317373693,1740862042
1740862042523450567,22,[  0   0   0   3 184 155  22   0],7,258,945.1799926757812,30,0,Fuel/Ambient,522993755,1740862042
1740862042718998837,22,[  0   0   0   3 184 155  22   0],7,258,945.1799926757812,30,0,Fuel/Ambient,718468551,1740862042
1740862042917215947,22,[  0   0   0   3 184 155  22   0],7,258,945.1799926757812,30,0,Fuel/Ambient,916793855,1740862042
1740862043124881728,22,[  0   0   0   3 184 155  22   0],7,258,945.1799926757812,30,0,Fuel/Ambient,124000328,1740862043
1740862043320378859,22,[  0   0   0   3 184 155  22   0],7,258,945.1799926757812,30,0,Fuel/Ambient,319839581,1740862043
1740862043526831295,22,[  0   0   0   3 184 155  22   0],7,258,945.1799926757812,30,0,Fuel/Ambient,525618847,1740862043
1740862043721685177,22,[  0   0   0   3 184 155  22   0],7,258,945.1799926757812,30,0,Fuel/Ambient,721149003,1740862043
1740862043920125812,22,[  0   0   0   3 184 155  22   0],7,258,945.1799926757812,30,0,Fuel/Ambient,919267837,1740862043
1740862044126336801,22,[  0   0   0   3 184 155  22   0],7,258,945.1799926757812,30,0,Fuel/Ambient,125000605,1740862044
1740862044321496739,22,[  0   0   0   3 184 155  22   0],7,258,945.1799926757812,30,0,Fuel/Ambient,320872626,1740862044
1740862044528356737,22,[  0   0   0   3 184 155  22   0],7,258,945.1799926757812,30,0,Fuel/Ambient,526487470,1740862044
1740862044723132440,22,[  0   0   0   3 184 154  22   0],7,258,945.1599731445312,30,0,Fuel/Ambient,722164414,1740862044
1740862044930852365,22,[  0   0   0   3 184 154  22   0],7,258,945.1599731445312,30,0,Fuel/Ambient,929961749,1740862044
1740862045126458682,22,[  0   0   0   3 184 154  22   0],7,258,945.1599731445312,30,0,Fuel/Ambient,125797961,1740862045
1740862045332389983,22,[  0   0   0   3 184 154  22   0],7,258,945.1599731445312,30,0,Fuel/Ambient,331723469,1740862045
1740862045528233170,22,[  0   0   0   3 184 154  22   0],7,258,945.1599731445312,30,0,Fuel/Ambient,527435004,1740862045
1740862045733864206,22,[  0   0   0   3 184 154  22   0],7,258,945.1599731445312,30,0,Fuel/Ambient,733252573,1740862045
1740862045932048736,22,[  0   0   0   3 184 154  22   0],7,258,945.1599731445312,30,0,Fuel/Ambient,931247243,1740862045
1740862046127630892,22,[  0   0   0   3 184 154  22   0],7,258,945.1599731445312,30,0,Fuel/Ambient,126791477,1740862046
1740862046333094306,22,[  0   0   0   3 184 154  22   0],7,258,945.1599731445312,30,0,Fuel/Ambient,332279276,1740862046
1740862046529074264,22,[  0   0   0   3 184 155  22   0],7,258,945.1799926757812,30,0,Fuel/Ambient,528363013,1740862046
1740862046734361898,22,[  0   0   0   3 184 155  22   0],7,258,945.1799926757812,30,0,Fuel/Ambient,733916734,1740862046
1740862046931928843,22,[  0   0   0   3 184 155  22   0],7,258,945.1799926757812,30,0,Fuel/Ambient,931485791,1740862046
1740862047137591975,22,[  0   0   0   3 184 155  22   0],7,258,945.1799926757812,30,0,Fuel/Ambient,136982262,1740862047
1740862047333630109,22,[  0   0   0   3 184 155  22   0],7,258,945.1799926757812,30,0,Fuel/Ambient,332904810,1740862047
1740862047539292920,22,[  0   0   0   3 184 155  22   0],7,258,945.1799926757812,30,0,Fuel/Ambient,538438081,1740862047
1740862047734986054,22,[  0   0   0   3 184 155  22   0],7,258,945.1799926757812,30,0,Fuel/Ambient,734426135,1740862047
1740862047933161942,22,[  0   0   0   3 184 155  22   0],7,258,945.1799926757812,30,0,Fuel/Ambient,932547302,1740862047
1740862048139176731,22,[  0   0   0   3 184 155  22   0],7,258,945.1799926757812,30,0,Fuel/Ambient,138570410,1740862048
1740862048334802469,22,[  0   0   0   3 184 155  22   0],7,258,945.1799926757812,30,0,Fuel/Ambient,334290839,1740862048
1740862048540933708,22,[  0   0   0   3 184 156  22   0],7,258,945.2000122070312,30,0,Fuel/Ambient,540166103,1740862048
1740862048736073674,22,[  0   0   0   3 184 156  22   0],7,258,945.2000122070312,30,0,Fuel/Ambient,735507195,1740862048
1740862048943948256,22,[  0   0   0   3 184 156  22   0],7,258,945.2000122070312,30,0,Fuel/Ambient,943191371,1740862048
1740862049139620683,22,[  0   0   0   3 184 156  22   0],7,258,945.2000122070312,30,0,Fuel/Ambient,138933465,1740862049
1740862049344733718,22,[  0   0   0   3 184 156  22   0],7,258,945.2000122070312,30,0,Fuel/Ambient,344158534,1740862049
1740862049539901012,22,[  0   0   0   3 184 156  22   0],7,258,945.2000122070312,30,0,Fuel/Ambient,539504009,1740862049
1740862049746311809,22,[  0   0   0   3 184 155  22   0],7,258,945.1799926757812,30,0,Fuel/Ambient,745505291,1740862049
1740862049944842522,22,[  0   0   0   3 184 155  22   0],7,258,945.1799926757812,30,0,Fuel/Ambient,943770781,1740862049
1740862050139950581,22,[  0   0   0   3 184 155  22   0],7,258,945.1799926757812,30,0,Fuel/Ambient,139467048,1740862050
1740862050346150780,22,[  0   0   0   3 184 155  22   0],7,258,945.1799926757812,30,0,Fuel/Ambient,345425544,1740862050
1740862050541786821,22,[  0   0   0   3 184 155  22   0],7,258,945.1799926757812,30,0,Fuel/Ambient,540788971,1740862050
1740862050747921419,22,[  0   0   0   3 184 155  22   0],7,258,945.1799926757812,30,0,Fuel/Ambient,747217432,1740862050
1740862050949366289,22,[  0   0   0   3 184 155  22   0],7,258,945.1799926757812,30,0,Fuel/Ambient,948474649,1740862050
1740862051146267548,22,[  0   0   0   3 184 155  22   0],7,258,945.1799926757812,30,0,Fuel/Ambient,145503592,1740862051
1740862051350756788,22,[  0   0   0   3 184 155  22   0],7,258,945.1799926757812,30,0,Fuel/Ambient,350298248,1740862051
1740862051545933776,22,[  0   0   0   3 184 155  22   0],7,258,945.1799926757812,30,0,Fuel/Ambient,545486116,1740862051
1740862051752477408,22,[  0   0   0   3 184 155  22   0],7,258,945.1799926757812,30,0,Fuel/Ambient,752105334,1740862051
1740862051951320287,22,[  0   0   0   3 184 155  22   0],7,258,945.1799926757812,30,0,Fuel/Ambient,950882387,1740862051
1740862052147384979,22,[  0   0   0   3 184 155  22   0],7,258,945.1799926757812,30,0,Fuel/Ambient,146855396,1740862052
1740862052353146188,22,[  0   0   0   3 184 155  22   0],7,258,945.1799926757812,30,0,Fuel/Ambient,352555068,1740862052
1740862052548973689,22,[  0   0   0   3 184 155  22   0],7,258,945.1799926757812,30,0,Fuel/Ambient,548452075,1740862052
1740862052754863638,22,[  0   0   0   3 184 155  22   0],7,258,945.1799926757812,30,0,Fuel/Ambient,754015455,1740862052
1740862052952809116,22,[  0   0   0   3 184 155  22   0],7,258,945.1799926757812,30,0,Fuel/Ambient,952281422,1740862052
1740862053158527668,22,[  0   0   0   3 184 155  22   0],7,258,945.1799926757812,30,0,Fuel/Ambient,157859394,1740862053
1740862053354372417,22,[  0   0   0   3 184 155  22   0],7,258,945.1799926757812,30,0,Fuel/Ambient,353865459,1740862053
1740862053560290237,22,[  0   0   0   3 184 156  22   0],7,258,945.2000122070312,30,0,Fuel/Ambient,559567722,1740862053
1740862053756056104,22,[  0   0   0   3 184 156  22   0],7,258,945.2000122070312,30,0,Fuel/Ambient,755359093,1740862053
1740862053953873706,22,[  0   0   0   3 184 156  22   0],7,258,945.2000122070312,30,0,Fuel/Ambient,953407549,1740862053
1740862054160360917,22,[  0   0   0   3 184 156  22   0],7,258,945.2000122070312,30,0,Fuel/Ambient,159172981,1740862054
1740862054356625773,22,[  0   0   0   3 184 156  22   0],7,258,945.2000122070312,30,0,Fuel/Ambient,355972795,1740862054
1740862054562176255,22,[  0   0   0   3 184 156  22   0],7,258,945.2000122070312,30,0,Fuel/Ambient,561581743,1740862054
1740862054757777380,22,[  0   0   0   3 184 156  22   0],7,258,945.2000122070312,30,0,Fuel/Ambient,757185716,1740862054
1740862054956072242,22,[  0   0   0   3 184 156  22   0],7,258,945.2000122070312,30,0,Fuel/Ambient,955516035,1740862054
1740862055162335351,22,[  0   0   0   3 184 156  22   0],7,258,945.2000122070312,30,0,Fuel/Ambient,161433598,1740862055
1740862055357607282,22,[  0   0   0   3 184 156  22   0],7,258,945.2000122070312,30,0,Fuel/Ambient,357027778,1740862055
1740862055563413994,22,[  0   0   0   3 184 156  22   0],7,258,945.2000122070312,30,0,Fuel/Ambient,562674582,1740862055
1740862055759615551,22,[  0   0   0   3 184 156  22   0],7,258,945.2000122070312,30,0,Fuel/Ambient,758767944,1740862055
1740862055967924251,22,[  0   0   0   3 184 156  22   0],7,258,945.2000122070312,30,0,Fuel/Ambient,967399084,1740862055
1740862056164567642,22,[  0   0   0   3 184 156  22   0],7,258,945.2000122070312,30,0,Fuel/Ambient,163863687,1740862056
1740862056370176620,22,[  0   0   0   3 184 156  22   0],7,258,945.2000122070312,30,0,Fuel/Ambient,369498042,1740862056
1740862056565963605,22,[  0   0   0   3 184 156  22   0],7,258,945.2000122070312,30,0,Fuel/Ambient,565187200,1740862056
1740862056761996484,22,[  0   0   0   3 184 156  22   0],7,258,945.2000122070312,30,0,Fuel/Ambient,761588057,1740862056
1740862056969999383,22,[  0   0   0   3 184 156  22   0],7,258,945.2000122070312,30,0,Fuel/Ambient,969414951,1740862056
1740862057166321293,22,[  0   0   0   3 184 155  22   0],7,258,945.1799926757812,30,0,Fuel/Ambient,164890407,1740862057
1740862057371070695,22,[  0   0   0   3 184 155  22   0],7,258,945.1799926757812,30,0,Fuel/Ambient,370381813,1740862057
1740862057566789325,22,[  0   0   0   3 184 155  22   0],7,258,945.1799926757812,30,0,Fuel/Ambient,566254335,1740862057
1740862057772367549,22,[  0   0   0   3 184 155  22   0],7,258,945.1799926757812,30,0,Fuel/Ambient,771799822,1740862057
1740862057968690388,22,[  0   0   0   3 184 155  22   0],7,258,945.1799926757812,30,0,Fuel/Ambient,968177798,1740862057
1740862058174436168,22,[  0   0   0   3 184 155  22   0],7,258,945.1799926757812,30,0,Fuel/Ambient,173689524,1740862058
1740862058369949639,22,[  0   0   0   3 184 155  22   0],7,258,945.1799926757812,30,0,Fuel/Ambient,369563773,1740862058
1740862058576408975,22,[  0   0   0   3 184 155  22   0],7,258,945.1799926757812,30,0,Fuel/Ambient,575358290,1740862058
1740862058771446369,22,[  0   0   0   3 184 156  22   0],7,258,945.2000122070312,30,0,Fuel/Ambient,770982261,1740862058
1740862058969121051,22,[  0   0   0   3 184 156  22   0],7,258,945.2000122070312,30,0,Fuel/Ambient,968413480,1740862058
1740862059174887343,22,[  0   0   0   3 184 156  22   0],7,258,945.2000122070312,30,0,Fuel/Ambient,174227645,1740862059
1740862059370302123,22,[  0   0   0   3 184 156  22   0],7,258,945.2000122070312,30,0,Fuel/Ambient,369629977,1740862059
1740862059576345414,22,[  0   0   0   3 184 156  22   0],7,258,945.2000122070312,30,0,Fuel/Ambient,575621075,1740862059
1740862059771755842,22,[  0   0   0   3 184 156  22   0],7,258,945.2000122070312,30,0,Fuel/Ambient,770942124,1740862059
1740862059979395753,22,[  0   0   0   3 184 156  22   0],7,258,945.2000122070312,30,0,Fuel/Ambient,978870906,1740862059
1740862060175045642,22,[  0   0   0   3 184 156  22   0],7,258,945.2000122070312,30,0,Fuel/Ambient,174194899,1740862060
1740862060380743995,22,[  0   0   0   3 184 156  22   0],7,258,945.2000122070312,30,0,Fuel/Ambient,379915557,1740862060
1740862060576085685,22,[  0   0   0   3 184 156  22   0],7,258,945.2000122070312,30,0,Fuel/Ambient,575373442,1740862060
1740862060781750437,22,[  0   0   0   3 184 156  22   0],7,258,945.2000122070312,30,0,Fuel/Ambient,780889422,1740862060
1740862060982344844,22,[  0   0   0   3 184 156  22   0],7,258,945.2000122070312,30,0,Fuel/Ambient,981764956,1740862060
1740862061178143889,22,[  0   0   0   3 184 156  22   0],7,258,945.2000122070312,30,0,Fuel/Ambient,177502976,1740862061
1740862061384013670,22,[  0   0   0   3 184 156  22   0],7,258,945.2000122070312,30,0,Fuel/Ambient,382913160,1740862061
1740862061580095954,22,[  0   0   0   3 184 156  22   0],7,258,945.2000122070312,30,0,Fuel/Ambient,579081239,1740862061
1740862061785865668,22,[  0   0   0   3 184 156  22   0],7,258,945.2000122070312,30,0,Fuel/Ambient,785390744,1740862061
1740862061984966818,22,[  0   0   0   3 184 156  22   0],7,258,945.2000122070312,30,0,Fuel/Ambient,984296432,1740862061
1740862062180422621,22,[  0   0   0   3 184 156  22   0],7,258,945.2000122070312,30,0,Fuel/Ambient,179862894,1740862062
1740862062386592953,22,[  0   0   0   3 184 156  22   0],7,258,945.2000122070312,30,0,Fuel/Ambient,385596702,1740862062
1740862062581323713,22,[  0   0   0   3 184 156  22   0],7,258,945.2000122070312,30,0,Fuel/Ambient,580867284,1740862062
1740862062786773257,22,[  0   0   0   3 184 156  22   0],7,258,945.2000122070312,30,0,Fuel/Ambient,786251195,1740862062
1740862062986203119,22,[  0   0   0   3 184 156  22   0],7,258,945.2000122070312,30,0,Fuel/Ambient,985735459,1740862062
1740862063191919230,22,[  0   0   0   3 184 157  22   0],7,258,945.219970703125,30,0,Fuel/Ambient,191342927,1740862063
1740862063387744962,22,[  0   0   0   3 184 156  22   0],7,258,945.2000122070312,30,0,Fuel/Ambient,387318007,1740862063
1740862063593360335,22,[  0   0   0   3 184 156  22   0],7,258,945.2000122070312,30,0,Fuel/Ambient,592788863,1740862063
1740862063789467706,22,[  0   0   0   3 184 156  22   0],7,258,945.2000122070312,30,0,Fuel/Ambient,788973741,1740862063
1740862063990174978,22,[  0   0   0   3 184 156  22   0],7,258,945.2000122070312,30,0,Fuel/Ambient,989649364,1740862063
1740862064196011539,22,[  0   0   0   3 184 157  22   0],7,258,945.219970703125,30,0,Fuel/Ambient,195612105,1740862064
1740862064392810033,22,[  0   0   0   3 184 156  22   0],7,258,945.2000122070312,30,0,Fuel/Ambient,390315853,1740862064
1740862064595437900,22,[  0   0   0   3 184 156  22   0],7,258,945.2000122070312,30,0,Fuel/Ambient,594960639,1740862064
1740862064789797959,22,[  0   0   0   3 184 156  22   0],7,258,945.2000122070312,30,0,Fuel/Ambient,789342235,1740862064
1740862064997284389,22,[  0   0   0   3 184 156  22   0],7,258,945.2000122070312,30,0,Fuel/Ambient,996723478,1740862064
1740862065191402554,22,[  0   0   0   3 184 156  22   0],7,258,945.2000122070312,30,0,Fuel/Ambient,190917420,1740862065
1740862065397285355,22,[  0   0   0   3 184 156  22   0],7,258,945.2000122070312,30,0,Fuel/Ambient,396445333,1740862065
1740862065593425046,22,[  0   0   0   3 184 156  22   0],7,258,945.2000122070312,30,0,Fuel/Ambient,592429435,1740862065
1740862065798888125,22,[  0   0   0   3 184 156  22   0],7,258,945.2000122070312,30,0,Fuel/Ambient,798242059,1740862065
1740862065997479082,22,[  0   0   0   3 184 156  22   0],7,258,945.2000122070312,30,0,Fuel/Ambient,997078015,1740862065
1740862066193787640,22,[  0   0   0   3 184 156  22   0],7,258,945.2000122070312,30,0,Fuel/Ambient,192971170,1740862066
1740862066398874356,22,[  0   0   0   3 184 156  22   0],7,258,945.2000122070312,30,0,Fuel/Ambient,398436008,1740862066
1740862066603474914,22,[  0   0   0   3 184 156  22   0],7,258,945.2000122070312,30,0,Fuel/Ambient,602996533,1740862066
1740862066803847038,22,[  0   0   0   3 184 156  22   0],7,258,945.2000122070312,30,0,Fuel/Ambient,803486325,1740862066
1740862067001996895,22,[  0   0   0   3 184 156  22   0],7,258,945.2000122070312,30,0,Fuel/Ambient,1064902,1740862067
1740862067198115847,22,[  0   0   0   3 184 156  22   0],7,258,945.2000122070312,30,0,Fuel/Ambient,197629434,1740862067
1740862067404470820,22,[  0   0   0   3 184 156  22   0],7,258,945.2000122070312,30,0,Fuel/Ambient,403868692,1740862067
1740862067599947868,22,[  0   0   0   3 184 156  22   0],7,258,945.2000122070312,30,0,Fuel/Ambient,599595474,1740862067
1740862067806427836,22,[  0   0   0   3 184 156  22   0],7,258,945.2000122070312,30,0,Fuel/Ambient,805595653,1740862067
1740862068005434899,22,[  0   0   0   3 184 156  22   0],7,258,945.2000122070312,30,0,Fuel/Ambient,4295924,1740862068
1740862068200808934,22,[  0   0   0   3 184 156  22   0],7,258,945.2000122070312,30,0,Fuel/Ambient,200286904,1740862068
1740862068406505041,22,[  0   0   0   3 184 156  22   0],7,258,945.2000122070312,30,0,Fuel/Ambient,405866367,1740862068
1740862068602275855,22,[  0   0   0   3 184 156  22   0],7,258,945.2000122070312,30,0,Fuel/Ambient,601812771,1740862068
1740862068808189279,22,[  0   0   0   3 184 156  22   0],7,258,945.2000122070312,30,0,Fuel/Ambient,807522285,1740862068
1740862069006570340,22,[  0   0   0   3 184 157  22   0],7,258,945.219970703125,30,0,Fuel/Ambient,5781711,1740862069
1740862069203153752,22,[  0   0   0   3 184 157  22   0],7,258,945.219970703125,30,0,Fuel/Ambient,202404644,1740862069
1740862069409057607,22,[  0   0   0   3 184 157  22   0],7,258,945.219970703125,30,0,Fuel/Ambient,408264274,1740862069
1740862069604678689,22,[  0   0   0   3 184 157  22   0],7,258,945.219970703125,30,0,Fuel/Ambient,604020911,1740862069
1740862069810976858,22,[  0   0   0   3 184 157  22   0],7,258,945.219970703125,30,0,Fuel/Ambient,810306728,1740862069
1740862070009885325,22,[  0   0   0   3 184 157  22   0],7,258,945.219970703125,30,0,Fuel/Ambient,8913810,1740862070
1740862070215142793,22,[  0   0   0   3 184 157  22   0],7,258,945.219970703125,30,0,Fuel/Ambient,214600059,1740862070
1740862070410910822,22,[  0   0   0   3 184 157  22   0],7,258,945.219970703125,30,0,Fuel/Ambient,410323638,1740862070
1740862070616898199,22,[  0   0   0   3 184 157  22   0],7,258,945.219970703125,30,0,Fuel/Ambient,616394633,1740862070
1740862070813641486,22,[  0   0   0   3 184 156  22   0],7,258,945.2000122070312,30,0,Fuel/Ambient,812985244,1740862070
1740862071013778017,22,[  0   0   0   3 184 156  22   0],7,258,945.2000122070312,30,0,Fuel/Ambient,13190545,1740862071
1740862071210137229,22,[  0   0   0   3 184 157  22   0],7,258,945.219970703125,30,0,Fuel/Ambient,209311062,1740862071
1740862071415683920,22,[  0   0   0   3 184 157  22   0],7,258,945.219970703125,30,0,Fuel/Ambient,415261733,1740862071
1740862071611790838,22,[  0   0   0   3 184 157  22   0],7,258,945.219970703125,30,0,Fuel/Ambient,610981824,1740862071
1740862071818127343,22,[  0   0   0   3 184 157  22   0],7,258,945.219970703125,30,0,Fuel/Ambient,817293016,1740862071
1740862072015544983,22,[  0   0   0   3 184 157  22   0],7,258,945.219970703125,30,0,Fuel/Ambient,15049066,1740862072
1740862072212749753,22,[  0   0   0   3 184 157  22   0],7,258,945.219970703125,30,0,Fuel/Ambient,212231499,1740862072
1740862072418712007,22,[  0   0   0   3 184 157  22   0],7,258,945.219970703125,30,0,Fuel/Ambient,417963987,1740862072
1740862072613932660,22,[  0   0   0   3 184 157  22   0],7,258,945.219970703125,30,0,Fuel/Ambient,613516585,1740862072
1740862072820582421,22,[  0   0   0   3 184 157  22   0],7,258,945.219970703125,30,0,Fuel/Ambient,819898626,1740862072
1740862073018798834,22,[  0   0   0   3 184 156  22   0],7,258,945.2000122070312,30,0,Fuel/Ambient,17923002,1740862073
1740862073224835329,22,[  0   0   0   3 184 156  22   0],7,258,945.2000122070312,30,0,Fuel/Ambient,223575903,1740862073
1740862073419718660,22,[  0   0   0   3 184 156  22   0],7,258,945.2000122070312,30,0,Fuel/Ambient,419256119,1740862073
1740862073625546285,22,[  0   0   0   3 184 156  22   0],7,258,945.2000122070312,30,0,Fuel/Ambient,624954365,1740862073
1740862073821067649,22,[  0   0   0   3 184 156  22   0],7,258,945.2000122070312,30,0,Fuel/Ambient,820461841,1740862073
1740862074018876819,22,[  0   0   0   3 184 156  22   0],7,258,945.2000122070312,30,0,Fuel/Ambient,18372421,1740862074
1740862074224283792,22,[  0   0   0   3 184 156  22   0],7,258,945.2000122070312,30,0,Fuel/Ambient,223689984,1740862074
1740862074429321220,22,[  0   0   0   3 184 156  22   0],7,258,945.2000122070312,30,0,Fuel/Ambient,428869496,1740862074
1740862074624454412,22,[  0   0   0   3 184 156  22   0],7,258,945.2000122070312,30,0,Fuel/Ambient,623855036,1740862074
1740862074829693285,22,[  0   0   0   3 184 156  22   0],7,258,945.2000122070312,30,0,Fuel/Ambient,829249017,1740862074
1740862075025275802,22,[  0   0   0   3 184 156  22   0],7,258,945.2000122070312,30,0,Fuel/Ambient,24733004,1740862075
1740862075229941635,22,[  0   0   0   3 184 157  22   0],7,258,945.219970703125,30,0,Fuel/Ambient,229555032,1740862075
1740862075424764770,22,[  0   0   0   3 184 157  22   0],7,258,945.219970703125,30,0,Fuel/Ambient,423771560,1740862075
1740862075629631824,22,[  0   0   0   3 184 157  22   0],7,258,945.219970703125,30,0,Fuel/Ambient,629180228,1740862075
1740862075834237080,22,[  0   0   0   3 184 157  22   0],7,258,945.219970703125,30,0,Fuel/Ambient,833773547,1740862075
1740862076030033009,22,[  0   0   0   3 184 157  22   0],7,258,945.219970703125,30,0,Fuel/Ambient,29622470,1740862076
1740862076233920036,22,[  0   0   0   3 184 156  22   0],7,258,945.2000122070312,30,0,Fuel/Ambient,233330580,1740862076
1740862076429558969,22,[  0   0   0   3 184 156  22   0],7,258,945.2000122070312,30,0,Fuel/Ambient,429032491,1740862076
1740862076635559365,22,[  0   0   0   3 184 157  22   0],7,258,945.219970703125,30,0,Fuel/Ambient,635096184,1740862076
1740862076829700241,22,[  0   0   0   3 184 157  22   0],7,258,945.219970703125,30,0,Fuel/Ambient,829031391,1740862076
1740862077036168425,22,[  0   0   0   3 184 157  22   0],7,258,945.219970703125,30,0,Fuel/Ambient,35613562,1740862077
1740862077230465945,22,[  0   0   0   3 184 157  22   0],7,258,945.219970703125,30,0,Fuel/Ambient,230071983,1740862077
1740862077437663876,22,[  0   0   0   3 184 157  22   0],7,258,945.219970703125,30,0,Fuel/Ambient,436793197,1740862077
1740862077634217105,22,[  0   0   0   3 184 156  22   0],7,258,945.2000122070312,30,0,Fuel/Ambient,633436252,1740862077
1740862077839070749,22,[  0   0   0   3 184 156  22   0],7,258,945.2000122070312,30,0,Fuel/Ambient,838547503,1740862077
1740862078036257915,22,[  0   0   0   3 184 156  22   0],7,258,945.2000122070312,30,0,Fuel/Ambient,35703468,1740862078
1740862078240862719,22,[  0   0   0   3 184 156  22   0],7,258,945.2000122070312,30,0,Fuel/Ambient,240264079,1740862078
1740862078437295336,22,[  0   0   0   3 184 156  22   0],7,258,945.2000122070312,30,0,Fuel/Ambient,435963268,1740862078
1740862078634863791,22,[  0   0   0   3 184 156  22   0],7,258,945.2000122070312,30,0,Fuel/Ambient,634039225,1740862078
1740862078840103301,22,[  0   0   0   3 184 156  22   0],7,258,945.2000122070312,30,0,Fuel/Ambient,839552790,1740862078
1740862079037109661,22,[  0   0   0   3 184 156  22   0],7,258,945.2000122070312,30,0,Fuel/Ambient,36488716,1740862079
1740862079241859652,22,[  0   0   0   3 184 156  22   0],7,258,945.2000122070312,30,0,Fuel/Ambient,241281301,1740862079
1740862079438475089,22,[  0   0   0   3 184 156  22   0],7,258,945.2000122070312,30,0,Fuel/Ambient,437432533,1740862079
1740862079645391731,22,[  0   0   0   3 184 156  22   0],7,258,945.2000122070312,30,0,Fuel/Ambient,644231412,1740862079
1740862079841813242,22,[  0   0   0   3 184 156  22   0],7,258,945.2000122070312,30,0,Fuel/Ambient,840983268,1740862079
1740862080041696959,22,[  0   0   0   3 184 156  22   0],7,258,945.2000122070312,30,0,Fuel/Ambient,41149552,1740862080
1740862080247754185,22,[  0   0   0   3 184 156  22   0],7,258,945.2000122070312,30,0,Fuel/Ambient,247191546,1740862080
1740862080446110692,22,[  0   0   0   3 184 156  22   0],7,258,945.2000122070312,30,0,Fuel/Ambient,444016780,1740862080
1740862080642401799,22,[  0   0   0   3 184 156  22   0],7,258,945.2000122070312,30,0,Fuel/Ambient,641706036,1740862080
1740862080850834033,22,[  0   0   0   3 184 156  22   0],7,258,945.2000122070312,30,0,Fuel/Ambient,850398501,1740862080
1740862081049195916,22,[  0   0   0   3 184 156  22   0],7,258,945.2000122070312,30,0,Fuel/Ambient,48353365,1740862081
1740862081244345904,22,[  0   0   0   3 184 156  22   0],7,258,945.2000122070312,30,0,Fuel/Ambient,243969285,1740862081
1740862081450395769,22,[  0   0   0   3 184 156  22   0],7,258,945.2000122070312,30,0,Fuel/Ambient,449381693,1740862081
1740862081645581149,22,[  0   0   0   3 184 156  22   0],7,258,945.2000122070312,30,0,Fuel/Ambient,644989197,1740862081
1740862081852264759,22,[  0   0   0   3 184 156  22   0],7,258,945.2000122070312,30,0,Fuel/Ambient,851688296,1740862081
1740862082050714900,22,[  0   0   0   3 184 156  22   0],7,258,945.2000122070312,30,0,Fuel/Ambient,49497171,1740862082
1740862082246042844,22,[  0   0   0   3 184 155  22   0],7,258,945.1799926757812,30,0,Fuel/Ambient,245523598,1740862082
1740862082452386636,22,[  0   0   0   3 184 155  22   0],7,258,945.1799926757812,30,0,Fuel/Ambient,451773371,1740862082
1740862082648769136,22,[  0   0   0   3 184 155  22   0],7,258,945.1799926757812,30,0,Fuel/Ambient,648171232,1740862082
1740862082855016285,21,[  0   0   0   3 184 155  21   0],7,258,945.1799926757812,30,0,Fuel/Ambient,854362188,1740862082
1740862083053172689,21,[  0   0   0   3 184 155  21   0],7,258,945.1799926757812,30,0,Fuel/Ambient,52568993,1740862083
1740862083258902352,21,[  0   0   0   3 184 155  21   0],7,258,945.1799926757812,30,0,Fuel/Ambient,258351425,1740862083
1740862083455636637,21,[  0   0   0   3 184 155  21   0],7,258,945.1799926757812,30,0,Fuel/Ambient,454747205,1740862083
1740862083651700088,22,[  0   0   0   3 184 155  22   0],7,258,945.1799926757812,30,0,Fuel/Ambient,651248939,1740862083
1740862083856390170,21,[  0   0   0   3 184 155  21   0],7,258,945.1799926757812,30,0,Fuel/Ambient,855907629,1740862083
1740862084053430447,21,[  0   0   0   3 184 155  21   0],7,258,945.1799926757812,30,0,Fuel/Ambient,53089606,1740862084
1740862084259072235,22,[  0   0   0   3 184 155  22   0],7,258,945.1799926757812,30,0,Fuel/Ambient,258516540,1740862084
1740862084457035896,22,[  0   0   0   3 184 154  22   0],7,258,945.1599731445312,30,0,Fuel/Ambient,455441581,1740862084
1740862084654381652,21,[  0   0   0   3 184 154  21   0],7,258,945.1599731445312,30,0,Fuel/Ambient,653650657,1740862084
1740862084861674045,21,[  0   0   0   3 184 154  21   0],7,258,945.1599731445312,30,0,Fuel/Ambient,860890343,1740862084
1740862085060113974,21,[  0   0   0   3 184 155  21   0],7,258,945.1799926757812,30,0,Fuel/Ambient,59555367,1740862085
1740862085256440023,21,[  0   0   0   3 184 155  21   0],7,258,945.1799926757812,30,0,Fuel/Ambient,255777189,1740862085
1740862085463106157,22,[  0   0   0   3 184 155  22   0],7,258,945.1799926757812,30,0,Fuel/Ambient,462164052,1740862085
1740862085658621623,22,[  0   0   0   3 184 155  22   0],7,258,945.1799926757812,30,0,Fuel/Ambient,658023911,1740862085
1740862085866495246,22,[  0   0   0   3 184 155  22   0],7,258,945.1799926757812,30,0,Fuel/Ambient,865604790,1740862085
1740862086064366392,22,[  0   0   0   3 184 155  22   0],7,258,945.1799926757812,30,0,Fuel/Ambient,63465504,1740862086
1740862086260398096,22,[  0   0   0   3 184 155  22   0],7,258,945.1799926757812,30,0,Fuel/Ambient,259642811,1740862086
1740862086467363789,22,[  0   0   0   3 184 155  22   0],7,258,945.1799926757812,30,0,Fuel/Ambient,466556408,1740862086
1740862086663153438,22,[  0   0   0   3 184 156  22   0],7,258,945.2000122070312,30,0,Fuel/Ambient,662623984,1740862086
1740862086869319718,22,[  0   0   0   3 184 155  22   0],7,258,945.1799926757812,30,0,Fuel/Ambient,868758455,1740862086
1740862087067349908,22,[  0   0   0   3 184 155  22   0],7,258,945.1799926757812,30,0,Fuel/Ambient,66664865,1740862087
1740862087262245804,22,[  0   0   0   3 184 155  22   0],7,258,945.1799926757812,30,0,Fuel/Ambient,261765535,1740862087
1740862087467398456,22,[  0   0   0   3 184 155  22   0],7,258,945.1799926757812,30,0,Fuel/Ambient,466855113,1740862087
1740862087672784170,22,[  0   0   0   3 184 155  22   0],7,258,945.1799926757812,30,0,Fuel/Ambient,672030454,1740862087
1740862087868482104,22,[  0   0   0   3 184 155  22   0],7,258,945.1799926757812,30,0,Fuel/Ambient,868011692,1740862087
1740862088067085236,22,[  0   0   0   3 184 155  22   0],7,258,945.1799926757812,30,0,Fuel/Ambient,66573606,1740862088
1740862088272999860,22,[  0   0   0   3 184 155  22   0],7,258,945.1799926757812,30,0,Fuel/Ambient,272256864,1740862088
1740862088469290417,21,[  0   0   0   3 184 155  21   0],7,258,945.1799926757812,30,0,Fuel/Ambient,468615167,1740862088
1740862088674689827,21,[  0   0   0   3 184 155  21   0],7,258,945.1799926757812,30,0,Fuel/Ambient,674151284,1740862088
1740862088870071751,21,[  0   0   0   3 184 155  21   0],7,258,945.1799926757812,30,0,Fuel/Ambient,869502200,1740862088
1740862089078149345,21,[  0   0   0   3 184 155  21   0],7,258,945.1799926757812,30,0,Fuel/Ambient,77429294,1740862089
1740862089274022578,21,[  0   0   0   3 184 155  21   0],7,258,945.1799926757812,30,0,Fuel/Ambient,273331712,1740862089
1740862089480747047,21,[  0   0   0   3 184 155  21   0],7,258,945.1799926757812,30,0,Fuel/Ambient,479952209,1740862089
1740862089676091914,21,[  0   0   0   3 184 155  21   0],7,258,945.1799926757812,30,0,Fuel/Ambient,675398263,1740862089
1740862089871882937,21,[  0   0   0   3 184 155  21   0],7,258,945.1799926757812,30,0,Fuel/Ambient,871215911,1740862089
1740862090080191128,21,[  0   0   0   3 184 155  21   0],7,258,945.1799926757812,30,0,Fuel/Ambient,79637769,1740862090
1740862090276538709,21,[  0   0   0   3 184 155  21   0],7,258,945.1799926757812,30,0,Fuel/Ambient,275674141,1740862090
1740862090482936064,21,[  0   0   0   3 184 155  21   0],7,258,945.1799926757812,30,0,Fuel/Ambient,482081001,1740862090
1740862090678167327,21,[  0   0   0   3 184 155  21   0],7,258,945.1799926757812,30,0,Fuel/Ambient,677471532,1740862090
1740862090874454362,21,[  0   0   0   3 184 155  21   0],7,258,945.1799926757812,30,0,Fuel/Ambient,873722439,1740862090
1740862091082423183,21,[  0   0   0   3 184 155  21   0],7,258,945.1799926757812,30,0,Fuel/Ambient,81558712,1740862091
1740862091278657577,21,[  0   0   0   3 184 156  21   0],7,258,945.2000122070312,30,0,Fuel/Ambient,277989367,1740862091
1740862091485889865,21,[  0   0   0   3 184 156  21   0],7,258,945.2000122070312,30,0,Fuel/Ambient,485225752,1740862091
1740862091681701015,21,[  0   0   0   3 184 156  21   0],7,258,945.2000122070312,30,0,Fuel/Ambient,681177225,1740862091
1740862091887590356,21,[  0   0   0   3 184 155  21   0],7,258,945.1799926757812,30,0,Fuel/Ambient,887085799,1740862091
1740862092084892618,21,[  0   0   0   3 184 155  21   0],7,258,945.1799926757812,30,0,Fuel/Ambient,84198167,1740862092
1740862092279295409,21,[  0   0   0   3 184 155  21   0],7,258,945.1799926757812,30,0,Fuel/Ambient,278654656,1740862092
1740862092484752769,21,[  0   0   0   3 184 155  21   0],7,258,945.1799926757812,30,0,Fuel/Ambient,483978669,1740862092
1740862092689064563,21,[  0   0   0   3 184 155  21   0],7,258,945.1799926757812,30,0,Fuel/Ambient,688116473,1740862092
1740862092882850090,21,[  0   0   0   3 184 155  21   0],7,258,945.1799926757812,30,0,Fuel/Ambient,882295675,1740862092
1740862093082448636,21,[  0   0   0   3 184 155  21   0],7,258,945.1799926757812,30,0,Fuel/Ambient,81847948,1740862093
1740862093288104433,21,[  0   0   0   3 184 155  21   0],7,258,945.1799926757812,30,0,Fuel/Ambient,287436927,1740862093
1740862093485514888,21,[  0   0   0   3 184 155  21   0],7,258,945.1799926757812,30,0,Fuel/Ambient,484830326,1740862093
1740862093691034298,21,[  0   0   0   3 184 155  21   0],7,258,945.1799926757812,30,0,Fuel/Ambient,690475435,1740862093
1740862093886088210,21,[  0   0   0   3 184 155  21   0],7,258,945.1799926757812,30,0,Fuel/Ambient,885618949,1740862093
1740862094093999843,21,[  0   0   0   3 184 155  21   0],7,258,945.1799926757812,30,0,Fuel/Ambient,93398963,1740862094
1740862094288803795,21,[  0   0   0   3 184 155  21   0],7,258,945.1799926757812,30,0,Fuel/Ambient,288377640,1740862094
1740862094496305305,21,[  0   0   0   3 184 155  21   0],7,258,945.1799926757812,30,0,Fuel/Ambient,495654951,1740862094
1740862094692813431,21,[  0   0   0   3 184 155  21   0],7,258,945.1799926757812,30,0,Fuel/Ambient,690872515,1740862094
1740862094888139382,21,[  0   0   0   3 184 155  21   0],7,258,945.1799926757812,30,0,Fuel/Ambient,887392322,1740862094
1740862095097388010,21,[  0   0   0   3 184 155  21   0],7,258,945.1799926757812,30,0,Fuel/Ambient,96078759,1740862095
1740862095292513635,22,[  0   0   0   3 184 155  22   0],7,258,945.1799926757812,30,0,Fuel/Ambient,291936307,1740862095
1740862095500278990,22,[  0   0   0   3 184 155  22   0],7,258,945.1799926757812,30,0,Fuel/Ambient,499589308,1740862095
1740862095696111130,22,[  0   0   0   3 184 155  22   0],7,258,945.1799926757812,30,0,Fuel/Ambient,695397095,1740862095
1740862095892824221,22,[  0   0   0   3 184 155  22   0],7,258,945.1799926757812,30,0,Fuel/Ambient,892081801,1740862095
1740862096100886801,22,[  0   0   0   3 184 155  22   0],7,258,945.1799926757812,30,0,Fuel/Ambient,100240383,1740862096
1740862096297077509,22,[  0   0   0   3 184 155  22   0],7,258,945.1799926757812,30,0,Fuel/Ambient,296303184,1740862096
1740862096494976615,22,[  0   0   0   3 184 155  22   0],7,258,945.1799926757812,30,0,Fuel/Ambient,494284276,1740862096
1740862096701467344,22,[  0   0   0   3 184 155  22   0],7,258,945.1799926757812,30,0,Fuel/Ambient,700624889,1740862096
1740862096897499264,22,[  0   0   0   3 184 155  22   0],7,258,945.1799926757812,30,0,Fuel/Ambient,896945585,1740862096
1740862097097306069,22,[  0   0   0   3 184 155  22   0],7,258,945.1799926757812,30,0,Fuel/Ambient,96552353,1740862097
1740862097303282063,22,[  0   0   0   3 184 155  22   0],7,258,945.1799926757812,30,0,Fuel/Ambient,302709600,1740862097
1740862097501372214,22,[  0   0   0   3 184 155  22   0],7,258,945.1799926757812,30,0,Fuel/Ambient,500531743,1740862097
1740862097707477716,22,[  0   0   0   3 184 155  22   0],7,258,945.1799926757812,30,0,Fuel/Ambient,706732064,1740862097
1740862097903001173,22,[  0   0   0   3 184 155  22   0],7,258,945.1799926757812,30,0,Fuel/Ambient,902248737,1740862097
1740862098101115676,22,[  0   0   0   3 184 155  22   0],7,258,945.1799926757812,30,0,Fuel/Ambient,100332487,1740862098
1740862098306552647,22,[  0   0   0   3 184 155  22   0],7,258,945.1799926757812,30,0,Fuel/Ambient,305865973,1740862098
1740862098505198140,22,[  0   0   0   3 184 155  22   0],7,258,945.1799926757812,30,0,Fuel/Ambient,504428583,1740862098
1740862098700748670,22,[  0   0   0   3 184 155  22   0],7,258,945.1799926757812,30,0,Fuel/Ambient,700022634,1740862098
1740862098906014884,22,[  0   0   0   3 184 155  22   0],7,258,945.1799926757812,30,0,Fuel/Ambient,905401844,1740862098
1740862099103765728,22,[  0   0   0   3 184 155  22   0],7,258,945.1799926757812,30,0,Fuel/Ambient,103025901,1740862099
1740862099302614778,22,[  0   0   0   3 184 155  22   0],7,258,945.1799926757812,30,0,Fuel/Ambient,302161294,1740862099
1740862099507505045,22,[  0   0   0   3 184 155  22   0],7,258,945.1799926757812,30,0,Fuel/Ambient,507042921,1740862099
1740862099711918916,22,[  0   0   0   3 184 155  22   0],7,258,945.1799926757812,30,0,Fuel/Ambient,711594395,1740862099
1740862099908132087,22,[  0   0   0   3 184 155  22   0],7,258,945.1799926757812,30,0,Fuel/Ambient,907576456,1740862099
1740862100108119278,22,[  0   0   0   3 184 155  22   0],7,258,945.1799926757812,30,0,Fuel/Ambient,107385307,1740862100
1740862100313585497,21,[  0   0   0   3 184 154  21   0],7,258,945.1599731445312,30,0,Fuel/Ambient,313082891,1740862100
1740862100511569946,21,[  0   0   0   3 184 154  21   0],7,258,945.1599731445312,30,0,Fuel/Ambient,510969194,1740862100
1740862100716376787,21,[  0   0   0   3 184 154  21   0],7,258,945.1599731445312,30,0,Fuel/Ambient,715912518,1740862100
1740862100912828459,21,[  0   0   0   3 184 154  21   0],7,258,945.1599731445312,30,0,Fuel/Ambient,912195162,1740862100
1740862101110118649,21,[  0   0   0   3 184 154  21   0],7,258,945.1599731445312,30,0,Fuel/Ambient,109490601,1740862101
1740862101316047279,21,[  0   0   0   3 184 154  21   0],7,258,945.1599731445312,30,0,Fuel/Ambient,315613124,1740862101
1740862101512589033,21,[  0   0   0   3 184 154  21   0],7,258,945.1599731445312,30,0,Fuel/Ambient,512141629,1740862101
1740862101719456696,21,[  0   0   0   3 184 154  21   0],7,258,945.1599731445312,30,0,Fuel/Ambient,718799879,1740862101
1740862101915454884,21,[  0   0   0   3 184 154  21   0],7,258,945.1599731445312,30,0,Fuel/Ambient,914675215,1740862101
1740862102114136567,21,[  0   0   0   3 184 154  21   0],7,258,945.1599731445312,30,0,Fuel/Ambient,113301377,1740862102
1740862102319154676,21,[  0   0   0   3 184 154  21   0],7,258,945.1599731445312,30,0,Fuel/Ambient,318514306,1740862102
1740862102517001072,21,[  0   0   0   3 184 153  21   0],7,258,945.1400146484375,30,0,Fuel/Ambient,516131993,1740862102
1740862102723230125,21,[  0   0   0   3 184 153  21   0],7,258,945.1400146484375,30,0,Fuel/Ambient,722433048,1740862102
1740862102918296127,21,[  0   0   0   3 184 153  21   0],7,258,945.1400146484375,30,0,Fuel/Ambient,917687438,1740862102
1740862103116377889,21,[  0   0   0   3 184 153  21   0],7,258,945.1400146484375,30,0,Fuel/Ambient,115520938,1740862103
1740862103321548577,21,[  0   0   0   3 184 153  21   0],7,258,945.1400146484375,30,0,Fuel/Ambient,320882319,1740862103
1740862103520382903,21,[  0   0   0   3 184 153  21   0],7,258,945.1400146484375,30,0,Fuel/Ambient,519736870,1740862103
1740862103726207304,21,[  0   0   0   3 184 153  21   0],7,258,945.1400146484375,30,0,Fuel/Ambient,725589336,1740862103
1740862103921469343,21,[  0   0   0   3 184 153  21   0],7,258,945.1400146484375,30,0,Fuel/Ambient,920758092,1740862103
1740862104118897230,21,[  0   0   0   3 184 153  21   0],7,258,945.1400146484375,30,0,Fuel/Ambient,118308735,1740862104
1740862104324045325,21,[  0   0   0   3 184 153  21   0],7,258,945.1400146484375,30,0,Fuel/Ambient,323489470,1740862104
1740862104522038476,21,[  0   0   0   3 184 153  21   0],7,258,945.1400146484375,30,0,Fuel/Ambient,521420891,1740862104
1740862104729733679,21,[  0   0   0   3 184 153  21   0],7,258,945.1400146484375,30,0,Fuel/Ambient,728524686,1740862104
1740862104925330541,21,[  0   0   0   3 184 153  21   0],7,258,945.1400146484375,30,0,Fuel/Ambient,924725341,1740862104
1740862105122849023,21,[  0   0   0   3 184 153  21   0],7,258,945.1400146484375,30,0,Fuel/Ambient,122234158,1740862105
1740862105328329221,21,[  0   0   0   3 184 153  21   0],7,258,945.1400146484375,30,0,Fuel/Ambient,327739798,1740862105
1740862105526773008,21,[  0   0   0   3 184 153  21   0],7,258,945.1400146484375,30,0,Fuel/Ambient,526013691,1740862105
1740862105732748740,21,[  0   0   0   3 184 153  21   0],7,258,945.1400146484375,30,0,Fuel/Ambient,732011664,1740862105
1740862105929022419,21,[  0   0   0   3 184 152  21   0],7,258,945.1199951171875,30,0,Fuel/Ambient,928416451,1740862105
1740862106126463586,21,[  0   0   0   3 184 152  21   0],7,258,945.1199951171875,30,0,Fuel/Ambient,126011990,1740862106
1740862106332207663,21,[  0   0   0   3 184 152  21   0],7,258,945.1199951171875,30,0,Fuel/Ambient,331687073,1740862106
1740862106528146933,21,[  0   0   0   3 184 152  21   0],7,258,945.1199951171875,30,0,Fuel/Ambient,527483556,1740862106
1740862106734149961,21,[  0   0   0   3 184 152  21   0],7,258,945.1199951171875,30,0,Fuel/Ambient,733664892,1740862106
1740862106930618494,21,[  0   0   0   3 184 152  21   0],7,258,945.1199951171875,30,0,Fuel/Ambient,930010989,1740862106
1740862107128544153,21,[  0   0   0   3 184 152  21   0],7,258,945.1199951171875,30,0,Fuel/Ambient,128063148,1740862107
1740862107335182045,21,[  0   0   0   3 184 152  21   0],7,258,945.1199951171875,30,0,Fuel/Ambient,334684752,1740862107
1740862107532238336,21,[  0   0   0   3 184 152  21   0],7,258,945.1199951171875,30,0,Fuel/Ambient,531617520,1740862107
1740862107738166801,21,[  0   0   0   3 184 152  21   0],7,258,945.1199951171875,30,0,Fuel/Ambient,737449534,1740862107
1740862107933056123,21,[  0   0   0   3 184 152  21   0],7,258,945.1199951171875,30,0,Fuel/Ambient,932362440,1740862107
1740862108131394816,21,[  0   0   0   3 184 153  21   0],7,258,945.1400146484375,30,0,Fuel/Ambient,130730862,1740862108
1740862108336747617,21,[  0   0   0   3 184 153  21   0],7,258,945.1400146484375,30,0,Fuel/Ambient,336098128,1740862108
1740862108533625311,21,[  0   0   0   3 184 153  21   0],7,258,945.1400146484375,30,0,Fuel/Ambient,532998830,1740862108
1740862108739779221,21,[  0   0   0   3 184 153  21   0],7,258,945.1400146484375,30,0,Fuel/Ambient,739181765,1740862108
1740862108935697690,21,[  0   0   0   3 184 153  21   0],7,258,945.1400146484375,30,0,Fuel/Ambient,935025832,1740862108
1740862109143765347,21,[  0   0   0   3 184 153  21   0],7,258,945.1400146484375,30,0,Fuel/Ambient,143139410,1740862109
1740862109339468416,21,[  0   0   0   3 184 153  21   0],7,258,945.1400146484375,30,0,Fuel/Ambient,338887057,1740862109
1740862109536556707,21,[  0   0   0   3 184 153  21   0],7,258,945.1400146484375,30,0,Fuel/Ambient,535956403,1740862109
1740862109743129124,21,[  0   0   0   3 184 153  21   0],7,258,945.1400146484375,30,0,Fuel/Ambient,742616630,1740862109
1740862109939312239,21,[  0   0   0   3 184 152  21   0],7,258,945.1199951171875,30,0,Fuel/Ambient,938587003,1740862109
1740862110148139243,21,[  0   0   0   3 184 152  21   0],7,258,945.1199951171875,30,0,Fuel/Ambient,147433433,1740862110
1740862110343057427,21,[  0   0   0   3 184 153  21   0],7,258,945.1400146484375,30,0,Fuel/Ambient,342564294,1740862110
1740862110540688804,21,[  0   0   0   3 184 153  21   0],7,258,945.1400146484375,30,0,Fuel/Ambient,539920591,1740862110
1740862110746167303,21,[  0   0   0   3 184 153  21   0],7,258,945.1400146484375,30,0,Fuel/Ambient,745544470,1740862110
1740862110942756411,21,[  0   0   0   3 184 153  21   0],7,258,945.1400146484375,30,0,Fuel/Ambient,942282639,1740862110
1740862111151243118,21,[  0   0   0   3 184 153  21   0],7,258,945.1400146484375,30,0,Fuel/Ambient,150398136,1740862111
1740862111346626178,21,[  0   0   0   3 184 153  21   0],7,258,945.1400146484375,30,0,Fuel/Ambient,345909679,1740862111
1740862111551215852,21,[  0   0   0   3 184 152  21   0],7,258,945.1199951171875,30,0,Fuel/Ambient,550487385,1740862111
1740862111747636156,21,[  0   0   0   3 184 152  21   0],7,258,945.1199951171875,30,0,Fuel/Ambient,747067820,1740862111
1740862111953570218,21,[  0   0   0   3 184 152  21   0],7,258,945.1199951171875,30,0,Fuel/Ambient,952774421,1740862111
1740862112151478081,21,[  0   0   0   3 184 152  21   0],7,258,945.1199951171875,30,0,Fuel/Ambient,150990324,1740862112
1740862112346464841,21,[  0   0   0   3 184 153  21   0],7,258,945.1400146484375,30,0,Fuel/Ambient,345940795,1740862112
1740862112553277326,21,[  0   0   0   3 184 153  21   0],7,258,945.1400146484375,30,0,Fuel/Ambient,552743552,1740862112
1740862112749460694,21,[  0   0   0   3 184 153  21   0],7,258,945.1400146484375,30,0,Fuel/Ambient,748872679,1740862112
1740862112955934578,21,[  0   0   0   3 184 153  21   0],7,258,945.1400146484375,30,0,Fuel/Ambient,954352232,1740862112
1740862113152115770,21,[  0   0   0   3 184 153  21   0],7,258,945.1400146484375,30,0,Fuel/Ambient,151615213,1740862113
1740862113357015563,21,[  0   0   0   3 184 153  21   0],7,258,945.1400146484375,30,0,Fuel/Ambient,356510494,1740862113
1740862113553581341,21,[  0   0   0   3 184 153  21   0],7,258,945.1400146484375,30,0,Fuel/Ambient,553122641,1740862113
1740862113758563888,21,[  0   0   0   3 184 153  21   0],7,258,945.1400146484375,30,0,Fuel/Ambient,758026626,1740862113
1740862113953603033,21,[  0   0   0   3 184 153  21   0],7,258,945.1400146484375,30,0,Fuel/Ambient,953104556,1740862113
1740862114160793287,21,[  0   0   0   3 184 153  21   0],7,258,945.1400146484375,30,0,Fuel/Ambient,160274009,1740862114
1740862114356240666,21,[  0   0   0   3 184 153  21   0],7,258,945.1400146484375,30,0,Fuel/Ambient,355521511,1740862114
1740862114554125903,21,[  0   0   0   3 184 152  21   0],7,258,945.1199951171875,30,0,Fuel/Ambient,553498718,1740862114
1740862114760232767,21,[  0   0   0   3 184 152  21   0],7,258,945.1199951171875,30,0,Fuel/Ambient,759397737,1740862114
1740862114955710355,21,[  0   0   0   3 184 152  21   0],7,258,945.1199951171875,30,0,Fuel/Ambient,955265703,1740862114
1740862115162609240,21,[  0   0   0   3 184 152  21   0],7,258,945.1199951171875,30,0,Fuel/Ambient,162149100,1740862115
1740862115357487964,21,[  0   0   0   3 184 152  21   0],7,258,945.1199951171875,30,0,Fuel/Ambient,356787369,1740862115
1740862115564097017,21,[  0   0   0   3 184 152  21   0],7,258,945.1199951171875,30,0,Fuel/Ambient,563586059,1740862115
1740862115759301061,21,[  0   0   0   3 184 152  21   0],7,258,945.1199951171875,30,0,Fuel/Ambient,758835160,1740862115
1740862115965053259,21,[  0   0   0   3 184 152  21   0],7,258,945.1199951171875,30,0,Fuel/Ambient,964385977,1740862115
1740862116162210507,21,[  0   0   0   3 184 152  21   0],7,258,945.1199951171875,30,0,Fuel/Ambient,161625787,1740862116
1740862116368867753,21,[  0   0   0   3 184 152  21   0],7,258,945.1199951171875,30,0,Fuel/Ambient,368314682,1740862116
1740862116564801832,21,[  0   0   0   3 184 152  21   0],7,258,945.1199951171875,30,0,Fuel/Ambient,564162518,1740862116
1740862116761862628,21,[  0   0   0   3 184 152  21   0],7,258,945.1199951171875,30,0,Fuel/Ambient,761214771,1740862116
1740862116969519965,21,[  0   0   0   3 184 151  21   0],7,258,945.0999755859375,30,0,Fuel/Ambient,968631845,1740862116
1740862117166989700,21,[  0   0   0   3 184 151  21   0],7,258,945.0999755859375,30,0,Fuel/Ambient,166378484,1740862117
1740862117362037931,21,[  0   0   0   3 184 151  21   0],7,258,945.0999755859375,30,0,Fuel/Ambient,361476028,1740862117
1740862117568702568,21,[  0   0   0   3 184 151  21   0],7,258,945.0999755859375,30,0,Fuel/Ambient,568083415,1740862117
1740862117764601829,21,[  0   0   0   3 184 151  21   0],7,258,945.0999755859375,30,0,Fuel/Ambient,764002645,1740862117
1740862117970628369,21,[  0   0   0   3 184 151  21   0],7,258,945.0999755859375,30,0,Fuel/Ambient,969907358,1740862117
1740862118168197146,21,[  0   0   0   3 184 151  21   0],7,258,945.0999755859375,30,0,Fuel/Ambient,167541193,1740862118
1740862118373364175,21,[  0   0   0   3 184 151  21   0],7,258,945.0999755859375,30,0,Fuel/Ambient,372866114,1740862118
1740862118570347624,21,[  0   0   0   3 184 151  21   0],7,258,945.0999755859375,30,0,Fuel/Ambient,569517842,1740862118
1740862118775871046,21,[  0   0   0   3 184 151  21   0],7,258,945.0999755859375,30,0,Fuel/Ambient,775143091,1740862118
1740862118971437562,21,[  0   0   0   3 184 151  21   0],7,258,945.0999755859375,30,0,Fuel/Ambient,970824681,1740862118
1740862119170389703,21,[  0   0   0   3 184 152  21   0],7,258,945.1199951171875,30,0,Fuel/Ambient,169488591,1740862119
1740862119375475865,21,[  0   0   0   3 184 152  21   0],7,258,945.1199951171875,30,0,Fuel/Ambient,374942635,1740862119
1740862119571055372,21,[  0   0   0   3 184 152  21   0],7,258,945.1199951171875,30,0,Fuel/Ambient,570621728,1740862119
1740862119775482700,21,[  0   0   0   3 184 152  21   0],7,258,945.1199951171875,30,0,Fuel/Ambient,775001599,1740862119
1740862119970517968,21,[  0   0   0   3 184 152  21   0],7,258,945.1199951171875,30,0,Fuel/Ambient,970012611,1740862119
1740862120178640498,21,[  0   0   0   3 184 152  21   0],7,258,945.1199951171875,30,0,Fuel/Ambient,177699481,1740862120
1740862120373692311,21,[  0   0   0   3 184 152  21   0],7,258,945.1199951171875,30,0,Fuel/Ambient,373001060,1740862120
1740862120580877504,21,[  0   0   0   3 184 152  21   0],7,258,945.1199951171875,30,0,Fuel/Ambient,580309297,1740862120
1740862120777056066,21,[  0   0   0   3 184 152  21   0],7,258,945.1199951171875,30,0,Fuel/Ambient,774429980,1740862120
1740862120981036661,21,[  0   0   0   3 184 152  21   0],7,258,945.1199951171875,30,0,Fuel/Ambient,980448102,1740862120
1740862121178538651,21,[  0   0   0   3 184 152  21   0],7,258,945.1199951171875,30,0,Fuel/Ambient,177547296,1740862121
1740862121384028117,21,[  0   0   0   3 184 152  21   0],7,258,945.1199951171875,30,0,Fuel/Ambient,383543112,1740862121
1740862121579964689,21,[  0   0   0   3 184 152  21   0],7,258,945.1199951171875,30,0,Fuel/Ambient,579558278,1740862121
1740862121786111389,21,[  0   0   0   3 184 152  21   0],7,258,945.1199951171875,30,0,Fuel/Ambient,785624816,1740862121
1740862121983466910,21,[  0   0   0   3 184 152  21   0],7,258,945.1199951171875,30,0,Fuel/Ambient,982699946,1740862121
1740862122180997827,21,[  0   0   0   3 184 152  21   0],7,258,945.1199951171875,30,0,Fuel/Ambient,180247055,1740862122
1740862122385682888,21,[  0   0   0   3 184 152  21   0],7,258,945.1199951171875,30,0,Fuel/Ambient,385209691,1740862122
1740862122582271796,21,[  0   0   0   3 184 152  21   0],7,258,945.1199951171875,30,0,Fuel/Ambient,581759750,1740862122
1740862122787732237,21,[  0   0   0   3 184 152  21   0],7,258,945.1199951171875,30,0,Fuel/Ambient,787180575,1740862122
1740862122983196699,21,[  0   0   0   3 184 152  21   0],7,258,945.1199951171875,30,0,Fuel/Ambient,982571210,1740862122
1740862123190636265,21,[  0   0   0   3 184 152  21   0],7,258,945.1199951171875,30,0,Fuel/Ambient,189948182,1740862123
1740862123387007790,21,[  0   0   0   3 184 152  21   0],7,258,945.1199951171875,30,0,Fuel/Ambient,384865461,1740862123
1740862123582908135,21,[  0   0   0   3 184 152  21   0],7,258,945.1199951171875,30,0,Fuel/Ambient,582261558,1740862123
1740862123789285048,21,[  0   0   0   3 184 152  21   0],7,258,945.1199951171875,30,0,Fuel/Ambient,788553061,1740862123
1740862123984896841,21,[  0   0   0   3 184 152  21   0],7,258,945.1199951171875,30,0,Fuel/Ambient,984258616,1740862123
1740862124192514203,21,[  0   0   0   3 184 152  21   0],7,258,945.1199951171875,30,0,Fuel/Ambient,191993229,1740862124
1740862124388361681,21,[  0   0   0   3 184 152  21   0],7,258,945.1199951171875,30,0,Fuel/Ambient,387604253,1740862124
1740862124593658629,21,[  0   0   0   3 184 152  21   0],7,258,945.1199951171875,30,0,Fuel/Ambient,593005139,1740862124
1740862124789800996,21,[  0   0   0   3 184 152  21   0],7,258,945.1199951171875,30,0,Fuel/Ambient,789097201,1740862124
1740862124995638789,21,[  0   0   0   3 184 152  21   0],7,258,945.1199951171875,30,0,Fuel/Ambient,994982612,1740862124
1740862125193450864,21,[  0   0   0   3 184 152  21   0],7,258,945.1199951171875,30,0,Fuel/Ambient,193012804,1740862125
1740862125390214175,21,[  0   0   0   3 184 152  21   0],7,258,945.1199951171875,30,0,Fuel/Ambient,388391694,1740862125
1740862125594068651,21,[  0   0   0   3 184 152  21   0],7,258,945.1199951171875,30,0,Fuel/Ambient,593540765,1740862125
1740862125799183192,21,[  0   0   0   3 184 152  21   0],7,258,945.1199951171875,30,0,Fuel/Ambient,798632842,1740862125
1740862125994742151,21,[  0   0   0   3 184 152  21   0],7,258,945.1199951171875,30,0,Fuel/Ambient,993790445,1740862125
1740862126191861502,21,[  0   0   0   3 184 152  21   0],7,258,945.1199951171875,30,0,Fuel/Ambient,191355665,1740862126
1740862126396806119,21,[  0   0   0   3 184 152  21   0],7,258,945.1199951171875,30,0,Fuel/Ambient,396304281,1740862126
1740862126592279954,21,[  0   0   0   3 184 152  21   0],7,258,945.1199951171875,30,0,Fuel/Ambient,591704227,1740862126
1740862126797895660,21,[  0   0   0   3 184 152  21   0],7,258,945.1199951171875,30,0,Fuel/Ambient,797421600,1740862126
1740862127004460192,21,[  0   0   0   3 184 152  21   0],7,258,945.1199951171875,30,0,Fuel/Ambient,2956312,1740862127
1740862127200886372,21,[  0   0   0   3 184 152  21   0],7,258,945.1199951171875,30,0,Fuel/Ambient,200228435,1740862127
1740862127395816096,21,[  0   0   0   3 184 152  21   0],7,258,945.1199951171875,30,0,Fuel/Ambient,395318131,1740862127
1740862127601604639,21,[  0   0   0   3 184 152  21   0],7,258,945.1199951171875,30,0,Fuel/Ambient,601116690,1740862127
1740862127796863012,21,[  0   0   0   3 184 152  21   0],7,258,945.1199951171875,30,0,Fuel/Ambient,796102703,1740862127
1740862128003226257,21,[  0   0   0   3 184 152  21   0],7,258,945.1199951171875,30,0,Fuel/Ambient,2036050,1740862128
1740862128200905366,21,[  0   0   0   3 184 152  21   0],7,258,945.1199951171875,30,0,Fuel/Ambient,200116897,1740862128
1740862128406371307,21,[  0   0   0   3 184 152  21   0],7,258,945.1199951171875,30,0,Fuel/Ambient,405898719,1740862128
1740862128601549837,21,[  0   0   0   3 184 152  21   0],7,258,945.1199951171875,30,0,Fuel/Ambient,600831642,1740862128
1740862128807232552,21,[  0   0   0   3 184 152  21   0],7,258,945.1199951171875,30,0,Fuel/Ambient,806761307,1740862128
1740862129002515789,22,[  0   0   0   3 184 152  22   0],7,258,945.1199951171875,30,0,Fuel/Ambient,1925181,1740862129
1740862129209451176,22,[  0   0   0   3 184 152  22   0],7,258,945.1199951171875,30,0,Fuel/Ambient,208934683,1740862129
1740862129404953266,22,[  0   0   0   3 184 152  22   0],7,258,945.1199951171875,30,0,Fuel/Ambient,404353154,1740862129
1740862129610446247,22,[  0   0   0   3 184 152  22   0],7,258,945.1199951171875,30,0,Fuel/Ambient,609431788,1740862129
1740862129806067380,22,[  0   0   0   3 184 152  22   0],7,258,945.1199951171875,30,0,Fuel/Ambient,805380322,1740862129
1740862130011408197,22,[  0   0   0   3 184 152  22   0],7,258,945.1199951171875,30,0,Fuel/Ambient,10721459,1740862130
1740862130209379729,22,[  0   0   0   3 184 152  22   0],7,258,945.1199951171875,30,0,Fuel/Ambient,208864323,1740862130
1740862130405311813,22,[  0   0   0   3 184 152  22   0],7,258,945.1199951171875,30,0,Fuel/Ambient,404743670,1740862130
1740862130611182724,22,[  0   0   0   3 184 152  22   0],7,258,945.1199951171875,30,0,Fuel/Ambient,610632373,1740862130
1740862130806360900,22,[  0   0   0   3 184 152  22   0],7,258,945.1199951171875,30,0,Fuel/Ambient,805745780,1740862130
1740862131011092580,22,[  0   0   0   3 184 152  22   0],7,258,945.1199951171875,30,0,Fuel/Ambient,10724890,1740862131
1740862131208409597,22,[  0   0   0   3 184 152  22   0],7,258,945.1199951171875,30,0,Fuel/Ambient,207919600,1740862131
1740862131413839375,22,[  0   0   0   3 184 152  22   0],7,258,945.1199951171875,30,0,Fuel/Ambient,413484133,1740862131
1740862131610148461,22,[  0   0   0   3 184 152  22   0],7,258,945.1199951171875,30,0,Fuel/Ambient,609544349,1740862131
1740862131816050668,22,[  0   0   0   3 184 152  22   0],7,258,945.1199951171875,30,0,Fuel/Ambient,815289303,1740862131
1740862132010967940,22,[  0   0   0   3 184 152  22   0],7,258,945.1199951171875,30,0,Fuel/Ambient,10444662,1740862132
1740862132219867634,22,[  0   0   0   3 184 152  22   0],7,258,945.1199951171875,30,0,Fuel/Ambient,219092926,1740862132
1740862132415244343,22,[  0   0   0   3 184 152  22   0],7,258,945.1199951171875,30,0,Fuel/Ambient,414475170,1740862132
1740862132621401787,22,[  0   0   0   3 184 152  22   0],7,258,945.1199951171875,30,0,Fuel/Ambient,620678056,1740862132
1740862132816940100,22,[  0   0   0   3 184 152  22   0],7,258,945.1199951171875,30,0,Fuel/Ambient,816373109,1740862132
1740862133023435698,22,[  0   0   0   3 184 152  22   0],7,258,945.1199951171875,30,0,Fuel/Ambient,22784448,1740862133
1740862133221537054,22,[  0   0   0   3 184 152  22   0],7,258,945.1199951171875,30,0,Fuel/Ambient,220727753,1740862133
1740862133416871681,22,[  0   0   0   3 184 152  22   0],7,258,945.1199951171875,30,0,Fuel/Ambient,416305010,1740862133
1740862133622584537,22,[  0   0   0   3 184 152  22   0],7,258,945.1199951171875,30,0,Fuel/Ambient,621880006,1740862133
1740862133817839001,22,[  0   0   0   3 184 152  22   0],7,258,945.1199951171875,30,0,Fuel/Ambient,817347148,1740862133
1740862134023419342,22,[  0   0   0   3 184 152  22   0],7,258,945.1199951171875,30,0,Fuel/Ambient,22893120,1740862134
1740862134220531167,22,[  0   0   0   3 184 152  22   0],7,258,945.1199951171875,30,0,Fuel/Ambient,220028274,1740862134
1740862134425787306,22,[  0   0   0   3 184 152  22   0],7,258,945.1199951171875,30,0,Fuel/Ambient,425316382,1740862134
1740862134621092395,22,[  0   0   0   3 184 153  22   0],7,258,945.1400146484375,30,0,Fuel/Ambient,620378744,1740862134
1740862134827134507,22,[  0   0   0   3 184 153  22   0],7,258,945.1400146484375,30,0,Fuel/Ambient,826389591,1740862134
1740862135022898489,22,[  0   0   0   3 184 153  22   0],7,258,945.1400146484375,30,0,Fuel/Ambient,22290088,1740862135
1740862135231029488,22,[  0   0   0   3 184 153  22   0],7,258,945.1400146484375,30,0,Fuel/Ambient,230187481,1740862135
1740862135426770940,22,[  0   0   0   3 184 153  22   0],7,258,945.1400146484375,30,0,Fuel/Ambient,426076521,1740862135
1740862135632357007,22,[  0   0   0   3 184 153  22   0],7,258,945.1400146484375,30,0,Fuel/Ambient,631627324,1740862135
1740862135828081051,22,[  0   0   0   3 184 154  22   0],7,258,945.1599731445312,30,0,Fuel/Ambient,827418537,1740862135
1740862136023461821,22,[  0   0   0   3 184 154  22   0],7,258,945.1599731445312,30,0,Fuel/Ambient,23024785,1740862136
1740862136231034533,22,[  0   0   0   3 184 153  22   0],7,258,945.1400146484375,30,0,Fuel/Ambient,230288977,1740862136
1740862136426633260,22,[  0   0   0   3 184 153  22   0],7,258,945.1400146484375,30,0,Fuel/Ambient,426119038,1740862136
1740862136632320033,22,[  0   0   0   3 184 153  22   0],7,258,945.1400146484375,30,0,Fuel/Ambient,631377288,1740862136
1740862136827367802,22,[  0   0   0   3 184 154  22   0],7,258,945.1599731445312,30,0,Fuel/Ambient,826734121,1740862136
1740862137034258319,22,[  0   0   0   3 184 154  22   0],7,258,945.1599731445312,30,0,Fuel/Ambient,33612542,1740862137
1740862137232320920,22,[  0   0   0   3 184 154  22   0],7,258,945.1599731445312,30,0,Fuel/Ambient,231815243,1740862137
1740862137438084942,22,[  0   0   0   3 184 154  22   0],7,258,945.1599731445312,30,0,Fuel/Ambient,437271673,1740862137
1740862137632882944,22,[  0   0   0   3 184 153  22   0],7,258,945.1400146484375,30,0,Fuel/Ambient,632326097,1740862137
1740862137838410288,22,[  0   0   0   3 184 153  22   0],7,258,945.1400146484375,30,0,Fuel/Ambient,837755615,1740862137
1740862138034335520,22,[  0   0   0   3 184 153  22   0],7,258,945.1400146484375,30,0,Fuel/Ambient,33738256,1740862138
1740862138231308651,22,[  0   0   0   3 184 153  22   0],7,258,945.1400146484375,30,0,Fuel/Ambient,230526422,1740862138
1740862138436553970,22,[  0   0   0   3 184 153  22   0],7,258,945.1400146484375,30,0,Fuel/Ambient,435909025,1740862138
1740862138641948222,22,[  0   0   0   3 184 154  22   0],7,258,945.1599731445312,30,0,Fuel/Ambient,641469841,1740862138
1740862138838059154,22,[  0   0   0   3 184 154  22   0],7,258,945.1599731445312,30,0,Fuel/Ambient,836738863,1740862138
1740862139043054675,22,[  0   0   0   3 184 154  22   0],7,258,945.1599731445312,30,0,Fuel/Ambient,42292575,1740862139
1740862139240051518,22,[  0   0   0   3 184 155  22   0],7,258,945.1799926757812,30,0,Fuel/Ambient,239589938,1740862139
1740862139435253049,22,[  0   0   0   3 184 155  22   0],7,258,945.1799926757812,30,0,Fuel/Ambient,434589671,1740862139
1740862139640679333,22,[  0   0   0   3 184 155  22   0],7,258,945.1799926757812,30,0,Fuel/Ambient,640075221,1740862139
1740862139836311883,22,[  0   0   0   3 184 155  22   0],7,258,945.1799926757812,30,0,Fuel/Ambient,835565880,1740862139
1740862140041891579,22,[  0   0   0   3 184 154  22   0],7,258,945.1599731445312,30,0,Fuel/Ambient,41475824,1740862140
1740862140239655962,22,[  0   0   0   3 184 154  22   0],7,258,945.1599731445312,30,0,Fuel/Ambient,239247311,1740862140
1740862140445260458,22,[  0   0   0   3 184 154  22   0],7,258,945.1599731445312,30,0,Fuel/Ambient,444803038,1740862140
1740862140640200381,22,[  0   0   0   3 184 154  22   0],7,258,945.1599731445312,30,0,Fuel/Ambient,639664815,1740862140
1740862140846029139,22,[  0   0   0   3 184 154  22   0],7,258,945.1599731445312,30,0,Fuel/Ambient,845553543,1740862140
1740862141042030147,22,[  0   0   0   3 184 154  22   0],7,258,945.1599731445312,30,0,Fuel/Ambient,41309808,1740862141
1740862141250180566,22,[  0   0   0   3 184 155  22   0],7,258,945.1799926757812,30,0,Fuel/Ambient,249270366,1740862141
1740862141445536340,22,[  0   0   0   3 184 155  22   0],7,258,945.1799926757812,30,0,Fuel/Ambient,444847841,1740862141
1740862141651182820,22,[  0   0   0   3 184 154  22   0],7,258,945.1599731445312,30,0,Fuel/Ambient,650531667,1740862141
1740862141846728615,22,[  0   0   0   3 184 154  22   0],7,258,945.1599731445312,30,0,Fuel/Ambient,846004979,1740862141
1740862142043507338,22,[  0   0   0   3 184 154  22   0],7,258,945.1599731445312,30,0,Fuel/Ambient,43089951,1740862142
1740862142252609142,22,[  0   0   0   3 184 154  22   0],7,258,945.1599731445312,30,0,Fuel/Ambient,251912516,1740862142
1740862142447902738,22,[  0   0   0   3 184 154  22   0],7,258,945.1599731445312,30,0,Fuel/Ambient,447174078,1740862142
1740862142653549409,22,[  0   0   0   3 184 154  22   0],7,258,945.1599731445312,30,0,Fuel/Ambient,652617832,1740862142
1740862142848348655,22,[  0   0   0   3 184 154  22   0],7,258,945.1599731445312,30,0,Fuel/Ambient,847835522,1740862142
1740862143054036192,22,[  0   0   0   3 184 154  22   0],7,258,945.1599731445312,30,0,Fuel/Ambient,53359182,1740862143
1740862143251546934,22,[  0   0   0   3 184 154  22   0],7,258,945.1599731445312,30,0,Fuel/Ambient,250848163,1740862143
1740862143456741081,22,[  0   0   0   3 184 154  22   0],7,258,945.1599731445312,30,0,Fuel/Ambient,456257516,1740862143
1740862143651507141,22,[  0   0   0   3 184 154  22   0],7,258,945.1599731445312,30,0,Fuel/Ambient,651024248,1740862143
1740862143856805227,22,[  0   0   0   3 184 154  22   0],7,258,945.1599731445312,30,0,Fuel/Ambient,855815377,1740862143
1740862144052495952,22,[  0   0   0   3 184 154  22   0],7,258,945.1599731445312,30,0,Fuel/Ambient,51852319,1740862144
1740862144259855884,22,[  0   0   0   3 184 154  22   0],7,258,945.1599731445312,30,0,Fuel/Ambient,259161369,1740862144
1740862144455052643,22,[  0   0   0   3 184 154  22   0],7,258,945.1599731445312,30,0,Fuel/Ambient,454355281,1740862144
1740862144660746387,22,[  0   0   0   3 184 154  22   0],7,258,945.1599731445312,30,0,Fuel/Ambient,660080225,1740862144
1740862144856131087,22,[  0   0   0   3 184 154  22   0],7,258,945.1599731445312,30,0,Fuel/Ambient,855415708,1740862144
1740862145061853439,22,[  0   0   0   3 184 154  22   0],7,258,945.1599731445312,30,0,Fuel/Ambient,61197838,1740862145
1740862145258887623,22,[  0   0   0   3 184 153  22   0],7,258,945.1400146484375,30,0,Fuel/Ambient,258529182,1740862145
1740862145463852034,22,[  0   0   0   3 184 153  22   0],7,258,945.1400146484375,30,0,Fuel/Ambient,463368117,1740862145
1740862145659419523,22,[  0   0   0   3 184 153  22   0],7,258,945.1400146484375,30,0,Fuel/Ambient,658622830,1740862145
1740862145865653824,22,[  0   0   0   3 184 152  22   0],7,258,945.1199951171875,30,0,Fuel/Ambient,865236053,1740862145
1740862146060512398,22,[  0   0   0   3 184 152  22   0],7,258,945.1199951171875,30,0,Fuel/Ambient,60090306,1740862146
1740862146259366661,22,[  0   0   0   3 184 152  22   0],7,258,945.1199951171875,30,0,Fuel/Ambient,258901721,1740862146
1740862146464364865,22,[  0   0   0   3 184 152  22   0],7,258,945.1199951171875,30,0,Fuel/Ambient,463864563,1740862146
1740862146660633716,22,[  0   0   0   3 184 152  22   0],7,258,945.1199951171875,30,0,Fuel/Ambient,660102661,1740862146
1740862146867944461,22,[  0   0   0   3 184 152  22   0],7,258,945.1199951171875,30,0,Fuel/Ambient,866614057,1740862146
1740862147062621237,22,[  0   0   0   3 184 152  22   0],7,258,945.1199951171875,30,0,Fuel/Ambient,62255627,1740862147
1740862147261067425,22,[  0   0   0   3 184 152  22   0],7,258,945.1199951171875,30,0,Fuel/Ambient,260036965,1740862147
1740862147465564174,22,[  0   0   0   3 184 152  22   0],7,258,945.1199951171875,30,0,Fuel/Ambient,465030912,1740862147
1740862147671502434,22,[  0   0   0   3 184 152  22   0],7,258,945.1199951171875,30,0,Fuel/Ambient,670621194,1740862147
1740862147866626453,22,[  0   0   0   3 184 152  22   0],7,258,945.1199951171875,30,0,Fuel/Ambient,866083495,1740862147
1740862148072881009,22,[  0   0   0   3 184 152  22   0],7,258,945.1199951171875,30,0,Fuel/Ambient,72169951,1740862148
1740862148269460011,22,[  0   0   0   3 184 152  22   0],7,258,945.1199951171875,30,0,Fuel/Ambient,268909724,1740862148
1740862148464902406,22,[  0   0   0   3 184 152  22   0],7,258,945.1199951171875,30,0,Fuel/Ambient,464219156,1740862148
1740862148670151495,22,[  0   0   0   3 184 152  22   0],7,258,945.1199951171875,30,0,Fuel/Ambient,669490709,1740862148
1740862148875165506,22,[  0   0   0   3 184 152  22   0],7,258,945.1199951171875,30,0,Fuel/Ambient,874776503,1740862148
1740862149070650046,22,[  0   0   0   3 184 152  22   0],7,258,945.1199951171875,30,0,Fuel/Ambient,69919370,1740862149
1740862149267748484,22,[  0   0   0   3 184 152  22   0],7,258,945.1199951171875,30,0,Fuel/Ambient,267066962,1740862149
1740862149473099431,22,[  0   0   0   3 184 151  22   0],7,258,945.0999755859375,30,0,Fuel/Ambient,472619834,1740862149
1740862149678720081,22,[  0   0   0   3 184 151  22   0],7,258,945.0999755859375,30,0,Fuel/Ambient,677938396,1740862149
1740862149874340273,22,[  0   0   0   3 184 151  22   0],7,258,945.0999755859375,30,0,Fuel/Ambient,873645886,1740862149
1740862150079934138,23,[  0   0   0   3 184 151  23   0],7,258,945.0999755859375,30,0,Fuel/Ambient,79223207,1740862150
1740862150277047072,23,[  0   0   0   3 184 151  23   0],7,258,945.0999755859375,30,0,Fuel/Ambient,276066726,1740862150
1740862150472235891,23,[  0   0   0   3 184 151  23   0],7,258,945.0999755859375,30,0,Fuel/Ambient,471464287,1740862150
1740862150677969215,23,[  0   0   0   3 184 150  23   0],7,258,945.0800170898438,30,0,Fuel/Ambient,677343471,1740862150
1740862150873850661,23,[  0   0   0   3 184 150  23   0],7,258,945.0800170898438,30,0,Fuel/Ambient,873057232,1740862150
1740862151079826647,23,[  0   0   0   3 184 150  23   0],7,258,945.0800170898438,30,0,Fuel/Ambient,79124517,1740862151
1740862151277253478,23,[  0   0   0   3 184 150  23   0],7,258,945.0800170898438,30,0,Fuel/Ambient,276745016,1740862151
1740862151483369083,23,[  0   0   0   3 184 150  23   0],7,258,945.0800170898438,30,0,Fuel/Ambient,482325568,1740862151
1740862151678666833,23,[  0   0   0   3 184 151  23   0],7,258,945.0999755859375,30,0,Fuel/Ambient,678145123,1740862151
1740862151886260462,23,[  0   0   0   3 184 151  23   0],7,258,945.0999755859375,30,0,Fuel/Ambient,884604034,1740862151
1740862152080754158,23,[  0   0   0   3 184 151  23   0],7,258,945.0999755859375,30,0,Fuel/Ambient,80235776,1740862152
1740862152277720975,23,[  0   0   0   3 184 151  23   0],7,258,945.0999755859375,30,0,Fuel/Ambient,276911001,1740862152
1740862152483006158,23,[  0   0   0   3 184 151  23   0],7,258,945.0999755859375,30,0,Fuel/Ambient,482591779,1740862152
1740862152688260908,23,[  0   0   0   3 184 151  23   0],7,258,945.0999755859375,30,0,Fuel/Ambient,687782815,1740862152
1740862152883695460,23,[  0   0   0   3 184 151  23   0],7,258,945.0999755859375,30,0,Fuel/Ambient,883158678,1740862152
1740862153089484560,23,[  0   0   0   3 184 151  23   0],7,258,945.0999755859375,30,0,Fuel/Ambient,88790686,1740862153
1740862153287206885,23,[  0   0   0   3 184 151  23   0],7,258,945.0999755859375,30,0,Fuel/Ambient,286732440,1740862153
1740862153482118799,23,[  0   0   0   3 184 151  23   0],7,258,945.0999755859375,30,0,Fuel/Ambient,481588417,1740862153
1740862153686284879,23,[  0   0   0   3 184 151  23   0],7,258,945.0999755859375,30,0,Fuel/Ambient,685797634,1740862153
1740862153890228521,23,[  0   0   0   3 184 151  23   0],7,258,945.0999755859375,30,0,Fuel/Ambient,889751901,1740862153
1740862154084197146,23,[  0   0   0   3 184 151  23   0],7,258,945.0999755859375,30,0,Fuel/Ambient,83739950,1740862154
1740862154289628347,23,[  0   0   0   3 184 151  23   0],7,258,945.0999755859375,30,0,Fuel/Ambient,289218576,1740862154
1740862154487822556,23,[  0   0   0   3 184 151  23   0],7,258,945.0999755859375,30,0,Fuel/Ambient,487088200,1740862154
1740862154693678280,23,[  0   0   0   3 184 151  23   0],7,258,945.0999755859375,30,0,Fuel/Ambient,693132890,1740862154
1740862154890862222,23,[  0   0   0   3 184 151  23   0],7,258,945.0999755859375,30,0,Fuel/Ambient,890093978,1740862154
1740862155087134555,23,[  0   0   0   3 184 151  23   0],7,258,945.0999755859375,30,0,Fuel/Ambient,86576940,1740862155
1740862155295151105,23,[  0   0   0   3 184 151  23   0],7,258,945.0999755859375,30,0,Fuel/Ambient,294327659,1740862155
1740862155492084351,23,[  0   0   0   3 184 151  23   0],7,258,945.0999755859375,30,0,Fuel/Ambient,491369164,1740862155
1740862155697363868,23,[  0   0   0   3 184 151  23   0],7,258,945.0999755859375,30,0,Fuel/Ambient,696717546,1740862155
1740862155894684772,23,[  0   0   0   3 184 151  23   0],7,258,945.0999755859375,30,0,Fuel/Ambient,893139963,1740862155
1740862156091648931,23,[  0   0   0   3 184 151  23   0],7,258,945.0999755859375,30,0,Fuel/Ambient,90798348,1740862156
1740862156299360384,23,[  0   0   0   3 184 151  23   0],7,258,945.0999755859375,30,0,Fuel/Ambient,298654893,1740862156
1740862156495299139,23,[  0   0   0   3 184 151  23   0],7,258,945.0999755859375,30,0,Fuel/Ambient,494602096,1740862156
1740862156701341235,23,[  0   0   0   3 184 151  23   0],7,258,945.0999755859375,30,0,Fuel/Ambient,700440763,1740862156
1740862156897577086,23,[  0   0   0   3 184 151  23   0],7,258,945.0999755859375,30,0,Fuel/Ambient,897056112,1740862156
1740862157095794590,23,[  0   0   0   3 184 151  23   0],7,258,945.0999755859375,30,0,Fuel/Ambient,95090315,1740862157
1740862157302975532,23,[  0   0   0   3 184 151  23   0],7,258,945.0999755859375,30,0,Fuel/Ambient,302270489,1740862157
1740862157502096035,23,[  0   0   0   3 184 151  23   0],7,258,945.0999755859375,30,0,Fuel/Ambient,501342383,1740862157
1740862157698676054,23,[  0   0   0   3 184 152  23   0],7,258,945.1199951171875,30,0,Fuel/Ambient,697588377,1740862157
1740862157904574690,23,[  0   0   0   3 184 152  23   0],7,258,945.1199951171875,30,0,Fuel/Ambient,903804686,1740862157
1740862158100613287,23,[  0   0   0   3 184 152  23   0],7,258,945.1199951171875,30,0,Fuel/Ambient,99921109,1740862158
1740862158298413338,23,[  0   0   0   3 184 152  23   0],7,258,945.1199951171875,30,0,Fuel/Ambient,297703815,1740862158
1740862158506244793,23,[  0   0   0   3 184 152  23   0],7,258,945.1199951171875,30,0,Fuel/Ambient,505751116,1740862158
1740862158701524393,23,[  0   0   0   3 184 152  23   0],7,258,945.1199951171875,30,0,Fuel/Ambient,700804854,1740862158
1740862158906759042,23,[  0   0   0   3 184 152  23   0],7,258,945.1199951171875,30,0,Fuel/Ambient,906144402,1740862158
1740862159101997265,23,[  0   0   0   3 184 152  23   0],7,258,945.1199951171875,30,0,Fuel/Ambient,101343424,1740862159
1740862159309449125,23,[  0   0   0   3 184 152  23   0],7,258,945.1199951171875,30,0,Fuel/Ambient,308789651,1740862159
1740862159507442909,23,[  0   0   0   3 184 152  23   0],7,258,945.1199951171875,30,0,Fuel/Ambient,506758475,1740862159
1740862159702472294,23,[  0   0   0   3 184 152  23   0],7,258,945.1199951171875,30,0,Fuel/Ambient,702051195,1740862159
1740862159909323401,23,[  0   0   0   3 184 153  23   0],7,258,945.1400146484375,30,0,Fuel/Ambient,908730746,1740862159
1740862160105234570,23,[  0   0   0   3 184 153  23   0],7,258,945.1400146484375,30,0,Fuel/Ambient,104085643,1740862160
1740862160312021643,23,[  0   0   0   3 184 153  23   0],7,258,945.1400146484375,30,0,Fuel/Ambient,311488925,1740862160
1740862160509708090,23,[  0   0   0   3 184 153  23   0],7,258,945.1400146484375,30,0,Fuel/Ambient,508996423,1740862160
1740862160714992819,23,[  0   0   0   3 184 153  23   0],7,258,945.1400146484375,30,0,Fuel/Ambient,714315745,1740862160
1740862160911534980,23,[  0   0   0   3 184 153  23   0],7,258,945.1400146484375,30,0,Fuel/Ambient,910915475,1740862160
1740862161108234200,23,[  0   0   0   3 184 153  23   0],7,258,945.1400146484375,30,0,Fuel/Ambient,107567590,1740862161
1740862161316439966,23,[  0   0   0   3 184 153  23   0],7,258,945.1400146484375,30,0,Fuel/Ambient,315775821,1740862161
1740862161513564862,23,[  0   0   0   3 184 154  23   0],7,258,945.1599731445312,30,0,Fuel/Ambient,512999887,1740862161
1740862161710198992,23,[  0   0   0   3 184 154  23   0],7,258,945.1599731445312,30,0,Fuel/Ambient,709299288,1740862161
1740862161916604647,23,[  0   0   0   3 184 154  23   0],7,258,945.1599731445312,30,0,Fuel/Ambient,915854515,1740862161
1740862162111385799,23,[  0   0   0   3 184 154  23   0],7,258,945.1599731445312,30,0,Fuel/Ambient,110882170,1740862162
1740862162317857471,23,[  0   0   0   3 184 154  23   0],7,258,945.1599731445312,30,0,Fuel/Ambient,317400563,1740862162
1740862162513625017,23,[  0   0   0   3 184 154  23   0],7,258,945.1599731445312,30,0,Fuel/Ambient,512977128,1740862162
1740862162719981326,23,[  0   0   0   3 184 154  23   0],7,258,945.1599731445312,30,0,Fuel/Ambient,719264123,1740862162
1740862162915323581,23,[  0   0   0   3 184 154  23   0],7,258,945.1599731445312,30,0,Fuel/Ambient,914640395,1740862162
1740862163122259105,23,[  0   0   0   3 184 154  23   0],7,258,945.1599731445312,30,0,Fuel/Ambient,121650608,1740862163
1740862163320443931,23,[  0   0   0   3 184 154  23   0],7,258,945.1599731445312,30,0,Fuel/Ambient,319946190,1740862163
1740862163517063211,23,[  0   0   0   3 184 154  23   0],7,258,945.1599731445312,30,0,Fuel/Ambient,516322904,1740862163
1740862163722675083,23,[  0   0   0   3 184 154  23   0],7,258,945.1599731445312,30,0,Fuel/Ambient,721959544,1740862163
1740862163917845205,23,[  0   0   0   3 184 154  23   0],7,258,945.1599731445312,30,0,Fuel/Ambient,917250278,1740862163
1740862164123461845,23,[  0   0   0   3 184 154  23   0],7,258,945.1599731445312,30,0,Fuel/Ambient,123028746,1740862164
1740862164321297701,23,[  0   0   0   3 184 154  23   0],7,258,945.1599731445312,30,0,Fuel/Ambient,320757367,1740862164
1740862164517971831,23,[  0   0   0   3 184 154  23   0],7,258,945.1599731445312,30,0,Fuel/Ambient,517473162,1740862164
1740862164725407431,23,[  0   0   0   3 184 154  23   0],7,258,945.1599731445312,30,0,Fuel/Ambient,723614199,1740862164
1740862164919197451,23,[  0   0   0   3 184 154  23   0],7,258,945.1599731445312,30,0,Fuel/Ambient,918701246,1740862164
1740862165125654433,23,[  0   0   0   3 184 154  23   0],7,258,945.1599731445312,30,0,Fuel/Ambient,124453249,1740862165
1740862165322731708,23,[  0   0   0   3 184 154  23   0],7,258,945.1599731445312,30,0,Fuel/Ambient,322039786,1740862165
1740862165529313076,23,[  0   0   0   3 184 154  23   0],7,258,945.1599731445312,30,0,Fuel/Ambient,528673251,1740862165
1740862165724773669,23,[  0   0   0   3 184 154  23   0],7,258,945.1599731445312,30,0,Fuel/Ambient,724221494,1740862165
1740862165930319714,23,[  0   0   0   3 184 154  23   0],7,258,945.1599731445312,30,0,Fuel/Ambient,929768883,1740862165
1740862166127325275,23,[  0   0   0   3 184 154  23   0],7,258,945.1599731445312,30,0,Fuel/Ambient,126662921,1740862166
1740862166326292648,23,[  0   0   0   3 184 154  23   0],7,258,945.1599731445312,30,0,Fuel/Ambient,325530100,1740862166
1740862166532481717,23,[  0   0   0   3 184 154  23   0],7,258,945.1599731445312,30,0,Fuel/Ambient,531856677,1740862166
1740862166729081539,23,[  0   0   0   3 184 154  23   0],7,258,945.1599731445312,30,0,Fuel/Ambient,728309519,1740862166
1740862166935424117,23,[  0   0   0   3 184 154  23   0],7,258,945.1599731445312,30,0,Fuel/Ambient,934737378,1740862166
1740862167132346283,23,[  0   0   0   3 184 154  23   0],7,258,945.1599731445312,30,0,Fuel/Ambient,131534357,1740862167
1740862167329917714,23,[  0   0   0   3 184 154  23   0],7,258,945.1599731445312,30,0,Fuel/Ambient,329203935,1740862167
1740862167528628056,23,[  0   0   0   3 184 154  23   0],7,258,945.1599731445312,30,0,Fuel/Ambient,527906501,1740862167
1740862167734649696,23,[  0   0   0   3 184 154  23   0],7,258,945.1599731445312,30,0,Fuel/Ambient,733955597,1740862167
1740862167929727525,23,[  0   0   0   3 184 154  23   0],7,258,945.1599731445312,30,0,Fuel/Ambient,929078804,1740862167
1740862168135641194,23,[  0   0   0   3 184 154  23   0],7,258,945.1599731445312,30,0,Fuel/Ambient,134926199,1740862168
1740862168332719971,23,[  0   0   0   3 184 154  23   0],7,258,945.1599731445312,30,0,Fuel/Ambient,331972015,1740862168
1740862168539369307,23,[  0   0   0   3 184 154  23   0],7,258,945.1599731445312,30,0,Fuel/Ambient,538592263,1740862168
1740862168734810601,23,[  0   0   0   3 184 154  23   0],7,258,945.1599731445312,30,0,Fuel/Ambient,733994452,1740862168
1740862168939640113,23,[  0   0   0   3 184 154  23   0],7,258,945.1599731445312,30,0,Fuel/Ambient,938978079,1740862168
1740862169134339339,23,[  0   0   0   3 184 154  23   0],7,258,945.1599731445312,30,0,Fuel/Ambient,133547254,1740862169
1740862169333839396,23,[  0   0   0   3 184 154  23   0],7,258,945.1599731445312,30,0,Fuel/Ambient,333110129,1740862169
1740862169540070608,23,[  0   0   0   3 184 154  23   0],7,258,945.1599731445312,30,0,Fuel/Ambient,539512706,1740862169
1740862169735611584,23,[  0   0   0   3 184 154  23   0],7,258,945.1599731445312,30,0,Fuel/Ambient,735076178,1740862169
1740862169942133812,23,[  0   0   0   3 184 154  23   0],7,258,945.1599731445312,30,0,Fuel/Ambient,941428194,1740862169
1740862170138722720,23,[  0   0   0   3 184 154  23   0],7,258,945.1599731445312,30,0,Fuel/Ambient,138183538,1740862170
1740862170347135589,23,[  0   0   0   3 184 154  23   0],7,258,945.1599731445312,30,0,Fuel/Ambient,346315536,1740862170
1740862170544257343,23,[  0   0   0   3 184 154  23   0],7,258,945.1599731445312,30,0,Fuel/Ambient,543572941,1740862170
1740862170739645450,23,[  0   0   0   3 184 154  23   0],7,258,945.1599731445312,30,0,Fuel/Ambient,739141341,1740862170
1740862170946604585,23,[  0   0   0   3 184 154  23   0],7,258,945.1599731445312,30,0,Fuel/Ambient,945785459,1740862170
1740862171143324151,23,[  0   0   0   3 184 154  23   0],7,258,945.1599731445312,30,0,Fuel/Ambient,142248155,1740862171
1740862171343137816,23,[  0   0   0   3 184 154  23   0],7,258,945.1599731445312,30,0,Fuel/Ambient,342285505,1740862171
1740862171550070421,23,[  0   0   0   3 184 154  23   0],7,258,945.1599731445312,30,0,Fuel/Ambient,549461253,1740862171
1740862171746170099,23,[  0   0   0   3 184 154  23   0],7,258,945.1599731445312,30,0,Fuel/Ambient,745562051,1740862171
1740862171952110902,23,[  0   0   0   3 184 154  23   0],7,258,945.1599731445312,30,0,Fuel/Ambient,951565960,1740862171
1740862172147542753,23,[  0   0   0   3 184 154  23   0],7,258,945.1599731445312,30,0,Fuel/Ambient,146859631,1740862172
1740862172344558839,23,[  0   0   0   3 184 154  23   0],7,258,945.1599731445312,30,0,Fuel/Ambient,344053769,1740862172
1740862172551305743,23,[  0   0   0   3 184 154  23   0],7,258,945.1599731445312,30,0,Fuel/Ambient,550831010,1740862172
1740862172747549903,23,[  0   0   0   3 184 154  23   0],7,258,945.1599731445312,30,0,Fuel/Ambient,746917663,1740862172
1740862172953183434,23,[  0   0   0   3 184 154  23   0],7,258,945.1599731445312,30,0,Fuel/Ambient,952411893,1740862172
1740862173149397705,23,[  0   0   0   3 184 154  23   0],7,258,945.1599731445312,30,0,Fuel/Ambient,148762040,1740862173
1740862173348206541,23,[  0   0   0   3 184 154  23   0],7,258,945.1599731445312,30,0,Fuel/Ambient,347689856,1740862173
1740862173556145636,23,[  0   0   0   3 184 153  23   0],7,258,945.1400146484375,30,0,Fuel/Ambient,555110889,1740862173
1740862173753302013,23,[  0   0   0   3 184 153  23   0],7,258,945.1400146484375,30,0,Fuel/Ambient,752693613,1740862173
1740862173958484810,23,[  0   0   0   3 184 153  23   0],7,258,945.1400146484375,30,0,Fuel/Ambient,957949948,1740862173
1740862174154029752,23,[  0   0   0   3 184 153  23   0],7,258,945.1400146484375,30,0,Fuel/Ambient,153218818,1740862174
1740862174351464695,23,[  0   0   0   3 184 153  23   0],7,258,945.1400146484375,30,0,Fuel/Ambient,350857606,1740862174
1740862174559151974,23,[  0   0   0   3 184 153  23   0],7,258,945.1400146484375,30,0,Fuel/Ambient,558456148,1740862174
1740862174754370090,23,[  0   0   0   3 184 153  23   0],7,258,945.1400146484375,30,0,Fuel/Ambient,753994272,1740862174
1740862174960824921,23,[  0   0   0   3 184 152  23   0],7,258,945.1199951171875,30,0,Fuel/Ambient,960049957,1740862174
1740862175158343450,23,[  0   0   0   3 184 152  23   0],7,258,945.1199951171875,30,0,Fuel/Ambient,157343327,1740862175
1740862175356848629,23,[  0   0   0   3 184 152  23   0],7,258,945.1199951171875,30,0,Fuel/Ambient,355897564,1740862175
1740862175554417207,23,[  0   0   0   3 184 152  23   0],7,258,945.1199951171875,30,0,Fuel/Ambient,553867528,1740862175
1740862175759968557,23,[  0   0   0   3 184 152  23   0],7,258,945.1199951171875,30,0,Fuel/Ambient,759470016,1740862175
1740862175966599264,23,[  0   0   0   3 184 151  23   0],7,258,945.0999755859375,30,0,Fuel/Ambient,965531364,1740862175
1740862176162556183,23,[  0   0   0   3 184 151  23   0],7,258,945.0999755859375,30,0,Fuel/Ambient,161715072,1740862176
1740862176360035574,23,[  0   0   0   3 184 151  23   0],7,258,945.0999755859375,30,0,Fuel/Ambient,359524680,1740862176
1740862176559734576,23,[  0   0   0   3 184 150  23   0],7,258,945.0800170898438,30,0,Fuel/Ambient,559133152,1740862176
1740862176766009144,23,[  0   0   0   3 184 150  23   0],7,258,945.0800170898438,30,0,Fuel/Ambient,765567821,1740862176
1740862176962760388,23,[  0   0   0   3 184 150  23   0],7,258,945.0800170898438,30,0,Fuel/Ambient,962041777,1740862176
1740862177168742180,23,[  0   0   0   3 184 149  23   0],7,258,945.0599975585938,30,0,Fuel/Ambient,168190038,1740862177
1740862177366255396,23,[  0   0   0   3 184 149  23   0],7,258,945.0599975585938,30,0,Fuel/Ambient,365427534,1740862177
1740862177563798756,23,[  0   0   0   3 184 149  23   0],7,258,945.0599975585938,30,0,Fuel/Ambient,563322455,1740862177
1740862177769541566,23,[  0   0   0   3 184 148  23   0],7,258,945.0399780273438,30,0,Fuel/Ambient,768987375,1740862177
1740862177964477304,23,[  0   0   0   3 184 148  23   0],7,258,945.0399780273438,30,0,Fuel/Ambient,964026060,1740862177
1740862178173160256,23,[  0   0   0   3 184 148  23   0],7,258,945.0399780273438,30,0,Fuel/Ambient,171888638,1740862178
1740862178375764614,24,[  0   0   0   3 184 147  24   0],7,258,945.02001953125,30,0,Fuel/Ambient,371906271,1740862178
1740862178570281941,24,[  0   0   0   3 184 147  24   0],7,258,945.02001953125,30,0,Fuel/Ambient,566389293,1740862178
1740862178773695792,24,[  0   0   0   3 184 147  24   0],7,258,945.02001953125,30,0,Fuel/Ambient,773127905,1740862178
1740862178968033338,24,[  0   0   0   3 184 147  24   0],7,258,945.02001953125,30,0,Fuel/Ambient,967537933,1740862178
1740862179173101985,24,[  0   0   0   3 184 147  24   0],7,258,945.02001953125,30,0,Fuel/Ambient,172526514,1740862179
1740862179372727863,24,[  0   0   0   3 184 146  24   0],7,258,945.0,30,0,Fuel/Ambient,371455509,1740862179
1740862179569142840,24,[  0   0   0   3 184 146  24   0],7,258,945.0,30,0,Fuel/Ambient,568478054,1740862179
1740862179773867797,24,[  0   0   0   3 184 146  24   0],7,258,945.0,30,0,Fuel/Ambient,773470283,1740862179
1740862179969865803,24,[  0   0   0   3 184 146  24   0],7,258,945.0,30,0,Fuel/Ambient,969126871,1740862179
1740862180174669322,24,[  0   0   0   3 184 146  24   0],7,258,945.0,30,0,Fuel/Ambient,174060474,1740862180
1740862180374035833,24,[  0   0   0   3 184 146  24   0],7,258,945.0,30,0,Fuel/Ambient,372439790,1740862180
1740862180579866899,24,[  0   0   0   3 184 145  24   0],7,258,944.97998046875,30,0,Fuel/Ambient,579303940,1740862180
1740862180775984619,24,[  0   0   0   3 184 145  24   0],7,258,944.97998046875,30,0,Fuel/Ambient,774782571,1740862180
1740862180980023670,24,[  0   0   0   3 184 145  24   0],7,258,944.97998046875,30,0,Fuel/Ambient,979579626,1740862180
1740862181175786020,24,[  0   0   0   3 184 145  24   0],7,258,944.97998046875,30,0,Fuel/Ambient,175227317,1740862181
1740862181376604121,24,[  0   0   0   3 184 145  24   0],7,258,944.97998046875,30,0,Fuel/Ambient,375570525,1740862181
1740862181582318351,24,[  0   0   0   3 184 146  24   0],7,258,945.0,30,0,Fuel/Ambient,581621756,1740862181
1740862181779367807,24,[  0   0   0   3 184 146  24   0],7,258,945.0,30,0,Fuel/Ambient,778711182,1740862181
1740862181975455638,24,[  0   0   0   3 184 146  24   0],7,258,945.0,30,0,Fuel/Ambient,974664737,1740862181
1740862182181737627,24,[  0   0   0   3 184 146  24   0],7,258,945.0,30,0,Fuel/Ambient,181155724,1740862182
1740862182380894019,24,[  0   0   0   3 184 146  24   0],7,258,945.0,30,0,Fuel/Ambient,379345466,1740862182
1740862182579026287,24,[  0   0   0   3 184 146  24   0],7,258,945.0,30,0,Fuel/Ambient,578127639,1740862182
1740862182785043629,24,[  0   0   0   3 184 146  24   0],7,258,945.0,30,0,Fuel/Ambient,784278905,1740862182
1740862182980486578,24,[  0   0   0   3 184 146  24   0],7,258,945.0,30,0,Fuel/Ambient,979866722,1740862182
1740862183186187783,24,[  0   0   0   3 184 146  24   0],7,258,945.0,30,0,Fuel/Ambient,185395122,1740862183
1740862183385928286,24,[  0   0   0   3 184 146  24   0],7,258,945.0,30,0,Fuel/Ambient,384113485,1740862183
1740862183581827022,24,[  0   0   0   3 184 146  24   0],7,258,945.0,30,0,Fuel/Ambient,581362274,1740862183
1740862183787245787,24,[  0   0   0   3 184 146  24   0],7,258,945.0,30,0,Fuel/Ambient,786736622,1740862183
1740862183982320054,24,[  0   0   0   3 184 146  24   0],7,258,945.0,30,0,Fuel/Ambient,981745863,1740862183
1740862184187500700,24,[  0   0   0   3 184 146  24   0],7,258,945.0,30,0,Fuel/Ambient,186968046,1740862184
1740862184386491742,24,[  0   0   0   3 184 146  24   0],7,258,945.0,30,0,Fuel/Ambient,384911925,1740862184
1740862184593195853,24,[  0   0   0   3 184 146  24   0],7,258,945.0,30,0,Fuel/Ambient,592575549,1740862184
1740862184788826710,24,[  0   0   0   3 184 146  24   0],7,258,945.0,30,0,Fuel/Ambient,788301320,1740862184
1740862184994948597,24,[  0   0   0   3 184 147  24   0],7,258,945.02001953125,30,0,Fuel/Ambient,994374502,1740862184
1740862185192026564,24,[  0   0   0   3 184 147  24   0],7,258,945.02001953125,30,0,Fuel/Ambient,191223759,1740862185
1740862185392278503,24,[  0   0   0   3 184 147  24   0],7,258,945.02001953125,30,0,Fuel/Ambient,390339219,1740862185
1740862185588151765,24,[  0   0   0   3 184 147  24   0],7,258,945.02001953125,30,0,Fuel/Ambient,587578278,1740862185
1740862185795918144,24,[  0   0   0   3 184 147  24   0],7,258,945.02001953125,30,0,Fuel/Ambient,795478996,1740862185
1740862185993384281,24,[  0   0   0   3 184 147  24   0],7,258,945.02001953125,30,0,Fuel/Ambient,992974254,1740862185
1740862186189892215,24,[  0   0   0   3 184 147  24   0],7,258,945.02001953125,30,0,Fuel/Ambient,189204421,1740862186
1740862186397297687,24,[  0   0   0   3 184 148  24   0],7,258,945.0399780273438,30,0,Fuel/Ambient,396853484,1740862186
1740862186595515940,24,[  0   0   0   3 184 148  24   0],7,258,945.0399780273438,30,0,Fuel/Ambient,594769136,1740862186
1740862186792464750,24,[  0   0   0   3 184 148  24   0],7,258,945.0399780273438,30,0,Fuel/Ambient,791959649,1740862186
1740862186998459273,24,[  0   0   0   3 184 148  24   0],7,258,945.0399780273438,30,0,Fuel/Ambient,997637843,1740862186
1740862187194381751,24,[  0   0   0   3 184 148  24   0],7,258,945.0399780273438,30,0,Fuel/Ambient,193675909,1740862187
1740862187401968668,24,[  0   0   0   3 184 148  24   0],7,258,945.0399780273438,30,0,Fuel/Ambient,401109221,1740862187
1740862187598186322,24,[  0   0   0   3 184 148  24   0],7,258,945.0399780273438,30,0,Fuel/Ambient,597663748,1740862187
1740862187803964518,24,[  0   0   0   3 184 149  24   0],7,258,945.0599975585938,30,0,Fuel/Ambient,803309397,1740862187
1740862187999916438,24,[  0   0   0   3 184 149  24   0],7,258,945.0599975585938,30,0,Fuel/Ambient,999281957,1740862187
1740862188204930965,24,[  0   0   0   3 184 149  24   0],7,258,945.0599975585938,30,0,Fuel/Ambient,204467785,1740862188
1740862188400501498,24,[  0   0   0   3 184 150  24   0],7,258,945.0800170898438,30,0,Fuel/Ambient,399815303,1740862188
1740862188605745343,24,[  0   0   0   3 184 150  24   0],7,258,945.0800170898438,30,0,Fuel/Ambient,605228049,1740862188
1740862188801424231,24,[  0   0   0   3 184 150  24   0],7,258,945.0800170898438,30,0,Fuel/Ambient,800752341,1740862188
1740862189006526760,24,[  0   0   0   3 184 150  24   0],7,258,945.0800170898438,30,0,Fuel/Ambient,6052860,1740862189
1740862189201936040,24,[  0   0   0   3 184 150  24   0],7,258,945.0800170898438,30,0,Fuel/Ambient,201294903,1740862189
1740862189409983383,24,[  0   0   0   3 184 150  24   0],7,258,945.0800170898438,30,0,Fuel/Ambient,409205026,1740862189
1740862189605097167,24,[  0   0   0   3 184 150  24   0],7,258,945.0800170898438,30,0,Fuel/Ambient,604482783,1740862189
1740862189810910659,24,[  0   0   0   3 184 150  24   0],7,258,945.0800170898438,30,0,Fuel/Ambient,810156591,1740862189
1740862190005933240,24,[  0   0   0   3 184 150  24   0],7,258,945.0800170898438,30,0,Fuel/Ambient,5528206,1740862190
1740862190211709098,24,[  0   0   0   3 184 150  24   0],7,258,945.0800170898438,30,0,Fuel/Ambient,211257214,1740862190
1740862190410071992,24,[  0   0   0   3 184 150  24   0],7,258,945.0800170898438,30,0,Fuel/Ambient,409227298,1740862190
1740862190605292434,24,[  0   0   0   3 184 150  24   0],7,258,945.0800170898438,30,0,Fuel/Ambient,604721443,1740862190
1740862190810540342,24,[  0   0   0   3 184 150  24   0],7,258,945.0800170898438,30,0,Fuel/Ambient,809844836,1740862190
1740862191006377409,24,[  0   0   0   3 184 150  24   0],7,258,945.0800170898438,30,0,Fuel/Ambient,5635501,1740862191
1740862191212482939,24,[  0   0   0   3 184 150  24   0],7,258,945.0800170898438,30,0,Fuel/Ambient,212127442,1740862191
1740862191411416311,24,[  0   0   0   3 184 150  24   0],7,258,945.0800170898438,30,0,Fuel/Ambient,410581121,1740862191
1740862191617014692,24,[  0   0   0   3 184 150  24   0],7,258,945.0800170898438,30,0,Fuel/Ambient,616228783,1740862191
1740862191813472446,24,[  0   0   0   3 184 150  24   0],7,258,945.0800170898438,30,0,Fuel/Ambient,812867278,1740862191
1740862192009253735,24,[  0   0   0   3 184 149  24   0],7,258,945.0599975585938,30,0,Fuel/Ambient,8378031,1740862192
1740862192214456488,24,[  0   0   0   3 184 149  24   0],7,258,945.0599975585938,30,0,Fuel/Ambient,213997436,1740862192
1740862192411974878,24,[  0   0   0   3 184 150  24   0],7,258,945.0800170898438,30,0,Fuel/Ambient,411514290,1740862192
1740862192617559018,24,[  0   0   0   3 184 150  24   0],7,258,945.0800170898438,30,0,Fuel/Ambient,616954298,1740862192
1740862192814016900,24,[  0   0   0   3 184 150  24   0],7,258,945.0800170898438,30,0,Fuel/Ambient,813549815,1740862192
1740862193020025882,24,[  0   0   0   3 184 150  24   0],7,258,945.0800170898438,30,0,Fuel/Ambient,19307463,1740862193
1740862193215109903,24,[  0   0   0   3 184 150  24   0],7,258,945.0800170898438,30,0,Fuel/Ambient,214546528,1740862193
1740862193422116256,24,[  0   0   0   3 184 150  24   0],7,258,945.0800170898438,30,0,Fuel/Ambient,421509584,1740862193
1740862193617357625,24,[  0   0   0   3 184 150  24   0],7,258,945.0800170898438,30,0,Fuel/Ambient,616753513,1740862193
1740862193823562100,24,[  0   0   0   3 184 150  24   0],7,258,945.0800170898438,30,0,Fuel/Ambient,823129545,1740862193
1740862194018060441,24,[  0   0   0   3 184 150  24   0],7,258,945.0800170898438,30,0,Fuel/Ambient,17601005,1740862194
1740862194222752556,24,[  0   0   0   3 184 151  24   0],7,258,945.0999755859375,30,0,Fuel/Ambient,222275040,1740862194
1740862194420010330,24,[  0   0   0   3 184 151  24   0],7,258,945.0999755859375,30,0,Fuel/Ambient,419303399,1740862194
1740862194625068599,24,[  0   0   0   3 184 151  24   0],7,258,945.0999755859375,30,0,Fuel/Ambient,624559593,1740862194
1740862194820743546,24,[  0   0   0   3 184 151  24   0],7,258,945.0999755859375,30,0,Fuel/Ambient,820018023,1740862194
1740862195026042717,24,[  0   0   0   3 184 151  24   0],7,258,945.0999755859375,30,0,Fuel/Ambient,25495727,1740862195
1740862195220359036,24,[  0   0   0   3 184 151  24   0],7,258,945.0999755859375,30,0,Fuel/Ambient,219845423,1740862195
1740862195426881311,24,[  0   0   0   3 184 151  24   0],7,258,945.0999755859375,30,0,Fuel/Ambient,426302287,1740862195
1740862195621834959,24,[  0   0   0   3 184 151  24   0],7,258,945.0999755859375,30,0,Fuel/Ambient,621285824,1740862195
1740862195827196147,24,[  0   0   0   3 184 151  24   0],7,258,945.0999755859375,30,0,Fuel/Ambient,826887275,1740862195
1740862196023553512,24,[  0   0   0   3 184 150  24   0],7,258,945.0800170898438,30,0,Fuel/Ambient,22947736,1740862196
1740862196227506822,24,[  0   0   0   3 184 150  24   0],7,258,945.0800170898438,30,0,Fuel/Ambient,226788755,1740862196
1740862196426262426,24,[  0   0   0   3 184 150  24   0],7,258,945.0800170898438,30,0,Fuel/Ambient,425024345,1740862196
1740862196631242803,24,[  0   0   0   3 184 150  24   0],7,258,945.0800170898438,30,0,Fuel/Ambient,630671044,1740862196
1740862196829889732,24,[  0   0   0   3 184 151  24   0],7,258,945.0999755859375,30,0,Fuel/Ambient,829146833,1740862196
1740862197026009555,24,[  0   0   0   3 184 150  24   0],7,258,945.0800170898438,30,0,Fuel/Ambient,25313376,1740862197
1740862197231660029,24,[  0   0   0   3 184 150  24   0],7,258,945.0800170898438,30,0,Fuel/Ambient,230977739,1740862197
1740862197429010283,24,[  0   0   0   3 184 150  24   0],7,258,945.0800170898438,30,0,Fuel/Ambient,428326905,1740862197
1740862197634451600,24,[  0   0   0   3 184 150  24   0],7,258,945.0800170898438,30,0,Fuel/Ambient,633696124,1740862197
1740862197830301334,24,[  0   0   0   3 184 150  24   0],7,258,945.0800170898438,30,0,Fuel/Ambient,829745800,1740862197
1740862198035910271,24,[  0   0   0   3 184 150  24   0],7,258,945.0800170898438,30,0,Fuel/Ambient,35268206,1740862198
1740862198231272632,24,[  0   0   0   3 184 150  24   0],7,258,945.0800170898438,30,0,Fuel/Ambient,230752843,1740862198
1740862198438884118,24,[  0   0   0   3 184 150  24   0],7,258,945.0800170898438,30,0,Fuel/Ambient,438336840,1740862198
1740862198633831940,24,[  0   0   0   3 184 150  24   0],7,258,945.0800170898438,30,0,Fuel/Ambient,633317270,1740862198
1740862198839515311,24,[  0   0   0   3 184 150  24   0],7,258,945.0800170898438,30,0,Fuel/Ambient,839021185,1740862198
1740862199035433814,24,[  0   0   0   3 184 150  24   0],7,258,945.0800170898438,30,0,Fuel/Ambient,34744260,1740862199
1740862199241182082,24,[  0   0   0   3 184 150  24   0],7,258,945.0800170898438,30,0,Fuel/Ambient,240466031,1740862199
1740862199438572336,24,[  0   0   0   3 184 150  24   0],7,258,945.0800170898438,30,0,Fuel/Ambient,438017665,1740862199
1740862199643336705,24,[  0   0   0   3 184 149  24   0],7,258,945.0599975585938,30,0,Fuel/Ambient,643016057,1740862199
1740862199839837432,24,[  0   0   0   3 184 149  24   0],7,258,945.0599975585938,30,0,Fuel/Ambient,838925888,1740862199
1740862200035075757,24,[  0   0   0   3 184 149  24   0],7,258,945.0599975585938,30,0,Fuel/Ambient,34678754,1740862200
1740862200240593298,24,[  0   0   0   3 184 149  24   0],7,258,945.0599975585938,30,0,Fuel/Ambient,240131109,1740862200
1740862200438697426,24,[  0   0   0   3 184 149  24   0],7,258,945.0599975585938,30,0,Fuel/Ambient,437991263,1740862200
1740862200643825773,24,[  0   0   0   3 184 149  24   0],7,258,945.0599975585938,30,0,Fuel/Ambient,643356032,1740862200
1740862200839431787,24,[  0   0   0   3 184 149  24   0],7,258,945.0599975585938,30,0,Fuel/Ambient,838893533,1740862200
1740862201045244471,24,[  0   0   0   3 184 149  24   0],7,258,945.0599975585938,30,0,Fuel/Ambient,44760171,1740862201
1740862201240507628,24,[  0   0   0   3 184 149  24   0],7,258,945.0599975585938,30,0,Fuel/Ambient,240002751,1740862201
1740862201449055776,24,[  0   0   0   3 184 149  24   0],7,258,945.0599975585938,30,0,Fuel/Ambient,448225098,1740862201
1740862201644221266,24,[  0   0   0   3 184 149  24   0],7,258,945.0599975585938,30,0,Fuel/Ambient,643670596,1740862201
1740862201850378311,24,[  0   0   0   3 184 149  24   0],7,258,945.0599975585938,30,0,Fuel/Ambient,849757079,1740862201
1740862202045835393,24,[  0   0   0   3 184 149  24   0],7,258,945.0599975585938,30,0,Fuel/Ambient,45330324,1740862202
1740862202251259010,24,[  0   0   0   3 184 149  24   0],7,258,945.0599975585938,30,0,Fuel/Ambient,250565296,1740862202
1740862202449877423,24,[  0   0   0   3 184 149  24   0],7,258,945.0599975585938,30,0,Fuel/Ambient,449280191,1740862202
1740862202644593620,24,[  0   0   0   3 184 149  24   0],7,258,945.0599975585938,30,0,Fuel/Ambient,644122632,1740862202
1740862202850420512,24,[  0   0   0   3 184 149  24   0],7,258,945.0599975585938,30,0,Fuel/Ambient,849803600,1740862202
1740862203045896953,24,[  0   0   0   3 184 149  24   0],7,258,945.0599975585938,30,0,Fuel/Ambient,45083428,1740862203
1740862203251159062,24,[  0   0   0   3 184 149  24   0],7,258,945.0599975585938,30,0,Fuel/Ambient,250518277,1740862203
1740862203448420030,24,[  0   0   0   3 184 149  24   0],7,258,945.0599975585938,30,0,Fuel/Ambient,447956562,1740862203
1740862203653525238,24,[  0   0   0   3 184 149  24   0],7,258,945.0599975585938,30,0,Fuel/Ambient,652801475,1740862203
1740862203848461024,24,[  0   0   0   3 184 149  24   0],7,258,945.0599975585938,30,0,Fuel/Ambient,847798895,1740862203
1740862204054034469,24,[  0   0   0   3 184 149  24   0],7,258,945.0599975585938,30,0,Fuel/Ambient,52943944,1740862204
1740862204259099867,24,[  0   0   0   3 184 150  24   0],7,258,945.0800170898438,30,0,Fuel/Ambient,258304454,1740862204
1740862204457421663,25,[  0   0   0   3 184 150  25   0],7,258,945.0800170898438,30,0,Fuel/Ambient,456617449,1740862204
1740862204652972697,25,[  0   0   0   3 184 150  25   0],7,258,945.0800170898438,30,0,Fuel/Ambient,652163204,1740862204
1740862204858745026,25,[  0   0   0   3 184 150  25   0],7,258,945.0800170898438,30,0,Fuel/Ambient,858017839,1740862204
1740862205053899954,25,[  0   0   0   3 184 149  25   0],7,258,945.0599975585938,30,0,Fuel/Ambient,53297378,1740862205
1740862205259714075,25,[  0   0   0   3 184 149  25   0],7,258,945.0599975585938,30,0,Fuel/Ambient,259085867,1740862205
1740862205456437876,25,[  0   0   0   3 184 149  25   0],7,258,945.0599975585938,30,0,Fuel/Ambient,455585181,1740862205
1740862205661529866,25,[  0   0   0   3 184 149  25   0],7,258,945.0599975585938,30,0,Fuel/Ambient,660874233,1740862205
1740862205857820376,25,[  0   0   0   3 184 149  25   0],7,258,945.0599975585938,30,0,Fuel/Ambient,857181351,1740862205
1740862206063493405,25,[  0   0   0   3 184 149  25   0],7,258,945.0599975585938,30,0,Fuel/Ambient,63027409,1740862206
1740862206259137081,25,[  0   0   0   3 184 149  25   0],7,258,945.0599975585938,30,0,Fuel/Ambient,258508552,1740862206
1740862206457488156,25,[  0   0   0   3 184 149  25   0],7,258,945.0599975585938,30,0,Fuel/Ambient,456689575,1740862206
1740862206663261284,25,[  0   0   0   3 184 149  25   0],7,258,945.0599975585938,30,0,Fuel/Ambient,662716725,1740862206
1740862206858394162,25,[  0   0   0   3 184 149  25   0],7,258,945.0599975585938,30,0,Fuel/Ambient,857674719,1740862206
1740862207064115320,25,[  0   0   0   3 184 149  25   0],7,258,945.0599975585938,30,0,Fuel/Ambient,63543689,1740862207
1740862207260285761,25,[  0   0   0   3 184 149  25   0],7,258,945.0599975585938,30,0,Fuel/Ambient,259536205,1740862207
1740862207468749487,25,[  0   0   0   3 184 149  25   0],7,258,945.0599975585938,30,0,Fuel/Ambient,467749301,1740862207
1740862207664180293,25,[  0   0   0   3 184 149  25   0],7,258,945.0599975585938,30,0,Fuel/Ambient,663421937,1740862207
1740862207869576578,25,[  0   0   0   3 184 149  25   0],7,258,945.0599975585938,30,0,Fuel/Ambient,868880495,1740862207
1740862208066368091,25,[  0   0   0   3 184 149  25   0],7,258,945.0599975585938,30,0,Fuel/Ambient,65888622,1740862208
1740862208271681845,25,[  0   0   0   3 184 149  25   0],7,258,945.0599975585938,30,0,Fuel/Ambient,271109382,1740862208
1740862208469585772,25,[  0   0   0   3 184 148  25   0],7,258,945.0399780273438,30,0,Fuel/Ambient,469022813,1740862208
1740862208666496711,25,[  0   0   0   3 184 148  25   0],7,258,945.0399780273438,30,0,Fuel/Ambient,666043835,1740862208
1740862208873463566,25,[  0   0   0   3 184 148  25   0],7,258,945.0399780273438,30,0,Fuel/Ambient,873018146,1740862208
1740862209069596597,25,[  0   0   0   3 184 149  25   0],7,258,945.0599975585938,30,0,Fuel/Ambient,68697405,1740862209
1740862209273780976,25,[  0   0   0   3 184 149  25   0],7,258,945.0599975585938,30,0,Fuel/Ambient,273316388,1740862209
1740862209469862582,25,[  0   0   0   3 184 149  25   0],7,258,945.0599975585938,30,0,Fuel/Ambient,469393865,1740862209
1740862209676985151,25,[  0   0   0   3 184 149  25   0],7,258,945.0599975585938,30,0,Fuel/Ambient,676521459,1740862209
1740862209872351602,25,[  0   0   0   3 184 149  25   0],7,258,945.0599975585938,30,0,Fuel/Ambient,871655551,1740862209
1740862210078018837,25,[  0   0   0   3 184 149  25   0],7,258,945.0599975585938,30,0,Fuel/Ambient,77534184,1740862210
1740862210273605452,25,[  0   0   0   3 184 150  25   0],7,258,945.0800170898438,30,0,Fuel/Ambient,273036957,1740862210
1740862210470659147,25,[  0   0   0   3 184 150  25   0],7,258,945.0800170898438,30,0,Fuel/Ambient,470138205,1740862210
1740862210676461585,25,[  0   0   0   3 184 150  25   0],7,258,945.0800170898438,30,0,Fuel/Ambient,675877345,1740862210
1740862210872424242,25,[  0   0   0   3 184 150  25   0],7,258,945.0800170898438,30,0,Fuel/Ambient,871988359,1740862210
1740862211079582396,25,[  0   0   0   3 184 150  25   0],7,258,945.0800170898438,30,0,Fuel/Ambient,78642243,1740862211
1740862211276037546,24,[  0   0   0   3 184 150  24   0],7,258,945.0800170898438,30,0,Fuel/Ambient,275598911,1740862211
1740862211476802026,24,[  0   0   0   3 184 150  24   0],7,258,945.0800170898438,30,0,Fuel/Ambient,475634347,1740862211
1740862211682416395,24,[  0   0   0   3 184 150  24   0],7,258,945.0800170898438,30,0,Fuel/Ambient,681883036,1740862211
1740862211882549626,24,[  0   0   0   3 184 150  24   0],7,258,945.0800170898438,30,0,Fuel/Ambient,877631960,1740862211
1740862212083955243,24,[  0   0   0   3 184 150  24   0],7,258,945.0800170898438,30,0,Fuel/Ambient,83423293,1740862212
1740862212279360028,24,[  0   0   0   3 184 150  24   0],7,258,945.0800170898438,30,0,Fuel/Ambient,278859151,1740862212
1740862212477720924,24,[  0   0   0   3 184 150  24   0],7,258,945.0800170898438,30,0,Fuel/Ambient,477195470,1740862212
1740862212685594744,24,[  0   0   0   3 184 150  24   0],7,258,945.0800170898438,30,0,Fuel/Ambient,684852388,1740862212
1740862212881156622,24,[  0   0   0   3 184 150  24   0],7,258,945.0800170898438,30,0,Fuel/Ambient,880562910,1740862212
1740862213087080757,24,[  0   0   0   3 184 151  24   0],7,258,945.0999755859375,30,0,Fuel/Ambient,86503334,1740862213
1740862213283931821,24,[  0   0   0   3 184 151  24   0],7,258,945.0999755859375,30,0,Fuel/Ambient,283203033,1740862213
1740862213481952195,24,[  0   0   0   3 184 151  24   0],7,258,945.0999755859375,30,0,Fuel/Ambient,481305170,1740862213
1740862213687543618,24,[  0   0   0   3 184 151  24   0],7,258,945.0999755859375,30,0,Fuel/Ambient,686789102,1740862213
1740862213883285532,24,[  0   0   0   3 184 151  24   0],7,258,945.0999755859375,30,0,Fuel/Ambient,882587497,1740862213
1740862214088505744,24,[  0   0   0   3 184 151  24   0],7,258,945.0999755859375,30,0,Fuel/Ambient,87898400,1740862214
1740862214284132614,24,[  0   0   0   3 184 151  24   0],7,258,945.0999755859375,30,0,Fuel/Ambient,283373074,1740862214
1740862214492680082,24,[  0   0   0   3 184 151  24   0],7,258,945.0999755859375,30,0,Fuel/Ambient,491969568,1740862214
1740862214687785371,24,[  0   0   0   3 184 151  24   0],7,258,945.0999755859375,30,0,Fuel/Ambient,687058792,1740862214
1740862214893872742,24,[  0   0   0   3 184 151  24   0],7,258,945.0999755859375,30,0,Fuel/Ambient,893044624,1740862214
1740862215089287894,24,[  0   0   0   3 184 151  24   0],7,258,945.0999755859375,30,0,Fuel/Ambient,88711751,1740862215
1740862215295689417,24,[  0   0   0   3 184 151  24   0],7,258,945.0999755859375,30,0,Fuel/Ambient,294412071,1740862215
1740862215494243532,24,[  0   0   0   3 184 151  24   0],7,258,945.0999755859375,30,0,Fuel/Ambient,493720735,1740862215
1740862215689580698,24,[  0   0   0   3 184 151  24   0],7,258,945.0999755859375,30,0,Fuel/Ambient,689023468,1740862215
1740862215895965293,24,[  0   0   0   3 184 151  24   0],7,258,945.0999755859375,30,0,Fuel/Ambient,895187384,1740862215
1740862216091473951,24,[  0   0   0   3 184 151  24   0],7,258,945.0999755859375,30,0,Fuel/Ambient,90985426,1740862216
1740862216298140536,24,[  0   0   0   3 184 151  24   0],7,258,945.0999755859375,30,0,Fuel/Ambient,297276417,1740862216
1740862216496150156,23,[  0   0   0   3 184 151  23   0],7,258,945.0999755859375,30,0,Fuel/Ambient,495351255,1740862216
1740862216691986663,23,[  0   0   0   3 184 150  23   0],7,258,945.0800170898438,30,0,Fuel/Ambient,690690373,1740862216
1740862216897201498,23,[  0   0   0   3 184 150  23   0],7,258,945.0800170898438,30,0,Fuel/Ambient,896560841,1740862216
1740862217094013358,23,[  0   0   0   3 184 150  23   0],7,258,945.0800170898438,30,0,Fuel/Ambient,93569058,1740862217
1740862217300188218,23,[  0   0   0   3 184 150  23   0],7,258,945.0800170898438,30,0,Fuel/Ambient,299445286,1740862217
1740862217497824035,23,[  0   0   0   3 184 150  23   0],7,258,945.0800170898438,30,0,Fuel/Ambient,497258260,1740862217
1740862217703631589,23,[  0   0   0   3 184 150  23   0],7,258,945.0800170898438,30,0,Fuel/Ambient,702905618,1740862217
1740862217898798413,23,[  0   0   0   3 184 150  23   0],7,258,945.0800170898438,30,0,Fuel/Ambient,898332833,1740862217
1740862218095280056,23,[  0   0   0   3 184 150  23   0],7,258,945.0800170898438,30,0,Fuel/Ambient,94518180,1740862218
1740862218301453667,23,[  0   0   0   3 184 150  23   0],7,258,945.0800170898438,30,0,Fuel/Ambient,300465801,1740862218
1740862218499963235,23,[  0   0   0   3 184 150  23   0],7,258,945.0800170898438,30,0,Fuel/Ambient,499232272,1740862218
1740862218705331513,23,[  0   0   0   3 184 149  23   0],7,258,945.0599975585938,30,0,Fuel/Ambient,704504739,1740862218
1740862218901909510,23,[  0   0   0   3 184 149  23   0],7,258,945.0599975585938,30,0,Fuel/Ambient,901325879,1740862218
1740862219107554018,23,[  0   0   0   3 184 150  23   0],7,258,945.0800170898438,30,0,Fuel/Ambient,106798415,1740862219
1740862219303892521,23,[  0   0   0   3 184 150  23   0],7,258,945.0800170898438,30,0,Fuel/Ambient,303504318,1740862219
1740862219502285477,23,[  0   0   0   3 184 150  23   0],7,258,945.0800170898438,30,0,Fuel/Ambient,501859162,1740862219
1740862219708056581,23,[  0   0   0   3 184 150  23   0],7,258,945.0800170898438,30,0,Fuel/Ambient,707497558,1740862219
1740862219904470733,23,[  0   0   0   3 184 150  23   0],7,258,945.0800170898438,30,0,Fuel/Ambient,902960485,1740862219
1740862220108978795,23,[  0   0   0   3 184 150  23   0],7,258,945.0800170898438,30,0,Fuel/Ambient,108767589,1740862220
1740862220305478037,23,[  0   0   0   3 184 150  23   0],7,258,945.0800170898438,30,0,Fuel/Ambient,304981480,1740862220
1740862220503769198,23,[  0   0   0   3 184 150  23   0],7,258,945.0800170898438,30,0,Fuel/Ambient,503028090,1740862220
1740862220709502988,23,[  0   0   0   3 184 150  23   0],7,258,945.0800170898438,30,0,Fuel/Ambient,708957149,1740862220
1740862220904745717,23,[  0   0   0   3 184 150  23   0],7,258,945.0800170898438,30,0,Fuel/Ambient,904262120,1740862220
1740862221110111336,23,[  0   0   0   3 184 149  23   0],7,258,945.0599975585938,30,0,Fuel/Ambient,109320884,1740862221
1740862221305683993,23,[  0   0   0   3 184 149  23   0],7,258,945.0599975585938,30,0,Fuel/Ambient,305063017,1740862221
1740862221514966388,23,[  0   0   0   3 184 149  23   0],7,258,945.0599975585938,30,0,Fuel/Ambient,514344452,1740862221
1740862221710116122,23,[  0   0   0   3 184 149  23   0],7,258,945.0599975585938,30,0,Fuel/Ambient,709610189,1740862221
1740862221916605867,23,[  0   0   0   3 184 149  23   0],7,258,945.0599975585938,30,0,Fuel/Ambient,915862232,1740862221
1740862222112746443,23,[  0   0   0   3 184 149  23   0],7,258,945.0599975585938,30,0,Fuel/Ambient,112174108,1740862222
1740862222309631678,23,[  0   0   0   3 184 149  23   0],7,258,945.0599975585938,30,0,Fuel/Ambient,309175122,1740862222
1740862222517802651,23,[  0   0   0   3 184 149  23   0],7,258,945.0599975585938,30,0,Fuel/Ambient,517246540,1740862222
1740862222714175072,23,[  0   0   0   3 184 150  23   0],7,258,945.0800170898438,30,0,Fuel/Ambient,713601553,1740862222
1740862222919792218,22,[  0   0   0   3 184 150  22   0],7,258,945.0800170898438,30,0,Fuel/Ambient,919241707,1740862222
1740862223115197381,22,[  0   0   0   3 184 150  22   0],7,258,945.0800170898438,30,0,Fuel/Ambient,114539508,1740862223
1740862223320844927,22,[  0   0   0   3 184 150  22   0],7,258,945.0800170898438,30,0,Fuel/Ambient,320356306,1740862223
1740862223519126678,22,[  0   0   0   3 184 150  22   0],7,258,945.0800170898438,30,0,Fuel/Ambient,517918742,1740862223
1740862223714747271,22,[  0   0   0   3 184 150  22   0],7,258,945.0800170898438,30,0,Fuel/Ambient,714136119,1740862223
1740862223921064755,22,[  0   0   0   3 184 150  22   0],7,258,945.0800170898438,30,0,Fuel/Ambient,920446114,1740862223
1740862224117467608,22,[  0   0   0   3 184 150  22   0],7,258,945.0800170898438,30,0,Fuel/Ambient,116643650,1740862224
1740862224323365432,22,[  0   0   0   3 184 150  22   0],7,258,945.0800170898438,30,0,Fuel/Ambient,322647301,1740862224
1740862224522340705,22,[  0   0   0   3 184 150  22   0],7,258,945.0800170898438,30,0,Fuel/Ambient,521598221,1740862224
1740862224717456260,22,[  0   0   0   3 184 150  22   0],7,258,945.0800170898438,30,0,Fuel/Ambient,716749489,1740862224
1740862224924436960,22,[  0   0   0   3 184 149  22   0],7,258,945.0599975585938,30,0,Fuel/Ambient,923684524,1740862224
1740862225121252624,22,[  0   0   0   3 184 150  22   0],7,258,945.0800170898438,30,0,Fuel/Ambient,120733538,1740862225
1740862225326094515,22,[  0   0   0   3 184 150  22   0],7,258,945.0800170898438,30,0,Fuel/Ambient,325629095,1740862225
1740862225529174984,22,[  0   0   0   3 184 150  22   0],7,258,945.0800170898438,30,0,Fuel/Ambient,528728476,1740862225
1740862225723956289,22,[  0   0   0   3 184 150  22   0],7,258,945.0800170898438,30,0,Fuel/Ambient,723530806,1740862225
1740862225921100921,22,[  0   0   0   3 184 150  22   0],7,258,945.0800170898438,30,0,Fuel/Ambient,920508874,1740862225
1740862226126825523,22,[  0   0   0   3 184 150  22   0],7,258,945.0800170898438,30,0,Fuel/Ambient,126161794,1740862226
1740862226323235607,22,[  0   0   0   3 184 150  22   0],7,258,945.0800170898438,30,0,Fuel/Ambient,322184444,1740862226
1740862226531300687,22,[  0   0   0   3 184 150  22   0],7,258,945.0800170898438,30,0,Fuel/Ambient,530467545,1740862226
1740862226727196486,22,[  0   0   0   3 184 150  22   0],7,258,945.0800170898438,30,0,Fuel/Ambient,725916548,1740862226
1740862226933088996,22,[  0   0   0   3 184 150  22   0],7,258,945.0800170898438,30,0,Fuel/Ambient,932588055,1740862226
1740862229853463367,14,[  0   0   0   0 174 131  14   0],7,258,893.5,0,0,Fuel/Ambient,852795669,1740862229
1740862230059654347,15,[  0   0   0   0 174 177  15   0],7,258,894.4199829101562,0,0,Fuel/Ambient,58792308,1740862230
1740862230254758858,16,[  0   0   0   0 174 216  16   0],7,258,895.2000122070312,0,0,Fuel/Ambient,254212540,1740862230
1740862230460264284,17,[  0   0   0   0 175 156  17   0],7,258,899.1199951171875,0,0,Fuel/Ambient,459881682,1740862230
1740862230655852872,18,[  0   0   0   0 176 131  18   0],7,258,903.739990234375,0,0,Fuel/Ambient,655367771,1740862230
1740862230863761081,18,[  0   0   0   0 177  81  18   0],7,258,907.8599853515625,0,0,Fuel/Ambient,863219307,1740862230
1740862231059289572,19,[  0   0   0   0 178  64  19   0],7,258,912.6400146484375,0,0,Fuel/Ambient,58779094,1740862231
1740862231264970426,20,[  0   0   0   0 179  12  20   0],7,258,916.719970703125,0,0,Fuel/Ambient,264367114,1740862231
1740862231461369178,20,[  0   0   0   0 179 200  20   0],7,258,920.47998046875,0,0,Fuel/Ambient,460694121,1740862231
1740862231666769673,21,[  0   0   0   0 180 113  21   0],7,258,923.8599853515625,0,0,Fuel/Ambient,666046806,1740862231
1740862231866074390,21,[  0   0   0   0 181   2  21   0],7,258,926.760009765625,0,0,Fuel/Ambient,864539662,1740862231
1740862232062102669,21,[  0   0   0   0 181 132  21   0],7,258,929.3599853515625,0,0,Fuel/Ambient,61499997,1740862232
1740862232268189997,21,[  0   0   0   0 181 243  21   0],7,258,931.5800170898438,0,0,Fuel/Ambient,267351735,1740862232
1740862232464637199,21,[  0   0   0   0 182  83  21   0],7,258,933.5,0,0,Fuel/Ambient,463969341,1740862232
1740862232670785104,21,[  0   0   0   0 182 166  21   0],7,258,935.1599731445312,0,0,Fuel/Ambient,670063933,1740862232
1740862232868994464,21,[  0   0   0   0 182 238  21   0],7,258,936.5999755859375,0,0,Fuel/Ambient,867753279,1740862232
1740862233073710012,21,[  0   0   0   0 183  43  21   0],7,258,937.8200073242188,0,0,Fuel/Ambient,72995945,1740862233
1740862233269605198,21,[  0   0   0   0 183  95  21   0],7,258,938.8599853515625,0,0,Fuel/Ambient,268766968,1740862233
1740862233474696019,21,[  0   0   0   0 183 140  21   0],7,258,939.760009765625,0,0,Fuel/Ambient,474267944,1740862233
1740862233670277405,22,[  0   0   0   0 183 175  22   0],7,258,940.4600219726562,0,0,Fuel/Ambient,669799185,1740862233
1740862233868800021,22,[  0   0   0   0 183 209  22   0],7,258,941.1400146484375,0,0,Fuel/Ambient,868098498,1740862233
1740862234073972316,22,[  0   0   0   0 183 245  22   0],7,258,941.8599853515625,0,0,Fuel/Ambient,73241545,1740862234
1740862234269594183,22,[  0   0   0   0 184  12  22   0],7,258,942.3200073242188,0,0,Fuel/Ambient,268811602,1740862234
1740862234475387326,22,[  0   0   0   0 184  32  22   0],7,258,942.719970703125,0,0,Fuel/Ambient,474722092,1740862234
1740862234670577661,22,[  0   0   0   0 184  49  22   0],7,258,943.0599975585938,0,0,Fuel/Ambient,669982253,1740862234
1740862234878504556,22,[  0   0   0   0 184  64  22   0],7,258,943.3599853515625,0,0,Fuel/Ambient,877819482,1740862234
1740862235074345788,22,[  0   0   0   0 184  76  22   0],7,258,943.5999755859375,0,0,Fuel/Ambient,73858031,1740862235
1740862235280032048,22,[  0   0   0   0 184  86  22   0],7,258,943.7999877929688,0,0,Fuel/Ambient,279458529,1740862235
1740862235475808542,22,[  0   0   0   0 184  95  22   0],7,258,943.97998046875,0,0,Fuel/Ambient,475356786,1740862235
1740862235681827258,22,[  0   0   0   0 184 103  22   0],7,258,944.1400146484375,0,0,Fuel/Ambient,681226410,1740862235
1740862235878996685,22,[  0   0   0   0 184 109  22   0],7,258,944.260009765625,0,0,Fuel/Ambient,878564130,1740862235
1740862236075067427,22,[  0   0   0   0 184 115  22   0],7,258,944.3800048828125,0,0,Fuel/Ambient,74670424,1740862236
1740862236281531210,22,[  0   0   0   0 184 120  22   0],7,258,944.47998046875,0,0,Fuel/Ambient,280955643,1740862236
1740862236476902349,22,[  0   0   0   0 184 124  22   0],7,258,944.5599975585938,0,0,Fuel/Ambient,476378335,1740862236
1740862236683445303,22,[  0   0   0   0 184 128  22   0],7,258,944.6400146484375,0,0,Fuel/Ambient,682777317,1740862236
1740862236880921137,22,[  0   0   0   0 184 131  22   0],7,258,944.7000122070312,0,0,Fuel/Ambient,880162269,1740862236
1740862237077294766,22,[  0   0   0   0 184 134  22   0],7,258,944.760009765625,0,0,Fuel/Ambient,76520153,1740862237
1740862237283436748,22,[  0   0   0   0 184 136  22   0],7,258,944.7999877929688,0,0,Fuel/Ambient,282631159,1740862237
1740862237478537703,22,[  0   0   0   0 184 138  22   0],7,258,944.8400268554688,0,0,Fuel/Ambient,478034266,1740862237
1740862237684220634,22,[  0   0   0   0 184 140  22   0],7,258,944.8800048828125,0,0,Fuel/Ambient,683468294,1740862237
1740862237882581771,22,[  0   0   0   0 184 141  22   0],7,258,944.9000244140625,0,0,Fuel/Ambient,882158880,1740862237
1740862238088468130,22,[  0   0   0   0 184 142  22   0],7,258,944.9199829101562,0,0,Fuel/Ambient,87788592,1740862238
1740862238284032169,22,[  0   0   0   0 184 143  22   0],7,258,944.9400024414062,0,0,Fuel/Ambient,283510107,1740862238
1740862238490142790,22,[  0   0   0   0 184 144  22   0],7,258,944.9600219726562,0,0,Fuel/Ambient,489493141,1740862238
1740862238685917234,23,[  0   0   0   0 184 145  23   0],7,258,944.97998046875,0,0,Fuel/Ambient,685036827,1740862238
1740862238883895385,23,[  0   0   0   0 184 145  23   0],7,258,944.97998046875,0,0,Fuel/Ambient,883089316,1740862238
1740862239088928537,23,[  0   0   0   0 184 146  23   0],7,258,945.0,0,0,Fuel/Ambient,88341226,1740862239
1740862239284994829,23,[  0   0   0   0 184 146  23   0],7,258,945.0,0,0,Fuel/Ambient,284227416,1740862239
1740862239490284755,23,[  0   0   0   0 184 146  23   0],7,258,945.0,0,0,Fuel/Ambient,489626626,1740862239
1740862239695620539,23,[  0   0   0   0 184 147  23   0],7,258,945.02001953125,0,0,Fuel/Ambient,695068493,1740862239
1740862239895004486,23,[  0   0   0   0 184 147  23   0],7,258,945.02001953125,0,0,Fuel/Ambient,894379926,1740862239
1740862240090953814,23,[  0   0   0   0 184 147  23   0],7,258,945.02001953125,0,0,Fuel/Ambient,90289573,1740862240
1740862240296448066,23,[  0   0   0   0 184 147  23   0],7,258,945.02001953125,0,0,Fuel/Ambient,295880115,1740862240
1740862240491771329,23,[  0   0   0   0 184 147  23   0],7,258,945.02001953125,0,0,Fuel/Ambient,491255284,1740862240
1740862240697558868,23,[  0   0   0   0 184 147  23   0],7,258,945.02001953125,0,0,Fuel/Ambient,697049095,1740862240
1740862240896295118,23,[  0   0   0   0 184 147  23   0],7,258,945.02001953125,0,0,Fuel/Ambient,895614748,1740862240
1740862241091807794,23,[  0   0   0   0 184 147  23   0],7,258,945.02001953125,0,0,Fuel/Ambient,91310213,1740862241
1740862241297720616,23,[  0   0   0   0 184 147  23   0],7,258,945.02001953125,0,0,Fuel/Ambient,297177497,1740862241
1740862241493455153,23,[  0   0   0   0 184 148  23   0],7,258,945.0399780273438,0,0,Fuel/Ambient,492795840,1740862241
1740862241699331462,23,[  0   0   0   0 184 148  23   0],7,258,945.0399780273438,0,0,Fuel/Ambient,698616211,1740862241
1740862241897411854,23,[  0   0   0   0 184 148  23   0],7,258,945.0399780273438,0,0,Fuel/Ambient,896875840,1740862241
1740862242103349220,23,[  0   0   0   0 184 148  23   0],7,258,945.0399780273438,0,0,Fuel/Ambient,102977050,1740862242
1740862242299207280,23,[  0   0   0   0 184 149  23   0],7,258,945.0599975585938,0,0,Fuel/Ambient,298562239,1740862242
1740862242495679533,23,[  0   0   0   0 184 149  23   0],7,258,945.0599975585938,0,0,Fuel/Ambient,495154783,1740862242
1740862242701672036,23,[  0   0   0   0 184 149  23   0],7,258,945.0599975585938,0,0,Fuel/Ambient,701004467,1740862242
1740862242899229245,23,[  0   0   0   0 184 149  23   0],7,258,945.0599975585938,0,0,Fuel/Ambient,898808338,1740862242
1740862243104925933,23,[  0   0   0   0 184 150  23   0],7,258,945.0800170898438,0,0,Fuel/Ambient,104375934,1740862243
1740862243301949911,23,[  0   0   0   0 184 150  23   0],7,258,945.0800170898438,0,0,Fuel/Ambient,301232132,1740862243
1740862243506705581,23,[  0   0   0   0 184 149  23   0],7,258,945.0599975585938,0,0,Fuel/Ambient,506304227,1740862243
1740862243701190421,23,[  0   0   0   0 184 150  23   0],7,258,945.0800170898438,0,0,Fuel/Ambient,700746633,1740862243
1740862243908036418,23,[  0   0   0   0 184 150  23   0],7,258,945.0800170898438,0,0,Fuel/Ambient,907355696,1740862243
1740862244103401313,23,[  0   0   0   0 184 150  23   0],7,258,945.0800170898438,0,0,Fuel/Ambient,102688302,1740862244
1740862244309520922,23,[  0   0   0   0 184 150  23   0],7,258,945.0800170898438,0,0,Fuel/Ambient,308970956,1740862244
1740862244505238914,23,[  0   0   0   0 184 150  23   0],7,258,945.0800170898438,0,0,Fuel/Ambient,504533231,1740862244
1740862244710759276,23,[  0   0   0   0 184 150  23   0],7,258,945.0800170898438,0,0,Fuel/Ambient,710338913,1740862244
1740862244909084440,23,[  0   0   0   0 184 150  23   0],7,258,945.0800170898438,0,0,Fuel/Ambient,908269378,1740862244
1740862245105202314,23,[  0   0   0   0 184 150  23   0],7,258,945.0800170898438,0,0,Fuel/Ambient,104756702,1740862245
1740862245310871543,23,[  0   0   0   0 184 150  23   0],7,258,945.0800170898438,0,0,Fuel/Ambient,310398090,1740862245
1740862245506447866,23,[  0   0   0   0 184 150  23   0],7,258,945.0800170898438,0,0,Fuel/Ambient,505852298,1740862245
1740862245711882881,23,[  0   0   0   0 184 151  23   0],7,258,945.0999755859375,0,0,Fuel/Ambient,711131693,1740862245
1740862245910232557,23,[  0   0   0   0 184 150  23   0],7,258,945.0800170898438,0,0,Fuel/Ambient,908814216,1740862245
1740862246115630003,23,[  0   0   0   0 184 150  23   0],7,258,945.0800170898438,0,0,Fuel/Ambient,114601688,1740862246
1740862246311805829,23,[  0   0   0   0 184 151  23   0],7,258,945.0999755859375,0,0,Fuel/Ambient,311008336,1740862246
1740862246517470418,23,[  0   0   0   0 184 151  23   0],7,258,945.0999755859375,0,0,Fuel/Ambient,517010086,1740862246
1740862246714113521,24,[  0   0   0   0 184 151  24   0],7,258,945.0999755859375,0,0,Fuel/Ambient,712921201,1740862246
1740862246912607040,24,[  0   0   0   0 184 151  24   0],7,258,945.0999755859375,0,0,Fuel/Ambient,911830444,1740862246
1740862247118014821,24,[  0   0   0   0 184 151  24   0],7,258,945.0999755859375,0,0,Fuel/Ambient,117399221,1740862247
1740862247314259961,24,[  0   0   0   0 184 151  24   0],7,258,945.0999755859375,0,0,Fuel/Ambient,313523750,1740862247
1740862247520809916,24,[  0   0   0   0 184 151  24   0],7,258,945.0999755859375,0,0,Fuel/Ambient,519962406,1740862247
1740862247716767432,24,[  0   0   0   0 184 151  24   0],7,258,945.0999755859375,0,0,Fuel/Ambient,715989236,1740862247
1740862247913742383,24,[  0   0   0   0 184 151  24   0],7,258,945.0999755859375,0,0,Fuel/Ambient,913146176,1740862247
1740862248119802085,24,[  0   0   0   0 184 151  24   0],7,258,945.0999755859375,0,0,Fuel/Ambient,119201301,1740862248
1740862248315082207,24,[  0   0   0   0 184 151  24   0],7,258,945.0999755859375,0,0,Fuel/Ambient,314709557,1740862248
1740862248520515908,24,[  0   0   0   0 184 151  24   0],7,258,945.0999755859375,0,0,Fuel/Ambient,520059736,1740862248
1740862248715971874,24,[  0   0   0   0 184 151  24   0],7,258,945.0999755859375,0,0,Fuel/Ambient,715530967,1740862248
1740862248924592956,24,[  0   0   0   0 184 152  24   0],7,258,945.1199951171875,0,0,Fuel/Ambient,924165520,1740862248
1740862249120051386,24,[  0   0   0   0 184 152  24   0],7,258,945.1199951171875,0,0,Fuel/Ambient,119350887,1740862249
1740862249325522271,24,[  0   0   0   0 184 152  24   0],7,258,945.1199951171875,0,0,Fuel/Ambient,325101908,1740862249
1740862249521441449,24,[  0   0   0   0 184 152  24   0],7,258,945.1199951171875,0,0,Fuel/Ambient,520761559,1740862249
1740862249727042034,24,[  0   0   0   0 184 152  24   0],7,258,945.1199951171875,0,0,Fuel/Ambient,726341376,1740862249
1740862249925260185,24,[  0   0   0   0 184 152  24   0],7,258,945.1199951171875,0,0,Fuel/Ambient,924428771,1740862249
1740862250120893723,24,[  0   0   0   0 184 152  24   0],7,258,945.1199951171875,0,0,Fuel/Ambient,120025412,1740862250
1740862250326216924,24,[  0   0   0   0 184 152  24   0],7,258,945.1199951171875,0,0,Fuel/Ambient,325592588,1740862250
1740862250522077316,24,[  0   0   0   0 184 152  24   0],7,258,945.1199951171875,0,0,Fuel/Ambient,521616024,1740862250
1740862250727606251,24,[  0   0   0   0 184 153  24   0],7,258,945.1400146484375,0,0,Fuel/Ambient,727167167,1740862250
1740862250925769743,24,[  0   0   0   0 184 153  24   0],7,258,945.1400146484375,0,0,Fuel/Ambient,925215136,1740862250
1740862251131207731,24,[  0   0   0   0 184 152  24   0],7,258,945.1199951171875,0,0,Fuel/Ambient,130616163,1740862251
1740862251326717169,24,[  0   0   0   0 184 152  24   0],7,258,945.1199951171875,0,0,Fuel/Ambient,326126881,1740862251
1740862251532888904,24,[  0   0   0   0 184 152  24   0],7,258,945.1199951171875,0,0,Fuel/Ambient,532164501,1740862251
1740862251728128671,24,[  0   0   0   0 184 152  24   0],7,258,945.1199951171875,0,0,Fuel/Ambient,727616625,1740862251
1740862251935996130,24,[  0   0   0   0 184 153  24   0],7,258,945.1400146484375,0,0,Fuel/Ambient,935568215,1740862251
1740862252132035470,24,[  0   0   0   0 184 153  24   0],7,258,945.1400146484375,0,0,Fuel/Ambient,131330684,1740862252
1740862252328557446,24,[  0   0   0   0 184 153  24   0],7,258,945.1400146484375,0,0,Fuel/Ambient,327972471,1740862252
1740862252534761789,24,[  0   0   0   0 184 153  24   0],7,258,945.1400146484375,0,0,Fuel/Ambient,534015146,1740862252
1740862252730619780,24,[  0   0   0   0 184 153  24   0],7,258,945.1400146484375,0,0,Fuel/Ambient,729986099,1740862252
1740862252938652876,24,[  0   0   0   0 184 153  24   0],7,258,945.1400146484375,0,0,Fuel/Ambient,938181119,1740862252
1740862253134752248,24,[  0   0   0   0 184 153  24   0],7,258,945.1400146484375,0,0,Fuel/Ambient,134204522,1740862253
1740862253340461890,24,[  0   0   0   0 184 153  24   0],7,258,945.1400146484375,0,0,Fuel/Ambient,339926644,1740862253
1740862253536119203,24,[  0   0   0   0 184 153  24   0],7,258,945.1400146484375,0,0,Fuel/Ambient,535410608,1740862253
1740862253741701449,24,[  0   0   0   0 184 153  24   0],7,258,945.1400146484375,0,0,Fuel/Ambient,741031063,1740862253
1740862253940562686,24,[  0   0   0   0 184 153  24   0],7,258,945.1400146484375,0,0,Fuel/Ambient,939587876,1740862253
1740862254136239807,24,[  0   0   0   0 184 153  24   0],7,258,945.1400146484375,0,0,Fuel/Ambient,135263941,1740862254
1740862254342503255,24,[  0   0   0   0 184 153  24   0],7,258,945.1400146484375,0,0,Fuel/Ambient,341895719,1740862254
1740862254537869359,24,[  0   0   0   0 184 153  24   0],7,258,945.1400146484375,0,0,Fuel/Ambient,537439812,1740862254
1740862254743806398,25,[  0   0   0   0 184 153  25   0],7,258,945.1400146484375,0,0,Fuel/Ambient,742726978,1740862254
1740862254943836786,25,[  0   0   0   0 184 153  25   0],7,258,945.1400146484375,0,0,Fuel/Ambient,943465896,1740862254
1740862255139992479,25,[  0   0   0   0 184 153  25   0],7,258,945.1400146484375,0,0,Fuel/Ambient,139097287,1740862255
1740862255345913709,25,[  0   0   0   0 184 153  25   0],7,258,945.1400146484375,0,0,Fuel/Ambient,344909202,1740862255
1740862255542028857,25,[  0   0   0   0 184 153  25   0],7,258,945.1400146484375,0,0,Fuel/Ambient,541382344,1740862255
1740862255747823587,25,[  0   0   0   0 184 153  25   0],7,258,945.1400146484375,0,0,Fuel/Ambient,746971661,1740862255
1740862255945370485,25,[  0   0   0   0 184 153  25   0],7,258,945.1400146484375,0,0,Fuel/Ambient,944779333,1740862255
1740862256140840943,25,[  0   0   0   0 184 153  25   0],7,258,945.1400146484375,0,0,Fuel/Ambient,140380931,1740862256
1740862256346314929,25,[  0   0   0   0 184 153  25   0],7,258,945.1400146484375,0,0,Fuel/Ambient,345667136,1740862256
1740862256543160431,25,[  0   0   0   0 184 153  25   0],7,258,945.1400146484375,0,0,Fuel/Ambient,542258360,1740862256
1740862256749139518,25,[  0   0   0   0 184 153  25   0],7,258,945.1400146484375,0,0,Fuel/Ambient,748550735,1740862256
1740862256948486975,25,[  0   0   0   0 184 153  25   0],7,258,945.1400146484375,0,0,Fuel/Ambient,948006802,1740862256
1740862257144389604,25,[  0   0   0   0 184 153  25   0],7,258,945.1400146484375,0,0,Fuel/Ambient,143765684,1740862257
1740862257349923559,25,[  0   0   0   0 184 153  25   0],7,258,945.1400146484375,0,0,Fuel/Ambient,349399929,1740862257
1740862257545103801,25,[  0   0   0   0 184 153  25   0],7,258,945.1400146484375,0,0,Fuel/Ambient,544628236,1740862257
1740862257751011781,25,[  0   0   0   0 184 153  25   0],7,258,945.1400146484375,0,0,Fuel/Ambient,750331155,1740862257
1740862257948976929,25,[  0   0   0   0 184 153  25   0],7,258,945.1400146484375,0,0,Fuel/Ambient,948232173,1740862257
1740862258154870284,25,[  0   0   0   0 184 153  25   0],7,258,945.1400146484375,0,0,Fuel/Ambient,153942708,1740862258
1740862258353310836,25,[  0   0   0   0 184 152  25   0],7,258,945.1199951171875,0,0,Fuel/Ambient,349505520,1740862258
1740862258556000875,25,[  0   0   0   0 184 152  25   0],7,258,945.1199951171875,0,0,Fuel/Ambient,555600512,1740862258
1740862258750907285,25,[  0   0   0   0 184 152  25   0],7,258,945.1199951171875,0,0,Fuel/Ambient,750501195,1740862258
1740862258957296142,25,[  0   0   0   0 184 152  25   0],7,258,945.1199951171875,0,0,Fuel/Ambient,956708062,1740862258
1740862259152558113,25,[  0   0   0   0 184 152  25   0],7,258,945.1199951171875,0,0,Fuel/Ambient,152148566,1740862259
1740862259357568757,25,[  0   0   0   0 184 152  25   0],7,258,945.1199951171875,0,0,Fuel/Ambient,356988102,1740862259
1740862259553635261,25,[  0   0   0   0 184 152  25   0],7,258,945.1199951171875,0,0,Fuel/Ambient,553256147,1740862259
1740862259759632171,25,[  0   0   0   0 184 152  25   0],7,258,945.1199951171875,0,0,Fuel/Ambient,759021275,1740862259
1740862259957415361,25,[  0   0   0   0 184 152  25   0],7,258,945.1199951171875,0,0,Fuel/Ambient,956920532,1740862259
1740862260163156007,25,[  0   0   0   0 184 152  25   0],7,258,945.1199951171875,0,0,Fuel/Ambient,162287184,1740862260
1740862260358470779,25,[  0   0   0   0 184 153  25   0],7,258,945.1400146484375,0,0,Fuel/Ambient,358045808,1740862260
1740862260555104850,25,[  0   0   0   0 184 153  25   0],7,258,945.1400146484375,0,0,Fuel/Ambient,554681063,1740862260
1740862260760397612,25,[  0   0   0   0 184 153  25   0],7,258,945.1400146484375,0,0,Fuel/Ambient,759717338,1740862260
1740862260958866931,25,[  0   0   0   0 184 153  25   0],7,258,945.1400146484375,0,0,Fuel/Ambient,958148160,1740862260
1740862261164970627,25,[  0   0   0   0 184 152  25   0],7,258,945.1199951171875,0,0,Fuel/Ambient,164192494,1740862261
1740862261360737218,25,[  0   0   0   0 184 152  25   0],7,258,945.1199951171875,0,0,Fuel/Ambient,359711975,1740862261
1740862261566751311,25,[  0   0   0   0 184 152  25   0],7,258,945.1199951171875,0,0,Fuel/Ambient,566164064,1740862261
1740862261764445601,25,[  0   0   0   0 184 152  25   0],7,258,945.1199951171875,0,0,Fuel/Ambient,763769776,1740862261
1740862261962274999,25,[  0   0   0   0 184 152  25   0],7,258,945.1199951171875,0,0,Fuel/Ambient,961718344,1740862261
1740862262169428034,25,[  0   0   0   0 184 152  25   0],7,258,945.1199951171875,0,0,Fuel/Ambient,168753552,1740862262
1740862262364922649,25,[  0   0   0   0 184 152  25   0],7,258,945.1199951171875,0,0,Fuel/Ambient,364257192,1740862262
1740862262570649758,25,[  0   0   0   0 184 152  25   0],7,258,945.1199951171875,0,0,Fuel/Ambient,570192594,1740862262
1740862262767381366,25,[  0   0   0   0 184 152  25   0],7,258,945.1199951171875,0,0,Fuel/Ambient,766554913,1740862262
1740862262966976986,25,[  0   0   0   0 184 152  25   0],7,258,945.1199951171875,0,0,Fuel/Ambient,966528014,1740862262
1740862263172776288,25,[  0   0   0   0 184 152  25   0],7,258,945.1199951171875,0,0,Fuel/Ambient,172341397,1740862263
1740862263369028171,25,[  0   0   0   0 184 152  25   0],7,258,945.1199951171875,0,0,Fuel/Ambient,367965487,1740862263
1740862263574647501,25,[  0   0   0   0 184 152  25   0],7,258,945.1199951171875,0,0,Fuel/Ambient,573996220,1740862263
1740862263769627990,25,[  0   0   0   0 184 152  25   0],7,258,945.1199951171875,0,0,Fuel/Ambient,769155818,1740862263
1740862263968058715,25,[  0   0   0   0 184 152  25   0],7,258,945.1199951171875,0,0,Fuel/Ambient,967532653,1740862263
1740862264173739517,25,[  0   0   0   0 184 153  25   0],7,258,945.1400146484375,0,0,Fuel/Ambient,173207119,1740862264
1740862264369825507,25,[  0   0   0   0 184 153  25   0],7,258,945.1400146484375,0,0,Fuel/Ambient,369312630,1740862264
1740862264575640905,25,[  0   0   0   0 184 153  25   0],7,258,945.1400146484375,0,0,Fuel/Ambient,574986808,1740862264
1740862264771870739,25,[  0   0   0   0 184 153  25   0],7,258,945.1400146484375,0,0,Fuel/Ambient,770294762,1740862264
1740862264970067569,25,[  0   0   0   0 184 153  25   0],7,258,945.1400146484375,0,0,Fuel/Ambient,969377855,1740862264
1740862265175183396,25,[  0   0   0   0 184 153  25   0],7,258,945.1400146484375,0,0,Fuel/Ambient,174434769,1740862265
1740862265370652314,25,[  0   0   0   0 184 153  25   0],7,258,945.1400146484375,0,0,Fuel/Ambient,370117228,1740862265
1740862265576270426,25,[  0   0   0   0 184 153  25   0],7,258,945.1400146484375,0,0,Fuel/Ambient,575792269,1740862265
1740862265782177250,25,[  0   0   0   0 184 153  25   0],7,258,945.1400146484375,0,0,Fuel/Ambient,781433070,1740862265
1740862265980776810,25,[  0   0   0   0 184 153  25   0],7,258,945.1400146484375,0,0,Fuel/Ambient,980311165,1740862265
1740862266176250207,25,[  0   0   0   0 184 153  25   0],7,258,945.1400146484375,0,0,Fuel/Ambient,175724177,1740862266
1740862266381828253,25,[  0   0   0   0 184 153  25   0],7,258,945.1400146484375,0,0,Fuel/Ambient,381212877,1740862266
1740862266578309965,25,[  0   0   0   0 184 153  25   0],7,258,945.1400146484375,0,0,Fuel/Ambient,577167343,1740862266
1740862266783418431,25,[  0   0   0   0 184 153  25   0],7,258,945.1400146484375,0,0,Fuel/Ambient,782953907,1740862266
1740862266983919384,25,[  0   0   0   0 184 152  25   0],7,258,945.1199951171875,0,0,Fuel/Ambient,981818529,1740862266
1740862267178779965,25,[  0   0   0   0 184 152  25   0],7,258,945.1199951171875,0,0,Fuel/Ambient,177863557,1740862267
1740862267384067347,25,[  0   0   0   0 184 152  25   0],7,258,945.1199951171875,0,0,Fuel/Ambient,383527653,1740862267
1740862267579646922,25,[  0   0   0   0 184 153  25   0],7,258,945.1400146484375,0,0,Fuel/Ambient,579145245,1740862267
1740862267785757334,25,[  0   0   0   0 184 153  25   0],7,258,945.1400146484375,0,0,Fuel/Ambient,784999971,1740862267
1740862267983263040,25,[  0   0   0   0 184 153  25   0],7,258,945.1400146484375,0,0,Fuel/Ambient,982736146,1740862267
1740862268189105509,25,[  0   0   0   0 184 153  25   0],7,258,945.1400146484375,0,0,Fuel/Ambient,188284271,1740862268
1740862268383774468,25,[  0   0   0   0 184 153  25   0],7,258,945.1400146484375,0,0,Fuel/Ambient,383306423,1740862268
1740862268589513861,25,[  0   0   0   0 184 153  25   0],7,258,945.1400146484375,0,0,Fuel/Ambient,589005976,1740862268
1740862268785029722,25,[  0   0   0   0 184 153  25   0],7,258,945.1400146484375,0,0,Fuel/Ambient,784417866,1740862268
1740862268993267870,25,[  0   0   0   0 184 153  25   0],7,258,945.1400146484375,0,0,Fuel/Ambient,991934875,1740862268
1740862269188026751,25,[  0   0   0   0 184 153  25   0],7,258,945.1400146484375,0,0,Fuel/Ambient,187287563,1740862269
1740862269393193553,25,[  0   0   0   0 184 153  25   0],7,258,945.1400146484375,0,0,Fuel/Ambient,392773478,1740862269
1740862269588442590,25,[  0   0   0   0 184 153  25   0],7,258,945.1400146484375,0,0,Fuel/Ambient,587740588,1740862269
1740862269794123518,25,[  0   0   0   0 184 153  25   0],7,258,945.1400146484375,0,0,Fuel/Ambient,793516654,1740862269
1740862269993069357,25,[  0   0   0   0 184 153  25   0],7,258,945.1400146484375,0,0,Fuel/Ambient,991886862,1740862269
1740862270188786886,25,[  0   0   0   0 184 153  25   0],7,258,945.1400146484375,0,0,Fuel/Ambient,188007313,1740862270
1740862270394256223,25,[  0   0   0   0 184 153  25   0],7,258,945.1400146484375,0,0,Fuel/Ambient,393630735,1740862270
1740862270589819125,25,[  0   0   0   0 184 153  25   0],7,258,945.1400146484375,0,0,Fuel/Ambient,589278662,1740862270
1740862270795817116,25,[  0   0   0   0 184 153  25   0],7,258,945.1400146484375,0,0,Fuel/Ambient,795164043,1740862270
1740862270994436866,25,[  0   0   0   0 184 153  25   0],7,258,945.1400146484375,0,0,Fuel/Ambient,993441607,1740862270
1740862271199787800,25,[  0   0   0   0 184 153  25   0],7,258,945.1400146484375,0,0,Fuel/Ambient,198920321,1740862271
1740862271395080901,25,[  0   0   0   0 184 153  25   0],7,258,945.1400146484375,0,0,Fuel/Ambient,394250991,1740862271
1740862271601719005,25,[  0   0   0   0 184 153  25   0],7,258,945.1400146484375,0,0,Fuel/Ambient,601253681,1740862271
1740862271797564857,25,[  0   0   0   0 184 153  25   0],7,258,945.1400146484375,0,0,Fuel/Ambient,796943593,1740862271
1740862271995723442,25,[  0   0   0   0 184 153  25   0],7,258,945.1400146484375,0,0,Fuel/Ambient,995052928,1740862271
1740862272201640246,25,[  0   0   0   0 184 153  25   0],7,258,945.1400146484375,0,0,Fuel/Ambient,200876898,1740862272
1740862272398112386,25,[  0   0   0   0 184 153  25   0],7,258,945.1400146484375,0,0,Fuel/Ambient,397079367,1740862272
1740862272603292051,25,[  0   0   0   0 184 153  25   0],7,258,945.1400146484375,0,0,Fuel/Ambient,602841511,1740862272
1740862272798883624,25,[  0   0   0   0 184 153  25   0],7,258,945.1400146484375,0,0,Fuel/Ambient,798148469,1740862272
1740862272997939480,25,[  0   0   0   0 184 153  25   0],7,258,945.1400146484375,0,0,Fuel/Ambient,997059265,1740862272
1740862273204249190,25,[  0   0   0   0 184 153  25   0],7,258,945.1400146484375,0,0,Fuel/Ambient,203515634,1740862273
1740862273400820596,25,[  0   0   0   0 184 153  25   0],7,258,945.1400146484375,0,0,Fuel/Ambient,400093953,1740862273
1740862273606546675,25,[  0   0   0   0 184 153  25   0],7,258,945.1400146484375,0,0,Fuel/Ambient,605901346,1740862273
1740862273802850746,25,[  0   0   0   0 184 154  25   0],7,258,945.1599731445312,0,0,Fuel/Ambient,802407694,1740862273
1740862274000891342,25,[  0   0   0   0 184 154  25   0],7,258,945.1599731445312,0,0,Fuel/Ambient,999708271,1740862273
1740862274207430690,25,[  0   0   0   0 184 154  25   0],7,258,945.1599731445312,0,0,Fuel/Ambient,206987030,1740862274
1740862274401937561,25,[  0   0   0   0 184 154  25   0],7,258,945.1599731445312,0,0,Fuel/Ambient,401487949,1740862274
1740862274607957183,25,[  0   0   0   0 184 154  25   0],7,258,945.1599731445312,0,0,Fuel/Ambient,607533172,1740862274
1740862274803598228,25,[  0   0   0   0 184 154  25   0],7,258,945.1599731445312,0,0,Fuel/Ambient,803206538,1740862274
1740862275012128572,25,[  0   0   0   0 184 154  25   0],7,258,945.1599731445312,0,0,Fuel/Ambient,11277733,1740862275
1740862275207041021,25,[  0   0   0   0 184 154  25   0],7,258,945.1599731445312,0,0,Fuel/Ambient,206318698,1740862275
1740862275413229927,25,[  0   0   0   0 184 154  25   0],7,258,945.1599731445312,0,0,Fuel/Ambient,412585174,1740862275
1740862275609377449,25,[  0   0   0   0 184 154  25   0],7,258,945.1599731445312,0,0,Fuel/Ambient,608918429,1740862275
1740862275805425448,25,[  0   0   0   0 184 154  25   0],7,258,945.1599731445312,0,0,Fuel/Ambient,804783383,1740862275
1740862276013404609,25,[  0   0   0   0 184 154  25   0],7,258,945.1599731445312,0,0,Fuel/Ambient,12936725,1740862276
1740862276208826863,25,[  0   0   0   0 184 155  25   0],7,258,945.1799926757812,0,0,Fuel/Ambient,208030842,1740862276
1740862276414144481,25,[  0   0   0   0 184 155  25   0],7,258,945.1799926757812,0,0,Fuel/Ambient,413685973,1740862276
1740862276610301987,25,[  0   0   0   0 184 155  25   0],7,258,945.1799926757812,0,0,Fuel/Ambient,609513422,1740862276
1740862276816585135,25,[  0   0   0   0 184 155  25   0],7,258,945.1799926757812,0,0,Fuel/Ambient,815864284,1740862276
1740862277016133833,25,[  0   0   0   0 184 155  25   0],7,258,945.1799926757812,0,0,Fuel/Ambient,15179920,1740862277
1740862277211880992,25,[  0   0   0   0 184 155  25   0],7,258,945.1799926757812,0,0,Fuel/Ambient,211071946,1740862277
1740862277417545818,26,[  0   0   0   0 184 155  26   0],7,258,945.1799926757812,0,0,Fuel/Ambient,416729157,1740862277
1740862277613623577,26,[  0   0   0   0 184 155  26   0],7,258,945.1799926757812,0,0,Fuel/Ambient,612587230,1740862277
1740862277819226163,26,[  0   0   0   0 184 155  26   0],7,258,945.1799926757812,0,0,Fuel/Ambient,818802856,1740862277
1740862278018982738,26,[  0   0   0   0 184 155  26   0],7,258,945.1799926757812,0,0,Fuel/Ambient,18518118,1740862278
1740862278214395679,26,[  0   0   0   0 184 155  26   0],7,258,945.1799926757812,0,0,Fuel/Ambient,213920211,1740862278
1740862278419964759,26,[  0   0   0   0 184 155  26   0],7,258,945.1799926757812,0,0,Fuel/Ambient,419355207,1740862278
1740862278616558915,26,[  0   0   0   0 184 155  26   0],7,258,945.1799926757812,0,0,Fuel/Ambient,616130296,1740862278
1740862278822614280,26,[  0   0   0   0 184 155  26   0],7,258,945.1799926757812,0,0,Fuel/Ambient,821899925,1740862278
1740862279021023171,26,[  0   0   0   0 184 155  26   0],7,258,945.1799926757812,0,0,Fuel/Ambient,20548951,1740862279
1740862279216755320,26,[  0   0   0   0 184 155  26   0],7,258,945.1799926757812,0,0,Fuel/Ambient,215970404,1740862279
1740862279422762203,26,[  0   0   0   0 184 154  26   0],7,258,945.1599731445312,0,0,Fuel/Ambient,422145003,1740862279
1740862279618601971,26,[  0   0   0   0 184 155  26   0],7,258,945.1799926757812,0,0,Fuel/Ambient,617917121,1740862279
1740862279823824961,26,[  0   0   0   0 184 155  26   0],7,258,945.1799926757812,0,0,Fuel/Ambient,823264530,1740862279
1740862280021342084,26,[  0   0   0   0 184 155  26   0],7,258,945.1799926757812,0,0,Fuel/Ambient,20624978,1740862280
1740862280228582727,26,[  0   0   0   0 184 155  26   0],7,258,945.1799926757812,0,0,Fuel/Ambient,227986903,1740862280
1740862280424540065,26,[  0   0   0   0 184 155  26   0],7,258,945.1799926757812,0,0,Fuel/Ambient,423803918,1740862280
1740862280630605701,26,[  0   0   0   0 184 155  26   0],7,258,945.1799926757812,0,0,Fuel/Ambient,629923731,1740862280
1740862280825815916,26,[  0   0   0   0 184 155  26   0],7,258,945.1799926757812,0,0,Fuel/Ambient,825224892,1740862280
1740862281024581168,26,[  0   0   0   0 184 154  26   0],7,258,945.1599731445312,0,0,Fuel/Ambient,23844188,1740862281
1740862281232918318,26,[  0   0   0   0 184 154  26   0],7,258,945.1599731445312,0,0,Fuel/Ambient,230981468,1740862281
1740862281429051789,26,[  0   0   0   0 184 154  26   0],7,258,945.1599731445312,0,0,Fuel/Ambient,426570412,1740862281
1740862281632714865,26,[  0   0   0   0 184 154  26   0],7,258,945.1599731445312,0,0,Fuel/Ambient,632302982,1740862281
1740862281829599459,26,[  0   0   0   0 184 155  26   0],7,258,945.1799926757812,0,0,Fuel/Ambient,827712977,1740862281
1740862282026737596,26,[  0   0   0   0 184 155  26   0],7,258,945.1799926757812,0,0,Fuel/Ambient,26028553,1740862282
1740862282231647872,26,[  0   0   0   0 184 155  26   0],7,258,945.1799926757812,0,0,Fuel/Ambient,230915181,1740862282
1740862282437042673,26,[  0   0   0   0 184 155  26   0],7,258,945.1799926757812,0,0,Fuel/Ambient,436424001,1740862282
1740862282632459708,26,[  0   0   0   0 184 155  26   0],7,258,945.1799926757812,0,0,Fuel/Ambient,631747625,1740862282
1740862282828800927,26,[  0   0   0   0 184 155  26   0],7,258,945.1799926757812,0,0,Fuel/Ambient,828171599,1740862282
1740862283036360137,26,[  0   0   0   0 184 155  26   0],7,258,945.1799926757812,0,0,Fuel/Ambient,35866940,1740862283
1740862283231396329,26,[  0   0   0   0 184 154  26   0],7,258,945.1599731445312,0,0,Fuel/Ambient,230846427,1740862283
1740862283437289351,25,[  0   0   0   0 184 154  25   0],7,258,945.1599731445312,0,0,Fuel/Ambient,436406832,1740862283
1740862283632271558,25,[  0   0   0   0 184 154  25   0],7,258,945.1599731445312,0,0,Fuel/Ambient,631704471,1740862283
1740862283838216965,25,[  0   0   0   0 184 154  25   0],7,258,945.1599731445312,0,0,Fuel/Ambient,837535187,1740862283
1740862284035905259,25,[  0   0   0   0 184 154  25   0],7,258,945.1599731445312,0,0,Fuel/Ambient,35449279,1740862284
1740862284241863978,25,[  0   0   0   0 184 154  25   0],7,258,945.1599731445312,0,0,Fuel/Ambient,241497952,1740862284
1740862284438222284,25,[  0   0   0   0 184 154  25   0],7,258,945.1599731445312,0,0,Fuel/Ambient,437736192,1740862284
1740862284644013383,25,[  0   0   0   0 184 154  25   0],7,258,945.1599731445312,0,0,Fuel/Ambient,643542330,1740862284
1740862284842225466,25,[  0   0   0   0 184 154  25   0],7,258,945.1599731445312,0,0,Fuel/Ambient,841748046,1740862284
1740862285038638270,25,[  0   0   0   0 184 153  25   0],7,258,945.1400146484375,0,0,Fuel/Ambient,38177970,1740862285
1740862285243224632,25,[  0   0   0   0 184 153  25   0],7,258,945.1400146484375,0,0,Fuel/Ambient,242805133,1740862285
1740862285437779275,25,[  0   0   0   0 184 154  25   0],7,258,945.1599731445312,0,0,Fuel/Ambient,437107450,1740862285
1740862285643072792,25,[  0   0   0   0 184 154  25   0],7,258,945.1599731445312,0,0,Fuel/Ambient,642600748,1740862285
1740862285838868107,25,[  0   0   0   0 184 153  25   0],7,258,945.1400146484375,0,0,Fuel/Ambient,838418400,1740862285
1740862286039563551,25,[  0   0   0   0 184 153  25   0],7,258,945.1400146484375,0,0,Fuel/Ambient,38853741,1740862286
1740862286244970798,25,[  0   0   0   0 184 153  25   0],7,258,945.1400146484375,0,0,Fuel/Ambient,244378207,1740862286
1740862286441264718,25,[  0   0   0   0 184 153  25   0],7,258,945.1400146484375,0,0,Fuel/Ambient,440393720,1740862286
1740862286647438354,25,[  0   0   0   0 184 153  25   0],7,258,945.1400146484375,0,0,Fuel/Ambient,645967435,1740862286
1740862286843783475,25,[  0   0   0   0 184 153  25   0],7,258,945.1400146484375,0,0,Fuel/Ambient,843029247,1740862286
1740862287043424299,25,[  0   0   0   0 184 153  25   0],7,258,945.1400146484375,0,0,Fuel/Ambient,42606517,1740862287
1740862287249386824,25,[  0   0   0   0 184 153  25   0],7,258,945.1400146484375,0,0,Fuel/Ambient,248828697,1740862287
1740862287446049521,25,[  0   0   0   0 184 153  25   0],7,258,945.1400146484375,0,0,Fuel/Ambient,445331422,1740862287
1740862287651934668,25,[  0   0   0   0 184 153  25   0],7,258,945.1400146484375,0,0,Fuel/Ambient,651546146,1740862287
1740862287848080872,25,[  0   0   0   0 184 153  25   0],7,258,945.1400146484375,0,0,Fuel/Ambient,847359797,1740862287
1740862288046284473,25,[  0   0   0   0 184 153  25   0],7,258,945.1400146484375,0,0,Fuel/Ambient,45694858,1740862288
1740862288252469756,25,[  0   0   0   0 184 153  25   0],7,258,945.1400146484375,0,0,Fuel/Ambient,251758665,1740862288
1740862288448042344,25,[  0   0   0   0 184 153  25   0],7,258,945.1400146484375,0,0,Fuel/Ambient,447369686,1740862288
1740862288653916546,25,[  0   0   0   0 184 153  25   0],7,258,945.1400146484375,0,0,Fuel/Ambient,653318034,1740862288
1740862288850064093,25,[  0   0   0   0 184 153  25   0],7,258,945.1400146484375,0,0,Fuel/Ambient,849474222,1740862288
1740862289058792514,25,[  0   0   0   0 184 153  25   0],7,258,945.1400146484375,0,0,Fuel/Ambient,58337462,1740862289
1740862289254895772,25,[  0   0   0   0 184 154  25   0],7,258,945.1599731445312,0,0,Fuel/Ambient,254248523,1740862289
1740862289450477159,25,[  0   0   0   0 184 153  25   0],7,258,945.1400146484375,0,0,Fuel/Ambient,449804086,1740862289
1740862289656471524,25,[  0   0   0   0 184 153  25   0],7,258,945.1400146484375,0,0,Fuel/Ambient,655796371,1740862289
1740862289851745704,25,[  0   0   0   0 184 153  25   0],7,258,945.1400146484375,0,0,Fuel/Ambient,851187929,1740862289
1740862290060141572,25,[  0   0   0   0 184 153  25   0],7,258,945.1400146484375,0,0,Fuel/Ambient,59380912,1740862290
1740862290255717135,25,[  0   0   0   0 184 153  25   0],7,258,945.1400146484375,0,0,Fuel/Ambient,255246242,1740862290
1740862290461308033,25,[  0   0   0   0 184 153  25   0],7,258,945.1400146484375,0,0,Fuel/Ambient,460723729,1740862290
1740862290657311735,25,[  0   0   0   0 184 153  25   0],7,258,945.1400146484375,0,0,Fuel/Ambient,656784585,1740862290
1740862290862844199,25,[  0   0   0   0 184 153  25   0],7,258,945.1400146484375,0,0,Fuel/Ambient,862231671,1740862290
1740862291061936686,25,[  0   0   0   0 184 153  25   0],7,258,945.1400146484375,0,0,Fuel/Ambient,60388294,1740862291
1740862291257538490,25,[  0   0   0   0 184 153  25   0],7,258,945.1400146484375,0,0,Fuel/Ambient,256529951,1740862291
1740862291463632600,25,[  0   0   0   0 184 153  25   0],7,258,945.1400146484375,0,0,Fuel/Ambient,463029256,1740862291
1740862291659082879,25,[  0   0   0   0 184 153  25   0],7,258,945.1400146484375,0,0,Fuel/Ambient,658606227,1740862291
1740862291865288129,25,[  0   0   0   0 184 153  25   0],7,258,945.1400146484375,0,0,Fuel/Ambient,864493708,1740862291
1740862292064701936,25,[  0   0   0   0 184 153  25   0],7,258,945.1400146484375,0,0,Fuel/Ambient,63796248,1740862292
1740862292260428830,25,[  0   0   0   0 184 153  25   0],7,258,945.1400146484375,0,0,Fuel/Ambient,259819758,1740862292
1740862292466850244,25,[  0   0   0   0 184 153  25   0],7,258,945.1400146484375,0,0,Fuel/Ambient,465983374,1740862292
1740862292662250698,25,[  0   0   0   0 184 153  25   0],7,258,945.1400146484375,0,0,Fuel/Ambient,661178542,1740862292
1740862292867406479,25,[  0   0   0   0 184 152  25   0],7,258,945.1199951171875,0,0,Fuel/Ambient,866744670,1740862292
1740862293068736752,25,[  0   0   0   0 184 153  25   0],7,258,945.1400146484375,0,0,Fuel/Ambient,68336070,1740862293
1740862293264741893,25,[  0   0   0   0 184 153  25   0],7,258,945.1400146484375,0,0,Fuel/Ambient,263801612,1740862293
1740862293469096821,25,[  0   0   0   0 184 153  25   0],7,258,945.1400146484375,0,0,Fuel/Ambient,468390850,1740862293
1740862293663995244,25,[  0   0   0   0 184 153  25   0],7,258,945.1400146484375,0,0,Fuel/Ambient,663635747,1740862293
1740862293869476250,25,[  0   0   0   0 184 153  25   0],7,258,945.1400146484375,0,0,Fuel/Ambient,868928811,1740862293
1740862294067784331,25,[  0   0   0   0 184 153  25   0],7,258,945.1400146484375,0,0,Fuel/Ambient,67159450,1740862294
1740862294273551391,25,[  0   0   0   0 184 153  25   0],7,258,945.1400146484375,0,0,Fuel/Ambient,272749482,1740862294
1740862294468783839,24,[  0   0   0   0 184 153  24   0],7,258,945.1400146484375,0,0,Fuel/Ambient,468391797,1740862294
1740862294674095687,24,[  0   0   0   0 184 153  24   0],7,258,945.1400146484375,0,0,Fuel/Ambient,673655964,1740862294
1740862294870528679,24,[  0   0   0   0 184 154  24   0],7,258,945.1599731445312,0,0,Fuel/Ambient,869615823,1740862294
1740862295081363584,24,[  0   0   0   0 184 154  24   0],7,258,945.1599731445312,0,0,Fuel/Ambient,78755388,1740862295
1740862295274571562,24,[  0   0   0   0 184 154  24   0],7,258,945.1599731445312,0,0,Fuel/Ambient,274093470,1740862295
1740862295479908403,24,[  0   0   0   0 184 154  24   0],7,258,945.1599731445312,0,0,Fuel/Ambient,479310467,1740862295
1740862295674931149,24,[  0   0   0   0 184 154  24   0],7,258,945.1599731445312,0,0,Fuel/Ambient,674465089,1740862295
1740862295881569399,24,[  0   0   0   0 184 154  24   0],7,258,945.1599731445312,0,0,Fuel/Ambient,880953479,1740862295
1740862296079609472,24,[  0   0   0   0 184 154  24   0],7,258,945.1599731445312,0,0,Fuel/Ambient,79072786,1740862296
1740862296275477424,24,[  0   0   0   0 184 154  24   0],7,258,945.1599731445312,0,0,Fuel/Ambient,274736029,1740862296
1740862296481601261,24,[  0   0   0   0 184 154  24   0],7,258,945.1599731445312,0,0,Fuel/Ambient,480878074,1740862296
1740862296677427035,25,[  0   0   0   0 184 154  25   0],7,258,945.1599731445312,0,0,Fuel/Ambient,676459938,1740862296
1740862296883021610,25,[  0   0   0   0 184 154  25   0],7,258,945.1599731445312,0,0,Fuel/Ambient,882040336,1740862296
1740862297080913614,25,[  0   0   0   0 184 154  25   0],7,258,945.1599731445312,0,0,Fuel/Ambient,79659534,1740862297
1740862297286167572,25,[  0   0   0   0 184 154  25   0],7,258,945.1599731445312,0,0,Fuel/Ambient,285629094,1740862297
1740862297482069572,25,[  0   0   0   0 184 154  25   0],7,258,945.1599731445312,0,0,Fuel/Ambient,481258703,1740862297
1740862297687398923,25,[  0   0   0   0 184 154  25   0],7,258,945.1599731445312,0,0,Fuel/Ambient,686951039,1740862297
1740862297883126871,25,[  0   0   0   0 184 154  25   0],7,258,945.1599731445312,0,0,Fuel/Ambient,882517703,1740862297
1740862298081532008,25,[  0   0   0   0 184 154  25   0],7,258,945.1599731445312,0,0,Fuel/Ambient,80893815,1740862298
1740862298287627235,25,[  0   0   0   0 184 154  25   0],7,258,945.1599731445312,0,0,Fuel/Ambient,286971410,1740862298
1740862298482904898,25,[  0   0   0   0 184 154  25   0],7,258,945.1599731445312,0,0,Fuel/Ambient,482396533,1740862298
1740862298688585202,25,[  0   0   0   0 184 153  25   0],7,258,945.1400146484375,0,0,Fuel/Ambient,687904960,1740862298
1740862298884333341,25,[  0   0   0   0 184 153  25   0],7,258,945.1400146484375,0,0,Fuel/Ambient,883917650,1740862298
1740862299092159365,25,[  0   0   0   0 184 153  25   0],7,258,945.1400146484375,0,0,Fuel/Ambient,91520789,1740862299
1740862299287736524,25,[  0   0   0   0 184 153  25   0],7,258,945.1400146484375,0,0,Fuel/Ambient,287038394,1740862299
1740862299493334681,25,[  0   0   0   0 184 153  25   0],7,258,945.1400146484375,0,0,Fuel/Ambient,492736201,1740862299
1740862299688882687,25,[  0   0   0   0 184 153  25   0],7,258,945.1400146484375,0,0,Fuel/Ambient,688064425,1740862299
1740862299893792474,25,[  0   0   0   0 184 153  25   0],7,258,945.1400146484375,0,0,Fuel/Ambient,893259948,1740862299
1740862300091499768,25,[  0   0   0   0 184 153  25   0],7,258,945.1400146484375,0,0,Fuel/Ambient,90747172,1740862300
1740862300286773814,25,[  0   0   0   0 184 153  25   0],7,258,945.1400146484375,0,0,Fuel/Ambient,286270857,1740862300
1740862300492157917,25,[  0   0   0   0 184 153  25   0],7,258,945.1400146484375,0,0,Fuel/Ambient,491526797,1740862300
1740862300687694978,25,[  0   0   0   0 184 153  25   0],7,258,945.1400146484375,0,0,Fuel/Ambient,687169237,1740862300
1740862300893182668,25,[  0   0   0   0 184 153  25   0],7,258,945.1400146484375,0,0,Fuel/Ambient,892546683,1740862300
1740862301092589878,25,[  0   0   0   0 184 153  25   0],7,258,945.1400146484375,0,0,Fuel/Ambient,91482041,1740862301
1740862301298142273,25,[  0   0   0   0 184 153  25   0],7,258,945.1400146484375,0,0,Fuel/Ambient,297604435,1740862301
1740862301493890411,25,[  0   0   0   0 184 153  25   0],7,258,945.1400146484375,0,0,Fuel/Ambient,493256763,1740862301
1740862301699842465,25,[  0   0   0   0 184 153  25   0],7,258,945.1400146484375,0,0,Fuel/Ambient,699268306,1740862301
1740862301895877458,25,[  0   0   0   0 184 153  25   0],7,258,945.1400146484375,0,0,Fuel/Ambient,895287907,1740862301
1740862302094312450,25,[  0   0   0   0 184 153  25   0],7,258,945.1400146484375,0,0,Fuel/Ambient,93712499,1740862302
1740862302300151796,24,[  0   0   0   0 184 153  24   0],7,258,945.1400146484375,0,0,Fuel/Ambient,299508227,1740862302
1740862302495770586,24,[  0   0   0   0 184 153  24   0],7,258,945.1400146484375,0,0,Fuel/Ambient,495129066,1740862302
1740862302701211618,24,[  0   0   0   0 184 153  24   0],7,258,945.1400146484375,0,0,Fuel/Ambient,700821208,1740862302
1740862302896852553,24,[  0   0   0   0 184 153  24   0],7,258,945.1400146484375,0,0,Fuel/Ambient,896240441,1740862302
1740862303104867603,24,[  0   0   0   0 184 153  24   0],7,258,945.1400146484375,0,0,Fuel/Ambient,104277892,1740862303
1740862303300347093,24,[  0   0   0   0 184 153  24   0],7,258,945.1400146484375,0,0,Fuel/Ambient,299840104,1740862303
1740862303505637208,24,[  0   0   0   0 184 153  24   0],7,258,945.1400146484375,0,0,Fuel/Ambient,504970119,1740862303
1740862303701426178,24,[  0   0   0   0 184 153  24   0],7,258,945.1400146484375,0,0,Fuel/Ambient,700736464,1740862303
1740862303906563169,24,[  0   0   0   0 184 153  24   0],7,258,945.1400146484375,0,0,Fuel/Ambient,905774733,1740862303
1740862304103744272,24,[  0   0   0   0 184 152  24   0],7,258,945.1199951171875,0,0,Fuel/Ambient,103073310,1740862304
1740862304308741355,24,[  0   0   0   0 184 153  24   0],7,258,945.1400146484375,0,0,Fuel/Ambient,308136475,1740862304
1740862304504503828,24,[  0   0   0   0 184 153  24   0],7,258,945.1400146484375,0,0,Fuel/Ambient,503720447,1740862304
1740862304710076797,24,[  0   0   0   0 184 153  24   0],7,258,945.1400146484375,0,0,Fuel/Ambient,709575728,1740862304
1740862304905542655,24,[  0   0   0   0 184 153  24   0],7,258,945.1400146484375,0,0,Fuel/Ambient,905188949,1740862304
1740862305105572759,24,[  0   0   0   0 184 153  24   0],7,258,945.1400146484375,0,0,Fuel/Ambient,104998920,1740862305
1740862305311427400,24,[  0   0   0   0 184 152  24   0],7,258,945.1199951171875,0,0,Fuel/Ambient,310799799,1740862305
1740862305507436823,24,[  0   0   0   0 184 152  24   0],7,258,945.1199951171875,0,0,Fuel/Ambient,506678307,1740862305
1740862305713061217,24,[  0   0   0   0 184 153  24   0],7,258,945.1400146484375,0,0,Fuel/Ambient,712400528,1740862305
1740862305908811145,24,[  0   0   0   0 184 153  24   0],7,258,945.1400146484375,0,0,Fuel/Ambient,908236986,1740862305
1740862306109700120,24,[  0   0   0   0 184 153  24   0],7,258,945.1400146484375,0,0,Fuel/Ambient,107884456,1740862306
1740862306314455435,24,[  0   0   0   0 184 152  24   0],7,258,945.1199951171875,0,0,Fuel/Ambient,313705336,1740862306
1740862306510912005,24,[  0   0   0   0 184 152  24   0],7,258,945.1199951171875,0,0,Fuel/Ambient,510287829,1740862306
1740862306717627852,24,[  0   0   0   0 184 152  24   0],7,258,945.1199951171875,0,0,Fuel/Ambient,716627698,1740862306
1740862306913478902,24,[  0   0   0   0 184 152  24   0],7,258,945.1199951171875,0,0,Fuel/Ambient,912838214,1740862306
1740862307112169227,24,[  0   0   0   0 184 152  24   0],7,258,945.1199951171875,0,0,Fuel/Ambient,111413815,1740862307
1740862307317985209,24,[  0   0   0   0 184 153  24   0],7,258,945.1400146484375,0,0,Fuel/Ambient,317396714,1740862307
1740862307515094436,24,[  0   0   0   0 184 153  24   0],7,258,945.1400146484375,0,0,Fuel/Ambient,514578967,1740862307
1740862307710887500,24,[  0   0   0   0 184 153  24   0],7,258,945.1400146484375,0,0,Fuel/Ambient,710279196,1740862307
1740862307916787965,24,[  0   0   0   0 184 153  24   0],7,258,945.1400146484375,0,0,Fuel/Ambient,916002441,1740862307
1740862308114527256,24,[  0   0   0   0 184 153  24   0],7,258,945.1400146484375,0,0,Fuel/Ambient,114035083,1740862308
1740862308320384071,23,[  0   0   0   0 184 153  23   0],7,258,945.1400146484375,0,0,Fuel/Ambient,319761975,1740862308
1740862308515684418,23,[  0   0   0   0 184 153  23   0],7,258,945.1400146484375,0,0,Fuel/Ambient,515381850,1740862308
1740862308721236138,23,[  0   0   0   0 184 153  23   0],7,258,945.1400146484375,0,0,Fuel/Ambient,720751677,1740862308
1740862308917161237,23,[  0   0   0   0 184 153  23   0],7,258,945.1400146484375,0,0,Fuel/Ambient,916587750,1740862308
1740862309125348513,23,[  0   0   0   0 184 153  23   0],7,258,945.1400146484375,0,0,Fuel/Ambient,124457321,1740862309
1740862309320872609,23,[  0   0   0   0 184 153  23   0],7,258,945.1400146484375,0,0,Fuel/Ambient,320158670,1740862309
1740862309526238979,23,[  0   0   0   0 184 153  23   0],7,258,945.1400146484375,0,0,Fuel/Ambient,525778711,1740862309
1740862309721669728,24,[  0   0   0   0 184 153  24   0],7,258,945.1400146484375,0,0,Fuel/Ambient,721043024,1740862309
1740862309927737557,24,[  0   0   0   0 184 153  24   0],7,258,945.1400146484375,0,0,Fuel/Ambient,926507349,1740862309
1740862310127544421,24,[  0   0   0   0 184 152  24   0],7,258,945.1199951171875,0,0,Fuel/Ambient,127092633,1740862310
1740862310324013437,24,[  0   0   0   0 184 152  24   0],7,258,945.1199951171875,0,0,Fuel/Ambient,323582098,1740862310
1740862310520514422,24,[  0   0   0   0 184 152  24   0],7,258,945.1199951171875,0,0,Fuel/Ambient,520053514,1740862310
1740862310726735086,24,[  0   0   0   0 184 152  24   0],7,258,945.1199951171875,0,0,Fuel/Ambient,726237857,1740862310
1740862310922411314,24,[  0   0   0   0 184 153  24   0],7,258,945.1400146484375,0,0,Fuel/Ambient,921902213,1740862310
1740862311130633694,24,[  0   0   0   0 184 153  24   0],7,258,945.1400146484375,0,0,Fuel/Ambient,130087343,1740862311
1740862311327029460,24,[  0   0   0   0 184 153  24   0],7,258,945.1400146484375,0,0,Fuel/Ambient,326463045,1740862311
1740862311532827712,24,[  0   0   0   0 184 153  24   0],7,258,945.1400146484375,0,0,Fuel/Ambient,532258065,1740862311
1740862311727832337,24,[  0   0   0   0 184 153  24   0],7,258,945.1400146484375,0,0,Fuel/Ambient,727383782,1740862311
1740862311933796450,24,[  0   0   0   0 184 153  24   0],7,258,945.1400146484375,0,0,Fuel/Ambient,933256084,1740862311
1740862312132862366,24,[  0   0   0   0 184 153  24   0],7,258,945.1400146484375,0,0,Fuel/Ambient,132051784,1740862312
1740862312328186391,24,[  0   0   0   0 184 153  24   0],7,258,945.1400146484375,0,0,Fuel/Ambient,327368994,1740862312
1740862312534165767,24,[  0   0   0   0 184 153  24   0],7,258,945.1400146484375,0,0,Fuel/Ambient,533374067,1740862312
1740862312729613924,24,[  0   0   0   0 184 153  24   0],7,258,945.1400146484375,0,0,Fuel/Ambient,728757614,1740862312
1740862312934667932,24,[  0   0   0   0 184 153  24   0],7,258,945.1400146484375,0,0,Fuel/Ambient,934141199,1740862312
1740862313134143650,24,[  0   0   0   0 184 153  24   0],7,258,945.1400146484375,0,0,Fuel/Ambient,133439344,1740862313
1740862313329959976,24,[  0   0   0   0 184 153  24   0],7,258,945.1400146484375,0,0,Fuel/Ambient,329447259,1740862313
1740862313535851574,24,[  0   0   0   0 184 153  24   0],7,258,945.1400146484375,0,0,Fuel/Ambient,535157123,1740862313
1740862313731693468,24,[  0   0   0   0 184 153  24   0],7,258,945.1400146484375,0,0,Fuel/Ambient,731063660,1740862313
1740862313937674508,24,[  0   0   0   0 184 154  24   0],7,258,945.1599731445312,0,0,Fuel/Ambient,937034043,1740862313
1740862314136384125,24,[  0   0   0   0 184 154  24   0],7,258,945.1599731445312,0,0,Fuel/Ambient,135956626,1740862314
1740862314342191848,24,[  0   0   0   0 184 154  24   0],7,258,945.1599731445312,0,0,Fuel/Ambient,341664314,1740862314
1740862314537449151,24,[  0   0   0   0 184 154  24   0],7,258,945.1599731445312,0,0,Fuel/Ambient,536878768,1740862314
1740862314742944450,24,[  0   0   0   0 184 154  24   0],7,258,945.1599731445312,0,0,Fuel/Ambient,742434484,1740862314
1740862314939449785,24,[  0   0   0   0 184 154  24   0],7,258,945.1599731445312,0,0,Fuel/Ambient,938990957,1740862314
1740862315136757189,24,[  0   0   0   0 184 153  24   0],7,258,945.1400146484375,0,0,Fuel/Ambient,136303769,1740862315
1740862315342627025,24,[  0   0   0   0 184 153  24   0],7,258,945.1400146484375,0,0,Fuel/Ambient,342058530,1740862315
1740862315538296114,24,[  0   0   0   0 184 153  24   0],7,258,945.1400146484375,0,0,Fuel/Ambient,537704227,1740862315
1740862315744065916,24,[  0   0   0   0 184 153  24   0],7,258,945.1400146484375,0,0,Fuel/Ambient,743489100,1740862315
1740862315940030308,24,[  0   0   0   0 184 153  24   0],7,258,945.1400146484375,0,0,Fuel/Ambient,939398932,1740862315
1740862316148794364,24,[  0   0   0   0 184 153  24   0],7,258,945.1400146484375,0,0,Fuel/Ambient,147976710,1740862316
1740862316345211504,24,[  0   0   0   0 184 153  24   0],7,258,945.1400146484375,0,0,Fuel/Ambient,344563935,1740862316
1740862316541928524,24,[  0   0   0   0 184 153  24   0],7,258,945.1400146484375,0,0,Fuel/Ambient,540515655,1740862316
1740862316747831544,24,[  0   0   0   0 184 153  24   0],7,258,945.1400146484375,0,0,Fuel/Ambient,747227528,1740862316
1740862316944006342,24,[  0   0   0   0 184 153  24   0],7,258,945.1400146484375,0,0,Fuel/Ambient,943112142,1740862316
1740862317151890502,24,[  0   0   0   0 184 153  24   0],7,258,945.1400146484375,0,0,Fuel/Ambient,151430170,1740862317
1740862317348011346,24,[  0   0   0   0 184 154  24   0],7,258,945.1599731445312,0,0,Fuel/Ambient,347317055,1740862317
1740862317543644945,24,[  0   0   0   0 184 154  24   0],7,258,945.1599731445312,0,0,Fuel/Ambient,542968383,1740862317
1740862317749460058,24,[  0   0   0   0 184 153  24   0],7,258,945.1400146484375,0,0,Fuel/Ambient,748825066,1740862317
1740862317947835809,24,[  0   0   0   0 184 153  24   0],7,258,945.1400146484375,0,0,Fuel/Ambient,945098489,1740862317
1740862318153298273,24,[  0   0   0   0 184 154  24   0],7,258,945.1599731445312,0,0,Fuel/Ambient,152737202,1740862318
1740862318349397804,24,[  0   0   0   0 184 154  24   0],7,258,945.1599731445312,0,0,Fuel/Ambient,348741243,1740862318
1740862318554864460,24,[  0   0   0   0 184 154  24   0],7,258,945.1599731445312,0,0,Fuel/Ambient,554232667,1740862318
1740862318751079002,24,[  0   0   0   0 184 154  24   0],7,258,945.1599731445312,0,0,Fuel/Ambient,750714416,1740862318
1740862318956704990,24,[  0   0   0   0 184 154  24   0],7,258,945.1599731445312,0,0,Fuel/Ambient,956271602,1740862318
1740862319155320554,24,[  0   0   0   0 184 154  24   0],7,258,945.1599731445312,0,0,Fuel/Ambient,154768699,1740862319
1740862319351050027,24,[  0   0   0   0 184 154  24   0],7,258,945.1599731445312,0,0,Fuel/Ambient,350342680,1740862319
1740862319556133472,24,[  0   0   0   0 184 154  24   0],7,258,945.1599731445312,0,0,Fuel/Ambient,555546897,1740862319
1740862319751356019,24,[  0   0   0   0 184 154  24   0],7,258,945.1599731445312,0,0,Fuel/Ambient,750980490,1740862319
1740862319956782994,24,[  0   0   0   0 184 154  24   0],7,258,945.1599731445312,0,0,Fuel/Ambient,956054271,1740862319
1740862320154818126,24,[  0   0   0   0 184 154  24   0],7,258,945.1599731445312,0,0,Fuel/Ambient,154323617,1740862320
1740862320360721017,24,[  0   0   0   0 184 154  24   0],7,258,945.1599731445312,0,0,Fuel/Ambient,359828577,1740862320
1740862320556537499,24,[  0   0   0   0 184 155  24   0],7,258,945.1799926757812,0,0,Fuel/Ambient,556012749,1740862320
1740862320762326434,24,[  0   0   0   0 184 155  24   0],7,258,945.1799926757812,0,0,Fuel/Ambient,761577295,1740862320
1740862320957372945,24,[  0   0   0   0 184 155  24   0],7,258,945.1799926757812,0,0,Fuel/Ambient,957001703,1740862320
1740862321155947099,24,[  0   0   0   0 184 155  24   0],7,258,945.1799926757812,0,0,Fuel/Ambient,155321387,1740862321
1740862321361659968,24,[  0   0   0   0 184 156  24   0],7,258,945.2000122070312,0,0,Fuel/Ambient,360992462,1740862321
1740862321557628166,24,[  0   0   0   0 184 156  24   0],7,258,945.2000122070312,0,0,Fuel/Ambient,556923475,1740862321
1740862321762865950,24,[  0   0   0   0 184 156  24   0],7,258,945.2000122070312,0,0,Fuel/Ambient,762281135,1740862321
1740862321958967496,24,[  0   0   0   0 184 156  24   0],7,258,945.2000122070312,0,0,Fuel/Ambient,958178547,1740862321
1740862322167291344,24,[  0   0   0   0 184 156  24   0],7,258,945.2000122070312,0,0,Fuel/Ambient,166422970,1740862322
1740862322362726504,24,[  0   0   0   0 184 156  24   0],7,258,945.2000122070312,0,0,Fuel/Ambient,361989204,1740862322
1740862322568473325,24,[  0   0   0   0 184 156  24   0],7,258,945.2000122070312,0,0,Fuel/Ambient,567766266,1740862322
1740862322764477683,24,[  0   0   0   0 184 156  24   0],7,258,945.2000122070312,0,0,Fuel/Ambient,763820450,1740862322
1740862322970086837,24,[  0   0   0   0 184 156  24   0],7,258,945.2000122070312,0,0,Fuel/Ambient,969401827,1740862322
1740862323169310799,24,[  0   0   0   0 184 156  24   0],7,258,945.2000122070312,0,0,Fuel/Ambient,168526491,1740862323
1740862323365350998,24,[  0   0   0   0 184 156  24   0],7,258,945.2000122070312,0,0,Fuel/Ambient,364849993,1740862323
1740862323570997432,24,[  0   0   0   0 184 156  24   0],7,258,945.2000122070312,0,0,Fuel/Ambient,570314598,1740862323
1740862323766453808,24,[  0   0   0   0 184 156  24   0],7,258,945.2000122070312,0,0,Fuel/Ambient,765720477,1740862323
1740862323971854379,24,[  0   0   0   0 184 156  24   0],7,258,945.2000122070312,0,0,Fuel/Ambient,971189946,1740862323
1740862324169527901,24,[  0   0   0   0 184 156  24   0],7,258,945.2000122070312,0,0,Fuel/Ambient,168933677,1740862324
1740862324375056987,24,[  0   0   0   0 184 156  24   0],7,258,945.2000122070312,0,0,Fuel/Ambient,374425355,1740862324
1740862324570592500,24,[  0   0   0   0 184 156  24   0],7,258,945.2000122070312,0,0,Fuel/Ambient,569943523,1740862324
1740862324777080844,24,[  0   0   0   0 184 156  24   0],7,258,945.2000122070312,0,0,Fuel/Ambient,776087282,1740862324
1740862324972570404,24,[  0   0   0   0 184 156  24   0],7,258,945.2000122070312,0,0,Fuel/Ambient,972035606,1740862324
1740862325170963783,24,[  0   0   0   0 184 156  24   0],7,258,945.2000122070312,0,0,Fuel/Ambient,170533660,1740862325
1740862325377113110,24,[  0   0   0   0 184 156  24   0],7,258,945.2000122070312,0,0,Fuel/Ambient,376267903,1740862325
1740862325572686223,24,[  0   0   0   0 184 156  24   0],7,258,945.2000122070312,0,0,Fuel/Ambient,572102176,1740862325
1740862325778586103,24,[  0   0   0   0 184 156  24   0],7,258,945.2000122070312,0,0,Fuel/Ambient,777918533,1740862325
1740862325975186667,24,[  0   0   0   0 184 156  24   0],7,258,945.2000122070312,0,0,Fuel/Ambient,974709279,1740862325
1740862326171996453,24,[  0   0   0   0 184 156  24   0],7,258,945.2000122070312,0,0,Fuel/Ambient,171537817,1740862326
1740862326377079063,24,[  0   0   0   0 184 157  24   0],7,258,945.219970703125,0,0,Fuel/Ambient,376593866,1740862326
1740862326582126792,24,[  0   0   0   0 184 157  24   0],7,258,945.219970703125,0,0,Fuel/Ambient,581682780,1740862326
1740862326777646368,24,[  0   0   0   0 184 157  24   0],7,258,945.219970703125,0,0,Fuel/Ambient,776987534,1740862326
1740862326983335713,24,[  0   0   0   0 184 157  24   0],7,258,945.219970703125,0,0,Fuel/Ambient,982728113,1740862326
1740862327181343898,24,[  0   0   0   0 184 157  24   0],7,258,945.219970703125,0,0,Fuel/Ambient,180484035,1740862327
1740862327377221402,24,[  0   0   0   0 184 157  24   0],7,258,945.219970703125,0,0,Fuel/Ambient,376618795,1740862327
1740862327582616212,24,[  0   0   0   0 184 157  24   0],7,258,945.219970703125,0,0,Fuel/Ambient,582260395,1740862327
1740862327778333232,24,[  0   0   0   0 184 157  24   0],7,258,945.219970703125,0,0,Fuel/Ambient,777755297,1740862327
1740862327984787430,24,[  0   0   0   0 184 157  24   0],7,258,945.219970703125,0,0,Fuel/Ambient,984248183,1740862327
1740862328183653812,24,[  0   0   0   0 184 157  24   0],7,258,945.219970703125,0,0,Fuel/Ambient,182343058,1740862328
1740862328388453757,24,[  0   0   0   0 184 157  24   0],7,258,945.219970703125,0,0,Fuel/Ambient,387665481,1740862328
1740862328583503080,24,[  0   0   0   0 184 157  24   0],7,258,945.219970703125,0,0,Fuel/Ambient,583013403,1740862328
1740862328788398260,24,[  0   0   0   0 184 157  24   0],7,258,945.219970703125,0,0,Fuel/Ambient,787906631,1740862328
1740862328983681349,24,[  0   0   0   0 184 157  24   0],7,258,945.219970703125,0,0,Fuel/Ambient,983148631,1740862328
1740862329191887943,24,[  0   0   0   0 184 157  24   0],7,258,945.219970703125,0,0,Fuel/Ambient,191353657,1740862329
1740862329387877929,24,[  0   0   0   0 184 156  24   0],7,258,945.2000122070312,0,0,Fuel/Ambient,387208248,1740862329
1740862329583285821,24,[  0   0   0   0 184 156  24   0],7,258,945.2000122070312,0,0,Fuel/Ambient,582862162,1740862329
1740862329788611987,24,[  0   0   0   0 184 156  24   0],7,258,945.2000122070312,0,0,Fuel/Ambient,788301131,1740862329
1740862329984490899,24,[  0   0   0   0 184 156  24   0],7,258,945.2000122070312,0,0,Fuel/Ambient,984122250,1740862329
1740862330194044920,24,[  0   0   0   0 184 156  24   0],7,258,945.2000122070312,0,0,Fuel/Ambient,193437448,1740862330
1740862330390238207,24,[  0   0   0   0 184 156  24   0],7,258,945.2000122070312,0,0,Fuel/Ambient,389679473,1740862330
1740862330595913631,24,[  0   0   0   0 184 156  24   0],7,258,945.2000122070312,0,0,Fuel/Ambient,595186604,1740862330
1740862330791515063,24,[  0   0   0   0 184 155  24   0],7,258,945.1799926757812,0,0,Fuel/Ambient,790876294,1740862330
1740862330997626786,24,[  0   0   0   0 184 155  24   0],7,258,945.1799926757812,0,0,Fuel/Ambient,997046386,1740862330
1740862331196085796,24,[  0   0   0   0 184 155  24   0],7,258,945.1799926757812,0,0,Fuel/Ambient,195383378,1740862331
1740862331391444565,24,[  0   0   0   0 184 155  24   0],7,258,945.1799926757812,0,0,Fuel/Ambient,390854406,1740862331
1740862331597365946,24,[  0   0   0   0 184 155  24   0],7,258,945.1799926757812,0,0,Fuel/Ambient,596734090,1740862331
1740862331792948049,24,[  0   0   0   0 184 155  24   0],7,258,945.1799926757812,0,0,Fuel/Ambient,792415299,1740862331
1740862331999833328,24,[  0   0   0   0 184 155  24   0],7,258,945.1799926757812,0,0,Fuel/Ambient,999066204,1740862331
1740862332198462678,24,[  0   0   0   0 184 155  24   0],7,258,945.1799926757812,0,0,Fuel/Ambient,197622720,1740862332
1740862332394240850,24,[  0   0   0   0 184 155  24   0],7,258,945.1799926757812,0,0,Fuel/Ambient,393491006,1740862332
1740862332599845358,24,[  0   0   0   0 184 154  24   0],7,258,945.1599731445312,0,0,Fuel/Ambient,599423619,1740862332
1740862332794962393,24,[  0   0   0   0 184 154  24   0],7,258,945.1599731445312,0,0,Fuel/Ambient,794378697,1740862332
1740862333001511534,24,[  0   0   0   0 184 154  24   0],7,258,945.1599731445312,0,0,Fuel/Ambient,513844,1740862333
1740862333200854502,24,[  0   0   0   0 184 153  24   0],7,258,945.1400146484375,0,0,Fuel/Ambient,198615372,1740862333
1740862333404420109,24,[  0   0   0   0 184 153  24   0],7,258,945.1400146484375,0,0,Fuel/Ambient,403928000,1740862333
1740862333600307467,24,[  0   0   0   0 184 153  24   0],7,258,945.1400146484375,0,0,Fuel/Ambient,599644058,1740862333
1740862333805807012,24,[  0   0   0   0 184 153  24   0],7,258,945.1400146484375,0,0,Fuel/Ambient,805311575,1740862333
1740862334002587194,24,[  0   0   0   0 184 153  24   0],7,258,945.1400146484375,0,0,Fuel/Ambient,1815014,1740862334
1740862334201002905,24,[  0   0   0   0 184 153  24   0],7,258,945.1400146484375,0,0,Fuel/Ambient,199234027,1740862334
1740862334404717732,24,[  0   0   0   0 184 153  24   0],7,258,945.1400146484375,0,0,Fuel/Ambient,404278936,1740862334
1740862334600017490,24,[  0   0   0   0 184 153  24   0],7,258,945.1400146484375,0,0,Fuel/Ambient,599575430,1740862334
1740862334805819315,24,[  0   0   0   0 184 152  24   0],7,258,945.1199951171875,0,0,Fuel/Ambient,805309733,1740862334
1740862335001261061,24,[  0   0   0   0 184 152  24   0],7,258,945.1199951171875,0,0,Fuel/Ambient,726135,1740862335
1740862335208556780,24,[  0   0   0   0 184 152  24   0],7,258,945.1199951171875,0,0,Fuel/Ambient,208208771,1740862335
1740862335404478730,24,[  0   0   0   0 184 152  24   0],7,258,945.1199951171875,0,0,Fuel/Ambient,403944860,1740862335
1740862335610595250,24,[  0   0   0   0 184 152  24   0],7,258,945.1199951171875,0,0,Fuel/Ambient,609787197,1740862335
1740862335806695765,24,[  0   0   0   0 184 151  24   0],7,258,945.0999755859375,0,0,Fuel/Ambient,805971682,1740862335
1740862336012526166,24,[  0   0   0   0 184 151  24   0],7,258,945.0999755859375,0,0,Fuel/Ambient,11823651,1740862336
1740862336211165818,24,[  0   0   0   0 184 151  24   0],7,258,945.0999755859375,0,0,Fuel/Ambient,210450344,1740862336
1740862336406961621,24,[  0   0   0   0 184 151  24   0],7,258,945.0999755859375,0,0,Fuel/Ambient,406149663,1740862336
1740862336614151449,24,[  0   0   0   0 184 151  24   0],7,258,945.0999755859375,0,0,Fuel/Ambient,612279560,1740862336
1740862336809222976,24,[  0   0   0   0 184 151  24   0],7,258,945.0999755859375,0,0,Fuel/Ambient,808496301,1740862336
1740862337014696727,24,[  0   0   0   0 184 151  24   0],7,258,945.0999755859375,0,0,Fuel/Ambient,13900706,1740862337
1740862337213344507,24,[  0   0   0   0 184 151  24   0],7,258,945.0999755859375,0,0,Fuel/Ambient,212582439,1740862337
1740862337409056307,24,[  0   0   0   0 184 151  24   0],7,258,945.0999755859375,0,0,Fuel/Ambient,408455043,1740862337
1740862337615572037,24,[  0   0   0   0 184 151  24   0],7,258,945.0999755859375,0,0,Fuel/Ambient,614847762,1740862337
1740862337810876306,24,[  0   0   0   0 184 151  24   0],7,258,945.0999755859375,0,0,Fuel/Ambient,810283266,1740862337
1740862338017132765,24,[  0   0   0   0 184 151  24   0],7,258,945.0999755859375,0,0,Fuel/Ambient,16317191,1740862338
1740862338215845570,24,[  0   0   0   0 184 151  24   0],7,258,945.0999755859375,0,0,Fuel/Ambient,214575553,1740862338
1740862338420310494,24,[  0   0   0   0 184 151  24   0],7,258,945.0999755859375,0,0,Fuel/Ambient,419914324,1740862338
1740862338615890386,24,[  0   0   0   0 184 151  24   0],7,258,945.0999755859375,0,0,Fuel/Ambient,615163327,1740862338
1740862338821270437,24,[  0   0   0   0 184 151  24   0],7,258,945.0999755859375,0,0,Fuel/Ambient,820570579,1740862338
1740862339017016318,24,[  0   0   0   0 184 151  24   0],7,258,945.0999755859375,0,0,Fuel/Ambient,16535857,1740862339
1740862339215650817,24,[  0   0   0   0 184 152  24   0],7,258,945.1199951171875,0,0,Fuel/Ambient,215135283,1740862339
1740862339421280666,24,[  0   0   0   0 184 152  24   0],7,258,945.1199951171875,0,0,Fuel/Ambient,420319329,1740862339
1740862339616305855,24,[  0   0   0   0 184 152  24   0],7,258,945.1199951171875,0,0,Fuel/Ambient,615894196,1740862339
1740862339821781173,24,[  0   0   0   0 184 151  24   0],7,258,945.0999755859375,0,0,Fuel/Ambient,821157220,1740862339
1740862340017374728,24,[  0   0   0   0 184 151  24   0],7,258,945.0999755859375,0,0,Fuel/Ambient,16835994,1740862340
1740862340225742025,24,[  0   0   0   0 184 151  24   0],7,258,945.0999755859375,0,0,Fuel/Ambient,225041207,1740862340
1740862340421085878,24,[  0   0   0   0 184 150  24   0],7,258,945.0800170898438,0,0,Fuel/Ambient,420583496,1740862340
1740862340627111033,24,[  0   0   0   0 184 150  24   0],7,258,945.0800170898438,0,0,Fuel/Ambient,626200353,1740862340
1740862340824146834,24,[  0   0   0   0 184 150  24   0],7,258,945.0800170898438,0,0,Fuel/Ambient,823011508,1740862340
1740862341030491678,24,[  0   0   0   0 184 150  24   0],7,258,945.0800170898438,0,0,Fuel/Ambient,29741322,1740862341
1740862341228463311,24,[  0   0   0   0 184 150  24   0],7,258,945.0800170898438,0,0,Fuel/Ambient,227748092,1740862341
1740862341423951102,24,[  0   0   0   0 184 150  24   0],7,258,945.0800170898438,0,0,Fuel/Ambient,423462194,1740862341
1740862341630111013,24,[  0   0   0   0 184 149  24   0],7,258,945.0599975585938,0,0,Fuel/Ambient,629387698,1740862341
1740862341826296839,24,[  0   0   0   0 184 149  24   0],7,258,945.0599975585938,0,0,Fuel/Ambient,825860924,1740862341
1740862342031446835,24,[  0   0   0   0 184 150  24   0],7,258,945.0800170898438,0,0,Fuel/Ambient,30947238,1740862342
1740862342227606068,23,[  0   0   0   0 184 150  23   0],7,258,945.0800170898438,0,0,Fuel/Ambient,227116199,1740862342
1740862342432208626,23,[  0   0   0   0 184 150  23   0],7,258,945.0800170898438,0,0,Fuel/Ambient,431468734,1740862342
1740862342628775773,23,[  0   0   0   0 184 150  23   0],7,258,945.0800170898438,0,0,Fuel/Ambient,627770883,1740862342
1740862342833977354,23,[  0   0   0   0 184 150  23   0],7,258,945.0800170898438,0,0,Fuel/Ambient,833492510,1740862342
1740862343029504795,23,[  0   0   0   0 184 150  23   0],7,258,945.0800170898438,0,0,Fuel/Ambient,28778248,1740862343
1740862343237848674,23,[  0   0   0   0 184 150  23   0],7,258,945.0800170898438,0,0,Fuel/Ambient,237058090,1740862343
1740862343433076853,23,[  0   0   0   0 184 150  23   0],7,258,945.0800170898438,0,0,Fuel/Ambient,432556390,1740862343
1740862343638590880,23,[  0   0   0   0 184 150  23   0],7,258,945.0800170898438,0,0,Fuel/Ambient,638083537,1740862343
1740862343834482183,23,[  0   0   0   0 184 150  23   0],7,258,945.0800170898438,0,0,Fuel/Ambient,834020793,1740862343
1740862344040163091,23,[  0   0   0   0 184 150  23   0],7,258,945.0800170898438,0,0,Fuel/Ambient,39620983,1740862344
1740862344239517364,23,[  0   0   0   0 184 150  23   0],7,258,945.0800170898438,0,0,Fuel/Ambient,238760013,1740862344
1740862344435644752,23,[  0   0   0   0 184 150  23   0],7,258,945.0800170898438,0,0,Fuel/Ambient,435063506,1740862344
1740862344640730934,23,[  0   0   0   0 184 150  23   0],7,258,945.0800170898438,0,0,Fuel/Ambient,640238749,1740862344
1740862344835929763,23,[  0   0   0   0 184 149  23   0],7,258,945.0599975585938,0,0,Fuel/Ambient,835454346,1740862344
1740862345041921814,23,[  0   0   0   0 184 149  23   0],7,258,945.0599975585938,0,0,Fuel/Ambient,41274549,1740862345
1740862345241664130,23,[  0   0   0   0 184 149  23   0],7,258,945.0599975585938,0,0,Fuel/Ambient,240431715,1740862345
1740862345437674896,23,[  0   0   0   0 184 149  23   0],7,258,945.0599975585938,0,0,Fuel/Ambient,437281692,1740862345
1740862345644045039,23,[  0   0   0   0 184 149  23   0],7,258,945.0599975585938,0,0,Fuel/Ambient,643346731,1740862345
1740862345839311287,23,[  0   0   0   0 184 149  23   0],7,258,945.0599975585938,0,0,Fuel/Ambient,838863328,1740862345
1740862346045902047,23,[  0   0   0   0 184 149  23   0],7,258,945.0599975585938,0,0,Fuel/Ambient,44828297,1740862346
1740862346245034084,23,[  0   0   0   0 184 149  23   0],7,258,945.0599975585938,0,0,Fuel/Ambient,243933132,1740862346
1740862346440622835,23,[  0   0   0   0 184 149  23   0],7,258,945.0599975585938,0,0,Fuel/Ambient,439525851,1740862346
1740862346646569748,23,[  0   0   0   0 184 150  23   0],7,258,945.0800170898438,0,0,Fuel/Ambient,645806349,1740862346
1740862346842148195,23,[  0   0   0   0 184 150  23   0],7,258,945.0800170898438,0,0,Fuel/Ambient,841495138,1740862346
1740862347049039442,23,[  0   0   0   0 184 151  23   0],7,258,945.0999755859375,0,0,Fuel/Ambient,48152677,1740862347
1740862347248235250,23,[  0   0   0   0 184 151  23   0],7,258,945.0999755859375,0,0,Fuel/Ambient,246124326,1740862347
1740862347442914826,23,[  0   0   0   0 184 151  23   0],7,258,945.0999755859375,0,0,Fuel/Ambient,442308395,1740862347
1740862347648925925,23,[  0   0   0   0 184 151  23   0],7,258,945.0999755859375,0,0,Fuel/Ambient,648214529,1740862347
1740862347844609201,23,[  0   0   0   0 184 151  23   0],7,258,945.0999755859375,0,0,Fuel/Ambient,843595357,1740862347
1740862348049894597,23,[  0   0   0   0 184 151  23   0],7,258,945.0999755859375,0,0,Fuel/Ambient,49117758,1740862348
1740862348248390872,23,[  0   0   0   0 184 151  23   0],7,258,945.0999755859375,0,0,Fuel/Ambient,247808571,1740862348
1740862348454819584,23,[  0   0   0   0 184 151  23   0],7,258,945.0999755859375,0,0,Fuel/Ambient,454167455,1740862348
1740862348650770897,22,[  0   0   0   0 184 150  22   0],7,258,945.0800170898438,0,0,Fuel/Ambient,650251127,1740862348
1740862348856013564,22,[  0   0   0   0 184 150  22   0],7,258,945.0800170898438,0,0,Fuel/Ambient,855644138,1740862348
1740862349051273832,22,[  0   0   0   0 184 150  22   0],7,258,945.0800170898438,0,0,Fuel/Ambient,50867891,1740862349
1740862349249681102,22,[  0   0   0   0 184 150  22   0],7,258,945.0800170898438,0,0,Fuel/Ambient,248737822,1740862349
1740862349455038262,22,[  0   0   0   0 184 150  22   0],7,258,945.0800170898438,0,0,Fuel/Ambient,454635810,1740862349
1740862349650328701,22,[  0   0   0   0 184 150  22   0],7,258,945.0800170898438,0,0,Fuel/Ambient,649926153,1740862349
1740862349856139837,22,[  0   0   0   0 184 150  22   0],7,258,945.0800170898438,0,0,Fuel/Ambient,855713319,1740862349
1740862350052191304,22,[  0   0   0   0 184 150  22   0],7,258,945.0800170898438,0,0,Fuel/Ambient,51624843,1740862350
1740862350259963747,22,[  0   0   0   0 184 150  22   0],7,258,945.0800170898438,0,0,Fuel/Ambient,259049364,1740862350
1740862350454709605,22,[  0   0   0   0 184 150  22   0],7,258,945.0800170898438,0,0,Fuel/Ambient,454363700,1740862350
1740862350661073976,22,[  0   0   0   0 184 150  22   0],7,258,945.0800170898438,0,0,Fuel/Ambient,660231597,1740862350
1740862350856516927,22,[  0   0   0   0 184 150  22   0],7,258,945.0800170898438,0,0,Fuel/Ambient,856043942,1740862350
1740862351063311589,22,[  0   0   0   0 184 151  22   0],7,258,945.0999755859375,0,0,Fuel/Ambient,62187275,1740862351
1740862351261539120,22,[  0   0   0   0 184 151  22   0],7,258,945.0999755859375,0,0,Fuel/Ambient,261042455,1740862351
1740862351458918481,22,[  0   0   0   0 184 151  22   0],7,258,945.0999755859375,0,0,Fuel/Ambient,458016643,1740862351
1740862351665216056,22,[  0   0   0   0 184 151  22   0],7,258,945.0999755859375,0,0,Fuel/Ambient,664389933,1740862351
1740862351860911522,22,[  0   0   0   0 184 151  22   0],7,258,945.0999755859375,0,0,Fuel/Ambient,860353734,1740862351
1740862352067291050,22,[  0   0   0   0 184 151  22   0],7,258,945.0999755859375,0,0,Fuel/Ambient,66851412,1740862352
1740862352265192893,22,[  0   0   0   0 184 151  22   0],7,258,945.0999755859375,0,0,Fuel/Ambient,264703940,1740862352
1740862352461379064,22,[  0   0   0   0 184 151  22   0],7,258,945.0999755859375,0,0,Fuel/Ambient,460545742,1740862352
1740862352667406120,22,[  0   0   0   0 184 151  22   0],7,258,945.0999755859375,0,0,Fuel/Ambient,666762632,1740862352
1740862352863123404,22,[  0   0   0   0 184 152  22   0],7,258,945.1199951171875,0,0,Fuel/Ambient,862327460,1740862352
1740862353068676673,22,[  0   0   0   0 184 152  22   0],7,258,945.1199951171875,0,0,Fuel/Ambient,67961469,1740862353
1740862353267121735,22,[  0   0   0   0 184 152  22   0],7,258,945.1199951171875,0,0,Fuel/Ambient,266554282,1740862353
1740862353463209973,22,[  0   0   0   0 184 152  22   0],7,258,945.1199951171875,0,0,Fuel/Ambient,462374123,1740862353
1740862353669507146,22,[  0   0   0   0 184 152  22   0],7,258,945.1199951171875,0,0,Fuel/Ambient,668765092,1740862353
1740862353864399995,22,[  0   0   0   0 184 153  22   0],7,258,945.1400146484375,0,0,Fuel/Ambient,863762875,1740862353
1740862354070531877,22,[  0   0   0   0 184 153  22   0],7,258,945.1400146484375,0,0,Fuel/Ambient,69706651,1740862354
1740862354269407576,22,[  0   0   0   0 184 153  22   0],7,258,945.1400146484375,0,0,Fuel/Ambient,268710549,1740862354
1740862354475265230,22,[  0   0   0   0 184 153  22   0],7,258,945.1400146484375,0,0,Fuel/Ambient,474701233,1740862354
1740862354670969728,22,[  0   0   0   0 184 154  22   0],7,258,945.1599731445312,0,0,Fuel/Ambient,670278237,1740862354
1740862354876581290,22,[  0   0   0   0 184 154  22   0],7,258,945.1599731445312,0,0,Fuel/Ambient,876019213,1740862354
1740862355072535206,22,[  0   0   0   0 184 154  22   0],7,258,945.1599731445312,0,0,Fuel/Ambient,71910694,1740862355
1740862355269914725,22,[  0   0   0   0 184 154  22   0],7,258,945.1599731445312,0,0,Fuel/Ambient,269344904,1740862355
1740862355475641227,22,[  0   0   0   0 184 154  22   0],7,258,945.1599731445312,0,0,Fuel/Ambient,474707132,1740862355
1740862355671222959,22,[  0   0   0   0 184 154  22   0],7,258,945.1599731445312,0,0,Fuel/Ambient,670666611,1740862355
1740862355877600662,22,[  0   0   0   0 184 153  22   0],7,258,945.1400146484375,0,0,Fuel/Ambient,877107517,1740862355
1740862356073769909,22,[  0   0   0   0 184 153  22   0],7,258,945.1400146484375,0,0,Fuel/Ambient,73197240,1740862356
1740862356272353609,22,[  0   0   0   0 184 153  22   0],7,258,945.1400146484375,0,0,Fuel/Ambient,271881841,1740862356
1740862356478627490,22,[  0   0   0   0 184 153  22   0],7,258,945.1400146484375,0,0,Fuel/Ambient,477819225,1740862356
1740862356674326948,22,[  0   0   0   0 184 153  22   0],7,258,945.1400146484375,0,0,Fuel/Ambient,673427158,1740862356
1740862356879134611,22,[  0   0   0   0 184 153  22   0],7,258,945.1400146484375,0,0,Fuel/Ambient,878598135,1740862356
1740862357075055772,22,[  0   0   0   0 184 153  22   0],7,258,945.1400146484375,0,0,Fuel/Ambient,74301078,1740862357
1740862357282612782,22,[  0   0   0   0 184 153  22   0],7,258,945.1400146484375,0,0,Fuel/Ambient,281968206,1740862357
1740862357478016856,22,[  0   0   0   0 184 153  22   0],7,258,945.1400146484375,0,0,Fuel/Ambient,477319317,1740862357
1740862357683505345,22,[  0   0   0   0 184 153  22   0],7,258,945.1400146484375,0,0,Fuel/Ambient,682833791,1740862357
1740862357878591707,22,[  0   0   0   0 184 152  22   0],7,258,945.1199951171875,0,0,Fuel/Ambient,878204168,1740862357
1740862358083439873,22,[  0   0   0   0 184 153  22   0],7,258,945.1400146484375,0,0,Fuel/Ambient,83006603,1740862358
1740862358282540606,22,[  0   0   0   0 184 153  22   0],7,258,945.1400146484375,0,0,Fuel/Ambient,279421760,1740862358
1740862358484904576,22,[  0   0   0   0 184 153  22   0],7,258,945.1400146484375,0,0,Fuel/Ambient,484230046,1740862358
1740862358680690965,22,[  0   0   0   0 184 152  22   0],7,258,945.1199951171875,0,0,Fuel/Ambient,679985106,1740862358
1740862358886515495,22,[  0   0   0   0 184 152  22   0],7,258,945.1199951171875,0,0,Fuel/Ambient,885870822,1740862358
1740862359082118511,22,[  0   0   0   0 184 152  22   0],7,258,945.1199951171875,0,0,Fuel/Ambient,81362537,1740862359
1740862359290283662,22,[  0   0   0   0 184 152  22   0],7,258,945.1199951171875,0,0,Fuel/Ambient,289784021,1740862359
1740862359486355178,22,[  0   0   0   0 184 152  22   0],7,258,945.1199951171875,0,0,Fuel/Ambient,485580323,1740862359
1740862359691546131,22,[  0   0   0   0 184 152  22   0],7,258,945.1199951171875,0,0,Fuel/Ambient,691080059,1740862359
1740862359887149142,22,[  0   0   0   0 184 152  22   0],7,258,945.1199951171875,0,0,Fuel/Ambient,886467540,1740862359
1740862360093405329,22,[  0   0   0   0 184 152  22   0],7,258,945.1199951171875,0,0,Fuel/Ambient,92554918,1740862360
1740862360292320660,22,[  0   0   0   0 184 151  22   0],7,258,945.0999755859375,0,0,Fuel/Ambient,290997297,1740862360
1740862360487423318,22,[  0   0   0   0 184 151  22   0],7,258,945.0999755859375,0,0,Fuel/Ambient,486949694,1740862360
1740862360693426559,22,[  0   0   0   0 184 151  22   0],7,258,945.0999755859375,0,0,Fuel/Ambient,692746269,1740862360
1740862360888635431,22,[  0   0   0   0 184 151  22   0],7,258,945.0999755859375,0,0,Fuel/Ambient,888106892,1740862360
1740862361096227164,22,[  0   0   0   0 184 151  22   0],7,258,945.0999755859375,0,0,Fuel/Ambient,94793684,1740862361
1740862361292888005,22,[  0   0   0   0 184 151  22   0],7,258,945.0999755859375,0,0,Fuel/Ambient,292483121,1740862361
1740862361497958519,22,[  0   0   0   0 184 151  22   0],7,258,945.0999755859375,0,0,Fuel/Ambient,496923682,1740862361
1740862361694787880,22,[  0   0   0   0 184 151  22   0],7,258,945.0999755859375,0,0,Fuel/Ambient,693388577,1740862361
1740862361900427606,22,[  0   0   0   0 184 151  22   0],7,258,945.0999755859375,0,0,Fuel/Ambient,899717298,1740862361
1740862362096592930,22,[  0   0   0   0 184 151  22   0],7,258,945.0999755859375,0,0,Fuel/Ambient,95462089,1740862362
1740862362294176209,22,[  0   0   0   0 184 151  22   0],7,258,945.0999755859375,0,0,Fuel/Ambient,293391113,1740862362
1740862362499714033,22,[  0   0   0   0 184 151  22   0],7,258,945.0999755859375,0,0,Fuel/Ambient,499334206,1740862362
1740862362695673678,22,[  0   0   0   0 184 151  22   0],7,258,945.0999755859375,0,0,Fuel/Ambient,695037294,1740862362
1740862362901798252,22,[  0   0   0   0 184 151  22   0],7,258,945.0999755859375,0,0,Fuel/Ambient,901184109,1740862362
1740862363097179336,22,[  0   0   0   0 184 152  22   0],7,258,945.1199951171875,0,0,Fuel/Ambient,96334686,1740862363
1740862363295408688,22,[  0   0   0   0 184 152  22   0],7,258,945.1199951171875,0,0,Fuel/Ambient,294470080,1740862363
1740862363501646827,22,[  0   0   0   0 184 152  22   0],7,258,945.1199951171875,0,0,Fuel/Ambient,500974249,1740862363
1740862363697563869,22,[  0   0   0   0 184 152  22   0],7,258,945.1199951171875,0,0,Fuel/Ambient,696886875,1740862363
1740862363903711220,22,[  0   0   0   0 184 152  22   0],7,258,945.1199951171875,0,0,Fuel/Ambient,902971087,1740862363
1740862364098876637,22,[  0   0   0   0 184 152  22   0],7,258,945.1199951171875,0,0,Fuel/Ambient,98105846,1740862364
1740862364306978957,22,[  0   0   0   0 184 152  22   0],7,258,945.1199951171875,0,0,Fuel/Ambient,306456787,1740862364
1740862364502658348,22,[  0   0   0   0 184 152  22   0],7,258,945.1199951171875,0,0,Fuel/Ambient,501989898,1740862364
1740862364708533932,22,[  0   0   0   0 184 152  22   0],7,258,945.1199951171875,0,0,Fuel/Ambient,707817288,1740862364
1740862364905331299,22,[  0   0   0   0 184 152  22   0],7,258,945.1199951171875,0,0,Fuel/Ambient,904908654,1740862364
1740862365110808299,22,[  0   0   0   0 184 152  22   0],7,258,945.1199951171875,0,0,Fuel/Ambient,110399702,1740862365
1740862365309269133,22,[  0   0   0   0 184 153  22   0],7,258,945.1400146484375,0,0,Fuel/Ambient,308494886,1740862365
1740862365505249331,22,[  0   0   0   0 184 153  22   0],7,258,945.1400146484375,0,0,Fuel/Ambient,504564816,1740862365
1740862365711012645,22,[  0   0   0   0 184 153  22   0],7,258,945.1400146484375,0,0,Fuel/Ambient,710320034,1740862365
1740862365906194498,22,[  0   0   0   0 184 154  22   0],7,258,945.1599731445312,0,0,Fuel/Ambient,905664776,1740862365
1740862366112905375,22,[  0   0   0   0 184 154  22   0],7,258,945.1599731445312,0,0,Fuel/Ambient,112041652,1740862366
1740862366310942404,22,[  0   0   0   0 184 154  22   0],7,258,945.1599731445312,0,0,Fuel/Ambient,310271747,1740862366
1740862366506747929,22,[  0   0   0   0 184 154  22   0],7,258,945.1599731445312,0,0,Fuel/Ambient,506222207,1740862366
1740862366713533046,22,[  0   0   0   0 184 154  22   0],7,258,945.1599731445312,0,0,Fuel/Ambient,712716333,1740862366
1740862366909549077,22,[  0   0   0   0 184 154  22   0],7,258,945.1599731445312,0,0,Fuel/Ambient,908558083,1740862366
1740862367108453634,22,[  0   0   0   0 184 154  22   0],7,258,945.1599731445312,0,0,Fuel/Ambient,107716188,1740862367
1740862367315336603,22,[  0   0   0   0 184 154  22   0],7,258,945.1599731445312,0,0,Fuel/Ambient,314997482,1740862367
1740862367511363282,22,[  0   0   0   0 184 154  22   0],7,258,945.1599731445312,0,0,Fuel/Ambient,510698097,1740862367
1740862367717139572,22,[  0   0   0   0 184 154  22   0],7,258,945.1599731445312,0,0,Fuel/Ambient,716563191,1740862367
1740862367912856956,22,[  0   0   0   0 184 154  22   0],7,258,945.1599731445312,0,0,Fuel/Ambient,912135704,1740862367
1740862368118765152,22,[  0   0   0   0 184 154  22   0],7,258,945.1599731445312,0,0,Fuel/Ambient,118097246,1740862368
1740862368317327598,22,[  0   0   0   0 184 154  22   0],7,258,945.1599731445312,0,0,Fuel/Ambient,315917288,1740862368
1740862368522409189,22,[  0   0   0   0 184 154  22   0],7,258,945.1599731445312,0,0,Fuel/Ambient,521848424,1740862368
1740862368717978269,22,[  0   0   0   0 184 154  22   0],7,258,945.1599731445312,0,0,Fuel/Ambient,717319804,1740862368
1740862368923172089,22,[  0   0   0   0 184 154  22   0],7,258,945.1599731445312,0,0,Fuel/Ambient,922727011,1740862368
1740862369118637512,22,[  0   0   0   0 184 154  22   0],7,258,945.1599731445312,0,0,Fuel/Ambient,117957414,1740862369
1740862369316250751,22,[  0   0   0   0 184 154  22   0],7,258,945.1599731445312,0,0,Fuel/Ambient,315715300,1740862369
1740862369521878088,22,[  0   0   0   0 184 154  22   0],7,258,945.1599731445312,0,0,Fuel/Ambient,521451923,1740862369
1740862369717676836,22,[  0   0   0   0 184 153  22   0],7,258,945.1400146484375,0,0,Fuel/Ambient,717066469,1740862369
1740862369923913868,22,[  0   0   0   0 184 153  22   0],7,258,945.1400146484375,0,0,Fuel/Ambient,923412755,1740862369
1740862370119684834,22,[  0   0   0   0 184 153  22   0],7,258,945.1400146484375,0,0,Fuel/Ambient,119165384,1740862370
1740862370327427916,21,[  0   0   0   0 184 154  21   0],7,258,945.1599731445312,0,0,Fuel/Ambient,326751850,1740862370
1740862370522991444,21,[  0   0   0   0 184 154  21   0],7,258,945.1599731445312,0,0,Fuel/Ambient,522455642,1740862370
1740862370729433854,21,[  0   0   0   0 184 154  21   0],7,258,945.1599731445312,0,0,Fuel/Ambient,728753180,1740862370
1740862370925132877,21,[  0   0   0   0 184 154  21   0],7,258,945.1599731445312,0,0,Fuel/Ambient,924521678,1740862370
1740862371131022229,21,[  0   0   0   0 184 154  21   0],7,258,945.1599731445312,0,0,Fuel/Ambient,130444280,1740862371
1740862371329524905,21,[  0   0   0   0 184 154  21   0],7,258,945.1599731445312,0,0,Fuel/Ambient,329061618,1740862371
1740862371525187694,21,[  0   0   0   0 184 153  21   0],7,258,945.1400146484375,0,0,Fuel/Ambient,524584560,1740862371
1740862371732202027,21,[  0   0   0   0 184 153  21   0],7,258,945.1400146484375,0,0,Fuel/Ambient,731506953,1740862371
1740862371927903219,21,[  0   0   0   0 184 153  21   0],7,258,945.1400146484375,0,0,Fuel/Ambient,927210384,1740862371
1740862372133653708,21,[  0   0   0   0 184 153  21   0],7,258,945.1400146484375,0,0,Fuel/Ambient,132853476,1740862372
1740862372331221960,21,[  0   0   0   0 184 153  21   0],7,258,945.1400146484375,0,0,Fuel/Ambient,330750000,1740862372
1740862372528404497,21,[  0   0   0   0 184 153  21   0],7,258,945.1400146484375,0,0,Fuel/Ambient,526738814,1740862372
1740862372733513575,21,[  0   0   0   0 184 153  21   0],7,258,945.1400146484375,0,0,Fuel/Ambient,732714207,1740862372
1740862372928810386,21,[  0   0   0   0 184 153  21   0],7,258,945.1400146484375,0,0,Fuel/Ambient,928055084,1740862372
1740862373134621605,21,[  0   0   0   0 184 153  21   0],7,258,945.1400146484375,0,0,Fuel/Ambient,133926275,1740862373
1740862373333377045,22,[  0   0   0   0 184 153  22   0],7,258,945.1400146484375,0,0,Fuel/Ambient,332598862,1740862373
1740862373538759760,22,[  0   0   0   0 184 153  22   0],7,258,945.1400146484375,0,0,Fuel/Ambient,538228149,1740862373
1740862373734489000,22,[  0   0   0   0 184 153  22   0],7,258,945.1400146484375,0,0,Fuel/Ambient,733658239,1740862373
1740862373939650232,22,[  0   0   0   0 184 153  22   0],7,258,945.1400146484375,0,0,Fuel/Ambient,939201890,1740862373
1740862374136035404,22,[  0   0   0   0 184 154  22   0],7,258,945.1599731445312,0,0,Fuel/Ambient,135560501,1740862374
1740862374333736223,22,[  0   0   0   0 184 154  22   0],7,258,945.1599731445312,0,0,Fuel/Ambient,333225158,1740862374
1740862374539667885,22,[  0   0   0   0 184 154  22   0],7,258,945.1599731445312,0,0,Fuel/Ambient,539169012,1740862374
1740862374735264183,22,[  0   0   0   0 184 154  22   0],7,258,945.1599731445312,0,0,Fuel/Ambient,734903461,1740862374
1740862374942820758,22,[  0   0   0   0 184 154  22   0],7,258,945.1599731445312,0,0,Fuel/Ambient,942074449,1740862374
1740862375139039642,22,[  0   0   0   0 184 154  22   0],7,258,945.1599731445312,0,0,Fuel/Ambient,138168590,1740862375
1740862375337422695,22,[  0   0   0   0 184 154  22   0],7,258,945.1599731445312,0,0,Fuel/Ambient,336931054,1740862375
1740862375543663804,22,[  0   0   0   0 184 154  22   0],7,258,945.1599731445312,0,0,Fuel/Ambient,543018747,1740862375
1740862375739510378,22,[  0   0   0   0 184 154  22   0],7,258,945.1599731445312,0,0,Fuel/Ambient,738969263,1740862375
1740862375945455856,22,[  0   0   0   0 184 154  22   0],7,258,945.1599731445312,0,0,Fuel/Ambient,944896340,1740862375
1740862376142477908,22,[  0   0   0   0 184 154  22   0],7,258,945.1599731445312,0,0,Fuel/Ambient,141693100,1740862376
1740862376341234091,22,[  0   0   0   0 184 154  22   0],7,258,945.1599731445312,0,0,Fuel/Ambient,339922378,1740862376
1740862376546504231,22,[  0   0   0   0 184 154  22   0],7,258,945.1599731445312,0,0,Fuel/Ambient,545760834,1740862376
1740862376742474228,22,[  0   0   0   0 184 154  22   0],7,258,945.1599731445312,0,0,Fuel/Ambient,741656139,1740862376
1740862376949522057,22,[  0   0   0   0 184 154  22   0],7,258,945.1599731445312,0,0,Fuel/Ambient,948806629,1740862376
1740862377145916645,22,[  0   0   0   0 184 154  22   0],7,258,945.1599731445312,0,0,Fuel/Ambient,145080667,1740862377
1740862377344752536,22,[  0   0   0   0 184 155  22   0],7,258,945.1799926757812,0,0,Fuel/Ambient,343966673,1740862377
1740862377550391998,22,[  0   0   0   0 184 155  22   0],7,258,945.1799926757812,0,0,Fuel/Ambient,549722461,1740862377
1740862377745433684,22,[  0   0   0   0 184 155  22   0],7,258,945.1799926757812,0,0,Fuel/Ambient,744877497,1740862377
1740862377951619542,22,[  0   0   0   0 184 155  22   0],7,258,945.1799926757812,0,0,Fuel/Ambient,950655782,1740862377
1740862378148201363,22,[  0   0   0   0 184 155  22   0],7,258,945.1799926757812,0,0,Fuel/Ambient,147531250,1740862378
1740862378346473922,22,[  0   0   0   0 184 155  22   0],7,258,945.1799926757812,0,0,Fuel/Ambient,345691003,1740862378
1740862378552855397,22,[  0   0   0   0 184 155  22   0],7,258,945.1799926757812,0,0,Fuel/Ambient,552292809,1740862378
1740862378747909460,22,[  0   0   0   0 184 155  22   0],7,258,945.1799926757812,0,0,Fuel/Ambient,747397147,1740862378
1740862378953247587,22,[  0   0   0   0 184 155  22   0],7,258,945.1799926757812,0,0,Fuel/Ambient,952826606,1740862378
1740862379149776982,22,[  0   0   0   0 184 155  22   0],7,258,945.1799926757812,0,0,Fuel/Ambient,149274333,1740862379
1740862379357740223,22,[  0   0   0   0 184 155  22   0],7,258,945.1799926757812,0,0,Fuel/Ambient,357020699,1740862379
1740862379553262141,22,[  0   0   0   0 184 155  22   0],7,258,945.1799926757812,0,0,Fuel/Ambient,552553658,1740862379
1740862379759076220,22,[  0   0   0   0 184 156  22   0],7,258,945.2000122070312,0,0,Fuel/Ambient,758494911,1740862379
1740862379954622587,22,[  0   0   0   0 184 155  22   0],7,258,945.1799926757812,0,0,Fuel/Ambient,953921720,1740862379
1740862380161039633,22,[  0   0   0   0 184 155  22   0],7,258,945.1799926757812,0,0,Fuel/Ambient,159469923,1740862380
1740862380359338226,22,[  0   0   0   0 184 155  22   0],7,258,945.1799926757812,0,0,Fuel/Ambient,358755829,1740862380
1740862380557627026,22,[  0   0   0   0 184 155  22   0],7,258,945.1799926757812,0,0,Fuel/Ambient,557027188,1740862380
1740862380753387636,22,[  0   0   0   0 184 155  22   0],7,258,945.1799926757812,0,0,Fuel/Ambient,752833304,1740862380
1740862380959356018,22,[  0   0   0   0 184 155  22   0],7,258,945.1799926757812,0,0,Fuel/Ambient,958684208,1740862380
1740862381156808322,22,[  0   0   0   0 184 155  22   0],7,258,945.1799926757812,0,0,Fuel/Ambient,155832785,1740862381
1740862381365541920,23,[  0   0   0   0 184 155  23   0],7,258,945.1799926757812,0,0,Fuel/Ambient,364566704,1740862381
1740862381562045952,23,[  0   0   0   0 184 155  23   0],7,258,945.1799926757812,0,0,Fuel/Ambient,561366206,1740862381
1740862381758657764,22,[  0   0   0   0 184 155  22   0],7,258,945.1799926757812,0,0,Fuel/Ambient,757575759,1740862381
1740862381963972665,22,[  0   0   0   0 184 155  22   0],7,258,945.1799926757812,0,0,Fuel/Ambient,963533956,1740862381
1740862382159938072,22,[  0   0   0   0 184 156  22   0],7,258,945.2000122070312,0,0,Fuel/Ambient,159406557,1740862382
1740862382368229336,22,[  0   0   0   0 184 156  22   0],7,258,945.2000122070312,0,0,Fuel/Ambient,367482547,1740862382
1740862382565006749,22,[  0   0   0   0 184 157  22   0],7,258,945.219970703125,0,0,Fuel/Ambient,563985034,1740862382
1740862382760859156,22,[  0   0   0   0 184 157  22   0],7,258,945.219970703125,0,0,Fuel/Ambient,760194899,1740862382
1740862382966863555,22,[  0   0   0   0 184 157  22   0],7,258,945.219970703125,0,0,Fuel/Ambient,966341673,1740862382
1740862383162827097,22,[  0   0   0   0 184 157  22   0],7,258,945.219970703125,0,0,Fuel/Ambient,162089237,1740862383
1740862383371086352,22,[  0   0   0   0 184 158  22   0],7,258,945.239990234375,0,0,Fuel/Ambient,370361228,1740862383
1740862383566511082,23,[  0   0   0   0 184 158  23   0],7,258,945.239990234375,0,0,Fuel/Ambient,565820295,1740862383
1740862383771755595,23,[  0   0   0   0 184 158  23   0],7,258,945.239990234375,0,0,Fuel/Ambient,771307732,1740862383
1740862383967742592,23,[  0   0   0   0 184 158  23   0],7,258,945.239990234375,0,0,Fuel/Ambient,967139202,1740862383
1740862384173368077,23,[  0   0   0   0 184 158  23   0],7,258,945.239990234375,0,0,Fuel/Ambient,172543781,1740862384
1740862384371580490,23,[  0   0   0   0 184 158  23   0],7,258,945.239990234375,0,0,Fuel/Ambient,370748641,1740862384
1740862384567640763,23,[  0   0   0   0 184 158  23   0],7,258,945.239990234375,0,0,Fuel/Ambient,567238023,1740862384
1740862384773623481,23,[  0   0   0   0 184 158  23   0],7,258,945.239990234375,0,0,Fuel/Ambient,773093694,1740862384
1740862384969572485,23,[  0   0   0   0 184 158  23   0],7,258,945.239990234375,0,0,Fuel/Ambient,969100685,1740862384
1740862385174984351,23,[  0   0   0   0 184 158  23   0],7,258,945.239990234375,0,0,Fuel/Ambient,174394178,1740862385
1740862385373143057,23,[  0   0   0   0 184 157  23   0],7,258,945.219970703125,0,0,Fuel/Ambient,372531346,1740862385
1740862385578879033,23,[  0   0   0   0 184 157  23   0],7,258,945.219970703125,0,0,Fuel/Ambient,578187735,1740862385
1740862385774775675,23,[  0   0   0   0 184 157  23   0],7,258,945.219970703125,0,0,Fuel/Ambient,774109594,1740862385
1740862385971089329,23,[  0   0   0   0 184 157  23   0],7,258,945.219970703125,0,0,Fuel/Ambient,970620186,1740862385
1740862386177316108,23,[  0   0   0   0 184 157  23   0],7,258,945.219970703125,0,0,Fuel/Ambient,176941977,1740862386
1740862386376315743,23,[  0   0   0   0 184 157  23   0],7,258,945.219970703125,0,0,Fuel/Ambient,375425939,1740862386
1740862386581672525,22,[  0   0   0   0 184 157  22   0],7,258,945.219970703125,0,0,Fuel/Ambient,581136434,1740862386
1740862386777094895,22,[  0   0   0   0 184 157  22   0],7,258,945.219970703125,0,0,Fuel/Ambient,776019162,1740862386
1740862386982707018,22,[  0   0   0   0 184 157  22   0],7,258,945.219970703125,0,0,Fuel/Ambient,981801981,1740862386
1740862387178308686,22,[  0   0   0   0 184 156  22   0],7,258,945.2000122070312,0,0,Fuel/Ambient,177533448,1740862387
1740862387376320041,22,[  0   0   0   0 184 157  22   0],7,258,945.219970703125,0,0,Fuel/Ambient,375354137,1740862387
1740862387582252171,22,[  0   0   0   0 184 157  22   0],7,258,945.219970703125,0,0,Fuel/Ambient,581565801,1740862387
1740862387778782332,22,[  0   0   0   0 184 157  22   0],7,258,945.219970703125,0,0,Fuel/Ambient,777354261,1740862387
1740862387984330603,22,[  0   0   0   0 184 157  22   0],7,258,945.219970703125,0,0,Fuel/Ambient,983601959,1740862387
1740862388179810562,22,[  0   0   0   0 184 157  22   0],7,258,945.219970703125,0,0,Fuel/Ambient,179149313,1740862388
1740862388387870405,22,[  0   0   0   0 184 157  22   0],7,258,945.219970703125,0,0,Fuel/Ambient,387288232,1740862388
1740862388583900341,22,[  0   0   0   0 184 157  22   0],7,258,945.219970703125,0,0,Fuel/Ambient,583128047,1740862388
1740862388789849360,22,[  0   0   0   0 184 157  22   0],7,258,945.219970703125,0,0,Fuel/Ambient,788453771,1740862388
1740862388984728168,22,[  0   0   0   0 184 157  22   0],7,258,945.219970703125,0,0,Fuel/Ambient,983912384,1740862388
1740862389189713260,22,[  0   0   0   0 184 157  22   0],7,258,945.219970703125,0,0,Fuel/Ambient,189230164,1740862389
1740862389387710006,22,[  0   0   0   0 184 157  22   0],7,258,945.219970703125,0,0,Fuel/Ambient,387247487,1740862389
1740862389583402862,22,[  0   0   0   0 184 157  22   0],7,258,945.219970703125,0,0,Fuel/Ambient,582892085,1740862389
1740862389789510249,22,[  0   0   0   0 184 157  22   0],7,258,945.219970703125,0,0,Fuel/Ambient,788839368,1740862389
1740862389984861008,22,[  0   0   0   0 184 157  22   0],7,258,945.219970703125,0,0,Fuel/Ambient,984413370,1740862389
1740862390191495133,22,[  0   0   0   0 184 157  22   0],7,258,945.219970703125,0,0,Fuel/Ambient,190984964,1740862390
1740862390388347751,22,[  0   0   0   0 184 157  22   0],7,258,945.219970703125,0,0,Fuel/Ambient,387919442,1740862390
1740862390597241347,22,[  0   0   0   0 184 157  22   0],7,258,945.219970703125,0,0,Fuel/Ambient,596748426,1740862390
1740862390793854945,22,[  0   0   0   0 184 157  22   0],7,258,945.219970703125,0,0,Fuel/Ambient,793230562,1740862390
1740862390989744155,22,[  0   0   0   0 184 156  22   0],7,258,945.2000122070312,0,0,Fuel/Ambient,989095355,1740862390
1740862391196132916,22,[  0   0   0   0 184 156  22   0],7,258,945.2000122070312,0,0,Fuel/Ambient,195371022,1740862391
1740862391394348377,22,[  0   0   0   0 184 156  22   0],7,258,945.2000122070312,0,0,Fuel/Ambient,393804542,1740862391
1740862391590383347,22,[  0   0   0   0 184 156  22   0],7,258,945.2000122070312,0,0,Fuel/Ambient,589629357,1740862391
1740862391796970964,22,[  0   0   0   0 184 156  22   0],7,258,945.2000122070312,0,0,Fuel/Ambient,796038662,1740862391
1740862391993615276,22,[  0   0   0   0 184 156  22   0],7,258,945.2000122070312,0,0,Fuel/Ambient,992737121,1740862391
1740862392198967081,22,[  0   0   0   0 184 156  22   0],7,258,945.2000122070312,0,0,Fuel/Ambient,198556981,1740862392
1740862392398132373,22,[  0   0   0   0 184 156  22   0],7,258,945.2000122070312,0,0,Fuel/Ambient,396952891,1740862392
1740862392593712401,22,[  0   0   0   0 184 156  22   0],7,258,945.2000122070312,0,0,Fuel/Ambient,593009454,1740862392
1740862392799213493,22,[  0   0   0   0 184 156  22   0],7,258,945.2000122070312,0,0,Fuel/Ambient,798442095,1740862392
1740862392995752128,22,[  0   0   0   0 184 156  22   0],7,258,945.2000122070312,0,0,Fuel/Ambient,995147778,1740862392
1740862393201892988,22,[  0   0   0   0 184 156  22   0],7,258,945.2000122070312,0,0,Fuel/Ambient,201150295,1740862393
1740862393399528213,22,[  0   0   0   0 184 157  22   0],7,258,945.219970703125,0,0,Fuel/Ambient,398901974,1740862393
1740862393605905788,22,[  0   0   0   0 184 157  22   0],7,258,945.219970703125,0,0,Fuel/Ambient,605332224,1740862393
1740862393802245109,22,[  0   0   0   0 184 157  22   0],7,258,945.219970703125,0,0,Fuel/Ambient,801722107,1740862393
1740862393998897726,22,[  0   0   0   0 184 157  22   0],7,258,945.219970703125,0,0,Fuel/Ambient,998303713,1740862393
1740862394203967805,22,[  0   0   0   0 184 158  22   0],7,258,945.239990234375,0,0,Fuel/Ambient,203547496,1740862394
1740862394402168938,22,[  0   0   0   0 184 158  22   0],7,258,945.239990234375,0,0,Fuel/Ambient,401540299,1740862394
1740862394607901641,22,[  0   0   0   0 184 158  22   0],7,258,945.239990234375,0,0,Fuel/Ambient,607129667,1740862394
1740862394803285772,22,[  0   0   0   0 184 158  22   0],7,258,945.239990234375,0,0,Fuel/Ambient,802766450,1740862394
1740862395008998154,22,[  0   0   0   0 184 158  22   0],7,258,945.239990234375,0,0,Fuel/Ambient,8359786,1740862395
1740862395205465658,22,[  0   0   0   0 184 159  22   0],7,258,945.260009765625,0,0,Fuel/Ambient,204751831,1740862395
1740862395403849256,22,[  0   0   0   0 184 159  22   0],7,258,945.260009765625,0,0,Fuel/Ambient,403375249,1740862395
1740862395609766792,22,[  0   0   0   0 184 159  22   0],7,258,945.260009765625,0,0,Fuel/Ambient,609097064,1740862395
1740862395806381728,22,[  0   0   0   0 184 159  22   0],7,258,945.260009765625,0,0,Fuel/Ambient,805762465,1740862395
1740862396011938670,22,[  0   0   0   0 184 159  22   0],7,258,945.260009765625,0,0,Fuel/Ambient,11254477,1740862396
1740862396207199323,22,[  0   0   0   0 184 159  22   0],7,258,945.260009765625,0,0,Fuel/Ambient,206705667,1740862396
1740862396415123542,22,[  0   0   0   0 184 159  22   0],7,258,945.260009765625,0,0,Fuel/Ambient,414618621,1740862396
1740862396610336321,22,[  0   0   0   0 184 159  22   0],7,258,945.260009765625,0,0,Fuel/Ambient,609618398,1740862396
1740862396815882343,22,[  0   0   0   0 184 159  22   0],7,258,945.260009765625,0,0,Fuel/Ambient,815273545,1740862396
1740862397011520646,22,[  0   0   0   0 184 159  22   0],7,258,945.260009765625,0,0,Fuel/Ambient,10742592,1740862397
1740862397217949680,22,[  0   0   0   0 184 159  22   0],7,258,945.260009765625,0,0,Fuel/Ambient,217201035,1740862397
1740862397416733090,22,[  0   0   0   0 184 159  22   0],7,258,945.260009765625,0,0,Fuel/Ambient,415664622,1740862397
1740862397612514465,22,[  0   0   0   0 184 159  22   0],7,258,945.260009765625,0,0,Fuel/Ambient,611767804,1740862397
1740862397818429905,22,[  0   0   0   0 184 159  22   0],7,258,945.260009765625,0,0,Fuel/Ambient,817669836,1740862397
1740862398013916193,22,[  0   0   0   0 184 159  22   0],7,258,945.260009765625,0,0,Fuel/Ambient,13446442,1740862398
1740862398219812168,22,[  0   0   0   0 184 159  22   0],7,258,945.260009765625,0,0,Fuel/Ambient,219065604,1740862398
1740862398417896433,22,[  0   0   0   0 184 159  22   0],7,258,945.260009765625,0,0,Fuel/Ambient,417250929,1740862398
1740862398613744044,23,[  0   0   0   0 184 159  23   0],7,258,945.260009765625,0,0,Fuel/Ambient,613173264,1740862398
1740862398819330755,23,[  0   0   0   0 184 159  23   0],7,258,945.260009765625,0,0,Fuel/Ambient,818815018,1740862398
1740862399015014486,23,[  0   0   0   0 184 159  23   0],7,258,945.260009765625,0,0,Fuel/Ambient,14552447,1740862399
1740862399220166576,23,[  0   0   0   0 184 159  23   0],7,258,945.260009765625,0,0,Fuel/Ambient,219749468,1740862399
1740862399417757465,23,[  0   0   0   0 184 159  23   0],7,258,945.260009765625,0,0,Fuel/Ambient,417359365,1740862399
1740862399623378666,23,[  0   0   0   0 184 159  23   0],7,258,945.260009765625,0,0,Fuel/Ambient,622895443,1740862399
1740862399818980817,23,[  0   0   0   0 184 159  23   0],7,258,945.260009765625,0,0,Fuel/Ambient,818640161,1740862399
1740862400024814285,23,[  0   0   0   0 184 159  23   0],7,258,945.260009765625,0,0,Fuel/Ambient,24312980,1740862400
1740862400221401692,23,[  0   0   0   0 184 159  23   0],7,258,945.260009765625,0,0,Fuel/Ambient,220272965,1740862400
1740862400419524823,23,[  0   0   0   0 184 159  23   0],7,258,945.260009765625,0,0,Fuel/Ambient,419042912,1740862400
1740862400625375852,23,[  0   0   0   0 184 159  23   0],7,258,945.260009765625,0,0,Fuel/Ambient,624771662,1740862400
1740862400822346318,23,[  0   0   0   0 184 159  23   0],7,258,945.260009765625,0,0,Fuel/Ambient,821320092,1740862400
1740862401028441742,23,[  0   0   0   0 184 159  23   0],7,258,945.260009765625,0,0,Fuel/Ambient,27747244,1740862401
1740862401225447307,23,[  0   0   0   0 184 159  23   0],7,258,945.260009765625,0,0,Fuel/Ambient,224526942,1740862401
1740862401423972370,23,[  0   0   0   0 184 159  23   0],7,258,945.260009765625,0,0,Fuel/Ambient,422179770,1740862401
1740862401629096539,23,[  0   0   0   0 184 159  23   0],7,258,945.260009765625,0,0,Fuel/Ambient,628423546,1740862401
1740862401825259150,23,[  0   0   0   0 184 159  23   0],7,258,945.260009765625,0,0,Fuel/Ambient,823900236,1740862401
1740862402030956882,23,[  0   0   0   0 184 159  23   0],7,258,945.260009765625,0,0,Fuel/Ambient,30302771,1740862402
1740862402227455535,23,[  0   0   0   0 184 159  23   0],7,258,945.260009765625,0,0,Fuel/Ambient,226552899,1740862402
1740862402435311253,23,[  0   0   0   0 184 159  23   0],7,258,945.260009765625,0,0,Fuel/Ambient,434716568,1740862402
1740862402631130896,23,[  0   0   0   0 184 160  23   0],7,258,945.280029296875,0,0,Fuel/Ambient,630428622,1740862402
1740862402827668334,23,[  0   0   0   0 184 160  23   0],7,258,945.280029296875,0,0,Fuel/Ambient,826385648,1740862402
1740862403034104815,23,[  0   0   0   0 184 160  23   0],7,258,945.280029296875,0,0,Fuel/Ambient,33676794,1740862403
1740862403230090698,23,[  0   0   0   0 184 160  23   0],7,258,945.280029296875,0,0,Fuel/Ambient,229633780,1740862403
1740862403437891814,23,[  0   0   0   0 184 160  23   0],7,258,945.280029296875,0,0,Fuel/Ambient,437390382,1740862403
1740862403634259156,23,[  0   0   0   0 184 160  23   0],7,258,945.280029296875,0,0,Fuel/Ambient,633460205,1740862403
1740862403840048014,23,[  0   0   0   0 184 160  23   0],7,258,945.280029296875,0,0,Fuel/Ambient,839483763,1740862403
1740862404035957573,23,[  0   0   0   0 184 160  23   0],7,258,945.280029296875,0,0,Fuel/Ambient,35294277,1740862404
1740862404232254376,23,[  0   0   0   0 184 160  23   0],7,258,945.280029296875,0,0,Fuel/Ambient,231074062,1740862404
1740862404442539285,23,[  0   0   0   0 184 159  23   0],7,258,945.260009765625,0,0,Fuel/Ambient,442062526,1740862404
1740862404639882635,23,[  0   0   0   0 184 159  23   0],7,258,945.260009765625,0,0,Fuel/Ambient,639444950,1740862404
1740862404834666917,23,[  0   0   0   0 184 159  23   0],7,258,945.260009765625,0,0,Fuel/Ambient,834220687,1740862404
1740862405040088419,23,[  0   0   0   0 184 159  23   0],7,258,945.260009765625,0,0,Fuel/Ambient,39664079,1740862405
1740862405236101713,23,[  0   0   0   0 184 159  23   0],7,258,945.260009765625,0,0,Fuel/Ambient,235601369,1740862405
1740862405444130056,23,[  0   0   0   0 184 159  23   0],7,258,945.260009765625,0,0,Fuel/Ambient,443134776,1740862405
1740862405639543097,23,[  0   0   0   0 184 159  23   0],7,258,945.260009765625,0,0,Fuel/Ambient,638778515,1740862405
1740862405844888493,23,[  0   0   0   0 184 159  23   0],7,258,945.260009765625,0,0,Fuel/Ambient,844426007,1740862405
1740862406040069169,23,[  0   0   0   0 184 159  23   0],7,258,945.260009765625,0,0,Fuel/Ambient,39488149,1740862406
1740862406246193827,23,[  0   0   0   0 184 160  23   0],7,258,945.280029296875,0,0,Fuel/Ambient,245412669,1740862406
1740862406444538459,23,[  0   0   0   0 184 160  23   0],7,258,945.280029296875,0,0,Fuel/Ambient,443403044,1740862406
1740862406639658774,23,[  0   0   0   0 184 160  23   0],7,258,945.280029296875,0,0,Fuel/Ambient,639158045,1740862406
1740862406845815946,23,[  0   0   0   0 184 159  23   0],7,258,945.260009765625,0,0,Fuel/Ambient,844527467,1740862406
1740862407041169647,23,[  0   0   0   0 184 159  23   0],7,258,945.260009765625,0,0,Fuel/Ambient,40507118,1740862407
1740862407247177908,23,[  0   0   0   0 184 159  23   0],7,258,945.260009765625,0,0,Fuel/Ambient,246535700,1740862407
1740862407447263480,23,[  0   0   0   0 184 159  23   0],7,258,945.260009765625,0,0,Fuel/Ambient,446440816,1740862407
1740862407652717314,23,[  0   0   0   0 184 159  23   0],7,258,945.260009765625,0,0,Fuel/Ambient,652127046,1740862407
1740862407847888184,23,[  0   0   0   0 184 158  23   0],7,258,945.239990234375,0,0,Fuel/Ambient,847379711,1740862407
1740862408054317423,23,[  0   0   0   0 184 158  23   0],7,258,945.239990234375,0,0,Fuel/Ambient,53604941,1740862408
1740862408249804237,23,[  0   0   0   0 184 158  23   0],7,258,945.239990234375,0,0,Fuel/Ambient,249037608,1740862408
1740862408447295340,23,[  0   0   0   0 184 158  23   0],7,258,945.239990234375,0,0,Fuel/Ambient,446940059,1740862408
1740862408652949848,23,[  0   0   0   0 184 158  23   0],7,258,945.239990234375,0,0,Fuel/Ambient,652478689,1740862408
1740862408848805319,23,[  0   0   0   0 184 158  23   0],7,258,945.239990234375,0,0,Fuel/Ambient,847653167,1740862408
1740862409053795025,23,[  0   0   0   0 184 157  23   0],7,258,945.219970703125,0,0,Fuel/Ambient,53353692,1740862409
1740862409249806913,23,[  0   0   0   0 184 157  23   0],7,258,945.219970703125,0,0,Fuel/Ambient,249342058,1740862409
1740862409458979856,23,[  0   0   0   0 184 157  23   0],7,258,945.219970703125,0,0,Fuel/Ambient,458236427,1740862409
1740862409654211737,23,[  0   0   0   0 184 157  23   0],7,258,945.219970703125,0,0,Fuel/Ambient,653619261,1740862409
1740862409859990275,23,[  0   0   0   0 184 157  23   0],7,258,945.219970703125,0,0,Fuel/Ambient,859199773,1740862409
1740862410055284238,23,[  0   0   0   0 184 157  23   0],7,258,945.219970703125,0,0,Fuel/Ambient,54752020,1740862410
1740862410261565193,23,[  0   0   0   0 184 157  23   0],7,258,945.219970703125,0,0,Fuel/Ambient,260835397,1740862410
1740862410459605107,23,[  0   0   0   0 184 157  23   0],7,258,945.219970703125,0,0,Fuel/Ambient,458989717,1740862410
1740862410657964461,23,[  0   0   0   0 184 157  23   0],7,258,945.219970703125,0,0,Fuel/Ambient,656928891,1740862410
1740862410863986683,23,[  0   0   0   0 184 157  23   0],7,258,945.219970703125,0,0,Fuel/Ambient,863173876,1740862410
1740862411061704052,23,[  0   0   0   0 184 157  23   0],7,258,945.219970703125,0,0,Fuel/Ambient,61066517,1740862411
1740862411257605552,23,[  0   0   0   0 184 157  23   0],7,258,945.219970703125,0,0,Fuel/Ambient,256909806,1740862411
1740862411457011189,23,[  0   0   0   0 184 157  23   0],7,258,945.219970703125,0,0,Fuel/Ambient,456312563,1740862411
1740862411662296343,23,[  0   0   0   0 184 157  23   0],7,258,945.219970703125,0,0,Fuel/Ambient,661811968,1740862411
1740862411858841522,23,[  0   0   0   0 184 157  23   0],7,258,945.219970703125,0,0,Fuel/Ambient,858134704,1740862411
1740862412064770385,23,[  0   0   0   0 184 157  23   0],7,258,945.219970703125,0,0,Fuel/Ambient,64027245,1740862412
1740862412260996853,23,[  0   0   0   0 184 157  23   0],7,258,945.219970703125,0,0,Fuel/Ambient,259797467,1740862412
1740862412468733606,23,[  0   0   0   0 184 158  23   0],7,258,945.239990234375,0,0,Fuel/Ambient,467834267,1740862412
1740862412664884806,23,[  0   0   0   0 184 158  23   0],7,258,945.239990234375,0,0,Fuel/Ambient,663520356,1740862412
1740862412869559747,23,[  0   0   0   0 184 157  23   0],7,258,945.219970703125,0,0,Fuel/Ambient,869072876,1740862412
1740862413065994575,23,[  0   0   0   0 184 157  23   0],7,258,945.219970703125,0,0,Fuel/Ambient,65189352,1740862413
1740862413261907644,23,[  0   0   0   0 184 157  23   0],7,258,945.219970703125,0,0,Fuel/Ambient,261174264,1740862413
1740862413469191407,23,[  0   0   0   0 184 157  23   0],7,258,945.219970703125,0,0,Fuel/Ambient,468716984,1740862413
1740862413664551682,23,[  0   0   0   0 184 157  23   0],7,258,945.219970703125,0,0,Fuel/Ambient,664062698,1740862413
1740862413870171973,23,[  0   0   0   0 184 157  23   0],7,258,945.219970703125,0,0,Fuel/Ambient,869661740,1740862413
1740862414065739487,23,[  0   0   0   0 184 157  23   0],7,258,945.219970703125,0,0,Fuel/Ambient,65282921,1740862414
1740862414271284726,23,[  0   0   0   0 184 157  23   0],7,258,945.219970703125,0,0,Fuel/Ambient,270713947,1740862414
1740862414469231198,23,[  0   0   0   0 184 158  23   0],7,258,945.239990234375,0,0,Fuel/Ambient,468351732,1740862414
1740862414675083813,23,[  0   0   0   0 184 158  23   0],7,258,945.239990234375,0,0,Fuel/Ambient,674410500,1740862414
1740862414872183716,23,[  0   0   0   0 184 158  23   0],7,258,945.239990234375,0,0,Fuel/Ambient,871523332,1740862414
1740862415068118312,23,[  0   0   0   0 184 158  23   0],7,258,945.239990234375,0,0,Fuel/Ambient,67543468,1740862415
1740862415274632871,23,[  0   0   0   0 184 158  23   0],7,258,945.239990234375,0,0,Fuel/Ambient,273666008,1740862415
1740862415472166548,23,[  0   0   0   0 184 158  23   0],7,258,945.239990234375,0,0,Fuel/Ambient,471435536,1740862415
1740862415678651729,23,[  0   0   0   0 184 158  23   0],7,258,945.239990234375,0,0,Fuel/Ambient,677870155,1740862415
1740862415877653124,23,[  0   0   0   0 184 158  23   0],7,258,945.239990234375,0,0,Fuel/Ambient,873925168,1740862415
1740862416080595412,23,[  0   0   0   0 184 158  23   0],7,258,945.239990234375,0,0,Fuel/Ambient,80194912,1740862416
1740862416276066805,23,[  0   0   0   0 184 158  23   0],7,258,945.239990234375,0,0,Fuel/Ambient,275548124,1740862416
1740862416474657965,23,[  0   0   0   0 184 158  23   0],7,258,945.239990234375,0,0,Fuel/Ambient,474177526,1740862416
1740862416680871926,23,[  0   0   0   0 184 158  23   0],7,258,945.239990234375,0,0,Fuel/Ambient,679867909,1740862416
1740862416877005015,23,[  0   0   0   0 184 158  23   0],7,258,945.239990234375,0,0,Fuel/Ambient,876240659,1740862416
1740862417083892125,23,[  0   0   0   0 184 158  23   0],7,258,945.239990234375,0,0,Fuel/Ambient,82998386,1740862417
1740862417280582546,23,[  0   0   0   0 184 158  23   0],7,258,945.239990234375,0,0,Fuel/Ambient,279762635,1740862417
1740862417478837747,23,[  0   0   0   0 184 158  23   0],7,258,945.239990234375,0,0,Fuel/Ambient,477993610,1740862417
1740862417684789607,22,[  0   0   0   0 184 158  22   0],7,258,945.239990234375,0,0,Fuel/Ambient,684074725,1740862417
1740862417880493260,22,[  0   0   0   0 184 158  22   0],7,258,945.239990234375,0,0,Fuel/Ambient,879732456,1740862417
1740862418087030202,22,[  0   0   0   0 184 158  22   0],7,258,945.239990234375,0,0,Fuel/Ambient,86595749,1740862418
1740862418282343877,22,[  0   0   0   0 184 158  22   0],7,258,945.239990234375,0,0,Fuel/Ambient,281822284,1740862418
1740862418480841642,22,[  0   0   0   0 184 158  22   0],7,258,945.239990234375,0,0,Fuel/Ambient,480155657,1740862418
1740862418687275565,22,[  0   0   0   0 184 158  22   0],7,258,945.239990234375,0,0,Fuel/Ambient,686589964,1740862418
1740862418882993164,22,[  0   0   0   0 184 157  22   0],7,258,945.219970703125,0,0,Fuel/Ambient,882466899,1740862418
1740862419089002584,22,[  0   0   0   0 184 157  22   0],7,258,945.219970703125,0,0,Fuel/Ambient,88407931,1740862419
1740862419283793667,23,[  0   0   0   0 184 157  23   0],7,258,945.219970703125,0,0,Fuel/Ambient,283122658,1740862419
1740862419491110281,23,[  0   0   0   0 184 157  23   0],7,258,945.219970703125,0,0,Fuel/Ambient,490623538,1740862419
1740862419686593525,23,[  0   0   0   0 184 157  23   0],7,258,945.219970703125,0,0,Fuel/Ambient,686001497,1740862419
1740862419884315885,23,[  0   0   0   0 184 157  23   0],7,258,945.219970703125,0,0,Fuel/Ambient,883072305,1740862419
1740862420089693523,23,[  0   0   0   0 184 157  23   0],7,258,945.219970703125,0,0,Fuel/Ambient,89210780,1740862420
1740862420285910779,23,[  0   0   0   0 184 156  23   0],7,258,945.2000122070312,0,0,Fuel/Ambient,285043953,1740862420
1740862420493273884,22,[  0   0   0   0 184 156  22   0],7,258,945.2000122070312,0,0,Fuel/Ambient,492731874,1740862420
1740862420689577128,22,[  0   0   0   0 184 156  22   0],7,258,945.2000122070312,0,0,Fuel/Ambient,688772386,1740862420
1740862420895071311,22,[  0   0   0   0 184 156  22   0],7,258,945.2000122070312,0,0,Fuel/Ambient,894608889,1740862420
1740862421090890401,22,[  0   0   0   0 184 156  22   0],7,258,945.2000122070312,0,0,Fuel/Ambient,90020343,1740862421
1740862421296484005,22,[  0   0   0   0 184 156  22   0],7,258,945.2000122070312,0,0,Fuel/Ambient,295867079,1740862421
1740862421494440729,22,[  0   0   0   0 184 156  22   0],7,258,945.2000122070312,0,0,Fuel/Ambient,493662708,1740862421
1740862421692401134,22,[  0   0   0   0 184 156  22   0],7,258,945.2000122070312,0,0,Fuel/Ambient,691263895,1740862421
1740862421898446248,22,[  0   0   0   0 184 156  22   0],7,258,945.2000122070312,0,0,Fuel/Ambient,897801833,1740862421
1740862422095160125,22,[  0   0   0   0 184 156  22   0],7,258,945.2000122070312,0,0,Fuel/Ambient,93737689,1740862422
1740862422300086649,22,[  0   0   0   0 184 155  22   0],7,258,945.1799926757812,0,0,Fuel/Ambient,299484636,1740862422
1740862422498259665,22,[  0   0   0   0 184 155  22   0],7,258,945.1799926757812,0,0,Fuel/Ambient,497213791,1740862422
1740862422694630994,22,[  0   0   0   0 184 155  22   0],7,258,945.1799926757812,0,0,Fuel/Ambient,694171292,1740862422
1740862422901189181,22,[  0   0   0   0 184 155  22   0],7,258,945.1799926757812,0,0,Fuel/Ambient,900368341,1740862422
1740862423096765684,22,[  0   0   0   0 184 155  22   0],7,258,945.1799926757812,0,0,Fuel/Ambient,96013552,1740862423
1740862423303505760,22,[  0   0   0   0 184 155  22   0],7,258,945.1799926757812,0,0,Fuel/Ambient,302340648,1740862423
1740862423501702417,22,[  0   0   0   0 184 155  22   0],7,258,945.1799926757812,0,0,Fuel/Ambient,501254075,1740862423
1740862423698523200,22,[  0   0   0   0 184 154  22   0],7,258,945.1599731445312,0,0,Fuel/Ambient,697489935,1740862423
1740862423904105428,22,[  0   0   0   0 184 154  22   0],7,258,945.1599731445312,0,0,Fuel/Ambient,903531225,1740862423
1740862424099877070,22,[  0   0   0   0 184 154  22   0],7,258,945.1599731445312,0,0,Fuel/Ambient,99306034,1740862424
1740862424305846061,22,[  0   0   0   0 184 154  22   0],7,258,945.1599731445312,0,0,Fuel/Ambient,305157580,1740862424
1740862424503217743,22,[  0   0   0   0 184 154  22   0],7,258,945.1599731445312,0,0,Fuel/Ambient,502465291,1740862424
1740862424709107562,22,[  0   0   0   0 184 154  22   0],7,258,945.1599731445312,0,0,Fuel/Ambient,708522638,1740862424
1740862424905664806,22,[  0   0   0   0 184 154  22   0],7,258,945.1599731445312,0,0,Fuel/Ambient,904712280,1740862424
1740862425111244270,22,[  0   0   0   0 184 154  22   0],7,258,945.1599731445312,0,0,Fuel/Ambient,110356003,1740862425
1740862425306295066,22,[  0   0   0   0 184 153  22   0],7,258,945.1400146484375,0,0,Fuel/Ambient,305653467,1740862425
1740862425504010725,22,[  0   0   0   0 184 153  22   0],7,258,945.1400146484375,0,0,Fuel/Ambient,503379911,1740862425
1740862425711486437,22,[  0   0   0   0 184 153  22   0],7,258,945.1400146484375,0,0,Fuel/Ambient,710190631,1740862425
1740862425906174303,22,[  0   0   0   0 184 153  22   0],7,258,945.1400146484375,0,0,Fuel/Ambient,905682664,1740862425
1740862426113488211,22,[  0   0   0   0 184 153  22   0],7,258,945.1400146484375,0,0,Fuel/Ambient,112572167,1740862426
1740862426308987277,22,[  0   0   0   0 184 153  22   0],7,258,945.1400146484375,0,0,Fuel/Ambient,308239689,1740862426
1740862426506310623,22,[  0   0   0   0 184 153  22   0],7,258,945.1400146484375,0,0,Fuel/Ambient,505812839,1740862426
1740862426712315728,22,[  0   0   0   0 184 152  22   0],7,258,945.1199951171875,0,0,Fuel/Ambient,711479176,1740862426
1740862426909048677,22,[  0   0   0   0 184 152  22   0],7,258,945.1199951171875,0,0,Fuel/Ambient,907838603,1740862426
1740862427115998720,22,[  0   0   0   0 184 152  22   0],7,258,945.1199951171875,0,0,Fuel/Ambient,114635327,1740862427
1740862427312077966,22,[  0   0   0   0 184 152  22   0],7,258,945.1199951171875,0,0,Fuel/Ambient,311400046,1740862427
1740862427509782315,22,[  0   0   0   0 184 152  22   0],7,258,945.1199951171875,0,0,Fuel/Ambient,509077673,1740862427
1740862427716053314,22,[  0   0   0   0 184 153  22   0],7,258,945.1400146484375,0,0,Fuel/Ambient,715120757,1740862427
1740862427911820289,22,[  0   0   0   0 184 153  22   0],7,258,945.1400146484375,0,0,Fuel/Ambient,911331306,1740862427
1740862428118133590,22,[  0   0   0   0 184 153  22   0],7,258,945.1400146484375,0,0,Fuel/Ambient,117526841,1740862428
1740862428314349828,22,[  0   0   0   0 184 153  22   0],7,258,945.1400146484375,0,0,Fuel/Ambient,313582399,1740862428
1740862428521977140,22,[  0   0   0   0 184 153  22   0],7,258,945.1400146484375,0,0,Fuel/Ambient,521395544,1740862428
1740862428717836113,22,[  0   0   0   0 184 153  22   0],7,258,945.1400146484375,0,0,Fuel/Ambient,717397628,1740862428
1740862428913576712,22,[  0   0   0   0 184 153  22   0],7,258,945.1400146484375,0,0,Fuel/Ambient,913083088,1740862428
1740862429118802336,22,[  0   0   0   0 184 153  22   0],7,258,945.1400146484375,0,0,Fuel/Ambient,118448848,1740862429
1740862429315145325,22,[  0   0   0   0 184 153  22   0],7,258,945.1400146484375,0,0,Fuel/Ambient,314762843,1740862429
1740862429522653424,22,[  0   0   0   0 184 153  22   0],7,258,945.1400146484375,0,0,Fuel/Ambient,522163801,1740862429
1740862429718594346,22,[  0   0   0   0 184 153  22   0],7,258,945.1400146484375,0,0,Fuel/Ambient,717952331,1740862429
1740862429925024633,22,[  0   0   0   0 184 153  22   0],7,258,945.1400146484375,0,0,Fuel/Ambient,924410587,1740862429
1740862430121388770,22,[  0   0   0   0 184 153  22   0],7,258,945.1400146484375,0,0,Fuel/Ambient,120589340,1740862430
1740862430327036964,22,[  0   0   0   0 184 153  22   0],7,258,945.1400146484375,0,0,Fuel/Ambient,326544525,1740862430
1740862430525151231,22,[  0   0   0   0 184 153  22   0],7,258,945.1400146484375,0,0,Fuel/Ambient,524240531,1740862430
1740862430720629211,23,[  0   0   0   0 184 153  23   0],7,258,945.1400146484375,0,0,Fuel/Ambient,720034590,1740862430
1740862430929026816,23,[  0   0   0   0 184 153  23   0],7,258,945.1400146484375,0,0,Fuel/Ambient,928442725,1740862430
1740862431125073331,23,[  0   0   0   0 184 153  23   0],7,258,945.1400146484375,0,0,Fuel/Ambient,124273677,1740862431
1740862431331335915,23,[  0   0   0   0 184 153  23   0],7,258,945.1400146484375,0,0,Fuel/Ambient,330595144,1740862431
1740862431529054156,23,[  0   0   0   0 184 153  23   0],7,258,945.1400146484375,0,0,Fuel/Ambient,528185698,1740862431
1740862431724628485,23,[  0   0   0   0 184 154  23   0],7,258,945.1599731445312,0,0,Fuel/Ambient,723980838,1740862431
1740862431930446760,23,[  0   0   0   0 184 154  23   0],7,258,945.1599731445312,0,0,Fuel/Ambient,929632129,1740862431
1740862432125796018,23,[  0   0   0   0 184 154  23   0],7,258,945.1599731445312,0,0,Fuel/Ambient,125213975,1740862432
1740862432332432789,23,[  0   0   0   0 184 154  23   0],7,258,945.1599731445312,0,0,Fuel/Ambient,331842169,1740862432
1740862432529486030,23,[  0   0   0   0 184 154  23   0],7,258,945.1599731445312,0,0,Fuel/Ambient,529008983,1740862432
1740862432734089039,23,[  0   0   0   0 184 154  23   0],7,258,945.1599731445312,0,0,Fuel/Ambient,733642906,1740862432
1740862432928579918,23,[  0   0   0   0 184 154  23   0],7,258,945.1599731445312,0,0,Fuel/Ambient,928147706,1740862432
1740862433134315585,23,[  0   0   0   0 184 155  23   0],7,258,945.1799926757812,0,0,Fuel/Ambient,133654561,1740862433
1740862433330593390,23,[  0   0   0   0 184 155  23   0],7,258,945.1799926757812,0,0,Fuel/Ambient,329847082,1740862433
1740862433538522918,23,[  0   0   0   0 184 155  23   0],7,258,945.1799926757812,0,0,Fuel/Ambient,537870023,1740862433
1740862433734361598,23,[  0   0   0   0 184 155  23   0],7,258,945.1799926757812,0,0,Fuel/Ambient,733792035,1740862433
1740862433940409725,23,[  0   0   0   0 184 155  23   0],7,258,945.1799926757812,0,0,Fuel/Ambient,939915557,1740862433
1740862434136253808,23,[  0   0   0   0 184 155  23   0],7,258,945.1799926757812,0,0,Fuel/Ambient,135551599,1740862434
1740862434333140819,23,[  0   0   0   0 184 155  23   0],7,258,945.1799926757812,0,0,Fuel/Ambient,332115842,1740862434
1740862434541319824,23,[  0   0   0   0 184 156  23   0],7,258,945.2000122070312,0,0,Fuel/Ambient,540624719,1740862434
1740862434736706379,22,[  0   0   0   0 184 156  22   0],7,258,945.2000122070312,0,0,Fuel/Ambient,736191891,1740862434
1740862434942773572,22,[  0   0   0   0 184 156  22   0],7,258,945.2000122070312,0,0,Fuel/Ambient,942290093,1740862434
1740862435138340579,22,[  0   0   0   0 184 156  22   0],7,258,945.2000122070312,0,0,Fuel/Ambient,137776648,1740862435
1740862435344591100,22,[  0   0   0   0 184 156  22   0],7,258,945.2000122070312,0,0,Fuel/Ambient,343784566,1740862435
1740862435542687409,23,[  0   0   0   0 184 156  23   0],7,258,945.2000122070312,0,0,Fuel/Ambient,541925933,1740862435
1740862435738098535,23,[  0   0   0   0 184 156  23   0],7,258,945.2000122070312,0,0,Fuel/Ambient,737646481,1740862435
1740862435946636429,23,[  0   0   0   0 184 156  23   0],7,258,945.2000122070312,0,0,Fuel/Ambient,945936780,1740862435
1740862436143987770,23,[  0   0   0   0 184 156  23   0],7,258,945.2000122070312,0,0,Fuel/Ambient,143421791,1740862436
1740862436339921153,22,[  0   0   0   0 184 156  22   0],7,258,945.2000122070312,0,0,Fuel/Ambient,339116379,1740862436
1740862436547902309,22,[  0   0   0   0 184 156  22   0],7,258,945.2000122070312,0,0,Fuel/Ambient,547248742,1740862436
1740862436743476155,22,[  0   0   0   0 184 155  22   0],7,258,945.1799926757812,0,0,Fuel/Ambient,742870111,1740862436
1740862436950041500,22,[  0   0   0   0 184 156  22   0],7,258,945.2000122070312,0,0,Fuel/Ambient,949400734,1740862436
1740862437145765140,22,[  0   0   0   0 184 156  22   0],7,258,945.2000122070312,0,0,Fuel/Ambient,144775653,1740862437
1740862437351174999,22,[  0   0   0   0 184 156  22   0],7,258,945.2000122070312,0,0,Fuel/Ambient,350545657,1740862437
1740862437549254909,22,[  0   0   0   0 184 156  22   0],7,258,945.2000122070312,0,0,Fuel/Ambient,548742885,1740862437
1740862437746433144,22,[  0   0   0   0 184 156  22   0],7,258,945.2000122070312,0,0,Fuel/Ambient,745737783,1740862437
1740862437958420756,22,[  0   0   0   0 184 156  22   0],7,258,945.2000122070312,0,0,Fuel/Ambient,952595231,1740862437
1740862438149958110,22,[  0   0   0   0 184 156  22   0],7,258,945.2000122070312,0,0,Fuel/Ambient,148569372,1740862438
1740862438355293205,22,[  0   0   0   0 184 156  22   0],7,258,945.2000122070312,0,0,Fuel/Ambient,354683992,1740862438
1740862438553116136,22,[  0   0   0   0 184 156  22   0],7,258,945.2000122070312,0,0,Fuel/Ambient,552267296,1740862438
1740862438749599803,22,[  0   0   0   0 184 157  22   0],7,258,945.219970703125,0,0,Fuel/Ambient,748974878,1740862438
1740862438956269682,22,[  0   0   0   0 184 157  22   0],7,258,945.219970703125,0,0,Fuel/Ambient,955698583,1740862438
1740862439151729519,22,[  0   0   0   0 184 157  22   0],7,258,945.219970703125,0,0,Fuel/Ambient,151182261,1740862439
1740862439358107185,22,[  0   0   0   0 184 157  22   0],7,258,945.219970703125,0,0,Fuel/Ambient,357586776,1740862439
1740862439555776118,22,[  0   0   0   0 184 157  22   0],7,258,945.219970703125,0,0,Fuel/Ambient,555291711,1740862439
1740862439751516798,22,[  0   0   0   0 184 157  22   0],7,258,945.219970703125,0,0,Fuel/Ambient,750789820,1740862439
1740862439957414025,22,[  0   0   0   0 184 158  22   0],7,258,945.239990234375,0,0,Fuel/Ambient,956627588,1740862439
1740862440153314292,22,[  0   0   0   0 184 158  22   0],7,258,945.239990234375,0,0,Fuel/Ambient,152799804,1740862440
1740862440359236537,22,[  0   0   0   0 184 158  22   0],7,258,945.239990234375,0,0,Fuel/Ambient,358698240,1740862440
1740862440557489778,22,[  0   0   0   0 184 159  22   0],7,258,945.260009765625,0,0,Fuel/Ambient,556625737,1740862440
1740862440762876061,22,[  0   0   0   0 184 159  22   0],7,258,945.260009765625,0,0,Fuel/Ambient,762204445,1740862440
1740862440958732357,22,[  0   0   0   0 184 159  22   0],7,258,945.260009765625,0,0,Fuel/Ambient,958114695,1740862440
1740862441154640841,22,[  0   0   0   0 184 159  22   0],7,258,945.260009765625,0,0,Fuel/Ambient,153928071,1740862441
1740862441359805090,22,[  0   0   0   0 184 159  22   0],7,258,945.260009765625,0,0,Fuel/Ambient,359403535,1740862441
1740862441558269886,22,[  0   0   0   0 184 160  22   0],7,258,945.280029296875,0,0,Fuel/Ambient,556861692,1740862441
1740862441764413190,22,[  0   0   0   0 184 160  22   0],7,258,945.280029296875,0,0,Fuel/Ambient,763332467,1740862441
1740862441959886932,22,[  0   0   0   0 184 160  22   0],7,258,945.280029296875,0,0,Fuel/Ambient,959055309,1740862441
1740862442166184221,22,[  0   0   0   0 184 160  22   0],7,258,945.280029296875,0,0,Fuel/Ambient,164973476,1740862442
1740862442360524015,22,[  0   0   0   0 184 160  22   0],7,258,945.280029296875,0,0,Fuel/Ambient,359964564,1740862442
1740862442569053984,22,[  0   0   0   0 184 160  22   0],7,258,945.280029296875,0,0,Fuel/Ambient,567701184,1740862442
1740862442763978093,22,[  0   0   0   0 184 160  22   0],7,258,945.280029296875,0,0,Fuel/Ambient,763388082,1740862442
1740862442969696890,22,[  0   0   0   0 184 161  22   0],7,258,945.2999877929688,0,0,Fuel/Ambient,969039867,1740862442
1740862443165167803,22,[  0   0   0   0 184 161  22   0],7,258,945.2999877929688,0,0,Fuel/Ambient,164495323,1740862443
1740862443371414585,22,[  0   0   0   0 184 161  22   0],7,258,945.2999877929688,0,0,Fuel/Ambient,370647701,1740862443
1740862443569394960,22,[  0   0   0   0 184 161  22   0],7,258,945.2999877929688,0,0,Fuel/Ambient,568611787,1740862443
1740862443764942579,22,[  0   0   0   0 184 161  22   0],7,258,945.2999877929688,0,0,Fuel/Ambient,764450108,1740862443
1740862443970235236,22,[  0   0   0   0 184 161  22   0],7,258,945.2999877929688,0,0,Fuel/Ambient,969722732,1740862443
1740862444165445554,22,[  0   0   0   0 184 161  22   0],7,258,945.2999877929688,0,0,Fuel/Ambient,165026558,1740862444
1740862444371487359,22,[  0   0   0   0 184 161  22   0],7,258,945.2999877929688,0,0,Fuel/Ambient,370711098,1740862444
1740862444569629558,22,[  0   0   0   0 184 162  22   0],7,258,945.3200073242188,0,0,Fuel/Ambient,569193250,1740862444
1740862444775904910,22,[  0   0   0   0 184 162  22   0],7,258,945.3200073242188,0,0,Fuel/Ambient,775387766,1740862444
1740862444972047367,22,[  0   0   0   0 184 162  22   0],7,258,945.3200073242188,0,0,Fuel/Ambient,971377255,1740862444
1740862445168339393,22,[  0   0   0   0 184 162  22   0],7,258,945.3200073242188,0,0,Fuel/Ambient,167853962,1740862445
1740862445374560367,22,[  0   0   0   0 184 162  22   0],7,258,945.3200073242188,0,0,Fuel/Ambient,374081177,1740862445
1740862445570997455,22,[  0   0   0   0 184 162  22   0],7,258,945.3200073242188,0,0,Fuel/Ambient,570511800,1740862445
1740862445777706388,22,[  0   0   0   0 184 162  22   0],7,258,945.3200073242188,0,0,Fuel/Ambient,776746663,1740862445
1740862445972758546,22,[  0   0   0   0 184 162  22   0],7,258,945.3200073242188,0,0,Fuel/Ambient,972156854,1740862445
1740862446178380574,22,[  0   0   0   0 184 162  22   0],7,258,945.3200073242188,0,0,Fuel/Ambient,177954858,1740862446
1740862446374225211,22,[  0   0   0   0 184 163  22   0],7,258,945.3400268554688,0,0,Fuel/Ambient,373414676,1740862446
1740862446582758254,22,[  0   0   0   0 184 163  22   0],7,258,945.3400268554688,0,0,Fuel/Ambient,582006027,1740862446
1740862446778694864,22,[  0   0   0   0 184 163  22   0],7,258,945.3400268554688,0,0,Fuel/Ambient,777922635,1740862446
1740862446974882301,22,[  0   0   0   0 184 163  22   0],7,258,945.3400268554688,0,0,Fuel/Ambient,974195708,1740862446
1740862447180808719,22,[  0   0   0   0 184 163  22   0],7,258,945.3400268554688,0,0,Fuel/Ambient,180124943,1740862447
1740862447378076648,22,[  0   0   0   0 184 163  22   0],7,258,945.3400268554688,0,0,Fuel/Ambient,377485004,1740862447
1740862447577496327,22,[  0   0   0   0 184 163  22   0],7,258,945.3400268554688,0,0,Fuel/Ambient,576943885,1740862447
1740862447782377543,22,[  0   0   0   0 184 163  22   0],7,258,945.3400268554688,0,0,Fuel/Ambient,781841742,1740862447
1740862447977427127,22,[  0   0   0   0 184 163  22   0],7,258,945.3400268554688,0,0,Fuel/Ambient,976823931,1740862447
1740862448184100774,22,[  0   0   0   0 184 163  22   0],7,258,945.3400268554688,0,0,Fuel/Ambient,183580557,1740862448
1740862448379673672,22,[  0   0   0   0 184 163  22   0],7,258,945.3400268554688,0,0,Fuel/Ambient,379200977,1740862448
1740862448588441400,22,[  0   0   0   0 184 163  22   0],7,258,945.3400268554688,0,0,Fuel/Ambient,587976738,1740862448
1740862448783495553,22,[  0   0   0   0 184 162  22   0],7,258,945.3200073242188,0,0,Fuel/Ambient,782936903,1740862448
1740862448988948021,22,[  0   0   0   0 184 162  22   0],7,258,945.3200073242188,0,0,Fuel/Ambient,988446526,1740862448
1740862449184887010,22,[  0   0   0   0 184 162  22   0],7,258,945.3200073242188,0,0,Fuel/Ambient,184412332,1740862449
1740862449391016847,22,[  0   0   0   0 184 161  22   0],7,258,945.2999877929688,0,0,Fuel/Ambient,390344687,1740862449
1740862449589451505,22,[  0   0   0   0 184 161  22   0],7,258,945.2999877929688,0,0,Fuel/Ambient,588559527,1740862449
1740862449786075774,22,[  0   0   0   0 184 161  22   0],7,258,945.2999877929688,0,0,Fuel/Ambient,785478145,1740862449
1740862449992157320,22,[  0   0   0   0 184 160  22   0],7,258,945.280029296875,0,0,Fuel/Ambient,991347874,1740862449
1740862450187908901,22,[  0   0   0   0 184 160  22   0],7,258,945.280029296875,0,0,Fuel/Ambient,187300488,1740862450
1740862450393472688,22,[  0   0   0   0 184 159  22   0],7,258,945.260009765625,0,0,Fuel/Ambient,392926134,1740862450
1740862450592067698,22,[  0   0   0   0 184 159  22   0],7,258,945.260009765625,0,0,Fuel/Ambient,591369809,1740862450
1740862450787729227,22,[  0   0   0   0 184 158  22   0],7,258,945.239990234375,0,0,Fuel/Ambient,787092013,1740862450
1740862450993883409,22,[  0   0   0   0 184 158  22   0],7,258,945.239990234375,0,0,Fuel/Ambient,993326807,1740862450
1740862451190734299,22,[  0   0   0   0 184 158  22   0],7,258,945.239990234375,0,0,Fuel/Ambient,189801487,1740862451
1740862451397012032,22,[  0   0   0   0 184 157  22   0],7,258,945.219970703125,0,0,Fuel/Ambient,395704034,1740862451
1740862451596544487,22,[  0   0   0   0 184 157  22   0],7,258,945.219970703125,0,0,Fuel/Ambient,595756866,1740862451
1740862451791997359,22,[  0   0   0   0 184 157  22   0],7,258,945.219970703125,0,0,Fuel/Ambient,791317743,1740862451
1740862451998563682,22,[  0   0   0   0 184 156  22   0],7,258,945.2000122070312,0,0,Fuel/Ambient,997367274,1740862451
1740862452193480074,22,[  0   0   0   0 184 156  22   0],7,258,945.2000122070312,0,0,Fuel/Ambient,193036789,1740862452
1740862452398780505,22,[  0   0   0   0 184 156  22   0],7,258,945.2000122070312,0,0,Fuel/Ambient,398083737,1740862452
1740862452597103233,22,[  0   0   0   0 184 156  22   0],7,258,945.2000122070312,0,0,Fuel/Ambient,596344094,1740862452
1740862452802250442,22,[  0   0   0   0 184 155  22   0],7,258,945.1799926757812,0,0,Fuel/Ambient,801688111,1740862452
1740862452997717835,22,[  0   0   0   0 184 156  22   0],7,258,945.2000122070312,0,0,Fuel/Ambient,996956584,1740862452
1740862453203392518,22,[  0   0   0   0 184 155  22   0],7,258,945.1799926757812,0,0,Fuel/Ambient,202879534,1740862453
1740862453398433613,22,[  0   0   0   0 184 155  22   0],7,258,945.1799926757812,0,0,Fuel/Ambient,397783758,1740862453
1740862453606040545,22,[  0   0   0   0 184 155  22   0],7,258,945.1799926757812,0,0,Fuel/Ambient,605301791,1740862453
1740862453802624433,22,[  0   0   0   0 184 155  22   0],7,258,945.1799926757812,0,0,Fuel/Ambient,801937648,1740862453
1740862453998917842,22,[  0   0   0   0 184 155  22   0],7,258,945.1799926757812,0,0,Fuel/Ambient,998109964,1740862453
1740862454205484079,22,[  0   0   0   0 184 155  22   0],7,258,945.1799926757812,0,0,Fuel/Ambient,204931893,1740862454
1740862454400816157,22,[  0   0   0   0 184 155  22   0],7,258,945.1799926757812,0,0,Fuel/Ambient,400214273,1740862454
1740862454609437690,22,[  0   0   0   0 184 155  22   0],7,258,945.1799926757812,0,0,Fuel/Ambient,608551120,1740862454
1740862454805650481,22,[  0   0   0   0 184 155  22   0],7,258,945.1799926757812,0,0,Fuel/Ambient,805081974,1740862454
1740862455001599260,22,[  0   0   0   0 184 156  22   0],7,258,945.2000122070312,0,0,Fuel/Ambient,1014528,1740862455
1740862455209415660,22,[  0   0   0   0 184 156  22   0],7,258,945.2000122070312,0,0,Fuel/Ambient,208774414,1740862455
1740862455404458117,22,[  0   0   0   0 184 156  22   0],7,258,945.2000122070312,0,0,Fuel/Ambient,403991631,1740862455
1740862455611500657,22,[  0   0   0   0 184 156  22   0],7,258,945.2000122070312,0,0,Fuel/Ambient,610989049,1740862455
1740862455807076771,22,[  0   0   0   0 184 156  22   0],7,258,945.2000122070312,0,0,Fuel/Ambient,806211579,1740862455
1740862456013423310,22,[  0   0   0   0 184 156  22   0],7,258,945.2000122070312,0,0,Fuel/Ambient,12926999,1740862456
1740862456209636983,22,[  0   0   0   0 184 156  22   0],7,258,945.2000122070312,0,0,Fuel/Ambient,209014618,1740862456
1740862456415090898,22,[  0   0   0   0 184 156  22   0],7,258,945.2000122070312,0,0,Fuel/Ambient,414712928,1740862456
1740862456613463744,22,[  0   0   0   0 184 156  22   0],7,258,945.2000122070312,0,0,Fuel/Ambient,612258280,1740862456
1740862456809397724,22,[  0   0   0   0 184 156  22   0],7,258,945.2000122070312,0,0,Fuel/Ambient,808339243,1740862456
1740862457015140068,22,[  0   0   0   0 184 156  22   0],7,258,945.2000122070312,0,0,Fuel/Ambient,14466212,1740862457
1740862457210735145,22,[  0   0   0   0 184 155  22   0],7,258,945.1799926757812,0,0,Fuel/Ambient,210394009,1740862457
1740862457416452585,22,[  0   0   0   0 184 156  22   0],7,258,945.2000122070312,0,0,Fuel/Ambient,415855341,1740862457
1740862457616275284,21,[  0   0   0   0 184 156  21   0],7,258,945.2000122070312,0,0,Fuel/Ambient,615821663,1740862457
1740862457811458598,21,[  0   0   0   0 184 156  21   0],7,258,945.2000122070312,0,0,Fuel/Ambient,810987312,1740862457
1740862458016716528,21,[  0   0   0   0 184 156  21   0],7,258,945.2000122070312,0,0,Fuel/Ambient,16037168,1740862458
1740862458211618190,21,[  0   0   0   0 184 157  21   0],7,258,945.219970703125,0,0,Fuel/Ambient,210986576,1740862458
1740862458416494975,21,[  0   0   0   0 184 157  21   0],7,258,945.219970703125,0,0,Fuel/Ambient,416080012,1740862458
1740862458613538881,21,[  0   0   0   0 184 157  21   0],7,258,945.219970703125,0,0,Fuel/Ambient,612975591,1740862458
1740862458819116851,21,[  0   0   0   0 184 157  21   0],7,258,945.219970703125,0,0,Fuel/Ambient,817934172,1740862458
1740862459021108285,21,[  0   0   0   0 184 157  21   0],7,258,945.219970703125,0,0,Fuel/Ambient,20593125,1740862459
1740862459216317571,21,[  0   0   0   0 184 157  21   0],7,258,945.219970703125,0,0,Fuel/Ambient,215801066,1740862459
1740862459422074646,21,[  0   0   0   0 184 157  21   0],7,258,945.219970703125,0,0,Fuel/Ambient,421655458,1740862459
1740862459619721837,21,[  0   0   0   0 184 157  21   0],7,258,945.219970703125,0,0,Fuel/Ambient,619208213,1740862459
1740862459825130608,21,[  0   0   0   0 184 157  21   0],7,258,945.219970703125,0,0,Fuel/Ambient,824372973,1740862459
1740862460020374327,21,[  0   0   0   0 184 157  21   0],7,258,945.219970703125,0,0,Fuel/Ambient,19824733,1740862460
1740862460224966253,21,[  0   0   0   0 184 156  21   0],7,258,945.2000122070312,0,0,Fuel/Ambient,224507575,1740862460
1740862460419967138,21,[  0   0   0   0 184 156  21   0],7,258,945.2000122070312,0,0,Fuel/Ambient,419466091,1740862460
1740862460626917414,21,[  0   0   0   0 184 156  21   0],7,258,945.2000122070312,0,0,Fuel/Ambient,626399053,1740862460
1740862460821651663,21,[  0   0   0   0 184 156  21   0],7,258,945.2000122070312,0,0,Fuel/Ambient,821212378,1740862460
1740862461027839214,21,[  0   0   0   0 184 156  21   0],7,258,945.2000122070312,0,0,Fuel/Ambient,27315381,1740862461
1740862461223573087,21,[  0   0   0   0 184 157  21   0],7,258,945.219970703125,0,0,Fuel/Ambient,223106089,1740862461
1740862461433930074,21,[  0   0   0   0 184 156  21   0],7,258,945.2000122070312,0,0,Fuel/Ambient,433466885,1740862461
1740862461622866734,21,[  0   0   0   0 184 156  21   0],7,258,945.2000122070312,0,0,Fuel/Ambient,622390616,1740862461
1740862461827429467,21,[  0   0   0   0 184 156  21   0],7,258,945.2000122070312,0,0,Fuel/Ambient,826863937,1740862461
1740862462033295300,21,[  0   0   0   0 184 156  21   0],7,258,945.2000122070312,0,0,Fuel/Ambient,32738954,1740862462
1740862462229338140,21,[  0   0   0   0 184 156  21   0],7,258,945.2000122070312,0,0,Fuel/Ambient,228849926,1740862462
1740862462425771783,21,[  0   0   0   0 184 156  21   0],7,258,945.2000122070312,0,0,Fuel/Ambient,425281424,1740862462
1740862462633625959,21,[  0   0   0   0 184 156  21   0],7,258,945.2000122070312,0,0,Fuel/Ambient,633159889,1740862462
1740862462830520935,21,[  0   0   0   0 184 156  21   0],7,258,945.2000122070312,0,0,Fuel/Ambient,830070802,1740862462
1740862463028834409,21,[  0   0   0   0 184 156  21   0],7,258,945.2000122070312,0,0,Fuel/Ambient,28326577,1740862463
1740862463234335284,21,[  0   0   0   0 184 157  21   0],7,258,945.219970703125,0,0,Fuel/Ambient,233921376,1740862463
1740862463429201199,21,[  0   0   0   0 184 157  21   0],7,258,945.219970703125,0,0,Fuel/Ambient,428747961,1740862463
1740862463635673799,21,[  0   0   0   0 184 157  21   0],7,258,945.219970703125,0,0,Fuel/Ambient,635206897,1740862463
1740862463830694185,21,[  0   0   0   0 184 158  21   0],7,258,945.239990234375,0,0,Fuel/Ambient,830260180,1740862463
1740862464038469596,21,[  0   0   0   0 184 158  21   0],7,258,945.239990234375,0,0,Fuel/Ambient,37725370,1740862464
1740862464233906667,21,[  0   0   0   0 184 158  21   0],7,258,945.239990234375,0,0,Fuel/Ambient,233438229,1740862464
1740862464439312010,21,[  0   0   0   0 184 158  21   0],7,258,945.239990234375,0,0,Fuel/Ambient,438850805,1740862464
1740862464635876174,21,[  0   0   0   0 184 159  21   0],7,258,945.260009765625,0,0,Fuel/Ambient,635138091,1740862464
1740862464841827526,21,[  0   0   0   0 184 159  21   0],7,258,945.260009765625,0,0,Fuel/Ambient,841334928,1740862464
1740862465040240927,21,[  0   0   0   0 184 159  21   0],7,258,945.260009765625,0,0,Fuel/Ambient,36215619,1740862465
1740862465244885908,21,[  0   0   0   0 184 159  21   0],7,258,945.260009765625,0,0,Fuel/Ambient,242065488,1740862465
1740862465437572380,21,[  0   0   0   0 184 159  21   0],7,258,945.260009765625,0,0,Fuel/Ambient,436932894,1740862465
1740862465646386611,21,[  0   0   0   0 184 159  21   0],7,258,945.260009765625,0,0,Fuel/Ambient,645365827,1740862465
1740862465840791371,21,[  0   0   0   0 184 159  21   0],7,258,945.260009765625,0,0,Fuel/Ambient,840152077,1740862465
1740862466045594822,21,[  0   0   0   0 184 159  21   0],7,258,945.260009765625,0,0,Fuel/Ambient,44836194,1740862466
1740862466240359944,21,[  0   0   0   0 184 159  21   0],7,258,945.260009765625,0,0,Fuel/Ambient,239853040,1740862466
1740862466446768232,21,[  0   0   0   0 184 159  21   0],7,258,945.260009765625,0,0,Fuel/Ambient,446309970,1740862466
1740862466643498885,21,[  0   0   0   0 184 159  21   0],7,258,945.260009765625,0,0,Fuel/Ambient,643042096,1740862466
1740862466848890486,21,[  0   0   0   0 184 159  21   0],7,258,945.260009765625,0,0,Fuel/Ambient,848311419,1740862466
1740862467048926508,21,[  0   0   0   0 184 159  21   0],7,258,945.260009765625,0,0,Fuel/Ambient,48431477,1740862467
1740862467245110985,21,[  0   0   0   0 184 159  21   0],7,258,945.260009765625,0,0,Fuel/Ambient,243224658,1740862467
1740862467448451796,21,[  0   0   0   0 184 159  21   0],7,258,945.260009765625,0,0,Fuel/Ambient,447952508,1740862467
1740862467644775032,21,[  0   0   0   0 184 159  21   0],7,258,945.260009765625,0,0,Fuel/Ambient,644330243,1740862467
1740862467849233046,21,[  0   0   0   0 184 158  21   0],7,258,945.239990234375,0,0,Fuel/Ambient,848736511,1740862467
1740862468044206842,21,[  0   0   0   0 184 158  21   0],7,258,945.239990234375,0,0,Fuel/Ambient,43544923,1740862468
1740862468250386369,21,[  0   0   0   0 184 158  21   0],7,258,945.239990234375,0,0,Fuel/Ambient,249804102,1740862468
1740862468454850424,21,[  0   0   0   0 184 158  21   0],7,258,945.239990234375,0,0,Fuel/Ambient,454400228,1740862468
1740862468651574632,21,[  0   0   0   0 184 159  21   0],7,258,945.260009765625,0,0,Fuel/Ambient,651118867,1740862468
1740862468846767249,21,[  0   0   0   0 184 159  21   0],7,258,945.260009765625,0,0,Fuel/Ambient,846328285,1740862468
1740862469052722636,21,[  0   0   0   0 184 159  21   0],7,258,945.260009765625,0,0,Fuel/Ambient,52237366,1740862469
1740862469248147449,21,[  0   0   0   0 184 159  21   0],7,258,945.260009765625,0,0,Fuel/Ambient,247623585,1740862469
1740862469453231687,21,[  0   0   0   0 184 160  21   0],7,258,945.280029296875,0,0,Fuel/Ambient,452735376,1740862469
1740862469649350484,21,[  0   0   0   0 184 160  21   0],7,258,945.280029296875,0,0,Fuel/Ambient,648745688,1740862469
1740862469853994797,21,[  0   0   0   0 184 160  21   0],7,258,945.280029296875,0,0,Fuel/Ambient,853381104,1740862469
1740862470058619747,21,[  0   0   0   0 184 160  21   0],7,258,945.280029296875,0,0,Fuel/Ambient,58074506,1740862470
1740862470253150656,21,[  0   0   0   0 184 160  21   0],7,258,945.280029296875,0,0,Fuel/Ambient,252621607,1740862470
1740862470458588183,21,[  0   0   0   0 184 160  21   0],7,258,945.280029296875,0,0,Fuel/Ambient,458108576,1740862470
1740862470655924470,21,[  0   0   0   0 184 160  21   0],7,258,945.280029296875,0,0,Fuel/Ambient,655460032,1740862470
1740862470862523810,21,[  0   0   0   0 184 160  21   0],7,258,945.280029296875,0,0,Fuel/Ambient,861870692,1740862470
1740862471057294697,21,[  0   0   0   0 184 160  21   0],7,258,945.280029296875,0,0,Fuel/Ambient,56804690,1740862471
1740862471257867479,21,[  0   0   0   0 184 160  21   0],7,258,945.280029296875,0,0,Fuel/Ambient,257351775,1740862471
1740862471458591948,21,[  0   0   0   0 184 160  21   0],7,258,945.280029296875,0,0,Fuel/Ambient,454761915,1740862471
1740862471662232009,21,[  0   0   0   0 184 160  21   0],7,258,945.280029296875,0,0,Fuel/Ambient,661617740,1740862471
1740862471857864626,21,[  0   0   0   0 184 161  21   0],7,258,945.2999877929688,0,0,Fuel/Ambient,857272951,1740862471
1740862472064509976,21,[  0   0   0   0 184 161  21   0],7,258,945.2999877929688,0,0,Fuel/Ambient,64024257,1740862472
1740862472259333941,21,[  0   0   0   0 184 161  21   0],7,258,945.2999877929688,0,0,Fuel/Ambient,258843807,1740862472
1740862512200888488,20,[  0   0   0   0 184 162  20   0],7,258,945.3200073242188,0,0,Fuel/Ambient,200447636,1740862512
1740862512401428010,20,[  0   0   0   0 184 162  20   0],7,258,945.3200073242188,0,0,Fuel/Ambient,400886546,1740862512
1740862512597524068,20,[  0   0   0   0 184 162  20   0],7,258,945.3200073242188,0,0,Fuel/Ambient,597059759,1740862512
1740862512796891633,20,[  0   0   0   0 184 162  20   0],7,258,945.3200073242188,0,0,Fuel/Ambient,795722652,1740862512
1740862513002422899,20,[  0   0   0   0 184 163  20   0],7,258,945.3400268554688,0,0,Fuel/Ambient,1458120,1740862513
1740862513197492537,20,[  0   0   0   0 184 163  20   0],7,258,945.3400268554688,0,0,Fuel/Ambient,196931647,1740862513
1740862513404284653,20,[  0   0   0   0 184 163  20   0],7,258,945.3400268554688,0,0,Fuel/Ambient,403839289,1740862513
1740862513601882373,20,[  0   0   0   0 184 163  20   0],7,258,945.3400268554688,0,0,Fuel/Ambient,600516519,1740862513
1740862513797468449,20,[  0   0   0   0 184 162  20   0],7,258,945.3200073242188,0,0,Fuel/Ambient,797041582,1740862513
1740862514003903430,20,[  0   0   0   0 184 162  20   0],7,258,945.3200073242188,0,0,Fuel/Ambient,3263881,1740862514
1740862514199277427,20,[  0   0   0   0 184 162  20   0],7,258,945.3200073242188,0,0,Fuel/Ambient,198735355,1740862514
1740862514405087509,20,[  0   0   0   0 184 162  20   0],7,258,945.3200073242188,0,0,Fuel/Ambient,404539484,1740862514
1740862514600919767,20,[  0   0   0   0 184 162  20   0],7,258,945.3200073242188,0,0,Fuel/Ambient,600127539,1740862514
1740862514808815383,20,[  0   0   0   0 184 162  20   0],7,258,945.3200073242188,0,0,Fuel/Ambient,808334081,1740862514
1740862515004864258,20,[  0   0   0   0 184 162  20   0],7,258,945.3200073242188,0,0,Fuel/Ambient,3916951,1740862515
1740862515209753012,20,[  0   0   0   0 184 162  20   0],7,258,945.3200073242188,0,0,Fuel/Ambient,209278687,1740862515
1740862515405818651,20,[  0   0   0   0 184 162  20   0],7,258,945.3200073242188,0,0,Fuel/Ambient,405095066,1740862515
1740862515611329833,20,[  0   0   0   0 184 162  20   0],7,258,945.3200073242188,0,0,Fuel/Ambient,610788369,1740862515
1740862515809392169,20,[  0   0   0   0 184 162  20   0],7,258,945.3200073242188,0,0,Fuel/Ambient,808772749,1740862515
1740862516005193443,20,[  0   0   0   0 184 162  20   0],7,258,945.3200073242188,0,0,Fuel/Ambient,4370110,1740862516
1740862516211650421,20,[  0   0   0   0 184 162  20   0],7,258,945.3200073242188,0,0,Fuel/Ambient,210524579,1740862516
1740862516407543597,20,[  0   0   0   0 184 162  20   0],7,258,945.3200073242188,0,0,Fuel/Ambient,406671526,1740862516
1740862516613847897,20,[  0   0   0   0 184 162  20   0],7,258,945.3200073242188,0,0,Fuel/Ambient,612402328,1740862516
1740862516811839984,20,[  0   0   0   0 184 162  20   0],7,258,945.3200073242188,0,0,Fuel/Ambient,810841987,1740862516
1740862517016879906,20,[  0   0   0   0 184 162  20   0],7,258,945.3200073242188,0,0,Fuel/Ambient,16391756,1740862517
1740862517213804834,20,[  0   0   0   0 184 162  20   0],7,258,945.3200073242188,0,0,Fuel/Ambient,213357102,1740862517
1740862517411543207,20,[  0   0   0   0 184 162  20   0],7,258,945.3200073242188,0,0,Fuel/Ambient,410057221,1740862517
1740862517617127404,20,[  0   0   0   0 184 162  20   0],7,258,945.3200073242188,0,0,Fuel/Ambient,616721018,1740862517
1740862517815226914,20,[  0   0   0   0 184 162  20   0],7,258,945.3200073242188,0,0,Fuel/Ambient,814321433,1740862517
1740862518010410388,20,[  0   0   0   0 184 161  20   0],7,258,945.2999877929688,0,0,Fuel/Ambient,10000001,1740862518
1740862518216545035,20,[  0   0   0   0 184 161  20   0],7,258,945.2999877929688,0,0,Fuel/Ambient,215953040,1740862518
1740862518411647924,20,[  0   0   0   0 184 161  20   0],7,258,945.2999877929688,0,0,Fuel/Ambient,411109980,1740862518
1740862518617068619,20,[  0   0   0   0 184 161  20   0],7,258,945.2999877929688,0,0,Fuel/Ambient,616429582,1740862518
1740862518814941520,20,[  0   0   0   0 184 161  20   0],7,258,945.2999877929688,0,0,Fuel/Ambient,812767022,1740862518
1740862519018844034,20,[  0   0   0   0 184 161  20   0],7,258,945.2999877929688,0,0,Fuel/Ambient,18360909,1740862519
1740862519215976544,20,[  0   0   0   0 184 161  20   0],7,258,945.2999877929688,0,0,Fuel/Ambient,215218878,1740862519
1740862519422443392,20,[  0   0   0   0 184 161  20   0],7,258,945.2999877929688,0,0,Fuel/Ambient,421761921,1740862519
1740862519617959477,20,[  0   0   0   0 184 161  20   0],7,258,945.2999877929688,0,0,Fuel/Ambient,617465023,1740862519
1740862519816912804,20,[  0   0   0   0 184 161  20   0],7,258,945.2999877929688,0,0,Fuel/Ambient,816078239,1740862519
1740862520022249297,20,[  0   0   0   0 184 161  20   0],7,258,945.2999877929688,0,0,Fuel/Ambient,21630485,1740862520
1740862520219825596,20,[  0   0   0   0 184 161  20   0],7,258,945.2999877929688,0,0,Fuel/Ambient,219100636,1740862520
1740862520426199602,20,[  0   0   0   0 184 161  20   0],7,258,945.2999877929688,0,0,Fuel/Ambient,425492818,1740862520
1740862520622830451,20,[  0   0   0   0 184 161  20   0],7,258,945.2999877929688,0,0,Fuel/Ambient,622023535,1740862520
1740862520821517008,21,[  0   0   0   0 184 161  21   0],7,258,945.2999877929688,0,0,Fuel/Ambient,820815825,1740862520
1740862521169401022,21,[  0   0   0   0 184 161  21   0],7,258,945.2999877929688,0,0,Fuel/Ambient,26887831,1740862521
1740862521223122273,21,[  0   0   0   0 184 161  21   0],7,258,945.2999877929688,0,0,Fuel/Ambient,222405665,1740862521
1740862521428211638,21,[  0   0   0   0 184 161  21   0],7,258,945.2999877929688,0,0,Fuel/Ambient,427509015,1740862521
1740862521623503670,21,[  0   0   0   0 184 161  21   0],7,258,945.2999877929688,0,0,Fuel/Ambient,623043713,1740862521
1740862521830418461,21,[  0   0   0   0 184 161  21   0],7,258,945.2999877929688,0,0,Fuel/Ambient,829911174,1740862521
1740862522024944089,21,[  0   0   0   0 184 161  21   0],7,258,945.2999877929688,0,0,Fuel/Ambient,24509477,1740862522
1740862522229445454,21,[  0   0   0   0 184 161  21   0],7,258,945.2999877929688,0,0,Fuel/Ambient,228994202,1740862522
1740862522434545469,21,[  0   0   0   0 184 161  21   0],7,258,945.2999877929688,0,0,Fuel/Ambient,434111434,1740862522
1740862522630670748,21,[  0   0   0   0 184 161  21   0],7,258,945.2999877929688,0,0,Fuel/Ambient,630109315,1740862522
1740862522829163012,21,[  0   0   0   0 184 161  21   0],7,258,945.2999877929688,0,0,Fuel/Ambient,828616940,1740862522
1740862523034267859,21,[  0   0   0   0 184 161  21   0],7,258,945.2999877929688,0,0,Fuel/Ambient,33734491,1740862523
1740862523229674156,21,[  0   0   0   0 184 161  21   0],7,258,945.2999877929688,0,0,Fuel/Ambient,229252089,1740862523
1740862523437139167,21,[  0   0   0   0 184 161  21   0],7,258,945.2999877929688,0,0,Fuel/Ambient,435838052,1740862523
1740862523633192116,21,[  0   0   0   0 184 161  21   0],7,258,945.2999877929688,0,0,Fuel/Ambient,632574040,1740862523
1740862523832160331,21,[  0   0   0   0 184 161  21   0],7,258,945.2999877929688,0,0,Fuel/Ambient,831091836,1740862523
1740862524038966208,21,[  0   0   0   0 184 161  21   0],7,258,945.2999877929688,0,0,Fuel/Ambient,37947186,1740862524
1740862524235904791,21,[  0   0   0   0 184 161  21   0],7,258,945.2999877929688,0,0,Fuel/Ambient,235412353,1740862524
1740862524441711225,21,[  0   0   0   0 184 161  21   0],7,258,945.2999877929688,0,0,Fuel/Ambient,441170561,1740862524
1740862524637986259,21,[  0   0   0   0 184 161  21   0],7,258,945.2999877929688,0,0,Fuel/Ambient,637082474,1740862524
1740862524834240875,21,[  0   0   0   0 184 162  21   0],7,258,945.3200073242188,0,0,Fuel/Ambient,833778198,1740862524
1740862525039350893,21,[  0   0   0   0 184 162  21   0],7,258,945.3200073242188,0,0,Fuel/Ambient,38811733,1740862525
1740862525244387655,21,[  0   0   0   0 184 162  21   0],7,258,945.3200073242188,0,0,Fuel/Ambient,243844271,1740862525
1740862525439729905,21,[  0   0   0   0 184 162  21   0],7,258,945.3200073242188,0,0,Fuel/Ambient,438977264,1740862525
1740862525644324791,21,[  0   0   0   0 184 162  21   0],7,258,945.3200073242188,0,0,Fuel/Ambient,643747966,1740862525
1740862525841138787,21,[  0   0   0   0 184 163  21   0],7,258,945.3400268554688,0,0,Fuel/Ambient,840603723,1740862525
1740862526046056790,21,[  0   0   0   0 184 162  21   0],7,258,945.3200073242188,0,0,Fuel/Ambient,45579809,1740862526
1740862526241912561,21,[  0   0   0   0 184 162  21   0],7,258,945.3200073242188,0,0,Fuel/Ambient,241270100,1740862526
1740862526446538258,21,[  0   0   0   0 184 162  21   0],7,258,945.3200073242188,0,0,Fuel/Ambient,445875253,1740862526
1740862526641129493,21,[  0   0   0   0 184 162  21   0],7,258,945.3200073242188,0,0,Fuel/Ambient,640597885,1740862526
1740862526847852308,21,[  0   0   0   0 184 162  21   0],7,258,945.3200073242188,0,0,Fuel/Ambient,847365470,1740862526
1740862527042713185,21,[  0   0   0   0 184 162  21   0],7,258,945.3200073242188,0,0,Fuel/Ambient,42200682,1740862527
1740862527247433088,21,[  0   0   0   0 184 162  21   0],7,258,945.3200073242188,0,0,Fuel/Ambient,246996877,1740862527
1740862527442827488,21,[  0   0   0   0 184 162  21   0],7,258,945.3200073242188,0,0,Fuel/Ambient,442370412,1740862527
1740862527648607183,21,[  0   0   0   0 184 162  21   0],7,258,945.3200073242188,0,0,Fuel/Ambient,648105881,1740862527
1740862527845048318,21,[  0   0   0   0 184 162  21   0],7,258,945.3200073242188,0,0,Fuel/Ambient,844419074,1740862527
1740862528050551839,21,[  0   0   0   0 184 163  21   0],7,258,945.3400268554688,0,0,Fuel/Ambient,50113771,1740862528
1740862528245748368,21,[  0   0   0   0 184 163  21   0],7,258,945.3400268554688,0,0,Fuel/Ambient,245244634,1740862528
1740862528451638366,21,[  0   0   0   0 184 163  21   0],7,258,945.3400268554688,0,0,Fuel/Ambient,451136935,1740862528
1740862528646219796,21,[  0   0   0   0 184 162  21   0],7,258,945.3200073242188,0,0,Fuel/Ambient,645722333,1740862528
1740862528853750506,21,[  0   0   0   0 184 162  21   0],7,258,945.3200073242188,0,0,Fuel/Ambient,852854498,1740862528
1740862529048591786,21,[  0   0   0   0 184 162  21   0],7,258,945.3200073242188,0,0,Fuel/Ambient,48066963,1740862529
1740862529253705455,21,[  0   0   0   0 184 162  21   0],7,258,945.3200073242188,0,0,Fuel/Ambient,252990191,1740862529
1740862529448726163,21,[  0   0   0   0 184 162  21   0],7,258,945.3200073242188,0,0,Fuel/Ambient,448001746,1740862529
1740862529653713810,21,[  0   0   0   0 184 163  21   0],7,258,945.3400268554688,0,0,Fuel/Ambient,653225212,1740862529
1740862529849877512,21,[  0   0   0   0 184 163  21   0],7,258,945.3400268554688,0,0,Fuel/Ambient,849433972,1740862529
1740862530055013036,21,[  0   0   0   0 184 162  21   0],7,258,945.3200073242188,0,0,Fuel/Ambient,54398289,1740862530
1740862530259933474,21,[  0   0   0   0 184 162  21   0],7,258,945.3200073242188,0,0,Fuel/Ambient,259363081,1740862530
1740862530454968161,21,[  0   0   0   0 184 162  21   0],7,258,945.3200073242188,0,0,Fuel/Ambient,454455370,1740862530
1740862530660017948,21,[  0   0   0   0 184 162  21   0],7,258,945.3200073242188,0,0,Fuel/Ambient,659523270,1740862530
1740862530857071124,21,[  0   0   0   0 184 162  21   0],7,258,945.3200073242188,0,0,Fuel/Ambient,856540637,1740862530
1740862531062062860,21,[  0   0   0   0 184 162  21   0],7,258,945.3200073242188,0,0,Fuel/Ambient,61554965,1740862531
1740862531257102020,21,[  0   0   0   0 184 162  21   0],7,258,945.3200073242188,0,0,Fuel/Ambient,256553900,1740862531
1740862531462348835,21,[  0   0   0   0 184 162  21   0],7,258,945.3200073242188,0,0,Fuel/Ambient,461879310,1740862531
1740862531657918547,21,[  0   0   0   0 184 162  21   0],7,258,945.3200073242188,0,0,Fuel/Ambient,657440350,1740862531
1740862531864534510,21,[  0   0   0   0 184 162  21   0],7,258,945.3200073242188,0,0,Fuel/Ambient,864075289,1740862531
1740862532060418922,21,[  0   0   0   0 184 162  21   0],7,258,945.3200073242188,0,0,Fuel/Ambient,59855569,1740862532
1740862532265268209,21,[  0   0   0   0 184 162  21   0],7,258,945.3200073242188,0,0,Fuel/Ambient,265000165,1740862532
1740862532460563119,21,[  0   0   0   0 184 162  21   0],7,258,945.3200073242188,0,0,Fuel/Ambient,460029847,1740862532
1740862532665963694,21,[  0   0   0   0 184 162  21   0],7,258,945.3200073242188,0,0,Fuel/Ambient,665476888,1740862532
1740862532862962328,21,[  0   0   0   0 184 162  21   0],7,258,945.3200073242188,0,0,Fuel/Ambient,862396095,1740862532
1740862533068429432,21,[  0   0   0   0 184 162  21   0],7,258,945.3200073242188,0,0,Fuel/Ambient,67816349,1740862533
1740862533262965198,21,[  0   0   0   0 184 162  21   0],7,258,945.3200073242188,0,0,Fuel/Ambient,262480153,1740862533
1740862533468144093,21,[  0   0   0   0 184 162  21   0],7,258,945.3200073242188,0,0,Fuel/Ambient,467288311,1740862533
1740862533662854236,21,[  0   0   0   0 184 162  21   0],7,258,945.3200073242188,0,0,Fuel/Ambient,662400104,1740862533
1740862533869662611,21,[  0   0   0   0 184 162  21   0],7,258,945.3200073242188,0,0,Fuel/Ambient,869140060,1740862533
1740862534064977258,21,[  0   0   0   0 184 162  21   0],7,258,945.3200073242188,0,0,Fuel/Ambient,64479220,1740862534
1740862534269885639,21,[  0   0   0   0 184 162  21   0],7,258,945.3200073242188,0,0,Fuel/Ambient,269341391,1740862534
1740862534475079441,21,[  0   0   0   0 184 162  21   0],7,258,945.3200073242188,0,0,Fuel/Ambient,474230827,1740862534
1740862534670001171,21,[  0   0   0   0 184 162  21   0],7,258,945.3200073242188,0,0,Fuel/Ambient,669445082,1740862534
1740862534866423671,20,[  0   0   0   0 184 162  20   0],7,258,945.3200073242188,0,0,Fuel/Ambient,865884959,1740862534
1740862535071260335,20,[  0   0   0   0 184 162  20   0],7,258,945.3200073242188,0,0,Fuel/Ambient,70675349,1740862535
1740862535276123011,20,[  0   0   0   0 184 162  20   0],7,258,945.3200073242188,0,0,Fuel/Ambient,275600044,1740862535
1740862535470905465,20,[  0   0   0   0 184 162  20   0],7,258,945.3200073242188,0,0,Fuel/Ambient,470250876,1740862535
1740862535676959971,20,[  0   0   0   0 184 162  20   0],7,258,945.3200073242188,0,0,Fuel/Ambient,676504111,1740862535
1740862535873204410,20,[  0   0   0   0 184 162  20   0],7,258,945.3200073242188,0,0,Fuel/Ambient,872749509,1740862535
1740862536078855311,20,[  0   0   0   0 184 162  20   0],7,258,945.3200073242188,0,0,Fuel/Ambient,78406491,1740862536
1740862536275827584,20,[  0   0   0   0 184 162  20   0],7,258,945.3200073242188,0,0,Fuel/Ambient,275302089,1740862536
1740862536481448912,20,[  0   0   0   0 184 162  20   0],7,258,945.3200073242188,0,0,Fuel/Ambient,480844565,1740862536
1740862536676933439,20,[  0   0   0   0 184 162  20   0],7,258,945.3200073242188,0,0,Fuel/Ambient,676350534,1740862536
1740862536875733729,20,[  0   0   0   0 184 162  20   0],7,258,945.3200073242188,0,0,Fuel/Ambient,875276269,1740862536
1740862537080569261,20,[  0   0   0   0 184 161  20   0],7,258,945.2999877929688,0,0,Fuel/Ambient,80062710,1740862537
1740862537275075819,20,[  0   0   0   0 184 161  20   0],7,258,945.2999877929688,0,0,Fuel/Ambient,274548883,1740862537
1740862537480389255,20,[  0   0   0   0 184 161  20   0],7,258,945.2999877929688,0,0,Fuel/Ambient,479941843,1740862537
1740862537677273102,20,[  0   0   0   0 184 161  20   0],7,258,945.2999877929688,0,0,Fuel/Ambient,676870557,1740862537
1740862537884896593,20,[  0   0   0   0 184 161  20   0],7,258,945.2999877929688,0,0,Fuel/Ambient,884277878,1740862537
1740862538079968966,20,[  0   0   0   0 184 161  20   0],7,258,945.2999877929688,0,0,Fuel/Ambient,79487409,1740862538
1740862538285717648,20,[  0   0   0   0 184 161  20   0],7,258,945.2999877929688,0,0,Fuel/Ambient,285131446,1740862538
1740862538482531534,20,[  0   0   0   0 184 161  20   0],7,258,945.2999877929688,0,0,Fuel/Ambient,481976950,1740862538
1740862538689368072,20,[  0   0   0   0 184 162  20   0],7,258,945.3200073242188,0,0,Fuel/Ambient,688697834,1740862538
1740862538888087162,20,[  0   0   0   0 184 162  20   0],7,258,945.3200073242188,0,0,Fuel/Ambient,887413245,1740862538
1740862539083758180,20,[  0   0   0   0 184 162  20   0],7,258,945.3200073242188,0,0,Fuel/Ambient,83025188,1740862539
1740862539289803764,20,[  0   0   0   0 184 162  20   0],7,258,945.3200073242188,0,0,Fuel/Ambient,289185209,1740862539
1740862539485348437,20,[  0   0   0   0 184 162  20   0],7,258,945.3200073242188,0,0,Fuel/Ambient,484529489,1740862539
1740862539691798871,20,[  0   0   0   0 184 162  20   0],7,258,945.3200073242188,0,0,Fuel/Ambient,691257439,1740862539
1740862539891011866,20,[  0   0   0   0 184 162  20   0],7,258,945.3200073242188,0,0,Fuel/Ambient,890509220,1740862539
1740862540089693155,20,[  0   0   0   0 184 161  20   0],7,258,945.2999877929688,0,0,Fuel/Ambient,88918400,1740862540
1740862540287100496,20,[  0   0   0   0 184 161  20   0],7,258,945.2999877929688,0,0,Fuel/Ambient,286266795,1740862540
1740862540492924336,20,[  0   0   0   0 184 161  20   0],7,258,945.2999877929688,0,0,Fuel/Ambient,492331094,1740862540
1740862540689174666,20,[  0   0   0   0 184 161  20   0],7,258,945.2999877929688,0,0,Fuel/Ambient,688148829,1740862540
1740862540886551702,20,[  0   0   0   0 184 161  20   0],7,258,945.2999877929688,0,0,Fuel/Ambient,886119779,1740862540
1740862541092870890,20,[  0   0   0   0 184 161  20   0],7,258,945.2999877929688,0,0,Fuel/Ambient,92029029,1740862541
1740862541297851519,20,[  0   0   0   0 184 161  20   0],7,258,945.2999877929688,0,0,Fuel/Ambient,297307911,1740862541
1740862541494108692,20,[  0   0   0   0 184 161  20   0],7,258,945.2999877929688,0,0,Fuel/Ambient,493335282,1740862541
1740862541690780026,20,[  0   0   0   0 184 161  20   0],7,258,945.2999877929688,0,0,Fuel/Ambient,689884339,1740862541
1740862541898733939,20,[  0   0   0   0 184 161  20   0],7,258,945.2999877929688,0,0,Fuel/Ambient,898058389,1740862541
1740862542093903381,20,[  0   0   0   0 184 161  20   0],7,258,945.2999877929688,0,0,Fuel/Ambient,93266777,1740862542
1740862542299981845,20,[  0   0   0   0 184 161  20   0],7,258,945.2999877929688,0,0,Fuel/Ambient,299327512,1740862542
1740862542495268088,20,[  0   0   0   0 184 161  20   0],7,258,945.2999877929688,0,0,Fuel/Ambient,494892168,1740862542
1740862542701976724,20,[  0   0   0   0 184 161  20   0],7,258,945.2999877929688,0,0,Fuel/Ambient,701451453,1740862542
1740862542901228775,20,[  0   0   0   0 184 161  20   0],7,258,945.2999877929688,0,0,Fuel/Ambient,900460165,1740862542
1740862543097490163,20,[  0   0   0   0 184 161  20   0],7,258,945.2999877929688,0,0,Fuel/Ambient,96786132,1740862543
1740862543303489577,20,[  0   0   0   0 184 161  20   0],7,258,945.2999877929688,0,0,Fuel/Ambient,302834988,1740862543
1740862543499728625,20,[  0   0   0   0 184 161  20   0],7,258,945.2999877929688,0,0,Fuel/Ambient,499121654,1740862543
1740862543705690278,20,[  0   0   0   0 184 161  20   0],7,258,945.2999877929688,0,0,Fuel/Ambient,705018024,1740862543
1740862543903759934,20,[  0   0   0   0 184 161  20   0],7,258,945.2999877929688,0,0,Fuel/Ambient,903196069,1740862543
1740862544099663061,20,[  0   0   0   0 184 161  20   0],7,258,945.2999877929688,0,0,Fuel/Ambient,99029721,1740862544
1740862544306110169,20,[  0   0   0   0 184 161  20   0],7,258,945.2999877929688,0,0,Fuel/Ambient,305323958,1740862544
1740862544503024601,20,[  0   0   0   0 184 162  20   0],7,258,945.3200073242188,0,0,Fuel/Ambient,501654460,1740862544
1740862544708490193,20,[  0   0   0   0 184 162  20   0],7,258,945.3200073242188,0,0,Fuel/Ambient,708111489,1740862544
1740862544908628415,20,[  0   0   0   0 184 162  20   0],7,258,945.3200073242188,0,0,Fuel/Ambient,908036901,1740862544
1740862545104477102,20,[  0   0   0   0 184 162  20   0],7,258,945.3200073242188,0,0,Fuel/Ambient,103851282,1740862545
1740862545310208524,20,[  0   0   0   0 184 162  20   0],7,258,945.3200073242188,0,0,Fuel/Ambient,309749912,1740862545
1740862545506147643,19,[  0   0   0   0 184 162  19   0],7,258,945.3200073242188,0,0,Fuel/Ambient,505375705,1740862545
1740862545711574476,19,[  0   0   0   0 184 162  19   0],7,258,945.3200073242188,0,0,Fuel/Ambient,710976658,1740862545
1740862545909901413,19,[  0   0   0   0 184 162  19   0],7,258,945.3200073242188,0,0,Fuel/Ambient,908998109,1740862545
1740862546106243651,20,[  0   0   0   0 184 162  20   0],7,258,945.3200073242188,0,0,Fuel/Ambient,105497666,1740862546
1740862546312422383,20,[  0   0   0   0 184 162  20   0],7,258,945.3200073242188,0,0,Fuel/Ambient,311216058,1740862546
1740862546507150723,20,[  0   0   0   0 184 162  20   0],7,258,945.3200073242188,0,0,Fuel/Ambient,506691311,1740862546
1740862546712969344,20,[  0   0   0   0 184 162  20   0],7,258,945.3200073242188,0,0,Fuel/Ambient,711811885,1740862546
1740862546910499631,20,[  0   0   0   0 184 162  20   0],7,258,945.3200073242188,0,0,Fuel/Ambient,910064092,1740862546
1740862547115062161,19,[  0   0   0   0 184 162  19   0],7,258,945.3200073242188,0,0,Fuel/Ambient,114585596,1740862547
1740862547310675687,19,[  0   0   0   0 184 162  19   0],7,258,945.3200073242188,0,0,Fuel/Ambient,310026570,1740862547
1740862547516815691,19,[  0   0   0   0 184 162  19   0],7,258,945.3200073242188,0,0,Fuel/Ambient,516076042,1740862547
1740862547712777456,19,[  0   0   0   0 184 162  19   0],7,258,945.3200073242188,0,0,Fuel/Ambient,712167573,1740862547
1740862547911855806,19,[  0   0   0   0 184 162  19   0],7,258,945.3200073242188,0,0,Fuel/Ambient,910649385,1740862547
1740862548118493269,19,[  0   0   0   0 184 161  19   0],7,258,945.2999877929688,0,0,Fuel/Ambient,117815543,1740862548
1740862548313949566,19,[  0   0   0   0 184 161  19   0],7,258,945.2999877929688,0,0,Fuel/Ambient,313167515,1740862548
1740862548519319642,19,[  0   0   0   0 184 161  19   0],7,258,945.2999877929688,0,0,Fuel/Ambient,518948426,1740862548
1740862548714937546,19,[  0   0   0   0 184 161  19   0],7,258,945.2999877929688,0,0,Fuel/Ambient,714346864,1740862548
1740862548928956675,19,[  0   0   0   0 184 161  19   0],7,258,945.2999877929688,0,0,Fuel/Ambient,922903033,1740862548
1740862549121726994,19,[  0   0   0   0 184 161  19   0],7,258,945.2999877929688,0,0,Fuel/Ambient,121101943,1740862549
1740862549316461942,19,[  0   0   0   0 184 160  19   0],7,258,945.280029296875,0,0,Fuel/Ambient,315989633,1740862549
1740862549522501578,19,[  0   0   0   0 184 160  19   0],7,258,945.280029296875,0,0,Fuel/Ambient,521849005,1740862549
1740862549718827859,19,[  0   0   0   0 184 160  19   0],7,258,945.280029296875,0,0,Fuel/Ambient,718140181,1740862549
1740862549916876297,19,[  0   0   0   0 184 160  19   0],7,258,945.280029296875,0,0,Fuel/Ambient,916282062,1740862549
1740862550122011025,19,[  0   0   0   0 184 160  19   0],7,258,945.280029296875,0,0,Fuel/Ambient,121527804,1740862550
1740862550318444602,19,[  0   0   0   0 184 160  19   0],7,258,945.280029296875,0,0,Fuel/Ambient,317971397,1740862550
1740862550524636014,19,[  0   0   0   0 184 160  19   0],7,258,945.280029296875,0,0,Fuel/Ambient,523975281,1740862550
1740862550720864430,19,[  0   0   0   0 184 160  19   0],7,258,945.280029296875,0,0,Fuel/Ambient,720407098,1740862550
1740862550927074947,19,[  0   0   0   0 184 160  19   0],7,258,945.280029296875,0,0,Fuel/Ambient,926641872,1740862550
1740862551121465679,19,[  0   0   0   0 184 160  19   0],7,258,945.280029296875,0,0,Fuel/Ambient,120995002,1740862551
1740862551326648689,19,[  0   0   0   0 184 160  19   0],7,258,945.280029296875,0,0,Fuel/Ambient,326135803,1740862551
1740862551522565982,19,[  0   0   0   0 184 160  19   0],7,258,945.280029296875,0,0,Fuel/Ambient,521851582,1740862551
1740862551728636647,19,[  0   0   0   0 184 160  19   0],7,258,945.280029296875,0,0,Fuel/Ambient,728008171,1740862551
1740862551928819470,19,[  0   0   0   0 184 160  19   0],7,258,945.280029296875,0,0,Fuel/Ambient,927361102,1740862551
1740862552132313283,19,[  0   0   0   0 184 160  19   0],7,258,945.280029296875,0,0,Fuel/Ambient,131736010,1740862552
1740862552326558240,19,[  0   0   0   0 184 160  19   0],7,258,945.280029296875,0,0,Fuel/Ambient,326173295,1740862552
1740862552530974683,19,[  0   0   0   0 184 161  19   0],7,258,945.2999877929688,0,0,Fuel/Ambient,530588810,1740862552
1740862552726103583,19,[  0   0   0   0 184 160  19   0],7,258,945.280029296875,0,0,Fuel/Ambient,725662252,1740862552
1740862552934302656,19,[  0   0   0   0 184 160  19   0],7,258,945.280029296875,0,0,Fuel/Ambient,933839596,1740862552
1740862553131444056,19,[  0   0   0   0 184 160  19   0],7,258,945.280029296875,0,0,Fuel/Ambient,130973028,1740862553
1740862553337145030,19,[  0   0   0   0 184 160  19   0],7,258,945.280029296875,0,0,Fuel/Ambient,336642544,1740862553
1740862553533318290,19,[  0   0   0   0 184 160  19   0],7,258,945.280029296875,0,0,Fuel/Ambient,532733816,1740862553
1740862553739251465,19,[  0   0   0   0 184 160  19   0],7,258,945.280029296875,0,0,Fuel/Ambient,738760308,1740862553
1740862553938384151,19,[  0   0   0   0 184 160  19   0],7,258,945.280029296875,0,0,Fuel/Ambient,937465327,1740862553
1740862554133725371,19,[  0   0   0   0 184 160  19   0],7,258,945.280029296875,0,0,Fuel/Ambient,132979098,1740862554
1740862554339139798,19,[  0   0   0   0 184 161  19   0],7,258,945.2999877929688,0,0,Fuel/Ambient,338410070,1740862554
1740862554535050545,19,[  0   0   0   0 184 161  19   0],7,258,945.2999877929688,0,0,Fuel/Ambient,534151625,1740862554
1740862554740381672,19,[  0   0   0   0 184 161  19   0],7,258,945.2999877929688,0,0,Fuel/Ambient,739676009,1740862554
1740862554938087473,19,[  0   0   0   0 184 161  19   0],7,258,945.2999877929688,0,0,Fuel/Ambient,937691648,1740862554
1740862555143156953,19,[  0   0   0   0 184 161  19   0],7,258,945.2999877929688,0,0,Fuel/Ambient,142364631,1740862555
1740862555339050638,19,[  0   0   0   0 184 161  19   0],7,258,945.2999877929688,0,0,Fuel/Ambient,338411986,1740862555
1740862555544305020,19,[  0   0   0   0 184 161  19   0],7,258,945.2999877929688,0,0,Fuel/Ambient,543755172,1740862555
1740862555739648408,19,[  0   0   0   0 184 161  19   0],7,258,945.2999877929688,0,0,Fuel/Ambient,739113313,1740862555
1740862555936935018,19,[  0   0   0   0 184 161  19   0],7,258,945.2999877929688,0,0,Fuel/Ambient,936155880,1740862555
1740862556142887346,19,[  0   0   0   0 184 161  19   0],7,258,945.2999877929688,0,0,Fuel/Ambient,142168915,1740862556
1740862556338345966,19,[  0   0   0   0 184 161  19   0],7,258,945.2999877929688,0,0,Fuel/Ambient,337641840,1740862556
1740862556544470876,19,[  0   0   0   0 184 161  19   0],7,258,945.2999877929688,0,0,Fuel/Ambient,543339595,1740862556
1740862556739582921,19,[  0   0   0   0 184 161  19   0],7,258,945.2999877929688,0,0,Fuel/Ambient,738943469,1740862556
1740862556947549896,19,[  0   0   0   0 184 160  19   0],7,258,945.280029296875,0,0,Fuel/Ambient,947111637,1740862556
1740862557142904443,19,[  0   0   0   0 184 160  19   0],7,258,945.280029296875,0,0,Fuel/Ambient,142194972,1740862557
1740862557349312560,19,[  0   0   0   0 184 160  19   0],7,258,945.280029296875,0,0,Fuel/Ambient,347417021,1740862557
1740862557543077820,19,[  0   0   0   0 184 160  19   0],7,258,945.280029296875,0,0,Fuel/Ambient,542668203,1740862557
1740862557748053490,19,[  0   0   0   0 184 161  19   0],7,258,945.2999877929688,0,0,Fuel/Ambient,747652449,1740862557
1740862557947180745,19,[  0   0   0   0 184 161  19   0],7,258,945.2999877929688,0,0,Fuel/Ambient,945949843,1740862557
1740862558151631396,19,[  0   0   0   0 184 161  19   0],7,258,945.2999877929688,0,0,Fuel/Ambient,150943494,1740862558
1740862558346544221,19,[  0   0   0   0 184 161  19   0],7,258,945.2999877929688,0,0,Fuel/Ambient,346177389,1740862558
1740862558552940075,19,[  0   0   0   0 184 161  19   0],7,258,945.2999877929688,0,0,Fuel/Ambient,552033732,1740862558
1740862558748046861,19,[  0   0   0   0 184 160  19   0],7,258,945.280029296875,0,0,Fuel/Ambient,747558903,1740862558
1740862558955658992,19,[  0   0   0   0 184 160  19   0],7,258,945.280029296875,0,0,Fuel/Ambient,954754088,1740862558
1740862559150920148,19,[  0   0   0   0 184 160  19   0],7,258,945.280029296875,0,0,Fuel/Ambient,150164883,1740862559
1740862559356225293,19,[  0   0   0   0 184 160  19   0],7,258,945.280029296875,0,0,Fuel/Ambient,355603025,1740862559
1740862559553443845,19,[  0   0   0   0 184 160  19   0],7,258,945.280029296875,0,0,Fuel/Ambient,552393111,1740862559
1740862559758712444,19,[  0   0   0   0 184 160  19   0],7,258,945.280029296875,0,0,Fuel/Ambient,758212774,1740862559
1740862559958257625,19,[  0   0   0   0 184 160  19   0],7,258,945.280029296875,0,0,Fuel/Ambient,957182698,1740862559
1740862560153241612,20,[  0   0   0   0 184 160  20   0],7,258,945.280029296875,0,0,Fuel/Ambient,152786968,1740862560
1740862560359825718,20,[  0   0   0   0 184 160  20   0],7,258,945.280029296875,0,0,Fuel/Ambient,359438853,1740862560
1740862560555731183,20,[  0   0   0   0 184 160  20   0],7,258,945.280029296875,0,0,Fuel/Ambient,555112276,1740862560
1740862560761097509,20,[  0   0   0   0 184 160  20   0],7,258,945.280029296875,0,0,Fuel/Ambient,760544845,1740862560
1740862560960084452,20,[  0   0   0   0 184 160  20   0],7,258,945.280029296875,0,0,Fuel/Ambient,959440072,1740862560
1740862561157525660,20,[  0   0   0   0 184 160  20   0],7,258,945.280029296875,0,0,Fuel/Ambient,156593588,1740862561
1740862561363362208,20,[  0   0   0   0 184 160  20   0],7,258,945.280029296875,0,0,Fuel/Ambient,362674594,1740862561
1740862561559760297,20,[  0   0   0   0 184 160  20   0],7,258,945.280029296875,0,0,Fuel/Ambient,558790143,1740862561
1740862561765570604,20,[  0   0   0   0 184 160  20   0],7,258,945.280029296875,0,0,Fuel/Ambient,765056758,1740862561
1740862561964017679,20,[  0   0   0   0 184 160  20   0],7,258,945.280029296875,0,0,Fuel/Ambient,963661503,1740862561
1740862562159912510,20,[  0   0   0   0 184 160  20   0],7,258,945.280029296875,0,0,Fuel/Ambient,159125083,1740862562
1740862562365552627,20,[  0   0   0   0 184 161  20   0],7,258,945.2999877929688,0,0,Fuel/Ambient,365081535,1740862562
1740862562561431104,20,[  0   0   0   0 184 161  20   0],7,258,945.2999877929688,0,0,Fuel/Ambient,560912394,1740862562
1740862562759883101,20,[  0   0   0   0 184 161  20   0],7,258,945.2999877929688,0,0,Fuel/Ambient,759356358,1740862562
1740862562969755115,20,[  0   0   0   0 184 160  20   0],7,258,945.280029296875,0,0,Fuel/Ambient,969092110,1740862562
1740862563165179040,20,[  0   0   0   0 184 160  20   0],7,258,945.280029296875,0,0,Fuel/Ambient,164745485,1740862563
1740862563365010291,20,[  0   0   0   0 184 160  20   0],7,258,945.280029296875,0,0,Fuel/Ambient,364232625,1740862563
1740862563570947408,20,[  0   0   0   0 184 160  20   0],7,258,945.280029296875,0,0,Fuel/Ambient,570477403,1740862563
1740862563766378340,20,[  0   0   0   0 184 160  20   0],7,258,945.280029296875,0,0,Fuel/Ambient,765617635,1740862563
1740862563973261066,20,[  0   0   0   0 184 160  20   0],7,258,945.280029296875,0,0,Fuel/Ambient,972460007,1740862563
1740862564168714906,20,[  0   0   0   0 184 160  20   0],7,258,945.280029296875,0,0,Fuel/Ambient,168144961,1740862564
1740862564374303138,20,[  0   0   0   0 184 160  20   0],7,258,945.280029296875,0,0,Fuel/Ambient,373562370,1740862564
1740862564571098092,20,[  0   0   0   0 184 160  20   0],7,258,945.280029296875,0,0,Fuel/Ambient,570527731,1740862564
1740862564766663360,20,[  0   0   0   0 184 160  20   0],7,258,945.280029296875,0,0,Fuel/Ambient,766136841,1740862564
1740862564973952306,20,[  0   0   0   0 184 160  20   0],7,258,945.280029296875,0,0,Fuel/Ambient,973434907,1740862564
1740862565168766945,20,[  0   0   0   0 184 160  20   0],7,258,945.280029296875,0,0,Fuel/Ambient,168077603,1740862565
1740862565375265259,20,[  0   0   0   0 184 160  20   0],7,258,945.280029296875,0,0,Fuel/Ambient,374045782,1740862565
1740862565569800653,20,[  0   0   0   0 184 160  20   0],7,258,945.280029296875,0,0,Fuel/Ambient,568943271,1740862565
1740862565774685200,20,[  0   0   0   0 184 160  20   0],7,258,945.280029296875,0,0,Fuel/Ambient,774122072,1740862565
1740862565972906322,20,[  0   0   0   0 184 161  20   0],7,258,945.2999877929688,0,0,Fuel/Ambient,972320473,1740862565
1740862566178948803,20,[  0   0   0   0 184 161  20   0],7,258,945.2999877929688,0,0,Fuel/Ambient,178287654,1740862566
1740862566374668339,20,[  0   0   0   0 184 161  20   0],7,258,945.2999877929688,0,0,Fuel/Ambient,374158237,1740862566
1740862566580405782,20,[  0   0   0   0 184 161  20   0],7,258,945.2999877929688,0,0,Fuel/Ambient,579758682,1740862566
1740862566775908348,20,[  0   0   0   0 184 161  20   0],7,258,945.2999877929688,0,0,Fuel/Ambient,775522220,1740862566
1740862566983346665,20,[  0   0   0   0 184 161  20   0],7,258,945.2999877929688,0,0,Fuel/Ambient,982679340,1740862566
1740862567178495515,20,[  0   0   0   0 184 161  20   0],7,258,945.2999877929688,0,0,Fuel/Ambient,177850207,1740862567
1740862567391900549,20,[  0   0   0   0 184 162  20   0],7,258,945.3200073242188,0,0,Fuel/Ambient,384532965,1740862567
1740862567580831305,20,[  0   0   0   0 184 162  20   0],7,258,945.3200073242188,0,0,Fuel/Ambient,580316627,1740862567
1740862567785465974,20,[  0   0   0   0 184 162  20   0],7,258,945.3200073242188,0,0,Fuel/Ambient,785015779,1740862567
1740862567983725967,20,[  0   0   0   0 184 162  20   0],7,258,945.3200073242188,0,0,Fuel/Ambient,983217401,1740862567
1740862568180183765,20,[  0   0   0   0 184 163  20   0],7,258,945.3400268554688,0,0,Fuel/Ambient,179848390,1740862568
1740862568387064413,20,[  0   0   0   0 184 163  20   0],7,258,945.3400268554688,0,0,Fuel/Ambient,386476036,1740862568
1740862568583806383,20,[  0   0   0   0 184 163  20   0],7,258,945.3400268554688,0,0,Fuel/Ambient,583306649,1740862568
1740862568780017417,20,[  0   0   0   0 184 163  20   0],7,258,945.3400268554688,0,0,Fuel/Ambient,779696091,1740862568
1740862568989262296,20,[  0   0   0   0 184 163  20   0],7,258,945.3400268554688,0,0,Fuel/Ambient,988393555,1740862568
1740862569184750894,20,[  0   0   0   0 184 163  20   0],7,258,945.3400268554688,0,0,Fuel/Ambient,184150868,1740862569
1740862569390209748,20,[  0   0   0   0 184 163  20   0],7,258,945.3400268554688,0,0,Fuel/Ambient,389577688,1740862569
1740862569586069721,20,[  0   0   0   0 184 163  20   0],7,258,945.3400268554688,0,0,Fuel/Ambient,585301624,1740862569
1740862569791966898,20,[  0   0   0   0 184 163  20   0],7,258,945.3400268554688,0,0,Fuel/Ambient,791181232,1740862569
1740862569990471050,20,[  0   0   0   0 184 163  20   0],7,258,945.3400268554688,0,0,Fuel/Ambient,989015979,1740862569
1740862570185668366,20,[  0   0   0   0 184 163  20   0],7,258,945.3400268554688,0,0,Fuel/Ambient,184914221,1740862570
1740862570391176496,20,[  0   0   0   0 184 163  20   0],7,258,945.3400268554688,0,0,Fuel/Ambient,390524691,1740862570
1740862570586459095,20,[  0   0   0   0 184 163  20   0],7,258,945.3400268554688,0,0,Fuel/Ambient,585853053,1740862570
1740862570792025787,20,[  0   0   0   0 184 163  20   0],7,258,945.3400268554688,0,0,Fuel/Ambient,791607337,1740862570
1740862570990425193,20,[  0   0   0   0 184 163  20   0],7,258,945.3400268554688,0,0,Fuel/Ambient,989676073,1740862570
1740862571196440572,20,[  0   0   0   0 184 163  20   0],7,258,945.3400268554688,0,0,Fuel/Ambient,195726173,1740862571
1740862571391769184,20,[  0   0   0   0 184 163  20   0],7,258,945.3400268554688,0,0,Fuel/Ambient,391232968,1740862571
1740862571597940600,20,[  0   0   0   0 184 162  20   0],7,258,945.3200073242188,0,0,Fuel/Ambient,597297245,1740862571
1740862571793798547,20,[  0   0   0   0 184 162  20   0],7,258,945.3200073242188,0,0,Fuel/Ambient,793278717,1740862571
1740862571992782645,20,[  0   0   0   0 184 162  20   0],7,258,945.3200073242188,0,0,Fuel/Ambient,992001939,1740862571
1740862572198626138,20,[  0   0   0   0 184 163  20   0],7,258,945.3400268554688,0,0,Fuel/Ambient,197981214,1740862572
1740862572394295591,20,[  0   0   0   0 184 163  20   0],7,258,945.3400268554688,0,0,Fuel/Ambient,393587593,1740862572
1740862572600866380,20,[  0   0   0   0 184 163  20   0],7,258,945.3400268554688,0,0,Fuel/Ambient,599932931,1740862572
1740862572795829370,20,[  0   0   0   0 184 163  20   0],7,258,945.3400268554688,0,0,Fuel/Ambient,795358438,1740862572
1740862572995064705,20,[  0   0   0   0 184 163  20   0],7,258,945.3400268554688,0,0,Fuel/Ambient,994337154,1740862572
1740862573201011397,20,[  0   0   0   0 184 163  20   0],7,258,945.3400268554688,0,0,Fuel/Ambient,200471182,1740862573
1740862573396734575,20,[  0   0   0   0 184 163  20   0],7,258,945.3400268554688,0,0,Fuel/Ambient,395920876,1740862573
1740862573602881916,20,[  0   0   0   0 184 163  20   0],7,258,945.3400268554688,0,0,Fuel/Ambient,602093370,1740862573
1740862573798424830,20,[  0   0   0   0 184 163  20   0],7,258,945.3400268554688,0,0,Fuel/Ambient,797977994,1740862573
1740862574006657444,20,[  0   0   0   0 184 163  20   0],7,258,945.3400268554688,0,0,Fuel/Ambient,5971047,1740862574
1740862574202777146,20,[  0   0   0   0 184 163  20   0],7,258,945.3400268554688,0,0,Fuel/Ambient,202079612,1740862574
1740862574398506079,20,[  0   0   0   0 184 163  20   0],7,258,945.3400268554688,0,0,Fuel/Ambient,397954247,1740862574
1740862574604937906,20,[  0   0   0   0 184 163  20   0],7,258,945.3400268554688,0,0,Fuel/Ambient,603416336,1740862574
1740862574800830749,20,[  0   0   0   0 184 163  20   0],7,258,945.3400268554688,0,0,Fuel/Ambient,799640330,1740862574
1740862575008468420,20,[  0   0   0   0 184 163  20   0],7,258,945.3400268554688,0,0,Fuel/Ambient,7883083,1740862575
1740862575204624502,20,[  0   0   0   0 184 163  20   0],7,258,945.3400268554688,0,0,Fuel/Ambient,203797426,1740862575
1740862575410159421,20,[  0   0   0   0 184 162  20   0],7,258,945.3200073242188,0,0,Fuel/Ambient,409542018,1740862575
1740862575605929918,20,[  0   0   0   0 184 162  20   0],7,258,945.3200073242188,0,0,Fuel/Ambient,605119323,1740862575
1740862575811600554,20,[  0   0   0   0 184 162  20   0],7,258,945.3200073242188,0,0,Fuel/Ambient,811173816,1740862575
1740862576010185733,20,[  0   0   0   0 184 162  20   0],7,258,945.3200073242188,0,0,Fuel/Ambient,9573930,1740862576
1740862576206465654,20,[  0   0   0   0 184 161  20   0],7,258,945.2999877929688,0,0,Fuel/Ambient,205616594,1740862576
1740862576412488908,20,[  0   0   0   0 184 161  20   0],7,258,945.2999877929688,0,0,Fuel/Ambient,411708043,1740862576
1740862576609257363,20,[  0   0   0   0 184 161  20   0],7,258,945.2999877929688,0,0,Fuel/Ambient,608301866,1740862576
1740862576814063605,20,[  0   0   0   0 184 160  20   0],7,258,945.280029296875,0,0,Fuel/Ambient,813776392,1740862576
1740862577011855975,20,[  0   0   0   0 184 160  20   0],7,258,945.280029296875,0,0,Fuel/Ambient,11436629,1740862577
1740862577208233304,20,[  0   0   0   0 184 160  20   0],7,258,945.280029296875,0,0,Fuel/Ambient,207733058,1740862577
1740862577413627309,20,[  0   0   0   0 184 160  20   0],7,258,945.280029296875,0,0,Fuel/Ambient,413123255,1740862577
1740862577609384995,20,[  0   0   0   0 184 160  20   0],7,258,945.280029296875,0,0,Fuel/Ambient,608636387,1740862577
1740862577816474081,20,[  0   0   0   0 184 159  20   0],7,258,945.260009765625,0,0,Fuel/Ambient,815741538,1740862577
1740862578015742062,20,[  0   0   0   0 184 159  20   0],7,258,945.260009765625,0,0,Fuel/Ambient,15047440,1740862578
1740862578215313827,20,[  0   0   0   0 184 159  20   0],7,258,945.260009765625,0,0,Fuel/Ambient,214671111,1740862578
1740862578421745823,20,[  0   0   0   0 184 159  20   0],7,258,945.260009765625,0,0,Fuel/Ambient,421167494,1740862578
1740862578617081469,20,[  0   0   0   0 184 160  20   0],7,258,945.280029296875,0,0,Fuel/Ambient,616644234,1740862578
1740862578821698827,20,[  0   0   0   0 184 160  20   0],7,258,945.280029296875,0,0,Fuel/Ambient,821275865,1740862578
1740862579018878937,20,[  0   0   0   0 184 160  20   0],7,258,945.280029296875,0,0,Fuel/Ambient,18448134,1740862579
1740862579214741032,20,[  0   0   0   0 184 160  20   0],7,258,945.280029296875,0,0,Fuel/Ambient,214044106,1740862579
1740862579419447828,20,[  0   0   0   0 184 159  20   0],7,258,945.260009765625,0,0,Fuel/Ambient,419011362,1740862579
1740862579624664407,20,[  0   0   0   0 184 159  20   0],7,258,945.260009765625,0,0,Fuel/Ambient,624172130,1740862579
1740862579819982095,20,[  0   0   0   0 184 159  20   0],7,258,945.260009765625,0,0,Fuel/Ambient,819554716,1740862579
1740862580026358082,20,[  0   0   0   0 184 159  20   0],7,258,945.260009765625,0,0,Fuel/Ambient,25890126,1740862580
1740862580222143049,20,[  0   0   0   0 184 159  20   0],7,258,945.260009765625,0,0,Fuel/Ambient,221489677,1740862580
1740862580427921470,20,[  0   0   0   0 184 158  20   0],7,258,945.239990234375,0,0,Fuel/Ambient,427285187,1740862580
1740862580624437573,20,[  0   0   0   0 184 158  20   0],7,258,945.239990234375,0,0,Fuel/Ambient,623648771,1740862580
1740862580820237516,20,[  0   0   0   0 184 158  20   0],7,258,945.239990234375,0,0,Fuel/Ambient,819520621,1740862580
1740862581028585455,20,[  0   0   0   0 184 158  20   0],7,258,945.239990234375,0,0,Fuel/Ambient,27988917,1740862581
1740862581223697459,20,[  0   0   0   0 184 158  20   0],7,258,945.239990234375,0,0,Fuel/Ambient,222806125,1740862581
1740862581429317532,20,[  0   0   0   0 184 158  20   0],7,258,945.239990234375,0,0,Fuel/Ambient,428562907,1740862581
1740862581625270565,20,[  0   0   0   0 184 158  20   0],7,258,945.239990234375,0,0,Fuel/Ambient,624785840,1740862581
1740862581830462363,20,[  0   0   0   0 184 158  20   0],7,258,945.239990234375,0,0,Fuel/Ambient,830011751,1740862581
1740862582028075914,20,[  0   0   0   0 184 158  20   0],7,258,945.239990234375,0,0,Fuel/Ambient,27645368,1740862582
1740862582233808690,20,[  0   0   0   0 184 158  20   0],7,258,945.239990234375,0,0,Fuel/Ambient,233379167,1740862582
1740862582429656945,20,[  0   0   0   0 184 158  20   0],7,258,945.239990234375,0,0,Fuel/Ambient,429287777,1740862582
1740862582626125930,20,[  0   0   0   0 184 159  20   0],7,258,945.260009765625,0,0,Fuel/Ambient,625582259,1740862582
1740862582834076049,20,[  0   0   0   0 184 159  20   0],7,258,945.260009765625,0,0,Fuel/Ambient,833103176,1740862582
1740862583033403237,20,[  0   0   0   0 184 159  20   0],7,258,945.260009765625,0,0,Fuel/Ambient,32244403,1740862583
1740862583228854350,20,[  0   0   0   0 184 160  20   0],7,258,945.280029296875,0,0,Fuel/Ambient,228194225,1740862583
1740862583434961696,20,[  0   0   0   0 184 160  20   0],7,258,945.280029296875,0,0,Fuel/Ambient,434267074,1740862583
1740862583631292590,20,[  0   0   0   0 184 159  20   0],7,258,945.260009765625,0,0,Fuel/Ambient,630824378,1740862583
1740862583837558087,20,[  0   0   0   0 184 159  20   0],7,258,945.260009765625,0,0,Fuel/Ambient,836834696,1740862583
1740862584036948248,20,[  0   0   0   0 184 159  20   0],7,258,945.260009765625,0,0,Fuel/Ambient,35607358,1740862584
1740862584232568450,20,[  0   0   0   0 184 159  20   0],7,258,945.260009765625,0,0,Fuel/Ambient,231697917,1740862584
1740862584440843596,20,[  0   0   0   0 184 159  20   0],7,258,945.260009765625,0,0,Fuel/Ambient,439672602,1740862584
1740862584636488311,20,[  0   0   0   0 184 159  20   0],7,258,945.260009765625,0,0,Fuel/Ambient,635463788,1740862584
1740862584841932360,20,[  0   0   0   0 184 159  20   0],7,258,945.260009765625,0,0,Fuel/Ambient,841317549,1740862584
1740862585040505200,20,[  0   0   0   0 184 159  20   0],7,258,945.260009765625,0,0,Fuel/Ambient,39860916,1740862585
1740862585237038460,20,[  0   0   0   0 184 159  20   0],7,258,945.260009765625,0,0,Fuel/Ambient,236146134,1740862585
1740862585442913817,20,[  0   0   0   0 184 159  20   0],7,258,945.260009765625,0,0,Fuel/Ambient,442290783,1740862585
1740862585638408985,20,[  0   0   0   0 184 158  20   0],7,258,945.239990234375,0,0,Fuel/Ambient,637634680,1740862585
1740862585844401979,20,[  0   0   0   0 184 158  20   0],7,258,945.239990234375,0,0,Fuel/Ambient,843853892,1740862585
1740862586040506196,20,[  0   0   0   0 184 158  20   0],7,258,945.239990234375,0,0,Fuel/Ambient,40047073,1740862586
1740862586245402434,20,[  0   0   0   0 184 158  20   0],7,258,945.239990234375,0,0,Fuel/Ambient,244901260,1740862586
1740862586441323247,20,[  0   0   0   0 184 158  20   0],7,258,945.239990234375,0,0,Fuel/Ambient,440146012,1740862586
1740862586646922362,20,[  0   0   0   0 184 157  20   0],7,258,945.219970703125,0,0,Fuel/Ambient,646385955,1740862586
1740862586845075111,20,[  0   0   0   0 184 157  20   0],7,258,945.219970703125,0,0,Fuel/Ambient,844536624,1740862586
1740862587044851512,20,[  0   0   0   0 184 157  20   0],7,258,945.219970703125,0,0,Fuel/Ambient,44412933,1740862587
1740862587241469629,20,[  0   0   0   0 184 157  20   0],7,258,945.219970703125,0,0,Fuel/Ambient,240409744,1740862587
1740862587447916199,20,[  0   0   0   0 184 157  20   0],7,258,945.219970703125,0,0,Fuel/Ambient,447139430,1740862587
1740862587643294296,20,[  0   0   0   0 184 157  20   0],7,258,945.219970703125,0,0,Fuel/Ambient,642773377,1740862587
1740862587849441397,20,[  0   0   0   0 184 156  20   0],7,258,945.2000122070312,0,0,Fuel/Ambient,848981154,1740862587
1740862588047732481,20,[  0   0   0   0 184 156  20   0],7,258,945.2000122070312,0,0,Fuel/Ambient,47117479,1740862588
1740862588244358786,20,[  0   0   0   0 184 156  20   0],7,258,945.2000122070312,0,0,Fuel/Ambient,243957904,1740862588
1740862588451306332,20,[  0   0   0   0 184 156  20   0],7,258,945.2000122070312,0,0,Fuel/Ambient,450497081,1740862588
1740862588648102756,20,[  0   0   0   0 184 155  20   0],7,258,945.1799926757812,0,0,Fuel/Ambient,647485833,1740862588
1740862588855558292,20,[  0   0   0   0 184 154  20   0],7,258,945.1599731445312,0,0,Fuel/Ambient,854988315,1740862588
1740862589054300589,20,[  0   0   0   0 184 154  20   0],7,258,945.1599731445312,0,0,Fuel/Ambient,53626033,1740862589
1740862589250353104,20,[  0   0   0   0 184 154  20   0],7,258,945.1599731445312,0,0,Fuel/Ambient,249657778,1740862589
1740862589455917258,20,[  0   0   0   0 184 154  20   0],7,258,945.1599731445312,0,0,Fuel/Ambient,455370546,1740862589
1740862589651758563,20,[  0   0   0   0 184 154  20   0],7,258,945.1599731445312,0,0,Fuel/Ambient,651217324,1740862589
1740862589859401686,20,[  0   0   0   0 184 153  20   0],7,258,945.1400146484375,0,0,Fuel/Ambient,858880991,1740862589
1740862590056911477,20,[  0   0   0   0 184 153  20   0],7,258,945.1400146484375,0,0,Fuel/Ambient,56400831,1740862590
1740862590254321581,20,[  0   0   0   0 184 154  20   0],7,258,945.1599731445312,0,0,Fuel/Ambient,252107918,1740862590
1740862590460040455,20,[  0   0   0   0 184 154  20   0],7,258,945.1599731445312,0,0,Fuel/Ambient,459186627,1740862590
1740862590652486442,20,[  0   0   0   0 184 154  20   0],7,258,945.1599731445312,0,0,Fuel/Ambient,651870256,1740862590
1740862590858262408,20,[  0   0   0   0 184 154  20   0],7,258,945.1599731445312,0,0,Fuel/Ambient,857793812,1740862590
1740862591060154973,20,[  0   0   0   0 184 154  20   0],7,258,945.1599731445312,0,0,Fuel/Ambient,57065273,1740862591
1740862591263216897,20,[  0   0   0   0 184 154  20   0],7,258,945.1599731445312,0,0,Fuel/Ambient,262677354,1740862591
1740862591459021262,20,[  0   0   0   0 184 154  20   0],7,258,945.1599731445312,0,0,Fuel/Ambient,458349170,1740862591
1740862591663979587,20,[  0   0   0   0 184 154  20   0],7,258,945.1599731445312,0,0,Fuel/Ambient,663471789,1740862591
1740862591862427041,20,[  0   0   0   0 184 155  20   0],7,258,945.1799926757812,0,0,Fuel/Ambient,859297148,1740862591
1740862592057913440,20,[  0   0   0   0 184 155  20   0],7,258,945.1799926757812,0,0,Fuel/Ambient,57440812,1740862592
1740862592262566018,20,[  0   0   0   0 184 155  20   0],7,258,945.1799926757812,0,0,Fuel/Ambient,262113967,1740862592
1740862592459716100,20,[  0   0   0   0 184 155  20   0],7,258,945.1799926757812,0,0,Fuel/Ambient,459255984,1740862592
1740862592665690558,20,[  0   0   0   0 184 155  20   0],7,258,945.1799926757812,0,0,Fuel/Ambient,665226122,1740862592
1740862592861419683,20,[  0   0   0   0 184 156  20   0],7,258,945.2000122070312,0,0,Fuel/Ambient,860757127,1740862592
1740862593072914920,20,[  0   0   0   0 184 156  20   0],7,258,945.2000122070312,0,0,Fuel/Ambient,68959039,1740862593
1740862593264854022,20,[  0   0   0   0 184 156  20   0],7,258,945.2000122070312,0,0,Fuel/Ambient,264293070,1740862593
1740862593469430239,20,[  0   0   0   0 184 156  20   0],7,258,945.2000122070312,0,0,Fuel/Ambient,468948907,1740862593
1740862593663860808,20,[  0   0   0   0 184 156  20   0],7,258,945.2000122070312,0,0,Fuel/Ambient,663353074,1740862593
1740862593870877865,20,[  0   0   0   0 184 156  20   0],7,258,945.2000122070312,0,0,Fuel/Ambient,870450103,1740862593
1740862594066990040,20,[  0   0   0   0 184 156  20   0],7,258,945.2000122070312,0,0,Fuel/Ambient,66509028,1740862594
1740862594271685265,20,[  0   0   0   0 184 156  20   0],7,258,945.2000122070312,0,0,Fuel/Ambient,271171259,1740862594
1740862594466656299,20,[  0   0   0   0 184 156  20   0],7,258,945.2000122070312,0,0,Fuel/Ambient,466151734,1740862594
1740862594672868453,20,[  0   0   0   0 184 156  20   0],7,258,945.2000122070312,0,0,Fuel/Ambient,671160700,1740862594
1740862594866156120,20,[  0   0   0   0 184 156  20   0],7,258,945.2000122070312,0,0,Fuel/Ambient,865688676,1740862594
1740862595072534999,20,[  0   0   0   0 184 156  20   0],7,258,945.2000122070312,0,0,Fuel/Ambient,72063619,1740862595
1740862595270130748,20,[  0   0   0   0 184 156  20   0],7,258,945.2000122070312,0,0,Fuel/Ambient,269650023,1740862595
1740862595476973163,20,[  0   0   0   0 184 156  20   0],7,258,945.2000122070312,0,0,Fuel/Ambient,475686580,1740862595
1740862595675451798,20,[  0   0   0   0 184 156  20   0],7,258,945.2000122070312,0,0,Fuel/Ambient,674983362,1740862595
1740862595872624264,20,[  0   0   0   0 184 156  20   0],7,258,945.2000122070312,0,0,Fuel/Ambient,872132212,1740862595
1740862596070314896,20,[  0   0   0   0 184 156  20   0],7,258,945.2000122070312,0,0,Fuel/Ambient,69819259,1740862596
1740862596278081153,20,[  0   0   0   0 184 156  20   0],7,258,945.2000122070312,0,0,Fuel/Ambient,275532052,1740862596
1740862596475546651,20,[  0   0   0   0 184 156  20   0],7,258,945.2000122070312,0,0,Fuel/Ambient,473469795,1740862596
1740862596682228222,20,[  0   0   0   0 184 156  20   0],7,258,945.2000122070312,0,0,Fuel/Ambient,678482462,1740862596
1740862596877218447,20,[  0   0   0   0 184 156  20   0],7,258,945.2000122070312,0,0,Fuel/Ambient,876765531,1740862596
1740862597078119609,20,[  0   0   0   0 184 156  20   0],7,258,945.2000122070312,0,0,Fuel/Ambient,77681671,1740862597
1740862597275863546,20,[  0   0   0   0 184 156  20   0],7,258,945.2000122070312,0,0,Fuel/Ambient,274904049,1740862597
1740862597480494720,20,[  0   0   0   0 184 156  20   0],7,258,945.2000122070312,0,0,Fuel/Ambient,480046445,1740862597
1740862597676403891,20,[  0   0   0   0 184 156  20   0],7,258,945.2000122070312,0,0,Fuel/Ambient,675888893,1740862597
1740862597881592529,20,[  0   0   0   0 184 156  20   0],7,258,945.2000122070312,0,0,Fuel/Ambient,881122269,1740862597
1740862598078104379,20,[  0   0   0   0 184 156  20   0],7,258,945.2000122070312,0,0,Fuel/Ambient,77632199,1740862598
1740862598284275261,20,[  0   0   0   0 184 156  20   0],7,258,945.2000122070312,0,0,Fuel/Ambient,283351958,1740862598
1740862598480818758,20,[  0   0   0   0 184 156  20   0],7,258,945.2000122070312,0,0,Fuel/Ambient,480306000,1740862598
1740862598686406031,20,[  0   0   0   0 184 156  20   0],7,258,945.2000122070312,0,0,Fuel/Ambient,685907738,1740862598
1740862598881767238,20,[  0   0   0   0 184 156  20   0],7,258,945.2000122070312,0,0,Fuel/Ambient,881006629,1740862598
1740862599088633251,20,[  0   0   0   0 184 156  20   0],7,258,945.2000122070312,0,0,Fuel/Ambient,88232978,1740862599
1740862599283564770,20,[  0   0   0   0 184 156  20   0],7,258,945.2000122070312,0,0,Fuel/Ambient,283020779,1740862599
1740862599489883493,20,[  0   0   0   0 184 156  20   0],7,258,945.2000122070312,0,0,Fuel/Ambient,489324557,1740862599
1740862599685510977,20,[  0   0   0   0 184 156  20   0],7,258,945.2000122070312,0,0,Fuel/Ambient,684903144,1740862599
1740862599890203679,20,[  0   0   0   0 184 156  20   0],7,258,945.2000122070312,0,0,Fuel/Ambient,889748140,1740862599
1740862600086620859,20,[  0   0   0   0 184 156  20   0],7,258,945.2000122070312,0,0,Fuel/Ambient,86096517,1740862600
1740862600291677123,20,[  0   0   0   0 184 156  20   0],7,258,945.2000122070312,0,0,Fuel/Ambient,291126028,1740862600
1740862600487707852,20,[  0   0   0   0 184 156  20   0],7,258,945.2000122070312,0,0,Fuel/Ambient,486565723,1740862600
1740862600691479965,20,[  0   0   0   0 184 157  20   0],7,258,945.219970703125,0,0,Fuel/Ambient,691112045,1740862600
1740862600895799013,20,[  0   0   0   0 184 157  20   0],7,258,945.219970703125,0,0,Fuel/Ambient,895372819,1740862600
1740862601092870616,20,[  0   0   0   0 184 157  20   0],7,258,945.219970703125,0,0,Fuel/Ambient,91300309,1740862601
1740862601296818027,20,[  0   0   0   0 184 157  20   0],7,258,945.219970703125,0,0,Fuel/Ambient,295890756,1740862601
1740862601490962846,20,[  0   0   0   0 184 157  20   0],7,258,945.219970703125,0,0,Fuel/Ambient,490502027,1740862601
1740862601696340303,20,[  0   0   0   0 184 157  20   0],7,258,945.219970703125,0,0,Fuel/Ambient,695732309,1740862601
1740862601892279598,20,[  0   0   0   0 184 157  20   0],7,258,945.219970703125,0,0,Fuel/Ambient,891656660,1740862601
1740862602091075460,20,[  0   0   0   0 184 157  20   0],7,258,945.219970703125,0,0,Fuel/Ambient,90360646,1740862602
1740862602298148055,20,[  0   0   0   0 184 156  20   0],7,258,945.2000122070312,0,0,Fuel/Ambient,297304275,1740862602
1740862602493309776,20,[  0   0   0   0 184 156  20   0],7,258,945.2000122070312,0,0,Fuel/Ambient,492815131,1740862602
1740862602699301941,20,[  0   0   0   0 184 156  20   0],7,258,945.2000122070312,0,0,Fuel/Ambient,698862051,1740862602
1740862602895142571,20,[  0   0   0   0 184 156  20   0],7,258,945.2000122070312,0,0,Fuel/Ambient,894699257,1740862602
1740862603104214384,20,[  0   0   0   0 184 156  20   0],7,258,945.2000122070312,0,0,Fuel/Ambient,103011645,1740862603
1740862603298964019,20,[  0   0   0   0 184 156  20   0],7,258,945.2000122070312,0,0,Fuel/Ambient,298247829,1740862603
1740862603503764352,20,[  0   0   0   0 184 157  20   0],7,258,945.219970703125,0,0,Fuel/Ambient,503216073,1740862603
1740862603699142557,20,[  0   0   0   0 184 157  20   0],7,258,945.219970703125,0,0,Fuel/Ambient,698424671,1740862603
1740862603903866535,20,[  0   0   0   0 184 157  20   0],7,258,945.219970703125,0,0,Fuel/Ambient,903372402,1740862603
1740862604101284504,20,[  0   0   0   0 184 157  20   0],7,258,945.219970703125,0,0,Fuel/Ambient,100757506,1740862604
1740862604305960667,20,[  0   0   0   0 184 157  20   0],7,258,945.219970703125,0,0,Fuel/Ambient,305431204,1740862604
1740862604501453816,20,[  0   0   0   0 184 157  20   0],7,258,945.219970703125,0,0,Fuel/Ambient,500994084,1740862604
1740862604706297313,20,[  0   0   0   0 184 157  20   0],7,258,945.219970703125,0,0,Fuel/Ambient,705764843,1740862604
1740862604901285129,20,[  0   0   0   0 184 157  20   0],7,258,945.219970703125,0,0,Fuel/Ambient,900754707,1740862604
1740862605107741236,20,[  0   0   0   0 184 157  20   0],7,258,945.219970703125,0,0,Fuel/Ambient,107270528,1740862605
1740862605302402697,19,[  0   0   0   0 184 157  19   0],7,258,945.219970703125,0,0,Fuel/Ambient,301888371,1740862605
1740862605507587900,19,[  0   0   0   0 184 157  19   0],7,258,945.219970703125,0,0,Fuel/Ambient,507146377,1740862605
1740862605702609696,19,[  0   0   0   0 184 157  19   0],7,258,945.219970703125,0,0,Fuel/Ambient,701893761,1740862605
1740862605907365984,19,[  0   0   0   0 184 157  19   0],7,258,945.219970703125,0,0,Fuel/Ambient,907053779,1740862605
1740862606103963780,19,[  0   0   0   0 184 157  19   0],7,258,945.219970703125,0,0,Fuel/Ambient,103537234,1740862606
1740862606308961738,19,[  0   0   0   0 184 157  19   0],7,258,945.219970703125,0,0,Fuel/Ambient,308456372,1740862606
1740862606513989392,19,[  0   0   0   0 184 157  19   0],7,258,945.219970703125,0,0,Fuel/Ambient,513398935,1740862606
1740862606708891210,19,[  0   0   0   0 184 157  19   0],7,258,945.219970703125,0,0,Fuel/Ambient,708311890,1740862606
1740862606913779851,19,[  0   0   0   0 184 157  19   0],7,258,945.219970703125,0,0,Fuel/Ambient,913286102,1740862606
1740862607110234020,19,[  0   0   0   0 184 158  19   0],7,258,945.239990234375,0,0,Fuel/Ambient,109772592,1740862607
1740862607314807282,19,[  0   0   0   0 184 158  19   0],7,258,945.239990234375,0,0,Fuel/Ambient,314353471,1740862607
1740862607509425787,19,[  0   0   0   0 184 158  19   0],7,258,945.239990234375,0,0,Fuel/Ambient,508914853,1740862607
1740862607714555968,19,[  0   0   0   0 184 157  19   0],7,258,945.219970703125,0,0,Fuel/Ambient,713864931,1740862607
1740862607910954068,19,[  0   0   0   0 184 158  19   0],7,258,945.239990234375,0,0,Fuel/Ambient,909913128,1740862607
1740862608111295885,19,[  0   0   0   0 184 158  19   0],7,258,945.239990234375,0,0,Fuel/Ambient,110657842,1740862608
1740862608317714051,19,[  0   0   0   0 184 158  19   0],7,258,945.239990234375,0,0,Fuel/Ambient,317150252,1740862608
1740862608514006286,19,[  0   0   0   0 184 158  19   0],7,258,945.239990234375,0,0,Fuel/Ambient,513637246,1740862608
1740862608720007891,19,[  0   0   0   0 184 158  19   0],7,258,945.239990234375,0,0,Fuel/Ambient,719195633,1740862608
1740862608916834964,19,[  0   0   0   0 184 158  19   0],7,258,945.239990234375,0,0,Fuel/Ambient,916071188,1740862608
1740862609115432190,19,[  0   0   0   0 184 158  19   0],7,258,945.239990234375,0,0,Fuel/Ambient,114647932,1740862609
1740862609322214718,19,[  0   0   0   0 184 158  19   0],7,258,945.239990234375,0,0,Fuel/Ambient,321417149,1740862609
1740862609518795248,19,[  0   0   0   0 184 158  19   0],7,258,945.239990234375,0,0,Fuel/Ambient,517619199,1740862609
1740862609724181558,19,[  0   0   0   0 184 158  19   0],7,258,945.239990234375,0,0,Fuel/Ambient,723612222,1740862609
1740862609920686437,19,[  0   0   0   0 184 158  19   0],7,258,945.239990234375,0,0,Fuel/Ambient,920192784,1740862609
1740862610121398082,19,[  0   0   0   0 184 158  19   0],7,258,945.239990234375,0,0,Fuel/Ambient,120903373,1740862610
1740862610327418845,19,[  0   0   0   0 184 158  19   0],7,258,945.239990234375,0,0,Fuel/Ambient,326825956,1740862610
1740862610523545911,19,[  0   0   0   0 184 158  19   0],7,258,945.239990234375,0,0,Fuel/Ambient,522738229,1740862610
1740862610719695761,19,[  0   0   0   0 184 158  19   0],7,258,945.239990234375,0,0,Fuel/Ambient,718900304,1740862610
1740862610925202647,19,[  0   0   0   0 184 158  19   0],7,258,945.239990234375,0,0,Fuel/Ambient,924671264,1740862610
1740862611124246792,19,[  0   0   0   0 184 159  19   0],7,258,945.260009765625,0,0,Fuel/Ambient,123488904,1740862611
1740862611330422661,19,[  0   0   0   0 184 159  19   0],7,258,945.260009765625,0,0,Fuel/Ambient,329915567,1740862611
1740862611526656094,19,[  0   0   0   0 184 158  19   0],7,258,945.239990234375,0,0,Fuel/Ambient,526250669,1740862611
1740862611725486276,19,[  0   0   0   0 184 158  19   0],7,258,945.239990234375,0,0,Fuel/Ambient,724750757,1740862611
1740862611932935767,19,[  0   0   0   0 184 158  19   0],7,258,945.239990234375,0,0,Fuel/Ambient,932398656,1740862611
1740862612130840819,19,[  0   0   0   0 184 158  19   0],7,258,945.239990234375,0,0,Fuel/Ambient,130371967,1740862612
1740862612329553199,19,[  0   0   0   0 184 158  19   0],7,258,945.239990234375,0,0,Fuel/Ambient,328786479,1740862612
1740862612525491639,19,[  0   0   0   0 184 159  19   0],7,258,945.260009765625,0,0,Fuel/Ambient,524779865,1740862612
1740862612732331242,19,[  0   0   0   0 184 159  19   0],7,258,945.260009765625,0,0,Fuel/Ambient,731135544,1740862612
1740862612929298429,19,[  0   0   0   0 184 159  19   0],7,258,945.260009765625,0,0,Fuel/Ambient,927705402,1740862612
1740862613128094874,19,[  0   0   0   0 184 158  19   0],7,258,945.239990234375,0,0,Fuel/Ambient,127411453,1740862613
1740862613334372688,19,[  0   0   0   0 184 158  19   0],7,258,945.239990234375,0,0,Fuel/Ambient,333902972,1740862613
1740862613530352180,19,[  0   0   0   0 184 158  19   0],7,258,945.239990234375,0,0,Fuel/Ambient,529462255,1740862613
1740862613737098526,19,[  0   0   0   0 184 158  19   0],7,258,945.239990234375,0,0,Fuel/Ambient,736297661,1740862613
1740862613932509355,19,[  0   0   0   0 184 158  19   0],7,258,945.239990234375,0,0,Fuel/Ambient,931974132,1740862613
1740862614140214682,19,[  0   0   0   0 184 158  19   0],7,258,945.239990234375,0,0,Fuel/Ambient,139646050,1740862614
1740862614335792744,19,[  0   0   0   0 184 158  19   0],7,258,945.239990234375,0,0,Fuel/Ambient,335259121,1740862614
1740862614541445630,19,[  0   0   0   0 184 158  19   0],7,258,945.239990234375,0,0,Fuel/Ambient,540805604,1740862614
1740862614737394812,19,[  0   0   0   0 184 158  19   0],7,258,945.239990234375,0,0,Fuel/Ambient,736250220,1740862614
1740862614942965968,19,[  0   0   0   0 184 158  19   0],7,258,945.239990234375,0,0,Fuel/Ambient,942362582,1740862614
1740862615141820196,19,[  0   0   0   0 184 158  19   0],7,258,945.239990234375,0,0,Fuel/Ambient,141198058,1740862615
1740862615337838080,19,[  0   0   0   0 184 158  19   0],7,258,945.239990234375,0,0,Fuel/Ambient,337064000,1740862615
1740862615543805247,19,[  0   0   0   0 184 158  19   0],7,258,945.239990234375,0,0,Fuel/Ambient,543151651,1740862615
1740862615739890333,19,[  0   0   0   0 184 158  19   0],7,258,945.239990234375,0,0,Fuel/Ambient,739102364,1740862615
1740862615946300431,19,[  0   0   0   0 184 158  19   0],7,258,945.239990234375,0,0,Fuel/Ambient,945712822,1740862615
1740862616144456417,19,[  0   0   0   0 184 158  19   0],7,258,945.239990234375,0,0,Fuel/Ambient,143730754,1740862616
1740862616341834769,19,[  0   0   0   0 184 158  19   0],7,258,945.239990234375,0,0,Fuel/Ambient,340990285,1740862616
1740862616547986930,19,[  0   0   0   0 184 158  19   0],7,258,945.239990234375,0,0,Fuel/Ambient,547030154,1740862616
1740862616744319670,19,[  0   0   0   0 184 158  19   0],7,258,945.239990234375,0,0,Fuel/Ambient,742924636,1740862616
1740862616949756441,19,[  0   0   0   0 184 158  19   0],7,258,945.239990234375,0,0,Fuel/Ambient,949287974,1740862616
1740862617148157585,19,[  0   0   0   0 184 158  19   0],7,258,945.239990234375,0,0,Fuel/Ambient,147496021,1740862617
1740862617343451012,19,[  0   0   0   0 184 158  19   0],7,258,945.239990234375,0,0,Fuel/Ambient,343016018,1740862617
1740862617549826826,19,[  0   0   0   0 184 158  19   0],7,258,945.239990234375,0,0,Fuel/Ambient,549070858,1740862617
1740862617745863356,19,[  0   0   0   0 184 158  19   0],7,258,945.239990234375,0,0,Fuel/Ambient,745403625,1740862617
1740862617951522339,19,[  0   0   0   0 184 159  19   0],7,258,945.260009765625,0,0,Fuel/Ambient,951019118,1740862617
1740862618149434785,19,[  0   0   0   0 184 159  19   0],7,258,945.260009765625,0,0,Fuel/Ambient,148532507,1740862618
1740862618345613109,19,[  0   0   0   0 184 159  19   0],7,258,945.260009765625,0,0,Fuel/Ambient,344883894,1740862618
1740862618551866416,19,[  0   0   0   0 184 159  19   0],7,258,945.260009765625,0,0,Fuel/Ambient,551169907,1740862618
1740862618748881831,19,[  0   0   0   0 184 159  19   0],7,258,945.260009765625,0,0,Fuel/Ambient,747362791,1740862618
1740862618954115799,19,[  0   0   0   0 184 159  19   0],7,258,945.260009765625,0,0,Fuel/Ambient,953476668,1740862618
1740862619152056625,19,[  0   0   0   0 184 159  19   0],7,258,945.260009765625,0,0,Fuel/Ambient,151191884,1740862619
1740862619357852371,19,[  0   0   0   0 184 159  19   0],7,258,945.260009765625,0,0,Fuel/Ambient,356971150,1740862619
1740862619553282210,19,[  0   0   0   0 184 159  19   0],7,258,945.260009765625,0,0,Fuel/Ambient,552320474,1740862619
1740862619759342160,19,[  0   0   0   0 184 159  19   0],7,258,945.260009765625,0,0,Fuel/Ambient,758398504,1740862619
1740862619955420890,19,[  0   0   0   0 184 159  19   0],7,258,945.260009765625,0,0,Fuel/Ambient,954755166,1740862619
1740862620154514560,19,[  0   0   0   0 184 160  19   0],7,258,945.280029296875,0,0,Fuel/Ambient,153770624,1740862620
1740862620359513404,19,[  0   0   0   0 184 160  19   0],7,258,945.280029296875,0,0,Fuel/Ambient,358884673,1740862620
1740862620556160537,19,[  0   0   0   0 184 160  19   0],7,258,945.280029296875,0,0,Fuel/Ambient,555457275,1740862620
1740862620762155583,19,[  0   0   0   0 184 160  19   0],7,258,945.280029296875,0,0,Fuel/Ambient,761272858,1740862620
1740862620958328296,19,[  0   0   0   0 184 159  19   0],7,258,945.260009765625,0,0,Fuel/Ambient,957590697,1740862620
1740862621156959093,19,[  0   0   0   0 184 159  19   0],7,258,945.260009765625,0,0,Fuel/Ambient,156070896,1740862621
1740862621362082065,19,[  0   0   0   0 184 159  19   0],7,258,945.260009765625,0,0,Fuel/Ambient,361438454,1740862621
1740862621561589569,19,[  0   0   0   0 184 159  19   0],7,258,945.260009765625,0,0,Fuel/Ambient,557434387,1740862621
1740862621762881148,19,[  0   0   0   0 184 159  19   0],7,258,945.260009765625,0,0,Fuel/Ambient,761896275,1740862621
1740862621959131556,19,[  0   0   0   0 184 159  19   0],7,258,945.260009765625,0,0,Fuel/Ambient,956256140,1740862621
1740862622164271645,19,[  0   0   0   0 184 159  19   0],7,258,945.260009765625,0,0,Fuel/Ambient,163454682,1740862622
1740862622358830905,19,[  0   0   0   0 184 159  19   0],7,258,945.260009765625,0,0,Fuel/Ambient,358139516,1740862622
1740862622564603115,19,[  0   0   0   0 184 159  19   0],7,258,945.260009765625,0,0,Fuel/Ambient,564239387,1740862622
1740862622760248468,19,[  0   0   0   0 184 159  19   0],7,258,945.260009765625,0,0,Fuel/Ambient,759866692,1740862622
1740862622966531483,18,[  0   0   0   0 184 159  18   0],7,258,945.260009765625,0,0,Fuel/Ambient,965829566,1740862622
1740862623165203392,18,[  0   0   0   0 184 158  18   0],7,258,945.239990234375,0,0,Fuel/Ambient,164351644,1740862623
1740862623360974249,18,[  0   0   0   0 184 158  18   0],7,258,945.239990234375,0,0,Fuel/Ambient,360341135,1740862623
1740862623567413394,18,[  0   0   0   0 184 158  18   0],7,258,945.239990234375,0,0,Fuel/Ambient,566702708,1740862623
1740862623762902192,18,[  0   0   0   0 184 158  18   0],7,258,945.239990234375,0,0,Fuel/Ambient,762463294,1740862623
1740862623969723657,18,[  0   0   0   0 184 158  18   0],7,258,945.239990234375,0,0,Fuel/Ambient,969009291,1740862623
1740862624167626824,18,[  0   0   0   0 184 158  18   0],7,258,945.239990234375,0,0,Fuel/Ambient,166770564,1740862624
1740862624373742462,18,[  0   0   0   0 184 158  18   0],7,258,945.239990234375,0,0,Fuel/Ambient,373117412,1740862624
1740862624569602471,18,[  0   0   0   0 184 158  18   0],7,258,945.239990234375,0,0,Fuel/Ambient,568909002,1740862624
1740862624775613496,18,[  0   0   0   0 184 158  18   0],7,258,945.239990234375,0,0,Fuel/Ambient,774744468,1740862624
1740862624970975660,18,[  0   0   0   0 184 158  18   0],7,258,945.239990234375,0,0,Fuel/Ambient,970351698,1740862624
1740862625171003391,18,[  0   0   0   0 184 159  18   0],7,258,945.260009765625,0,0,Fuel/Ambient,170162876,1740862625
1740862625377025004,18,[  0   0   0   0 184 159  18   0],7,258,945.260009765625,0,0,Fuel/Ambient,376155239,1740862625
1740862625572494303,18,[  0   0   0   0 184 159  18   0],7,258,945.260009765625,0,0,Fuel/Ambient,571481877,1740862625
1740862625778622321,18,[  0   0   0   0 184 159  18   0],7,258,945.260009765625,0,0,Fuel/Ambient,777945236,1740862625
1740862625974139558,18,[  0   0   0   0 184 159  18   0],7,258,945.260009765625,0,0,Fuel/Ambient,973560718,1740862625
1740862626172058972,18,[  0   0   0   0 184 159  18   0],7,258,945.260009765625,0,0,Fuel/Ambient,171338205,1740862626
1740862626377492299,18,[  0   0   0   0 184 159  18   0],7,258,945.260009765625,0,0,Fuel/Ambient,376984534,1740862626
1740862626573516336,18,[  0   0   0   0 184 160  18   0],7,258,945.280029296875,0,0,Fuel/Ambient,573052605,1740862626
1740862626779349648,18,[  0   0   0   0 184 160  18   0],7,258,945.280029296875,0,0,Fuel/Ambient,778663156,1740862626
1740862626974768445,18,[  0   0   0   0 184 160  18   0],7,258,945.280029296875,0,0,Fuel/Ambient,974309034,1740862626
1740862627182949690,18,[  0   0   0   0 184 160  18   0],7,258,945.280029296875,0,0,Fuel/Ambient,182299071,1740862627
1740862627378618220,18,[  0   0   0   0 184 160  18   0],7,258,945.280029296875,0,0,Fuel/Ambient,378060821,1740862627
1740862627575161635,18,[  0   0   0   0 184 160  18   0],7,258,945.280029296875,0,0,Fuel/Ambient,574603787,1740862627
1740862627780870328,18,[  0   0   0   0 184 160  18   0],7,258,945.280029296875,0,0,Fuel/Ambient,780116697,1740862627
1740862627986541964,18,[  0   0   0   0 184 160  18   0],7,258,945.280029296875,0,0,Fuel/Ambient,986023287,1740862627
1740862628184805062,18,[  0   0   0   0 184 160  18   0],7,258,945.280029296875,0,0,Fuel/Ambient,183990628,1740862628
1740862628380829410,18,[  0   0   0   0 184 160  18   0],7,258,945.280029296875,0,0,Fuel/Ambient,380104868,1740862628
1740862628587334900,18,[  0   0   0   0 184 160  18   0],7,258,945.280029296875,0,0,Fuel/Ambient,586313321,1740862628
1740862628782367878,18,[  0   0   0   0 184 160  18   0],7,258,945.280029296875,0,0,Fuel/Ambient,781819791,1740862628
1740862628988110872,18,[  0   0   0   0 184 161  18   0],7,258,945.2999877929688,0,0,Fuel/Ambient,987270741,1740862628
1740862629187938414,17,[  0   0   0   0 184 161  17   0],7,258,945.2999877929688,0,0,Fuel/Ambient,187065386,1740862629
1740862629383492850,17,[  0   0   0   0 184 161  17   0],7,258,945.2999877929688,0,0,Fuel/Ambient,382917210,1740862629
1740862629589263328,17,[  0   0   0   0 184 161  17   0],7,258,945.2999877929688,0,0,Fuel/Ambient,588477343,1740862629
1740862629786189020,17,[  0   0   0   0 184 161  17   0],7,258,945.2999877929688,0,0,Fuel/Ambient,785357626,1740862629
1740862629991335984,17,[  0   0   0   0 184 161  17   0],7,258,945.2999877929688,0,0,Fuel/Ambient,990774969,1740862629
1740862630189871692,17,[  0   0   0   0 184 161  17   0],7,258,945.2999877929688,0,0,Fuel/Ambient,188939589,1740862630
1740862630385452523,17,[  0   0   0   0 184 161  17   0],7,258,945.2999877929688,0,0,Fuel/Ambient,384912277,1740862630
1740862630591516672,17,[  0   0   0   0 184 161  17   0],7,258,945.2999877929688,0,0,Fuel/Ambient,590758241,1740862630
1740862630787614198,17,[  0   0   0   0 184 161  17   0],7,258,945.2999877929688,0,0,Fuel/Ambient,787116417,1740862630
1740862630994143678,17,[  0   0   0   0 184 161  17   0],7,258,945.2999877929688,0,0,Fuel/Ambient,993483042,1740862630
1740862631193265101,17,[  0   0   0   0 184 161  17   0],7,258,945.2999877929688,0,0,Fuel/Ambient,192841339,1740862631
1740862631389089810,17,[  0   1   0   0 184 161  17   0],7,258,945.2999877929688,0,1,Fuel/Ambient,388543963,1740862631
1740862631594945049,17,[  0   1   0   0 184 161  17   0],7,258,945.2999877929688,0,1,Fuel/Ambient,594523111,1740862631
1740862631790946053,17,[  0   1   0   0 184 160  17   0],7,258,945.280029296875,0,1,Fuel/Ambient,790500531,1740862631
1740862631996497952,17,[  0   1   0   0 184 160  17   0],7,258,945.280029296875,0,1,Fuel/Ambient,995975658,1740862631
1740862632195441826,17,[  0   0   0   0 184 160  17   0],7,258,945.280029296875,0,0,Fuel/Ambient,194822697,1740862632
1740862632393251957,17,[  0   0   0   0 184 160  17   0],7,258,945.280029296875,0,0,Fuel/Ambient,392835812,1740862632
1740862632601178798,17,[  0   0   0   0 184 160  17   0],7,258,945.280029296875,0,0,Fuel/Ambient,600624471,1740862632
1740862632797259545,17,[  0   0   0   0 184 160  17   0],7,258,945.280029296875,0,0,Fuel/Ambient,796681729,1740862632
1740862632993954941,17,[  0   0   0   0 184 160  17   0],7,258,945.280029296875,0,0,Fuel/Ambient,992814702,1740862632
1740862633202036759,17,[  0   0   0   0 184 160  17   0],7,258,945.280029296875,0,0,Fuel/Ambient,201652807,1740862633
1740862633397240441,17,[  0   0   0   0 184 160  17   0],7,258,945.280029296875,0,0,Fuel/Ambient,396713315,1740862633
1740862633603010482,17,[  0   0   0   0 184 159  17   0],7,258,945.260009765625,0,0,Fuel/Ambient,602248498,1740862633
1740862633799662864,17,[  0   0   0   0 184 159  17   0],7,258,945.260009765625,0,0,Fuel/Ambient,798964787,1740862633
1740862634006115302,17,[  0   0   0   0 184 159  17   0],7,258,945.260009765625,0,0,Fuel/Ambient,5425225,1740862634
1740862634203370392,17,[  0   0   0   0 184 159  17   0],7,258,945.260009765625,0,0,Fuel/Ambient,202974631,1740862634
1740862634399153005,17,[  0   0   0   0 184 158  17   0],7,258,945.239990234375,0,0,Fuel/Ambient,398591157,1740862634
1740862634605100041,17,[  0   0   0   0 184 158  17   0],7,258,945.239990234375,0,0,Fuel/Ambient,604365226,1740862634
1740862634800698422,17,[  0   0   0   0 184 158  17   0],7,258,945.239990234375,0,0,Fuel/Ambient,800028666,1740862634
1740862635007098948,17,[  0   0   0   0 184 158  17   0],7,258,945.239990234375,0,0,Fuel/Ambient,6609712,1740862635
1740862635205159379,17,[  0   0   0   0 184 158  17   0],7,258,945.239990234375,0,0,Fuel/Ambient,204411508,1740862635
1740862635402081874,17,[  0   0   0   0 184 158  17   0],7,258,945.239990234375,0,0,Fuel/Ambient,400621014,1740862635
1740862635607696411,17,[  0   0   0   0 184 158  17   0],7,258,945.239990234375,0,0,Fuel/Ambient,607006175,1740862635
1740862635803132317,17,[  0   0   0   0 184 158  17   0],7,258,945.239990234375,0,0,Fuel/Ambient,802393182,1740862635
1740862636008789000,17,[  0   0   0   0 184 158  17   0],7,258,945.239990234375,0,0,Fuel/Ambient,8097547,1740862636
1740862636208287917,16,[  0   0   0   0 184 158  16   0],7,258,945.239990234375,0,0,Fuel/Ambient,207596497,1740862636
1740862636412884007,16,[  0   0   0   0 184 158  16   0],7,258,945.239990234375,0,0,Fuel/Ambient,412398387,1740862636
1740862636608709460,16,[  0   0   0   0 184 158  16   0],7,258,945.239990234375,0,0,Fuel/Ambient,606872551,1740862636
1740862636812525933,16,[  0   0   0   0 184 158  16   0],7,258,945.239990234375,0,0,Fuel/Ambient,811992983,1740862636
1740862637008093359,16,[  0   0   0   0 184 158  16   0],7,258,945.239990234375,0,0,Fuel/Ambient,7606939,1740862637
1740862637215939403,16,[  0   0   0   0 184 158  16   0],7,258,945.239990234375,0,0,Fuel/Ambient,215454711,1740862637
1740862637412530163,16,[  0   0   0   0 184 158  16   0],7,258,945.239990234375,0,0,Fuel/Ambient,412099809,1740862637
1740862637618993589,16,[  0   0   0   0 184 158  16   0],7,258,945.239990234375,0,0,Fuel/Ambient,617383442,1740862637
1740862637813758321,16,[  0   0   0   0 184 158  16   0],7,258,945.239990234375,0,0,Fuel/Ambient,812895149,1740862637
1740862638010585251,16,[  0   0   0   0 184 158  16   0],7,258,945.239990234375,0,0,Fuel/Ambient,9498549,1740862638
1740862638218757575,16,[  0   0   0   0 184 158  16   0],7,258,945.239990234375,0,0,Fuel/Ambient,218043305,1740862638
1740862638414423907,16,[  0   0   0   0 184 158  16   0],7,258,945.239990234375,0,0,Fuel/Ambient,414046932,1740862638
1740862638619865814,16,[  0   0   0   0 184 158  16   0],7,258,945.239990234375,0,0,Fuel/Ambient,619277534,1740862638
1740862638815331499,16,[  0   0   0   0 184 159  16   0],7,258,945.260009765625,0,0,Fuel/Ambient,814790100,1740862638
1740862639020805054,16,[  0   0   0   0 184 159  16   0],7,258,945.260009765625,0,0,Fuel/Ambient,20301129,1740862639
1740862639219227081,16,[  0   0   0   0 184 159  16   0],7,258,945.260009765625,0,0,Fuel/Ambient,218729300,1740862639
1740862639414802269,16,[  0   0   0   0 184 159  16   0],7,258,945.260009765625,0,0,Fuel/Ambient,414289256,1740862639
1740862639620839075,16,[  0   0   0   0 184 159  16   0],7,258,945.260009765625,0,0,Fuel/Ambient,620268940,1740862639
1740862639816540061,16,[  0   0   0   0 184 159  16   0],7,258,945.260009765625,0,0,Fuel/Ambient,815925955,1740862639
1740862640021857957,16,[  0   0   0   0 184 159  16   0],7,258,945.260009765625,0,0,Fuel/Ambient,21411506,1740862640
1740862640219719379,16,[  0   0   0   0 184 160  16   0],7,258,945.280029296875,0,0,Fuel/Ambient,218958292,1740862640
1740862640425361540,16,[  0   0   0   0 184 160  16   0],7,258,945.280029296875,0,0,Fuel/Ambient,424025837,1740862640
1740862640619965355,16,[  0   0   0   0 184 160  16   0],7,258,945.280029296875,0,0,Fuel/Ambient,619489784,1740862640
1740862640825974796,16,[  0   0   0   0 184 160  16   0],7,258,945.280029296875,0,0,Fuel/Ambient,825361906,1740862640
1740862641021639870,16,[  0   0   0   0 184 160  16   0],7,258,945.280029296875,0,0,Fuel/Ambient,21041478,1740862641
1740862641222178487,16,[  0   0   0   0 184 160  16   0],7,258,945.280029296875,0,0,Fuel/Ambient,221643745,1740862641
1740862641427548376,16,[  0   0   0   0 184 160  16   0],7,258,945.280029296875,0,0,Fuel/Ambient,427231882,1740862641
1740862641622373827,16,[  0   0   0   0 184 160  16   0],7,258,945.280029296875,0,0,Fuel/Ambient,621935729,1740862641
1740862641827705826,16,[  0   0   0   0 184 159  16   0],7,258,945.260009765625,0,0,Fuel/Ambient,827112202,1740862641
1740862642023910247,16,[  0   0   0   0 184 159  16   0],7,258,945.260009765625,0,0,Fuel/Ambient,23530519,1740862642
1740862642224699589,16,[  0   0   0   0 184 159  16   0],7,258,945.260009765625,0,0,Fuel/Ambient,223820896,1740862642
1740862642429811894,16,[  0   0   0   0 184 159  16   0],7,258,945.260009765625,0,0,Fuel/Ambient,429307169,1740862642
1740862642625583332,16,[  0   0   0   0 184 158  16   0],7,258,945.239990234375,0,0,Fuel/Ambient,624901256,1740862642
1740862642831469685,16,[  0   0   0   0 184 158  16   0],7,258,945.239990234375,0,0,Fuel/Ambient,830765240,1740862642
1740862643027711350,16,[  0   0   0   0 184 158  16   0],7,258,945.239990234375,0,0,Fuel/Ambient,26750318,1740862643
1740862643236413495,16,[  0   0   0   0 184 157  16   0],7,258,945.219970703125,0,0,Fuel/Ambient,235651351,1740862643
1740862643433235948,16,[  0   0   0   0 184 157  16   0],7,258,945.219970703125,0,0,Fuel/Ambient,432381128,1740862643
1740862643628534434,16,[  0   0   0   0 184 157  16   0],7,258,945.219970703125,0,0,Fuel/Ambient,628142929,1740862643
1740862643834699001,16,[  0   0   0   0 184 157  16   0],7,258,945.219970703125,0,0,Fuel/Ambient,834144610,1740862643
1740862644030547781,16,[  0   0   0   0 184 157  16   0],7,258,945.219970703125,0,0,Fuel/Ambient,30066897,1740862644
1740862644239172542,16,[  0   0   0   0 184 157  16   0],7,258,945.219970703125,0,0,Fuel/Ambient,238309722,1740862644
1740862644433390242,16,[  0   0   0   0 184 157  16   0],7,258,945.219970703125,0,0,Fuel/Ambient,432931023,1740862644
1740862644638791061,16,[  0   0   0   0 184 156  16   0],7,258,945.2000122070312,0,0,Fuel/Ambient,638351971,1740862644
1740862644833885950,16,[  0   0   0   0 184 156  16   0],7,258,945.2000122070312,0,0,Fuel/Ambient,833422795,1740862644
1740862645039623102,16,[  0   0   0   0 184 156  16   0],7,258,945.2000122070312,0,0,Fuel/Ambient,39177260,1740862645
1740862645238522944,16,[  0   0   0   0 184 156  16   0],7,258,945.2000122070312,0,0,Fuel/Ambient,237635131,1740862645
1740862645443878476,16,[  0   0   0   0 184 156  16   0],7,258,945.2000122070312,0,0,Fuel/Ambient,443284467,1740862645
1740862645638570271,16,[  0   0   0   0 184 156  16   0],7,258,945.2000122070312,0,0,Fuel/Ambient,638243250,1740862645
1740862645844687723,16,[  0   0   0   0 184 156  16   0],7,258,945.2000122070312,0,0,Fuel/Ambient,844112883,1740862645
1740862646040700660,16,[  0   0   0   0 184 156  16   0],7,258,945.2000122070312,0,0,Fuel/Ambient,40251553,1740862646
1740862646241841005,16,[  0   0   0   0 184 156  16   0],7,258,945.2000122070312,0,0,Fuel/Ambient,241132272,1740862646
1740862646437714157,16,[  0   0   0   0 184 156  16   0],7,258,945.2000122070312,0,0,Fuel/Ambient,436980814,1740862646
1740862646642860299,16,[  0   0   0   0 184 156  16   0],7,258,945.2000122070312,0,0,Fuel/Ambient,641993031,1740862646
1740862646848739080,16,[  0   0   0   0 184 156  16   0],7,258,945.2000122070312,0,0,Fuel/Ambient,848064364,1740862646
1740862647044820879,16,[  0   0   0   0 184 156  16   0],7,258,945.2000122070312,0,0,Fuel/Ambient,44450944,1740862647
1740862647241889020,16,[  0   0   0   0 184 156  16   0],7,258,945.2000122070312,0,0,Fuel/Ambient,241417704,1740862647
1740862647447787860,16,[  0   0   0   0 184 156  16   0],7,258,945.2000122070312,0,0,Fuel/Ambient,447121849,1740862647
1740862647643312577,16,[  0   0   0   0 184 157  16   0],7,258,945.219970703125,0,0,Fuel/Ambient,642737385,1740862647
1740862647850839261,16,[  0   0   0   0 184 157  16   0],7,258,945.219970703125,0,0,Fuel/Ambient,850276774,1740862647
1740862648047496759,16,[  0   0   0   0 184 157  16   0],7,258,945.219970703125,0,0,Fuel/Ambient,47057253,1740862648
1740862648245333502,16,[  0   0   0   0 184 158  16   0],7,258,945.239990234375,0,0,Fuel/Ambient,244906381,1740862648
1740862648451719654,16,[  0   0   0   0 184 158  16   0],7,258,945.239990234375,0,0,Fuel/Ambient,450987848,1740862648
1740862648648139763,16,[  0   0   0   0 184 158  16   0],7,258,945.239990234375,0,0,Fuel/Ambient,647382740,1740862648
1740862648854963597,16,[  0   0   0   0 184 158  16   0],7,258,945.239990234375,0,0,Fuel/Ambient,854260784,1740862648
1740862649050389392,16,[  0   0   0   0 184 158  16   0],7,258,945.239990234375,0,0,Fuel/Ambient,49835513,1740862649
1740862649249347040,16,[  0   0   0   0 184 158  16   0],7,258,945.239990234375,0,0,Fuel/Ambient,248381656,1740862649
1740862649454642070,16,[  0   0   0   0 184 158  16   0],7,258,945.239990234375,0,0,Fuel/Ambient,453761266,1740862649
1740862649650218620,16,[  0   0   0   0 184 158  16   0],7,258,945.239990234375,0,0,Fuel/Ambient,649487677,1740862649
1740862649855684441,16,[  0   0   0   0 184 158  16   0],7,258,945.239990234375,0,0,Fuel/Ambient,855258375,1740862649
1740862650052496656,16,[  0   0   0   0 184 158  16   0],7,258,945.239990234375,0,0,Fuel/Ambient,51980986,1740862650
1740862650251814443,16,[  0   0   0   0 184 158  16   0],7,258,945.239990234375,0,0,Fuel/Ambient,250817921,1740862650
1740862650457705908,16,[  0   0   0   0 184 158  16   0],7,258,945.239990234375,0,0,Fuel/Ambient,457005367,1740862650
1740862650654025363,16,[  0   0   0   0 184 158  16   0],7,258,945.239990234375,0,0,Fuel/Ambient,653115694,1740862650
1740862650860422962,16,[  0   0   0   0 184 158  16   0],7,258,945.239990234375,0,0,Fuel/Ambient,859607441,1740862650
1740862651056374241,16,[  0   0   0   0 184 158  16   0],7,258,945.239990234375,0,0,Fuel/Ambient,55959472,1740862651
1740862651255656917,16,[  0   0   0   0 184 158  16   0],7,258,945.239990234375,0,0,Fuel/Ambient,254449156,1740862651
1740862651461059206,16,[  0   0   0   0 184 158  16   0],7,258,945.239990234375,0,0,Fuel/Ambient,460465902,1740862651
1740862651656686564,16,[  0   0   0   0 184 157  16   0],7,258,945.219970703125,0,0,Fuel/Ambient,656083915,1740862651
1740862651863977635,16,[  0   0   0   0 184 157  16   0],7,258,945.219970703125,0,0,Fuel/Ambient,863339880,1740862651
1740862652060001520,16,[  0   0   0   0 184 157  16   0],7,258,945.219970703125,0,0,Fuel/Ambient,59504475,1740862652
1740862652262600520,16,[  0   0   0   0 184 157  16   0],7,258,945.219970703125,0,0,Fuel/Ambient,262068978,1740862652
1740862652459626043,16,[  0   0   0   0 184 156  16   0],7,258,945.2000122070312,0,0,Fuel/Ambient,459077284,1740862652
1740862652667346246,16,[  0   0   0   0 184 156  16   0],7,258,945.2000122070312,0,0,Fuel/Ambient,665897771,1740862652
1740862652863183432,16,[  0   0   0   0 184 156  16   0],7,258,945.2000122070312,0,0,Fuel/Ambient,862783544,1740862652
1740862653060024146,16,[  0   0   0   0 184 157  16   0],7,258,945.219970703125,0,0,Fuel/Ambient,59453403,1740862653
1740862653269964244,16,[  0   0   0   0 184 157  16   0],7,258,945.219970703125,0,0,Fuel/Ambient,269478976,1740862653
1740862653465896245,16,[  0   0   0   0 184 157  16   0],7,258,945.219970703125,0,0,Fuel/Ambient,465244858,1740862653
1740862653671408545,16,[  0   0   0   0 184 157  16   0],7,258,945.219970703125,0,0,Fuel/Ambient,670670338,1740862653
1740862653867300576,16,[  0   0   0   0 184 157  16   0],7,258,945.219970703125,0,0,Fuel/Ambient,866803564,1740862653
1740862654063690451,16,[  0   0   0   0 184 157  16   0],7,258,945.219970703125,0,0,Fuel/Ambient,62832816,1740862654
1740862654272102449,16,[  0   0   0   0 184 156  16   0],7,258,945.2000122070312,0,0,Fuel/Ambient,271590428,1740862654
1740862654467454966,16,[  0   0   0   0 184 156  16   0],7,258,945.2000122070312,0,0,Fuel/Ambient,466988707,1740862654
1740862654673546260,16,[  0   0   0   0 184 156  16   0],7,258,945.2000122070312,0,0,Fuel/Ambient,672824919,1740862654
1740862654869235463,16,[  0   0   0   0 184 156  16   0],7,258,945.2000122070312,0,0,Fuel/Ambient,868699249,1740862654
1740862655074597926,16,[  0   0   0   0 184 156  16   0],7,258,945.2000122070312,0,0,Fuel/Ambient,74210134,1740862655
1740862655272558833,16,[  0   0   0   0 184 156  16   0],7,258,945.2000122070312,0,0,Fuel/Ambient,272122783,1740862655
1740862655468742483,16,[  0   0   0   0 184 157  16   0],7,258,945.219970703125,0,0,Fuel/Ambient,468111289,1740862655
1740862655674553377,16,[  0   0   0   0 184 157  16   0],7,258,945.219970703125,0,0,Fuel/Ambient,673770625,1740862655
1740862655870522107,16,[  0   0   0   0 184 157  16   0],7,258,945.219970703125,0,0,Fuel/Ambient,869555155,1740862655
1740862656076023419,16,[  0   0   0   0 184 157  16   0],7,258,945.219970703125,0,0,Fuel/Ambient,75691501,1740862656
1740862656275080462,16,[  0   0   0   0 184 157  16   0],7,258,945.219970703125,0,0,Fuel/Ambient,274510263,1740862656
1740862656480724945,16,[  0   0   0   0 184 158  16   0],7,258,945.239990234375,0,0,Fuel/Ambient,480167386,1740862656
1740862656676043979,16,[  0   0   0   0 184 158  16   0],7,258,945.239990234375,0,0,Fuel/Ambient,675561591,1740862656
1740862656882196674,16,[  0   0   0   0 184 158  16   0],7,258,945.239990234375,0,0,Fuel/Ambient,881703406,1740862656
1740862657077774757,16,[  0   0   0   0 184 158  16   0],7,258,945.239990234375,0,0,Fuel/Ambient,77132075,1740862657
1740862657276634156,16,[  0   0   0   0 184 158  16   0],7,258,945.239990234375,0,0,Fuel/Ambient,275950544,1740862657
1740862657483306164,16,[  0   0   0   0 184 159  16   0],7,258,945.260009765625,0,0,Fuel/Ambient,482661337,1740862657
1740862657679068284,16,[  0   0   0   0 184 159  16   0],7,258,945.260009765625,0,0,Fuel/Ambient,678616105,1740862657
1740862657876581931,16,[  0   0   0   0 184 159  16   0],7,258,945.260009765625,0,0,Fuel/Ambient,875872302,1740862657
1740862658082582070,16,[  0   0   0   0 184 159  16   0],7,258,945.260009765625,0,0,Fuel/Ambient,82130307,1740862658
1740862658282380511,16,[  0   0   0   0 184 159  16   0],7,258,945.260009765625,0,0,Fuel/Ambient,281891434,1740862658
1740862658478039293,16,[  0   0   0   0 184 159  16   0],7,258,945.260009765625,0,0,Fuel/Ambient,477317888,1740862658
1740862658684210252,16,[  0   0   0   0 184 159  16   0],7,258,945.260009765625,0,0,Fuel/Ambient,683484270,1740862658
1740862658880347646,16,[  0   0   0   0 184 159  16   0],7,258,945.260009765625,0,0,Fuel/Ambient,879870155,1740862658
1740862659085953236,16,[  0   0   0   0 184 159  16   0],7,258,945.260009765625,0,0,Fuel/Ambient,85428094,1740862659
1740862659284507173,16,[  0   0   0   0 184 159  16   0],7,258,945.260009765625,0,0,Fuel/Ambient,283809320,1740862659
1740862659490957050,16,[  0   0   0   0 184 160  16   0],7,258,945.280029296875,0,0,Fuel/Ambient,489716647,1740862659
1740862659686262213,16,[  0   0   0   0 184 160  16   0],7,258,945.280029296875,0,0,Fuel/Ambient,685657101,1740862659
1740862659891803125,16,[  0   0   0   0 184 160  16   0],7,258,945.280029296875,0,0,Fuel/Ambient,891354179,1740862659
1740862660087366538,16,[  0   0   0   0 184 160  16   0],7,258,945.280029296875,0,0,Fuel/Ambient,86883318,1740862660
1740862660286210466,16,[  0   0   0   0 184 161  16   0],7,258,945.2999877929688,0,0,Fuel/Ambient,285394592,1740862660
1740862660493653691,16,[  0   0   0   0 184 161  16   0],7,258,945.2999877929688,0,0,Fuel/Ambient,493100996,1740862660
1740862660689488632,16,[  0   0   0   0 184 161  16   0],7,258,945.2999877929688,0,0,Fuel/Ambient,688691351,1740862660
1740862660885678115,16,[  0   0   0   0 184 161  16   0],7,258,945.2999877929688,0,0,Fuel/Ambient,885253202,1740862660
1740862661091475799,16,[  0   0   0   0 184 162  16   0],7,258,945.3200073242188,0,0,Fuel/Ambient,91119112,1740862661
1740862661291378614,16,[  0   0   0   0 184 162  16   0],7,258,945.3200073242188,0,0,Fuel/Ambient,290982470,1740862661
1740862661496970878,16,[  0   0   0   0 184 162  16   0],7,258,945.3200073242188,0,0,Fuel/Ambient,496212991,1740862661
1740862661692378469,16,[  0   0   0   0 184 162  16   0],7,258,945.3200073242188,0,0,Fuel/Ambient,691887953,1740862661
1740862661888919482,16,[  0   0   0   0 184 162  16   0],7,258,945.3200073242188,0,0,Fuel/Ambient,888409893,1740862661
1740862662094441885,16,[  0   0   0   0 184 162  16   0],7,258,945.3200073242188,0,0,Fuel/Ambient,93793251,1740862662
1740862662293015713,16,[  0   0   0   0 184 162  16   0],7,258,945.3200073242188,0,0,Fuel/Ambient,291967990,1740862662
1740862662498445790,16,[  0   0   0   0 184 162  16   0],7,258,945.3200073242188,0,0,Fuel/Ambient,497955722,1740862662
1740862662694009607,16,[  0   0   0   0 184 162  16   0],7,258,945.3200073242188,0,0,Fuel/Ambient,693335979,1740862662
1740862662901582139,16,[  0   0   0   0 184 161  16   0],7,258,945.2999877929688,0,0,Fuel/Ambient,899841108,1740862662
1740862663096019348,16,[  0   0   0   0 184 161  16   0],7,258,945.2999877929688,0,0,Fuel/Ambient,95519839,1740862663
1740862663294071358,16,[  0   0   0   0 184 161  16   0],7,258,945.2999877929688,0,0,Fuel/Ambient,293461029,1740862663
1740862663500760489,16,[  0   0   0   0 184 161  16   0],7,258,945.2999877929688,0,0,Fuel/Ambient,499426931,1740862663
1740862663697425243,16,[  0   0   0   0 184 161  16   0],7,258,945.2999877929688,0,0,Fuel/Ambient,696301837,1740862663
1740862663902822993,16,[  0   0   0   0 184 161  16   0],7,258,945.2999877929688,0,0,Fuel/Ambient,902319421,1740862663
1740862664099118289,16,[  0   0   0   0 184 162  16   0],7,258,945.3200073242188,0,0,Fuel/Ambient,98479927,1740862664
1740862664297651434,16,[  0   0   0   0 184 162  16   0],7,258,945.3200073242188,0,0,Fuel/Ambient,296682115,1740862664
1740862664503075965,16,[  0   0   0   0 184 162  16   0],7,258,945.3200073242188,0,0,Fuel/Ambient,502437283,1740862664
1740862664699094448,16,[  0   0   0   0 184 162  16   0],7,258,945.3200073242188,0,0,Fuel/Ambient,698108391,1740862664
1740862664904306458,16,[  0   0   0   0 184 162  16   0],7,258,945.3200073242188,0,0,Fuel/Ambient,903839463,1740862664
1740862665100910722,16,[  0   0   0   0 184 162  16   0],7,258,945.3200073242188,0,0,Fuel/Ambient,99815637,1740862665
1740862665300683497,16,[  0   0   0   0 184 163  16   0],7,258,945.3400268554688,0,0,Fuel/Ambient,300219958,1740862665
1740862665507280583,16,[  0   0   0   0 184 162  16   0],7,258,945.3200073242188,0,0,Fuel/Ambient,506551113,1740862665
1740862665702794496,16,[  0   0   0   0 184 162  16   0],7,258,945.3200073242188,0,0,Fuel/Ambient,701957182,1740862665
1740862665907485617,16,[  0   0   0   0 184 162  16   0],7,258,945.3200073242188,0,0,Fuel/Ambient,907071584,1740862665
1740862666112891324,17,[  0   0   0   0 184 162  17   0],7,258,945.3200073242188,0,0,Fuel/Ambient,112358534,1740862666
1740862666309635682,17,[  0   0   0   0 184 162  17   0],7,258,945.3200073242188,0,0,Fuel/Ambient,309039434,1740862666
1740862666513516429,17,[  0   0   0   0 184 162  17   0],7,258,945.3200073242188,0,0,Fuel/Ambient,513111996,1740862666
1740862666710714694,17,[  0   0   0   0 184 162  17   0],7,258,945.3200073242188,0,0,Fuel/Ambient,710157615,1740862666
1740862666906881205,17,[  0   0   0   0 184 162  17   0],7,258,945.3200073242188,0,0,Fuel/Ambient,906408130,1740862666
1740862667114253868,17,[  0   0   0   0 184 162  17   0],7,258,945.3200073242188,0,0,Fuel/Ambient,113635475,1740862667
1740862667313141286,17,[  0   0   0   0 184 162  17   0],7,258,945.3200073242188,0,0,Fuel/Ambient,312598288,1740862667
1740862667509320497,17,[  0   0   0   0 184 162  17   0],7,258,945.3200073242188,0,0,Fuel/Ambient,508889215,1740862667
1740862667715524406,17,[  0   0   0   0 184 162  17   0],7,258,945.3200073242188,0,0,Fuel/Ambient,714776407,1740862667
1740862667911456407,17,[  0   0   0   0 184 162  17   0],7,258,945.3200073242188,0,0,Fuel/Ambient,910714808,1740862667
1740862668117021183,17,[  0   0   0   0 184 162  17   0],7,258,945.3200073242188,0,0,Fuel/Ambient,116260224,1740862668
1740862668315558982,17,[  0   0   0   0 184 162  17   0],7,258,945.3200073242188,0,0,Fuel/Ambient,315140853,1740862668
1740862668511916532,17,[  0   0   0   0 184 162  17   0],7,258,945.3200073242188,0,0,Fuel/Ambient,511215127,1740862668
1740862668721196785,17,[  0   0   0   0 184 162  17   0],7,258,945.3200073242188,0,0,Fuel/Ambient,717334835,1740862668
1740862668913290929,17,[  0   0   0   0 184 162  17   0],7,258,945.3200073242188,0,0,Fuel/Ambient,912851999,1740862668
1740862669119149024,17,[  0   0   0   0 184 162  17   0],7,258,945.3200073242188,0,0,Fuel/Ambient,118770641,1740862669
1740862669318459042,17,[  0   0   0   0 184 162  17   0],7,258,945.3200073242188,0,0,Fuel/Ambient,317693027,1740862669
1740862669522212185,17,[  0   0   0   0 184 162  17   0],7,258,945.3200073242188,0,0,Fuel/Ambient,521826953,1740862669
1740862669717898855,17,[  0   0   0   0 184 162  17   0],7,258,945.3200073242188,0,0,Fuel/Ambient,717219052,1740862669
1740862669924521459,17,[  0   0   0   0 184 162  17   0],7,258,945.3200073242188,0,0,Fuel/Ambient,923782549,1740862669
1740862670120206623,17,[  0   0   0   0 184 162  17   0],7,258,945.3200073242188,0,0,Fuel/Ambient,119727499,1740862670
1740862670321480332,17,[  0   0   0   0 184 162  17   0],7,258,945.3200073242188,0,0,Fuel/Ambient,320593256,1740862670
1740862670527147917,17,[  0   0   0   0 184 162  17   0],7,258,945.3200073242188,0,0,Fuel/Ambient,526638744,1740862670
1740862670722611821,17,[  0   0   0   0 184 162  17   0],7,258,945.3200073242188,0,0,Fuel/Ambient,722207837,1740862670
1740862670929413948,17,[  0   0   0   0 184 162  17   0],7,258,945.3200073242188,0,0,Fuel/Ambient,928584506,1740862670
1740862671125792191,17,[  0   0   0   0 184 162  17   0],7,258,945.3200073242188,0,0,Fuel/Ambient,125406479,1740862671
1740862671323315567,17,[  0   0   0   0 184 162  17   0],7,258,945.3200073242188,0,0,Fuel/Ambient,322890974,1740862671
1740862671529547458,17,[  0   0   0   0 184 162  17   0],7,258,945.3200073242188,0,0,Fuel/Ambient,528687839,1740862671
1740862671725186597,17,[  0   0   0   0 184 162  17   0],7,258,945.3200073242188,0,0,Fuel/Ambient,724532554,1740862671
1740862671930456785,17,[  0   0   0   0 184 162  17   0],7,258,945.3200073242188,0,0,Fuel/Ambient,929725811,1740862671
1740862672126101745,17,[  0   0   0   0 184 162  17   0],7,258,945.3200073242188,0,0,Fuel/Ambient,125726754,1740862672
1740862672324259383,17,[  0   0   0   0 184 162  17   0],7,258,945.3200073242188,0,0,Fuel/Ambient,323752322,1740862672
1740862672528900612,17,[  0   0   0   0 184 162  17   0],7,258,945.3200073242188,0,0,Fuel/Ambient,528110020,1740862672
1740862672735424830,17,[  0   0   0   0 184 161  17   0],7,258,945.2999877929688,0,0,Fuel/Ambient,734331473,1740862672
1740862672930089333,17,[  0   0   0   0 184 161  17   0],7,258,945.2999877929688,0,0,Fuel/Ambient,929610305,1740862672
1740862673136088695,17,[  0   0   0   0 184 161  17   0],7,258,945.2999877929688,0,0,Fuel/Ambient,135663237,1740862673
1740862673334271480,17,[  0   0   0   0 184 161  17   0],7,258,945.2999877929688,0,0,Fuel/Ambient,333827974,1740862673
1740862673530023703,17,[  0   0   0   0 184 162  17   0],7,258,945.3200073242188,0,0,Fuel/Ambient,529514883,1740862673
1740862673735905074,16,[  0   0   0   0 184 162  16   0],7,258,945.3200073242188,0,0,Fuel/Ambient,735288057,1740862673
1740862673931261409,16,[  0   0   0   0 184 162  16   0],7,258,945.3200073242188,0,0,Fuel/Ambient,930579781,1740862673
1740862674137849078,16,[  0   0   0   0 184 162  16   0],7,258,945.3200073242188,0,0,Fuel/Ambient,137353442,1740862674
1740862674335621187,16,[  0   0   0   0 184 161  16   0],7,258,945.2999877929688,0,0,Fuel/Ambient,334891781,1740862674
1740862674531490178,16,[  0   0   0   0 184 161  16   0],7,258,945.2999877929688,0,0,Fuel/Ambient,530655648,1740862674
1740862674737641475,16,[  0   0   0   0 184 162  16   0],7,258,945.3200073242188,0,0,Fuel/Ambient,736016033,1740862674
1740862674932950412,16,[  0   0   0   0 184 162  16   0],7,258,945.3200073242188,0,0,Fuel/Ambient,932019334,1740862674
1740862675138648984,16,[  0   0   0   0 184 162  16   0],7,258,945.3200073242188,0,0,Fuel/Ambient,137869752,1740862675
1740862675336581798,16,[  0   0   0   0 184 162  16   0],7,258,945.3200073242188,0,0,Fuel/Ambient,336105235,1740862675
1740862675542360884,16,[  0   0   0   0 184 162  16   0],7,258,945.3200073242188,0,0,Fuel/Ambient,541755579,1740862675
1740862675738239919,16,[  0   0   0   0 184 162  16   0],7,258,945.3200073242188,0,0,Fuel/Ambient,737566644,1740862675
1740862675944300488,16,[  0   0   0   0 184 162  16   0],7,258,945.3200073242188,0,0,Fuel/Ambient,943777683,1740862675
1740862676140518542,16,[  0   0   0   0 184 162  16   0],7,258,945.3200073242188,0,0,Fuel/Ambient,140099453,1740862676
1740862676339210167,16,[  0   0   0   0 184 162  16   0],7,258,945.3200073242188,0,0,Fuel/Ambient,338623839,1740862676
1740862676544488139,16,[  0   0   0   0 184 162  16   0],7,258,945.3200073242188,0,0,Fuel/Ambient,543967606,1740862676
1740862676740810132,16,[  0   0   0   0 184 162  16   0],7,258,945.3200073242188,0,0,Fuel/Ambient,740152345,1740862676
1740862676946103977,16,[  0   0   0   0 184 162  16   0],7,258,945.3200073242188,0,0,Fuel/Ambient,945430958,1740862676
1740862677142603414,16,[  0   0   0   0 184 162  16   0],7,258,945.3200073242188,0,0,Fuel/Ambient,142144131,1740862677
1740862677341040624,16,[  0   0   0   0 184 162  16   0],7,258,945.3200073242188,0,0,Fuel/Ambient,340339860,1740862677
1740862677546765490,16,[  0   0   0   0 184 162  16   0],7,258,945.3200073242188,0,0,Fuel/Ambient,546337601,1740862677
1740862677742399963,16,[  0   0   0   0 184 162  16   0],7,258,945.3200073242188,0,0,Fuel/Ambient,741883846,1740862677
1740862677948259234,16,[  0   0   0   0 184 162  16   0],7,258,945.3200073242188,0,0,Fuel/Ambient,947623240,1740862677
1740862678143766818,16,[  0   0   0   0 184 162  16   0],7,258,945.3200073242188,0,0,Fuel/Ambient,143257774,1740862678
1740862678352618143,16,[  0   0   0   0 184 162  16   0],7,258,945.3200073242188,0,0,Fuel/Ambient,351720346,1740862678
1740862678548865019,16,[  0   0   0   0 184 162  16   0],7,258,945.3200073242188,0,0,Fuel/Ambient,548031546,1740862678
1740862678754013505,16,[  0   0   0   0 184 162  16   0],7,258,945.3200073242188,0,0,Fuel/Ambient,753448811,1740862678
1740862678949826733,16,[  0   0   0   0 184 162  16   0],7,258,945.3200073242188,0,0,Fuel/Ambient,949390555,1740862678
1740862679156208961,16,[  0   0   0   0 184 163  16   0],7,258,945.3400268554688,0,0,Fuel/Ambient,155768976,1740862679
1740862679354089980,16,[  0   0   0   0 184 163  16   0],7,258,945.3400268554688,0,0,Fuel/Ambient,353661259,1740862679
1740862679550471226,16,[  0   0   0   0 184 163  16   0],7,258,945.3400268554688,0,0,Fuel/Ambient,549269705,1740862679
1740862679754831995,16,[  0   0   0   0 184 163  16   0],7,258,945.3400268554688,0,0,Fuel/Ambient,754360424,1740862679
1740862679949940677,16,[  0   0   0   0 184 163  16   0],7,258,945.3400268554688,0,0,Fuel/Ambient,949406608,1740862679
1740862680156248947,16,[  0   0   0   0 184 164  16   0],7,258,945.3599853515625,0,0,Fuel/Ambient,155718013,1740862680
1740862680354876039,16,[  0   0   0   0 184 164  16   0],7,258,945.3599853515625,0,0,Fuel/Ambient,353821276,1740862680
1740862680563043454,16,[  0   0   0   0 184 164  16   0],7,258,945.3599853515625,0,0,Fuel/Ambient,559966689,1740862680
1740862680756550499,16,[  0   0   0   0 184 164  16   0],7,258,945.3599853515625,0,0,Fuel/Ambient,756038990,1740862680
1740862680952513868,16,[  0   0   0   0 184 164  16   0],7,258,945.3599853515625,0,0,Fuel/Ambient,951939508,1740862680
1740862681158035444,16,[  0   0   0   0 184 164  16   0],7,258,945.3599853515625,0,0,Fuel/Ambient,157549376,1740862681
1740862681356094221,16,[  0   0   0   0 184 164  16   0],7,258,945.3599853515625,0,0,Fuel/Ambient,355389104,1740862681
1740862681561546001,16,[  0   0   0   0 184 164  16   0],7,258,945.3599853515625,0,0,Fuel/Ambient,560967578,1740862681
1740862681758014570,16,[  0   0   0   0 184 164  16   0],7,258,945.3599853515625,0,0,Fuel/Ambient,757286573,1740862681
1740862681963790972,16,[  0   0   0   0 184 164  16   0],7,258,945.3599853515625,0,0,Fuel/Ambient,963362090,1740862681
1740862682159606038,16,[  0   0   0   0 184 164  16   0],7,258,945.3599853515625,0,0,Fuel/Ambient,159231271,1740862682
1740862682359482228,16,[  0   0   0   0 184 163  16   0],7,258,945.3400268554688,0,0,Fuel/Ambient,359112645,1740862682
1740862682565136924,16,[  0   0   0   0 184 163  16   0],7,258,945.3400268554688,0,0,Fuel/Ambient,564553861,1740862682
1740862682762310381,16,[  0   0   0   0 184 164  16   0],7,258,945.3599853515625,0,0,Fuel/Ambient,760631113,1740862682
1740862682968282498,16,[  0   0   0   0 184 164  16   0],7,258,945.3599853515625,0,0,Fuel/Ambient,967686986,1740862682
1740862683165845247,16,[  0   0   0   0 184 164  16   0],7,258,945.3599853515625,0,0,Fuel/Ambient,164987196,1740862683
1740862683364148505,16,[  0   0   0   0 184 164  16   0],7,258,945.3599853515625,0,0,Fuel/Ambient,363358489,1740862683
1740862683570316465,16,[  0   0   0   0 184 164  16   0],7,258,945.3599853515625,0,0,Fuel/Ambient,569894240,1740862683
1740862683764803633,16,[  0   0   0   0 184 164  16   0],7,258,945.3599853515625,0,0,Fuel/Ambient,764253243,1740862683
1740862683971132560,16,[  0   0   0   0 184 164  16   0],7,258,945.3599853515625,0,0,Fuel/Ambient,968817810,1740862683
1740862684164038476,16,[  0   0   0   0 184 164  16   0],7,258,945.3599853515625,0,0,Fuel/Ambient,163599482,1740862684
1740862684370906428,16,[  0   0   0   0 184 164  16   0],7,258,945.3599853515625,0,0,Fuel/Ambient,370374406,1740862684
1740862684565658818,16,[  0   0   0   0 184 164  16   0],7,258,945.3599853515625,0,0,Fuel/Ambient,564995879,1740862684
1740862684770499232,16,[  0   0   0   0 184 164  16   0],7,258,945.3599853515625,0,0,Fuel/Ambient,769957642,1740862684
1740862684966574523,16,[  0   0   0   0 184 164  16   0],7,258,945.3599853515625,0,0,Fuel/Ambient,965941441,1740862684
1740862685173535563,16,[  0   0   0   0 184 165  16   0],7,258,945.3800048828125,0,0,Fuel/Ambient,171915337,1740862685
1740862685369247667,16,[  0   0   0   0 184 165  16   0],7,258,945.3800048828125,0,0,Fuel/Ambient,368781473,1740862685
1740862685574187025,16,[  0   0   0   0 184 165  16   0],7,258,945.3800048828125,0,0,Fuel/Ambient,573726654,1740862685
1740862685769481128,16,[  0   0   0   0 184 165  16   0],7,258,945.3800048828125,0,0,Fuel/Ambient,768967092,1740862685
1740862685975615318,16,[  0   0   0   0 184 166  16   0],7,258,945.4000244140625,0,0,Fuel/Ambient,974998653,1740862685
1740862686173118915,16,[  0   0   0   0 184 166  16   0],7,258,945.4000244140625,0,0,Fuel/Ambient,172633392,1740862686
1740862686372165902,16,[  0   0   0   0 184 166  16   0],7,258,945.4000244140625,0,0,Fuel/Ambient,371233288,1740862686
1740862686579096439,16,[  0   0   0   0 184 166  16   0],7,258,945.4000244140625,0,0,Fuel/Ambient,577196363,1740862686
1740862686773888758,16,[  0   0   0   0 184 166  16   0],7,258,945.4000244140625,0,0,Fuel/Ambient,773313695,1740862686
1740862686981833352,16,[  0   0   0   0 184 166  16   0],7,258,945.4000244140625,0,0,Fuel/Ambient,981116812,1740862686
1740862687177896055,16,[  0   0   0   0 184 166  16   0],7,258,945.4000244140625,0,0,Fuel/Ambient,177240380,1740862687
1740862687375484226,16,[  0   0   0   0 184 166  16   0],7,258,945.4000244140625,0,0,Fuel/Ambient,374755013,1740862687
1740862687582938332,16,[  0   0   0   0 184 166  16   0],7,258,945.4000244140625,0,0,Fuel/Ambient,582508651,1740862687
1740862687777683669,16,[  0   0   0   0 184 166  16   0],7,258,945.4000244140625,0,0,Fuel/Ambient,777271460,1740862687
1740862687985152623,16,[  0   0   0   0 184 167  16   0],7,258,945.4199829101562,0,0,Fuel/Ambient,982360255,1740862687
1740862688178277955,16,[  0   0   0   0 184 167  16   0],7,258,945.4199829101562,0,0,Fuel/Ambient,177768462,1740862688
1740862688385182050,16,[  0   0   0   0 184 167  16   0],7,258,945.4199829101562,0,0,Fuel/Ambient,384478341,1740862688
1740862688580196961,16,[  0   0   0   0 184 167  16   0],7,258,945.4199829101562,0,0,Fuel/Ambient,579571784,1740862688
1740862688785543745,16,[  0   0   0   0 184 167  16   0],7,258,945.4199829101562,0,0,Fuel/Ambient,784611772,1740862688
1740862688980496798,16,[  0   0   0   0 184 166  16   0],7,258,945.4000244140625,0,0,Fuel/Ambient,979623067,1740862688
1740862689185206049,16,[  0   0   0   0 184 166  16   0],7,258,945.4000244140625,0,0,Fuel/Ambient,184834162,1740862689
1740862689382076742,16,[  0   0   0   0 184 166  16   0],7,258,945.4000244140625,0,0,Fuel/Ambient,381497807,1740862689
1740862689587195673,16,[  0   0   0   0 184 166  16   0],7,258,945.4000244140625,0,0,Fuel/Ambient,586666660,1740862689
1740862689781974538,16,[  0   0   0   0 184 166  16   0],7,258,945.4000244140625,0,0,Fuel/Ambient,781382802,1740862689
1740862689986868532,16,[  0   0   0   0 184 166  16   0],7,258,945.4000244140625,0,0,Fuel/Ambient,986350111,1740862689
1740862690191577490,16,[  0   0   0   0 184 166  16   0],7,258,945.4000244140625,0,0,Fuel/Ambient,191203523,1740862690
1740862690389331223,16,[  0   0   0   0 184 166  16   0],7,258,945.4000244140625,0,0,Fuel/Ambient,388319726,1740862690
1740862690592996874,16,[  0   0   0   0 184 166  16   0],7,258,945.4000244140625,0,0,Fuel/Ambient,592439604,1740862690
1740862690787069691,16,[  0   0   0   0 184 165  16   0],7,258,945.3800048828125,0,0,Fuel/Ambient,786609256,1740862690
1740862690992052195,16,[  0   0   0   0 184 165  16   0],7,258,945.3800048828125,0,0,Fuel/Ambient,991570352,1740862690
1740862691189020837,16,[  0   0   0   0 184 165  16   0],7,258,945.3800048828125,0,0,Fuel/Ambient,185932328,1740862691
1740862691393169479,16,[  0   0   0   0 184 165  16   0],7,258,945.3800048828125,0,0,Fuel/Ambient,392577199,1740862691
1740862691588039059,16,[  0   0   0   0 184 165  16   0],7,258,945.3800048828125,0,0,Fuel/Ambient,587546112,1740862691
1740862691793137692,16,[  0   0   0   0 184 165  16   0],7,258,945.3800048828125,0,0,Fuel/Ambient,792491746,1740862691
1740862691989469027,16,[  0   0   0   0 184 165  16   0],7,258,945.3800048828125,0,0,Fuel/Ambient,989032914,1740862691
1740862692195806426,16,[  0   0   0   0 184 165  16   0],7,258,945.3800048828125,0,0,Fuel/Ambient,194954264,1740862692
1740862692395530022,16,[  0   0   0   0 184 165  16   0],7,258,945.3800048828125,0,0,Fuel/Ambient,393569271,1740862692
1740862692600484996,16,[  0   0   0   0 184 165  16   0],7,258,945.3800048828125,0,0,Fuel/Ambient,599818793,1740862692
1740862692796488090,16,[  0   0   0   0 184 165  16   0],7,258,945.3800048828125,0,0,Fuel/Ambient,796007078,1740862692
1740862692992726233,16,[  0   0   0   0 184 165  16   0],7,258,945.3800048828125,0,0,Fuel/Ambient,992201380,1740862692
1740862693197737205,16,[  0   0   0   0 184 165  16   0],7,258,945.3800048828125,0,0,Fuel/Ambient,197217633,1740862693
1740862693394408802,16,[  0   0   0   0 184 166  16   0],7,258,945.4000244140625,0,0,Fuel/Ambient,393864044,1740862693
1740862693599981333,16,[  0   0   0   0 184 166  16   0],7,258,945.4000244140625,0,0,Fuel/Ambient,599282809,1740862693
1740862693804797321,16,[  0   0   0   0 184 166  16   0],7,258,945.4000244140625,0,0,Fuel/Ambient,804293909,1740862693
1740862693999667501,16,[  0   0   0   0 184 166  16   0],7,258,945.4000244140625,0,0,Fuel/Ambient,999171609,1740862693
1740862694204618562,16,[  0   0   0   0 184 167  16   0],7,258,945.4199829101562,0,0,Fuel/Ambient,203996041,1740862694
1740862694403097171,16,[  0   0   0   0 184 167  16   0],7,258,945.4199829101562,0,0,Fuel/Ambient,402637793,1740862694
1740862694599230726,16,[  0   0   0   0 184 167  16   0],7,258,945.4199829101562,0,0,Fuel/Ambient,598585260,1740862694
1740862694804490855,16,[  0   0   0   0 184 167  16   0],7,258,945.4199829101562,0,0,Fuel/Ambient,804045685,1740862694
1740862695000912741,16,[  0   0   0   0 184 167  16   0],7,258,945.4199829101562,0,0,Fuel/Ambient,999849435,1740862694
1740862695205815028,16,[  0   0   0   0 184 167  16   0],7,258,945.4199829101562,0,0,Fuel/Ambient,205436805,1740862695
1740862695403769516,16,[  0   0   0   0 184 167  16   0],7,258,945.4199829101562,0,0,Fuel/Ambient,403003885,1740862695
1740862695609354198,16,[  0   0   0   0 184 167  16   0],7,258,945.4199829101562,0,0,Fuel/Ambient,608898340,1740862695
1740862695804592672,16,[  0   0   0   0 184 168  16   0],7,258,945.4400024414062,0,0,Fuel/Ambient,803798880,1740862695
1740862696010846661,16,[  0   0   0   0 184 168  16   0],7,258,945.4400024414062,0,0,Fuel/Ambient,10336177,1740862696
1740862696207261659,16,[  0   0   0   0 184 168  16   0],7,258,945.4400024414062,0,0,Fuel/Ambient,206566495,1740862696
1740862696405365844,16,[  0   0   0   0 184 168  16   0],7,258,945.4400024414062,0,0,Fuel/Ambient,404913057,1740862696
1740862696611269830,16,[  0   0   0   0 184 168  16   0],7,258,945.4400024414062,0,0,Fuel/Ambient,610796371,1740862696
1740862696805909876,16,[  0   0   0   0 184 168  16   0],7,258,945.4400024414062,0,0,Fuel/Ambient,805467010,1740862696
1740862697011996206,16,[  0   0   0   0 184 168  16   0],7,258,945.4400024414062,0,0,Fuel/Ambient,11360756,1740862697
1740862697208061969,16,[  0   0   0   0 184 168  16   0],7,258,945.4400024414062,0,0,Fuel/Ambient,207640416,1740862697
1740862697406675930,16,[  0   0   0   0 184 168  16   0],7,258,945.4400024414062,0,0,Fuel/Ambient,406294763,1740862697
1740862697611279540,16,[  0   0   0   0 184 168  16   0],7,258,945.4400024414062,0,0,Fuel/Ambient,610866596,1740862697
1740862697816003763,16,[  0   0   0   0 184 168  16   0],7,258,945.4400024414062,0,0,Fuel/Ambient,815526144,1740862697
1740862698011791562,16,[  0   0   0   0 184 168  16   0],7,258,945.4400024414062,0,0,Fuel/Ambient,10196618,1740862698
1740862698216392992,16,[  0   0   0   0 184 169  16   0],7,258,945.4600219726562,0,0,Fuel/Ambient,215071083,1740862698
1740862698413360067,16,[  0   0   0   0 184 169  16   0],7,258,945.4600219726562,0,0,Fuel/Ambient,412904400,1740862698
1740862698618910814,16,[  0   0   0   0 184 169  16   0],7,258,945.4600219726562,0,0,Fuel/Ambient,618483565,1740862698
1740862698814980701,16,[  0   0   0   0 184 169  16   0],7,258,945.4600219726562,0,0,Fuel/Ambient,814512170,1740862698
1740862699022725840,16,[  0   0   0   0 184 169  16   0],7,258,945.4600219726562,0,0,Fuel/Ambient,22152921,1740862699
1740862699217853637,16,[  0   0   0   0 184 169  16   0],7,258,945.4600219726562,0,0,Fuel/Ambient,217159561,1740862699
1740862699416732688,16,[  0   0   0   0 184 169  16   0],7,258,945.4600219726562,0,0,Fuel/Ambient,415935056,1740862699
1740862699622204420,16,[  0   0   0   0 184 169  16   0],7,258,945.4600219726562,0,0,Fuel/Ambient,621472615,1740862699
1740862699820057190,16,[  0   0   0   0 184 169  16   0],7,258,945.4600219726562,0,0,Fuel/Ambient,819503504,1740862699
1740862700016318664,16,[  0   0   0   0 184 170  16   0],7,258,945.47998046875,0,0,Fuel/Ambient,15781139,1740862700
1740862700222809217,16,[  0   0   0   0 184 170  16   0],7,258,945.47998046875,0,0,Fuel/Ambient,221973375,1740862700
1740862700420890504,16,[  0   0   0   0 184 170  16   0],7,258,945.47998046875,0,0,Fuel/Ambient,420121993,1740862700
1740862700627798993,16,[  0   0   0   0 184 170  16   0],7,258,945.47998046875,0,0,Fuel/Ambient,626947086,1740862700
1740862700823141130,16,[  0   0   0   0 184 170  16   0],7,258,945.47998046875,0,0,Fuel/Ambient,822350762,1740862700
1740862701029269875,16,[  0   0   0   0 184 170  16   0],7,258,945.47998046875,0,0,Fuel/Ambient,28523669,1740862701
1740862701224759342,16,[  0   0   0   0 184 170  16   0],7,258,945.47998046875,0,0,Fuel/Ambient,224363454,1740862701
1740862701422266586,16,[  0   0   0   0 184 170  16   0],7,258,945.47998046875,0,0,Fuel/Ambient,421773830,1740862701
1740862701627205999,16,[  0   0   0   0 184 170  16   0],7,258,945.47998046875,0,0,Fuel/Ambient,626595127,1740862701
1740862701823550028,16,[  0   0   0   0 184 170  16   0],7,258,945.47998046875,0,0,Fuel/Ambient,822850672,1740862701
1740862702029790358,16,[  0   0   0   0 184 170  16   0],7,258,945.47998046875,0,0,Fuel/Ambient,29276289,1740862702
1740862702226757223,16,[  0   0   0   0 184 170  16   0],7,258,945.47998046875,0,0,Fuel/Ambient,226045163,1740862702
1740862702426869015,16,[  0   0   0   0 184 170  16   0],7,258,945.47998046875,0,0,Fuel/Ambient,425981684,1740862702
1740862702631801608,16,[  0   0   0   0 184 170  16   0],7,258,945.47998046875,0,0,Fuel/Ambient,631278067,1740862702
1740862702827654157,16,[  0   0   0   0 184 170  16   0],7,258,945.47998046875,0,0,Fuel/Ambient,827028948,1740862702
1740862703033205174,16,[  0   0   0   0 184 170  16   0],7,258,945.47998046875,0,0,Fuel/Ambient,32236432,1740862703
1740862703228302809,16,[  0   0   0   0 184 170  16   0],7,258,945.47998046875,0,0,Fuel/Ambient,227854631,1740862703
1740862703436367587,16,[  0   0   0   0 184 170  16   0],7,258,945.47998046875,0,0,Fuel/Ambient,435812365,1740862703
1740862703632166370,16,[  0   0   0   0 184 170  16   0],7,258,945.47998046875,0,0,Fuel/Ambient,631426468,1740862703
1740862703837816971,16,[  0   0   0   0 184 170  16   0],7,258,945.47998046875,0,0,Fuel/Ambient,836981066,1740862703
1740862704032891213,16,[  0   0   0   0 184 169  16   0],7,258,945.4600219726562,0,0,Fuel/Ambient,32334710,1740862704
1740862704238873855,16,[  0   0   0   0 184 169  16   0],7,258,945.4600219726562,0,0,Fuel/Ambient,238504816,1740862704
1740862704436769357,16,[  0   0   0   0 184 169  16   0],7,258,945.4600219726562,0,0,Fuel/Ambient,435894922,1740862704
1740862704632553831,16,[  0   0   0   0 184 169  16   0],7,258,945.4600219726562,0,0,Fuel/Ambient,631892109,1740862704
1740862704837731033,16,[  0   0   0   0 184 169  16   0],7,258,945.4600219726562,0,0,Fuel/Ambient,837023197,1740862704
1740862705033035519,16,[  0   0   0   0 184 170  16   0],7,258,945.47998046875,0,0,Fuel/Ambient,32500682,1740862705
1740862705238875560,16,[  0   0   0   0 184 169  16   0],7,258,945.4600219726562,0,0,Fuel/Ambient,238273423,1740862705
1740862705436891575,16,[  0   0   0   0 184 169  16   0],7,258,945.4600219726562,0,0,Fuel/Ambient,436138297,1740862705
1740862705642246955,16,[  0   0   0   0 184 169  16   0],7,258,945.4600219726562,0,0,Fuel/Ambient,641577681,1740862705
1740862705837595152,16,[  0   0   0   0 184 169  16   0],7,258,945.4600219726562,0,0,Fuel/Ambient,836858482,1740862705
1740862706042993093,16,[  0   0   0   0 184 169  16   0],7,258,945.4600219726562,0,0,Fuel/Ambient,42510706,1740862706
1740862706239062434,16,[  0   0   0   0 184 169  16   0],7,258,945.4600219726562,0,0,Fuel/Ambient,238710932,1740862706
1740862706447349704,16,[  0   0   0   0 184 169  16   0],7,258,945.4600219726562,0,0,Fuel/Ambient,446398754,1740862706
1740862706642770667,16,[  0   0   0   0 184 168  16   0],7,258,945.4400024414062,0,0,Fuel/Ambient,642059663,1740862706
1740862706839429920,16,[  0   0   0   0 184 168  16   0],7,258,945.4400024414062,0,0,Fuel/Ambient,838636832,1740862706
1740862707045190015,16,[  0   0   0   0 184 168  16   0],7,258,945.4400024414062,0,0,Fuel/Ambient,44588839,1740862707
1740862707242221951,16,[  0   0   0   0 184 168  16   0],7,258,945.4400024414062,0,0,Fuel/Ambient,241071729,1740862707
1740862707440415884,16,[  0   0   0   0 184 168  16   0],7,258,945.4400024414062,0,0,Fuel/Ambient,439909144,1740862707
1740862707645678517,16,[  0   0   0   0 184 168  16   0],7,258,945.4400024414062,0,0,Fuel/Ambient,645265444,1740862707
1740862707843188391,16,[  0   0   0   0 184 168  16   0],7,258,945.4400024414062,0,0,Fuel/Ambient,842521260,1740862707
1740862708049166891,16,[  0   0   0   0 184 168  16   0],7,258,945.4400024414062,0,0,Fuel/Ambient,48413165,1740862708
1740862708244434240,17,[  0   0   0   0 184 168  17   0],7,258,945.4400024414062,0,0,Fuel/Ambient,243833768,1740862708
1740862708452851041,17,[  0   0   0   0 184 168  17   0],7,258,945.4400024414062,0,0,Fuel/Ambient,452237449,1740862708
1740862708647866220,17,[  0   0   0   0 184 168  17   0],7,258,945.4400024414062,0,0,Fuel/Ambient,647210258,1740862708
1740862708852796611,17,[  0   0   0   0 184 168  17   0],7,258,945.4400024414062,0,0,Fuel/Ambient,852237548,1740862708
1740862709048543913,17,[  0   0   0   0 184 168  17   0],7,258,945.4400024414062,0,0,Fuel/Ambient,48004052,1740862709
1740862709254353599,17,[  0   0   0   0 184 168  17   0],7,258,945.4400024414062,0,0,Fuel/Ambient,253818025,1740862709
1740862709451925099,17,[  0   0   0   0 184 168  17   0],7,258,945.4400024414062,0,0,Fuel/Ambient,451235888,1740862709
1740862709657324592,17,[  0   0   0   0 184 169  17   0],7,258,945.4600219726562,0,0,Fuel/Ambient,656902719,1740862709
1740862709852163280,17,[  0   0   0   0 184 169  17   0],7,258,945.4600219726562,0,0,Fuel/Ambient,851711774,1740862709
1740862710058242671,17,[  0   0   0   0 184 169  17   0],7,258,945.4600219726562,0,0,Fuel/Ambient,57424078,1740862710
1740862710253885130,17,[  0   0   0   0 184 169  17   0],7,258,945.4600219726562,0,0,Fuel/Ambient,253438520,1740862710
1740862710452445274,17,[  0   0   0   0 184 169  17   0],7,258,945.4600219726562,0,0,Fuel/Ambient,451625145,1740862710
1740862710658879940,17,[  0   0   0   0 184 169  17   0],7,258,945.4600219726562,0,0,Fuel/Ambient,658048674,1740862710
1740862710854647236,17,[  0   0   0   0 184 169  17   0],7,258,945.4600219726562,0,0,Fuel/Ambient,853988714,1740862710
1740862711062736110,17,[  0   0   0   0 184 169  17   0],7,258,945.4600219726562,0,0,Fuel/Ambient,61880780,1740862711
1740862711257321084,17,[  0   0   0   0 184 169  17   0],7,258,945.4600219726562,0,0,Fuel/Ambient,256711843,1740862711
1740862711454199140,17,[  0   0   0   0 184 169  17   0],7,258,945.4600219726562,0,0,Fuel/Ambient,453773587,1740862711
1740862711659723589,17,[  0   0   0   0 184 169  17   0],7,258,945.4600219726562,0,0,Fuel/Ambient,659253843,1740862711
1740862711855730763,17,[  0   0   0   0 184 168  17   0],7,258,945.4400024414062,0,0,Fuel/Ambient,855335099,1740862711
1740862712061753279,17,[  0   0   0   0 184 168  17   0],7,258,945.4400024414062,0,0,Fuel/Ambient,61182568,1740862712
1740862712257628347,17,[  0   0   0   0 184 168  17   0],7,258,945.4400024414062,0,0,Fuel/Ambient,256999330,1740862712
1740862712458742952,17,[  0   0   0   0 184 168  17   0],7,258,945.4400024414062,0,0,Fuel/Ambient,458002891,1740862712
1740862712664532240,17,[  0   0   0   0 184 168  17   0],7,258,945.4400024414062,0,0,Fuel/Ambient,663845972,1740862712
1740862712860758138,17,[  0   0   0   0 184 168  17   0],7,258,945.4400024414062,0,0,Fuel/Ambient,860010012,1740862712
1740862713066757193,17,[  0   0   0   0 184 168  17   0],7,258,945.4400024414062,0,0,Fuel/Ambient,66251636,1740862713
1740862713262411224,17,[  0   0   0   0 184 168  17   0],7,258,945.4400024414062,0,0,Fuel/Ambient,261974887,1740862713
1740862713470523416,17,[  0   0   0   0 184 167  17   0],7,258,945.4199829101562,0,0,Fuel/Ambient,469845309,1740862713
1740862713666379311,17,[  0   0   0   0 184 168  17   0],7,258,945.4400024414062,0,0,Fuel/Ambient,665584336,1740862713
1740862713871666750,17,[  0   0   0   0 184 168  17   0],7,258,945.4400024414062,0,0,Fuel/Ambient,870897792,1740862713
1740862714067159910,17,[  0   0   0   0 184 167  17   0],7,258,945.4199829101562,0,0,Fuel/Ambient,66380679,1740862714
1740862714272369454,17,[  0   0   0   0 184 167  17   0],7,258,945.4199829101562,0,0,Fuel/Ambient,271609615,1740862714
1740862714470359510,17,[  0   0   0   0 184 168  17   0],7,258,945.4400024414062,0,0,Fuel/Ambient,469696956,1740862714
1740862714666977576,17,[  0   0   0   0 184 168  17   0],7,258,945.4400024414062,0,0,Fuel/Ambient,666540982,1740862714
1740862714872662146,17,[  0   0   0   0 184 168  17   0],7,258,945.4400024414062,0,0,Fuel/Ambient,872267026,1740862714
1740862715067537037,17,[  0   0   0   0 184 167  17   0],7,258,945.4199829101562,0,0,Fuel/Ambient,67128253,1740862715
1740862715272935128,17,[  0   0   0   0 184 167  17   0],7,258,945.4199829101562,0,0,Fuel/Ambient,272096471,1740862715
1740862715471522132,17,[  0   0   0   0 184 167  17   0],7,258,945.4199829101562,0,0,Fuel/Ambient,470459338,1740862715
1740862715675768785,17,[  0   0   0   0 184 167  17   0],7,258,945.4199829101562,0,0,Fuel/Ambient,675220731,1740862715
1740862715870969318,17,[  0   0   0   0 184 167  17   0],7,258,945.4199829101562,0,0,Fuel/Ambient,870333485,1740862715
1740862716076577464,17,[  0   0   0   0 184 167  17   0],7,258,945.4199829101562,0,0,Fuel/Ambient,75936351,1740862716
1740862716271804266,17,[  0   0   0   0 184 167  17   0],7,258,945.4199829101562,0,0,Fuel/Ambient,271169905,1740862716
1740862716480223145,17,[  0   0   0   0 184 167  17   0],7,258,945.4199829101562,0,0,Fuel/Ambient,479337382,1740862716
1740862716675207409,17,[  0   0   0   0 184 167  17   0],7,258,945.4199829101562,0,0,Fuel/Ambient,674676092,1740862716
1740862716880946918,17,[  0   0   0   0 184 167  17   0],7,258,945.4199829101562,0,0,Fuel/Ambient,880201832,1740862716
1740862717076306107,17,[  0   0   0   0 184 167  17   0],7,258,945.4199829101562,0,0,Fuel/Ambient,75762246,1740862717
1740862717282729606,17,[  0   0   0   0 184 167  17   0],7,258,945.4199829101562,0,0,Fuel/Ambient,281450356,1740862717
1740862717480532571,17,[  0   0   0   0 184 167  17   0],7,258,945.4199829101562,0,0,Fuel/Ambient,479563028,1740862717
1740862717675978130,17,[  0   0   0   0 184 167  17   0],7,258,945.4199829101562,0,0,Fuel/Ambient,675446717,1740862717
1740862717881405973,17,[  0   0   0   0 184 167  17   0],7,258,945.4199829101562,0,0,Fuel/Ambient,880824830,1740862717
1740862718076827625,17,[  0   0   0   0 184 166  17   0],7,258,945.4000244140625,0,0,Fuel/Ambient,76225522,1740862718
1740862718282670905,17,[  0   0   0   0 184 167  17   0],7,258,945.4199829101562,0,0,Fuel/Ambient,281950204,1740862718
1740862718481328011,17,[  0   0   0   0 184 167  17   0],7,258,945.4199829101562,0,0,Fuel/Ambient,480642896,1740862718
1740862718686306041,17,[  0   0   0   0 184 167  17   0],7,258,945.4199829101562,0,0,Fuel/Ambient,685858407,1740862718
1740862718881600389,17,[  0   0   0   0 184 167  17   0],7,258,945.4199829101562,0,0,Fuel/Ambient,880912554,1740862718
1740862719088116142,17,[  0   0   0   0 184 167  17   0],7,258,945.4199829101562,0,0,Fuel/Ambient,87376529,1740862719
1740862719283265009,17,[  0   0   0   0 184 167  17   0],7,258,945.4199829101562,0,0,Fuel/Ambient,282622167,1740862719
1740862719480783570,17,[  0   0   0   0 184 167  17   0],7,258,945.4199829101562,0,0,Fuel/Ambient,479807691,1740862719
1740862719685750682,17,[  0   0   0   0 184 167  17   0],7,258,945.4199829101562,0,0,Fuel/Ambient,685244806,1740862719
1740862719890806950,17,[  0   0   0   0 184 167  17   0],7,258,945.4199829101562,0,0,Fuel/Ambient,890262993,1740862719
1740862720086224434,17,[  0   0   0   0 184 168  17   0],7,258,945.4400024414062,0,0,Fuel/Ambient,85757312,1740862720
1740862720291572998,17,[  0   0   0   0 184 168  17   0],7,258,945.4400024414062,0,0,Fuel/Ambient,291038416,1740862720
1740862720489054529,17,[  0   0   0   0 184 168  17   0],7,258,945.4400024414062,0,0,Fuel/Ambient,488502315,1740862720
1740862720684355974,17,[  0   0   0   0 184 168  17   0],7,258,945.4400024414062,0,0,Fuel/Ambient,683895124,1740862720
1740862720889817438,17,[  0   0   0   0 184 168  17   0],7,258,945.4400024414062,0,0,Fuel/Ambient,889298953,1740862720
1740862721095801545,17,[  0   0   0   0 184 168  17   0],7,258,945.4400024414062,0,0,Fuel/Ambient,95117197,1740862721
1740862721291412822,17,[  0   0   0   0 184 168  17   0],7,258,945.4400024414062,0,0,Fuel/Ambient,290963108,1740862721
1740862721490502285,17,[  0   0   0   0 184 168  17   0],7,258,945.4400024414062,0,0,Fuel/Ambient,489776432,1740862721
1740862721695879101,17,[  0   0   0   0 184 168  17   0],7,258,945.4400024414062,0,0,Fuel/Ambient,695250916,1740862721
1740862721891782614,17,[  0   0   0   0 184 168  17   0],7,258,945.4400024414062,0,0,Fuel/Ambient,891079482,1740862721
1740862722098461880,17,[  0   0   0   0 184 168  17   0],7,258,945.4400024414062,0,0,Fuel/Ambient,97749531,1740862722
1740862722294033759,17,[  0   0   0   0 184 168  17   0],7,258,945.4400024414062,0,0,Fuel/Ambient,293432103,1740862722
1740862722493263160,17,[  0   0   0   0 184 168  17   0],7,258,945.4400024414062,0,0,Fuel/Ambient,491599542,1740862722
1740862722699151640,17,[  0   0   0   0 184 168  17   0],7,258,945.4400024414062,0,0,Fuel/Ambient,697366545,1740862722
1740862722894421203,17,[  0   0   0   0 184 168  17   0],7,258,945.4400024414062,0,0,Fuel/Ambient,893865661,1740862722
1740862723101422654,17,[  0   0   0   0 184 168  17   0],7,258,945.4400024414062,0,0,Fuel/Ambient,100768484,1740862723
1740862723298769800,17,[  0   0   0   0 184 168  17   0],7,258,945.4400024414062,0,0,Fuel/Ambient,296689205,1740862723
1740862723494908737,17,[  0   0   0   0 184 168  17   0],7,258,945.4400024414062,0,0,Fuel/Ambient,494411182,1740862723
1740862723700388429,17,[  0   0   0   0 184 168  17   0],7,258,945.4400024414062,0,0,Fuel/Ambient,699965341,1740862723
1740862723895564353,17,[  0   0   0   0 184 168  17   0],7,258,945.4400024414062,0,0,Fuel/Ambient,894905159,1740862723
1740862724101530622,17,[  0   0   0   0 184 169  17   0],7,258,945.4600219726562,0,0,Fuel/Ambient,101005577,1740862724
1740862724298193705,17,[  0   0   0   0 184 169  17   0],7,258,945.4600219726562,0,0,Fuel/Ambient,297508846,1740862724
1740862724506433662,17,[  0   0   0   0 184 169  17   0],7,258,945.4600219726562,0,0,Fuel/Ambient,505955115,1740862724
1740862724702654135,17,[  0   0   0   0 184 169  17   0],7,258,945.4600219726562,0,0,Fuel/Ambient,702005597,1740862724
1740862724900511921,17,[  0   0   0   0 184 169  17   0],7,258,945.4600219726562,0,0,Fuel/Ambient,899933306,1740862724
1740862725106773621,17,[  0   0   0   0 184 170  17   0],7,258,945.47998046875,0,0,Fuel/Ambient,106200319,1740862725
1740862725302281070,17,[  0   0   0   0 184 170  17   0],7,258,945.47998046875,0,0,Fuel/Ambient,301641461,1740862725
1740862725510292630,17,[  0   0   0   0 184 170  17   0],7,258,945.47998046875,0,0,Fuel/Ambient,509632060,1740862725
1740862725705923955,17,[  0   0   0   0 184 170  17   0],7,258,945.47998046875,0,0,Fuel/Ambient,705161493,1740862725
1740862725912157525,17,[  0   0   0   0 184 170  17   0],7,258,945.47998046875,0,0,Fuel/Ambient,911445785,1740862725
1740862726108049947,17,[  0   0   0   0 184 170  17   0],7,258,945.47998046875,0,0,Fuel/Ambient,107475236,1740862726
1740862726303253859,17,[  0   0   0   0 184 170  17   0],7,258,945.47998046875,0,0,Fuel/Ambient,302828403,1740862726
1740862726512534361,17,[  0   0   0   0 184 170  17   0],7,258,945.47998046875,0,0,Fuel/Ambient,511578323,1740862726
1740862726708012173,17,[  0   0   0   0 184 170  17   0],7,258,945.47998046875,0,0,Fuel/Ambient,707297360,1740862726
1740862726914999943,17,[  0   0   0   0 184 170  17   0],7,258,945.47998046875,0,0,Fuel/Ambient,914509204,1740862726
1740862727110700258,17,[  0   0   0   0 184 170  17   0],7,258,945.47998046875,0,0,Fuel/Ambient,110267153,1740862727
1740862727316182653,17,[  0   0   0   0 184 170  17   0],7,258,945.47998046875,0,0,Fuel/Ambient,315711978,1740862727
1740862727515262715,17,[  0   0   0   0 184 170  17   0],7,258,945.47998046875,0,0,Fuel/Ambient,514080684,1740862727
1740862727710668488,17,[  0   0   0   0 184 170  17   0],7,258,945.47998046875,0,0,Fuel/Ambient,710140499,1740862727
1740862727916556275,17,[  0   0   0   0 184 170  17   0],7,258,945.47998046875,0,0,Fuel/Ambient,915777460,1740862727
1740862728112165861,17,[  0   0   0   0 184 170  17   0],7,258,945.47998046875,0,0,Fuel/Ambient,111591535,1740862728
1740862728317950952,17,[  0   0   0   0 184 170  17   0],7,258,945.47998046875,0,0,Fuel/Ambient,317340016,1740862728
1740862728516942047,17,[  0   0   0   0 184 170  17   0],7,258,945.47998046875,0,0,Fuel/Ambient,516426122,1740862728
1740862728713294573,17,[  0   0   0   0 184 170  17   0],7,258,945.47998046875,0,0,Fuel/Ambient,712257156,1740862728
1740862728918289904,17,[  0   0   0   0 184 170  17   0],7,258,945.47998046875,0,0,Fuel/Ambient,917738395,1740862728
1740862729113735544,17,[  0   0   0   0 184 169  17   0],7,258,945.4600219726562,0,0,Fuel/Ambient,112936921,1740862729
1740862729319363441,18,[  0   0   0   0 184 169  18   0],7,258,945.4600219726562,0,0,Fuel/Ambient,318914719,1740862729
1740862729517525763,18,[  0   0   0   0 184 169  18   0],7,258,945.4600219726562,0,0,Fuel/Ambient,517030511,1740862729
1740862729722990869,18,[  0   0   0   0 184 169  18   0],7,258,945.4600219726562,0,0,Fuel/Ambient,722422206,1740862729
1740862729918167024,18,[  0   0   0   0 184 169  18   0],7,258,945.4600219726562,0,0,Fuel/Ambient,917632475,1740862729
1740862730123520699,18,[  0   0   0   0 184 168  18   0],7,258,945.4400024414062,0,0,Fuel/Ambient,123029128,1740862730
1740862730319431696,18,[  0   0   0   0 184 168  18   0],7,258,945.4400024414062,0,0,Fuel/Ambient,318710740,1740862730
1740862730518807470,18,[  0   0   0   0 184 168  18   0],7,258,945.4400024414062,0,0,Fuel/Ambient,518265176,1740862730
1740862730725268195,18,[  0   0   0   0 184 168  18   0],7,258,945.4400024414062,0,0,Fuel/Ambient,724757071,1740862730
1740862730920278868,18,[  0   0   0   0 184 167  18   0],7,258,945.4199829101562,0,0,Fuel/Ambient,919896805,1740862730
1740862731126949263,18,[  0   0   0   0 184 167  18   0],7,258,945.4199829101562,0,0,Fuel/Ambient,126330262,1740862731
1740862731322137123,18,[  0   0   0   0 184 167  18   0],7,258,945.4199829101562,0,0,Fuel/Ambient,321581709,1740862731
1740862731532074749,18,[  0   0   0   0 184 166  18   0],7,258,945.4000244140625,0,0,Fuel/Ambient,528622485,1740862731
1740862731724886356,18,[  0   0   0   0 184 166  18   0],7,258,945.4000244140625,0,0,Fuel/Ambient,723361207,1740862731
1740862731930259866,18,[  0   0   0   0 184 166  18   0],7,258,945.4000244140625,0,0,Fuel/Ambient,929586111,1740862731
1740862732126051171,18,[  0   0   0   0 184 166  18   0],7,258,945.4000244140625,0,0,Fuel/Ambient,125548975,1740862732
1740862732333541240,18,[  0   0   0   0 184 166  18   0],7,258,945.4000244140625,0,0,Fuel/Ambient,332639797,1740862732
1740862732532677188,18,[  0   0   0   0 184 166  18   0],7,258,945.4000244140625,0,0,Fuel/Ambient,532090125,1740862732
1740862732728099454,18,[  0   0   0   0 184 166  18   0],7,258,945.4000244140625,0,0,Fuel/Ambient,727485958,1740862732
1740862732934642670,18,[  0   0   0   0 184 166  18   0],7,258,945.4000244140625,0,0,Fuel/Ambient,934268159,1740862732
1740862733130811170,18,[  0   0   0   0 184 166  18   0],7,258,945.4000244140625,0,0,Fuel/Ambient,130065381,1740862733
1740862733327117755,18,[  0   0   0   0 184 166  18   0],7,258,945.4000244140625,0,0,Fuel/Ambient,326388606,1740862733
1740862733534665742,18,[  0   0   0   0 184 167  18   0],7,258,945.4199829101562,0,0,Fuel/Ambient,534260574,1740862733
1740862733730474195,18,[  0   0   0   0 184 167  18   0],7,258,945.4199829101562,0,0,Fuel/Ambient,729696596,1740862733
1740862733937219751,18,[  0   0   0   0 184 167  18   0],7,258,945.4199829101562,0,0,Fuel/Ambient,936086074,1740862733
1740862734134721931,18,[  0   0   0   0 184 167  18   0],7,258,945.4199829101562,0,0,Fuel/Ambient,133303219,1740862734
1740862734331629751,18,[  0   0   0   0 184 168  18   0],7,258,945.4400024414062,0,0,Fuel/Ambient,330584398,1740862734
1740862734539790655,18,[  0   0   0   0 184 168  18   0],7,258,945.4400024414062,0,0,Fuel/Ambient,539366862,1740862734
1740862734735710084,18,[  0   0   0   0 184 168  18   0],7,258,945.4400024414062,0,0,Fuel/Ambient,734962438,1740862734
1740862734942619450,18,[  0   0   0   0 184 168  18   0],7,258,945.4400024414062,0,0,Fuel/Ambient,941357960,1740862734
1740862735138547005,18,[  0   0   0   0 184 168  18   0],7,258,945.4400024414062,0,0,Fuel/Ambient,137790239,1740862735
1740862735334168306,18,[  0   0   0   0 184 168  18   0],7,258,945.4400024414062,0,0,Fuel/Ambient,333665758,1740862735
1740862735543745357,18,[  0   0   0   0 184 168  18   0],7,258,945.4400024414062,0,0,Fuel/Ambient,542776775,1740862735
1740862735739805908,18,[  0   0   0   0 184 168  18   0],7,258,945.4400024414062,0,0,Fuel/Ambient,739261854,1740862735
1740862735935330758,18,[  0   0   0   0 184 168  18   0],7,258,945.4400024414062,0,0,Fuel/Ambient,934849939,1740862735
1740862736140999012,18,[  0   0   0   0 184 168  18   0],7,258,945.4400024414062,0,0,Fuel/Ambient,140562803,1740862736
1740862736336904928,18,[  0   0   0   0 184 168  18   0],7,258,945.4400024414062,0,0,Fuel/Ambient,336434862,1740862736
1740862736545040286,18,[  0   0   0   0 184 168  18   0],7,258,945.4400024414062,0,0,Fuel/Ambient,544555627,1740862736
1740862736739702442,18,[  0   0   0   0 184 168  18   0],7,258,945.4400024414062,0,0,Fuel/Ambient,739121523,1740862736
1740862736945496780,18,[  0   0   0   0 184 168  18   0],7,258,945.4400024414062,0,0,Fuel/Ambient,944960247,1740862736
1740862737141238720,18,[  0   0   0   0 184 168  18   0],7,258,945.4400024414062,0,0,Fuel/Ambient,140616007,1740862737
1740862737346576907,18,[  0   0   0   0 184 168  18   0],7,258,945.4400024414062,0,0,Fuel/Ambient,346244286,1740862737
1740862737546721355,18,[  0   0   0   0 184 168  18   0],7,258,945.4400024414062,0,0,Fuel/Ambient,546206935,1740862737
1740862737742137136,18,[  0   0   0   0 184 168  18   0],7,258,945.4400024414062,0,0,Fuel/Ambient,741687807,1740862737
1740862737947696901,18,[  0   0   0   0 184 168  18   0],7,258,945.4400024414062,0,0,Fuel/Ambient,946915014,1740862737
1740862738143882982,18,[  0   0   0   0 184 168  18   0],7,258,945.4400024414062,0,0,Fuel/Ambient,143051525,1740862738
1740862738349563099,18,[  0   0   0   0 184 168  18   0],7,258,945.4400024414062,0,0,Fuel/Ambient,348850783,1740862738
1740862738548922295,18,[  0   0   0   0 184 168  18   0],7,258,945.4400024414062,0,0,Fuel/Ambient,548382626,1740862738
1740862738745233660,18,[  0   0   0   0 184 168  18   0],7,258,945.4400024414062,0,0,Fuel/Ambient,744456862,1740862738
1740862738951123417,18,[  0   0   0   0 184 168  18   0],7,258,945.4400024414062,0,0,Fuel/Ambient,950308697,1740862738
1740862739146530008,18,[  0   0   0   0 184 168  18   0],7,258,945.4400024414062,0,0,Fuel/Ambient,145771898,1740862739
1740862739352142982,18,[  0   0   0   0 184 168  18   0],7,258,945.4400024414062,0,0,Fuel/Ambient,351540430,1740862739
1740862739550756737,18,[  0   0   0   0 184 168  18   0],7,258,945.4400024414062,0,0,Fuel/Ambient,549303656,1740862739
1740862739756495221,18,[  0   0   0   0 184 168  18   0],7,258,945.4400024414062,0,0,Fuel/Ambient,755788089,1740862739
1740862739952076185,18,[  0   0   0   0 184 168  18   0],7,258,945.4400024414062,0,0,Fuel/Ambient,951384638,1740862739
1740862740157894732,18,[  0   0   0   0 184 168  18   0],7,258,945.4400024414062,0,0,Fuel/Ambient,157310197,1740862740
1740862740353020731,18,[  0   0   0   0 184 168  18   0],7,258,945.4400024414062,0,0,Fuel/Ambient,352338272,1740862740
1740862740550798577,18,[  0   0   0   0 184 169  18   0],7,258,945.4600219726562,0,0,Fuel/Ambient,550322750,1740862740
1740862740756524352,18,[  0   0   0   0 184 169  18   0],7,258,945.4600219726562,0,0,Fuel/Ambient,755993451,1740862740
1740862740953438228,18,[  0   0   0   0 184 169  18   0],7,258,945.4600219726562,0,0,Fuel/Ambient,952918112,1740862740
1740862741159293093,18,[  0   0   0   0 184 169  18   0],7,258,945.4600219726562,0,0,Fuel/Ambient,158602314,1740862741
1740862741355485689,18,[  0   0   0   0 184 169  18   0],7,258,945.4600219726562,0,0,Fuel/Ambient,354796222,1740862741
1740862741563422522,18,[  0   0   0   0 184 169  18   0],7,258,945.4600219726562,0,0,Fuel/Ambient,562948328,1740862741
1740862741758437505,18,[  0   0   0   0 184 169  18   0],7,258,945.4600219726562,0,0,Fuel/Ambient,757631393,1740862741
1740862741963941442,18,[  0   0   0   0 184 169  18   0],7,258,945.4600219726562,0,0,Fuel/Ambient,963427918,1740862741
1740862742160961780,18,[  0   0   0   0 184 169  18   0],7,258,945.4600219726562,0,0,Fuel/Ambient,159276562,1740862742
1740862742365635825,18,[  0   0   0   0 184 169  18   0],7,258,945.4600219726562,0,0,Fuel/Ambient,364974999,1740862742
1740862742563262074,18,[  0   0   0   0 184 169  18   0],7,258,945.4600219726562,0,0,Fuel/Ambient,562684099,1740862742
1740862742759285700,18,[  0   0   0   0 184 169  18   0],7,258,945.4600219726562,0,0,Fuel/Ambient,758307005,1740862742
1740862742966108917,18,[  0   0   0   0 184 170  18   0],7,258,945.47998046875,0,0,Fuel/Ambient,965262420,1740862742
1740862743162446888,18,[  0   0   0   0 184 170  18   0],7,258,945.47998046875,0,0,Fuel/Ambient,161983958,1740862743
1740862743368370866,18,[  0   0   0   0 184 170  18   0],7,258,945.47998046875,0,0,Fuel/Ambient,367746362,1740862743
1740862743566651505,18,[  0   0   0   0 184 170  18   0],7,258,945.47998046875,0,0,Fuel/Ambient,565592839,1740862743
1740862743762825149,18,[  0   0   0   0 184 170  18   0],7,258,945.47998046875,0,0,Fuel/Ambient,760998869,1740862743
1740862743967845155,18,[  0   0   0   0 184 170  18   0],7,258,945.47998046875,0,0,Fuel/Ambient,967058756,1740862743
1740862744163889511,18,[  0   0   0   0 184 170  18   0],7,258,945.47998046875,0,0,Fuel/Ambient,163250766,1740862744
1740862744370662286,18,[  0   0   0   0 184 170  18   0],7,258,945.47998046875,0,0,Fuel/Ambient,369590820,1740862744
1740862744568045797,18,[  0   0   0   0 184 170  18   0],7,258,945.47998046875,0,0,Fuel/Ambient,567570867,1740862744
1740862744773493017,18,[  0   0   0   0 184 170  18   0],7,258,945.47998046875,0,0,Fuel/Ambient,773012518,1740862744
1740862744969318035,18,[  0   0   0   0 184 170  18   0],7,258,945.47998046875,0,0,Fuel/Ambient,968616855,1740862744
1740862745174797924,18,[  0   0   0   0 184 170  18   0],7,258,945.47998046875,0,0,Fuel/Ambient,174262575,1740862745
1740862745370093542,18,[  0   0   0   0 184 170  18   0],7,258,945.47998046875,0,0,Fuel/Ambient,369684854,1740862745
1740862745569215581,18,[  0   0   0   0 184 170  18   0],7,258,945.47998046875,0,0,Fuel/Ambient,568679496,1740862745
1740862745774688558,18,[  0   0   0   0 184 170  18   0],7,258,945.47998046875,0,0,Fuel/Ambient,774108439,1740862745
1740862745969989775,18,[  0   0   0   0 184 170  18   0],7,258,945.47998046875,0,0,Fuel/Ambient,969567359,1740862745
1740862746176025042,18,[  0   0   0   0 184 170  18   0],7,258,945.47998046875,0,0,Fuel/Ambient,175371641,1740862746
1740862746371529912,18,[  0   0   0   0 184 170  18   0],7,258,945.47998046875,0,0,Fuel/Ambient,371156810,1740862746
1740862746570890581,18,[  0   0   0   0 184 170  18   0],7,258,945.47998046875,0,0,Fuel/Ambient,570048340,1740862746
1740862746777000314,18,[  0   0   0   0 184 170  18   0],7,258,945.47998046875,0,0,Fuel/Ambient,776156249,1740862746
1740862746973516232,18,[  0   0   0   0 184 170  18   0],7,258,945.47998046875,0,0,Fuel/Ambient,972965266,1740862746
1740862747179908661,18,[  0   0   0   0 184 170  18   0],7,258,945.47998046875,0,0,Fuel/Ambient,179061811,1740862747
1740862747375641344,18,[  0   0   0   0 184 170  18   0],7,258,945.47998046875,0,0,Fuel/Ambient,375027496,1740862747
1740862747574601161,18,[  0   0   0   0 184 170  18   0],7,258,945.47998046875,0,0,Fuel/Ambient,574123606,1740862747
1740862747781059544,18,[  0   0   0   0 184 170  18   0],7,258,945.47998046875,0,0,Fuel/Ambient,780321819,1740862747
1740862747977218355,18,[  0   0   0   0 184 170  18   0],7,258,945.47998046875,0,0,Fuel/Ambient,976600475,1740862747
1740862748183015557,18,[  0   0   0   0 184 170  18   0],7,258,945.47998046875,0,0,Fuel/Ambient,182570803,1740862748
1740862748378422239,18,[  0   0   0   0 184 170  18   0],7,258,945.47998046875,0,0,Fuel/Ambient,377961997,1740862748
1740862748576986805,18,[  0   0   0   0 184 170  18   0],7,258,945.47998046875,0,0,Fuel/Ambient,576545668,1740862748
1740862748783368797,18,[  0   0   0   0 184 170  18   0],7,258,945.47998046875,0,0,Fuel/Ambient,782591326,1740862748
1740862748979387439,18,[  0   0   0   0 184 170  18   0],7,258,945.47998046875,0,0,Fuel/Ambient,978299012,1740862748
1740862749185104409,18,[  0   0   0   0 184 170  18   0],7,258,945.47998046875,0,0,Fuel/Ambient,184721674,1740862749
1740862749381154889,18,[  0   0   0   0 184 170  18   0],7,258,945.47998046875,0,0,Fuel/Ambient,380513968,1740862749
1740862749589688417,18,[  0   0   0   0 184 170  18   0],7,258,945.47998046875,0,0,Fuel/Ambient,589005702,1740862749
1740862749784951538,18,[  0   0   0   0 184 170  18   0],7,258,945.47998046875,0,0,Fuel/Ambient,784458174,1740862749
1740862749990482452,18,[  0   0   0   0 184 170  18   0],7,258,945.47998046875,0,0,Fuel/Ambient,989968320,1740862749
1740862750186027212,18,[  0   0   0   0 184 170  18   0],7,258,945.47998046875,0,0,Fuel/Ambient,185445334,1740862750
1740862750391017974,18,[  0   0   0   0 184 170  18   0],7,258,945.47998046875,0,0,Fuel/Ambient,390598469,1740862750
1740862750588960651,19,[  0   0   0   0 184 170  19   0],7,258,945.47998046875,0,0,Fuel/Ambient,588394133,1740862750
1740862750785254145,19,[  0   0   0   0 184 170  19   0],7,258,945.47998046875,0,0,Fuel/Ambient,784837168,1740862750
1740862750990740541,19,[  0   0   0   0 184 170  19   0],7,258,945.47998046875,0,0,Fuel/Ambient,990240330,1740862750
1740862751186513627,19,[  0   0   0   0 184 171  19   0],7,258,945.5,0,0,Fuel/Ambient,186145740,1740862751
1740862751390878440,19,[  0   0   0   0 184 171  19   0],7,258,945.5,0,0,Fuel/Ambient,390366004,1740862751
1740862751589186824,19,[  0   0   0   0 184 171  19   0],7,258,945.5,0,0,Fuel/Ambient,588723606,1740862751
1740862751795605221,19,[  0   0   0   0 184 171  19   0],7,258,945.5,0,0,Fuel/Ambient,794436983,1740862751
1740862751990083599,19,[  0   0   0   0 184 171  19   0],7,258,945.5,0,0,Fuel/Ambient,989542810,1740862751
1740862752196889176,19,[  0   0   0   0 184 171  19   0],7,258,945.5,0,0,Fuel/Ambient,196465607,1740862752
1740862752393804638,19,[  0   0   0   0 184 171  19   0],7,258,945.5,0,0,Fuel/Ambient,393186566,1740862752
1740862752592403333,19,[  0   0   0   0 184 171  19   0],7,258,945.5,0,0,Fuel/Ambient,591780461,1740862752
1740862752798770908,19,[  0   0   0   0 184 171  19   0],7,258,945.5,0,0,Fuel/Ambient,798008927,1740862752
1740862752995050090,19,[  0   0   0   0 184 171  19   0],7,258,945.5,0,0,Fuel/Ambient,994678587,1740862752
1740862753200530586,19,[  0   0   0   0 184 171  19   0],7,258,945.5,0,0,Fuel/Ambient,200200749,1740862753
1740862753396595579,19,[  0   0   0   0 184 171  19   0],7,258,945.5,0,0,Fuel/Ambient,395828861,1740862753
1740862753597765443,19,[  0   0   0   0 184 171  19   0],7,258,945.5,0,0,Fuel/Ambient,597140779,1740862753
1740862753804742190,19,[  0   0   0   0 184 171  19   0],7,258,945.5,0,0,Fuel/Ambient,802968905,1740862753
1740862753999654466,18,[  0   0   0   0 184 171  18   0],7,258,945.5,0,0,Fuel/Ambient,999048746,1740862753
1740862754204828258,18,[  0   0   0   0 184 171  18   0],7,258,945.5,0,0,Fuel/Ambient,204337487,1740862754
1740862754400564915,18,[  0   0   0   0 184 171  18   0],7,258,945.5,0,0,Fuel/Ambient,400110849,1740862754
1740862754598810053,18,[  0   0   0   0 184 171  18   0],7,258,945.5,0,0,Fuel/Ambient,598087465,1740862754
1740862754804580508,18,[  0   0   0   0 184 170  18   0],7,258,945.47998046875,0,0,Fuel/Ambient,804156492,1740862754
1740862755000398256,18,[  0   0   0   0 184 170  18   0],7,258,945.47998046875,0,0,Fuel/Ambient,999756951,1740862754
1740862755205027287,19,[  0   0   0   0 184 170  19   0],7,258,945.47998046875,0,0,Fuel/Ambient,204523043,1740862755
1740862755400018951,19,[  0   0   0   0 184 170  19   0],7,258,945.47998046875,0,0,Fuel/Ambient,399657145,1740862755
1740862755608161623,19,[  0   0   0   0 184 171  19   0],7,258,945.5,0,0,Fuel/Ambient,607132303,1740862755
1740862755803421233,19,[  0   0   0   0 184 171  19   0],7,258,945.5,0,0,Fuel/Ambient,803019393,1740862755
1740862756009209573,19,[  0   0   0   0 184 171  19   0],7,258,945.5,0,0,Fuel/Ambient,8629134,1740862756
1740862756204968015,19,[  0   0   0   0 184 171  19   0],7,258,945.5,0,0,Fuel/Ambient,204241714,1740862756
1740862756410637466,19,[  0   0   0   0 184 171  19   0],7,258,945.5,0,0,Fuel/Ambient,410010658,1740862756
1740862756608904518,19,[  0   0   0   0 184 171  19   0],7,258,945.5,0,0,Fuel/Ambient,607975233,1740862756
1740862756814582482,19,[  0   0   0   0 184 172  19   0],7,258,945.52001953125,0,0,Fuel/Ambient,814090238,1740862756
1740862757010948723,19,[  0   0   0   0 184 172  19   0],7,258,945.52001953125,0,0,Fuel/Ambient,10406942,1740862757
1740862757207272367,19,[  0   0   0   0 184 172  19   0],7,258,945.52001953125,0,0,Fuel/Ambient,206584564,1740862757
1740862757413439306,19,[  0   0   0   0 184 172  19   0],7,258,945.52001953125,0,0,Fuel/Ambient,412773744,1740862757
1740862757611353059,19,[  0   0   0   0 184 172  19   0],7,258,945.52001953125,0,0,Fuel/Ambient,610892465,1740862757
1740862757809802930,19,[  0   0   0   0 184 172  19   0],7,258,945.52001953125,0,0,Fuel/Ambient,809246300,1740862757
1740862758016792173,19,[  0   0   0   0 184 172  19   0],7,258,945.52001953125,0,0,Fuel/Ambient,15216464,1740862758
1740862758212033147,19,[  0   0   0   0 184 172  19   0],7,258,945.52001953125,0,0,Fuel/Ambient,211367873,1740862758
1740862758418080109,18,[  0   0   0   0 184 172  18   0],7,258,945.52001953125,0,0,Fuel/Ambient,417679422,1740862758
1740862758616120328,18,[  0   0   0   0 184 172  18   0],7,258,945.52001953125,0,0,Fuel/Ambient,615401964,1740862758
1740862758811517468,18,[  0   0   0   0 184 171  18   0],7,258,945.5,0,0,Fuel/Ambient,810713245,1740862758
1740862759016794640,18,[  0   0   0   0 184 171  18   0],7,258,945.5,0,0,Fuel/Ambient,16187385,1740862759
1740862759222413742,18,[  0   0   0   0 184 171  18   0],7,258,945.5,0,0,Fuel/Ambient,221631120,1740862759
1740862759418459224,18,[  0   0   0   0 184 171  18   0],7,258,945.5,0,0,Fuel/Ambient,417746972,1740862759
1740862759617707966,18,[  0   0   0   0 184 171  18   0],7,258,945.5,0,0,Fuel/Ambient,616999586,1740862759
1740862759823133908,18,[  0   0   0   0 184 171  18   0],7,258,945.5,0,0,Fuel/Ambient,822722532,1740862759
1740862760018973493,18,[  0   0   0   0 184 171  18   0],7,258,945.5,0,0,Fuel/Ambient,18250265,1740862760
1740862760224093308,18,[  0   0   0   0 184 171  18   0],7,258,945.5,0,0,Fuel/Ambient,223507013,1740862760
1740862760419718481,18,[  0   0   0   0 184 171  18   0],7,258,945.5,0,0,Fuel/Ambient,419095705,1740862760
1740862760617938603,18,[  0   0   0   0 184 171  18   0],7,258,945.5,0,0,Fuel/Ambient,617114379,1740862760
1740862760823376990,18,[  0   0   0   0 184 172  18   0],7,258,945.52001953125,0,0,Fuel/Ambient,823055697,1740862760
1740862761019510023,18,[  0   0   0   0 184 172  18   0],7,258,945.52001953125,0,0,Fuel/Ambient,19047157,1740862761
1740862761225244993,18,[  0   0   0   0 184 172  18   0],7,258,945.52001953125,0,0,Fuel/Ambient,224713549,1740862761
1740862761420874035,18,[  0   0   0   0 184 172  18   0],7,258,945.52001953125,0,0,Fuel/Ambient,420320797,1740862761
1740862761630339806,18,[  0   0   0   0 184 172  18   0],7,258,945.52001953125,0,0,Fuel/Ambient,629813610,1740862761
1740862761826160856,18,[  0   0   0   0 184 172  18   0],7,258,945.52001953125,0,0,Fuel/Ambient,825580609,1740862761
1740862762022184696,18,[  0   0   0   0 184 172  18   0],7,258,945.52001953125,0,0,Fuel/Ambient,21694117,1740862762
1740862762229785847,18,[  0   0   0   0 184 172  18   0],7,258,945.52001953125,0,0,Fuel/Ambient,227985521,1740862762
1740862762424344796,18,[  0   0   0   0 184 172  18   0],7,258,945.52001953125,0,0,Fuel/Ambient,423745508,1740862762
1740862762633734336,18,[  0   0   0   0 184 172  18   0],7,258,945.52001953125,0,0,Fuel/Ambient,633175018,1740862762
1740862762829424592,18,[  0   0   0   0 184 171  18   0],7,258,945.5,0,0,Fuel/Ambient,828728277,1740862762
1740862763035123781,18,[  0   0   0   0 184 171  18   0],7,258,945.5,0,0,Fuel/Ambient,34361095,1740862763
1740862763230605257,18,[  0   0   0   0 184 171  18   0],7,258,945.5,0,0,Fuel/Ambient,229826123,1740862763
1740862763436812942,18,[  0   0   0   0 184 171  18   0],7,258,945.5,0,0,Fuel/Ambient,436202519,1740862763
1740862763637013194,18,[  0   0   0   0 184 171  18   0],7,258,945.5,0,0,Fuel/Ambient,634817813,1740862763
1740862763830638470,18,[  0   0   0   0 184 171  18   0],7,258,945.5,0,0,Fuel/Ambient,830032719,1740862763
1740862764036593729,18,[  0   0   0   0 184 170  18   0],7,258,945.47998046875,0,0,Fuel/Ambient,35856900,1740862764
1740862764232158149,18,[  0   0   0   0 184 170  18   0],7,258,945.47998046875,0,0,Fuel/Ambient,231278883,1740862764
1740862764437150775,18,[  0   0   0   0 184 170  18   0],7,258,945.47998046875,0,0,Fuel/Ambient,436737447,1740862764
1740862764637028994,18,[  0   0   0   0 184 170  18   0],7,258,945.47998046875,0,0,Fuel/Ambient,636323559,1740862764
1740862764831472603,18,[  0   0   0   0 184 170  18   0],7,258,945.47998046875,0,0,Fuel/Ambient,831071531,1740862764
1740862765037337006,18,[  0   0   0   0 184 170  18   0],7,258,945.47998046875,0,0,Fuel/Ambient,36947391,1740862765
1740862765232766537,18,[  0   0   0   0 184 170  18   0],7,258,945.47998046875,0,0,Fuel/Ambient,232241364,1740862765
1740862765438880834,18,[  0   0   0   0 184 170  18   0],7,258,945.47998046875,0,0,Fuel/Ambient,438476595,1740862765
1740862765635217728,18,[  0   0   0   0 184 170  18   0],7,258,945.47998046875,0,0,Fuel/Ambient,634832050,1740862765
1740862765841235286,18,[  0   0   0   0 184 169  18   0],7,258,945.4600219726562,0,0,Fuel/Ambient,840816710,1740862765
1740862766036336964,18,[  0   0   0   0 184 169  18   0],7,258,945.4600219726562,0,0,Fuel/Ambient,35613224,1740862766
1740862766241991752,18,[  0   0   0   0 184 170  18   0],7,258,945.47998046875,0,0,Fuel/Ambient,241435506,1740862766
1740862766437059249,18,[  0   0   0   0 184 170  18   0],7,258,945.47998046875,0,0,Fuel/Ambient,436727204,1740862766
1740862766645380444,18,[  0   0   0   0 184 170  18   0],7,258,945.47998046875,0,0,Fuel/Ambient,644618974,1740862766
1740862766841128000,18,[  0   0   0   0 184 169  18   0],7,258,945.4600219726562,0,0,Fuel/Ambient,840463270,1740862766
1740862767047294838,18,[  0   0   0   0 184 169  18   0],7,258,945.4600219726562,0,0,Fuel/Ambient,46517752,1740862767
1740862767243573739,18,[  0   0   0   0 184 169  18   0],7,258,945.4600219726562,0,0,Fuel/Ambient,242890768,1740862767
1740862767449190697,18,[  0   0   0   0 184 169  18   0],7,258,945.4600219726562,0,0,Fuel/Ambient,448585874,1740862767
1740862767648230793,18,[  0   0   0   0 184 169  18   0],7,258,945.4600219726562,0,0,Fuel/Ambient,647717621,1740862767
1740862767843989673,18,[  0   0   0   0 184 169  18   0],7,258,945.4600219726562,0,0,Fuel/Ambient,843169513,1740862767
1740862768050270336,18,[  0   0   0   0 184 168  18   0],7,258,945.4400024414062,0,0,Fuel/Ambient,49710283,1740862768
1740862768246013468,18,[  0   0   0   0 184 168  18   0],7,258,945.4400024414062,0,0,Fuel/Ambient,245173084,1740862768
1740862768451611702,18,[  0   0   0   0 184 168  18   0],7,258,945.4400024414062,0,0,Fuel/Ambient,451037184,1740862768
1740862768650841689,18,[  0   0   0   0 184 168  18   0],7,258,945.4400024414062,0,0,Fuel/Ambient,650111581,1740862768
1740862768846791197,18,[  0   0   0   0 184 168  18   0],7,258,945.4400024414062,0,0,Fuel/Ambient,845877754,1740862768
1740862769053655847,18,[  0   0   0   0 184 167  18   0],7,258,945.4199829101562,0,0,Fuel/Ambient,52872393,1740862769
1740862769248886828,18,[  0   0   0   0 184 167  18   0],7,258,945.4199829101562,0,0,Fuel/Ambient,248032619,1740862769
1740862769455065656,18,[  0   0   0   0 184 167  18   0],7,258,945.4199829101562,0,0,Fuel/Ambient,454546500,1740862769
1740862769654022541,18,[  0   0   0   0 184 167  18   0],7,258,945.4199829101562,0,0,Fuel/Ambient,653356147,1740862769
1740862769850317562,18,[  0   0   0   0 184 166  18   0],7,258,945.4000244140625,0,0,Fuel/Ambient,849761797,1740862769
1740862770055408860,18,[  0   0   0   0 184 166  18   0],7,258,945.4000244140625,0,0,Fuel/Ambient,55047758,1740862770
1740862770252098325,18,[  0   0   0   0 184 165  18   0],7,258,945.3800048828125,0,0,Fuel/Ambient,251200050,1740862770
1740862770460488627,18,[  0   0   0   0 184 165  18   0],7,258,945.3800048828125,0,0,Fuel/Ambient,457367098,1740862770
1740862770655147070,18,[  0   0   0   0 184 165  18   0],7,258,945.3800048828125,0,0,Fuel/Ambient,654689292,1740862770
1740862770860388482,18,[  0   0   0   0 184 164  18   0],7,258,945.3599853515625,0,0,Fuel/Ambient,859655845,1740862770
1740862771056644713,18,[  0   0   0   0 184 164  18   0],7,258,945.3599853515625,0,0,Fuel/Ambient,55982160,1740862771
1740862771252823915,18,[  0   0   0   0 184 164  18   0],7,258,945.3599853515625,0,0,Fuel/Ambient,252205491,1740862771
1740862771458007241,18,[  0   0   0   0 184 164  18   0],7,258,945.3599853515625,0,0,Fuel/Ambient,457293134,1740862771
1740862771655915854,18,[  0   0   0   0 184 164  18   0],7,258,945.3599853515625,0,0,Fuel/Ambient,655026348,1740862771
1740862771860362512,18,[  0   0   0   0 184 164  18   0],7,258,945.3599853515625,0,0,Fuel/Ambient,859676533,1740862771
1740862772055705296,18,[  0   0   0   0 184 164  18   0],7,258,945.3599853515625,0,0,Fuel/Ambient,55245278,1740862772
1740862772261709322,18,[  0   0   0   0 184 164  18   0],7,258,945.3599853515625,0,0,Fuel/Ambient,261057137,1740862772
1740862772457923305,18,[  0   0   0   0 184 165  18   0],7,258,945.3800048828125,0,0,Fuel/Ambient,457186477,1740862772
1740862772665806412,18,[  0   0   0   0 184 165  18   0],7,258,945.3800048828125,0,0,Fuel/Ambient,665197076,1740862772
1740862772861452854,18,[  0   0   0   0 184 165  18   0],7,258,945.3800048828125,0,0,Fuel/Ambient,860317354,1740862772
1740862773067733625,18,[  0   0   0   0 184 165  18   0],7,258,945.3800048828125,0,0,Fuel/Ambient,67277959,1740862773
1740862773263404128,18,[  0   0   0   0 184 166  18   0],7,258,945.4000244140625,0,0,Fuel/Ambient,262975567,1740862773
1740862773469263600,18,[  0   0   0   0 184 166  18   0],7,258,945.4000244140625,0,0,Fuel/Ambient,468485842,1740862773
1740862773669315616,18,[  0   0   0   0 184 166  18   0],7,258,945.4000244140625,0,0,Fuel/Ambient,668371964,1740862773
1740862773865537597,18,[  0   0   0   0 184 166  18   0],7,258,945.4000244140625,0,0,Fuel/Ambient,864922053,1740862773
1740862774070984956,18,[  0   0   0   0 184 166  18   0],7,258,945.4000244140625,0,0,Fuel/Ambient,70462920,1740862774
1740862774267002124,18,[  0   0   0   0 184 166  18   0],7,258,945.4000244140625,0,0,Fuel/Ambient,266470296,1740862774
1740862774472533836,18,[  0   0   0   0 184 166  18   0],7,258,945.4000244140625,0,0,Fuel/Ambient,471967191,1740862774
1740862774670732561,18,[  0   0   0   0 184 166  18   0],7,258,945.4000244140625,0,0,Fuel/Ambient,670198045,1740862774
1740862774867113168,18,[  0   0   0   0 184 166  18   0],7,258,945.4000244140625,0,0,Fuel/Ambient,866259055,1740862774
1740862775074961704,18,[  0   0   0   0 184 166  18   0],7,258,945.4000244140625,0,0,Fuel/Ambient,73990978,1740862775
1740862775270820623,18,[  0   0   0   0 184 166  18   0],7,258,945.4000244140625,0,0,Fuel/Ambient,270169654,1740862775
1740862775467263596,18,[  0   0   0   0 184 166  18   0],7,258,945.4000244140625,0,0,Fuel/Ambient,466709239,1740862775
1740862775676404243,18,[  0   0   0   0 184 166  18   0],7,258,945.4000244140625,0,0,Fuel/Ambient,675265832,1740862775
1740862775872080531,18,[  0   0   0   0 184 167  18   0],7,258,945.4199829101562,0,0,Fuel/Ambient,871338007,1740862775
1740862776069893188,18,[  0   0   0   0 184 167  18   0],7,258,945.4199829101562,0,0,Fuel/Ambient,69257772,1740862776
1740862776276051221,18,[  0   0   0   0 184 166  18   0],7,258,945.4000244140625,0,0,Fuel/Ambient,275512672,1740862776
1740862776471954074,18,[  0   0   0   0 184 166  18   0],7,258,945.4000244140625,0,0,Fuel/Ambient,471240990,1740862776
1740862776671454345,18,[  0   0   0   0 184 166  18   0],7,258,945.4000244140625,0,0,Fuel/Ambient,670946902,1740862776
1740862776877345391,18,[  0   0   0   0 184 166  18   0],7,258,945.4000244140625,0,0,Fuel/Ambient,876844604,1740862776
1740862777073272948,18,[  0   0   0   0 184 167  18   0],7,258,945.4199829101562,0,0,Fuel/Ambient,72757248,1740862777
1740862777279926452,18,[  0   0   0   0 184 167  18   0],7,258,945.4199829101562,0,0,Fuel/Ambient,278892524,1740862777
1740862777476129088,18,[  0   0   0   0 184 167  18   0],7,258,945.4199829101562,0,0,Fuel/Ambient,475426501,1740862777
1740862777683695171,18,[  0   0   0   0 184 167  18   0],7,258,945.4199829101562,0,0,Fuel/Ambient,682975591,1740862777
1740862777881351048,18,[  0   0   0   0 184 167  18   0],7,258,945.4199829101562,0,0,Fuel/Ambient,878845703,1740862777
1740862778085183961,18,[  0   0   0   0 184 167  18   0],7,258,945.4199829101562,0,0,Fuel/Ambient,84729960,1740862778
1740862778281879382,18,[  0   0   0   0 184 167  18   0],7,258,945.4199829101562,0,0,Fuel/Ambient,281199451,1740862778
1740862778477991355,18,[  0   0   0   0 184 166  18   0],7,258,945.4000244140625,0,0,Fuel/Ambient,477138170,1740862778
1740862778678349380,18,[  0   0   0   0 184 166  18   0],7,258,945.4000244140625,0,0,Fuel/Ambient,677848721,1740862778
1740862778885969318,18,[  0   0   0   0 184 166  18   0],7,258,945.4000244140625,0,0,Fuel/Ambient,885012993,1740862778
1740862779081632472,18,[  0   0   0   0 184 165  18   0],7,258,945.3800048828125,0,0,Fuel/Ambient,80980799,1740862779
1740862779287657176,18,[  0   0   0   0 184 165  18   0],7,258,945.3800048828125,0,0,Fuel/Ambient,286815448,1740862779
1740862779486173815,18,[  0   0   0   0 184 164  18   0],7,258,945.3599853515625,0,0,Fuel/Ambient,485676836,1740862779
1740862779684382730,18,[  0   0   0   0 184 164  18   0],7,258,945.3599853515625,0,0,Fuel/Ambient,683760338,1740862779
1740862779890550991,18,[  0   0   0   0 184 163  18   0],7,258,945.3400268554688,0,0,Fuel/Ambient,889705422,1740862779
1740862780085539588,18,[  0   0   0   0 184 163  18   0],7,258,945.3400268554688,0,0,Fuel/Ambient,84854538,1740862780
1740862780292004049,18,[  0   0   0   0 184 163  18   0],7,258,945.3400268554688,0,0,Fuel/Ambient,291314423,1740862780
1740862780487621981,18,[  0   0   0   0 184 163  18   0],7,258,945.3400268554688,0,0,Fuel/Ambient,486817182,1740862780
1740862780685120432,18,[  0   0   0   0 184 162  18   0],7,258,945.3200073242188,0,0,Fuel/Ambient,684683231,1740862780
1740862780892303801,18,[  0   0   0   0 184 162  18   0],7,258,945.3200073242188,0,0,Fuel/Ambient,891665568,1740862780
1740862781088280529,18,[  0   0   0   0 184 162  18   0],7,258,945.3200073242188,0,0,Fuel/Ambient,87230728,1740862781
1740862781293377061,18,[  0   0   0   0 184 163  18   0],7,258,945.3400268554688,0,0,Fuel/Ambient,292708395,1740862781
1740862781488993389,18,[  0   0   0   0 184 163  18   0],7,258,945.3400268554688,0,0,Fuel/Ambient,488249360,1740862781
1740862781687637449,18,[  0   0   0   0 184 163  18   0],7,258,945.3400268554688,0,0,Fuel/Ambient,687057715,1740862781
1740862781894025807,18,[  0   0   0   0 184 163  18   0],7,258,945.3400268554688,0,0,Fuel/Ambient,893515932,1740862781
1740862782093217663,18,[  0   0   0   0 184 163  18   0],7,258,945.3400268554688,0,0,Fuel/Ambient,92503907,1740862782
1740862782298187371,18,[  0   0   0   0 184 163  18   0],7,258,945.3400268554688,0,0,Fuel/Ambient,297722585,1740862782
1740862782492956974,18,[  0   0   0   0 184 163  18   0],7,258,945.3400268554688,0,0,Fuel/Ambient,492253491,1740862782
1740862782700760071,18,[  0   0   0   0 184 163  18   0],7,258,945.3400268554688,0,0,Fuel/Ambient,700113390,1740862782
1740862782896729625,18,[  0   0   0   0 184 163  18   0],7,258,945.3400268554688,0,0,Fuel/Ambient,895769940,1740862782
1740862783093518472,18,[  0   0   0   0 184 163  18   0],7,258,945.3400268554688,0,0,Fuel/Ambient,92729546,1740862783
1740862783299242413,18,[  0   0   0   0 184 163  18   0],7,258,945.3400268554688,0,0,Fuel/Ambient,298649206,1740862783
1740862783495623947,18,[  0   0   0   0 184 163  18   0],7,258,945.3400268554688,0,0,Fuel/Ambient,494632997,1740862783
1740862783703301595,18,[  0   0   0   0 184 163  18   0],7,258,945.3400268554688,0,0,Fuel/Ambient,702830505,1740862783
1740862783899195782,18,[  0   0   0   0 184 163  18   0],7,258,945.3400268554688,0,0,Fuel/Ambient,898668658,1740862783
1740862784104892425,18,[  0   0   0   0 184 163  18   0],7,258,945.3400268554688,0,0,Fuel/Ambient,104255728,1740862784
1740862784300737006,18,[  0   0   0   0 184 163  18   0],7,258,945.3400268554688,0,0,Fuel/Ambient,299995346,1740862784
1740862784506601685,18,[  0   0   0   0 184 162  18   0],7,258,945.3200073242188,0,0,Fuel/Ambient,505693714,1740862784
1740862784704257088,18,[  0   0   0   0 184 162  18   0],7,258,945.3200073242188,0,0,Fuel/Ambient,703464802,1740862784
1740862784899558513,18,[  0   0   0   0 184 161  18   0],7,258,945.2999877929688,0,0,Fuel/Ambient,899218532,1740862784
1740862785105268016,18,[  0   0   0   0 184 161  18   0],7,258,945.2999877929688,0,0,Fuel/Ambient,104597910,1740862785
1740862785300569757,18,[  0   0   0   0 184 160  18   0],7,258,945.280029296875,0,0,Fuel/Ambient,300094827,1740862785
1740862785506434144,18,[  0   0   0   0 184 160  18   0],7,258,945.280029296875,0,0,Fuel/Ambient,505868042,1740862785
1740862785705514334,18,[  0   0   0   0 184 160  18   0],7,258,945.280029296875,0,0,Fuel/Ambient,704978218,1740862785
1740862785901605130,18,[  0   0   0   0 184 159  18   0],7,258,945.260009765625,0,0,Fuel/Ambient,900983890,1740862785
1740862786108138725,18,[  0   0   0   0 184 159  18   0],7,258,945.260009765625,0,0,Fuel/Ambient,107336870,1740862786
1740862786303177348,18,[  0   0   0   0 184 160  18   0],7,258,945.280029296875,0,0,Fuel/Ambient,302521451,1740862786
1740862786509000258,18,[  0   0   0   0 184 160  18   0],7,258,945.280029296875,0,0,Fuel/Ambient,508323432,1740862786
1740862786706935089,18,[  0   0   0   0 184 160  18   0],7,258,945.280029296875,0,0,Fuel/Ambient,706259287,1740862786
1740862786913024984,18,[  0   0   0   0 184 160  18   0],7,258,945.280029296875,0,0,Fuel/Ambient,912351487,1740862786
1740862787109195617,18,[  0   0   0   0 184 160  18   0],7,258,945.280029296875,0,0,Fuel/Ambient,108506823,1740862787
1740862787315135616,18,[  0   0   0   0 184 160  18   0],7,258,945.280029296875,0,0,Fuel/Ambient,314610988,1740862787
1740862787510851446,18,[  0   0   0   0 184 160  18   0],7,258,945.280029296875,0,0,Fuel/Ambient,510258111,1740862787
1740862787709936301,18,[  0   0   0   0 184 161  18   0],7,258,945.2999877929688,0,0,Fuel/Ambient,709239282,1740862787
1740862787916250266,18,[  0   0   0   0 184 161  18   0],7,258,945.2999877929688,0,0,Fuel/Ambient,915700101,1740862787
1740862788112137332,18,[  0   0   0   0 184 162  18   0],7,258,945.3200073242188,0,0,Fuel/Ambient,111325397,1740862788
1740862788317837606,18,[  0   0   0   0 184 162  18   0],7,258,945.3200073242188,0,0,Fuel/Ambient,317150315,1740862788
1740862788514130766,18,[  0   0   0   0 184 163  18   0],7,258,945.3400268554688,0,0,Fuel/Ambient,513434676,1740862788
1740862788712186714,18,[  0   0   0   0 184 163  18   0],7,258,945.3400268554688,0,0,Fuel/Ambient,711410877,1740862788
1740862788918023505,18,[  0   0   0   0 184 164  18   0],7,258,945.3599853515625,0,0,Fuel/Ambient,917335959,1740862788
1740862789114209395,18,[  0   0   0   0 184 164  18   0],7,258,945.3599853515625,0,0,Fuel/Ambient,113381876,1740862789
1740862789319868800,18,[  0   0   0   0 184 165  18   0],7,258,945.3800048828125,0,0,Fuel/Ambient,319412974,1740862789
1740862789515643441,18,[  0   0   0   0 184 165  18   0],7,258,945.3800048828125,0,0,Fuel/Ambient,514941046,1740862789
1740862789723996324,18,[  0   0   0   0 184 166  18   0],7,258,945.4000244140625,0,0,Fuel/Ambient,723525298,1740862789
1740862789920190629,18,[  0   0   0   0 184 166  18   0],7,258,945.4000244140625,0,0,Fuel/Ambient,919517195,1740862789
1740862790115518947,18,[  0   0   0   0 184 166  18   0],7,258,945.4000244140625,0,0,Fuel/Ambient,114989231,1740862790
1740862790320937090,18,[  0   0   0   0 184 165  18   0],7,258,945.3800048828125,0,0,Fuel/Ambient,320489073,1740862790
1740862790516775826,18,[  0   0   0   0 184 165  18   0],7,258,945.3800048828125,0,0,Fuel/Ambient,516268223,1740862790
1740862790725704024,18,[  0   0   0   0 184 165  18   0],7,258,945.3800048828125,0,0,Fuel/Ambient,724978876,1740862790
1740862790921122200,18,[  0   0   0   0 184 165  18   0],7,258,945.3800048828125,0,0,Fuel/Ambient,920709416,1740862790
1740862791126952868,18,[  0   0   0   0 184 165  18   0],7,258,945.3800048828125,0,0,Fuel/Ambient,126515348,1740862791
1740862791323351590,18,[  0   0   0   0 184 165  18   0],7,258,945.3800048828125,0,0,Fuel/Ambient,322743471,1740862791
1740862791529219955,18,[  0   0   0   0 184 165  18   0],7,258,945.3800048828125,0,0,Fuel/Ambient,528488663,1740862791
1740862791729029624,18,[  0   0   0   0 184 166  18   0],7,258,945.4000244140625,0,0,Fuel/Ambient,728287067,1740862791
1740862791926355261,18,[  0   0   0   0 184 166  18   0],7,258,945.4000244140625,0,0,Fuel/Ambient,925647618,1740862791
1740862792132234504,18,[  0   0   0   0 184 166  18   0],7,258,945.4000244140625,0,0,Fuel/Ambient,131617232,1740862792
1740862792328353275,18,[  0   0   0   0 184 166  18   0],7,258,945.4000244140625,0,0,Fuel/Ambient,327608415,1740862792
1740862792525000419,18,[  0   0   0   0 184 166  18   0],7,258,945.4000244140625,0,0,Fuel/Ambient,523718994,1740862792
1740862792733314506,17,[  0   0   0   0 184 165  17   0],7,258,945.3800048828125,0,0,Fuel/Ambient,732573997,1740862792
1740862792929524833,17,[  0   0   0   0 184 165  17   0],7,258,945.3800048828125,0,0,Fuel/Ambient,928755715,1740862792
1740862793134744207,17,[  0   0   0   0 184 166  17   0],7,258,945.4000244140625,0,0,Fuel/Ambient,134014931,1740862793
1740862793330794460,17,[  0   0   0   0 184 166  17   0],7,258,945.4000244140625,0,0,Fuel/Ambient,330000734,1740862793
1740862793536895050,17,[  0   0   0   0 184 166  17   0],7,258,945.4000244140625,0,0,Fuel/Ambient,536405944,1740862793
1740862793735828006,17,[  0   0   0   0 184 166  17   0],7,258,945.4000244140625,0,0,Fuel/Ambient,734959429,1740862793
1740862793930931055,17,[  0   0   0   0 184 166  17   0],7,258,945.4000244140625,0,0,Fuel/Ambient,930603811,1740862793
1740862794136006132,17,[  0   0   0   0 184 167  17   0],7,258,945.4199829101562,0,0,Fuel/Ambient,135419837,1740862794
1740862794331615917,17,[  0   0   0   0 184 167  17   0],7,258,945.4199829101562,0,0,Fuel/Ambient,331065912,1740862794
1740862794536877783,17,[  0   0   0   0 184 168  17   0],7,258,945.4400024414062,0,0,Fuel/Ambient,536439750,1740862794
1740862794735404992,17,[  0   0   0   0 184 168  17   0],7,258,945.4400024414062,0,0,Fuel/Ambient,734435099,1740862794
1740862794941534251,17,[  0   0   0   0 184 168  17   0],7,258,945.4400024414062,0,0,Fuel/Ambient,940974006,1740862794
1740862795137870270,17,[  0   0   0   0 184 168  17   0],7,258,945.4400024414062,0,0,Fuel/Ambient,137246630,1740862795
1740862795333231146,17,[  0   0   0   0 184 168  17   0],7,258,945.4400024414062,0,0,Fuel/Ambient,332608018,1740862795
1740862795538952322,17,[  0   0   0   0 184 168  17   0],7,258,945.4400024414062,0,0,Fuel/Ambient,538504465,1740862795
1740862795736920690,17,[  0   0   0   0 184 168  17   0],7,258,945.4400024414062,0,0,Fuel/Ambient,736321147,1740862795
1740862795942770095,17,[  0   0   0   0 184 168  17   0],7,258,945.4400024414062,0,0,Fuel/Ambient,942085493,1740862795
1740862796137850830,17,[  0   0   0   0 184 169  17   0],7,258,945.4600219726562,0,0,Fuel/Ambient,137267384,1740862796
1740862796344231548,17,[  0   0   0   0 184 169  17   0],7,258,945.4600219726562,0,0,Fuel/Ambient,343420445,1740862796
1740862796540991130,17,[  0   0   0   0 184 170  17   0],7,258,945.47998046875,0,0,Fuel/Ambient,540392835,1740862796
1740862796739712803,17,[  0   0   0   0 184 170  17   0],7,258,945.47998046875,0,0,Fuel/Ambient,739262706,1740862796
1740862796946019342,17,[  0   0   0   0 184 170  17   0],7,258,945.47998046875,0,0,Fuel/Ambient,945312787,1740862796
1740862797142215220,17,[  0   0   0   0 184 171  17   0],7,258,945.5,0,0,Fuel/Ambient,141487448,1740862797
1740862797348095626,17,[  0   0   0   0 184 171  17   0],7,258,945.5,0,0,Fuel/Ambient,347451058,1740862797
1740862797543992932,17,[  0   0   0   0 184 171  17   0],7,258,945.5,0,0,Fuel/Ambient,543452559,1740862797
1740862797742738826,17,[  0   0   0   0 184 171  17   0],7,258,945.5,0,0,Fuel/Ambient,741842568,1740862797
1740862797948854698,17,[  0   0   0   0 184 171  17   0],7,258,945.5,0,0,Fuel/Ambient,948335094,1740862797
1740862798145159601,17,[  0   0   0   0 184 171  17   0],7,258,945.5,0,0,Fuel/Ambient,144430901,1740862798
1740862798351310639,17,[  0   0   0   0 184 171  17   0],7,258,945.5,0,0,Fuel/Ambient,350573298,1740862798
1740862798548440372,17,[  0   0   0   0 184 172  17   0],7,258,945.52001953125,0,0,Fuel/Ambient,547675510,1740862798
1740862798746246323,17,[  0   0   0   0 184 172  17   0],7,258,945.52001953125,0,0,Fuel/Ambient,745452788,1740862798
1740862798951763576,17,[  0   0   0   0 184 172  17   0],7,258,945.52001953125,0,0,Fuel/Ambient,951044220,1740862798
1740862799147395297,17,[  0   0   0   0 184 173  17   0],7,258,945.5399780273438,0,0,Fuel/Ambient,146629604,1740862799
1740862799352788062,17,[  0   0   0   0 184 173  17   0],7,258,945.5399780273438,0,0,Fuel/Ambient,352323917,1740862799
1740862799547301308,17,[  0   0   0   0 184 173  17   0],7,258,945.5399780273438,0,0,Fuel/Ambient,546825098,1740862799
